site,year,month,day,tx,tn,p,rad
Indiana,1972,1,1,6.623,-2.085,0,7.45
Indiana,1972,1,2,2.45,-3.212,3.31355929370147,9.44
Indiana,1972,1,3,5.36,-2.956,0,8.31
Indiana,1972,1,4,1.002,-4.786,5.40760755529845,2.37
Indiana,1972,1,5,-5.355,-17.217,1.77676797511594,9.63
Indiana,1972,1,6,-3.036,-13.748,0,9.93
Indiana,1972,1,7,0.775,-3.964,0,9.5
Indiana,1972,1,8,4.655,-10.63,0,9.51
Indiana,1972,1,9,7.593,3.649,1.32133364667197,4.15
Indiana,1972,1,10,7.777,-1.631,0,9.46
Indiana,1972,1,11,6.33,-5.337,0,6.81
Indiana,1972,1,12,8.85,-4.509,0,8.53
Indiana,1972,1,13,8.25,-6.427,10.9769344329784,4.13
Indiana,1972,1,14,-6.824,-17.374,0,10.87
Indiana,1972,1,15,-18.301,-26.307,0,11.49
Indiana,1972,1,16,-11.899,-30.803,0,10.66
Indiana,1972,1,17,0.402,-11.904,0,10.76
Indiana,1972,1,18,8.435,-0.785,0,3.88
Indiana,1972,1,19,8.995,-3.265,0,9.79
Indiana,1972,1,20,7.272,-0.684,2.26418972010833,3.86
Indiana,1972,1,21,5.527,-3.938,0,7.56
Indiana,1972,1,22,8.348,2.665,2.38276392013859,2.34
Indiana,1972,1,23,3.873,-2.611,3.11960076857076,3.68
Indiana,1972,1,24,13.159,-4.339,2.62364900765988,2.19
Indiana,1972,1,25,7.439,-15.691,0,11.93
Indiana,1972,1,26,-5.966,-12.962,0,10.02
Indiana,1972,1,27,-6.251,-11.45,6.1834096908342,3.12
Indiana,1972,1,28,-7.88,-16.677,2.88891100899491,11.97
Indiana,1972,1,29,-10.264,-22.317,0,12.34
Indiana,1972,1,30,-12.836,-16.131,0,12.81
Indiana,1972,1,31,-0.677,-20.341,0,11.68
Indiana,1972,2,1,0.74,-11.781,0,8.66
Indiana,1972,2,2,2.24,-5.084,0,10.39
Indiana,1972,2,3,0.642,-9.5,4.42036986351013,7.62
Indiana,1972,2,4,-10.572,-18.998,0,11.97
Indiana,1972,2,5,-3.044,-23.036,0,13.14
Indiana,1972,2,6,0.542,-8.116,4.67950999736289,6.28
Indiana,1972,2,7,-9.377,-20.828,0,14.75
Indiana,1972,2,8,-12.179,-25.619,0,12.61
Indiana,1972,2,9,-9.619,-20.643,0,14.39
Indiana,1972,2,10,-6.778,-18.281,0,9.95
Indiana,1972,2,11,0.588,-8.84,0,12.74
Indiana,1972,2,12,3.628,-0.985,0,11.53
Indiana,1972,2,13,1.306,-1.62,0,7.46
Indiana,1972,2,14,9.969,-4.738,0,14.58
Indiana,1972,2,15,5.938,-1.449,3.28867786282672,7.21
Indiana,1972,2,16,3.974,-7.408,0,14.73
Indiana,1972,2,17,10.228,-2.196,0,11.71
Indiana,1972,2,18,5.343,-5.156,3.05338501920005,6.23
Indiana,1972,2,19,-3.827,-8.862,0,14.96
Indiana,1972,2,20,0.877,-13.284,0,15.88
Indiana,1972,2,21,12.734,-1.302,0,9.34
Indiana,1972,2,22,6.996,-10.975,0,16.45
Indiana,1972,2,23,2.241,-4.982,5.26320934295654,3.5
Indiana,1972,2,24,2.114,-3.318,0,9.44
Indiana,1972,2,25,4.632,-4.327,0,12.11
Indiana,1972,2,26,0.961,-5.058,3.39076855590292,17.14
Indiana,1972,2,27,8.188,-6.929,0,15.03
Indiana,1972,2,28,16.679,-2.035,0,14.07
Indiana,1972,2,29,19.47,-0.94,0,16.29
Indiana,1972,3,1,17.309,12.787,0,5.73
Indiana,1972,3,2,14.318,-10.082,7.4013818630192,9.02
Indiana,1972,3,3,3.048,-10.532,0,17.88
Indiana,1972,3,4,3.49,-1.981,1.0889881675098,8.44
Indiana,1972,3,5,-2.038,-11.563,0,18.19
Indiana,1972,3,6,10.648,-7.968,0,14.03
Indiana,1972,3,7,12.692,5.824,0,9.4
Indiana,1972,3,8,3.974,-8.915,0,18.08
Indiana,1972,3,9,5.354,-7.725,0,10.43
Indiana,1972,3,10,2.884,-8.459,0,19.53
Indiana,1972,3,11,19.88,-1.377,0,18.14
Indiana,1972,3,12,19.101,12.461,0,10.02
Indiana,1972,3,13,13.696,1.862,43.2168900966303,2.91
Indiana,1972,3,14,5.564,-3.165,1.60089135005137,13.13
Indiana,1972,3,15,8.212,-4.309,1.05992257590515,7.71
Indiana,1972,3,16,9.579,1.957,6.16121292102889,10.4
Indiana,1972,3,17,9.676,1.723,1.9773870705535,10.87
Indiana,1972,3,18,5.949,-3.326,0,20.8
Indiana,1972,3,19,9.708,-5.645,0,20.64
Indiana,1972,3,20,19.527,3.387,1.25689595688527,19.23
Indiana,1972,3,21,18.849,11.54,2.03544199302996,9.61
Indiana,1972,3,22,12.648,2.653,2.58325507400059,7.76
Indiana,1972,3,23,1.833,-7.085,0,20.51
Indiana,1972,3,24,3.566,-8.353,0,21.29
Indiana,1972,3,25,6.881,-3.947,0,17.15
Indiana,1972,3,26,9.287,-5.32,0,18.84
Indiana,1972,3,27,9.368,1.42,8.76837372777572,8.93
Indiana,1972,3,28,8.323,-0.251,0,14.5
Indiana,1972,3,29,5.58,-1.1,11.3717287777035,6.14
Indiana,1972,3,30,4.798,-4.778,0,23.22
Indiana,1972,3,31,10.286,-3.208,0,21.65
Indiana,1972,4,1,4.482,-1.779,4.16038919900075,17.29
Indiana,1972,4,2,4.942,-2.576,0,14.24
Indiana,1972,4,3,12.962,-3.948,1.05321743285458,17.18
Indiana,1972,4,4,8.707,-4.612,3.31572328104812,24.35
Indiana,1972,4,5,14.558,0.462,0,23.31
Indiana,1972,4,6,21.136,5.11,0,19.7
Indiana,1972,4,7,16.748,-4.856,21.7632353305817,3.83
Indiana,1972,4,8,1.479,-9.663,0,25.21
Indiana,1972,4,9,9.011,-6.168,0,25.07
Indiana,1972,4,10,17.685,2.365,0,18.23
Indiana,1972,4,11,17.163,5.296,0,18.73
Indiana,1972,4,12,22.16,9.579,6.06068372725943,15.83
Indiana,1972,4,13,24.733,15.836,16.7174224865612,23.7
Indiana,1972,4,14,20.156,6.845,2.32034325599173,9.56
Indiana,1972,4,15,18.347,12.301,3.36094498629791,16.44
Indiana,1972,4,16,16.912,7.982,40.1782572268417,16.98
Indiana,1972,4,17,19.774,2.826,0,25.73
Indiana,1972,4,18,22.99,7.774,0,25.92
Indiana,1972,4,19,25.091,15.427,4.50668036864954,18.63
Indiana,1972,4,20,19.296,6.657,35.2200528647586,14.58
Indiana,1972,4,21,12.032,5.189,15.1213258504868,4.92
Indiana,1972,4,22,16.231,6.171,7.72379636754295,16.89
Indiana,1972,4,23,14.114,3.941,0,21.14
Indiana,1972,4,24,11.008,2.48,0,18.31
Indiana,1972,4,25,11.71,-1.023,0,27.85
Indiana,1972,4,26,15.496,-1.956,0,27.93
Indiana,1972,4,27,17.731,1.076,0,27.42
Indiana,1972,4,28,19.435,7.73,0,24.09
Indiana,1972,4,29,16.075,10.893,3.34601402278167,11.62
Indiana,1972,4,30,21.732,10.129,2.06510248085578,20.87
Indiana,1972,5,1,20.53,14.248,10.1745814084957,14.05
Indiana,1972,5,2,19.394,14.53,0,22.22
Indiana,1972,5,3,15.489,6.016,0,18.71
Indiana,1972,5,4,18.341,5.933,0,25.26
Indiana,1972,5,5,20.143,5.832,0,25.48
Indiana,1972,5,6,25.441,14.224,0,25.11
Indiana,1972,5,7,22.491,13.434,6.19625940527158,15.02
Indiana,1972,5,8,17.518,11.368,3.41727857340857,7.03
Indiana,1972,5,9,15.903,6.297,4.74531015714774,26
Indiana,1972,5,10,16.832,2.418,0,29.14
Indiana,1972,5,11,19.638,4.799,0,28.69
Indiana,1972,5,12,22.758,8.611,0,28.75
Indiana,1972,5,13,21.767,12.756,9.13327932357788,9.8
Indiana,1972,5,14,21.862,13.744,10.4952573774995,20.24
Indiana,1972,5,15,17.835,10.563,1.33076896565854,13.04
Indiana,1972,5,16,21.104,10.687,0,24.09
Indiana,1972,5,17,23.436,7.637,0,26.84
Indiana,1972,5,18,26.212,11.289,0,28.66
Indiana,1972,5,19,26.145,13.347,0,28.93
Indiana,1972,5,20,26.924,11.786,0,28.99
Indiana,1972,5,21,28.809,11.767,0,27.3
Indiana,1972,5,22,27.205,16.089,0,28.96
Indiana,1972,5,23,27.777,13.899,0,27.37
Indiana,1972,5,24,28.37,15.585,0,29.55
Indiana,1972,5,25,29.302,14.911,0,29.17
Indiana,1972,5,26,29.086,13.659,0,29.09
Indiana,1972,5,27,28.563,16.126,0,27.5
Indiana,1972,5,28,28.232,15.196,0,28.94
Indiana,1972,5,29,27.284,16.796,9.09844934940196,19
Indiana,1972,5,30,21.607,10.724,13.402134180069,17.79
Indiana,1972,5,31,13.948,6.42,1.27636194218894,8.79
Indiana,1972,6,1,22.422,7.328,0,29.94
Indiana,1972,6,2,27.396,13.148,0,23.93
Indiana,1972,6,3,30.303,17.544,0,27.28
Indiana,1972,6,4,29.866,18.741,3.07082533834091,27.62
Indiana,1972,6,5,27.37,15.663,0,22.03
Indiana,1972,6,6,27.226,19.157,10.5020139317844,26.71
Indiana,1972,6,7,25.298,13.435,0,30.09
Indiana,1972,6,8,24.214,14.759,0,19.84
Indiana,1972,6,9,27.974,16.646,5.36087908585614,22.93
Indiana,1972,6,10,20.038,10.911,5.69040220705119,30.35
Indiana,1972,6,11,20.926,6.064,0,30.54
Indiana,1972,6,12,27.388,12.984,0,24.44
Indiana,1972,6,13,29.794,20.195,3.25100806708178,23.78
Indiana,1972,6,14,30.776,22.665,1.1396132919117,25.53
Indiana,1972,6,15,28.265,17.686,12.142753655155,19.5
Indiana,1972,6,16,24.583,15.285,0,26.66
Indiana,1972,6,17,22.132,9.768,0,23.44
Indiana,1972,6,18,25.865,11.857,0,28.83
Indiana,1972,6,19,29.982,17.071,0,25.23
Indiana,1972,6,20,28.576,20.441,1.35729103658377,21.38
Indiana,1972,6,21,24.801,12.77,0,25.72
Indiana,1972,6,22,18.349,9.714,0,27.12
Indiana,1972,6,23,17.417,8.714,0,27.56
Indiana,1972,6,24,18.45,10.983,0,15.95
Indiana,1972,6,25,22.176,10.738,0,16.03
Indiana,1972,6,26,25.719,13.46,0,21.84
Indiana,1972,6,27,28.896,13.159,0,28.06
Indiana,1972,6,28,28.71,17.349,2.24217176435104,18.42
Indiana,1972,6,29,24.434,17.361,7.50451191208867,14.04
Indiana,1972,6,30,28.628,16.354,0,24.91
Indiana,1972,7,1,31.674,19.152,0,28.93
Indiana,1972,7,2,30.059,19.996,1.13686919212341,20.48
Indiana,1972,7,3,25.081,17.042,6.16444647300796,16.83
Indiana,1972,7,4,22.498,13.305,1.29449047545904,15.99
Indiana,1972,7,5,20.641,9.328,0,18.35
Indiana,1972,7,6,23.126,8.087,0,28.11
Indiana,1972,7,7,25.269,13.886,1.10121629245441,23.93
Indiana,1972,7,8,26.884,15.412,0,23.94
Indiana,1972,7,9,26.402,19.116,2.09269225592834,13.76
Indiana,1972,7,10,31.095,19.799,0,24.35
Indiana,1972,7,11,32.21,21.341,0,26.88
Indiana,1972,7,12,31.277,21.099,0,26.42
Indiana,1972,7,13,31.054,20.819,0,23.43
Indiana,1972,7,14,31.539,23.404,0,25.03
Indiana,1972,7,15,30.131,24.496,1.84046315371234,14.83
Indiana,1972,7,16,27.508,18.521,0,18.72
Indiana,1972,7,17,30.401,18.262,0,23.56
Indiana,1972,7,18,31.412,23.699,3.1851149784643,22.21
Indiana,1972,7,19,30.631,21.769,10.2697432041055,22.85
Indiana,1972,7,20,32.718,22.677,0,26.42
Indiana,1972,7,21,32.68,23.42,0,24.36
Indiana,1972,7,22,32.876,23.727,0,24.46
Indiana,1972,7,23,32.945,22.822,1.60812139500877,24.33
Indiana,1972,7,24,28.957,21.404,15.8268004655788,15.65
Indiana,1972,7,25,26.634,20.316,0,25.72
Indiana,1972,7,26,25.345,14.022,1.5607297420388,19.07
Indiana,1972,7,27,24.004,18.511,4.39496636380454,14.32
Indiana,1972,7,28,24.617,16.808,0,23.59
Indiana,1972,7,29,25.394,15.658,0,24.7
Indiana,1972,7,30,26.659,14.738,0,26.6
Indiana,1972,7,31,28.387,15.938,0,25.73
Indiana,1972,8,1,27.149,17.679,0,15.69
Indiana,1972,8,2,28.209,20.044,4.54336404800415,14.79
Indiana,1972,8,3,26.892,19.226,3.13753485676216,11.72
Indiana,1972,8,4,22.369,15.995,1.3394892215679,14.01
Indiana,1972,8,5,24.578,11.109,0,27.3
Indiana,1972,8,6,27.428,17.478,10.590588733578,9.76
Indiana,1972,8,7,24.422,18.704,14.9335205554912,15.32
Indiana,1972,8,8,22.84,14.668,2.43154168123283,11.15
Indiana,1972,8,9,21.565,11.273,0,22.09
Indiana,1972,8,10,22.229,8.582,0,26.8
Indiana,1972,8,11,26.865,13.388,0,22.96
Indiana,1972,8,12,27.057,19.556,18.5072592921074,15.96
Indiana,1972,8,13,29.288,17.91,1.23967230314292,21.82
Indiana,1972,8,14,30.023,20.516,1.60657791101571,21.15
Indiana,1972,8,15,26.672,21.679,1.57105997850948,13.58
Indiana,1972,8,16,29.239,14.339,0,23.91
Indiana,1972,8,17,31.807,22.202,0,22.52
Indiana,1972,8,18,31.942,22.643,0,23.54
Indiana,1972,8,19,30.016,22.106,4.00584022997919,17.91
Indiana,1972,8,20,29.061,19.462,0,23.47
Indiana,1972,8,21,30.876,20.734,0,23.39
Indiana,1972,8,22,30.188,23.132,9.02160406110397,20.85
Indiana,1972,8,23,27.423,21.519,12.8753781318665,12.65
Indiana,1972,8,24,25.961,20.41,10.3655288134519,17.4
Indiana,1972,8,25,28.716,17.808,2.4753382289191,20.71
Indiana,1972,8,26,24.286,20.417,6.09001489181082,15.95
Indiana,1972,8,27,23.34,19.175,1.64548440221779,12.91
Indiana,1972,8,28,26.981,16.785,0,20.65
Indiana,1972,8,29,29.09,15.491,0,22.12
Indiana,1972,8,30,29.057,16.758,0,22.84
Indiana,1972,8,31,28.464,17.098,0,20.62
Indiana,1972,9,1,28.023,17.236,1.12612524160838,19.66
Indiana,1972,9,2,24.294,14.239,9.63962972163657,5.89
Indiana,1972,9,3,17.385,13.129,1.23095810408813,5.54
Indiana,1972,9,4,20.971,11.549,0,19.99
Indiana,1972,9,5,23.052,10.867,0,21.34
Indiana,1972,9,6,24.711,12.195,0,22.27
Indiana,1972,9,7,27.341,16.525,0,15.22
Indiana,1972,9,8,25.475,20.709,9.51491594304343,15.18
Indiana,1972,9,9,22.326,14.694,0,20.69
Indiana,1972,9,10,23.451,10.806,0,21.2
Indiana,1972,9,11,28.309,15.039,0,16.4
Indiana,1972,9,12,27.653,20.027,4.56930696782365,14.99
Indiana,1972,9,13,30.544,22.328,0,18.41
Indiana,1972,9,14,25.659,21.029,33.4200710058212,10.43
Indiana,1972,9,15,23.93,10.922,0,17.77
Indiana,1972,9,16,27.229,16.451,0,19.78
Indiana,1972,9,17,29.12,21.676,0,18.22
Indiana,1972,9,18,28.959,20.711,0,12.23
Indiana,1972,9,19,26.962,19.162,0,13.73
Indiana,1972,9,20,27.346,14.374,0,19.12
Indiana,1972,9,21,23.538,15.04,3.38397140575353,5.59
Indiana,1972,9,22,19.311,9.666,0,20.35
Indiana,1972,9,23,18.798,11.365,14.2567187547797,4.78
Indiana,1972,9,24,24.156,18.03,4.82925176619986,8.85
Indiana,1972,9,25,23.284,19.55,8.50159525862182,5.25
Indiana,1972,9,26,25.183,20.122,8.03349018093513,8.26
Indiana,1972,9,27,21.388,15.976,0,4
Indiana,1972,9,28,24.543,15.146,0,12.8
Indiana,1972,9,29,22.366,14.179,5.43231905840003,5.23
Indiana,1972,9,30,12.871,5.334,2.69415378570059,18.69
Indiana,1972,10,1,18.786,5.924,0,17.27
Indiana,1972,10,2,22.243,9.788,0,17.57
Indiana,1972,10,3,22.267,12.658,0,15.33
Indiana,1972,10,4,19.779,14.652,7.26854801177979,7.81
Indiana,1972,10,5,19.643,11.989,0,7.57
Indiana,1972,10,6,20.247,11.287,0,9.29
Indiana,1972,10,7,16.38,10.542,0,14.81
Indiana,1972,10,8,20.652,9.388,0,16.73
Indiana,1972,10,9,15.393,6.023,0,16.38
Indiana,1972,10,10,17.832,5.748,0,14.67
Indiana,1972,10,11,20.811,13.089,8.23768973350525,9.54
Indiana,1972,10,12,18.473,13.386,13.3847415446553,10.92
Indiana,1972,10,13,14.754,6.471,0,14.08
Indiana,1972,10,14,19.031,10.794,0,10.84
Indiana,1972,10,15,12.679,3.325,0,15.54
Indiana,1972,10,16,18.733,8.614,1.70291066160644,14.4
Indiana,1972,10,17,16.716,5.458,0,15.62
Indiana,1972,10,18,5.35,1.938,3.07275354850844,3.54
Indiana,1972,10,19,5.742,-0.966,0,15.65
Indiana,1972,10,20,9.374,-2.777,0,13.88
Indiana,1972,10,21,9.854,5.985,4.05897307331315,1.58
Indiana,1972,10,22,16.369,9.278,15.2239799499512,3.11
Indiana,1972,10,23,15.612,8.156,6.49935967066995,4.4
Indiana,1972,10,24,8.273,6.288,0,2.01
Indiana,1972,10,25,8.345,4.826,0,7.68
Indiana,1972,10,26,12.324,1.297,0,14.2
Indiana,1972,10,27,15.056,2.681,1.21015310287476,6.17
Indiana,1972,10,28,12.669,10.673,2.27239727973938,1.57
Indiana,1972,10,29,10.771,7.785,1.08863413333893,5.17
Indiana,1972,10,30,10.671,6.627,0,3.98
Indiana,1972,10,31,9.18,6.368,0,1.42
Indiana,1972,11,1,12.548,7.386,5.85886836051941,2.15
Indiana,1972,11,2,18.108,10.459,9.34005464080201,11.39
Indiana,1972,11,3,11.21,4.139,0,5.92
Indiana,1972,11,4,8.396,4.966,0,6.53
Indiana,1972,11,5,10.938,2.162,0,10.85
Indiana,1972,11,6,16.028,3.393,0,11.15
Indiana,1972,11,7,12.826,8.939,16.9486641883623,1.04
Indiana,1972,11,8,8.494,5.98,0,4.09
Indiana,1972,11,9,9.405,5.806,0,5.63
Indiana,1972,11,10,8.751,4.005,4.6161481036151,3.42
Indiana,1972,11,11,8.126,4.25,0,7.73
Indiana,1972,11,12,8.061,3.493,0,4.94
Indiana,1972,11,13,6.303,4.556,21.3842609759354,0.71
Indiana,1972,11,14,4.802,1.09,18.9613759517329,3.64
Indiana,1972,11,15,2.095,-2.005,0,10.68
Indiana,1972,11,16,3.339,-3.291,0,7.34
Indiana,1972,11,17,3.211,-1.581,0,6.55
Indiana,1972,11,18,3.377,-1.354,0,7.79
Indiana,1972,11,19,2.01,0.716,8.66301655770485,1.97
Indiana,1972,11,20,4.787,-0.857,1.19999051094055,8.69
Indiana,1972,11,21,3.377,-0.885,0,4.9
Indiana,1972,11,22,2.455,-4.334,0,8.1
Indiana,1972,11,23,0.061,-4.674,0,7.58
Indiana,1972,11,24,5.899,-4.441,0,10.34
Indiana,1972,11,25,1.959,0.484,7.19411207711573,2.63
Indiana,1972,11,26,0.738,-0.91,5.46180009837371,4.6
Indiana,1972,11,27,1.158,-2.684,1.9996136426812,7.98
Indiana,1972,11,28,-1.256,-5.343,0,9.97
Indiana,1972,11,29,0.548,-8.59,0,9.43
Indiana,1972,11,30,2.332,-5.772,0,10.04
Indiana,1972,12,1,4.518,-4.254,0,5.51
Indiana,1972,12,2,9.674,-9.708,0,9.41
Indiana,1972,12,3,7.531,-0.148,0,7.12
Indiana,1972,12,4,-0.906,-4.949,7.91001356935794,1.42
Indiana,1972,12,5,1.444,-3.975,0,5.16
Indiana,1972,12,6,0.769,-12.81,13.6590003967285,8.89
Indiana,1972,12,7,-5.622,-20.667,0,9.36
Indiana,1972,12,8,0.686,-5.706,4.60041463367133,3.37
Indiana,1972,12,9,-0.328,-9.249,0,6.53
Indiana,1972,12,10,-6.817,-12.995,2.01684236526489,6.14
Indiana,1972,12,11,-11.721,-23.356,0,9.08
Indiana,1972,12,12,2.541,-10.873,16.4009779691128,1.31
Indiana,1972,12,13,1.744,-7.943,5.86627423763275,5.07
Indiana,1972,12,14,-5.64,-9.612,0,5.24
Indiana,1972,12,15,-4.216,-8.982,2.03921681543306,4.44
Indiana,1972,12,16,-9.403,-17.234,0,9.41
Indiana,1972,12,17,-8.977,-23.622,0,9.59
Indiana,1972,12,18,1.507,-9.053,0,8.5
Indiana,1972,12,19,2.636,0.22,1.71064138402244,2.09
Indiana,1972,12,20,2.616,0.655,1.8275469595892,1.56
Indiana,1972,12,21,2.572,0.805,0,3.31
Indiana,1972,12,22,2.38,-0.751,0,4.14
Indiana,1972,12,23,3.34,-1.318,0,4.87
Indiana,1972,12,24,2.523,-0.994,1.14831328392029,2.89
Indiana,1972,12,25,2.861,-1.033,0,4.68
Indiana,1972,12,26,1.315,-2.421,2.31990758732081,3.2
Indiana,1972,12,27,5.903,-6.51,0,8.8
Indiana,1972,12,28,5.205,-1.646,0,7.13
Indiana,1972,12,29,8.325,-0.51,5.30790131506365,3.62
Indiana,1972,12,30,13.056,8.624,13.3423389059999,1.97
Indiana,1972,12,31,12.292,-0.354,3.21233678829458,8.93
Indiana,1973,1,1,1.352,-4.766,0,9.38
Indiana,1973,1,2,0.964,-7.032,0,9.63
Indiana,1973,1,3,6.276,-4.823,14.9137220161037,1.29
Indiana,1973,1,4,8.096,-3.863,3.51611179809197,4.48
Indiana,1973,1,5,-4.465,-10.714,0,6.53
Indiana,1973,1,6,-5.74,-11.155,0,7.08
Indiana,1973,1,7,-4.421,-9.237,0,5.55
Indiana,1973,1,8,-2.823,-6.848,0,7.53
Indiana,1973,1,9,-5.419,-11.774,0,10.12
Indiana,1973,1,10,-6.065,-13.912,0,7.6
Indiana,1973,1,11,-5.529,-9.908,0,9.49
Indiana,1973,1,12,-1.379,-12.177,0,10.32
Indiana,1973,1,13,3.926,-5.856,0,10.06
Indiana,1973,1,14,5.618,-3.02,0,7.74
Indiana,1973,1,15,3.472,-0.077,1.24239623539779,4.39
Indiana,1973,1,16,9.647,-0.355,0,10.16
Indiana,1973,1,17,13.05,4.116,0,5.77
Indiana,1973,1,18,14.068,7.362,0,5.63
Indiana,1973,1,19,12.005,0.103,2.88033735728277,3.91
Indiana,1973,1,20,2.579,-3.804,0,8.32
Indiana,1973,1,21,3.665,-3.831,9.12553880260702,2.72
Indiana,1973,1,22,7.421,2.953,5.90677717826793,4.05
Indiana,1973,1,23,2.087,-1.434,1.66867180723784,3.25
Indiana,1973,1,24,5.075,-4.843,0,11.31
Indiana,1973,1,25,11.407,-2.62,0,11.31
Indiana,1973,1,26,9.843,-2.414,0,4.78
Indiana,1973,1,27,9.783,0.606,0,7.34
Indiana,1973,1,28,6.294,-3.595,9.24240350718719,2.28
Indiana,1973,1,29,-2.485,-6.856,0,10.58
Indiana,1973,1,30,1.046,-8.761,0,12.31
Indiana,1973,1,31,5.335,-4.024,0,6.05
Indiana,1973,2,1,9.933,4.523,6.6893982072429,2.32
Indiana,1973,2,2,10.665,4.368,7.82880726592339,2.62
Indiana,1973,2,3,6.205,-2.045,1.20686306036077,12.66
Indiana,1973,2,4,11.615,-0.638,0,12.19
Indiana,1973,2,5,11.917,0.745,0,10.98
Indiana,1973,2,6,8.008,2.241,0,5.81
Indiana,1973,2,7,4.189,-1.051,1.85925960539635,3.4
Indiana,1973,2,8,-0.065,-7.974,2.00664778014925,10.86
Indiana,1973,2,9,-3.103,-12.282,0,14.5
Indiana,1973,2,10,-1.417,-10.671,0,9.84
Indiana,1973,2,11,0.248,-9.681,0,14.11
Indiana,1973,2,12,5.197,-7.637,0,14.65
Indiana,1973,2,13,3.646,-3.179,1.21109783646034,4.14
Indiana,1973,2,14,3.353,0.926,2.42597601379657,1.64
Indiana,1973,2,15,2.192,-6.392,3.82308377243135,7.33
Indiana,1973,2,16,-7.288,-13.221,0,9.8
Indiana,1973,2,17,-3.67,-13.652,0,15.65
Indiana,1973,2,18,2.384,-6.636,0,12.6
Indiana,1973,2,19,6.309,-2.564,0,12.15
Indiana,1973,2,20,3.533,0.276,1.72289499003497,9.24
Indiana,1973,2,21,0.646,-2.97,0,12.27
Indiana,1973,2,22,6.463,-7.512,0,12.84
Indiana,1973,2,23,4.259,-2.756,0,10.79
Indiana,1973,2,24,8.862,-4.725,0,16.18
Indiana,1973,2,25,12.767,0.178,0,12.45
Indiana,1973,2,26,8.569,-1.451,0,3.58
Indiana,1973,2,27,4.819,-3.242,0,14.16
Indiana,1973,2,28,8.972,-5.046,0,16.51
Indiana,1973,3,1,12.579,0.875,0,12.95
Indiana,1973,3,2,13.161,5.294,1.20046722742018,7.46
Indiana,1973,3,3,13.538,8.642,3.2909155543166,4.03
Indiana,1973,3,4,12.336,7.259,0,4.23
Indiana,1973,3,5,14.825,7.741,13.1201177834441,7.91
Indiana,1973,3,6,20.903,4.752,0,14.7
Indiana,1973,3,7,18.849,11.296,15.3624117373852,14.69
Indiana,1973,3,8,16.485,3.324,0,18.35
Indiana,1973,3,9,11.897,3.579,11.729071321497,3.51
Indiana,1973,3,10,19.588,7.969,4.86386936546523,6.14
Indiana,1973,3,11,18.52,13.725,34.9966919753797,7.48
Indiana,1973,3,12,12.846,6.656,0,9.59
Indiana,1973,3,13,16.661,3.805,0,14.09
Indiana,1973,3,14,20.689,13.81,4.64763045300742,11
Indiana,1973,3,15,18.506,13.643,0,18.34
Indiana,1973,3,16,13.799,6.267,3.18884253499618,8.58
Indiana,1973,3,17,6.9,-1.427,23.4969324103531,10.42
Indiana,1973,3,18,2.425,-6.107,0,21.93
Indiana,1973,3,19,6.278,-8.236,0,20.32
Indiana,1973,3,20,6.728,-1.083,0,17.45
Indiana,1973,3,21,6.439,-4.454,0,21.49
Indiana,1973,3,22,9.236,-5.045,0,21.66
Indiana,1973,3,23,11.184,-2.113,0,19.41
Indiana,1973,3,24,16.46,2.313,0,18.44
Indiana,1973,3,25,13.371,6.918,21.0655510424544,3.24
Indiana,1973,3,26,15.538,6.223,2.09468603122787,14.14
Indiana,1973,3,27,14.637,-0.375,0,22.52
Indiana,1973,3,28,14.382,4.033,2.21339464184211,9.79
Indiana,1973,3,29,15.963,7.609,18.8994139431884,11.23
Indiana,1973,3,30,14.38,6.842,0,13.49
Indiana,1973,3,31,14.848,7.745,10.1127508370382,4.93
Indiana,1973,4,1,15.034,7.481,6.45524210750636,15.25
Indiana,1973,4,2,11.042,6.115,2.78058648109436,4.99
Indiana,1973,4,3,8.917,4.726,0,5.68
Indiana,1973,4,4,7.847,1.863,3.18326624847032,8.77
Indiana,1973,4,5,11.719,1.278,0,14.27
Indiana,1973,4,6,17.964,5.113,0,24.1
Indiana,1973,4,7,16.552,5.984,0,13.95
Indiana,1973,4,8,14.015,3.717,2.07058297257845,19.9
Indiana,1973,4,9,12.317,4.85,14.4314944743087,9.55
Indiana,1973,4,10,5.382,-1.275,2.26813395414638,15.39
Indiana,1973,4,11,7.936,-4.272,0,21.44
Indiana,1973,4,12,7.908,1.043,7.72139728064758,17.5
Indiana,1973,4,13,8.137,-3.505,0,25.68
Indiana,1973,4,14,13.136,-1.866,0,25.75
Indiana,1973,4,15,20.271,5.174,0,18.4
Indiana,1973,4,16,18.95,13.818,12.8881424665401,9.21
Indiana,1973,4,17,17.473,-0.448,0,18.28
Indiana,1973,4,18,19.016,10.785,7.2380989789167,10.89
Indiana,1973,4,19,22.468,14.037,3.19434404366348,10.66
Indiana,1973,4,20,24.094,17.482,1.01900398726684,12.81
Indiana,1973,4,21,22.176,18.36,5.72903752316734,8.54
Indiana,1973,4,22,20.518,16.861,17.4008919342441,13.88
Indiana,1973,4,23,20.458,10.216,0,18.24
Indiana,1973,4,24,18.404,6.744,0,25.26
Indiana,1973,4,25,16.329,7.918,0,20.66
Indiana,1973,4,26,16.143,5.295,0,20.8
Indiana,1973,4,27,13.102,8.084,0,19.57
Indiana,1973,4,28,13.676,1.765,0,26.98
Indiana,1973,4,29,20.899,3.591,0,22.11
Indiana,1973,4,30,22.083,11.699,17.6184058188369,16.18
Indiana,1973,5,1,21.367,16.699,1.76697856023722,10.87
Indiana,1973,5,2,19.592,12.898,5.14261126511428,15.38
Indiana,1973,5,3,14.159,6.588,0,19.2
Indiana,1973,5,4,15.068,3.396,0,28.62
Indiana,1973,5,5,16.331,0.991,0,27.1
Indiana,1973,5,6,15.972,9.506,0,8.82
Indiana,1973,5,7,15.262,13.538,16.1721289157981,3.96
Indiana,1973,5,8,20.612,14.587,10.2849632963853,17.2
Indiana,1973,5,9,24.999,11.355,0,23.98
Indiana,1973,5,10,23.051,12.836,1.03484094148598,22.88
Indiana,1973,5,11,20.209,11.182,0,25.34
Indiana,1973,5,12,16.64,9.089,1.23039464599017,21.25
Indiana,1973,5,13,13.324,8.491,0,12.37
Indiana,1973,5,14,13.897,4.218,3.28758358955383,22.93
Indiana,1973,5,15,15.733,1.226,0,28.57
Indiana,1973,5,16,17.64,8.166,1.25724077224731,18.71
Indiana,1973,5,17,14.605,1.223,0,23.67
Indiana,1973,5,18,17.862,4.524,0,18.96
Indiana,1973,5,19,19.953,11.102,18.6312679086313,17.19
Indiana,1973,5,20,20.303,8.387,0,23.35
Indiana,1973,5,21,22.997,7.912,0,23.43
Indiana,1973,5,22,23.901,15.073,5.16894629254239,17.48
Indiana,1973,5,23,22.312,16.326,8.48837294535087,11.22
Indiana,1973,5,24,22.759,13.968,0,25.54
Indiana,1973,5,25,22.881,15.1,2.53923833366798,24.22
Indiana,1973,5,26,22.605,9.167,0,26.68
Indiana,1973,5,27,20.915,15.954,27.8267949814222,7.56
Indiana,1973,5,28,20.393,13.046,10.0405514236286,12.59
Indiana,1973,5,29,18.705,12.433,11.5102986314355,12.91
Indiana,1973,5,30,15.771,9.812,8.06005597104331,11.06
Indiana,1973,5,31,22.642,8.47,0,27.76
Indiana,1973,6,1,24.97,12.384,0,26.7
Indiana,1973,6,2,26.671,12.857,0,27.47
Indiana,1973,6,3,28.291,19.372,9.94794666758025,22.84
Indiana,1973,6,4,26.671,19.34,5.65312802791595,17.79
Indiana,1973,6,5,24.894,19.516,31.3466382856973,11.46
Indiana,1973,6,6,24.519,16.784,3.25796000487344,21.93
Indiana,1973,6,7,25.95,13.815,0,29.02
Indiana,1973,6,8,27.475,16.404,0,29.51
Indiana,1973,6,9,29.014,18.56,0,26.87
Indiana,1973,6,10,29.608,19.533,0,29.12
Indiana,1973,6,11,29.975,20.53,0,26.11
Indiana,1973,6,12,29.613,21.044,2.67900526512221,25.1
Indiana,1973,6,13,25.693,16.809,0,28.51
Indiana,1973,6,14,26.434,13.983,0,30.37
Indiana,1973,6,15,25.835,18.17,3.64332493614938,14.59
Indiana,1973,6,16,30.838,21.297,1.30009651184082,24.32
Indiana,1973,6,17,29.743,20.199,5.26900887484771,16.45
Indiana,1973,6,18,28.822,15.875,0,29.81
Indiana,1973,6,19,27.15,21.261,7.92632576110464,15.23
Indiana,1973,6,20,26.219,19.599,3.77636483290189,27.31
Indiana,1973,6,21,25.288,15.519,0,25.37
Indiana,1973,6,22,23.788,15.253,0,22.02
Indiana,1973,6,23,26.043,13.583,0,26.63
Indiana,1973,6,24,26.076,17.902,0,25.46
Indiana,1973,6,25,29.335,14.828,0,26.69
Indiana,1973,6,26,27.99,22.499,0,14.68
Indiana,1973,6,27,25.476,18.617,47.8429598173626,16.45
Indiana,1973,6,28,21.094,17.426,7.64535367488861,17.83
Indiana,1973,6,29,22.473,13.845,0,22.44
Indiana,1973,6,30,24.528,13.593,0,23.33
Indiana,1973,7,1,28.151,15.947,0,24.78
Indiana,1973,7,2,30.617,21.127,6.17792010319818,24.59
Indiana,1973,7,3,30.288,20.609,2.67574070539922,19.3
Indiana,1973,7,4,25.785,21.832,5.3584882305131,15.84
Indiana,1973,7,5,26.914,15.867,0,25.79
Indiana,1973,7,6,28.43,16.334,0,28.53
Indiana,1973,7,7,29.47,17.664,0,27.99
Indiana,1973,7,8,30.729,18.59,0,28.51
Indiana,1973,7,9,31.687,20.057,0,26.26
Indiana,1973,7,10,29.701,21.78,0,24.08
Indiana,1973,7,11,25.473,16.735,0,29.6
Indiana,1973,7,12,27.582,13.038,0,28.94
Indiana,1973,7,13,31.09,20.048,0,28.94
Indiana,1973,7,14,28.913,20.595,0,23.97
Indiana,1973,7,15,25.635,17.322,0,21.23
Indiana,1973,7,16,26.583,15.128,0,27.01
Indiana,1973,7,17,28.43,15.875,0,26.74
Indiana,1973,7,18,28.68,18.519,0,20.55
Indiana,1973,7,19,30.129,20.463,0,21.05
Indiana,1973,7,20,28.998,21.655,29.3702641658911,11.61
Indiana,1973,7,21,24.639,20.148,39.1833335161209,5.3
Indiana,1973,7,22,25.973,20.248,3.00194244755403,10.75
Indiana,1973,7,23,29.115,20.26,0,17.91
Indiana,1973,7,24,28.909,21.703,7.6354635659186,20.44
Indiana,1973,7,25,30.042,21.944,5.69952745951241,21.07
Indiana,1973,7,26,27.246,21.766,2.40428828692529,21.26
Indiana,1973,7,27,28.138,19.738,0,26
Indiana,1973,7,28,25.563,19.173,0,20.44
Indiana,1973,7,29,25.636,13.823,0,24.15
Indiana,1973,7,30,27.811,19.117,11.5275020444869,18.01
Indiana,1973,7,31,25.154,20.062,26.802010039205,13.88
Indiana,1973,8,1,22.288,16.958,0,18.69
Indiana,1973,8,2,22.913,15.227,1.04558765877982,17.47
Indiana,1973,8,3,23.624,15.016,1.07312086146294,21.13
Indiana,1973,8,4,26.015,15.784,0,25.9
Indiana,1973,8,5,26.761,17.435,0,22.25
Indiana,1973,8,6,27.529,17.61,0,22.78
Indiana,1973,8,7,28.375,17.943,0,23.16
Indiana,1973,8,8,30.475,22.256,0,23.21
Indiana,1973,8,9,28.877,23.077,15.4688745737026,17.13
Indiana,1973,8,10,27.033,20.727,2.23819540599379,23.06
Indiana,1973,8,11,28.587,19.3,21.8597888946306,18.1
Indiana,1973,8,12,26.998,20.29,1.3307213782241,19.48
Indiana,1973,8,13,26.835,16.001,0,25.85
Indiana,1973,8,14,25.19,19.008,11.7423133477814,14.63
Indiana,1973,8,15,25.755,17.506,0,21.48
Indiana,1973,8,16,25.923,16.663,0,21.33
Indiana,1973,8,17,27.209,15.887,0,22.69
Indiana,1973,8,18,28.01,18.467,0,23.23
Indiana,1973,8,19,28.84,19.565,0,20.5
Indiana,1973,8,20,26.85,21.743,4.8968292410656,22.78
Indiana,1973,8,21,23.105,15.079,0,24.15
Indiana,1973,8,22,21.991,13.787,0,23.71
Indiana,1973,8,23,24.007,13.009,0,18.56
Indiana,1973,8,24,24.372,17.448,11.8490546941707,9.83
Indiana,1973,8,25,29.332,19.929,0,17.16
Indiana,1973,8,26,32.088,21.817,0,23.19
Indiana,1973,8,27,32.244,23.386,0,20.21
Indiana,1973,8,28,31.236,22.353,0,22.29
Indiana,1973,8,29,31.038,20.143,0,21.11
Indiana,1973,8,30,28.734,21.983,16.3281798361936,13.57
Indiana,1973,8,31,30.073,21.594,0,20.93
Indiana,1973,9,1,29.985,22.149,0,20.18
Indiana,1973,9,2,30.512,21.368,0,21.02
Indiana,1973,9,3,30.196,21.106,0,20.25
Indiana,1973,9,4,29.419,20.651,0,18.72
Indiana,1973,9,5,27.545,20.433,0,16.17
Indiana,1973,9,6,24.828,16.373,0,19.15
Indiana,1973,9,7,23.937,11.239,0,22.01
Indiana,1973,9,8,21.737,15.258,7.97364280816737,6.57
Indiana,1973,9,9,19.625,17.019,2.4333149194149,6.66
Indiana,1973,9,10,23.618,12.144,0,21.2
Indiana,1973,9,11,24.702,16.018,0,18.84
Indiana,1973,9,12,21.523,10.749,0,19.28
Indiana,1973,9,13,24.56,13.006,0,17.67
Indiana,1973,9,14,24.237,14.361,12.2903853654179,18.9
Indiana,1973,9,15,23.144,12.004,0,20.07
Indiana,1973,9,16,19.463,12.68,0,5.89
Indiana,1973,9,17,19.756,13.975,6.40651583660201,8.08
Indiana,1973,9,18,16.351,8.714,0,13.19
Indiana,1973,9,19,18.897,9.7,0,17.23
Indiana,1973,9,20,18.177,12.773,0,11.73
Indiana,1973,9,21,23.824,10.987,0,12.03
Indiana,1973,9,22,23.186,20.151,4.84086801310468,6.22
Indiana,1973,9,23,24.278,10.581,0,15.53
Indiana,1973,9,24,27.405,14.188,0,15.5
Indiana,1973,9,25,27.686,20.135,3.970108811302,13.17
Indiana,1973,9,26,28.003,19.684,7.1746587736925,16.81
Indiana,1973,9,27,27.003,18.823,0,11.08
Indiana,1973,9,28,27.345,19.593,5.12004792682319,12.42
Indiana,1973,9,29,22.819,20.529,17.4078475590704,5.14
Indiana,1973,9,30,23.687,16.316,0,10.8
Indiana,1973,10,1,22.776,15.657,4.69721821161784,7.01
Indiana,1973,10,2,21.474,15.576,8.4752610004557,13.25
Indiana,1973,10,3,23.759,12.249,1.0959804058075,10.16
Indiana,1973,10,4,21.658,17.517,4.15928959836265,3.37
Indiana,1973,10,5,18.351,9.216,0,17.52
Indiana,1973,10,6,19.353,8.353,0,14.01
Indiana,1973,10,7,23.261,13.792,1.05168819426993,8.09
Indiana,1973,10,8,23.691,16.345,0,9.6
Indiana,1973,10,9,24.936,16.436,0,12.14
Indiana,1973,10,10,26.312,16.367,0,14.46
Indiana,1973,10,11,26.104,16.921,0,15.74
Indiana,1973,10,12,21.905,18.326,3.33601236343384,4.6
Indiana,1973,10,13,19.188,17.46,18.6090302769344,3.28
Indiana,1973,10,14,21.458,8.579,0,15.83
Indiana,1973,10,15,22.998,13.835,0,15.11
Indiana,1973,10,16,16.784,8.357,0,16.4
Indiana,1973,10,17,13.695,3.857,0,15.69
Indiana,1973,10,18,15.031,9.593,0,14.68
Indiana,1973,10,19,21.68,5.097,0,14.71
Indiana,1973,10,20,19.213,8.125,0,11.08
Indiana,1973,10,21,16.874,4.98,0,14.88
Indiana,1973,10,22,19.009,4.517,0,14.7
Indiana,1973,10,23,21.149,5.225,0,14.43
Indiana,1973,10,24,23.105,10.655,0,14.08
Indiana,1973,10,25,20.171,14.823,0,11.34
Indiana,1973,10,26,17.978,7.809,0,13.55
Indiana,1973,10,27,14.525,7.644,9.46037614897932,3.48
Indiana,1973,10,28,12.656,5.25,0,11.54
Indiana,1973,10,29,11.019,2.599,2.7723741291652,3.37
Indiana,1973,10,30,12.238,8.847,2.27499902247885,4.09
Indiana,1973,10,31,11.097,7.08,14.7824765635391,1.9
Indiana,1973,11,1,11.414,5.203,0,9.2
Indiana,1973,11,2,15.287,6.921,0,6.94
Indiana,1973,11,3,10.116,2.939,0,12.23
Indiana,1973,11,4,8.87,0.199,0,9.81
Indiana,1973,11,5,6.263,0.019,0,12.82
Indiana,1973,11,6,4.331,-4.545,0,12.27
Indiana,1973,11,7,8.099,-2.354,0,9.77
Indiana,1973,11,8,6.782,2.8,0,6
Indiana,1973,11,9,2.283,-3.845,0,10.3
Indiana,1973,11,10,2.787,-4.955,0,11.44
Indiana,1973,11,11,7.851,-3.007,0,10.78
Indiana,1973,11,12,13.314,4.993,0,6.7
Indiana,1973,11,13,17.409,8.242,0,9.1
Indiana,1973,11,14,17.693,10.856,0,3.45
Indiana,1973,11,15,18.481,10.058,5.54846525187713,5.51
Indiana,1973,11,16,7.495,2.841,0,9.48
Indiana,1973,11,17,9.822,-0.662,0,10.69
Indiana,1973,11,18,13.44,5.324,1.28479599942466,4.59
Indiana,1973,11,19,12.439,6.121,0,7.85
Indiana,1973,11,20,16.617,5.998,0,7.8
Indiana,1973,11,21,16.638,9.428,14.6586835384319,4.14
Indiana,1973,11,22,16.643,5.002,0,9.48
Indiana,1973,11,23,14.555,6.609,0,9.09
Indiana,1973,11,24,17.45,7.991,21.9191193579604,0.96
Indiana,1973,11,25,14.87,5.382,18.6336696147009,3.65
Indiana,1973,11,26,13.257,3.551,5.51331043243408,4.83
Indiana,1973,11,27,14.628,9.585,1.37280523767913,5.24
Indiana,1973,11,28,11.472,2.285,7.4964791535308,5.9
Indiana,1973,11,29,6.455,-1.678,0,9.78
Indiana,1973,11,30,12.441,3.872,0,8.85
Indiana,1973,12,1,7.089,-1.123,0,9.48
Indiana,1973,12,2,15.058,2.326,0,9.21
Indiana,1973,12,3,15.635,8.664,0,7.14
Indiana,1973,12,4,15.101,10.013,25.7466072477541,2.29
Indiana,1973,12,5,12.731,0.989,1.58509349711267,2.58
Indiana,1973,12,6,0.557,-2.574,0,4.1
Indiana,1973,12,7,2.239,-2.631,0,4.78
Indiana,1973,12,8,3.669,-1.032,0,7.23
Indiana,1973,12,9,2.705,-3.858,0,5
Indiana,1973,12,10,1.063,-6.148,0,4.77
Indiana,1973,12,11,-1.662,-10.881,0,5.75
Indiana,1973,12,12,6.246,-4.78,0,8.41
Indiana,1973,12,13,7.858,1.05,11.5499556064265,1.56
Indiana,1973,12,14,1.102,-4.25,0,8.15
Indiana,1973,12,15,-1.374,-4.088,4.09887730984337,3.7
Indiana,1973,12,16,-3.657,-8.282,0,8.11
Indiana,1973,12,17,-6.035,-13.401,0,9.35
Indiana,1973,12,18,-3.342,-11.563,0,3.74
Indiana,1973,12,19,-2.803,-5.071,29.0518638066715,2.24
Indiana,1973,12,20,-2.787,-7.211,13.4433686732223,8.33
Indiana,1973,12,21,-7.951,-15.68,0,7.67
Indiana,1973,12,22,-3.674,-20.973,0,7.95
Indiana,1973,12,23,-2.69,-9.61,0,8.36
Indiana,1973,12,24,3.731,-5.045,1.38676515592806,4.18
Indiana,1973,12,25,7.211,3.521,7.78171234884439,2.92
Indiana,1973,12,26,2.66,-7.918,13.2877664141802,3.44
Indiana,1973,12,27,0.769,-0.842,7.51619040966034,4.91
Indiana,1973,12,28,2.49,-4.558,0,4.24
Indiana,1973,12,29,2.392,-6.246,1.28320162730233,5.78
Indiana,1973,12,30,-6.057,-13.47,1.84981822957297,5.62
Indiana,1973,12,31,-6.781,-11.409,6.48678839206696,8.22
Indiana,1974,1,1,-9.2,-19.513,1.78776681423187,9.49
Indiana,1974,1,2,-10.415,-22.094,0,7.73
Indiana,1974,1,3,-6.627,-14.043,0,6.31
Indiana,1974,1,4,-6.941,-21.821,0,10.25
Indiana,1974,1,5,-7.815,-23.27,0,7.52
Indiana,1974,1,6,-6.459,-16.606,0,6.55
Indiana,1974,1,7,-8.014,-13.462,0,7.45
Indiana,1974,1,8,-5.181,-24.069,2.09094285963829,6.64
Indiana,1974,1,9,-1.497,-7.945,6.5968424081575,8.44
Indiana,1974,1,10,-3.181,-6.521,7.87149667735321,3.77
Indiana,1974,1,11,-3.36,-9.621,1.79280638690216,10.23
Indiana,1974,1,12,-9.483,-21.719,0,11.25
Indiana,1974,1,13,-5.371,-22.988,0,6.28
Indiana,1974,1,14,-0.145,-7.268,0,10.16
Indiana,1974,1,15,2.404,-3.002,0,10.03
Indiana,1974,1,16,4.31,-1.665,0,10.12
Indiana,1974,1,17,2.879,-4.27,0,10.22
Indiana,1974,1,18,6.08,0.97,2.55482610407398,2.01
Indiana,1974,1,19,4.938,0.986,5.97630739201804,3.75
Indiana,1974,1,20,13.033,3.224,19.5013910530974,1.23
Indiana,1974,1,21,11.89,1.749,10.8286052941367,4.01
Indiana,1974,1,22,10.247,1.022,7.75429010390738,2.94
Indiana,1974,1,23,10.079,-0.142,3.17770540704032,6.63
Indiana,1974,1,24,7.266,-4.33,0,11.08
Indiana,1974,1,25,9.43,-1.964,0,11.22
Indiana,1974,1,26,12.236,-1.038,6.68408274646026,2.89
Indiana,1974,1,27,13.435,4.007,9.33856727078819,5.47
Indiana,1974,1,28,2.419,-1.755,7.64120717968808,2.47
Indiana,1974,1,29,5.064,-2.29,0,9.92
Indiana,1974,1,30,11.34,0.478,0,12.2
Indiana,1974,1,31,8.332,1.032,0,11.83
Indiana,1974,2,1,5.906,-4.114,0,7.7
Indiana,1974,2,2,3.197,-1.937,0,10.31
Indiana,1974,2,3,1.601,-2.5,0,8.46
Indiana,1974,2,4,-2.148,-9.887,0,12.27
Indiana,1974,2,5,3.11,-5.875,2.96560898601683,8.12
Indiana,1974,2,6,1.548,-3.994,16.0699069498946,2.7
Indiana,1974,2,7,-4.84,-10.051,0,9.99
Indiana,1974,2,8,-5.592,-13.757,0,13.09
Indiana,1974,2,9,-5.641,-15.061,0,12.85
Indiana,1974,2,10,0.592,-16.673,1.18617483792605,6.71
Indiana,1974,2,11,0.513,-13.153,0,13.73
Indiana,1974,2,12,11.177,-1.382,0,14.51
Indiana,1974,2,13,11.632,0.089,0,14.23
Indiana,1974,2,14,1.422,-3.729,0,8.43
Indiana,1974,2,15,2.478,-8.222,0,14.8
Indiana,1974,2,16,8.328,-3.956,0,14.61
Indiana,1974,2,17,7.8,-4.915,0,15.17
Indiana,1974,2,18,11.007,0.287,0,7.71
Indiana,1974,2,19,8.41,1.413,12.7059280871435,4.9
Indiana,1974,2,20,7.959,-5.799,0,13.99
Indiana,1974,2,21,11.907,0.046,8.65301554983944,9.66
Indiana,1974,2,22,12.651,0.639,16.2546859997974,4.98
Indiana,1974,2,23,-0.016,-7.151,0,15.21
Indiana,1974,2,24,-2.234,-8.1,5.50197660919594,6.7
Indiana,1974,2,25,-2.696,-11.843,0,16.79
Indiana,1974,2,26,1.468,-10.486,0,16.64
Indiana,1974,2,27,9.27,-1.622,0,16.32
Indiana,1974,2,28,14.371,6.68,0,11.87
Indiana,1974,3,1,10.023,-4.388,0,15.32
Indiana,1974,3,2,20.136,8.166,0,11.85
Indiana,1974,3,3,22.617,14.69,0,14.51
Indiana,1974,3,4,20.383,8.265,14.6896839141846,6.89
Indiana,1974,3,5,16.782,3.127,9.78127083305935,15.26
Indiana,1974,3,6,19.412,5.578,0,11.13
Indiana,1974,3,7,22.206,11.116,1.4292299747467,12.54
Indiana,1974,3,8,22.821,15.305,1.24457614344919,9.24
Indiana,1974,3,9,21.357,15.9,3.77715229984688,8.96
Indiana,1974,3,10,18.044,2.252,2.68009305000305,13.46
Indiana,1974,3,11,7.389,1.927,11.0204398631595,1.72
Indiana,1974,3,12,7.698,1.154,7.50714628571814,11.12
Indiana,1974,3,13,4.551,-4.837,0,19.91
Indiana,1974,3,14,8.421,-4.947,0,19.08
Indiana,1974,3,15,7.286,3.495,6.18910180770627,4.55
Indiana,1974,3,16,6.835,-2.075,1.27916038036346,10.92
Indiana,1974,3,17,4.388,-1.097,3.06349480450763,9.84
Indiana,1974,3,18,11.546,-0.973,0,14.16
Indiana,1974,3,19,9.07,3.182,2.65137581972752,7.12
Indiana,1974,3,20,7.628,-5.257,0,19.89
Indiana,1974,3,21,5.841,-1.809,2.81236171713317,20.52
Indiana,1974,3,22,7.81,-3.43,0,21.63
Indiana,1974,3,23,5.93,-4.213,3.40019166469574,10.25
Indiana,1974,3,24,-4.867,-10.005,1.20912790293914,23.35
Indiana,1974,3,25,4.028,-12.034,0,22.73
Indiana,1974,3,26,11.791,-2.691,0,20.03
Indiana,1974,3,27,14.989,-2.044,0,19.24
Indiana,1974,3,28,14.234,2.663,5.40963113297721,5.83
Indiana,1974,3,29,18.92,6.007,2.6024226502841,17.81
Indiana,1974,3,30,15.658,2.599,18.2998329401016,4.76
Indiana,1974,3,31,11.465,-1.31,0,17.53
Indiana,1974,4,1,24.48,7.535,6.65814280506538,16.63
Indiana,1974,4,2,18.942,4.55,0,22.63
Indiana,1974,4,3,21.794,12.629,2.99507418765188,12.61
Indiana,1974,4,4,17.927,5.857,5.48988826602681,9.65
Indiana,1974,4,5,5.656,0.851,9.16513800621033,8.68
Indiana,1974,4,6,12.017,-2.876,0,24.56
Indiana,1974,4,7,12.613,7.102,3.18872593760489,7.66
Indiana,1974,4,8,9.641,0.47,5.60498833647216,10.36
Indiana,1974,4,9,9.397,-3.699,0,23.51
Indiana,1974,4,10,16.178,2.79,0,19.65
Indiana,1974,4,11,20.422,9.395,1.09401484161253,17.53
Indiana,1974,4,12,23.333,12.424,5.79015314578868,18.33
Indiana,1974,4,13,22.736,12.416,5.86695964276629,22.24
Indiana,1974,4,14,19.243,7.991,3.72138321392868,10.8
Indiana,1974,4,15,11.267,4.615,0,14.01
Indiana,1974,4,16,14.058,0.418,0,25.76
Indiana,1974,4,17,16.666,1.025,0,25.97
Indiana,1974,4,18,17.175,5.213,0,18.5
Indiana,1974,4,19,16.122,5.57,2.27140188206931,20.19
Indiana,1974,4,20,23.669,6.665,0,25.61
Indiana,1974,4,21,20.412,14.696,4.80561852452865,10.23
Indiana,1974,4,22,18.079,15.207,7.11245013786765,19.11
Indiana,1974,4,23,14.909,5.909,0,12.82
Indiana,1974,4,24,13.827,0.05,0,27.19
Indiana,1974,4,25,15.382,1.7,0,16.17
Indiana,1974,4,26,23.097,8.395,0,24.83
Indiana,1974,4,27,24.676,12.621,0,22.32
Indiana,1974,4,28,22.473,17.508,5.31424582004547,9.86
Indiana,1974,4,29,22.614,17.526,5.71848750098525,9.65
Indiana,1974,4,30,19.074,13.944,6.56776130199432,10.92
Indiana,1974,5,1,19.618,8.141,0,25.29
Indiana,1974,5,2,17.185,11.273,3.97032797332031,8.7
Indiana,1974,5,3,17.227,9.18,0,20.38
Indiana,1974,5,4,18.455,3.495,0,24.74
Indiana,1974,5,5,19.375,4.094,0,23.2
Indiana,1974,5,6,15.38,4.673,0,24.31
Indiana,1974,5,7,13.812,-0.444,0,24.73
Indiana,1974,5,8,16.233,7.073,33.6931347846985,9.73
Indiana,1974,5,9,13.173,7.029,0,14.04
Indiana,1974,5,10,17.095,5.73,0,24.54
Indiana,1974,5,11,25.007,11.851,13.2030695676804,14.86
Indiana,1974,5,12,17.888,9.398,9.38338339324218,22.84
Indiana,1974,5,13,19.936,5.383,0,20.08
Indiana,1974,5,14,23.439,17.267,3.82931828488964,14.28
Indiana,1974,5,15,20.44,10.133,22.3542273044472,26.89
Indiana,1974,5,16,25.474,11.869,0,11.07
Indiana,1974,5,17,25.096,18.951,12.4079562742736,6.46
Indiana,1974,5,18,23.269,16.439,3.10079410922981,10.86
Indiana,1974,5,19,21.314,14.342,16.1667048790264,11.57
Indiana,1974,5,20,26.815,14.473,0,22.34
Indiana,1974,5,21,27.963,17.078,1.30460262295173,24.13
Indiana,1974,5,22,24.908,19.221,4.68313275757737,13.12
Indiana,1974,5,23,24.737,14.174,1.39008550775088,28.19
Indiana,1974,5,24,20.056,11.678,4.06189796638046,25.8
Indiana,1974,5,25,17.98,9.799,0,21.35
Indiana,1974,5,26,17.808,8.863,0,16.72
Indiana,1974,5,27,19.929,6.519,0,29.92
Indiana,1974,5,28,22.494,12.1,9.77394282807609,14.22
Indiana,1974,5,29,26.479,18.329,5.31573891629478,18.11
Indiana,1974,5,30,26.978,16.925,3.54117155075073,18.87
Indiana,1974,5,31,25.117,18.717,25.5623400211284,15.88
Indiana,1974,6,1,21.959,12.013,0,24.49
Indiana,1974,6,2,23.454,11.055,0,26.62
Indiana,1974,6,3,25.197,11.525,0,27.12
Indiana,1974,6,4,26.923,15.007,0,26.65
Indiana,1974,6,5,24.977,18.042,3.23825478553275,15.91
Indiana,1974,6,6,26.781,18.282,7.7404320239971,14.25
Indiana,1974,6,7,25.251,19.86,27.8981596363046,8.71
Indiana,1974,6,8,24.41,18.638,14.8469805717468,12.52
Indiana,1974,6,9,28.339,21.141,4.37256693840027,17.06
Indiana,1974,6,10,25.381,17.443,11.3517135381649,13.46
Indiana,1974,6,11,20.429,13.269,0,17.43
Indiana,1974,6,12,20.97,10.66,1.57466530799866,28.55
Indiana,1974,6,13,22.764,11.538,0,24.52
Indiana,1974,6,14,24.824,14.63,2.65117585649932,22.68
Indiana,1974,6,15,23.786,17.187,13.3533060549667,27.56
Indiana,1974,6,16,19.976,11.205,0,21.49
Indiana,1974,6,17,17.687,11.687,0,15.69
Indiana,1974,6,18,24.446,12.421,0,27.86
Indiana,1974,6,19,27.976,18.258,18.5768142226834,11.37
Indiana,1974,6,20,30.031,17.937,10.9917976870051,24.51
Indiana,1974,6,21,28.616,20.671,22.0151543617249,20.58
Indiana,1974,6,22,27.209,18.582,50.763118266957,4.08
Indiana,1974,6,23,18.421,13.18,16.3332670927048,17.28
Indiana,1974,6,24,18.722,11.698,0,19.82
Indiana,1974,6,25,20.354,11.028,1.26010179519653,23.66
Indiana,1974,6,26,22.915,12.068,1.49550437924972,26.88
Indiana,1974,6,27,23.914,11.981,0,26.46
Indiana,1974,6,28,23.67,12.719,0,26.83
Indiana,1974,6,29,26.202,13.257,0,28.02
Indiana,1974,6,30,27.628,21.212,0,25.83
Indiana,1974,7,1,28.596,15.113,0,29.71
Indiana,1974,7,2,30.856,20.283,0,28.49
Indiana,1974,7,3,30.778,23.204,0,27.81
Indiana,1974,7,4,29.021,23.502,0,19.3
Indiana,1974,7,5,24.866,17.866,0,28.51
Indiana,1974,7,6,28.057,14.38,0,25
Indiana,1974,7,7,30.123,18.62,0,24.79
Indiana,1974,7,8,31.067,20.561,0,26.15
Indiana,1974,7,9,31.388,21.684,0,26.29
Indiana,1974,7,10,29.123,21.928,0,17.08
Indiana,1974,7,11,27.142,20.88,2.36353480329399,22.87
Indiana,1974,7,12,27.292,15.705,0,28.89
Indiana,1974,7,13,30.89,18.641,0,26
Indiana,1974,7,14,33.493,22.368,0,26.65
Indiana,1974,7,15,30.012,23.301,0,27.1
Indiana,1974,7,16,27.715,16.186,0,28.22
Indiana,1974,7,17,29.382,16.512,0,28.57
Indiana,1974,7,18,31.406,20.423,0,21.64
Indiana,1974,7,19,30.009,22.295,40.18146095558,21.92
Indiana,1974,7,20,27.918,21.64,0,24.14
Indiana,1974,7,21,26.029,15.589,0,28.02
Indiana,1974,7,22,24.113,16.577,15.0704324245226,13.92
Indiana,1974,7,23,23.987,19.374,1.05121135711173,16.54
Indiana,1974,7,24,25.185,18.01,0,19.13
Indiana,1974,7,25,26.701,15.16,0,23.88
Indiana,1974,7,26,27.964,17.569,0,24.93
Indiana,1974,7,27,30.189,17.436,0,25.2
Indiana,1974,7,28,29.555,20.05,2.47594611442992,20.18
Indiana,1974,7,29,27.132,20.508,0,26.65
Indiana,1974,7,30,24.15,15.746,0,23.14
Indiana,1974,7,31,25.368,15.565,0,21.9
Indiana,1974,8,1,27.575,14.682,0,20.96
Indiana,1974,8,2,27.864,16.793,1.13247103462299,21.94
Indiana,1974,8,3,23.773,18.679,12.4918016581432,23.72
Indiana,1974,8,4,21.085,14.297,1.02977732876752,12.82
Indiana,1974,8,5,23.903,13.649,0,22.85
Indiana,1974,8,6,25.094,13.988,0,24.61
Indiana,1974,8,7,25.442,15.95,0,19.03
Indiana,1974,8,8,25.907,17.306,9.19579403392845,17.95
Indiana,1974,8,9,27.939,17.106,0,23.88
Indiana,1974,8,10,26.142,21.006,18.6706185340881,8.56
Indiana,1974,8,11,27.964,20.791,10.470491647709,14.95
Indiana,1974,8,12,28.584,15.868,0,25.47
Indiana,1974,8,13,28.548,20.922,8.99338884880763,17.7
Indiana,1974,8,14,26.847,16.946,2.2699236869812,21.67
Indiana,1974,8,15,28.276,18.414,0,23.6
Indiana,1974,8,16,28.02,20.434,1.58354658327653,19.92
Indiana,1974,8,17,27.237,19.523,3.30858230580588,22.47
Indiana,1974,8,18,26.576,17.678,1.74596905708313,21.39
Indiana,1974,8,19,28.531,16.009,0,23.2
Indiana,1974,8,20,28.716,17.671,0,24.46
Indiana,1974,8,21,28.879,18.504,0,24.89
Indiana,1974,8,22,28.466,17.53,0,21.55
Indiana,1974,8,23,26.85,19.519,1.00677013392669,19.45
Indiana,1974,8,24,24.619,14.91,0,23.73
Indiana,1974,8,25,25.531,14.096,0,20.56
Indiana,1974,8,26,30.701,17.35,1.25401914107215,21.61
Indiana,1974,8,27,28.123,22.321,8.48938828795553,14.85
Indiana,1974,8,28,23.188,17.151,14.821732044215,4.78
Indiana,1974,8,29,23.891,16.952,4.53216135497314,14.36
Indiana,1974,8,30,25.348,16.088,0,20.27
Indiana,1974,8,31,24.113,18.819,0,16.33
Indiana,1974,9,1,21.933,15.418,1.22809708108207,15.08
Indiana,1974,9,2,19.434,13.051,3.01390886306763,6.36
Indiana,1974,9,3,17.652,8.88,5.90023398399353,16.04
Indiana,1974,9,4,18.603,8.13,0,16.77
Indiana,1974,9,5,19.712,9.198,0,16.49
Indiana,1974,9,6,22.078,9.618,0,22.74
Indiana,1974,9,7,23.227,10.565,0,19.85
Indiana,1974,9,8,24.948,13.248,0,19.16
Indiana,1974,9,9,25.016,15.259,0,12.74
Indiana,1974,9,10,25.216,18.987,1.1724948882943,10.63
Indiana,1974,9,11,27.613,19.803,6.67232274997787,14.13
Indiana,1974,9,12,26.747,20.02,27.6112109422684,11.62
Indiana,1974,9,13,25.091,15.543,0,13.6
Indiana,1974,9,14,17.18,11.101,0,19.74
Indiana,1974,9,15,21.45,9.258,0,17.02
Indiana,1974,9,16,22.655,10.546,0,15.38
Indiana,1974,9,17,24.891,13.251,0,19.56
Indiana,1974,9,18,22.102,11.995,0,20.16
Indiana,1974,9,19,26.992,13.569,0,16.65
Indiana,1974,9,20,23.292,14.799,1.67430773177557,10.02
Indiana,1974,9,21,19.634,12.735,0,17.99
Indiana,1974,9,22,16.011,7.036,0,15.34
Indiana,1974,9,23,14.363,3.516,0,20
Indiana,1974,9,24,18.702,6.663,0,19.06
Indiana,1974,9,25,21.323,10.862,0,18.74
Indiana,1974,9,26,22.751,11.06,0,18.74
Indiana,1974,9,27,19.154,11.251,5.16506250272641,6.9
Indiana,1974,9,28,22.553,16.431,1.8488079308554,7.32
Indiana,1974,9,29,18.646,10.486,24.0176066120057,14.22
Indiana,1974,9,30,14.004,9.036,0,18.9
Indiana,1974,10,1,12.463,3.755,0,17.62
Indiana,1974,10,2,9.224,1.272,0,13.53
Indiana,1974,10,3,12.718,-0.888,0,18.48
Indiana,1974,10,4,19.904,7.546,0,17.17
Indiana,1974,10,5,20.634,12.73,0,15.23
Indiana,1974,10,6,21.901,13.344,0,12.36
Indiana,1974,10,7,14.24,5.334,1.88258811152764,16.44
Indiana,1974,10,8,15.757,2.095,0,16.69
Indiana,1974,10,9,18.732,7.106,0,15.57
Indiana,1974,10,10,17.636,4.269,0,16.33
Indiana,1974,10,11,22.235,8.501,0,15.73
Indiana,1974,10,12,19.044,14.664,2.22681164734695,4.34
Indiana,1974,10,13,18.675,12.489,5.31389117230674,5.05
Indiana,1974,10,14,17.565,14.043,11.5566551684765,3.36
Indiana,1974,10,15,13.901,8.105,0,13.77
Indiana,1974,10,16,15.41,2.149,0,15.41
Indiana,1974,10,17,19.01,8.09,0,15.35
Indiana,1974,10,18,10.981,4.199,0,7.79
Indiana,1974,10,19,11.705,1.902,1.23253762711784,9.48
Indiana,1974,10,20,9.63,2.189,0,12.61
Indiana,1974,10,21,10.342,-2.514,0,15.32
Indiana,1974,10,22,16.719,3.295,0,14.58
Indiana,1974,10,23,19.25,9.104,1.08763277529533,8.91
Indiana,1974,10,24,19.758,10.867,0,6.05
Indiana,1974,10,25,19.879,13.849,0,9.24
Indiana,1974,10,26,16.187,3.298,0,14.06
Indiana,1974,10,27,18.138,2.543,0,13.22
Indiana,1974,10,28,21.542,8.465,1.1837959289096,12.94
Indiana,1974,10,29,17.047,14.552,14.5445260766337,2.13
Indiana,1974,10,30,22.765,15.956,1.7928361891677,6.77
Indiana,1974,10,31,23.704,15.011,0,9.83
Indiana,1974,11,1,21.95,17.058,1.94980800148414,10.26
Indiana,1974,11,2,22.057,14.065,0,10.76
Indiana,1974,11,3,17.642,12.588,16.0181781110964,1.7
Indiana,1974,11,4,11.441,8.142,6.54085278500816,3.98
Indiana,1974,11,5,9.072,5.133,10.7457549030983,3.73
Indiana,1974,11,6,10.629,4.907,0,8.13
Indiana,1974,11,7,11.625,0.094,0,12.25
Indiana,1974,11,8,12.789,1.153,0,12.07
Indiana,1974,11,9,13.455,0.029,0,11.33
Indiana,1974,11,10,12.061,7.759,4.57623004912833,2.42
Indiana,1974,11,11,10.524,9.215,13.9525969877923,2.19
Indiana,1974,11,12,8.619,1.834,1.11827746502513,6.16
Indiana,1974,11,13,5.227,-1.334,11.1555188893249,4.92
Indiana,1974,11,14,0.906,-6.209,6.54673278324935,11.79
Indiana,1974,11,15,-0.177,-6.049,0,12
Indiana,1974,11,16,4.477,-4.964,0,8.31
Indiana,1974,11,17,9.974,0.547,0,10.74
Indiana,1974,11,18,11.959,1.126,0,9.91
Indiana,1974,11,19,13.952,7.45,0,3.23
Indiana,1974,11,20,13.095,5.421,1.21394769240624,6.74
Indiana,1974,11,21,5.083,0.092,0,7.59
Indiana,1974,11,22,8.274,-2.41,0,10.2
Indiana,1974,11,23,15.958,4.116,2.09632687153771,7.54
Indiana,1974,11,24,15.397,5.452,1.30762261198925,1.59
Indiana,1974,11,25,5.098,0.183,0,8.2
Indiana,1974,11,26,2.94,-5.413,0,9.04
Indiana,1974,11,27,4.195,-1.149,1.13772153844138,4.36
Indiana,1974,11,28,2.13,-3.476,0,9.94
Indiana,1974,11,29,4.586,-4.49,0,7.2
Indiana,1974,11,30,3.154,0.88,2.85488665093681,3.44
Indiana,1974,12,1,1.164,-0.392,19.3387180566447,4.67
Indiana,1974,12,2,1.951,-0.012,1.8612475977875,7.04
Indiana,1974,12,3,1.036,-4.496,0,7.93
Indiana,1974,12,4,-0.166,-6.698,0,7.72
Indiana,1974,12,5,1.318,-9.443,0,9.79
Indiana,1974,12,6,3.029,-3.82,0,8.95
Indiana,1974,12,7,4.393,1.556,5.74741065491935,1.09
Indiana,1974,12,8,4.342,-3.647,4.46459650993347,2.95
Indiana,1974,12,9,-4.004,-10.128,0,9.78
Indiana,1974,12,10,5.26,-6.786,0,9.14
Indiana,1974,12,11,3.51,-2.472,2.57513139274579,2.96
Indiana,1974,12,12,3.921,0.495,4.07683397730807,4.28
Indiana,1974,12,13,6.537,2.284,0,3.87
Indiana,1974,12,14,5.044,2.304,0,4.08
Indiana,1974,12,15,6.206,3.473,8.99785161017874,1.62
Indiana,1974,12,16,4.121,1.457,0,3.92
Indiana,1974,12,17,0.839,-1.657,1.22107863415977,5.71
Indiana,1974,12,18,1.019,-4.368,0,6.55
Indiana,1974,12,19,1.412,-1.758,5.71034188578778,8.16
Indiana,1974,12,20,0.301,-6.21,2.4680293460051,3.06
Indiana,1974,12,21,0.369,-2.689,1.40750197067518,3.6
Indiana,1974,12,22,3.423,-11.424,0,7.1
Indiana,1974,12,23,6.461,0.491,4.32726144782691,5.02
Indiana,1974,12,24,5.083,0.736,6.64555430404334,5.86
Indiana,1974,12,25,2.798,-6.789,2.60851979254539,4.39
Indiana,1974,12,26,0.488,-5.659,0,8.6
Indiana,1974,12,27,1.262,-2.734,0,2.16
Indiana,1974,12,28,2.23,-0.861,0,3.48
Indiana,1974,12,29,5.042,-0.39,0,1.82
Indiana,1974,12,30,4.724,-0.232,0,6.44
Indiana,1974,12,31,4.204,0.095,6.79164651478459,1.23
Indiana,1975,1,1,2.963,-2.187,0,6.98
Indiana,1975,1,2,2.342,-7.031,0,9.05
Indiana,1975,1,3,3.349,-0.663,5.34962415684959,4.3
Indiana,1975,1,4,1.849,-4.888,0,8.6
Indiana,1975,1,5,5.576,-5.958,0,8.22
Indiana,1975,1,6,4.363,0.148,2.69198866141096,4.55
Indiana,1975,1,7,8.895,-1.185,0,7.66
Indiana,1975,1,8,10.477,5.945,21.2690562008788,0.7
Indiana,1975,1,9,6.924,1.204,0,5.12
Indiana,1975,1,10,15.975,4.151,19.0878510475159,1.03
Indiana,1975,1,11,15.552,-2.176,9.15156121379823,7.3
Indiana,1975,1,12,-3.605,-11.318,0,7.98
Indiana,1975,1,13,-8.336,-12.746,0,7.8
Indiana,1975,1,14,-5.117,-12.694,0,10.53
Indiana,1975,1,15,0.504,-6.544,0,9.26
Indiana,1975,1,16,-0.866,-6.365,1.40665471553802,10.74
Indiana,1975,1,17,0.949,-9.896,0,7.54
Indiana,1975,1,18,5.485,-1.232,4.26754951467956,6.55
Indiana,1975,1,19,2.555,-2.845,6.8690538406031,4.89
Indiana,1975,1,20,-2.837,-11.271,0,11.45
Indiana,1975,1,21,2.065,-8.619,0,9.84
Indiana,1975,1,22,1.189,-1.048,0,5.44
Indiana,1975,1,23,0.588,-8.085,0,11.16
Indiana,1975,1,24,7.886,-2.069,0,9.56
Indiana,1975,1,25,5.634,0.638,11.7586223924491,6.4
Indiana,1975,1,26,-0.185,-3.472,0,5.3
Indiana,1975,1,27,2.255,-4.568,0,3.71
Indiana,1975,1,28,7.501,0.232,0,4.98
Indiana,1975,1,29,14.558,0.254,11.9509279726913,5.45
Indiana,1975,1,30,1.715,-3.566,1.03682875624145,5.33
Indiana,1975,1,31,1.189,-1.888,6.68396541561833,6.95
Indiana,1975,2,1,2.495,-2.416,0,11.15
Indiana,1975,2,2,2.457,-5.175,0,11.27
Indiana,1975,2,3,1.88,-4.654,0,10.9
Indiana,1975,2,4,1.349,-2.437,4.09896529254183,3.63
Indiana,1975,2,5,2.573,0.798,4.63948161149119,2.57
Indiana,1975,2,6,1.199,-5.634,0,6.82
Indiana,1975,2,7,-3.313,-14.994,0,13.81
Indiana,1975,2,8,-4.479,-7.219,2.20985412590835,6.07
Indiana,1975,2,9,-7.956,-17.414,1.86460018153412,14.8
Indiana,1975,2,10,-2.757,-23.017,0,9.39
Indiana,1975,2,11,1.388,-4.152,0,11.02
Indiana,1975,2,12,-0.743,-6.796,6.13594563822062,14.59
Indiana,1975,2,13,-3.771,-13.108,0,14.39
Indiana,1975,2,14,-1.831,-13.402,0,8.37
Indiana,1975,2,15,3.584,-2.431,14.7793193057737,4
Indiana,1975,2,16,2.813,-0.367,0,7.74
Indiana,1975,2,17,4.955,1.027,5.5058211087271,3.78
Indiana,1975,2,18,3.202,-0.465,2.33514606952667,4.11
Indiana,1975,2,19,0.393,-2.532,0,5.82
Indiana,1975,2,20,7.081,-4.836,0,15.47
Indiana,1975,2,21,10.807,-2.123,0,11.09
Indiana,1975,2,22,8.086,4.124,17.4133017547433,1.89
Indiana,1975,2,23,5.454,0.811,10.3489658721401,3.45
Indiana,1975,2,24,5.602,0.433,7.09090218163055,7.43
Indiana,1975,2,25,4.446,-1.013,3.13660800446769,10.65
Indiana,1975,2,26,3.55,-1.965,0,14.23
Indiana,1975,2,27,3.37,-4.651,0,14.45
Indiana,1975,2,28,1.593,-0.967,0,8.9
Indiana,1975,3,1,-0.553,-7.958,0,13.33
Indiana,1975,3,2,-1.473,-8.95,0,12.3
Indiana,1975,3,3,-0.069,-6.954,0,13.9
Indiana,1975,3,4,3.507,-7.833,0,18.12
Indiana,1975,3,5,8.138,-6.201,0,16.28
Indiana,1975,3,6,8.881,-0.11,0,14.66
Indiana,1975,3,7,9.966,1.717,9.04568041232778,6.64
Indiana,1975,3,8,2.116,-3.25,1.1258810758541,16.83
Indiana,1975,3,9,1.947,-8.306,0,18.45
Indiana,1975,3,10,2.371,-2.707,6.49615730043251,10.55
Indiana,1975,3,11,4.844,-2.504,0,13.28
Indiana,1975,3,12,7.547,2.1,7.80830706975166,11.7
Indiana,1975,3,13,1.999,-6.529,0,17.6
Indiana,1975,3,14,3.906,-3.08,0,15.38
Indiana,1975,3,15,8.248,-6.81,0,19.86
Indiana,1975,3,16,9.561,-1.684,0,11.82
Indiana,1975,3,17,13.11,-2.52,0,17.19
Indiana,1975,3,18,14.54,3.214,0,10.02
Indiana,1975,3,19,12.342,5.22,8.93503804502416,13.2
Indiana,1975,3,20,16.141,1.908,0,20.73
Indiana,1975,3,21,20.443,6.482,0,17.97
Indiana,1975,3,22,17.633,4.561,4.65579110192493,13.36
Indiana,1975,3,23,18.309,1.372,0,19.08
Indiana,1975,3,24,16.72,8.264,10.3476345538525,20.41
Indiana,1975,3,25,6.84,-2.291,0,9.77
Indiana,1975,3,26,4.057,-5.236,0,19.11
Indiana,1975,3,27,2.363,-3.185,6.21970295895835,3.33
Indiana,1975,3,28,6.886,0.623,7.80282318591574,2.65
Indiana,1975,3,29,4.971,-1.237,4.10895347584983,15.67
Indiana,1975,3,30,0.954,-5.722,0,16.75
Indiana,1975,3,31,13.659,-5.218,0,19.53
Indiana,1975,4,1,11.01,2.49,0,19.63
Indiana,1975,4,2,17.24,0.085,4.42991317362385,10.83
Indiana,1975,4,3,8.428,-4.291,8.53146064036991,21.24
Indiana,1975,4,4,4.15,-6.394,0,24.44
Indiana,1975,4,5,5.58,-4.638,0,24.46
Indiana,1975,4,6,7.12,-4.507,0,24.47
Indiana,1975,4,7,9.605,-5.474,0,23.79
Indiana,1975,4,8,10.95,-0.603,0,20.56
Indiana,1975,4,9,8.499,0.863,3.51663376017086,8.07
Indiana,1975,4,10,11.669,0.351,0,14.08
Indiana,1975,4,11,8.562,0.878,0,21.55
Indiana,1975,4,12,10.057,-4.67,0,19.56
Indiana,1975,4,13,10.876,-3.731,0,25.38
Indiana,1975,4,14,9.115,1.749,1.86111032957115,15.85
Indiana,1975,4,15,10.872,0.003,0,16.68
Indiana,1975,4,16,13.786,1.332,0,15.94
Indiana,1975,4,17,22.208,7.93,0,20.18
Indiana,1975,4,18,21.849,15.883,4.41877543926239,6.71
Indiana,1975,4,19,19.655,6.295,9.48617422420739,21.63
Indiana,1975,4,20,10.428,3.531,0,16.14
Indiana,1975,4,21,12.444,0.037,0,19.61
Indiana,1975,4,22,19.709,5.165,2.23204493522644,25.75
Indiana,1975,4,23,18.31,12.426,8.78986120223502,4.31
Indiana,1975,4,24,17.35,13.829,18.9755085968635,6.12
Indiana,1975,4,25,16.161,8.102,1.44771931223886,9.58
Indiana,1975,4,26,16.839,4.368,0,26.43
Indiana,1975,4,27,14.444,6.854,2.70235836495658,11.82
Indiana,1975,4,28,21.903,9.697,3.90574336051941,16.84
Indiana,1975,4,29,23.307,8.732,0,26.71
Indiana,1975,4,30,20.925,14.321,2.02245527088962,12.39
Indiana,1975,5,1,17.747,8.608,1.67483389373047,27.14
Indiana,1975,5,2,20.145,5.939,0,25.14
Indiana,1975,5,3,17.852,11.865,6.14845752716064,10.14
Indiana,1975,5,4,18.267,8.922,0,21.47
Indiana,1975,5,5,24.698,8.244,2.73876786229721,24.54
Indiana,1975,5,6,22.192,10.199,0,26.12
Indiana,1975,5,7,19.476,10.266,0,20.34
Indiana,1975,5,8,22.516,12.311,0,21.52
Indiana,1975,5,9,22.499,9.297,0,26.37
Indiana,1975,5,10,22.803,7.288,0,25.17
Indiana,1975,5,11,23.893,9.71,0,25.18
Indiana,1975,5,12,21.249,12.275,4.89408373816147,17.96
Indiana,1975,5,13,20.217,4.937,0,29.5
Indiana,1975,5,14,22.527,8.317,0,23.49
Indiana,1975,5,15,20.567,12.228,0,27.87
Indiana,1975,5,16,20.535,7.226,0,28.72
Indiana,1975,5,17,22.823,8.951,0,26.81
Indiana,1975,5,18,27,10.293,0,29.03
Indiana,1975,5,19,29.987,15.383,0,28.71
Indiana,1975,5,20,30.94,20.191,0,25.76
Indiana,1975,5,21,28.881,20.856,1.65742039680339,22.97
Indiana,1975,5,22,28.515,18.041,13.3977025747285,19.92
Indiana,1975,5,23,29.573,15.091,0,27.73
Indiana,1975,5,24,30.117,19.297,0,26.25
Indiana,1975,5,25,29.033,19.606,6.01291491369693,18.39
Indiana,1975,5,26,27.269,18.256,4.13921180455645,23.61
Indiana,1975,5,27,24.868,15.94,0,29.7
Indiana,1975,5,28,24.92,9.863,0,29.21
Indiana,1975,5,29,27.877,15.201,1.33374333375968,19.25
Indiana,1975,5,30,26.476,18.491,16.5515698165564,19.14
Indiana,1975,5,31,20.656,16.153,5.84462583054801,9.81
Indiana,1975,6,1,21.868,11.675,2.73312628269196,22.31
Indiana,1975,6,2,20.476,10.552,1.31092965602875,21.98
Indiana,1975,6,3,23.508,11.775,3.51623296728576,20.72
Indiana,1975,6,4,29.317,14.697,0,22.82
Indiana,1975,6,5,27.446,19.184,7.0197125317577,22.61
Indiana,1975,6,6,25.777,16.672,0,27.08
Indiana,1975,6,7,22.15,11.178,0,20.49
Indiana,1975,6,8,21.065,8.91,0,27.15
Indiana,1975,6,9,21.97,11.388,0,26.3
Indiana,1975,6,10,26.61,13.957,0,26.95
Indiana,1975,6,11,25.945,19.591,32.8217387199174,14.18
Indiana,1975,6,12,23.71,15.294,0,24.06
Indiana,1975,6,13,27.477,16.065,1.25628709793091,27.25
Indiana,1975,6,14,26.917,17.786,1.26829147338725,23.49
Indiana,1975,6,15,23.636,19.213,24.8144268989563,13.75
Indiana,1975,6,16,25.053,13.205,0,27.41
Indiana,1975,6,17,23.806,20.016,5.83587444276645,9.9
Indiana,1975,6,18,31.081,19.667,0,25.05
Indiana,1975,6,19,31.309,21.164,0,28.08
Indiana,1975,6,20,30.267,21.98,0,24.9
Indiana,1975,6,21,30.732,20.499,0,26.89
Indiana,1975,6,22,31.237,21.551,0,26.84
Indiana,1975,6,23,29.201,22.191,5.16490704443129,23.25
Indiana,1975,6,24,28.964,21.179,4.57291603078147,21.61
Indiana,1975,6,25,27.725,20.181,12.1843367815018,18.85
Indiana,1975,6,26,26.967,19.209,7.99517035473585,20.34
Indiana,1975,6,27,28.946,18.971,0,22.9
Indiana,1975,6,28,29.428,19.158,0,25.16
Indiana,1975,6,29,28.885,20.026,0,26.52
Indiana,1975,6,30,29.337,18.337,0,27.91
Indiana,1975,7,1,28.886,17.729,0,27.97
Indiana,1975,7,2,29.789,16.474,0,28.8
Indiana,1975,7,3,30.042,17.768,0,24.11
Indiana,1975,7,4,28.476,19.683,13.6624930502762,23.91
Indiana,1975,7,5,27.887,15.098,0,28.05
Indiana,1975,7,6,27.104,19.736,18.2924598454406,14.01
Indiana,1975,7,7,26.743,19.981,1.35405361652374,14.45
Indiana,1975,7,8,29.486,17.451,0,24.13
Indiana,1975,7,9,25.691,17.854,0,19.73
Indiana,1975,7,10,24.045,16.191,0,26.45
Indiana,1975,7,11,21.446,14.374,0,22.51
Indiana,1975,7,12,22.006,12.362,2.093106508255,24.38
Indiana,1975,7,13,20.169,11.78,6.97737131031317,21.6
Indiana,1975,7,14,23.169,11.606,0,27.22
Indiana,1975,7,15,27.326,13.609,0,28.32
Indiana,1975,7,16,28.565,17.163,0,26.53
Indiana,1975,7,17,29.327,17.786,0,26.55
Indiana,1975,7,18,28.016,19.716,7.05477595329285,21.03
Indiana,1975,7,19,28.441,22.211,6.09888976600814,18.3
Indiana,1975,7,20,29.319,21.173,4.41031081794563,23.45
Indiana,1975,7,21,28.118,18.062,0,23.51
Indiana,1975,7,22,28.154,16.348,0,25.74
Indiana,1975,7,23,28.978,19.514,0,20.1
Indiana,1975,7,24,28.547,22.486,1.40109956254264,23.29
Indiana,1975,7,25,26.308,16.318,0,25.35
Indiana,1975,7,26,26.889,13.532,0,28.23
Indiana,1975,7,27,30.843,17.934,0,26.92
Indiana,1975,7,28,29.519,19.079,0,27.45
Indiana,1975,7,29,31.222,17.422,0,27.03
Indiana,1975,7,30,32.114,19.291,0,27.22
Indiana,1975,7,31,32.154,19.658,0,25.53
Indiana,1975,8,1,31.889,21.595,1.20495142164145,19.6
Indiana,1975,8,2,27.637,22.443,10.1417373507502,13.51
Indiana,1975,8,3,26.247,21.306,10.8793169259798,14.66
Indiana,1975,8,4,28.537,15.961,0,24.53
Indiana,1975,8,5,27.284,17.854,4.18527343233777,19.09
Indiana,1975,8,6,23.355,16.755,2.82183880966613,24.35
Indiana,1975,8,7,22.564,13.055,0,23.9
Indiana,1975,8,8,26.011,12.742,0,27
Indiana,1975,8,9,28.533,14.842,0,24.54
Indiana,1975,8,10,29.204,19.437,0,24.14
Indiana,1975,8,11,31.421,21.196,1.19986126441063,22.17
Indiana,1975,8,12,31.355,21.703,0,21.24
Indiana,1975,8,13,31.795,25.109,0,18.76
Indiana,1975,8,14,28.165,20.854,1.53214633464316,18
Indiana,1975,8,15,26.27,21.244,8.24678540220702,11.38
Indiana,1975,8,16,26.219,18.434,0,17.85
Indiana,1975,8,17,27.565,18.134,0,19.88
Indiana,1975,8,18,28.062,14.782,0,24.82
Indiana,1975,8,19,28.566,17.946,0,21.31
Indiana,1975,8,20,29.137,18.269,0,21.88
Indiana,1975,8,21,32.11,22.168,0,22.68
Indiana,1975,8,22,31.818,23.329,0,21.18
Indiana,1975,8,23,32.023,23.451,0,21.73
Indiana,1975,8,24,31.71,24.016,0,21.49
Indiana,1975,8,25,29.732,24.285,0,17.35
Indiana,1975,8,26,26.875,21.132,23.2144594192505,15.86
Indiana,1975,8,27,27.554,15.317,0,23.25
Indiana,1975,8,28,29.388,18.738,0,16.25
Indiana,1975,8,29,27.573,21.521,13.0319893360138,13.04
Indiana,1975,8,30,25.546,20.908,13.6777251958797,10.6
Indiana,1975,8,31,23.207,19.82,1.05383992189445,7.47
Indiana,1975,9,1,26.503,15.099,0,21.91
Indiana,1975,9,2,28.265,18.959,0,13.21
Indiana,1975,9,3,31.001,18.214,0,20.93
Indiana,1975,9,4,27.484,17.234,0,15.81
Indiana,1975,9,5,25.192,17.12,8.30523967738372,11.42
Indiana,1975,9,6,21.72,12.296,0,20.05
Indiana,1975,9,7,24.845,11.094,0,22.13
Indiana,1975,9,8,23.415,17.373,0,16.98
Indiana,1975,9,9,21.706,10.847,0,21.11
Indiana,1975,9,10,27.431,14.57,0,19.71
Indiana,1975,9,11,24.591,19.916,13.0951953948966,2.58
Indiana,1975,9,12,18.742,14.237,0,18.88
Indiana,1975,9,13,16.23,6.856,0,21.2
Indiana,1975,9,14,18.09,5.876,0,21.16
Indiana,1975,9,15,20.374,10.536,1.17506170505521,14.7
Indiana,1975,9,16,19.48,15.306,0,6.74
Indiana,1975,9,17,22.268,15.675,0,8.89
Indiana,1975,9,18,24.467,14.042,0,16.69
Indiana,1975,9,19,21.988,15.258,13.6824876070136,3.19
Indiana,1975,9,20,17.469,9.831,1.88697743641342,13.34
Indiana,1975,9,21,15.593,10.263,0,10.98
Indiana,1975,9,22,15.699,7.573,0,10.62
Indiana,1975,9,23,18.442,7.57,0,14.39
Indiana,1975,9,24,16.833,10.59,1.06889009464339,11.07
Indiana,1975,9,25,12.846,9.089,5.21225631236533,3.06
Indiana,1975,9,26,15.563,11.158,0,5.51
Indiana,1975,9,27,17.92,5.54,0,17.57
Indiana,1975,9,28,19.862,5.401,0,18.99
Indiana,1975,9,29,18.911,9.291,2.7417689543654,9.83
Indiana,1975,9,30,22.166,9.143,0,18.04
Indiana,1975,10,1,18.164,11.435,3.56141955359135,13.71
Indiana,1975,10,2,11.855,7.076,0,12.95
Indiana,1975,10,3,16.8,2.419,0,18.4
Indiana,1975,10,4,19.939,4.288,0,18.17
Indiana,1975,10,5,21.947,7.473,0,17.29
Indiana,1975,10,6,22.021,10.232,0,16.89
Indiana,1975,10,7,22.545,6.961,0,17.29
Indiana,1975,10,8,17.88,13.677,8.93968343734741,3.23
Indiana,1975,10,9,22.008,10.79,2.5971859692504,15.45
Indiana,1975,10,10,22.389,9.152,0,16.55
Indiana,1975,10,11,18.022,7.355,0,16.37
Indiana,1975,10,12,21.905,6.759,0,16.11
Indiana,1975,10,13,27.9,15.093,0,15.18
Indiana,1975,10,14,27.091,16.312,0,15.64
Indiana,1975,10,15,22.337,16.689,1.60287320602492,10.72
Indiana,1975,10,16,15.847,5.707,0,15.65
Indiana,1975,10,17,13.019,9.116,0,5.85
Indiana,1975,10,18,10.144,7.299,3.55055034157203,4.49
Indiana,1975,10,19,12.015,6.801,8.5549311709201,4.83
Indiana,1975,10,20,18.883,6.719,0,14.29
Indiana,1975,10,21,23.369,11.416,0,14.25
Indiana,1975,10,22,23.82,13.317,0,14.19
Indiana,1975,10,23,22.739,14.207,0,13.84
Indiana,1975,10,24,24.196,16.403,0,11.01
Indiana,1975,10,25,21.868,6.7,10.4177307948703,14.36
Indiana,1975,10,26,13.442,3.27,0,14.53
Indiana,1975,10,27,17.787,4.334,0,13.7
Indiana,1975,10,28,18.512,10.058,0,7.69
Indiana,1975,10,29,15.216,8.121,0,12.22
Indiana,1975,10,30,10.765,2.162,0,13.39
Indiana,1975,10,31,14.708,3.787,0,10.26
Indiana,1975,11,1,16.533,11.599,5.98159432411194,5.86
Indiana,1975,11,2,21.949,13.056,1.47242844104767,9.56
Indiana,1975,11,3,19.264,14.087,2.0411491386767,3.61
Indiana,1975,11,4,22.486,12.711,2.19174325479798,9.66
Indiana,1975,11,5,22.676,12.381,0,9.95
Indiana,1975,11,6,22.814,14.242,0,8.83
Indiana,1975,11,7,20.017,15.802,9.27841663349227,7.56
Indiana,1975,11,8,19.395,15.428,0,8.62
Indiana,1975,11,9,22.328,12.09,0,11.34
Indiana,1975,11,10,19.596,7.98,6.99447393412811,11.79
Indiana,1975,11,11,14.347,2.498,0,11.38
Indiana,1975,11,12,11.745,5.852,0,10.71
Indiana,1975,11,13,5.98,1.28,1.52679080201779,4.03
Indiana,1975,11,14,4.538,-2.743,0,11.43
Indiana,1975,11,15,12.243,-1.076,0,11.06
Indiana,1975,11,16,16.587,5.276,0,9.72
Indiana,1975,11,17,18.005,6.172,0,10.59
Indiana,1975,11,18,17.868,5.3,0,10.82
Indiana,1975,11,19,18.042,4.895,0,10.59
Indiana,1975,11,20,13.717,8.846,6.95668458928367,3.33
Indiana,1975,11,21,7.95,2.148,2.00617533562308,2.66
Indiana,1975,11,22,5.751,-1.217,0,9.38
Indiana,1975,11,23,5.718,-4.882,0,10.4
Indiana,1975,11,24,4.703,-2.482,0,4.04
Indiana,1975,11,25,3.798,-2.425,0,7.03
Indiana,1975,11,26,2.391,-4.075,2.53480970849296,5.89
Indiana,1975,11,27,0.654,-0.986,12.3368964694919,4.68
Indiana,1975,11,28,1.711,-6.198,0,9.87
Indiana,1975,11,29,13.06,-0.745,3.52749349622172,2.56
Indiana,1975,11,30,16.821,1.444,28.1917228348902,5.46
Indiana,1975,12,1,0.634,-6.85,0,8.97
Indiana,1975,12,2,5.677,-2.621,0,9.09
Indiana,1975,12,3,3.269,-3.088,0,9.19
Indiana,1975,12,4,13.722,-0.495,0,9.14
Indiana,1975,12,5,14.794,6.613,0,4.7
Indiana,1975,12,6,13.526,2.25,6.14624486445337,6.66
Indiana,1975,12,7,3.385,-4.817,0,9.29
Indiana,1975,12,8,3.405,-3.286,0,4.26
Indiana,1975,12,9,2.576,-0.106,3.89814309221492,4.43
Indiana,1975,12,10,1.952,-3.096,0,5.83
Indiana,1975,12,11,8.188,-1.054,0,7.39
Indiana,1975,12,12,5.876,1.929,0,3.78
Indiana,1975,12,13,15.766,3.917,1.87223255630897,4.25
Indiana,1975,12,14,18.023,12.193,0,5.63
Indiana,1975,12,15,17.017,2.176,11.2017537361453,2.45
Indiana,1975,12,16,2.342,-6.048,0,8.65
Indiana,1975,12,17,-0.024,-8.442,0,7.9
Indiana,1975,12,18,-8.777,-14.334,0,9.62
Indiana,1975,12,19,1.43,-11.035,0,6.21
Indiana,1975,12,20,1.958,-0.574,1.92638635634879,3.14
Indiana,1975,12,21,0.23,-4.985,0,9.08
Indiana,1975,12,22,1.17,-8.626,0,8.94
Indiana,1975,12,23,2.505,-4.476,0,4.08
Indiana,1975,12,24,1.16,-3.342,0,5.67
Indiana,1975,12,25,1.218,-3.179,2.81819999207755,3.36
Indiana,1975,12,26,0.568,-1.75,11.3177478312423,5.6
Indiana,1975,12,27,-0.922,-6.387,0,7.51
Indiana,1975,12,28,-2.356,-8.587,0,6.02
Indiana,1975,12,29,2.198,-5.856,4.14752662180717,3.17
Indiana,1975,12,30,2.848,1.156,4.06910181044395,2.25
Indiana,1975,12,31,1.137,-0.807,1.27309560775757,3.04
Indiana,1976,1,1,2.733,-6.984,0,9.19
Indiana,1976,1,2,5.511,-1.675,1.89398527135154,4.85
Indiana,1976,1,3,0.633,-6.753,0,6.64
Indiana,1976,1,4,-7.455,-14.536,0,9.75
Indiana,1976,1,5,-4.848,-14.202,0,7.7
Indiana,1976,1,6,2.818,-7.213,0,6.49
Indiana,1976,1,7,2.566,-7.547,6.65785372257233,5.15
Indiana,1976,1,8,-8.648,-20.543,0,10.38
Indiana,1976,1,9,-9.096,-16.458,0,9.62
Indiana,1976,1,10,-1.776,-14.561,0,5.34
Indiana,1976,1,11,2.227,-3.508,2.84435451021636,6.06
Indiana,1976,1,12,3.297,-11.943,0,9.53
Indiana,1976,1,13,1.525,-1.333,14.9525513790145,1.48
Indiana,1976,1,14,-0.682,-9.675,0,10.91
Indiana,1976,1,15,1.88,-13.651,0,6.43
Indiana,1976,1,16,1.728,-8.593,1.78476572034469,8.25
Indiana,1976,1,17,-9.303,-13.486,0,9.25
Indiana,1976,1,18,-6.224,-20.917,0,11.28
Indiana,1976,1,19,1.567,-9.173,0,5.24
Indiana,1976,1,20,0.595,-7.819,1.79634484197777,6.95
Indiana,1976,1,21,-2.297,-9.553,2.7576923370134,7.23
Indiana,1976,1,22,-6.185,-8.546,0,10.37
Indiana,1976,1,23,4.757,-16.996,0,11.35
Indiana,1976,1,24,1.699,-6.919,0,10.74
Indiana,1976,1,25,0.702,-10.847,15.61132727727,1.56
Indiana,1976,1,26,0.446,-6.001,0,5.73
Indiana,1976,1,27,-6.746,-17.441,0,12.48
Indiana,1976,1,28,2.309,-20.499,0,7.99
Indiana,1976,1,29,1.613,-4.46,0,8.11
Indiana,1976,1,30,0.718,-9.31,1.96678936299577,6.34
Indiana,1976,1,31,-0.397,-6.893,0,9.8
Indiana,1976,2,1,0.539,-10.293,4.44327294820823,7.25
Indiana,1976,2,2,-11.961,-23.707,0,13.11
Indiana,1976,2,3,-1.573,-23.139,0,12.04
Indiana,1976,2,4,-1.841,-7.319,0,9.99
Indiana,1976,2,5,-3.983,-6.783,10.4422152041366,3.65
Indiana,1976,2,6,-5.188,-11.662,0,12.82
Indiana,1976,2,7,-4.03,-14.534,0,14.22
Indiana,1976,2,8,0.258,-4.42,0,11.84
Indiana,1976,2,9,3.475,-14.289,0,13.93
Indiana,1976,2,10,18.393,3.532,0,11.91
Indiana,1976,2,11,14.445,-1.582,0,14.24
Indiana,1976,2,12,12.325,-1.029,0,13.48
Indiana,1976,2,13,10.275,3.437,0,13.53
Indiana,1976,2,14,7.175,-4.581,0,13.43
Indiana,1976,2,15,19.354,2.733,2.97696830341465,8.85
Indiana,1976,2,16,15.336,1.329,14.0564769505431,1.65
Indiana,1976,2,17,14.721,2.235,5.69542646405807,9.51
Indiana,1976,2,18,12.812,7.052,7.61477649200515,6.69
Indiana,1976,2,19,8.548,0.598,0,11.02
Indiana,1976,2,20,13.081,-3.148,0,14.94
Indiana,1976,2,21,14.478,7.6,37.5172419692262,2.73
Indiana,1976,2,22,6.527,-3.796,1.17245935626897,10.14
Indiana,1976,2,23,5.189,-6.851,0,16.15
Indiana,1976,2,24,16.628,2.374,0,14.4
Indiana,1976,2,25,17.214,9.4,0,12.62
Indiana,1976,2,26,15.197,8.167,0,16.17
Indiana,1976,2,27,18.881,3.434,0,16.64
Indiana,1976,2,28,15.188,4.705,0,13.06
Indiana,1976,2,29,16.326,8.203,0,6.78
Indiana,1976,3,1,15.4,2.457,2.20972647872486,7.64
Indiana,1976,3,2,19.848,13.948,6.09351992596885,5.63
Indiana,1976,3,3,18.576,10.523,2.53775208091156,2.78
Indiana,1976,3,4,21.883,3.933,13.9393210411072,6.68
Indiana,1976,3,5,20.393,2.431,9.49044823636314,17.97
Indiana,1976,3,6,5.493,-6.014,0,18.99
Indiana,1976,3,7,9.803,-3.484,0,16.79
Indiana,1976,3,8,5.905,-4.019,0,17.46
Indiana,1976,3,9,8.995,-1.826,0,18.47
Indiana,1976,3,10,8.808,0.442,6.45639896390549,6.86
Indiana,1976,3,11,9.928,-2.838,0,18.41
Indiana,1976,3,12,15.291,6.815,5.96674084658844,9.72
Indiana,1976,3,13,10.372,-2.965,0,12.37
Indiana,1976,3,14,10.932,-3.392,0,19.3
Indiana,1976,3,15,8.044,-1.835,0,15.1
Indiana,1976,3,16,4.608,-2.825,9.0857595205307,18.89
Indiana,1976,3,17,-0.203,-10.031,0,21.47
Indiana,1976,3,18,14.628,-4.106,0,17.29
Indiana,1976,3,19,20.61,11.207,0,19.94
Indiana,1976,3,20,17.784,15.165,8.06232094760162,3.83
Indiana,1976,3,21,15.416,3.264,2.76482999322525,16.12
Indiana,1976,3,22,8.02,-5.136,0,19.82
Indiana,1976,3,23,14.059,-3.484,0,21.33
Indiana,1976,3,24,19.884,7.028,0,18.08
Indiana,1976,3,25,17.259,6.643,7.93733596799484,20.74
Indiana,1976,3,26,21.456,12.002,0,12.29
Indiana,1976,3,27,19.358,5.496,12.4694671266639,8.77
Indiana,1976,3,28,14.566,-1.685,0,22.13
Indiana,1976,3,29,15.035,7.905,1.58995727059619,6.03
Indiana,1976,3,30,18.913,10.898,4.71234321594238,17.96
Indiana,1976,3,31,11.05,2.888,0,18.79
Indiana,1976,4,1,8.196,1.895,2.42922421989533,9.61
Indiana,1976,4,2,15.976,1.641,0,23.66
Indiana,1976,4,3,21.693,6.996,0,22.82
Indiana,1976,4,4,17.237,3.122,0,20.04
Indiana,1976,4,5,14.339,-3.165,0,23.52
Indiana,1976,4,6,18.003,6.113,0,23.13
Indiana,1976,4,7,16.324,2.243,0,24.12
Indiana,1976,4,8,9.632,-0.077,0,24.98
Indiana,1976,4,9,11.903,-3.337,0,25.13
Indiana,1976,4,10,17.1,1.197,0,24.76
Indiana,1976,4,11,14.356,3.981,3.2051801682087,21.13
Indiana,1976,4,12,11.195,-3.116,0,26.11
Indiana,1976,4,13,17.16,-1.431,0,25.81
Indiana,1976,4,14,23.544,5.021,0,23.83
Indiana,1976,4,15,25.786,15.86,0,19.9
Indiana,1976,4,16,26.343,17.693,0,23.64
Indiana,1976,4,17,25.992,16.951,0,23.98
Indiana,1976,4,18,26.294,15.915,0,21.72
Indiana,1976,4,19,23.41,13.047,0,19.95
Indiana,1976,4,20,24.918,9.68,5.67092895505539,16.29
Indiana,1976,4,21,22.905,14.48,7.18410309519868,16.46
Indiana,1976,4,22,23.512,9.252,0,22.9
Indiana,1976,4,23,24.026,10.149,1.09498873422353,21.26
Indiana,1976,4,24,24.938,15.974,1.72213810401445,16.57
Indiana,1976,4,25,18.011,4.26,26.1518654768906,11.63
Indiana,1976,4,26,9.673,1.725,0,22.74
Indiana,1976,4,27,8.976,-0.699,0,21.47
Indiana,1976,4,28,12.587,-0.587,0,21.07
Indiana,1976,4,29,16.462,-0.294,0,23.6
Indiana,1976,4,30,17.677,5.172,0,19.04
Indiana,1976,5,1,17.257,10.31,0,20.56
Indiana,1976,5,2,16.742,8.476,1.91168084961646,18.59
Indiana,1976,5,3,9.443,1.881,0,18.7
Indiana,1976,5,4,16.659,1.089,0,28.18
Indiana,1976,5,5,24.768,11.769,0,26.1
Indiana,1976,5,6,22.286,7.323,25.9008824825173,4.47
Indiana,1976,5,7,13.39,2.929,0,24.29
Indiana,1976,5,8,14.287,0.488,0,29.1
Indiana,1976,5,9,20.993,6.709,0,27.67
Indiana,1976,5,10,22.179,10.009,0,27.98
Indiana,1976,5,11,19.851,11.572,0,28.68
Indiana,1976,5,12,18.322,2.629,0,29.42
Indiana,1976,5,13,26.092,9.208,6.94377148784042,20.7
Indiana,1976,5,14,22.493,15.089,9.02563307516857,11.79
Indiana,1976,5,15,22.519,17.911,12.1315509080873,8.48
Indiana,1976,5,16,21.553,13.212,2.25738584994772,22.64
Indiana,1976,5,17,18.382,11.829,1.7168187133052,12.77
Indiana,1976,5,18,15.281,6.257,0,28.36
Indiana,1976,5,19,21.004,7.808,0,29.13
Indiana,1976,5,20,26.072,11.928,0,28.92
Indiana,1976,5,21,23.068,17.074,0,28.19
Indiana,1976,5,22,20.336,8.306,0,29.59
Indiana,1976,5,23,17.884,8.731,0,16.23
Indiana,1976,5,24,16.856,9.274,0,20.9
Indiana,1976,5,25,18.299,6.194,0,24.26
Indiana,1976,5,26,20.772,6.845,0,24.35
Indiana,1976,5,27,23.168,9.133,0,24.88
Indiana,1976,5,28,20.798,14.487,5.03900945176383,5.23
Indiana,1976,5,29,22.691,12.311,1.03325545779853,19.01
Indiana,1976,5,30,24.493,13.259,1.82758086224055,16.03
Indiana,1976,5,31,24.31,16.444,14.0322178601195,15.2
Indiana,1976,6,1,22.596,15.911,3.45990179857836,11.51
Indiana,1976,6,2,22.301,14.532,0,25.48
Indiana,1976,6,3,23.65,12.105,0,27.53
Indiana,1976,6,4,25.827,15.082,0,29.22
Indiana,1976,6,5,25.869,14.292,0,30.11
Indiana,1976,6,6,27.241,12.156,0,28.45
Indiana,1976,6,7,28.904,12.073,0,29.38
Indiana,1976,6,8,29.543,15.449,0,29.64
Indiana,1976,6,9,30.554,15.323,0,28.99
Indiana,1976,6,10,31.145,17.262,0,27.69
Indiana,1976,6,11,32.423,18.213,0,27.11
Indiana,1976,6,12,32.868,21.489,0,28.65
Indiana,1976,6,13,31.059,23.44,1.77384710013939,23.02
Indiana,1976,6,14,32.647,23.249,0,28.48
Indiana,1976,6,15,31.121,23.893,1.07862562606442,21.42
Indiana,1976,6,16,24.322,17.784,3.80387902259827,23.63
Indiana,1976,6,17,27.937,12.712,0,29.7
Indiana,1976,6,18,29.459,17.836,7.12492465972403,19.87
Indiana,1976,6,19,22.418,17.297,6.00310818655814,23.87
Indiana,1976,6,20,23.537,12.073,0,23.79
Indiana,1976,6,21,22.748,14.416,0,15.82
Indiana,1976,6,22,23.546,16.392,4.20445203781128,20.79
Indiana,1976,6,23,23.423,14.642,5.13222813606262,20.35
Indiana,1976,6,24,22.977,17.69,11.180602669981,6.27
Indiana,1976,6,25,25.477,17.406,0,24.04
Indiana,1976,6,26,28.003,13.663,0,29.77
Indiana,1976,6,27,30.856,17.185,0,28.04
Indiana,1976,6,28,30.316,21.002,2.32078433032257,22.63
Indiana,1976,6,29,28.295,17.314,0,22.05
Indiana,1976,6,30,24.907,15.626,13.4322941303253,20.56
Indiana,1976,7,1,24.805,13.777,0,28.66
Indiana,1976,7,2,25.745,15.482,0,21.19
Indiana,1976,7,3,25.812,16.231,0,26.58
Indiana,1976,7,4,25.74,15.591,0,24.11
Indiana,1976,7,5,27.251,15.616,0,26.37
Indiana,1976,7,6,28.287,16.039,0,24.73
Indiana,1976,7,7,28.361,17.793,0,21.31
Indiana,1976,7,8,28.23,19.16,0,24.05
Indiana,1976,7,9,31.654,17.707,0,27.15
Indiana,1976,7,10,34.319,23.061,0,27.97
Indiana,1976,7,11,32.872,24.509,0,24.4
Indiana,1976,7,12,30.945,18.986,0,28.34
Indiana,1976,7,13,27.614,13.408,0,29.35
Indiana,1976,7,14,33.619,20.028,0,25.61
Indiana,1976,7,15,32.087,22.349,5.29630045309659,21.43
Indiana,1976,7,16,26.923,20.865,11.399045586586,22.99
Indiana,1976,7,17,23.847,12.203,0,26.32
Indiana,1976,7,18,27.006,13.888,0,24.75
Indiana,1976,7,19,28.046,15.482,0,26.36
Indiana,1976,7,20,30.624,20.148,0,24.45
Indiana,1976,7,21,28.936,22.001,11.6681039332889,11.3
Indiana,1976,7,22,27.003,21.247,6.89268410195609,9.96
Indiana,1976,7,23,30.927,22.525,0,24.5
Indiana,1976,7,24,29.609,22.832,0,25.94
Indiana,1976,7,25,28.644,15.939,0,27.15
Indiana,1976,7,26,30.006,18.412,0,27.84
Indiana,1976,7,27,29.109,20.582,4.52820360660056,21.92
Indiana,1976,7,28,31.495,21.427,7.25106068512105,20.96
Indiana,1976,7,29,26.167,20.954,15.3896841396772,17.65
Indiana,1976,7,30,27.255,15.982,0,25.62
Indiana,1976,7,31,26.43,20.395,0,19.6
Indiana,1976,8,1,22.847,16.099,0,20.25
Indiana,1976,8,2,22.504,14.406,0,26.82
Indiana,1976,8,3,24.096,11.945,0,27.25
Indiana,1976,8,4,25.918,13.265,0,25.36
Indiana,1976,8,5,26.996,18.412,2.97965407361289,14.55
Indiana,1976,8,6,23.847,17.138,20.0849354266097,4.68
Indiana,1976,8,7,21.446,12.697,1.23459100723267,18.66
Indiana,1976,8,8,23.541,12.894,0,23.4
Indiana,1976,8,9,25.988,12.442,0,26.54
Indiana,1976,8,10,27.848,13.985,0,24.64
Indiana,1976,8,11,27.997,19.362,0,18.42
Indiana,1976,8,12,28.477,21.652,1.91115182428803,13.49
Indiana,1976,8,13,28.942,19.473,5.44009019569103,22.67
Indiana,1976,8,14,27.505,17.42,2.41033732879714,21.1
Indiana,1976,8,15,23.943,17.072,0,19.12
Indiana,1976,8,16,23.569,12.159,0,26.29
Indiana,1976,8,17,25.462,11.409,0,26.2
Indiana,1976,8,18,27.529,12.683,0,26.1
Indiana,1976,8,19,29.039,14.217,0,25.61
Indiana,1976,8,20,29.948,15.67,0,24.86
Indiana,1976,8,21,29.169,16.628,0,23.69
Indiana,1976,8,22,29.534,19.269,0,20.8
Indiana,1976,8,23,30.091,17.846,0,17.97
Indiana,1976,8,24,30.416,20.757,0,18.27
Indiana,1976,8,25,29.318,20.873,0,14.33
Indiana,1976,8,26,29.408,20.093,6.59846961389121,17.41
Indiana,1976,8,27,32.442,20.916,0,21.77
Indiana,1976,8,28,29.062,22.74,0,20.32
Indiana,1976,8,29,25.225,15.732,0,21.35
Indiana,1976,8,30,25.11,10.674,0,23.7
Indiana,1976,8,31,29.279,16.035,0,21.48
Indiana,1976,9,1,26.76,18.584,0,15.02
Indiana,1976,9,2,25.19,16.049,0,21.17
Indiana,1976,9,3,28.143,15.453,0,22.44
Indiana,1976,9,4,28.802,19.025,0,21.97
Indiana,1976,9,5,24.216,14.927,0,22.06
Indiana,1976,9,6,25.826,11.482,0,22.46
Indiana,1976,9,7,29,12.764,0,22.81
Indiana,1976,9,8,30.79,15.012,0,20.57
Indiana,1976,9,9,28.572,19.054,15.7703995704601,6.02
Indiana,1976,9,10,20.093,11.274,0,21.87
Indiana,1976,9,11,26.46,12.028,0,21.72
Indiana,1976,9,12,26.766,13.138,0,21.77
Indiana,1976,9,13,28.379,14.327,0,21.43
Indiana,1976,9,14,29.305,17.388,0,18.93
Indiana,1976,9,15,25.581,18.021,0,13.91
Indiana,1976,9,16,21.468,12.504,0,11.72
Indiana,1976,9,17,23.685,14.505,0,14.15
Indiana,1976,9,18,25.347,11.855,0,16.88
Indiana,1976,9,19,29.58,13.356,0,19.2
Indiana,1976,9,20,25.834,17.82,0,10.71
Indiana,1976,9,21,18.364,9.704,0,17.92
Indiana,1976,9,22,20.894,6.49,0,20.14
Indiana,1976,9,23,19.584,16.498,2.37427366619158,15.9
Indiana,1976,9,24,19.366,6.293,0,19.91
Indiana,1976,9,25,19.901,8.468,0,8.39
Indiana,1976,9,26,19.147,11.852,24.3052124976089,3.54
Indiana,1976,9,27,19.368,13.493,0,9.71
Indiana,1976,9,28,17.565,10.27,0,13.89
Indiana,1976,9,29,20.038,9.865,0,12.37
Indiana,1976,9,30,21.433,11.176,0,17.95
Indiana,1976,10,1,24,9.191,0,18.22
Indiana,1976,10,2,26.537,9.625,0,17.92
Indiana,1976,10,3,26.389,10.831,0,18.01
Indiana,1976,10,4,26.228,14.044,0,16.74
Indiana,1976,10,5,22.725,17.085,7.72336423386832,9
Indiana,1976,10,6,17.313,9.935,30.4019480942657,4.76
Indiana,1976,10,7,11.633,8.25,0,11.7
Indiana,1976,10,8,12.924,6.443,0,11.83
Indiana,1976,10,9,11.36,6.351,0,8.84
Indiana,1976,10,10,15.521,3.354,0,10.66
Indiana,1976,10,11,18.802,6.275,0,16.37
Indiana,1976,10,12,23.957,11.372,0,15.45
Indiana,1976,10,13,20.929,12.335,0,16.09
Indiana,1976,10,14,18.292,4.939,0,16.04
Indiana,1976,10,15,16.35,12.293,0,15.7
Indiana,1976,10,16,10.988,3.295,0,9.36
Indiana,1976,10,17,8.163,2.984,0,10.38
Indiana,1976,10,18,9.867,-1.164,0,12.95
Indiana,1976,10,19,7.842,4.461,6.54869079579612,3.54
Indiana,1976,10,20,8.614,3.8,2.71051435538538,10.36
Indiana,1976,10,21,8.782,2.285,0,13.01
Indiana,1976,10,22,5.848,-2.601,0,15.14
Indiana,1976,10,23,8.299,-1.959,8.42243432998657,3.08
Indiana,1976,10,24,13.025,8.388,10.5356111354808,3.93
Indiana,1976,10,25,10.053,6.53,0,7.5
Indiana,1976,10,26,8.328,1.856,0,10.65
Indiana,1976,10,27,5.919,-0.048,0,12.44
Indiana,1976,10,28,7.698,-3.988,0,13.9
Indiana,1976,10,29,11.177,-0.573,0,12.69
Indiana,1976,10,30,7.592,4.806,9.85169708718558,1.76
Indiana,1976,10,31,10.475,5.399,1.67960802389189,8.92
Indiana,1976,11,1,9.93,-2.964,0,12.74
Indiana,1976,11,2,13.509,4.2,0,9.05
Indiana,1976,11,3,10.243,3.099,0,12.2
Indiana,1976,11,4,5.235,-0.387,0,8.46
Indiana,1976,11,5,6.496,-2.028,0,11.56
Indiana,1976,11,6,10.878,0.98,0,10.75
Indiana,1976,11,7,7.061,-0.48,0,11.27
Indiana,1976,11,8,1.314,-5.819,0,11.55
Indiana,1976,11,9,12.26,-0.847,0,11.78
Indiana,1976,11,10,9.078,-0.159,0,6.01
Indiana,1976,11,11,2.686,-2.748,0,8.26
Indiana,1976,11,12,2.096,-5.735,0,10.57
Indiana,1976,11,13,2.679,-7.019,0,11.58
Indiana,1976,11,14,2.39,-6.531,0,11.49
Indiana,1976,11,15,3.937,-5.805,0,11.4
Indiana,1976,11,16,7.17,-4.563,0,11.1
Indiana,1976,11,17,9.065,-0.721,0,10.22
Indiana,1976,11,18,11.974,-1.537,0,10.71
Indiana,1976,11,19,10.748,1.506,0,10.81
Indiana,1976,11,20,8.28,-1.808,0,10.61
Indiana,1976,11,21,3.251,0.328,1.686855310993,8.13
Indiana,1976,11,22,1.295,-2.697,0,6.94
Indiana,1976,11,23,0.644,-3.8,0,9.6
Indiana,1976,11,24,4.357,-5.82,0,7.91
Indiana,1976,11,25,13.372,-0.377,0,8.26
Indiana,1976,11,26,12.978,10.545,10.6968164442947,1.13
Indiana,1976,11,27,11.496,0.934,10.1851999758651,6.14
Indiana,1976,11,28,-0.102,-7.793,0,8.31
Indiana,1976,11,29,-7.504,-13.13,0,9.94
Indiana,1976,11,30,-3.67,-11.022,0,8.36
Indiana,1976,12,1,-0.446,-5.81,1.44554494630711,4.55
Indiana,1976,12,2,-4.936,-9.698,0,9.17
Indiana,1976,12,3,1.54,-11.932,0,3.45
Indiana,1976,12,4,-0.308,-6.872,0,8.33
Indiana,1976,12,5,0.244,-9.812,0,8.27
Indiana,1976,12,6,3.902,-3.364,2.7526795863082,3.64
Indiana,1976,12,7,-0.283,-9.089,5.89156448836547,6.99
Indiana,1976,12,8,-6.397,-11.401,0,9.49
Indiana,1976,12,9,1.759,-14.789,0,9.12
Indiana,1976,12,10,4.936,-0.902,0,1.53
Indiana,1976,12,11,1.038,-8.413,0,7.86
Indiana,1976,12,12,2.212,-4.483,0,8.29
Indiana,1976,12,13,-2.345,-12.145,0,9.28
Indiana,1976,12,14,6.901,-5.733,0,9.1
Indiana,1976,12,15,7.269,-4.252,0,8.83
Indiana,1976,12,16,1.448,-2.839,0,4.89
Indiana,1976,12,17,5.343,-2.48,0,8.79
Indiana,1976,12,18,8.729,-4.308,0,8.73
Indiana,1976,12,19,12.642,1.8,0,8.25
Indiana,1976,12,20,9.912,-5.525,2.91315615176657,5.33
Indiana,1976,12,21,-6.419,-13.495,0,9.35
Indiana,1976,12,22,0.55,-10.301,0,7.83
Indiana,1976,12,23,-0.31,-9.195,1.12770497787551,8.97
Indiana,1976,12,24,2.03,-10.932,0,8.59
Indiana,1976,12,25,2.717,-1.973,0,6.37
Indiana,1976,12,26,1.732,-4.517,0,6.69
Indiana,1976,12,27,6.189,-9.076,0,6.96
Indiana,1976,12,28,2.449,-6.059,0,5.99
Indiana,1976,12,29,-6.535,-15.124,0,8.42
Indiana,1976,12,30,-4.672,-13.61,2.46467373818859,5.41
Indiana,1976,12,31,-10.689,-18.938,0,9.69
Indiana,1977,1,1,-10.648,-16.93,0,9.76
Indiana,1977,1,2,-6.049,-15.161,0,7.02
Indiana,1977,1,3,-1.19,-7.446,1.42188368135976,9.01
Indiana,1977,1,4,-1.33,-5.076,0,5.22
Indiana,1977,1,5,-3.856,-9.189,3.96693944929893,9.84
Indiana,1977,1,6,-4.784,-17.571,0,6.62
Indiana,1977,1,7,-4.656,-14.262,1.7930791264007,10
Indiana,1977,1,8,-3.727,-19.395,0,6.21
Indiana,1977,1,9,-8.458,-16.568,3.61770391464233,4.71
Indiana,1977,1,10,-11.529,-16.211,8.98116230956703,7.62
Indiana,1977,1,11,-16.149,-25.16,0,10.95
Indiana,1977,1,12,-11.746,-19.316,0,10.88
Indiana,1977,1,13,-5.135,-26.479,4.25601303567191,3.41
Indiana,1977,1,14,-2.744,-8.051,1.19815766811371,6.18
Indiana,1977,1,15,-6.768,-12.942,0,7.59
Indiana,1977,1,16,-14.275,-26.158,0,11.59
Indiana,1977,1,17,-21.132,-27.119,0,11.45
Indiana,1977,1,18,-11.165,-22.521,0,9.31
Indiana,1977,1,19,-7.191,-16.547,0,10.64
Indiana,1977,1,20,-6.949,-10.586,2.22476408634975,5.88
Indiana,1977,1,21,-4.911,-9.076,0,8.44
Indiana,1977,1,22,-9.632,-17.227,0,11.28
Indiana,1977,1,23,-3.946,-17.566,0,8.64
Indiana,1977,1,24,-0.831,-4.158,0,5.81
Indiana,1977,1,25,-1.894,-5.352,1.14848017682334,7.39
Indiana,1977,1,26,-1.182,-10.215,1.24989306743828,7.67
Indiana,1977,1,27,-11.162,-18.773,0,12.07
Indiana,1977,1,28,-3.123,-23.572,2.14301454690258,12.88
Indiana,1977,1,29,-15.137,-22.49,0,13.31
Indiana,1977,1,30,-14.582,-18.821,0,12.66
Indiana,1977,1,31,-10.394,-16.474,0,13.54
Indiana,1977,2,1,-9.684,-14.593,0,12.42
Indiana,1977,2,2,-2.272,-15.407,0,11.03
Indiana,1977,2,3,0.609,-1.977,3.94611312322013,11.19
Indiana,1977,2,4,0.17,-4.85,4.96806502331992,5.61
Indiana,1977,2,5,-3.074,-14.618,0,12.52
Indiana,1977,2,6,-12.897,-23.199,0,14.5
Indiana,1977,2,7,-9.282,-24.308,0,14.55
Indiana,1977,2,8,-3.489,-19.283,0,13.65
Indiana,1977,2,9,4.971,-6.963,0,13.04
Indiana,1977,2,10,9.319,-0.31,0,13.81
Indiana,1977,2,11,12.439,1.654,0,13.79
Indiana,1977,2,12,7.434,1.407,5.77645003795624,4.04
Indiana,1977,2,13,4.21,0.139,0,5.93
Indiana,1977,2,14,1.142,-3.469,1.82096660137177,7.75
Indiana,1977,2,15,-2.343,-8.905,0,8.79
Indiana,1977,2,16,-3.887,-11.662,0,14.96
Indiana,1977,2,17,1.914,-8.871,0,14.11
Indiana,1977,2,18,8.321,-2.08,0,12.12
Indiana,1977,2,19,3.637,-1.871,1.09784001716662,5.5
Indiana,1977,2,20,0.508,-6.411,0,10.73
Indiana,1977,2,21,0.483,-9.008,0,12.1
Indiana,1977,2,22,16.271,-0.887,0,14.5
Indiana,1977,2,23,16.075,10.446,2.66084372987052,4.96
Indiana,1977,2,24,13.493,4.177,22.1458781145429,4.16
Indiana,1977,2,25,8.967,4.685,1.00368261246331,14.73
Indiana,1977,2,26,5.792,-1.217,8.14148187636832,4.42
Indiana,1977,2,27,0.192,-4.352,8.5688308940739,9.21
Indiana,1977,2,28,2,-7.805,0,16.43
Indiana,1977,3,1,-0.677,-9.061,0,18.31
Indiana,1977,3,2,3.145,-9.68,0,15.5
Indiana,1977,3,3,8.599,-0.122,9.21788119979183,3.59
Indiana,1977,3,4,8.768,6.105,15.3673350810095,9.78
Indiana,1977,3,5,5.555,0.973,0,8.47
Indiana,1977,3,6,7.131,-4.218,0,17.03
Indiana,1977,3,7,7.832,-4.54,0,18.57
Indiana,1977,3,8,17.217,-1.087,0,18.26
Indiana,1977,3,9,16.546,7.679,0,14.7
Indiana,1977,3,10,17.471,6.587,0,16.09
Indiana,1977,3,11,20.602,8.039,0,15.84
Indiana,1977,3,12,19.428,14.628,14.665591716664,6.59
Indiana,1977,3,13,15.814,6.986,3.0970311489682,6.04
Indiana,1977,3,14,17.909,5.082,0,17.79
Indiana,1977,3,15,22.045,9.464,0,18.16
Indiana,1977,3,16,15.445,2.611,0,20.68
Indiana,1977,3,17,10.323,-0.511,2.12215185155173,11.71
Indiana,1977,3,18,9.882,4.076,20.6807851791382,6.8
Indiana,1977,3,19,7.816,-3.689,0,16.88
Indiana,1977,3,20,8.08,1.215,7.16417431823402,13.14
Indiana,1977,3,21,12.812,0.575,0,15.83
Indiana,1977,3,22,9.654,-2.606,28.157091140713,22.58
Indiana,1977,3,23,6.369,-6.931,0,19.03
Indiana,1977,3,24,5.364,-7.634,0,22.11
Indiana,1977,3,25,13.84,-3.346,0,22.07
Indiana,1977,3,26,17.388,1.186,0,21.64
Indiana,1977,3,27,15.728,9.159,13.2592378841991,5.53
Indiana,1977,3,28,17.421,14.032,31.742332669694,9.17
Indiana,1977,3,29,21.912,12.065,3.17864120006561,22.25
Indiana,1977,3,30,20.307,15.064,0,20.65
Indiana,1977,3,31,14.988,5.524,0,9.82
Indiana,1977,4,1,14.88,2.122,0,20.49
Indiana,1977,4,2,21.642,11.39,15.1631295667016,7.51
Indiana,1977,4,3,17.826,4.277,0,22.68
Indiana,1977,4,4,15.821,5.441,9.72544114137008,7.28
Indiana,1977,4,5,9.206,0.752,2.14185118665,15.64
Indiana,1977,4,6,6.049,-1.099,0,20.89
Indiana,1977,4,7,17.271,0.722,1.10499262808617,21.88
Indiana,1977,4,8,12.745,-1.068,0,25.2
Indiana,1977,4,9,13.552,-2.03,0,21.02
Indiana,1977,4,10,24.858,7.498,0,24.58
Indiana,1977,4,11,25.296,13.963,0,24.52
Indiana,1977,4,12,25.381,14.323,0,24.57
Indiana,1977,4,13,25.457,15.336,0,23.38
Indiana,1977,4,14,23.543,10.918,0,19.86
Indiana,1977,4,15,24.191,10.216,0,23.7
Indiana,1977,4,16,26.055,11.413,0,22.25
Indiana,1977,4,17,27.664,14.654,0,20.72
Indiana,1977,4,18,27.945,16.039,0,22.15
Indiana,1977,4,19,23.686,16.831,1.52555108070374,14.75
Indiana,1977,4,20,25.904,15.872,1.48235857466261,20.45
Indiana,1977,4,21,23.721,17.437,2.86957237968366,5.24
Indiana,1977,4,22,17.201,12.233,9.26883602018691,4.12
Indiana,1977,4,23,14.797,10.477,6.90536201000214,5.83
Indiana,1977,4,24,15.324,5.483,0,23.71
Indiana,1977,4,25,10.498,5.117,2.97563672065593,9.64
Indiana,1977,4,26,17.371,2.172,0,26.2
Indiana,1977,4,27,24.673,5.55,0,26.7
Indiana,1977,4,28,21.71,8.963,12.4636590480804,5.61
Indiana,1977,4,29,15.703,-0.093,0,28.1
Indiana,1977,4,30,18.297,3.222,0,23.15
Indiana,1977,5,1,23.65,10.622,0,17.51
Indiana,1977,5,2,20.204,15.414,29.7688871621062,4.66
Indiana,1977,5,3,22.893,13.9,4.03871471377215,14.8
Indiana,1977,5,4,23.287,15.827,16.3420909506158,12.43
Indiana,1977,5,5,27.416,17.406,10.6809169053577,21.37
Indiana,1977,5,6,25.123,16.127,14.829493434604,7.75
Indiana,1977,5,7,21.078,13.866,1.62304341792563,24.86
Indiana,1977,5,8,19.938,4.081,0,28.73
Indiana,1977,5,9,13.534,2.972,0,29.31
Indiana,1977,5,10,16.748,1.141,0,29.04
Indiana,1977,5,11,19.857,6.833,0,26.07
Indiana,1977,5,12,22.587,6.873,0,28.91
Indiana,1977,5,13,25.573,12.092,0,28.49
Indiana,1977,5,14,26.76,12.982,0,27.58
Indiana,1977,5,15,27.151,12.369,0,25.5
Indiana,1977,5,16,28.485,15.453,0,27.92
Indiana,1977,5,17,29.545,17.897,0,26.26
Indiana,1977,5,18,29.164,18.184,0,26.29
Indiana,1977,5,19,29.991,17.262,0,27.27
Indiana,1977,5,20,29.731,16.5,0,26.66
Indiana,1977,5,21,30.206,16.367,1.72746181488037,26.28
Indiana,1977,5,22,28.259,20.422,0,24.06
Indiana,1977,5,23,28.231,17.637,0,25.6
Indiana,1977,5,24,28.913,17.141,0,25.77
Indiana,1977,5,25,29.586,17.432,0,25.82
Indiana,1977,5,26,28.057,18.103,0,28.98
Indiana,1977,5,27,28.418,14.48,0,29.41
Indiana,1977,5,28,30.09,16.056,0,25.82
Indiana,1977,5,29,30.644,17.347,0,24.62
Indiana,1977,5,30,29.053,18.639,0,24.31
Indiana,1977,5,31,29.361,20.262,0,23.86
Indiana,1977,6,1,25.756,17.406,0,21.52
Indiana,1977,6,2,22.04,12.25,0,25.1
Indiana,1977,6,3,24.398,8.033,0,30.21
Indiana,1977,6,4,30.042,14.244,0,29.25
Indiana,1977,6,5,31.567,20.644,2.12762945841405,16.51
Indiana,1977,6,6,26.092,18.255,2.98770070071441,26.17
Indiana,1977,6,7,20.029,9.103,0,30.66
Indiana,1977,6,8,22.351,10.861,19.2029029130936,17.65
Indiana,1977,6,9,19.958,9.295,3.70595976655963,28.89
Indiana,1977,6,10,21.625,10.07,0,23.06
Indiana,1977,6,11,27.647,14.353,4.88583743572235,22.54
Indiana,1977,6,12,25.423,18.305,0,10.25
Indiana,1977,6,13,23.221,16.068,0,17.08
Indiana,1977,6,14,24.409,14.006,0,22.06
Indiana,1977,6,15,26.74,14.016,0,28.89
Indiana,1977,6,16,29.729,16.784,0,25.42
Indiana,1977,6,17,30.203,20.926,2.22344994472223,24.71
Indiana,1977,6,18,29.036,22.293,1.03928446725376,24.56
Indiana,1977,6,19,27.46,16.721,0,24.1
Indiana,1977,6,20,27.884,17.448,0,26.92
Indiana,1977,6,21,25.625,12.886,0,28.78
Indiana,1977,6,22,24.202,17.202,4.71334159374237,11.06
Indiana,1977,6,23,23.724,13.953,0,15.56
Indiana,1977,6,24,28.411,18.604,1.27243995655135,16.18
Indiana,1977,6,25,28.644,20.695,6.11950755109092,18.07
Indiana,1977,6,26,28.483,15.755,0,29.93
Indiana,1977,6,27,27.263,18.242,5.56354376146828,13.36
Indiana,1977,6,28,30.446,19.476,3.58107984055778,22.8
Indiana,1977,6,29,26.411,16.216,1.34174227707717,28.18
Indiana,1977,6,30,29.818,17.368,12.6980662334972,13.48
Indiana,1977,7,1,25.864,15.453,1.72711722188978,29.13
Indiana,1977,7,2,26.357,13.289,0,29.01
Indiana,1977,7,3,29.198,16.947,0,25.16
Indiana,1977,7,4,33.116,22.255,0,27.17
Indiana,1977,7,5,33.996,23.056,0,28.76
Indiana,1977,7,6,34.527,23.869,0,28.57
Indiana,1977,7,7,34.519,24.614,4.12464986806071,26.51
Indiana,1977,7,8,30.285,21.568,0,22.07
Indiana,1977,7,9,29.449,21.343,1.34457051751724,25.77
Indiana,1977,7,10,29.49,19.355,0,27.27
Indiana,1977,7,11,28.559,21.204,2.42912692658592,19.85
Indiana,1977,7,12,30.469,22.187,4.10611408113937,12.49
Indiana,1977,7,13,32.244,21.656,0,27.41
Indiana,1977,7,14,33.417,23.086,0,22.77
Indiana,1977,7,15,34.856,24.122,0,26.77
Indiana,1977,7,16,33.447,23.558,0,21.32
Indiana,1977,7,17,33.099,23.766,10.5293875733992,21.83
Indiana,1977,7,18,32.856,23.466,1.81214384485884,25.58
Indiana,1977,7,19,33.64,24.511,0,25.02
Indiana,1977,7,20,32.642,23.204,2.28087902064544,23.13
Indiana,1977,7,21,31.48,23.467,9.51628292023088,18.78
Indiana,1977,7,22,27.509,19.07,0,28.25
Indiana,1977,7,23,28.393,14.827,0,28.73
Indiana,1977,7,24,29.718,18.461,1.60774588573531,18.81
Indiana,1977,7,25,27.37,22.774,3.05873453612548,22.93
Indiana,1977,7,26,23.705,14.48,0,27.71
Indiana,1977,7,27,26.142,12.556,0,28.29
Indiana,1977,7,28,28.756,14.625,0,28.04
Indiana,1977,7,29,29.088,18.371,2.5380880464354,21.95
Indiana,1977,7,30,30.26,17.786,0,22.53
Indiana,1977,7,31,29.965,21.221,7.67016410827637,19.82
Indiana,1977,8,1,27.684,16.373,0,25.64
Indiana,1977,8,2,27.421,14.066,1.9085645675645,21.03
Indiana,1977,8,3,28.821,18.176,0,22.93
Indiana,1977,8,4,31.122,19.232,0,22.46
Indiana,1977,8,5,30.012,21.322,18.2525591812919,19.2
Indiana,1977,8,6,28.713,21.724,27.3872494696548,14.76
Indiana,1977,8,7,28.161,21.756,9.50910329174803,12.5
Indiana,1977,8,8,27.409,21.978,16.3593196372176,11.3
Indiana,1977,8,9,27.494,20.397,12.6027498118333,11.06
Indiana,1977,8,10,27.676,22.068,23.0228651689117,12.82
Indiana,1977,8,11,26.866,19.18,3.10019253720384,17.5
Indiana,1977,8,12,23.901,13.59,0,26.03
Indiana,1977,8,13,25.741,16.5,2.00182742833022,15.13
Indiana,1977,8,14,26.027,19.041,0,17.59
Indiana,1977,8,15,27.472,17.271,0,21.85
Indiana,1977,8,16,27.723,21.614,1.81798011601586,12.21
Indiana,1977,8,17,25.126,17.708,0,20.29
Indiana,1977,8,18,21.75,13.855,0,18.59
Indiana,1977,8,19,21.871,11.501,0,19.25
Indiana,1977,8,20,23.026,14.707,1.94504261016348,17.2
Indiana,1977,8,21,24.066,16.454,6.25860691070912,12.87
Indiana,1977,8,22,24.116,14.411,0,22.58
Indiana,1977,8,23,25.097,15.983,1.99944972985122,13.95
Indiana,1977,8,24,22.282,14.762,3.14436852931976,23.71
Indiana,1977,8,25,23.935,12.093,0,24.2
Indiana,1977,8,26,28.922,15.584,0,20.55
Indiana,1977,8,27,30.606,23.348,0,20.95
Indiana,1977,8,28,30.287,23.711,4.17333667030562,21.04
Indiana,1977,8,29,25.528,19.097,27.0117968320847,15.88
Indiana,1977,8,30,26.498,15.383,0,18.89
Indiana,1977,8,31,30.161,19.009,0,20.73
Indiana,1977,9,1,30.537,22.64,2.1138405419947,19.1
Indiana,1977,9,2,28.936,20.837,14.3681466579437,15.13
Indiana,1977,9,3,24.811,17.339,0,19.83
Indiana,1977,9,4,27.09,17.518,0,18.99
Indiana,1977,9,5,25.628,19.871,3.08230817307731,12.1
Indiana,1977,9,6,26.112,15.742,0,18.59
Indiana,1977,9,7,26.895,16.433,0,20.84
Indiana,1977,9,8,26.41,14.717,0,21.21
Indiana,1977,9,9,27.28,18.146,0,17.4
Indiana,1977,9,10,22.792,13.206,0,21.79
Indiana,1977,9,11,22.929,9.948,0,21.72
Indiana,1977,9,12,20.941,15.247,22.1483558416367,2.8
Indiana,1977,9,13,20.603,17.219,63.3799880743027,2.41
Indiana,1977,9,14,20.428,13.216,11.4897578953901,18.39
Indiana,1977,9,15,25.135,14.161,25.8323709328465,6.69
Indiana,1977,9,16,23.969,19.081,0,13.58
Indiana,1977,9,17,25.678,18.453,4.61915433396598,12.1
Indiana,1977,9,18,26.643,19.985,1.29657983774223,11.13
Indiana,1977,9,19,23.859,19.457,15.617847442627,11.32
Indiana,1977,9,20,18.691,14.998,0,7.34
Indiana,1977,9,21,18.803,9.942,0,15.45
Indiana,1977,9,22,23.977,12.675,0,15.97
Indiana,1977,9,23,25.335,14.713,0,12.37
Indiana,1977,9,24,23.193,19.832,10.4498979347909,5.17
Indiana,1977,9,25,24.991,14.965,0,17.61
Indiana,1977,9,26,23.308,14.362,10.0307862149407,18.91
Indiana,1977,9,27,20.245,13.371,0,16.96
Indiana,1977,9,28,19.717,13.602,0,17.28
Indiana,1977,9,29,21.623,8.924,0,17.9
Indiana,1977,9,30,23.284,12.221,0,16.63
Indiana,1977,10,1,21.013,15.77,22.2532540559719,5.37
Indiana,1977,10,2,15.174,10.098,1.31991505622864,13.22
Indiana,1977,10,3,15.344,7.945,0,12.78
Indiana,1977,10,4,17.421,3.782,0,17.94
Indiana,1977,10,5,18.6,10.914,1.02546215057231,4.95
Indiana,1977,10,6,15.909,6.641,0,17.44
Indiana,1977,10,7,12.562,5.12,5.51833510388633,5.29
Indiana,1977,10,8,17.849,10.216,18.9440190792034,11.33
Indiana,1977,10,9,12.075,7.015,0,7.54
Indiana,1977,10,10,16.102,4.278,0,14.38
Indiana,1977,10,11,13.942,5.542,4.21260549575209,10.47
Indiana,1977,10,12,10.295,3.664,0,12.92
Indiana,1977,10,13,12.518,1.439,0,16.3
Indiana,1977,10,14,15.685,2.328,0,16.08
Indiana,1977,10,15,12.198,7.896,3.86166475294658,5.34
Indiana,1977,10,16,9.582,3.63,0,13.15
Indiana,1977,10,17,14.612,1.026,0,15.42
Indiana,1977,10,18,12.897,7.468,0,9.76
Indiana,1977,10,19,12.974,6.131,0,7.93
Indiana,1977,10,20,15.153,3.545,0,13.61
Indiana,1977,10,21,19.517,6.769,0,14.51
Indiana,1977,10,22,18.028,10.66,0,10.03
Indiana,1977,10,23,16.976,9.179,2.98520028582061,7.85
Indiana,1977,10,24,20.651,10.648,0,11.46
Indiana,1977,10,25,17.748,13.627,8.93602584835662,5.43
Indiana,1977,10,26,17.522,11.881,3.35210561752319,8.71
Indiana,1977,10,27,18.223,4.744,0,13.43
Indiana,1977,10,28,16.552,8.878,0,10.42
Indiana,1977,10,29,15.341,5.751,0,13.29
Indiana,1977,10,30,16.083,4.279,0,13.07
Indiana,1977,10,31,18.547,9.64,2.87577807893058,4.58
Indiana,1977,11,1,16.938,12.948,14.6455466747284,6.23
Indiana,1977,11,2,21.075,13.141,0,10.8
Indiana,1977,11,3,21.497,14.727,0,5.66
Indiana,1977,11,4,19.079,14.687,0,5.01
Indiana,1977,11,5,17.876,12.864,0,4.38
Indiana,1977,11,6,21.363,14.029,0,4.88
Indiana,1977,11,7,18.029,15.062,10.2646350860596,1.87
Indiana,1977,11,8,18.775,14.797,1.52203440666199,5.22
Indiana,1977,11,9,18.634,15.124,1.51571035377174,3.82
Indiana,1977,11,10,15.393,2.771,1.669186353638,6.84
Indiana,1977,11,11,4.823,0.586,0,9.95
Indiana,1977,11,12,3.734,-2.428,0,9.6
Indiana,1977,11,13,5.194,-3.515,0,10.9
Indiana,1977,11,14,11.728,1.252,1.77460908889771,9.4
Indiana,1977,11,15,13.702,6.607,1.95712846777951,4.67
Indiana,1977,11,16,12.678,7.839,3.91355454638642,9.19
Indiana,1977,11,17,8.676,2.629,0,9.99
Indiana,1977,11,18,7.227,3.126,0,9.48
Indiana,1977,11,19,6.192,0.67,2.72897779941061,3.55
Indiana,1977,11,20,15.217,5.565,1.45496428012848,3.35
Indiana,1977,11,21,14.512,-0.029,2.48726308342384,9.97
Indiana,1977,11,22,4.163,-3.204,0,4.72
Indiana,1977,11,23,6.637,1.406,0,1.43
Indiana,1977,11,24,4.012,-0.255,0,6.88
Indiana,1977,11,25,1.853,-6.608,6.82554841040428,3.38
Indiana,1977,11,26,-7.262,-14.368,0,10.86
Indiana,1977,11,27,-1.548,-8.549,8.19229357421136,2.94
Indiana,1977,11,28,-1.797,-9.383,0,9.14
Indiana,1977,11,29,-0.153,-9.519,0,8.66
Indiana,1977,11,30,1.494,-3.533,7.41196528815635,1.29
Indiana,1977,12,1,4.857,0.26,9.83401019811936,5.32
Indiana,1977,12,2,5.577,-1.761,0,8.3
Indiana,1977,12,3,0.544,-3.993,7.11095105077675,8.6
Indiana,1977,12,4,0.315,-9.48,0,8.43
Indiana,1977,12,5,-0.501,-3.054,17.0850134974785,4.15
Indiana,1977,12,6,-1.485,-17.354,4.33572530738502,8.21
Indiana,1977,12,7,-14.588,-20.375,0,10.11
Indiana,1977,12,8,0.257,-16.826,11.4550381490517,2.59
Indiana,1977,12,9,0.297,-19.104,5.56722283363342,9.47
Indiana,1977,12,10,-17.906,-22.589,0,9.75
Indiana,1977,12,11,-14.24,-24.398,0,9.73
Indiana,1977,12,12,2.945,-14.073,0,4.67
Indiana,1977,12,13,4.844,2.561,1.59860870451212,1.84
Indiana,1977,12,14,4.525,1.772,8.69855582709533,3.66
Indiana,1977,12,15,4.779,-1.913,0,6.34
Indiana,1977,12,16,12.378,0.62,0,8.74
Indiana,1977,12,17,14.014,8.282,2.44681239121292,3.41
Indiana,1977,12,18,11.084,2.595,2.08778357927031,3.17
Indiana,1977,12,19,8.035,2.218,0,7.58
Indiana,1977,12,20,5.754,-4.147,12.4408304691315,2.13
Indiana,1977,12,21,-3.224,-6.527,4.19904589648468,3.81
Indiana,1977,12,22,-1.734,-6.816,1.13734895586504,8.88
Indiana,1977,12,23,3.825,-1.67,0,9.07
Indiana,1977,12,24,7.55,-7.451,1.2331783549584,3.11
Indiana,1977,12,25,5.589,-12.583,0,6.98
Indiana,1977,12,26,-6.307,-15.144,0,8.39
Indiana,1977,12,27,-6.867,-14.74,0,9.51
Indiana,1977,12,28,-0.689,-13.26,0,5.29
Indiana,1977,12,29,4.82,-7.258,0,9.24
Indiana,1977,12,30,4.212,-4.21,0,9.06
Indiana,1977,12,31,4.308,-4.275,0,5.56
Indiana,1978,1,1,1.003,-4.294,6.60133659829398,3.5
Indiana,1978,1,2,-5.117,-16.614,0,7.92
Indiana,1978,1,3,-4.328,-11.504,0,9.71
Indiana,1978,1,4,4.786,-7.064,0,8.34
Indiana,1978,1,5,1.174,-1.273,4.14681434619979,2.79
Indiana,1978,1,6,4.115,-1.349,0,2.99
Indiana,1978,1,7,6.598,1.6,2.18628836427115,2.37
Indiana,1978,1,8,4.559,-10.187,1.54860285078939,2.94
Indiana,1978,1,9,-11.429,-18.315,0,9.91
Indiana,1978,1,10,-15.037,-21.678,0,11.22
Indiana,1978,1,11,-10.283,-20.324,0,11.1
Indiana,1978,1,12,-6.653,-15.55,1.86439156522056,4.54
Indiana,1978,1,13,-5.19,-8.139,2.78534293164512,4.52
Indiana,1978,1,14,-4.979,-6.895,1.60337044104608,7.61
Indiana,1978,1,15,-6.677,-17.244,0,11.44
Indiana,1978,1,16,-7.032,-15.604,4.03444019315202,5.45
Indiana,1978,1,17,-6.801,-9.587,5.96931576728821,7.47
Indiana,1978,1,18,-8.285,-16.824,0,11.31
Indiana,1978,1,19,-4.795,-17.028,1.04773640623534,6.83
Indiana,1978,1,20,-5.143,-7.285,5.20460009573753,7.42
Indiana,1978,1,21,-6.089,-15.424,0,11.87
Indiana,1978,1,22,-8.522,-22.137,0,11.87
Indiana,1978,1,23,-3.329,-14.932,0,11.72
Indiana,1978,1,24,0.846,-6.933,2.38403677934684,3.66
Indiana,1978,1,25,0.143,-2.122,6.59458978390148,4.11
Indiana,1978,1,26,-1.943,-15.124,18.8225319532762,6.08
Indiana,1978,1,27,-9.003,-15.056,2.23595532634135,10.74
Indiana,1978,1,28,-12.599,-16.631,0,11.69
Indiana,1978,1,29,-13.854,-18.341,0,12.85
Indiana,1978,1,30,-13.337,-23.444,0,12.35
Indiana,1978,1,31,-11.161,-14.244,0,11.21
Indiana,1978,2,1,-8.992,-17.777,0,8.68
Indiana,1978,2,2,-9.865,-16.44,0,12.51
Indiana,1978,2,3,-8.385,-17.065,1.46884620189525,8.77
Indiana,1978,2,4,-7.932,-17.755,0,12.11
Indiana,1978,2,5,-5.394,-10.303,2.29274223903531,11.85
Indiana,1978,2,6,-10.528,-17.884,0,13.15
Indiana,1978,2,7,-11.958,-20.989,0,13.87
Indiana,1978,2,8,-9.443,-18.372,0,14.14
Indiana,1978,2,9,-7.862,-19.729,0,14.35
Indiana,1978,2,10,-8.736,-20.231,0,13.79
Indiana,1978,2,11,-6.166,-20.321,0,14.33
Indiana,1978,2,12,-3.933,-14.305,0,14.44
Indiana,1978,2,13,-3.56,-8.143,15.2492744641677,4.55
Indiana,1978,2,14,-3.502,-12.795,1.88504994827099,15.3
Indiana,1978,2,15,-4.88,-14.872,0,13.45
Indiana,1978,2,16,-6.349,-14.347,0,13.66
Indiana,1978,2,17,-9.201,-13.328,0,14.29
Indiana,1978,2,18,-10.656,-18.99,0,16.36
Indiana,1978,2,19,-7.7,-19.635,0,14.54
Indiana,1978,2,20,-4.902,-16.224,0,13.23
Indiana,1978,2,21,-5.974,-13.928,0,13.47
Indiana,1978,2,22,-5.493,-18.191,0,17.09
Indiana,1978,2,23,-2.405,-8.864,0,9.57
Indiana,1978,2,24,2.621,-7.381,0,16.67
Indiana,1978,2,25,1.944,-2.198,0,11.65
Indiana,1978,2,26,-2.966,-8.239,0,14.41
Indiana,1978,2,27,-1.256,-10.47,0,15.69
Indiana,1978,2,28,0.87,-7.451,0,14.15
Indiana,1978,3,1,-1.403,-7.295,0,16.39
Indiana,1978,3,2,-4.025,-14.112,2.40196585491503,6.53
Indiana,1978,3,3,-3.279,-7.355,4.60648166529154,12.15
Indiana,1978,3,4,-6.019,-13.822,0,17.37
Indiana,1978,3,5,-4.612,-18.818,0,18.55
Indiana,1978,3,6,1.713,-7.187,0,17.26
Indiana,1978,3,7,-2.062,-4.614,1.23377881271836,9.05
Indiana,1978,3,8,-1.106,-5.821,6.98097348208648,9.89
Indiana,1978,3,9,2.057,-11.538,0,19.63
Indiana,1978,3,10,6.168,-9.276,0,19.16
Indiana,1978,3,11,6.389,-4.047,3.05047369676004,10.08
Indiana,1978,3,12,6.316,-1.835,3.33091369094518,14.19
Indiana,1978,3,13,7.686,-3.218,0,12.8
Indiana,1978,3,14,6.348,3.104,19.149366021054,3.56
Indiana,1978,3,15,4.594,0.33,0,9.96
Indiana,1978,3,16,3.691,-2.594,0,15.08
Indiana,1978,3,17,1.455,-7.279,0,17.96
Indiana,1978,3,18,4.555,-10.841,0,16.12
Indiana,1978,3,19,6.081,0.396,0,16.8
Indiana,1978,3,20,13.583,-5.755,3.28856706619263,11.6
Indiana,1978,3,21,13.412,3.911,19.4467604160309,9.9
Indiana,1978,3,22,16.768,-0.18,1.74006223678091,17.83
Indiana,1978,3,23,13.353,3.069,0,6.88
Indiana,1978,3,24,7.335,-2.048,6.88267648219565,3.39
Indiana,1978,3,25,2.919,-2.877,7.99190998066024,2.73
Indiana,1978,3,26,5.892,1.096,2.9610514640126,6.69
Indiana,1978,3,27,8.776,0.131,0,12.15
Indiana,1978,3,28,16.472,1.546,0,20.36
Indiana,1978,3,29,12.89,1.582,0,21.96
Indiana,1978,3,30,13.78,-3.898,0,22.12
Indiana,1978,3,31,23.485,5.432,0,22.69
Indiana,1978,4,1,20.515,15.024,0,22.58
Indiana,1978,4,2,13.231,2.026,3.6749392747879,11.65
Indiana,1978,4,3,23.76,5.66,3.52018069304449,18.91
Indiana,1978,4,4,20.602,14.028,8.95049870007369,5.91
Indiana,1978,4,5,15.495,1.567,0,17.94
Indiana,1978,4,6,18.331,10.197,14.148236754238,7.13
Indiana,1978,4,7,21.495,4.392,0,23.66
Indiana,1978,4,8,18.453,6.573,0,12.23
Indiana,1978,4,9,22.44,6.263,0,21.31
Indiana,1978,4,10,24.27,15.188,6.2031030653884,16.02
Indiana,1978,4,11,19.473,7.102,13.4350448846767,20.36
Indiana,1978,4,12,19.794,7.345,0,24.17
Indiana,1978,4,13,18.052,5.429,0,24.8
Indiana,1978,4,14,13.646,3.479,0,17.12
Indiana,1978,4,15,13.006,2.277,0,25.83
Indiana,1978,4,16,11.624,0.613,0,22.58
Indiana,1978,4,17,15.35,0.277,0,23.7
Indiana,1978,4,18,19.463,7.996,17.6137389813107,12.12
Indiana,1978,4,19,13.528,5.919,7.56969749926384,10.78
Indiana,1978,4,20,9.443,4.253,1.80929899215698,10.96
Indiana,1978,4,21,9.185,0.669,3.15434817133564,22.35
Indiana,1978,4,22,13.5,-3.899,0,25.13
Indiana,1978,4,23,16.279,6.676,4.44300770749351,7.85
Indiana,1978,4,24,19.222,5.667,4.41178989876789,18.07
Indiana,1978,4,25,14.904,6.084,6.26176595687866,14.21
Indiana,1978,4,26,17.289,4.541,0,27.32
Indiana,1978,4,27,17.564,2.712,0,28.07
Indiana,1978,4,28,18.914,0.937,0,27.58
Indiana,1978,4,29,18.717,4.183,0,16.72
Indiana,1978,4,30,15.98,5.912,0,26.12
Indiana,1978,5,1,10.634,-0.257,0,28.76
Indiana,1978,5,2,13.165,0.371,0,28.51
Indiana,1978,5,3,16.126,-1.438,0,25.72
Indiana,1978,5,4,13.947,4.917,16.0130660693767,3.95
Indiana,1978,5,5,9.756,7.201,6.00676536549827,3.66
Indiana,1978,5,6,14.39,4.323,0,17.87
Indiana,1978,5,7,12.766,9.19,11.7130726575851,5.25
Indiana,1978,5,8,22.436,10.712,3.86345386414177,17.13
Indiana,1978,5,9,19.481,9.836,0,21.62
Indiana,1978,5,10,20.321,6.817,0,27.48
Indiana,1978,5,11,19.363,12.94,6.16969168186188,11.65
Indiana,1978,5,12,23.293,16.116,5.16539216041068,12.01
Indiana,1978,5,13,18.516,9.544,15.6929641962051,5.5
Indiana,1978,5,14,8.494,6.039,6.40421211716102,2.63
Indiana,1978,5,15,13.593,6.883,1.56151652335623,4.96
Indiana,1978,5,16,17.218,10.653,0,12.28
Indiana,1978,5,17,20.308,8.81,0,20.52
Indiana,1978,5,18,24.127,7.714,0,27.19
Indiana,1978,5,19,26.06,11.816,0,27.92
Indiana,1978,5,20,24.915,15.339,5.68359196188339,18.55
Indiana,1978,5,21,22.252,7.295,0,25.58
Indiana,1978,5,22,17.689,9.18,0,15.44
Indiana,1978,5,23,20.145,13.703,13.7778550385406,7.17
Indiana,1978,5,24,23.219,14.671,0,15.07
Indiana,1978,5,25,26.671,14.452,0,27.23
Indiana,1978,5,26,27.863,15.335,0,28.95
Indiana,1978,5,27,29.072,15.814,0,29.16
Indiana,1978,5,28,29.759,14.437,0,29.33
Indiana,1978,5,29,28.389,18.81,0,25.87
Indiana,1978,5,30,26.785,20.17,1.20708644385559,21.66
Indiana,1978,5,31,28.338,15.193,0,27.65
Indiana,1978,6,1,28.681,18.744,1.00695342007384,25.1
Indiana,1978,6,2,25.357,15.791,9.45991765405552,20.7
Indiana,1978,6,3,21.805,11.378,0,24.4
Indiana,1978,6,4,24.642,12.282,0,24.86
Indiana,1978,6,5,23.864,14.627,0,29.5
Indiana,1978,6,6,25.813,14.214,0,24.5
Indiana,1978,6,7,24.84,18.189,19.9091613292239,13.86
Indiana,1978,6,8,22.686,12.923,0,11.29
Indiana,1978,6,9,23.179,7.02,0,29.78
Indiana,1978,6,10,25.324,12.429,0,30.27
Indiana,1978,6,11,27.742,15.735,0,30.15
Indiana,1978,6,12,26.023,20.679,11.0669564746786,20.78
Indiana,1978,6,13,20.169,9.328,0,30.58
Indiana,1978,6,14,21.458,7.77,0,29.94
Indiana,1978,6,15,24.107,14.935,0,24.13
Indiana,1978,6,16,29.049,16.93,0,23.88
Indiana,1978,6,17,30.914,21.746,0,27.12
Indiana,1978,6,18,29.395,21.172,15.2671486138161,11.02
Indiana,1978,6,19,26.362,14.512,0,27.98
Indiana,1978,6,20,27.221,16.526,0,22.02
Indiana,1978,6,21,25.146,18.267,0,26.32
Indiana,1978,6,22,24.15,12.393,0,29.66
Indiana,1978,6,23,26.353,13.746,0,26.43
Indiana,1978,6,24,28.053,16.256,0,24.19
Indiana,1978,6,25,28.144,20.933,0,16.42
Indiana,1978,6,26,31.992,22.989,7.79329240322113,20.42
Indiana,1978,6,27,31.963,22.38,8.51500892332524,21.6
Indiana,1978,6,28,29.672,18.313,0,28.01
Indiana,1978,6,29,31.036,21.076,2.34270785801982,26.34
Indiana,1978,6,30,29.672,18.777,0,25.34
Indiana,1978,7,1,29.903,20.72,10.6143115171839,21.78
Indiana,1978,7,2,28.939,21.555,20.9965467178677,15.8
Indiana,1978,7,3,24.557,18.092,0,11.23
Indiana,1978,7,4,26.276,14.415,0,27.86
Indiana,1978,7,5,26.771,15.469,0,29.39
Indiana,1978,7,6,29.649,17.089,0,29.03
Indiana,1978,7,7,31.723,19.465,0,27.51
Indiana,1978,7,8,27.936,21.034,0,27.09
Indiana,1978,7,9,28.184,17.676,4.48551497896688,14.08
Indiana,1978,7,10,27.252,17.508,0,25.95
Indiana,1978,7,11,22.372,11.166,0,29.91
Indiana,1978,7,12,26.058,13.192,0,25.31
Indiana,1978,7,13,28.82,19.406,19.511747360184,15.48
Indiana,1978,7,14,27.714,17.97,0,25.52
Indiana,1978,7,15,29.114,18.273,0,27.09
Indiana,1978,7,16,26.499,15.776,0,27.43
Indiana,1978,7,17,27.802,14.089,0,28.31
Indiana,1978,7,18,30.28,19.912,0,25.79
Indiana,1978,7,19,31.235,21.204,0,23.74
Indiana,1978,7,20,32.197,21.993,0,24.15
Indiana,1978,7,21,31.845,23.675,2.48606503009796,23.74
Indiana,1978,7,22,31.531,24.168,0,23.67
Indiana,1978,7,23,29.575,21.722,23.2970187954038,8.71
Indiana,1978,7,24,23.467,16.513,10.056051611798,10.14
Indiana,1978,7,25,27.417,19.125,0,25.64
Indiana,1978,7,26,31.012,21.495,0,25.74
Indiana,1978,7,27,27.995,19.672,0,23.1
Indiana,1978,7,28,25.448,15.634,0,26.63
Indiana,1978,7,29,29.766,19.53,2.68408656114616,16.79
Indiana,1978,7,30,23.161,16.357,1.77108645438651,11.24
Indiana,1978,7,31,25.013,16.506,0,21.88
Indiana,1978,8,1,26.596,17.739,0,20.88
Indiana,1978,8,2,26.605,20.818,30.8817148207936,10.54
Indiana,1978,8,3,25.78,19.265,6.03893399238586,24.1
Indiana,1978,8,4,22.517,13.902,0,24.06
Indiana,1978,8,5,22.66,12.628,0,19.26
Indiana,1978,8,6,25.171,15.387,0,23.95
Indiana,1978,8,7,23.625,16.846,3.42036783683852,17.09
Indiana,1978,8,8,27.36,15.593,0,26.38
Indiana,1978,8,9,27.616,19.759,4.27362322807312,20.48
Indiana,1978,8,10,26.185,16.743,4.31687170203077,22.76
Indiana,1978,8,11,25.25,18.578,4.92857694615623,14.37
Indiana,1978,8,12,25.277,18.843,12.4418714148646,11.49
Indiana,1978,8,13,27.866,18.062,0,21.46
Indiana,1978,8,14,28.474,18.68,0,22.34
Indiana,1978,8,15,30.24,20.31,0,22.49
Indiana,1978,8,16,28.622,22.557,11.1987829208324,23.04
Indiana,1978,8,17,27.026,16.632,0,18.06
Indiana,1978,8,18,30.549,21.698,0,20.23
Indiana,1978,8,19,29.289,24.58,0,15.72
Indiana,1978,8,20,24.037,13.814,0,25.38
Indiana,1978,8,21,24.463,11.972,0,25.37
Indiana,1978,8,22,27.274,13.935,0,23.75
Indiana,1978,8,23,29.05,17.023,0,24.59
Indiana,1978,8,24,31.46,20.171,0,21.96
Indiana,1978,8,25,29.242,20.969,6.10074400901794,13.59
Indiana,1978,8,26,28.153,19.318,0,16.52
Indiana,1978,8,27,28.908,21.171,13.675821015056,14.75
Indiana,1978,8,28,28.086,22.349,13.6832067246644,18.13
Indiana,1978,8,29,24.674,18.757,0,18.75
Indiana,1978,8,30,22.148,16.712,0,8.6
Indiana,1978,8,31,25.116,12.041,0,23.26
Indiana,1978,9,1,26.101,12.909,0,22.85
Indiana,1978,9,2,26.291,14.882,0,22.87
Indiana,1978,9,3,27.989,17.916,0,19.4
Indiana,1978,9,4,25.654,13.79,0,21.97
Indiana,1978,9,5,27.802,12.948,0,22.53
Indiana,1978,9,6,28.84,15.668,0,22.25
Indiana,1978,9,7,29.908,17.941,0,21.82
Indiana,1978,9,8,30.962,18.285,0,21.65
Indiana,1978,9,9,31.399,18.443,0,20.69
Indiana,1978,9,10,31.054,19.634,0,20.16
Indiana,1978,9,11,30.304,20.449,0,18.03
Indiana,1978,9,12,27.618,21.489,0,11.42
Indiana,1978,9,13,29.212,20.433,12.414962384355,10.89
Indiana,1978,9,14,26.095,20.555,9.93500053596108,7.78
Indiana,1978,9,15,27.041,14.442,0,20.24
Indiana,1978,9,16,26.615,19.001,1.96415483941337,8.34
Indiana,1978,9,17,30.363,21.186,5.04516959188095,12.67
Indiana,1978,9,18,29.804,23.534,1.06755495050948,14.83
Indiana,1978,9,19,30.891,22.655,0,16.05
Indiana,1978,9,20,30.98,21.975,0,18.03
Indiana,1978,9,21,27.779,16.169,9.52188670635223,3.73
Indiana,1978,9,22,18.896,13.141,0,13.77
Indiana,1978,9,23,20.655,8.547,0,19.78
Indiana,1978,9,24,23.136,10.611,0,19.45
Indiana,1978,9,25,19.955,13.192,0,19.44
Indiana,1978,9,26,22.292,7.742,0,19.31
Indiana,1978,9,27,25.607,11.733,0,16.67
Indiana,1978,9,28,18.164,7.807,0,19.09
Indiana,1978,9,29,22.233,8.812,0,18.61
Indiana,1978,9,30,20.92,14.911,4.96245622616698,9.08
Indiana,1978,10,1,19.467,10.365,0,11.69
Indiana,1978,10,2,22.034,11.456,0,16.73
Indiana,1978,10,3,20.707,14.207,5.78318834294578,9.99
Indiana,1978,10,4,18.496,9.281,0,12.79
Indiana,1978,10,5,17.618,12.584,2.77770225125096,11.8
Indiana,1978,10,6,14.164,10.567,0,7.27
Indiana,1978,10,7,12.891,7.903,0,11.3
Indiana,1978,10,8,12.93,3.129,0,17.18
Indiana,1978,10,9,19.854,5.194,0,16
Indiana,1978,10,10,20.598,10.831,0,13.93
Indiana,1978,10,11,18.645,12.167,2.33333155085802,10.19
Indiana,1978,10,12,19.931,11.787,9.00443792342642,9.49
Indiana,1978,10,13,16.122,7.828,3.8723498573745,14.08
Indiana,1978,10,14,12.054,6.87,6.68926537036896,11.17
Indiana,1978,10,15,11.505,1.809,1.52339339246055,8.7
Indiana,1978,10,16,10.206,5.821,0,6.2
Indiana,1978,10,17,12.908,-0.025,0,15.66
Indiana,1978,10,18,16.597,6.02,1.48255228992866,9.82
Indiana,1978,10,19,15.082,5.674,0,14.06
Indiana,1978,10,20,19.974,4.7,0,14.73
Indiana,1978,10,21,22.654,10.392,0,14.6
Indiana,1978,10,22,23.659,14.683,0,10.78
Indiana,1978,10,23,19.477,9.12,6.03221654881736,6.57
Indiana,1978,10,24,12.393,1.874,0,14.61
Indiana,1978,10,25,14.526,6.551,3.75997424117713,3.71
Indiana,1978,10,26,15.175,8.538,3.39613854885101,7.22
Indiana,1978,10,27,15.989,4.664,0,13.66
Indiana,1978,10,28,13.561,4.933,0,11.55
Indiana,1978,10,29,14.109,2.685,0,13.33
Indiana,1978,10,30,19.337,4.549,0,13.53
Indiana,1978,10,31,19.173,6.27,0,12.72
Indiana,1978,11,1,15.434,3.742,0,12.96
Indiana,1978,11,2,19.625,3.618,0,12.63
Indiana,1978,11,3,21.579,6.997,0,12.46
Indiana,1978,11,4,22.628,9.713,0,11.75
Indiana,1978,11,5,22.985,12.271,0,11.64
Indiana,1978,11,6,18.805,5.687,7.42698013772269,1.73
Indiana,1978,11,7,10.104,3.149,3.36905717847458,11.14
Indiana,1978,11,8,12.194,-0.735,0,12.05
Indiana,1978,11,9,15.56,4.898,0,11.63
Indiana,1978,11,10,16.753,4.626,0,11.45
Indiana,1978,11,11,17.221,7.514,0,8.69
Indiana,1978,11,12,13.119,8.198,0,4.51
Indiana,1978,11,13,19.522,6.811,2.40027904510498,6.34
Indiana,1978,11,14,17.875,4.03,19.5873409509204,9.62
Indiana,1978,11,15,4.74,0.578,3.26510581578532,2
Indiana,1978,11,16,8.265,2.357,0,4.79
Indiana,1978,11,17,15.721,6.728,25.3582775576433,2.6
Indiana,1978,11,18,8.047,1.857,0,7.02
Indiana,1978,11,19,7.846,1.339,0,8.3
Indiana,1978,11,20,5.569,0.661,0,8.26
Indiana,1978,11,21,4.024,1.028,1.04684829705093,3.18
Indiana,1978,11,22,5.731,1.101,0,2.75
Indiana,1978,11,23,11.114,3.974,11.9931589383668,2.66
Indiana,1978,11,24,8.111,-1.241,0,4.61
Indiana,1978,11,25,6.264,-3.89,0,8.63
Indiana,1978,11,26,4.752,0.864,5.24883708851576,2.12
Indiana,1978,11,27,3.533,1.593,6.97726613782379,1.91
Indiana,1978,11,28,1.577,-3.663,0,7.48
Indiana,1978,11,29,7.217,-4.066,0,6.77
Indiana,1978,11,30,4.26,-6.363,0,9.51
Indiana,1978,12,1,9.676,-2.926,0,7.69
Indiana,1978,12,2,5.28,0.221,2.46143639077445,2.83
Indiana,1978,12,3,13.33,0.815,9.78581905360443,0.94
Indiana,1978,12,4,4.504,-6.84,0,8.66
Indiana,1978,12,5,5.902,-1.861,0,4.6
Indiana,1978,12,6,1.946,-3.791,0,7.71
Indiana,1978,12,7,7.579,-1.444,17.409317192687,2.02
Indiana,1978,12,8,3.034,-5.69,6.31347894659484,1.85
Indiana,1978,12,9,-5.873,-10.345,0,8.9
Indiana,1978,12,10,-5.728,-15.39,0,9.39
Indiana,1978,12,11,3.758,-7.602,0,6.66
Indiana,1978,12,12,6.877,-0.79,0,8.47
Indiana,1978,12,13,3.933,-1.873,0,5.33
Indiana,1978,12,14,3.799,-4.552,0,8.77
Indiana,1978,12,15,7.136,-0.624,0,8.97
Indiana,1978,12,16,8.005,-1.636,0,8.5
Indiana,1978,12,17,4.446,-3.28,0,9.13
Indiana,1978,12,18,4.715,-2.283,0,2.92
Indiana,1978,12,19,2.21,-0.803,0,2.19
Indiana,1978,12,20,14.25,1.902,8.59381258487701,1.21
Indiana,1978,12,21,3.05,-4.134,0,4.61
Indiana,1978,12,22,5.455,-2.567,0,8.87
Indiana,1978,12,23,5.645,-5.421,0,6.61
Indiana,1978,12,24,2.419,0.277,4.78731989860037,1.94
Indiana,1978,12,25,0.658,-5.425,0,9.01
Indiana,1978,12,26,-1.911,-4.754,0,6.79
Indiana,1978,12,27,-2.703,-8.693,0,9.42
Indiana,1978,12,28,0.885,-7.969,0,6.92
Indiana,1978,12,29,2.803,-2.016,6.37457072724601,1.98
Indiana,1978,12,30,5.628,2.771,2.39254916732534,0.81
Indiana,1978,12,31,3.37,1.02,30.2668778355155,0.54
Indiana,1979,1,1,1.507,-5.676,8.89258384694358,2.39
Indiana,1979,1,2,-6.696,-19.94,1.06575275327714,9.54
Indiana,1979,1,3,-9.505,-20.013,0,9.45
Indiana,1979,1,4,-10.052,-14.798,0,8.76
Indiana,1979,1,5,-10.058,-15.571,1.4103978871276,5.37
Indiana,1979,1,6,-7.018,-16.002,0,8.81
Indiana,1979,1,7,-8.697,-11.26,1.44643318606086,4.86
Indiana,1979,1,8,-11.835,-19.398,0,9.6
Indiana,1979,1,9,-7.049,-17.049,0,9.8
Indiana,1979,1,10,-10.6,-17.624,0,7.72
Indiana,1979,1,11,-9.572,-21.097,0,9.19
Indiana,1979,1,12,-3.093,-11.185,1.68515741825104,6.07
Indiana,1979,1,13,1.529,-4.143,11.249116063027,1.5
Indiana,1979,1,14,1.2,-19.366,5.92442881475108,10.38
Indiana,1979,1,15,-12.899,-27.676,0,8.15
Indiana,1979,1,16,-5.05,-12.104,0,8.26
Indiana,1979,1,17,2.433,-7.282,0,7.26
Indiana,1979,1,18,-6.654,-16.614,0,10.87
Indiana,1979,1,19,1.004,-10.515,5.13481497756629,3.76
Indiana,1979,1,20,1.93,-0.031,1.08427539367995,3.47
Indiana,1979,1,21,-0.567,-2.804,3.5284638403823,5.38
Indiana,1979,1,22,-3.177,-6.473,0,7.79
Indiana,1979,1,23,2.318,-5.043,0,9.53
Indiana,1979,1,24,1.801,-6.949,27.0981848239558,5.05
Indiana,1979,1,25,-7.118,-15.346,0,12.36
Indiana,1979,1,26,-8.446,-18.06,0,10.08
Indiana,1979,1,27,-4.494,-11.239,4.15049791325828,5.2
Indiana,1979,1,28,-2.316,-4.562,4.14235889917336,8.96
Indiana,1979,1,29,-3.819,-8.682,0,8.59
Indiana,1979,1,30,-7.951,-10.553,0,10.36
Indiana,1979,1,31,-7.671,-11.005,2.72629261013435,9.03
Indiana,1979,2,1,-9.8,-14.365,0,11.01
Indiana,1979,2,2,-8.227,-18.52,0,10.25
Indiana,1979,2,3,-3.632,-9.073,2.14994847774364,8.96
Indiana,1979,2,4,-5.387,-17.478,0,13.77
Indiana,1979,2,5,-18.366,-26.085,0,14.25
Indiana,1979,2,6,-4.887,-22.254,0,13.95
Indiana,1979,2,7,-5.696,-11.832,0,9.67
Indiana,1979,2,8,-12.027,-19.848,2.9483914374282,8.44
Indiana,1979,2,9,-15.978,-23.457,0,14.77
Indiana,1979,2,10,-13.914,-22.871,0,13.01
Indiana,1979,2,11,-4.545,-15.681,3.25508415699005,8.37
Indiana,1979,2,12,-3.73,-6.963,6.36853277683258,8.46
Indiana,1979,2,13,-7.654,-13.594,0,12.48
Indiana,1979,2,14,0.5,-11.695,0,8.79
Indiana,1979,2,15,0.754,-2.162,2.93699800965896,3.85
Indiana,1979,2,16,-2.845,-11.01,0,10.62
Indiana,1979,2,17,-11.69,-20.458,0,15.71
Indiana,1979,2,18,-8.535,-18.416,7.00778663161827,7.55
Indiana,1979,2,19,-9.625,-20.419,0,16.52
Indiana,1979,2,20,1.221,-14.001,0,13.12
Indiana,1979,2,21,3.378,0.638,7.72869031487744,9.55
Indiana,1979,2,22,4.015,-2.406,7.69992647553863,8.32
Indiana,1979,2,23,8.631,1.801,3.79394882213546,4.21
Indiana,1979,2,24,1.585,-5.584,0,10.33
Indiana,1979,2,25,0.41,-3.854,2.32442021359702,3.73
Indiana,1979,2,26,-3.778,-10.196,1.20994746674796,17.94
Indiana,1979,2,27,2.218,-15.657,0,17.62
Indiana,1979,2,28,2.655,-6.565,0,8.29
Indiana,1979,3,1,4.757,0.673,5.13863071586229,10.76
Indiana,1979,3,2,6.891,-1.575,0,11.51
Indiana,1979,3,3,13.272,0.908,11.2736701964309,3.36
Indiana,1979,3,4,13.576,4.885,11.2889207132412,4.53
Indiana,1979,3,5,4.261,-0.521,0,6.6
Indiana,1979,3,6,9.433,-2.013,1.26378235910352,18.37
Indiana,1979,3,7,7.582,1.732,0,8.54
Indiana,1979,3,8,9.934,-0.455,0,13.8
Indiana,1979,3,9,7.703,-0.754,5.21165132511214,4.56
Indiana,1979,3,10,2.642,-6.004,2.76710987090567,13.61
Indiana,1979,3,11,1.709,-12.098,0,15.48
Indiana,1979,3,12,6.641,-6.992,0,19.71
Indiana,1979,3,13,14.894,-0.423,0,15.4
Indiana,1979,3,14,13.581,-0.713,2.43815779674605,15.82
Indiana,1979,3,15,0.621,-8.518,0,20.62
Indiana,1979,3,16,8.373,-6.007,0,20.68
Indiana,1979,3,17,13.641,-1.585,1.35622620581444,15.31
Indiana,1979,3,18,20.477,6.932,0,15.6
Indiana,1979,3,19,17.709,11.521,2.10684537887573,9.2
Indiana,1979,3,20,16.113,8.827,0,7.63
Indiana,1979,3,21,16.206,4.224,0,15.41
Indiana,1979,3,22,21.865,5.522,0,20.07
Indiana,1979,3,23,18.23,13.111,13.3374944331308,6.52
Indiana,1979,3,24,12.42,0.712,11.4241093397141,3.85
Indiana,1979,3,25,0.058,-6.514,2.54811346530914,10.17
Indiana,1979,3,26,4.249,-5.994,0,19.21
Indiana,1979,3,27,4.189,-3.901,0,18.45
Indiana,1979,3,28,14.499,-1.633,10.0355625151565,8.74
Indiana,1979,3,29,18.487,13.362,2.1057486102336,10.63
Indiana,1979,3,30,18.501,15.371,1.60210132588645,7.88
Indiana,1979,3,31,16.602,4.516,17.0341253278821,17.93
Indiana,1979,4,1,9.166,-0.407,4.97423112381057,5.86
Indiana,1979,4,2,11.317,6.276,7.72535247716633,6.55
Indiana,1979,4,3,10.661,-1.301,0,23.15
Indiana,1979,4,4,8.875,2.373,7.0870429277079,6.17
Indiana,1979,4,5,14.508,1.391,1.76871716973892,20.99
Indiana,1979,4,6,11.701,-7.056,0,25.02
Indiana,1979,4,7,6.001,-5.023,0,10.14
Indiana,1979,4,8,15.283,2.312,25.8529126644085,7.84
Indiana,1979,4,9,12.779,-0.07,13.6861678623177,11.92
Indiana,1979,4,10,9.944,-4.319,0,21.15
Indiana,1979,4,11,12.77,3.029,11.5217668363243,7.14
Indiana,1979,4,12,23.833,13.017,12.7502083777244,18.76
Indiana,1979,4,13,20.554,9.091,2.93523073196411,18.63
Indiana,1979,4,14,15.219,5.628,0,17.52
Indiana,1979,4,15,13.735,3.774,0,20.55
Indiana,1979,4,16,13.973,0.229,0,25.28
Indiana,1979,4,17,15.248,1.66,0,25.43
Indiana,1979,4,18,15.99,1.235,0,26.44
Indiana,1979,4,19,17.77,2.164,0,24.56
Indiana,1979,4,20,21.556,8.746,0,23.17
Indiana,1979,4,21,19.183,13.035,2.50735878944397,14.27
Indiana,1979,4,22,19.099,4.958,0,23.88
Indiana,1979,4,23,20.734,9.059,0,17.26
Indiana,1979,4,24,20.269,14.295,4.4885128736496,7.66
Indiana,1979,4,25,21.664,15.212,5.35349220928083,11.95
Indiana,1979,4,26,19.441,9.572,9.8445746212974,5.68
Indiana,1979,4,27,14.846,2.725,5.37428259849548,16.44
Indiana,1979,4,28,9.7,2.928,2.24137604226371,11.87
Indiana,1979,4,29,12.412,0.4,1.1040912182807,11.1
Indiana,1979,4,30,12.71,4.395,1.35506739025004,22.77
Indiana,1979,5,1,15.307,-0.653,0,27.62
Indiana,1979,5,2,23.533,6.912,0,23.02
Indiana,1979,5,3,19.206,9.993,13.7765493875577,10.44
Indiana,1979,5,4,12.52,6.402,0,14.75
Indiana,1979,5,5,16.126,0.69,0,27.45
Indiana,1979,5,6,21.578,8.651,0,27.08
Indiana,1979,5,7,25.654,12.892,0,27.9
Indiana,1979,5,8,28.313,17.503,0,27.15
Indiana,1979,5,9,27.365,17.778,0,24.18
Indiana,1979,5,10,27.892,18.407,0,23.28
Indiana,1979,5,11,26.586,19.781,2.95007459033059,19.49
Indiana,1979,5,12,19.406,9.643,5.90061545371867,4.85
Indiana,1979,5,13,18.884,5.67,0,24.83
Indiana,1979,5,14,21.328,9.302,2.73239612579346,21.79
Indiana,1979,5,15,19.363,10.024,0,26.92
Indiana,1979,5,16,19.695,5.497,0,29.69
Indiana,1979,5,17,22.758,9.202,0,27.51
Indiana,1979,5,18,25.773,13.154,0,27.83
Indiana,1979,5,19,23.114,14.874,0,18.29
Indiana,1979,5,20,23.507,10.958,0,19.26
Indiana,1979,5,21,22.467,9.817,0,28.97
Indiana,1979,5,22,21.977,4.779,0,28.73
Indiana,1979,5,23,23.157,9.884,0,23.26
Indiana,1979,5,24,14.012,9.25,1.5918195246627,14.86
Indiana,1979,5,25,15.903,7.771,1.39584127555281,29.41
Indiana,1979,5,26,21.011,5.927,0,24.91
Indiana,1979,5,27,20.808,8.359,1.58302783955833,23.6
Indiana,1979,5,28,19.776,10.13,0,28.96
Indiana,1979,5,29,26.05,9.474,0,24.69
Indiana,1979,5,30,28.207,15.509,0,28.75
Indiana,1979,5,31,26.053,16.683,0,13.22
Indiana,1979,6,1,24.76,17.834,0,22.7
Indiana,1979,6,2,23.971,13.773,0,19.34
Indiana,1979,6,3,27.427,12.227,0,28.22
Indiana,1979,6,4,28.287,16.597,0,26.74
Indiana,1979,6,5,28.276,18.1,3.46959549138148,22.44
Indiana,1979,6,6,29.414,16.122,7.66312479972342,25.31
Indiana,1979,6,7,27.806,20.465,11.7574661969115,10.4
Indiana,1979,6,8,29.303,20.698,0,19.96
Indiana,1979,6,9,30.838,21.56,2.09333714468585,22.99
Indiana,1979,6,10,29.792,17.678,0,17.72
Indiana,1979,6,11,23.902,12.009,0,26.83
Indiana,1979,6,12,25.043,12.359,0,24.89
Indiana,1979,6,13,25.036,16.02,1.74434781064292,20.62
Indiana,1979,6,14,29.085,17.276,0,27.34
Indiana,1979,6,15,29.919,20.133,0,29.68
Indiana,1979,6,16,29.537,18.365,0,29.84
Indiana,1979,6,17,30.883,20.285,2.27442979809211,23.71
Indiana,1979,6,18,23.384,15.262,5.39466738700867,18.52
Indiana,1979,6,19,28.777,15.718,11.3952159881592,23.54
Indiana,1979,6,20,29.691,21.378,5.94763684847521,18.83
Indiana,1979,6,21,28.692,18.68,26.9844889639899,27.23
Indiana,1979,6,22,27.229,17.596,0,28.36
Indiana,1979,6,23,25.647,14.29,0,24.68
Indiana,1979,6,24,21.046,11.446,0,29.96
Indiana,1979,6,25,22.507,9.815,0,30.74
Indiana,1979,6,26,24.955,9.997,0,30.69
Indiana,1979,6,27,27.135,14.852,0,25.29
Indiana,1979,6,28,27.123,17.015,0,21.41
Indiana,1979,6,29,26.033,18.428,18.08359324923,13.67
Indiana,1979,6,30,24.175,17.333,5.92802762974998,23.67
Indiana,1979,7,1,24.707,15.275,0,24.88
Indiana,1979,7,2,25.715,12.698,0,29.73
Indiana,1979,7,3,28.293,14.697,0,23.46
Indiana,1979,7,4,26.394,20.275,22.6424336433411,14.67
Indiana,1979,7,5,21.957,12.741,0,28.74
Indiana,1979,7,6,23.238,11.194,0,27.95
Indiana,1979,7,7,24.243,13.367,0,25.28
Indiana,1979,7,8,23.767,15.323,6.95473660420021,14.89
Indiana,1979,7,9,24.927,18.644,5.49428268755037,15.99
Indiana,1979,7,10,27.155,16.538,0,25.41
Indiana,1979,7,11,28.302,17.76,0,24.95
Indiana,1979,7,12,27.951,18.964,0,21.4
Indiana,1979,7,13,26.728,21.298,8.88347364804076,8.72
Indiana,1979,7,14,31.351,20.488,5.32664171510078,21.62
Indiana,1979,7,15,29.374,20.474,2.03011361674044,22.99
Indiana,1979,7,16,28.545,19.319,0,25.67
Indiana,1979,7,17,23.814,15.648,0,21.13
Indiana,1979,7,18,24.708,13.235,0,25.58
Indiana,1979,7,19,25.676,13.217,0,26.62
Indiana,1979,7,20,25.867,14.861,0,20.88
Indiana,1979,7,21,27.125,14.928,0,23.23
Indiana,1979,7,22,28.813,18.835,0,26.43
Indiana,1979,7,23,30.078,18.615,0,25.08
Indiana,1979,7,24,28.486,22.04,11.8164899773205,15.54
Indiana,1979,7,25,26.309,22.431,12.3855739831811,6.55
Indiana,1979,7,26,26.783,19.544,0,18.5
Indiana,1979,7,27,27.637,19.55,1.18645131578887,15.85
Indiana,1979,7,28,27.297,20.634,0,18.77
Indiana,1979,7,29,27.889,17.239,0,24.01
Indiana,1979,7,30,30.747,21.269,3.68077754967544,18.89
Indiana,1979,7,31,28.316,22.713,9.67168807983398,15.23
Indiana,1979,8,1,25.344,19.261,19.3027640549985,8.04
Indiana,1979,8,2,25.485,17.44,0,21.1
Indiana,1979,8,3,27.776,17.602,0,23.18
Indiana,1979,8,4,29.661,19.686,0,22.64
Indiana,1979,8,5,31.183,21.206,0,24.41
Indiana,1979,8,6,29.152,20.023,23.3025789260815,19.72
Indiana,1979,8,7,32.462,22.87,0,25.76
Indiana,1979,8,8,30.291,23.411,1.87084078788757,20.54
Indiana,1979,8,9,31.31,20.438,1.6309916973114,21.71
Indiana,1979,8,10,29.323,24.015,10.5467081069897,13.51
Indiana,1979,8,11,23.819,16.457,1.37463510026237,12.85
Indiana,1979,8,12,21.617,12.001,0,27.13
Indiana,1979,8,13,24.943,12.966,0,24.59
Indiana,1979,8,14,23.257,17.986,0,16
Indiana,1979,8,15,19.177,10.759,0,17.29
Indiana,1979,8,16,21.998,9.823,0,25.72
Indiana,1979,8,17,23.284,14.322,2.66857070886317,16.63
Indiana,1979,8,18,28.004,21.073,11.4402651785781,12.93
Indiana,1979,8,19,27.922,20.186,21.0998058319092,12.06
Indiana,1979,8,20,27.534,19.856,30.8577637171652,12.45
Indiana,1979,8,21,24.541,19.805,5.84002137179596,9
Indiana,1979,8,22,26.987,19.732,1.37682520136195,14.52
Indiana,1979,8,23,26.193,21.081,11.2565934658377,13.11
Indiana,1979,8,24,23.429,18.192,2.15225914234907,21.93
Indiana,1979,8,25,24.483,14.422,0,18.03
Indiana,1979,8,26,23.601,15.778,0,13.47
Indiana,1979,8,27,25.578,16.548,1.1566370725582,14.86
Indiana,1979,8,28,25.039,17.727,0,12.02
Indiana,1979,8,29,26.72,19.354,2.48379409312705,13.19
Indiana,1979,8,30,28.539,16.939,0,23.27
Indiana,1979,8,31,28.525,16.998,0,22.28
Indiana,1979,9,1,28.239,19.082,0,19.8
Indiana,1979,9,2,27.695,21.377,1.3465020368244,13.08
Indiana,1979,9,3,28.141,18.585,0,19.65
Indiana,1979,9,4,26.904,16.268,0,21.89
Indiana,1979,9,5,28.319,18.332,0,19.92
Indiana,1979,9,6,28.14,18.916,5.3506135940502,18.06
Indiana,1979,9,7,23.818,16.021,0,15.29
Indiana,1979,9,8,18.168,12.397,0,19.68
Indiana,1979,9,9,21.8,9.099,0,21.32
Indiana,1979,9,10,27.708,14.959,0,20.64
Indiana,1979,9,11,28.593,15.501,0,21.26
Indiana,1979,9,12,28.828,17.556,0,18.21
Indiana,1979,9,13,26.088,20.297,3.55832386077282,9.4
Indiana,1979,9,14,19.46,15.927,1.11684203147888,16.42
Indiana,1979,9,15,19.338,10.149,0,21.12
Indiana,1979,9,16,21.955,9.966,0,21.04
Indiana,1979,9,17,24.296,10.644,0,21.09
Indiana,1979,9,18,27.558,17.628,0,19.76
Indiana,1979,9,19,22.989,11.55,0,21.08
Indiana,1979,9,20,22.988,9.726,0,16.69
Indiana,1979,9,21,19.508,15.481,0,4.98
Indiana,1979,9,22,19.794,11.677,0,20
Indiana,1979,9,23,19.746,7.463,0,20.37
Indiana,1979,9,24,22.528,7.669,0,19.62
Indiana,1979,9,25,26.074,11.433,0,17.87
Indiana,1979,9,26,26.45,13.262,0,18.7
Indiana,1979,9,27,25.843,12.217,0,17.81
Indiana,1979,9,28,26.314,15.313,0,16.01
Indiana,1979,9,29,28.087,15.844,0,17.16
Indiana,1979,9,30,26.778,15.603,0,15.91
Indiana,1979,10,1,27.969,14.787,0,17.06
Indiana,1979,10,2,20.676,13.199,15.8591121435165,12.62
Indiana,1979,10,3,21.115,13.023,0,14.51
Indiana,1979,10,4,16.239,8.279,1.88038676719771,15.7
Indiana,1979,10,5,14.921,4.783,0,15.5
Indiana,1979,10,6,13.965,8.879,3.6323785783452,11.23
Indiana,1979,10,7,15.341,6.176,0,17.5
Indiana,1979,10,8,20.345,6.435,0,13.2
Indiana,1979,10,9,17.335,8.704,1.07079148292044,11.36
Indiana,1979,10,10,12.296,2.743,0,11.87
Indiana,1979,10,11,16.002,6.82,2.97239422798157,6.12
Indiana,1979,10,12,13.014,8.336,0,11.59
Indiana,1979,10,13,10.806,1.814,0,15.83
Indiana,1979,10,14,13.334,-0.748,0,16.39
Indiana,1979,10,15,16.122,6.237,0,5.04
Indiana,1979,10,16,15.613,10.574,2.5865316389968,6.68
Indiana,1979,10,17,20.316,11.826,0,9.47
Indiana,1979,10,18,23.854,12.954,2.81246372941979,11.35
Indiana,1979,10,19,21.392,17.123,5.95787284601101,7.24
Indiana,1979,10,20,25.493,18.927,0,10.12
Indiana,1979,10,21,26.003,20.35,0,10.3
Indiana,1979,10,22,24.611,16.543,12.8197019557206,7
Indiana,1979,10,23,14.825,5.83,1.83230042455307,3.06
Indiana,1979,10,24,9.728,3.872,0,13.74
Indiana,1979,10,25,8.814,0.521,0,9.95
Indiana,1979,10,26,8.718,-0.964,0,14.1
Indiana,1979,10,27,18.488,3.461,0,10.73
Indiana,1979,10,28,16.738,6.632,0,13.58
Indiana,1979,10,29,18.989,3.888,0,13.49
Indiana,1979,10,30,17.963,7.599,0,9.3
Indiana,1979,10,31,22.332,13.579,0,10.38
Indiana,1979,11,1,20.149,9.674,22.3938962019474,11.03
Indiana,1979,11,2,9.771,1.112,0,10.17
Indiana,1979,11,3,10.517,0.564,0,12.18
Indiana,1979,11,4,10.1,-2.809,0,12.93
Indiana,1979,11,5,14.212,4.12,0,10.92
Indiana,1979,11,6,10.564,5.954,3.66583875931425,2.43
Indiana,1979,11,7,5.783,0.204,0,12.12
Indiana,1979,11,8,7.882,3.269,2.17242538928986,2.9
Indiana,1979,11,9,6.92,6.005,12.0798289775799,1.1
Indiana,1979,11,10,6.253,0.787,0,3.69
Indiana,1979,11,11,3.24,-5.573,0,11.99
Indiana,1979,11,12,5.685,-4.089,0,10.39
Indiana,1979,11,13,5.952,-3.023,0,6.32
Indiana,1979,11,14,5.508,-4.61,0,9.32
Indiana,1979,11,15,10.123,1.602,0,5.37
Indiana,1979,11,16,8.652,-0.726,0,10.58
Indiana,1979,11,17,16.595,3.342,0,10.85
Indiana,1979,11,18,17.231,5.718,0,10.61
Indiana,1979,11,19,16.567,10.205,4.01624441146353,7.96
Indiana,1979,11,20,17.046,4.236,0,10.25
Indiana,1979,11,21,14.842,11.301,11.811468005078,1.8
Indiana,1979,11,22,15.037,11.807,11.5002304314658,0.93
Indiana,1979,11,23,11.367,4.775,9.54998135557616,3.5
Indiana,1979,11,24,9.26,-0.837,0,10.27
Indiana,1979,11,25,7.69,0.699,13.0064266419936,2.82
Indiana,1979,11,26,12.504,2.461,24.8628318308874,4.26
Indiana,1979,11,27,8.474,2.149,2.01001763338127,3.77
Indiana,1979,11,28,3.715,-2.199,4.08776656519194,6.09
Indiana,1979,11,29,-0.275,-4.844,0,5.69
Indiana,1979,11,30,-1.191,-5.16,0,6.13
Indiana,1979,12,1,-1.175,-5.364,1.33841335770057,5.84
Indiana,1979,12,2,-0.54,-8.217,0,9.57
Indiana,1979,12,3,2.199,-6.624,0,8.44
Indiana,1979,12,4,5.739,-3.752,0,9.6
Indiana,1979,12,5,12.463,1.358,0,8.96
Indiana,1979,12,6,8.641,0.606,0,7.19
Indiana,1979,12,7,9.052,1.843,1.57718956461395,6.5
Indiana,1979,12,8,4.786,-3.07,0,8.26
Indiana,1979,12,9,6.825,-5.244,0,8.97
Indiana,1979,12,10,11.785,0.893,0,8.57
Indiana,1979,12,11,14.507,7.842,0,5.97
Indiana,1979,12,12,14.304,0.235,2.97265869784269,5.42
Indiana,1979,12,13,3.448,-2.61,0,8.76
Indiana,1979,12,14,2.059,-5.704,0,9.18
Indiana,1979,12,15,4.915,-4.297,0,9.26
Indiana,1979,12,16,1.421,-6.549,1.0206646151687,2.84
Indiana,1979,12,17,-5.886,-13.787,0,9.34
Indiana,1979,12,18,0.902,-9.103,0,8.09
Indiana,1979,12,19,6.696,-2.557,0,8.82
Indiana,1979,12,20,6.922,-4.291,0,8.97
Indiana,1979,12,21,8.014,-0.506,0,1.89
Indiana,1979,12,22,9.13,7.101,10.2753102779047,1.78
Indiana,1979,12,23,13.865,8.304,6.10871613019981,2.48
Indiana,1979,12,24,14.792,5.136,37.3081475495951,2.33
Indiana,1979,12,25,4.281,1.54,7.66602625770929,2.75
Indiana,1979,12,26,5.748,-3.034,0,8.66
Indiana,1979,12,27,4.606,-0.815,0,6.66
Indiana,1979,12,28,4.881,-5.533,0,9.02
Indiana,1979,12,29,3.97,-6.005,0,7.14
Indiana,1979,12,30,6.507,-3.496,0,7.71
Indiana,1979,12,31,2.303,-4.217,0,6.34
Indiana,1980,1,1,2.061,-2.77,0,6.78
Indiana,1980,1,2,-0.415,-2.502,0,2.82
Indiana,1980,1,3,1.028,-2.166,0,4.42
Indiana,1980,1,4,-0.347,-3.046,0,4.45
Indiana,1980,1,5,-0.806,-5.741,0,4.79
Indiana,1980,1,6,1.683,-6.07,0,5.58
Indiana,1980,1,7,3.712,-9.152,3.30802588393908,10.03
Indiana,1980,1,8,-4.904,-11.798,0,9.24
Indiana,1980,1,9,-3.921,-9.117,1.33608178242639,9.15
Indiana,1980,1,10,5.826,-7.285,0,5.84
Indiana,1980,1,11,12.215,-1.591,9.3650698660781,5.21
Indiana,1980,1,12,-2.157,-10.085,0,10.11
Indiana,1980,1,13,6.121,-4.931,0,7.91
Indiana,1980,1,14,6.922,-3.527,2.07304656305496,10.21
Indiana,1980,1,15,5.766,-0.911,0,4.87
Indiana,1980,1,16,9.917,3.149,2.9228642665089,1.58
Indiana,1980,1,17,10.756,3.985,2.04578139380374,4.46
Indiana,1980,1,18,4.306,-0.903,0,9.94
Indiana,1980,1,19,4.647,-5.086,0,7.26
Indiana,1980,1,20,1.637,-5.612,0,10.58
Indiana,1980,1,21,3.064,-6.032,0,8.44
Indiana,1980,1,22,2.44,-0.635,0,5.94
Indiana,1980,1,23,-1.286,-11.194,0,10.35
Indiana,1980,1,24,3.845,-11.55,3.43720018861404,4.69
Indiana,1980,1,25,2.89,-0.636,1.91274273390718,6.58
Indiana,1980,1,26,-2.159,-6.888,0,9.71
Indiana,1980,1,27,-4.873,-8.75,0,7.06
Indiana,1980,1,28,-7.402,-13.038,0,10.61
Indiana,1980,1,29,-8.303,-12.629,0,12.14
Indiana,1980,1,30,-5.788,-12.25,3.17238021341382,7.43
Indiana,1980,1,31,-6.038,-14.11,1.4534622492306,10.13
Indiana,1980,2,1,-5.727,-14.022,0,12.6
Indiana,1980,2,2,-4.511,-13.196,0,11.43
Indiana,1980,2,3,-3.124,-11.176,0,11.84
Indiana,1980,2,4,-3.263,-11.297,0,9.17
Indiana,1980,2,5,-3.362,-6.993,3.08547944541715,4.7
Indiana,1980,2,6,-2.185,-4.034,2.80611380583196,9.76
Indiana,1980,2,7,-3.079,-12.204,0,12.3
Indiana,1980,2,8,-3.131,-11.618,0,9.34
Indiana,1980,2,9,-2.094,-8.493,1.48555040351539,10.41
Indiana,1980,2,10,-5.203,-11.789,0,9.65
Indiana,1980,2,11,-4.607,-9.856,0,10.2
Indiana,1980,2,12,-5.553,-14.97,0,13.43
Indiana,1980,2,13,-0.53,-13.086,0,14
Indiana,1980,2,14,1.762,-1.774,0,5.88
Indiana,1980,2,15,0.661,-1.638,14.0851199626013,3.61
Indiana,1980,2,16,-2.001,-13.341,3.06579008503149,15.24
Indiana,1980,2,17,-9.919,-21.894,0,16.03
Indiana,1980,2,18,-0.657,-16.095,0,15.99
Indiana,1980,2,19,3.49,-1.814,0,8.25
Indiana,1980,2,20,4.377,1.756,0,3.23
Indiana,1980,2,21,8.874,1.049,9.26426351060172,5.91
Indiana,1980,2,22,10.264,4.64,7.18500859397864,2.98
Indiana,1980,2,23,4.905,1.023,0,4.26
Indiana,1980,2,24,6.553,-4.719,0,13.63
Indiana,1980,2,25,2.19,-8.194,7.44203031052848,5.69
Indiana,1980,2,26,-5.921,-16.307,0,17.66
Indiana,1980,2,27,-1.349,-6.377,0,12.06
Indiana,1980,2,28,-3.707,-6.665,6.61571025841567,14.58
Indiana,1980,2,29,-6.673,-17.055,0,17.78
Indiana,1980,3,1,-12.425,-15.153,1.59614652551454,16.05
Indiana,1980,3,2,-11.997,-23.549,0,19.23
Indiana,1980,3,3,-2.007,-16.659,0,17.94
Indiana,1980,3,4,5.075,-3.093,0,14.97
Indiana,1980,3,5,3.252,-2.284,8.32724218525982,10.05
Indiana,1980,3,6,1.392,-10.161,1.0103625818374,10.73
Indiana,1980,3,7,4.299,-6.602,6.18930231223658,7.1
Indiana,1980,3,8,2.5,0.572,4.59404587735435,5.41
Indiana,1980,3,9,7.83,-5.672,0,19.3
Indiana,1980,3,10,10.636,0.621,1.3460695743106,12.45
Indiana,1980,3,11,1.44,-9.449,0,20.27
Indiana,1980,3,12,1.814,-7.413,0,11.54
Indiana,1980,3,13,1.811,-1.308,6.61820769300903,3.97
Indiana,1980,3,14,6.087,-4.966,0,20.21
Indiana,1980,3,15,13.776,-1.929,0,20.4
Indiana,1980,3,16,14.631,5.532,3.16893458365897,11
Indiana,1980,3,17,11.15,1.75,16.172173619168,3.16
Indiana,1980,3,18,9.095,-4.946,0,20.87
Indiana,1980,3,19,11.045,0.075,0,15.44
Indiana,1980,3,20,12.937,3.167,0,10.15
Indiana,1980,3,21,10.064,0.929,10.2996110915683,17.57
Indiana,1980,3,22,7.093,-3.801,0,20.09
Indiana,1980,3,23,12.29,-0.169,0,11.11
Indiana,1980,3,24,8.736,2.704,16.4026310582699,3.19
Indiana,1980,3,25,4.429,-2.171,0,16.17
Indiana,1980,3,26,6.931,-2.584,0,14.56
Indiana,1980,3,27,13.294,-0.933,0,20.42
Indiana,1980,3,28,11.083,5.455,8.01116228103638,4.28
Indiana,1980,3,29,9.523,4.568,2.6672422885845,7.47
Indiana,1980,3,30,8.436,2.774,11.1399480267664,4.06
Indiana,1980,3,31,7.286,4.606,3.98553311824301,7.92
Indiana,1980,4,1,10.37,-0.297,0,11.97
Indiana,1980,4,2,14.388,3.275,1.54953002919456,16.89
Indiana,1980,4,3,15.905,5.323,9.57321524617782,9.16
Indiana,1980,4,4,14.643,3.689,1.14904344081879,6.79
Indiana,1980,4,5,14.208,0.88,0,23.78
Indiana,1980,4,6,17.261,4.416,0,22.33
Indiana,1980,4,7,18.825,8.571,5.05094230169334,9.11
Indiana,1980,4,8,17.153,13.549,16.8086528778026,9.76
Indiana,1980,4,9,12.534,3.897,5.53535819045692,6.27
Indiana,1980,4,10,7.864,2.068,1.28850340661302,9.13
Indiana,1980,4,11,15.317,-0.98,1.10605424833921,10.75
Indiana,1980,4,12,12.678,3.343,2.72963174006691,18.34
Indiana,1980,4,13,9.411,0.073,0,17.34
Indiana,1980,4,14,7.574,1.011,13.6784911155701,7.11
Indiana,1980,4,15,9.727,0.716,7.19960927962759,11.12
Indiana,1980,4,16,10.645,-1.742,0,24.2
Indiana,1980,4,17,14.625,-0.837,0,16.27
Indiana,1980,4,18,18.69,4.933,0,25.64
Indiana,1980,4,19,20.688,3.608,0,26.29
Indiana,1980,4,20,23.772,11.486,0,20.05
Indiana,1980,4,21,22.066,8.487,0,23.42
Indiana,1980,4,22,27.597,11.473,0,26.31
Indiana,1980,4,23,24.344,9.368,0,25.26
Indiana,1980,4,24,11.864,2.858,0,23.8
Indiana,1980,4,25,11.54,-1.313,0,21.17
Indiana,1980,4,26,15.276,0.988,0,25.37
Indiana,1980,4,27,12.27,5.48,3.30785675589595,12.61
Indiana,1980,4,28,9.433,4.105,8.24776653979598,5.76
Indiana,1980,4,29,12.189,6.002,2.6175409554412,12.41
Indiana,1980,4,30,15.692,4.449,0,14.98
Indiana,1980,5,1,17.541,5.669,0,17.37
Indiana,1980,5,2,19.314,6.278,0,17.89
Indiana,1980,5,3,22.722,6.439,0,24.46
Indiana,1980,5,4,26.006,7.579,0,27.25
Indiana,1980,5,5,27.071,11.357,0,27.04
Indiana,1980,5,6,22.713,11.68,0,23.01
Indiana,1980,5,7,19.214,8.196,0,20.65
Indiana,1980,5,8,12.208,3.425,0,23.7
Indiana,1980,5,9,16.331,3.265,0,28.22
Indiana,1980,5,10,20.558,7.814,1.92341506476623,18.37
Indiana,1980,5,11,22.199,14.438,11.2053334711959,23.52
Indiana,1980,5,12,19.945,10.858,26.2195020914078,8.82
Indiana,1980,5,13,24.08,17.006,26.6878247260998,22.7
Indiana,1980,5,14,17.298,7.357,0,17.83
Indiana,1980,5,15,19.534,5.992,0,21.83
Indiana,1980,5,16,18.545,9.316,2.15928170956659,14.53
Indiana,1980,5,17,18.062,12.969,28.0151027496345,3.29
Indiana,1980,5,18,21.882,15.302,14.013949081118,13.66
Indiana,1980,5,19,19.321,11.734,0,15.54
Indiana,1980,5,20,21.662,12.317,2.31713056564331,21.11
Indiana,1980,5,21,23.087,9.915,0,24.83
Indiana,1980,5,22,25.008,11.24,0,24.43
Indiana,1980,5,23,24.019,16.657,4.95583116997977,13.02
Indiana,1980,5,24,22.911,14.467,5.04620671262046,17.61
Indiana,1980,5,25,27.513,15.159,0,25.91
Indiana,1980,5,26,24.008,11.468,0,29.89
Indiana,1980,5,27,24.586,9.632,0,30.24
Indiana,1980,5,28,27.79,12.756,0,28.68
Indiana,1980,5,29,29.095,17.754,0,25.17
Indiana,1980,5,30,27.186,20.385,0,21.46
Indiana,1980,5,31,25.612,18.194,3.24658155432189,26.99
Indiana,1980,6,1,25.315,17.434,22.1731126307532,8.74
Indiana,1980,6,2,25.852,19.649,22.9788035147749,8.21
Indiana,1980,6,3,23.669,19.194,9.10419523711425,23.48
Indiana,1980,6,4,22.907,11.91,0,21.44
Indiana,1980,6,5,27.267,15.575,0,21.15
Indiana,1980,6,6,29.979,21.71,0,23.32
Indiana,1980,6,7,29.256,21.277,21.4120090007555,11.88
Indiana,1980,6,8,23.693,11.874,1.69963285242147,22.98
Indiana,1980,6,9,21.9,12.32,0,25.19
Indiana,1980,6,10,18.703,10.114,1.80708169926902,28.61
Indiana,1980,6,11,20.218,8.375,0,30.41
Indiana,1980,6,12,23.238,8.969,0,30.41
Indiana,1980,6,13,25.351,12.808,0,25.02
Indiana,1980,6,14,27.064,17.818,0,20.92
Indiana,1980,6,15,26.092,18.244,14.7190868854068,10.85
Indiana,1980,6,16,18.794,11.695,20.2753901480719,28.53
Indiana,1980,6,17,20.534,6.363,0,27.63
Indiana,1980,6,18,23.78,11.29,0,29.75
Indiana,1980,6,19,24.659,13.463,4.76875305173508,17.84
Indiana,1980,6,20,21.477,7.513,0,29.87
Indiana,1980,6,21,24.166,11.099,0,30.3
Indiana,1980,6,22,27.098,12.095,0,30.18
Indiana,1980,6,23,25.232,18.141,6.52791881401527,13.62
Indiana,1980,6,24,26.223,19.357,19.5824056863785,13.92
Indiana,1980,6,25,28.14,17.811,0,24.74
Indiana,1980,6,26,30.108,19.042,0,25.25
Indiana,1980,6,27,31.41,20.647,0,26.93
Indiana,1980,6,28,30.395,24,2.89237499225692,17.65
Indiana,1980,6,29,28.68,21.14,1.64034962654114,25.79
Indiana,1980,6,30,23.018,14.751,0,21.97
Indiana,1980,7,1,28.661,16.022,0,17.62
Indiana,1980,7,2,28.246,21.904,0,25.59
Indiana,1980,7,3,27.076,18.176,0,20.94
Indiana,1980,7,4,28.325,19.245,3.97866368293265,15.51
Indiana,1980,7,5,30.798,22.48,10.7918331313961,19.82
Indiana,1980,7,6,28.593,16.383,0,27.32
Indiana,1980,7,7,32.465,17.026,0,22.87
Indiana,1980,7,8,32.691,26.043,0,25.22
Indiana,1980,7,9,30.455,21.176,22.6658995327966,18.15
Indiana,1980,7,10,29.78,20.759,10.9216749667667,19.81
Indiana,1980,7,11,31.096,17.977,0,27.91
Indiana,1980,7,12,33.258,23.188,3.36622816138288,21.91
Indiana,1980,7,13,28.854,22.337,0,17.76
Indiana,1980,7,14,31.576,20.07,0,25.96
Indiana,1980,7,15,34.872,25.702,0,27.12
Indiana,1980,7,16,33.2,24.922,0,24.42
Indiana,1980,7,17,29.982,20.38,0,28.27
Indiana,1980,7,18,31.213,19.933,0,26.41
Indiana,1980,7,19,33.654,22.96,0,26.45
Indiana,1980,7,20,34.462,24.104,0,27.54
Indiana,1980,7,21,31.571,23.111,24.5387464761393,16.77
Indiana,1980,7,22,26.434,20.133,11.3783214862337,20.59
Indiana,1980,7,23,24.337,16.127,0,25.26
Indiana,1980,7,24,26.109,13.582,0,28.3
Indiana,1980,7,25,27.788,15.48,0,27.47
Indiana,1980,7,26,28.622,17.047,0,24.11
Indiana,1980,7,27,26.74,20.078,6.86162710189819,10.9
Indiana,1980,7,28,25.286,18.736,1.97820548783056,19.91
Indiana,1980,7,29,28.296,16.545,0,24.29
Indiana,1980,7,30,28.572,15.337,0,25.19
Indiana,1980,7,31,31.489,24.387,0,20.25
Indiana,1980,8,1,31.217,21.239,0,21.41
Indiana,1980,8,2,30.565,24.871,1.94222033013602,15.09
Indiana,1980,8,3,27.421,19.927,4.38994169235229,21.2
Indiana,1980,8,4,31.539,17.758,0,26.94
Indiana,1980,8,5,29.36,23.434,3.80373895160346,13.72
Indiana,1980,8,6,31.31,20.546,3.47612500183914,17.54
Indiana,1980,8,7,32.366,23.881,0,23.86
Indiana,1980,8,8,33.095,24.781,0,22.51
Indiana,1980,8,9,31.704,22.56,1.52015646256132,21.45
Indiana,1980,8,10,32.467,23.141,2.35790596303787,19.36
Indiana,1980,8,11,28.799,21.37,36.260724067688,10.73
Indiana,1980,8,12,25.703,18.263,0,20.74
Indiana,1980,8,13,28.82,16.473,0,21.69
Indiana,1980,8,14,28.802,21.472,24.3974626063164,17.5
Indiana,1980,8,15,24.581,20.943,15.1929795741985,12.8
Indiana,1980,8,16,23.144,17.217,12.5007331371307,7.47
Indiana,1980,8,17,29.2,16.817,20.9886484488493,12.28
Indiana,1980,8,18,28.308,22.14,11.7053985586608,13.63
Indiana,1980,8,19,30.105,20.546,6.2493676201143,21.42
Indiana,1980,8,20,31.435,23.813,0,22.19
Indiana,1980,8,21,29.404,23.922,0,19.48
Indiana,1980,8,22,25.856,18.451,0,21.32
Indiana,1980,8,23,26.55,15.08,0,24.16
Indiana,1980,8,24,27.228,14.466,0,24.59
Indiana,1980,8,25,28.215,17.656,0,23.5
Indiana,1980,8,26,29.774,18.298,0,23.8
Indiana,1980,8,27,31.209,19.194,0,23.14
Indiana,1980,8,28,31.258,21.225,0,19.88
Indiana,1980,8,29,29.637,21.358,1.5538575685845,19.32
Indiana,1980,8,30,28.716,20.006,1.00934301229927,19.28
Indiana,1980,8,31,29.686,21.247,1.35880112645737,15.46
Indiana,1980,9,1,29.689,24.5,0,14.29
Indiana,1980,9,2,26.387,20.621,20.8301782607805,13.76
Indiana,1980,9,3,27.044,14.224,0,22.78
Indiana,1980,9,4,28.26,19.716,4.69241068560677,16.27
Indiana,1980,9,5,26.818,20.174,0,14.86
Indiana,1980,9,6,28.189,20.735,0,21.39
Indiana,1980,9,7,28.898,15.845,0,17.03
Indiana,1980,9,8,28.668,18.825,16.9938206672668,15.76
Indiana,1980,9,9,28.406,22.092,4.15819883335189,13.93
Indiana,1980,9,10,21.861,12.969,0,19.9
Indiana,1980,9,11,23.411,11.494,0,16.7
Indiana,1980,9,12,24.919,15.671,3.46073508262634,11.11
Indiana,1980,9,13,29.856,20.699,0,16.8
Indiana,1980,9,14,26.849,19.692,0,12.09
Indiana,1980,9,15,21.239,16.083,0,8.81
Indiana,1980,9,16,24.065,15.181,9.88385975345452,8.78
Indiana,1980,9,17,22.367,14.532,21.6618865728329,10.11
Indiana,1980,9,18,21.781,10.783,0,19.86
Indiana,1980,9,19,25.624,11.914,0,20.07
Indiana,1980,9,20,28.838,18.962,0,19.28
Indiana,1980,9,21,29.121,22.242,0,14.59
Indiana,1980,9,22,30.15,22.995,3.62500846375724,15.03
Indiana,1980,9,23,22.539,12.713,1.73571765617453,16.4
Indiana,1980,9,24,21.189,10.092,0,18.77
Indiana,1980,9,25,22.934,13.446,0,16.76
Indiana,1980,9,26,18.604,8.202,0,17.45
Indiana,1980,9,27,18.757,6.203,0,13.74
Indiana,1980,9,28,21.337,10.835,0,15.65
Indiana,1980,9,29,23.923,11.099,0,18.45
Indiana,1980,9,30,25.254,11.211,0,17.37
Indiana,1980,10,1,26.391,14.463,0,16.85
Indiana,1980,10,2,22.434,9.985,11.8098497390733,16.77
Indiana,1980,10,3,14.743,7.307,0,8.24
Indiana,1980,10,4,10.941,2.871,0,11.6
Indiana,1980,10,5,11.866,1.177,0,13.78
Indiana,1980,10,6,17.115,2.337,0,17.23
Indiana,1980,10,7,20.423,7.223,0,16.85
Indiana,1980,10,8,26.683,11.205,0,16.77
Indiana,1980,10,9,20.919,10.361,0,16.78
Indiana,1980,10,10,23.727,6.886,0,16.32
Indiana,1980,10,11,17.342,11.156,0,7.95
Indiana,1980,10,12,11.543,6.333,0,15.06
Indiana,1980,10,13,14.015,0.785,0,16.14
Indiana,1980,10,14,21.499,8.361,0,14.3
Indiana,1980,10,15,21.659,12.049,0,11.74
Indiana,1980,10,16,24.489,15.14,1.37645602222847,11.06
Indiana,1980,10,17,21.92,18.063,19.0638959406897,4.98
Indiana,1980,10,18,17.547,7.633,0,15.27
Indiana,1980,10,19,12.873,3.944,0,9.83
Indiana,1980,10,20,16.09,6.219,0,6.73
Indiana,1980,10,21,17.02,9.283,0,13.08
Indiana,1980,10,22,14.586,4.885,0,14.25
Indiana,1980,10,23,18.662,6.862,0,13.86
Indiana,1980,10,24,14.863,9.467,7.1411609648635,4.59
Indiana,1980,10,25,7.583,4.437,0,8.32
Indiana,1980,10,26,6.908,-0.337,0,13.71
Indiana,1980,10,27,6.661,-0.385,6.06906414031982,3.21
Indiana,1980,10,28,7.272,1.799,11.0132575034072,8.27
Indiana,1980,10,29,7.128,-3.236,0,13.37
Indiana,1980,10,30,9.547,-4.39,0,13.76
Indiana,1980,10,31,15.334,1.551,0,13.28
Indiana,1980,11,1,10.708,3.095,0,12.61
Indiana,1980,11,2,12.601,-0.517,0,12.47
Indiana,1980,11,3,19.561,7.744,0,12.23
Indiana,1980,11,4,16.677,7.86,0,9.04
Indiana,1980,11,5,9.599,2.46,0,12.26
Indiana,1980,11,6,15.532,-0.631,0,12.08
Indiana,1980,11,7,19.669,12.379,0,7.74
Indiana,1980,11,8,15.771,6.137,0,8.54
Indiana,1980,11,9,17.855,11.029,0,11.8
Indiana,1980,11,10,14.115,3.763,0,10.02
Indiana,1980,11,11,6.149,-1.822,0,10.96
Indiana,1980,11,12,6.278,-0.172,0,2.78
Indiana,1980,11,13,17.06,4.603,0,9.93
Indiana,1980,11,14,13.41,5.309,7.92897045607788,0.94
Indiana,1980,11,15,5.281,2.228,1.97133474966904,3.86
Indiana,1980,11,16,5.249,-0.942,0,8.97
Indiana,1980,11,17,2.203,-0.371,1.48767232894897,2.73
Indiana,1980,11,18,4.079,-1.306,0,5.72
Indiana,1980,11,19,5.952,-4.378,0,10.76
Indiana,1980,11,20,7.558,-2.907,0,10.42
Indiana,1980,11,21,6.693,-0.329,0,10.61
Indiana,1980,11,22,9.86,-1.686,0,10.52
Indiana,1980,11,23,6.572,3.983,3.91047298899139,1.81
Indiana,1980,11,24,6.001,2.852,1.38981041402531,2.78
Indiana,1980,11,25,3.75,-3.428,0,8.28
Indiana,1980,11,26,3.624,-5.597,0,9.38
Indiana,1980,11,27,1.483,-1.015,19.2921757698059,4.26
Indiana,1980,11,28,0.697,-0.287,3.67943644522484,4.23
Indiana,1980,11,29,3.607,-0.881,2.87346839900238,6.65
Indiana,1980,11,30,9.876,-2.015,0,9.48
Indiana,1980,12,1,12.316,6.627,1.01174712170859,2.61
Indiana,1980,12,2,11.853,-3,6.4317464827468,3.48
Indiana,1980,12,3,0.698,-7.633,0,7.42
Indiana,1980,12,4,5.483,-3.469,0,5.61
Indiana,1980,12,5,12.017,3.774,0,3.09
Indiana,1980,12,6,16.463,9.915,0,3.4
Indiana,1980,12,7,15.751,12.233,2.62139737606049,3.15
Indiana,1980,12,8,15.05,5.37,13.5318905113877,0.68
Indiana,1980,12,9,5.112,1.977,3.45936119549606,1.58
Indiana,1980,12,10,1.602,-4.936,0,7.96
Indiana,1980,12,11,0.339,-5.191,0,7.26
Indiana,1980,12,12,11.678,-1.395,0,8.67
Indiana,1980,12,13,6.842,-1.941,0,7.79
Indiana,1980,12,14,2.836,-4.748,0,8.55
Indiana,1980,12,15,2.914,-2.161,1.29501819600364,5.39
Indiana,1980,12,16,0.901,-3.891,0,8.64
Indiana,1980,12,17,1.108,-4.071,0,7.55
Indiana,1980,12,18,4.618,-0.422,0,6.25
Indiana,1980,12,19,0.268,-12.389,0,9.29
Indiana,1980,12,20,-9.691,-15.894,0,9.48
Indiana,1980,12,21,-6.248,-14.331,0,9.14
Indiana,1980,12,22,0.551,-8.451,0,8.81
Indiana,1980,12,23,3.705,-2.019,0,7.04
Indiana,1980,12,24,-0.195,-8.526,6.75792992115021,6.08
Indiana,1980,12,25,-9.506,-20.429,0,9.56
Indiana,1980,12,26,-4.892,-13.257,1.21855735778809,4.91
Indiana,1980,12,27,-3.499,-14.977,0,9.29
Indiana,1980,12,28,2.522,-10.614,0,8.62
Indiana,1980,12,29,2.071,-2.178,4.71793738142878,3.49
Indiana,1980,12,30,0.999,-3.793,0,4.87
Indiana,1980,12,31,2.248,-1.462,1.06485686114866,2.91
Indiana,1981,1,1,1.459,-1.49,0,4.2
Indiana,1981,1,2,-0.035,-8.197,0,8.83
Indiana,1981,1,3,-2.33,-12.301,0,7.59
Indiana,1981,1,4,-11.556,-18.658,0,9.15
Indiana,1981,1,5,-5.443,-17.226,0,8.75
Indiana,1981,1,6,-2.033,-6.222,11.6007208823135,3.43
Indiana,1981,1,7,-1.593,-15.69,0,10.13
Indiana,1981,1,8,-11.228,-19.015,0,9.75
Indiana,1981,1,9,-7.689,-21.299,0,8.75
Indiana,1981,1,10,-8.428,-19.211,0,10.84
Indiana,1981,1,11,-13.264,-17.242,0,10.45
Indiana,1981,1,12,-6.252,-20.189,0,9.29
Indiana,1981,1,13,-1.494,-7.943,0,10.34
Indiana,1981,1,14,-2.153,-11.334,0,4.61
Indiana,1981,1,15,-1.046,-6.529,0,4.37
Indiana,1981,1,16,-2.963,-12.839,0,7.04
Indiana,1981,1,17,-5.259,-14.791,0,10.8
Indiana,1981,1,18,3.408,-6.281,0,10.9
Indiana,1981,1,19,5.907,-3.515,0,8.9
Indiana,1981,1,20,4.726,-1.287,0,3.86
Indiana,1981,1,21,1.637,-0.442,0,5.31
Indiana,1981,1,22,5.79,-3.104,0,10.94
Indiana,1981,1,23,5.696,-4.066,0,10.43
Indiana,1981,1,24,9.519,-3.983,0,11.11
Indiana,1981,1,25,11.367,0.762,0,7.43
Indiana,1981,1,26,10.204,2.12,0,7.95
Indiana,1981,1,27,4.786,0.056,0,7.34
Indiana,1981,1,28,1.883,-6.039,0,12.27
Indiana,1981,1,29,-2.468,-8.714,0,10.73
Indiana,1981,1,30,-2.487,-8.335,0,12.71
Indiana,1981,1,31,3.162,-8.549,0,11.74
Indiana,1981,2,1,5.437,-0.509,15.6444142064629,1.58
Indiana,1981,2,2,-1.647,-12.679,1.40413939942619,11.14
Indiana,1981,2,3,-8.511,-16.945,0,11.15
Indiana,1981,2,4,-8.737,-13.659,0,11.76
Indiana,1981,2,5,-3.467,-14.642,0,11.39
Indiana,1981,2,6,-1.57,-4.897,1.52418613430427,6.92
Indiana,1981,2,7,3.821,-4.087,0,6.13
Indiana,1981,2,8,0.593,-8.86,0,13.34
Indiana,1981,2,9,1.817,-8.92,0,12.91
Indiana,1981,2,10,2.987,-3.855,27.8170168400607,3.53
Indiana,1981,2,11,2.473,-21.232,8.76250036134252,12.12
Indiana,1981,2,12,-10.037,-29.146,0,15.48
Indiana,1981,2,13,-2.955,-15.524,0,15.17
Indiana,1981,2,14,2.277,-13.061,0,15.24
Indiana,1981,2,15,8.148,-6.36,0,13.39
Indiana,1981,2,16,11.297,5.072,1.95970753355823,7.1
Indiana,1981,2,17,12.43,5.667,0,7.63
Indiana,1981,2,18,14.549,9.169,0,6.17
Indiana,1981,2,19,15.283,8.196,0,8.04
Indiana,1981,2,20,10.423,1.87,0,9.09
Indiana,1981,2,21,12.291,0.58,0,11.2
Indiana,1981,2,22,11.907,7.629,6.62025213239303,4.06
Indiana,1981,2,23,9.861,2.31,5.1048640289082,5.6
Indiana,1981,2,24,10.494,1.363,1.24291120340558,15.63
Indiana,1981,2,25,10.67,-1.513,0,16.15
Indiana,1981,2,26,8.186,-2.366,0,16.94
Indiana,1981,2,27,13.139,-1.707,0,10.3
Indiana,1981,2,28,13.55,5.799,1.63966417312622,7.5
Indiana,1981,3,1,6.379,1.995,0,9.56
Indiana,1981,3,2,4.347,-0.14,0,10.62
Indiana,1981,3,3,4.192,-6.636,0,18.03
Indiana,1981,3,4,4.865,0.243,4.48196530341605,3.57
Indiana,1981,3,5,4.034,-0.954,6.18203878402213,10.12
Indiana,1981,3,6,3.728,-6.056,0,15.15
Indiana,1981,3,7,0.983,-6.567,0,16.43
Indiana,1981,3,8,3.428,-5.637,0,13.26
Indiana,1981,3,9,4.617,-1.972,0,9.66
Indiana,1981,3,10,8.192,-1.347,0,13.66
Indiana,1981,3,11,5.535,-0.481,1.43956328042805,15.49
Indiana,1981,3,12,14.443,-1.216,0,19.68
Indiana,1981,3,13,11.459,-0.317,0,18.45
Indiana,1981,3,14,7.731,-5.618,0,20.36
Indiana,1981,3,15,14.782,0.683,0,17.73
Indiana,1981,3,16,10.561,-5.272,0,20.92
Indiana,1981,3,17,3.807,-0.639,0,18.97
Indiana,1981,3,18,0.774,-6.57,0,13.96
Indiana,1981,3,19,-0.075,-5.724,1.78329050540427,11.58
Indiana,1981,3,20,5.308,-3.885,0,15.26
Indiana,1981,3,21,8.859,-3.083,0,19.04
Indiana,1981,3,22,9.137,-1.955,0,20.51
Indiana,1981,3,23,10.978,-2.483,0,21.77
Indiana,1981,3,24,13.518,-2.86,0,21.98
Indiana,1981,3,25,12.62,-4.229,0,20.23
Indiana,1981,3,26,17.342,4.247,0,15.68
Indiana,1981,3,27,13.656,1.895,5.4831892251741,22.67
Indiana,1981,3,28,21.42,4.376,0,19.72
Indiana,1981,3,29,19.456,14.562,2.88929045200348,9.41
Indiana,1981,3,30,16.353,11.523,3.60581576751429,13.89
Indiana,1981,3,31,25.212,4.825,0,22.41
Indiana,1981,4,1,22.611,10.573,0,17.75
Indiana,1981,4,2,22.012,2.442,0,22.56
Indiana,1981,4,3,21.848,14.977,3.19154560565948,10.15
Indiana,1981,4,4,20.69,17.037,2.67067021968614,9.4
Indiana,1981,4,5,14.763,4.831,0,8.9
Indiana,1981,4,6,11.453,-0.783,0,24.58
Indiana,1981,4,7,18.869,4.135,0,23.01
Indiana,1981,4,8,21.58,12.425,1.88019871711731,14.93
Indiana,1981,4,9,17.488,6.427,6.66777155055343,24.45
Indiana,1981,4,10,22.776,7.763,3.15153246981481,10.41
Indiana,1981,4,11,20.348,17.899,8.63235434280796,6.66
Indiana,1981,4,12,20.096,14.428,22.6649969815753,7.36
Indiana,1981,4,13,24.335,11.574,0,13.54
Indiana,1981,4,14,22.722,8.821,16.3664519786835,18.82
Indiana,1981,4,15,13.269,0.811,0,26.33
Indiana,1981,4,16,16.401,3.349,1.43940150737265,15.69
Indiana,1981,4,17,24.636,13.483,3.77645319622388,16.58
Indiana,1981,4,18,22.675,11.151,0,26.22
Indiana,1981,4,19,14.084,6.661,4.49910706288392,5.96
Indiana,1981,4,20,11.549,4.492,1.50903789864287,25.44
Indiana,1981,4,21,13.289,0.513,0,26.15
Indiana,1981,4,22,17.79,7.16,11.863156977256,5.67
Indiana,1981,4,23,17.92,11.973,1.18410587310791,20.23
Indiana,1981,4,24,13.778,4.963,0,9.97
Indiana,1981,4,25,14.874,3.662,0,22.89
Indiana,1981,4,26,25.17,7.098,3.7861645220687,21.71
Indiana,1981,4,27,26.535,11.383,0,24.3
Indiana,1981,4,28,25.289,17.366,1.71180289862605,16.58
Indiana,1981,4,29,21.485,8.857,29.0215798032136,11.54
Indiana,1981,4,30,16.904,9.299,13.6355608701706,16.31
Indiana,1981,5,1,15.181,4.546,5.44464685947332,21.72
Indiana,1981,5,2,15.35,1.937,0,28.22
Indiana,1981,5,3,21.45,6.732,0,27.78
Indiana,1981,5,4,24.728,11.458,0,22.7
Indiana,1981,5,5,20.57,10.764,7.62555897233597,7.3
Indiana,1981,5,6,14.921,8.125,1.43482685088614,27.07
Indiana,1981,5,7,15.336,3.091,0,28.51
Indiana,1981,5,8,19.721,4.144,0,26.9
Indiana,1981,5,9,20.857,11.306,6.47681990488991,15.28
Indiana,1981,5,10,17.2,13.833,45.2608165859942,2.85
Indiana,1981,5,11,13.99,7.725,12.9958808701076,4.88
Indiana,1981,5,12,15.206,3.459,0,25.54
Indiana,1981,5,13,16.008,7.289,4.7523316076763,11
Indiana,1981,5,14,12.808,8.666,56.6928781157117,3.09
Indiana,1981,5,15,17.222,7.871,5.24596662589261,20.57
Indiana,1981,5,16,21.137,5.525,0,26.53
Indiana,1981,5,17,18.733,10.494,2.93616652487572,14.83
Indiana,1981,5,18,15.843,4.655,21.6595162960971,5.42
Indiana,1981,5,19,18.008,8.521,1.01840595262814,26.39
Indiana,1981,5,20,20.607,4.912,0,30.04
Indiana,1981,5,21,24.038,5.622,0,29.74
Indiana,1981,5,22,23.742,8.984,0,26.34
Indiana,1981,5,23,25.744,14.564,1.67071223256698,20.21
Indiana,1981,5,24,25.402,17.948,11.2290382385254,17.26
Indiana,1981,5,25,24.441,14.596,7.6090544462204,25.56
Indiana,1981,5,26,22.424,16.252,1.67813340692646,9.15
Indiana,1981,5,27,21.27,15.494,11.1437438593498,15.71
Indiana,1981,5,28,22.455,10.198,0,26.68
Indiana,1981,5,29,27.006,13.507,0,25.03
Indiana,1981,5,30,24.244,17.287,5.84614872929023,13.17
Indiana,1981,5,31,21.813,8.438,0,29.31
Indiana,1981,6,1,21.246,12.052,0,20.48
Indiana,1981,6,2,25.802,16.706,0,18.06
Indiana,1981,6,3,26.828,18.725,2.75917559588379,19.77
Indiana,1981,6,4,26.18,16.001,0,27.2
Indiana,1981,6,5,27.322,16.926,17.4139440059662,18.78
Indiana,1981,6,6,25.835,20.017,2.31786072254181,24.26
Indiana,1981,6,7,26.494,11.967,0,29.96
Indiana,1981,6,8,29.63,19.185,2.28030497328291,20.03
Indiana,1981,6,9,26.122,17.894,40.2793866074944,24.94
Indiana,1981,6,10,24.993,15.987,36.1827845613334,25.61
Indiana,1981,6,11,25.431,13.186,0,20.82
Indiana,1981,6,12,23.991,17.339,14.6283686160018,5.81
Indiana,1981,6,13,27.569,21.124,30.03845081912,12.77
Indiana,1981,6,14,30.107,24.031,0,23.01
Indiana,1981,6,15,30.807,23.789,0,27.07
Indiana,1981,6,16,27.934,19.271,9.64498519897461,13.37
Indiana,1981,6,17,23.171,11.618,0,30.41
Indiana,1981,6,18,26.072,14.082,0,30.47
Indiana,1981,6,19,24.936,16.463,0,20.07
Indiana,1981,6,20,27.362,16.013,0,24.75
Indiana,1981,6,21,25.814,19.071,7.53377377981224,10.32
Indiana,1981,6,22,25.015,18.72,35.9407663345337,26.37
Indiana,1981,6,23,23.913,14.696,0,27.03
Indiana,1981,6,24,29.213,17.273,0,22.08
Indiana,1981,6,25,28.121,21.423,11.7809116840313,25.95
Indiana,1981,6,26,23.44,14.198,0,25.91
Indiana,1981,6,27,24.432,11.751,0,27.42
Indiana,1981,6,28,27.59,16.23,0,23.34
Indiana,1981,6,29,30.02,20.362,0,26.53
Indiana,1981,6,30,28.519,21.863,5.74587583531638,20.43
Indiana,1981,7,1,26.358,20.39,3.84966135021614,16.41
Indiana,1981,7,2,25.207,18.165,4.82002423945005,21.9
Indiana,1981,7,3,25.642,16.774,0,22.93
Indiana,1981,7,4,25.27,19.196,3.06467924866638,12.77
Indiana,1981,7,5,26.864,20.283,29.5644700527191,12.43
Indiana,1981,7,6,28.299,18.626,0,22.8
Indiana,1981,7,7,29.578,19.143,0,24.02
Indiana,1981,7,8,30.42,22.731,0,25.92
Indiana,1981,7,9,30.724,23.177,1.52340531343498,23.34
Indiana,1981,7,10,27.116,17.939,0,29.67
Indiana,1981,7,11,28.793,14.673,0,29.39
Indiana,1981,7,12,30.886,19.285,0,21.2
Indiana,1981,7,13,32.357,24.631,4.19713854785186,22.06
Indiana,1981,7,14,27.906,20.414,0,26.55
Indiana,1981,7,15,26.506,20.035,1.48909781597695,13.31
Indiana,1981,7,16,26.762,19.934,1.06746058185081,20.42
Indiana,1981,7,17,28.813,18.723,0,25.55
Indiana,1981,7,18,29.215,18.607,0,24.25
Indiana,1981,7,19,28.041,22.354,28.8828611373901,4.61
Indiana,1981,7,20,28.621,22.274,16.4422671297189,15.56
Indiana,1981,7,21,25.703,20.012,1.55185799189894,21.94
Indiana,1981,7,22,22.524,13.609,0,21.14
Indiana,1981,7,23,24.498,15.055,0,22.57
Indiana,1981,7,24,26.783,17.034,6.74279876091077,23.24
Indiana,1981,7,25,26.83,18.076,1.79435602404965,17.05
Indiana,1981,7,26,26.993,21.857,41.0708987985231,14.54
Indiana,1981,7,27,24.039,17.821,13.0549103014346,6.73
Indiana,1981,7,28,22.969,19.293,22.5663355265056,9.46
Indiana,1981,7,29,21.202,12.889,0,17.85
Indiana,1981,7,30,23.601,14.679,0,26.52
Indiana,1981,7,31,25.646,13.477,0,27.91
Indiana,1981,8,1,27.338,13.946,0,26.76
Indiana,1981,8,2,27.831,16.726,0,23.3
Indiana,1981,8,3,25.902,21.242,2.84524559964439,10.85
Indiana,1981,8,4,28.744,19.176,0,19.58
Indiana,1981,8,5,28.883,21.248,8.87502133846496,16.83
Indiana,1981,8,6,27.372,21.025,16.7180206397575,15.83
Indiana,1981,8,7,25.995,20.148,0,22.62
Indiana,1981,8,8,23.575,17.649,0,16.88
Indiana,1981,8,9,25.821,16.22,0,22.15
Indiana,1981,8,10,26.388,18.483,3.33762764927314,19.69
Indiana,1981,8,11,24.029,15.571,0,22.83
Indiana,1981,8,12,25.771,16.309,0,21.98
Indiana,1981,8,13,27.55,18.642,0,22.96
Indiana,1981,8,14,25.959,19.175,0,11.52
Indiana,1981,8,15,26.407,21.531,6.50450587272644,13.2
Indiana,1981,8,16,23.87,18.279,0,14.29
Indiana,1981,8,17,21.567,12.477,0,25.52
Indiana,1981,8,18,22.542,11.515,0,25.57
Indiana,1981,8,19,24.566,14.422,0,24.85
Indiana,1981,8,20,25.373,13.153,0,25.18
Indiana,1981,8,21,25.961,14.51,0,24.36
Indiana,1981,8,22,25.335,14.217,0,24.93
Indiana,1981,8,23,26.321,14.08,0,20.19
Indiana,1981,8,24,27.682,15.65,0,21.34
Indiana,1981,8,25,28.021,18.85,1.29456222056845,18.79
Indiana,1981,8,26,27.23,19.581,2.77304053306437,16.69
Indiana,1981,8,27,24.738,19.434,24.885275959889,8.85
Indiana,1981,8,28,25.826,19.288,14.6779268980026,13.17
Indiana,1981,8,29,26.278,19.505,16.0109549760818,14.13
Indiana,1981,8,30,27.086,19.032,13.9365643262863,18.79
Indiana,1981,8,31,28.5,20.789,17.6571786402633,18.12
Indiana,1981,9,1,25.3,20.759,11.4447541768072,6.16
Indiana,1981,9,2,24.396,20.803,11.8794381618272,8.02
Indiana,1981,9,3,22.82,20.072,6.3167095183303,5.88
Indiana,1981,9,4,23.096,19.395,0,12.75
Indiana,1981,9,5,22.098,14.736,0,12.21
Indiana,1981,9,6,23.569,17.285,0,13.91
Indiana,1981,9,7,23.93,15.802,0,12.28
Indiana,1981,9,8,20.961,15.04,11.7094099521182,19.38
Indiana,1981,9,9,21.828,11.818,0,20.6
Indiana,1981,9,10,26.415,15.216,0,21.4
Indiana,1981,9,11,27.469,17.312,0,20.55
Indiana,1981,9,12,27.712,18.029,0,18.16
Indiana,1981,9,13,28.459,19.534,2.07324686238053,15.45
Indiana,1981,9,14,25.342,19.546,2.93827323656615,9.67
Indiana,1981,9,15,23.053,14.47,0,16.61
Indiana,1981,9,16,18.981,12.983,4.78534102438744,13.87
Indiana,1981,9,17,15.259,9.456,5.78221678733826,13.47
Indiana,1981,9,18,15.452,8.575,1.36654376979095,13.08
Indiana,1981,9,19,21.796,9.698,0,20.25
Indiana,1981,9,20,22.355,11.886,0,18.61
Indiana,1981,9,21,24.063,12.934,0,18.93
Indiana,1981,9,22,21.737,10.298,0,19.28
Indiana,1981,9,23,16.59,6.243,0,20.16
Indiana,1981,9,24,20.777,7.899,0,17.98
Indiana,1981,9,25,23.833,13.881,0,15
Indiana,1981,9,26,27.051,18.846,1.00207720061007,13.56
Indiana,1981,9,27,25.321,12.331,15.4205113649368,19.25
Indiana,1981,9,28,18.63,7.891,0,19.2
Indiana,1981,9,29,17.889,7.636,0,8.51
Indiana,1981,9,30,26.967,13.879,0,16.88
Indiana,1981,10,1,24.123,15.061,0,15.04
Indiana,1981,10,2,14.631,5.194,0,11.49
Indiana,1981,10,3,13.984,3.257,0,17.6
Indiana,1981,10,4,19.154,8.277,0,9.3
Indiana,1981,10,5,25.542,12.018,0,12.05
Indiana,1981,10,6,23.548,14.076,0,10
Indiana,1981,10,7,14.078,6.541,0,14.99
Indiana,1981,10,8,13.694,6.442,0,15.86
Indiana,1981,10,9,16.934,5.365,0,16.6
Indiana,1981,10,10,14.278,9.427,0,3.55
Indiana,1981,10,11,16.957,7.643,0,16.39
Indiana,1981,10,12,18.48,7.95,0,15.72
Indiana,1981,10,13,21.386,8.537,0,14.58
Indiana,1981,10,14,17.151,12.643,3.06886732568046,3.7
Indiana,1981,10,15,18.009,12.8,1.14797124183497,3.97
Indiana,1981,10,16,16.796,8.17,0,15.38
Indiana,1981,10,17,18.992,7.771,8.89846232990976,5.98
Indiana,1981,10,18,18.231,7.262,13.8736963272095,9.27
Indiana,1981,10,19,9.727,2.112,0,15.45
Indiana,1981,10,20,18.887,6.31,0,14.67
Indiana,1981,10,21,16.92,10.775,0,8.15
Indiana,1981,10,22,8.966,5.777,9.41855609414688,1.54
Indiana,1981,10,23,5.913,0.071,0,13.63
Indiana,1981,10,24,5.326,-5.815,0,14.86
Indiana,1981,10,25,12.375,-1.354,0,13.48
Indiana,1981,10,26,13.059,7.007,1.22541487206718,3.79
Indiana,1981,10,27,13.222,8.957,1.75751447670791,3.82
Indiana,1981,10,28,16.232,1.772,0,11.68
Indiana,1981,10,29,17.492,6.349,0,13.18
Indiana,1981,10,30,21.247,8.774,0,12.73
Indiana,1981,10,31,20.99,11.261,0,9.8
Indiana,1981,11,1,20.209,13.771,0,4.98
Indiana,1981,11,2,19.519,13.687,2.00498402108451,5.53
Indiana,1981,11,3,20.161,12.56,0,6.91
Indiana,1981,11,4,21.083,13.059,1.60628557199516,9.37
Indiana,1981,11,5,16.711,11.678,2.41402573988125,8.19
Indiana,1981,11,6,12.261,6.309,0,10.17
Indiana,1981,11,7,12.13,0.49,0,12.12
Indiana,1981,11,8,14.881,4.278,0,6.08
Indiana,1981,11,9,12.392,4.644,1.26778483390311,7.16
Indiana,1981,11,10,8.18,-3.867,0,12.07
Indiana,1981,11,11,11.127,-0.734,0,11.63
Indiana,1981,11,12,10.288,0.039,0,11.5
Indiana,1981,11,13,11.18,-0.29,0,9.9
Indiana,1981,11,14,13.902,-0.868,0,11.45
Indiana,1981,11,15,15.015,-0.976,0,11.09
Indiana,1981,11,16,14.841,4.212,0,8.85
Indiana,1981,11,17,13.205,4.586,0,10.42
Indiana,1981,11,18,12.289,1.091,0,10.02
Indiana,1981,11,19,16.562,8.595,8.42476073353282,3.64
Indiana,1981,11,20,12.973,0.794,28.8337320088203,3.79
Indiana,1981,11,21,1.059,-3.552,0,8.25
Indiana,1981,11,22,1.512,-6.142,0,10.35
Indiana,1981,11,23,2.861,-5.05,7.46472477908355,3.02
Indiana,1981,11,24,3.746,0.482,2.35607027934748,5.51
Indiana,1981,11,25,6.053,-0.836,0,8.11
Indiana,1981,11,26,15.313,3.623,4.65756058692435,1.6
Indiana,1981,11,27,13.756,1.361,1.2698769569397,9.41
Indiana,1981,11,28,3.013,-3.073,0,9.12
Indiana,1981,11,29,3.292,-4.407,0,9.59
Indiana,1981,11,30,3.726,-3.784,1.02273580472456,5.51
Indiana,1981,12,1,9.934,1.13,9.03505568237506,5.38
Indiana,1981,12,2,5.2,1.054,0,4.18
Indiana,1981,12,3,7.181,-2.671,0,7.02
Indiana,1981,12,4,4.346,1.059,6.80646895813197,4.65
Indiana,1981,12,5,1.218,-3.795,0,5.78
Indiana,1981,12,6,6.016,-4.177,0,7.29
Indiana,1981,12,7,12.318,2.308,0,7.58
Indiana,1981,12,8,8.967,0.175,0,4.65
Indiana,1981,12,9,0.39,-4.099,0,8.53
Indiana,1981,12,10,-0.457,-5.783,0,7.59
Indiana,1981,12,11,0.778,-4.037,0,5.76
Indiana,1981,12,12,0.73,-3.826,0,4.99
Indiana,1981,12,13,2.56,-4.468,0,6.87
Indiana,1981,12,14,3.216,-2.031,0,7.34
Indiana,1981,12,15,1.153,-3.777,0,5.91
Indiana,1981,12,16,-1.796,-7.897,0,6.18
Indiana,1981,12,17,-3.185,-7.143,10.0470781326294,6.05
Indiana,1981,12,18,-7.441,-12.53,1.0597100857126,9.42
Indiana,1981,12,19,-12.193,-16.996,0,9.84
Indiana,1981,12,20,-9.99,-22.399,0,9.74
Indiana,1981,12,21,0.185,-10.398,8.89473259320539,3.13
Indiana,1981,12,22,1.853,0.01,5.14596418616975,3.04
Indiana,1981,12,23,0.32,-9.206,22.9448080062866,8.48
Indiana,1981,12,24,-4.229,-11.72,0,9.61
Indiana,1981,12,25,0.356,-9.666,0,9.01
Indiana,1981,12,26,3.16,-3.537,0,6.05
Indiana,1981,12,27,2.517,-2.826,7.25020468235016,4.18
Indiana,1981,12,28,-2.854,-4.645,8.63710045814514,3.2
Indiana,1981,12,29,-3.866,-9.853,0,7.35
Indiana,1981,12,30,-4.385,-15.537,0,8.61
Indiana,1981,12,31,2.206,-4.123,6.70334994782706,2.08
Indiana,1982,1,1,2.468,-7.443,0,5.99
Indiana,1982,1,2,3.067,-7.451,0,4.29
Indiana,1982,1,3,5.188,1.543,4.40942719797022,3.07
Indiana,1982,1,4,8.415,-6.879,8.24183225620345,3.39
Indiana,1982,1,5,5.417,-9.163,0,9.02
Indiana,1982,1,6,2.62,-1.088,0,2.32
Indiana,1982,1,7,-1.237,-10.591,0,9.12
Indiana,1982,1,8,-1.698,-16.069,0,9.12
Indiana,1982,1,9,-3.06,-17.329,1.94014829196476,10.58
Indiana,1982,1,10,-18.214,-28.792,0,10.86
Indiana,1982,1,11,-15.424,-25.726,0,9.14
Indiana,1982,1,12,-10.592,-19.765,1.86739861965179,6.17
Indiana,1982,1,13,-9.942,-11.341,5.0672270836003,8.49
Indiana,1982,1,14,-11.769,-16.216,0,8.64
Indiana,1982,1,15,-5.836,-28.4,1.0674297808464,8.05
Indiana,1982,1,16,-1.718,-26.445,6.23183250417014,11.47
Indiana,1982,1,17,-18.271,-32.45,2.16427445411682,6.98
Indiana,1982,1,18,-8.187,-17.57,0,10.63
Indiana,1982,1,19,-2.489,-10.953,0,5
Indiana,1982,1,20,-3.33,-12.864,0,7.92
Indiana,1982,1,21,0.327,-4.828,5.47674298275069,6.78
Indiana,1982,1,22,1.965,-9.852,12.0302343993899,2.37
Indiana,1982,1,23,8.855,-10.779,14.7232890128635,7.95
Indiana,1982,1,24,-11.65,-17.798,0,11.02
Indiana,1982,1,25,-7.794,-14.185,2.28874689366876,8.71
Indiana,1982,1,26,-12.563,-23.87,0,12.59
Indiana,1982,1,27,3.011,-16.009,0,12.14
Indiana,1982,1,28,3.207,-2.066,0,10.66
Indiana,1982,1,29,5.371,-8.3,0,7.99
Indiana,1982,1,30,4.795,-1.247,36.5463606638627,1.69
Indiana,1982,1,31,-1.658,-9.505,45.7137379569303,3.81
Indiana,1982,2,1,-10.242,-21.165,0,13.38
Indiana,1982,2,2,-5.771,-15.589,0,12.53
Indiana,1982,2,3,-5.624,-9.738,2.97753810872337,6.09
Indiana,1982,2,4,-7.494,-16.806,1.15766333254896,13.91
Indiana,1982,2,5,-8.411,-16.179,3.17335426802856,7.01
Indiana,1982,2,6,-11.116,-23.35,0,14.74
Indiana,1982,2,7,-8.55,-20.817,0,14.49
Indiana,1982,2,8,-6.408,-16.22,0,9.67
Indiana,1982,2,9,-6.87,-14.885,9.3564603920413,13.58
Indiana,1982,2,10,-16.16,-26.906,0,14.73
Indiana,1982,2,11,-8.937,-19.66,0,15.19
Indiana,1982,2,12,-6.336,-14.05,0,9.65
Indiana,1982,2,13,-3.727,-16.99,0,11.67
Indiana,1982,2,14,2.356,-5.192,0,12.92
Indiana,1982,2,15,4.494,2.028,0,13.41
Indiana,1982,2,16,3.745,1.706,4.95144128797165,2.5
Indiana,1982,2,17,1.905,-0.234,3.13375362247825,5.15
Indiana,1982,2,18,0.488,-1.298,2.55853424334873,2.46
Indiana,1982,2,19,2.868,-1.585,4.66417967140842,9.15
Indiana,1982,2,20,8.958,1.18,1.88045501698753,9.71
Indiana,1982,2,21,4.747,-0.906,0,7.01
Indiana,1982,2,22,5.71,-5.933,0,15.34
Indiana,1982,2,23,10.504,1.093,0,14.94
Indiana,1982,2,24,5.781,-0.903,1.22930188704373,7.46
Indiana,1982,2,25,-0.635,-8.171,0,15.39
Indiana,1982,2,26,2.436,-8.529,0,16.66
Indiana,1982,2,27,5.572,-6.338,0,17.66
Indiana,1982,2,28,8.113,-6.067,0,16.26
Indiana,1982,3,1,10.573,-1.028,0,14.21
Indiana,1982,3,2,7.237,-0.659,7.37471675802226,4.3
Indiana,1982,3,3,-0.828,-9.028,3.57340188134003,17.81
Indiana,1982,3,4,6.792,-7.46,11.7453843354269,3.21
Indiana,1982,3,5,0.359,-8.07,0,17.54
Indiana,1982,3,6,-1.336,-8.584,1.0735112381326,9.09
Indiana,1982,3,7,-2.678,-8.891,0,12.71
Indiana,1982,3,8,3.279,-9.649,1.42352283000946,13.59
Indiana,1982,3,9,0.802,-13.43,1.4885276555674,19.38
Indiana,1982,3,10,12.335,-3.63,2.84394424124912,9.89
Indiana,1982,3,11,13.048,8.309,2.3553328617254,15
Indiana,1982,3,12,15.834,-1.542,0,10.13
Indiana,1982,3,13,16.211,2.733,13.0531926141657,20.06
Indiana,1982,3,14,10.831,0.343,0,11.54
Indiana,1982,3,15,8.039,2.127,10.4109376667907,4.79
Indiana,1982,3,16,20.699,5.47,10.5868935584112,11.02
Indiana,1982,3,17,14.254,2.225,0,19.69
Indiana,1982,3,18,15.697,1.284,0,18.08
Indiana,1982,3,19,11.573,3.011,16.3434401617337,3.41
Indiana,1982,3,20,17.574,3.715,9.87901091565391,15.57
Indiana,1982,3,21,14.989,3.541,0,14.69
Indiana,1982,3,22,9.036,1.116,0,12.86
Indiana,1982,3,23,11.013,-1.024,0,16.2
Indiana,1982,3,24,13.939,4.495,0,13.42
Indiana,1982,3,25,11.502,1.634,8.40523838996887,10.02
Indiana,1982,3,26,3.975,-3.772,1.46486246649147,17.81
Indiana,1982,3,27,0.997,-8.468,0,23.3
Indiana,1982,3,28,6.152,-8.36,0,23.54
Indiana,1982,3,29,14.035,-3.126,0,22.4
Indiana,1982,3,30,16.952,8.219,8.77081192281182,7.93
Indiana,1982,3,31,15.61,9.504,4.51893929573544,20.51
Indiana,1982,4,1,17.308,4.336,0,23.24
Indiana,1982,4,2,19.527,6.918,1.47954148985718,17.85
Indiana,1982,4,3,18.036,0.97,13.8580977915694,7.37
Indiana,1982,4,4,4.698,-4.875,0,24
Indiana,1982,4,5,2.82,-3.521,10.4482263326595,8.18
Indiana,1982,4,6,-1.204,-9.348,9.77854728688499,25
Indiana,1982,4,7,-0.332,-14.548,0,21.59
Indiana,1982,4,8,1.698,-5.869,2.5228291748931,14.38
Indiana,1982,4,9,0.387,-3.581,8.20142858174222,19.63
Indiana,1982,4,10,7.054,-4.714,1.53782665722701,19.59
Indiana,1982,4,11,5.317,-5.307,0,25.85
Indiana,1982,4,12,17.504,-5.091,0,16.22
Indiana,1982,4,13,16.15,10.795,0,8.79
Indiana,1982,4,14,14.292,0.716,0,25.42
Indiana,1982,4,15,22.4,3.466,0,25.55
Indiana,1982,4,16,19.03,15.906,5.29239387560665,6.95
Indiana,1982,4,17,18.624,10.699,2.65404907042921,14.32
Indiana,1982,4,18,15.935,3.657,0,26.44
Indiana,1982,4,19,16.921,6.532,1.98123157019836,18.69
Indiana,1982,4,20,15.35,9.444,2.93670892710907,24.59
Indiana,1982,4,21,11.959,-0.058,0,26.69
Indiana,1982,4,22,13.337,0.104,0,26.56
Indiana,1982,4,23,16.848,2.123,0,27.07
Indiana,1982,4,24,19.063,6.081,0,26.93
Indiana,1982,4,25,19.332,8.249,0,15.95
Indiana,1982,4,26,19.765,8.177,1.04310091249005,18.44
Indiana,1982,4,27,14.035,4.89,1.87714480028944,27.04
Indiana,1982,4,28,14.581,2.476,0,27.04
Indiana,1982,4,29,16.734,6.549,0,17.04
Indiana,1982,4,30,18.092,9.312,1.19050443169044,11.64
Indiana,1982,5,1,19.797,10.4,0,16.62
Indiana,1982,5,2,21.611,8.081,0,25.46
Indiana,1982,5,3,23.475,6.191,0,25.09
Indiana,1982,5,4,25.512,11.681,0,24.45
Indiana,1982,5,5,27.721,15.325,0,24.87
Indiana,1982,5,6,26.472,16.921,0,19.52
Indiana,1982,5,7,24.113,11.453,43.0289685725143,3.69
Indiana,1982,5,8,22.193,5.084,0,25.94
Indiana,1982,5,9,24.208,9.862,0,27.12
Indiana,1982,5,10,25.496,11.892,0,27.76
Indiana,1982,5,11,26.581,13.276,0,28.15
Indiana,1982,5,12,27.851,15.19,0,27.12
Indiana,1982,5,13,28.256,15.259,0,26.76
Indiana,1982,5,14,29.025,16.676,0,25.27
Indiana,1982,5,15,28.104,16.416,0,24.81
Indiana,1982,5,16,27.984,15.639,1.78896784781912,25.68
Indiana,1982,5,17,28.911,15.974,0,26.17
Indiana,1982,5,18,28.272,17.733,0,22.88
Indiana,1982,5,19,26.989,16.194,0,23.99
Indiana,1982,5,20,26.861,17.199,5.44975697994232,22.09
Indiana,1982,5,21,23.889,12.174,12.2003793715635,12.88
Indiana,1982,5,22,24.516,17.318,9.16886336108291,19.8
Indiana,1982,5,23,21.406,13.938,0,12.49
Indiana,1982,5,24,19.559,12.053,0,15.29
Indiana,1982,5,25,21.77,14.426,0,16.29
Indiana,1982,5,26,23.034,15.972,5.9475302696228,11.59
Indiana,1982,5,27,22.473,17.392,17.2883908153381,9.34
Indiana,1982,5,28,24.322,13.369,0,19.17
Indiana,1982,5,29,24.376,17.738,25.7233727959374,9.34
Indiana,1982,5,30,25.511,17.047,2.03695297240714,18.05
Indiana,1982,5,31,26.872,17.249,7.24762678140678,22.06
Indiana,1982,6,1,22.01,14.357,21.2861746534827,23.3
Indiana,1982,6,2,22.204,10.538,0,23.01
Indiana,1982,6,3,19.889,11.127,7.89313912391165,15.6
Indiana,1982,6,4,17.93,10.303,1.55626535405773,10.55
Indiana,1982,6,5,21.837,11.401,0,27.44
Indiana,1982,6,6,23.246,9.412,0,26.48
Indiana,1982,6,7,26.582,14.931,4.78596311575075,16.39
Indiana,1982,6,8,27.876,18.177,6.47028468199551,23.43
Indiana,1982,6,9,27.736,17.395,16.1278903477182,15
Indiana,1982,6,10,23.309,14.667,0,29.84
Indiana,1982,6,11,23.513,10.836,0,26.61
Indiana,1982,6,12,22.765,15.596,0,22.05
Indiana,1982,6,13,21.973,14.613,0,29.42
Indiana,1982,6,14,25.015,11.77,0,29.71
Indiana,1982,6,15,26.684,18.129,10.0201666355133,17.09
Indiana,1982,6,16,20.909,13.52,12.5180125236461,15.41
Indiana,1982,6,17,22.582,6.334,0,29.66
Indiana,1982,6,18,24.361,13.769,0,19.56
Indiana,1982,6,19,21.304,14.646,12.9408240318298,18.35
Indiana,1982,6,20,24.08,14.059,4.92346286773682,25.34
Indiana,1982,6,21,21.69,12.237,0,24.09
Indiana,1982,6,22,21.565,15.288,0,23.44
Indiana,1982,6,23,21.157,9.56,0,23.95
Indiana,1982,6,24,24.249,10.406,0,28.01
Indiana,1982,6,25,26.711,13.676,0,28.63
Indiana,1982,6,26,26.497,14.593,0,25.36
Indiana,1982,6,27,28.788,18.95,3.72541546818184,22.93
Indiana,1982,6,28,25.433,20.363,31.7060338891793,11.08
Indiana,1982,6,29,27.375,18.92,6.13341630397457,19.9
Indiana,1982,6,30,23.63,16.662,0,28.86
Indiana,1982,7,1,23.203,10.482,0,29.1
Indiana,1982,7,2,22.244,14.289,2.51439511765739,12.34
Indiana,1982,7,3,26.59,20.264,29.3603867291381,12.34
Indiana,1982,7,4,28.822,18.532,1.4074444770813,25.92
Indiana,1982,7,5,30.717,18.606,0,27.77
Indiana,1982,7,6,30.873,22.332,0,26.14
Indiana,1982,7,7,28.262,24.523,1.63736939430237,23.25
Indiana,1982,7,8,27.354,17.358,0,27.67
Indiana,1982,7,9,27.664,14.391,0,29.4
Indiana,1982,7,10,27.21,20.569,10.208297542647,14.38
Indiana,1982,7,11,24.714,20.244,7.19434986888245,21.33
Indiana,1982,7,12,26.03,15.646,0,25.87
Indiana,1982,7,13,27.02,16.246,3.39250266551971,23.48
Indiana,1982,7,14,28.43,18.813,2.83627896658345,24.76
Indiana,1982,7,15,28.937,18.753,0,26.21
Indiana,1982,7,16,30.79,20.496,0,26.22
Indiana,1982,7,17,30.618,23.482,0,24.15
Indiana,1982,7,18,29.398,23.335,1.54785221297971,19.54
Indiana,1982,7,19,28.975,21.76,22.8746265172504,10.81
Indiana,1982,7,20,28.819,21.2,1.20005142247237,23.42
Indiana,1982,7,21,28.679,18.952,0,26.81
Indiana,1982,7,22,26.896,20.909,14.7308051586101,6.4
Indiana,1982,7,23,27.259,17.805,0,26.98
Indiana,1982,7,24,28.141,17.67,0,27.51
Indiana,1982,7,25,29.692,17.132,0,25.89
Indiana,1982,7,26,29.398,18.986,0,23.82
Indiana,1982,7,27,29.486,20.645,1.89882516849593,22.45
Indiana,1982,7,28,26.226,20.876,5.04662096500397,24.59
Indiana,1982,7,29,25.935,15.627,0,20.05
Indiana,1982,7,30,26.503,16.558,0,22.4
Indiana,1982,7,31,25.877,17.727,0,22.35
Indiana,1982,8,1,27.058,16.713,0,22.87
Indiana,1982,8,2,29.258,19.574,0,23.65
Indiana,1982,8,3,31.957,20.134,0,24.7
Indiana,1982,8,4,31.786,24.113,7.40377008914805,22.29
Indiana,1982,8,5,27.942,22.424,17.575740814209,13.13
Indiana,1982,8,6,28.754,20.639,0,19.18
Indiana,1982,8,7,27.416,21.4,15.5380964279175,15.63
Indiana,1982,8,8,27.555,21.092,10.2834284304549,16.01
Indiana,1982,8,9,26.214,16.513,0,21.91
Indiana,1982,8,10,21.289,16.359,0,15.6
Indiana,1982,8,11,21.339,12.144,0,21.28
Indiana,1982,8,12,22.294,12.022,0,20.75
Indiana,1982,8,13,24.168,11.892,0,25.94
Indiana,1982,8,14,25.552,13.122,0,24.81
Indiana,1982,8,15,27.475,15.698,0,24.37
Indiana,1982,8,16,28.024,17.824,0,23.01
Indiana,1982,8,17,28.008,16.697,0,23.31
Indiana,1982,8,18,25.973,13.808,0,25.5
Indiana,1982,8,19,27.911,15.198,0,24.36
Indiana,1982,8,20,27.135,21.108,7.52288103103638,13.1
Indiana,1982,8,21,24.498,17.181,0,20.44
Indiana,1982,8,22,25.06,14.245,0,18.48
Indiana,1982,8,23,26.028,19.027,3.2217134286725,16.9
Indiana,1982,8,24,27.788,15.298,4.16919460667486,17.53
Indiana,1982,8,25,22.947,16.083,7.29489922514404,21.23
Indiana,1982,8,26,23.566,13.522,0,16.19
Indiana,1982,8,27,24.579,15.178,0,16.97
Indiana,1982,8,28,20.818,9.847,0,23.64
Indiana,1982,8,29,24.036,10.579,0,22.48
Indiana,1982,8,30,25.072,18.478,1.94995403285247,12.44
Indiana,1982,8,31,27.368,18.07,1.03456079949638,16.04
Indiana,1982,9,1,27.701,20.762,3.00459563732147,7.77
Indiana,1982,9,2,27.382,21.16,1.77172720431784,17.88
Indiana,1982,9,3,22.404,13.66,0,22.26
Indiana,1982,9,4,22.965,10.131,0,22.81
Indiana,1982,9,5,25.332,13.345,0,22.88
Indiana,1982,9,6,23.132,14.424,0,10.22
Indiana,1982,9,7,21.798,17.11,1.90474390979034,8.84
Indiana,1982,9,8,23.895,12.708,0,21.73
Indiana,1982,9,9,26.262,14.938,0,15.39
Indiana,1982,9,10,28.073,16.926,0,18.41
Indiana,1982,9,11,28.25,18.591,0,17.81
Indiana,1982,9,12,28.812,19.533,0,17.43
Indiana,1982,9,13,29.083,20.542,0,12.29
Indiana,1982,9,14,28.676,20.253,2.1242856961976,10.91
Indiana,1982,9,15,26.714,19.336,1.5249729155471,10.89
Indiana,1982,9,16,23.422,15.782,0,18.06
Indiana,1982,9,17,24.754,12.083,0,17.64
Indiana,1982,9,18,22.987,13.078,15.4740978089194,17.17
Indiana,1982,9,19,18.866,10.991,0,11.4
Indiana,1982,9,20,17.978,12.408,0,17.96
Indiana,1982,9,21,14.716,8.56,0,13.05
Indiana,1982,9,22,15.574,9.102,0,12.46
Indiana,1982,9,23,20.182,6.605,0,19.44
Indiana,1982,9,24,21.135,13.826,5.49658057997249,9.93
Indiana,1982,9,25,17.663,12.003,0,9.36
Indiana,1982,9,26,18.899,9.983,0,11.19
Indiana,1982,9,27,19.733,12.792,1.72141717848717,10.49
Indiana,1982,9,28,22.511,9.977,0,18.05
Indiana,1982,9,29,25.457,13.639,0,17.96
Indiana,1982,9,30,26.511,13.11,0,17.82
Indiana,1982,10,1,27.367,14.013,0,17.44
Indiana,1982,10,2,26.932,14.572,0,15.82
Indiana,1982,10,3,24.657,18.202,0,13.17
Indiana,1982,10,4,24.725,14.212,0,14.15
Indiana,1982,10,5,27.078,16.38,0,14.14
Indiana,1982,10,6,28.209,17.719,0,11.66
Indiana,1982,10,7,25.34,13.586,10.2975945901562,14.72
Indiana,1982,10,8,24.557,9.987,0,10.91
Indiana,1982,10,9,22.448,18.413,14.5280965016354,2.33
Indiana,1982,10,10,22.067,12.797,1.1593989256653,16.77
Indiana,1982,10,11,16.52,11.791,0,4.84
Indiana,1982,10,12,15.57,10.648,0,9.59
Indiana,1982,10,13,16.228,7.182,0,11.67
Indiana,1982,10,14,14.13,6.91,0,11.63
Indiana,1982,10,15,17.235,8.881,0,11.25
Indiana,1982,10,16,12.356,6.364,0,15.39
Indiana,1982,10,17,13.297,2.018,0,10.84
Indiana,1982,10,18,19.587,6.32,0,14.79
Indiana,1982,10,19,18.692,11.539,1.51839256272979,8.4
Indiana,1982,10,20,17.57,5.491,7.16667175282737,7.45
Indiana,1982,10,21,8.359,2.368,0,13.23
Indiana,1982,10,22,8.978,3.042,0,12.34
Indiana,1982,10,23,10.454,0.175,0,14.25
Indiana,1982,10,24,12.894,-0.059,0,14.54
Indiana,1982,10,25,14.647,-0.192,0,14.34
Indiana,1982,10,26,16.905,1.424,0,13.82
Indiana,1982,10,27,17.763,3.743,0,13.35
Indiana,1982,10,28,20.548,10.048,0,12.26
Indiana,1982,10,29,16.902,10.829,3.26118469229186,11.24
Indiana,1982,10,30,16.802,7.705,0,8.05
Indiana,1982,10,31,17.811,13.418,8.15782248963615,1.33
Indiana,1982,11,1,20.898,16.989,1.17992758742957,3.69
Indiana,1982,11,2,19.279,15.453,28.3057258420172,2.81
Indiana,1982,11,3,14.354,6.612,1.26158126113296,6.02
Indiana,1982,11,4,5.794,-1.516,0,8.04
Indiana,1982,11,5,2.814,-2.367,0,6.25
Indiana,1982,11,6,6.736,-0.26,0,9.93
Indiana,1982,11,7,13.73,2.598,0,8.74
Indiana,1982,11,8,15.997,10.158,0,6.33
Indiana,1982,11,9,17.462,9.418,0,9.14
Indiana,1982,11,10,18.443,7.477,0,9.92
Indiana,1982,11,11,16.476,13.656,7.01809378642793,2.44
Indiana,1982,11,12,17.133,3.516,10.0702226160934,6.49
Indiana,1982,11,13,2.267,-6.391,0,11.63
Indiana,1982,11,14,2.672,-3.762,0,6.76
Indiana,1982,11,15,1.652,-6.699,0,11.29
Indiana,1982,11,16,6.147,-3.042,0,8.83
Indiana,1982,11,17,11.22,-3.022,0,10.79
Indiana,1982,11,18,14.216,4.828,0,6.65
Indiana,1982,11,19,15.308,9.844,0,2.63
Indiana,1982,11,20,16.614,13.65,14.5281732081344,1.59
Indiana,1982,11,21,16.155,8.46,11.5620791912079,3.54
Indiana,1982,11,22,11.489,4.802,0,3.05
Indiana,1982,11,23,10.552,3.777,10.2240025996707,0.98
Indiana,1982,11,24,3.201,-6.399,0,10.43
Indiana,1982,11,25,0.716,-6.365,0,5.98
Indiana,1982,11,26,2.455,-0.586,10.2886140345504,1.86
Indiana,1982,11,27,3.666,-1.755,0,7.46
Indiana,1982,11,28,12.644,0.056,17.0768052331027,1.84
Indiana,1982,11,29,9.328,3.851,1.58031057071639,4.53
Indiana,1982,11,30,16.175,3.968,0,7.02
Indiana,1982,12,1,16.414,10.404,0,3.02
Indiana,1982,12,2,21.329,14.796,0,6.14
Indiana,1982,12,3,19.666,17.146,33.5339909715344,0.92
Indiana,1982,12,4,16.898,10.595,17.3906087875366,1.77
Indiana,1982,12,5,16.466,10.626,18.7107950447967,4.09
Indiana,1982,12,6,11.266,3.744,1.02542489770485,8.13
Indiana,1982,12,7,7.987,-1.194,0,8.09
Indiana,1982,12,8,7.182,-2.027,0,8.26
Indiana,1982,12,9,2.043,-6.479,0,7.26
Indiana,1982,12,10,0.673,-3.8,10.7287392019657,2.09
Indiana,1982,12,11,0.457,-4.219,0,6.94
Indiana,1982,12,12,-5.305,-10.441,0,9.16
Indiana,1982,12,13,-0.676,-15.596,0,9.01
Indiana,1982,12,14,5.929,-2.516,0,6.38
Indiana,1982,12,15,7.125,4.96,7.4492603539511,0.89
Indiana,1982,12,16,4.111,0.403,2.44285464276572,3.58
Indiana,1982,12,17,2.081,-2.002,0,6.47
Indiana,1982,12,18,7.072,-0.614,0,6.17
Indiana,1982,12,19,5.839,1.288,0,5.21
Indiana,1982,12,20,0.908,-1.002,0,3.92
Indiana,1982,12,21,1.778,-5.375,0,8.07
Indiana,1982,12,22,7.273,-2.699,0,2.13
Indiana,1982,12,23,13.644,7.486,3.7497341627386,1.15
Indiana,1982,12,24,15.242,10.518,4.92826179197436,2.55
Indiana,1982,12,25,17.158,13.509,23.239410080123,3.44
Indiana,1982,12,26,12.67,1.299,0,5.34
Indiana,1982,12,27,12.236,5.564,6.82274401187399,1.2
Indiana,1982,12,28,15.824,0.581,7.18517005435615,3.73
Indiana,1982,12,29,0.137,-5.672,0,6.73
Indiana,1982,12,30,-1.073,-6.858,0,8.62
Indiana,1982,12,31,2.108,-5.031,0,7.83
Indiana,1983,1,1,5.683,-3.342,0,8.91
Indiana,1983,1,2,1.393,-3.978,0,5.22
Indiana,1983,1,3,-0.412,-7.114,0,9.36
Indiana,1983,1,4,4.082,-6.158,0,9.37
Indiana,1983,1,5,3.11,-1.478,0,4.52
Indiana,1983,1,6,6.445,-1.514,0,4.49
Indiana,1983,1,7,6.171,-0.104,0,7.24
Indiana,1983,1,8,2.704,-3.594,0,7.64
Indiana,1983,1,9,6.297,-3.845,0,7.44
Indiana,1983,1,10,8.141,4.328,3.19202394274498,5.86
Indiana,1983,1,11,3.89,-0.442,1.37481093406677,4.9
Indiana,1983,1,12,0.112,-6.889,0,6.81
Indiana,1983,1,13,3.931,-6.06,0,9.79
Indiana,1983,1,14,5.007,-2.271,0,5.26
Indiana,1983,1,15,0.174,-4.682,2.31942280055364,8.4
Indiana,1983,1,16,-1.904,-8.696,0,7.94
Indiana,1983,1,17,-2.825,-8.143,1.32157923553677,6.4
Indiana,1983,1,18,-4.662,-12.099,0,9.08
Indiana,1983,1,19,-5.032,-10.274,0,10.42
Indiana,1983,1,20,-1.518,-8.584,0,7.17
Indiana,1983,1,21,-0.106,-4.469,3.90284061421653,3.22
Indiana,1983,1,22,3.69,-1.082,6.94969629591924,2.49
Indiana,1983,1,23,2.654,-0.774,3.61783209427813,4.14
Indiana,1983,1,24,2.501,-0.828,0,4.19
Indiana,1983,1,25,0.957,-2.869,0,5.73
Indiana,1983,1,26,-1.023,-3.607,2.22361062873233,5.88
Indiana,1983,1,27,-1.371,-7.521,0,8.19
Indiana,1983,1,28,3.704,-5.371,0,10.57
Indiana,1983,1,29,6.492,-1.622,0,5.75
Indiana,1983,1,30,3.812,-0.699,4.6006441116333,4.49
Indiana,1983,1,31,-0.097,-4.366,0,9.68
Indiana,1983,2,1,3.015,-4.737,2.60189175605774,4.52
Indiana,1983,2,2,7.9,2.537,18.1180536746979,3.82
Indiana,1983,2,3,4.158,-5.538,2.89898679598011,7.02
Indiana,1983,2,4,-4.931,-10.608,0,12.72
Indiana,1983,2,5,-0.008,-10.758,0,9.31
Indiana,1983,2,6,-0.628,-3.847,2.84356474867309,3.16
Indiana,1983,2,7,-1.746,-6.985,0,9.35
Indiana,1983,2,8,3.872,-9.318,0,13.46
Indiana,1983,2,9,3.982,-0.89,1.08690857882721,6.04
Indiana,1983,2,10,3.326,-1.927,0,8.21
Indiana,1983,2,11,2.143,-4.75,0,12.91
Indiana,1983,2,12,2.394,-7.286,0,14.17
Indiana,1983,2,13,5.601,-5.215,0,14.18
Indiana,1983,2,14,10.06,-4.02,0,14.05
Indiana,1983,2,15,10.129,-2.25,0,9.82
Indiana,1983,2,16,7.795,-0.981,0,5.84
Indiana,1983,2,17,6.65,0.755,0,8.62
Indiana,1983,2,18,7.633,-0.767,0,10.01
Indiana,1983,2,19,14.742,1.036,0,13.26
Indiana,1983,2,20,16.629,2.042,0,13.48
Indiana,1983,2,21,16.654,3.563,0,12.65
Indiana,1983,2,22,17.746,4.569,0,13.3
Indiana,1983,2,23,13.256,2.384,0,13.12
Indiana,1983,2,24,6.266,0.197,1.18046526580429,11.81
Indiana,1983,2,25,0.355,-4.134,0,9.6
Indiana,1983,2,26,4.503,-7,0,16.86
Indiana,1983,2,27,8.505,-3.699,0,14.28
Indiana,1983,2,28,11.964,-1.613,0,16.56
Indiana,1983,3,1,12.969,0.673,0,16.5
Indiana,1983,3,2,18.13,-0.326,0,16.32
Indiana,1983,3,3,20.497,4.214,0,15.96
Indiana,1983,3,4,22.251,11.963,0,12.15
Indiana,1983,3,5,21.047,14.795,3.1002486075522,8.79
Indiana,1983,3,6,20.23,14.127,12.5417572789388,12.87
Indiana,1983,3,7,17.47,10.486,5.83598337175317,13.31
Indiana,1983,3,8,13.118,5.522,1.27605912268791,7.91
Indiana,1983,3,9,4.767,-0.312,0,7.25
Indiana,1983,3,10,3.02,-0.955,3.33488285531303,8.1
Indiana,1983,3,11,2.359,-0.418,0,8.58
Indiana,1983,3,12,6.242,-3.507,0,18.97
Indiana,1983,3,13,11.61,-4.674,0,18.32
Indiana,1983,3,14,12.23,2.254,0,16.02
Indiana,1983,3,15,13.534,-0.892,0,19.17
Indiana,1983,3,16,14.916,1.975,0,19.62
Indiana,1983,3,17,16.568,2.395,0,17.49
Indiana,1983,3,18,13.512,7.724,20.8418995143802,1.74
Indiana,1983,3,19,7.808,1.859,5.66650674136326,10.15
Indiana,1983,3,20,6.298,-0.049,15.4886115995509,3.46
Indiana,1983,3,21,0.528,-4.939,18.4119120202695,16.08
Indiana,1983,3,22,-5.122,-10.992,0,23.03
Indiana,1983,3,23,-0.725,-14.382,0,22.41
Indiana,1983,3,24,-3.037,-13.368,0,22.25
Indiana,1983,3,25,2.161,-12.319,0,22.21
Indiana,1983,3,26,8.564,-1.916,0,12.75
Indiana,1983,3,27,11.31,5.561,12.1072190009386,11.88
Indiana,1983,3,28,6.927,0.87,3.05109321925556,6.49
Indiana,1983,3,29,7.218,-3.158,0,20.47
Indiana,1983,3,30,8.159,0.233,0,10.71
Indiana,1983,3,31,10.105,-0.766,0,11.16
Indiana,1983,4,1,13.425,4.842,10.0027115548755,8.07
Indiana,1983,4,2,10.09,7.601,39.2507076505808,4.02
Indiana,1983,4,3,8.994,4.152,1.82415843005401,10.13
Indiana,1983,4,4,10.346,0.83,0,14.45
Indiana,1983,4,5,14.494,3.679,2.53726983652314,11.43
Indiana,1983,4,6,16.299,9.946,2.65194292910564,5.82
Indiana,1983,4,7,14.475,5.552,4.40981003449181,18.54
Indiana,1983,4,8,12.975,1.915,0,22.22
Indiana,1983,4,9,12.087,5.201,17.2924597729889,6.37
Indiana,1983,4,10,9.618,3.88,4.81730437104488,13.76
Indiana,1983,4,11,9.741,4.143,1.01261619926163,11.26
Indiana,1983,4,12,16.061,0.438,0,19.98
Indiana,1983,4,13,19.156,10.496,9.63300022340263,12.65
Indiana,1983,4,14,15.11,8.2,13.2863968610764,12.14
Indiana,1983,4,15,7.662,1.67,0,11.6
Indiana,1983,4,16,10.911,-2.555,0,25.18
Indiana,1983,4,17,8.531,-0.383,2.12832093228599,19.94
Indiana,1983,4,18,3.462,-4.445,0,20.39
Indiana,1983,4,19,5.547,-4.834,0,20.46
Indiana,1983,4,20,9.75,-4.524,0,22.29
Indiana,1983,4,21,14.695,1.405,0,24.03
Indiana,1983,4,22,17.593,3.474,0,21.01
Indiana,1983,4,23,18.093,3.652,0,18.1
Indiana,1983,4,24,13.435,5.199,0,24.93
Indiana,1983,4,25,18.298,0.511,0,27.07
Indiana,1983,4,26,21.997,4.568,0,26.26
Indiana,1983,4,27,24.597,13.978,0,22.35
Indiana,1983,4,28,20.953,12.742,17.9489016531988,11.88
Indiana,1983,4,29,17.01,6.37,2.42998003949424,9.92
Indiana,1983,4,30,18.031,12.528,19.1709458828768,8.61
Indiana,1983,5,1,18.594,10.753,17.7099049091289,3.36
Indiana,1983,5,2,20.647,16.89,23.3582139014743,24.52
Indiana,1983,5,3,15.851,8.638,3.91364097595215,12.3
Indiana,1983,5,4,19.621,3.59,0,25.83
Indiana,1983,5,5,17.343,3.455,0,27.15
Indiana,1983,5,6,23.603,10.226,0,22.24
Indiana,1983,5,7,22.204,16.376,11.0011339187572,12.86
Indiana,1983,5,8,17.315,6.501,1.5279293060253,27.09
Indiana,1983,5,9,15.434,0.289,0,28.93
Indiana,1983,5,10,19.058,4.319,0,28.94
Indiana,1983,5,11,23.607,6.716,0,28.13
Indiana,1983,5,12,23.329,13.53,2.05332636778621,17.41
Indiana,1983,5,13,24.038,16.058,5.96473813074994,13.42
Indiana,1983,5,14,21.774,17.131,23.8286972045785,6.36
Indiana,1983,5,15,17.123,9.353,2.16231488246876,15.21
Indiana,1983,5,16,16.136,3.916,0,25.94
Indiana,1983,5,17,17.71,6.105,0,21.9
Indiana,1983,5,18,19.77,10.502,0,13.55
Indiana,1983,5,19,21.791,14.729,18.0939170121519,19.03
Indiana,1983,5,20,20.895,12.135,0,20.02
Indiana,1983,5,21,22.627,9.911,0,20.7
Indiana,1983,5,22,22.221,16.807,20.1039135460519,15.07
Indiana,1983,5,23,20.692,12.566,0,22.51
Indiana,1983,5,24,22.271,8.202,0,29.14
Indiana,1983,5,25,20.032,12.769,7.91174173355103,17.81
Indiana,1983,5,26,15.967,3.556,0,27.08
Indiana,1983,5,27,18.634,4.668,2.03415751457214,22.28
Indiana,1983,5,28,18.177,11.824,6.09505474557182,8.5
Indiana,1983,5,29,20.786,14.801,4.41895723332664,25.17
Indiana,1983,5,30,16.074,9.317,0,15.47
Indiana,1983,5,31,16.07,9.515,1.52398049830893,19.79
Indiana,1983,6,1,18.42,8.025,0,21.3
Indiana,1983,6,2,19.784,11.165,0,14.01
Indiana,1983,6,3,19.272,14.272,15.3579413891975,4.66
Indiana,1983,6,4,22.847,13.93,0,27.69
Indiana,1983,6,5,24.192,14.931,3.74093949790222,21.43
Indiana,1983,6,6,19.217,13.03,19.7868898835054,15.96
Indiana,1983,6,7,23.358,9.546,0,29.8
Indiana,1983,6,8,24.667,10.202,0,29.53
Indiana,1983,6,9,25.701,13.29,0,26.67
Indiana,1983,6,10,27.218,15.278,0,26.91
Indiana,1983,6,11,27.601,15.383,0,24.36
Indiana,1983,6,12,27.831,16.496,0,25.34
Indiana,1983,6,13,28.923,17.78,0,27.67
Indiana,1983,6,14,28.59,17.875,0,29.03
Indiana,1983,6,15,26.122,18.07,7.45730400088362,26.66
Indiana,1983,6,16,27.317,14.342,0,27.19
Indiana,1983,6,17,26.948,16.476,0,28.48
Indiana,1983,6,18,27.451,16.688,2.20097899426719,25.25
Indiana,1983,6,19,26.11,18.485,3.31040024752838,18.23
Indiana,1983,6,20,27.488,17.834,0,22.83
Indiana,1983,6,21,28.634,18.084,0,28.76
Indiana,1983,6,22,28.611,17.07,0,29.91
Indiana,1983,6,23,30.757,17.492,0,29.1
Indiana,1983,6,24,31.205,19.899,0,28.97
Indiana,1983,6,25,30.834,17.324,0,29.27
Indiana,1983,6,26,32.19,20.454,0,27.01
Indiana,1983,6,27,29.966,23.053,3.78655195271449,17.01
Indiana,1983,6,28,28.341,20.964,18.407413363434,17.49
Indiana,1983,6,29,26.571,19.897,12.8283978511945,11.89
Indiana,1983,6,30,28.003,20.984,7.97684788706832,19.67
Indiana,1983,7,1,30.83,21.612,0,23.64
Indiana,1983,7,2,31.171,23.408,2.49950885768158,27.25
Indiana,1983,7,3,29.426,23.165,0,22.38
Indiana,1983,7,4,27.515,24.296,4.72647547712768,14.26
Indiana,1983,7,5,24.824,15.838,0,24.88
Indiana,1983,7,6,21.281,10.506,0,29.9
Indiana,1983,7,7,24.019,10.182,0,29.36
Indiana,1983,7,8,27.02,13.58,0,29.25
Indiana,1983,7,9,29.649,16.912,0,24.78
Indiana,1983,7,10,29.289,18.869,0,22.73
Indiana,1983,7,11,31.633,20.525,0,26.78
Indiana,1983,7,12,31.494,22.749,0,24.33
Indiana,1983,7,13,31.082,18.62,0,28.05
Indiana,1983,7,14,32.084,20.803,0,23.25
Indiana,1983,7,15,32.425,21.713,0,24
Indiana,1983,7,16,31.197,22.071,0,24.61
Indiana,1983,7,17,31.199,22.858,1.16061066574957,22.81
Indiana,1983,7,18,32.047,22.53,7.72298201544075,23.39
Indiana,1983,7,19,32.08,22.618,3.47110629081726,21.88
Indiana,1983,7,20,35.314,23.876,0,24.85
Indiana,1983,7,21,35.947,25.736,0,27.26
Indiana,1983,7,22,36.407,26.233,1.28974914550284,24.86
Indiana,1983,7,23,33.45,26.057,5.57231307014305,20.47
Indiana,1983,7,24,29.571,22.459,3.78057360649109,24.67
Indiana,1983,7,25,27.356,19.64,1.08572840690613,22.56
Indiana,1983,7,26,28.978,17.625,0,27.05
Indiana,1983,7,27,31.618,18.29,0,24.69
Indiana,1983,7,28,34.239,22.023,0,24.85
Indiana,1983,7,29,34.047,26.224,0,22.76
Indiana,1983,7,30,31.375,23.102,20.4816222190516,11.11
Indiana,1983,7,31,29.791,21.612,20.2942144880147,17.6
Indiana,1983,8,1,27.353,19.13,0,26.39
Indiana,1983,8,2,27.646,16.507,0,26.24
Indiana,1983,8,3,30.406,17.949,0,26.68
Indiana,1983,8,4,29.35,22.637,3.59182059759178,16.65
Indiana,1983,8,5,29.878,21.164,2.53970009646309,20.26
Indiana,1983,8,6,29.604,20.429,0,22.68
Indiana,1983,8,7,29.995,19.795,0,23.22
Indiana,1983,8,8,32.228,19.983,0,26.38
Indiana,1983,8,9,30.403,22.156,0,26.26
Indiana,1983,8,10,31.002,17.147,0,25.43
Indiana,1983,8,11,29.303,21.828,9.69059467297484,19.08
Indiana,1983,8,12,24.99,15.47,0,26.26
Indiana,1983,8,13,26.093,13.706,0,25.54
Indiana,1983,8,14,27.273,14.629,0,23.3
Indiana,1983,8,15,29.708,16.051,0,24.92
Indiana,1983,8,16,31.523,17.39,0,25.32
Indiana,1983,8,17,33.289,22.301,0,17.45
Indiana,1983,8,18,32.33,23.539,11.9454336571039,22.23
Indiana,1983,8,19,34.946,23.533,0,22.39
Indiana,1983,8,20,34.256,25.184,0,22.96
Indiana,1983,8,21,34.921,22.954,0,21.7
Indiana,1983,8,22,32.092,24.949,1.21332406996544,19.65
Indiana,1983,8,23,29.245,21.707,0,15.65
Indiana,1983,8,24,31.293,20.934,0,20.74
Indiana,1983,8,25,32.37,21.197,0,19.94
Indiana,1983,8,26,30.88,22.726,7.91143469018607,11.64
Indiana,1983,8,27,29.936,22.343,12.5959366559982,14.3
Indiana,1983,8,28,29.913,21.656,7.3973685503006,19.69
Indiana,1983,8,29,30.82,18.048,0,23.28
Indiana,1983,8,30,30.263,19.836,0,16.17
Indiana,1983,8,31,27.493,19.906,5.0861127049302,19.94
Indiana,1983,9,1,27.984,17.896,0,23.02
Indiana,1983,9,2,28.313,16.405,0,22.44
Indiana,1983,9,3,29.532,16.366,0,22.87
Indiana,1983,9,4,30.095,18.57,0,19.56
Indiana,1983,9,5,31.352,22.332,0,19.64
Indiana,1983,9,6,31.058,22.518,11.4536017179034,18.03
Indiana,1983,9,7,25.851,14.695,11.9812263048402,22.58
Indiana,1983,9,8,28.148,13.104,0,22.48
Indiana,1983,9,9,32.427,18.368,0,20.85
Indiana,1983,9,10,32.244,22.061,0,19.37
Indiana,1983,9,11,29.728,20.394,2.50684320923256,14.02
Indiana,1983,9,12,25.756,15.485,0,14.82
Indiana,1983,9,13,23.682,16.792,0,14.6
Indiana,1983,9,14,20.852,11.169,0,16.68
Indiana,1983,9,15,19.691,11.997,1.06951427306967,10.26
Indiana,1983,9,16,21.416,14.997,10.3147204430911,11.6
Indiana,1983,9,17,24.362,11.021,0,18.72
Indiana,1983,9,18,31.25,21.06,0,18.31
Indiana,1983,9,19,30.588,22.429,0,18.2
Indiana,1983,9,20,28.106,14.39,8.61619549976922,11.54
Indiana,1983,9,21,13.032,6.874,11.1515838675587,14.34
Indiana,1983,9,22,13.221,4.926,0,13.95
Indiana,1983,9,23,13.409,3.66,0,16.14
Indiana,1983,9,24,17.97,3.758,0,20.01
Indiana,1983,9,25,19.434,10.475,0,8.95
Indiana,1983,9,26,21.05,13.36,3.17147672166129,10.74
Indiana,1983,9,27,24.687,14.32,0,14.31
Indiana,1983,9,28,25.666,13.541,0,18.33
Indiana,1983,9,29,26.509,12.139,0,18.3
Indiana,1983,9,30,25.528,12.356,0,18.31
Indiana,1983,10,1,24.692,9.312,0,18.58
Indiana,1983,10,2,28.707,12.839,0,17.58
Indiana,1983,10,3,28.505,19.179,0,15.97
Indiana,1983,10,4,26.247,19.403,0,7.95
Indiana,1983,10,5,20.784,14.136,0,12.74
Indiana,1983,10,6,19.933,11.803,0,17.74
Indiana,1983,10,7,23.506,8.846,0,16.98
Indiana,1983,10,8,19.342,14.907,2.6698100373892,6.38
Indiana,1983,10,9,16.758,10.009,0,12.67
Indiana,1983,10,10,18.522,7.52,0,10.77
Indiana,1983,10,11,23.755,12.955,0,13.33
Indiana,1983,10,12,20.228,8.489,5.89796900749207,1.79
Indiana,1983,10,13,11.971,6.421,9.54604148859062,9.56
Indiana,1983,10,14,15.086,2.67,2.12233066548606,16.01
Indiana,1983,10,15,21.484,7.174,0,15.15
Indiana,1983,10,16,19.953,10.42,2.19060778607627,10.52
Indiana,1983,10,17,16.766,8.823,0,12.74
Indiana,1983,10,18,15.73,9.088,0,11.59
Indiana,1983,10,19,13.96,7.666,1.0562062259396,5.2
Indiana,1983,10,20,10.281,8.149,26.5246233534526,0.89
Indiana,1983,10,21,13.535,9.486,3.74919474114677,3.26
Indiana,1983,10,22,16.666,11.628,30.2866876126018,1.73
Indiana,1983,10,23,15.213,11.962,2.13252902030447,3.75
Indiana,1983,10,24,13.559,10.903,1.31328701968414,2.54
Indiana,1983,10,25,13.302,9.336,0,7.77
Indiana,1983,10,26,13.823,3.531,0,13.22
Indiana,1983,10,27,14.8,1.249,0,13.49
Indiana,1983,10,28,20.786,11.437,0,12.85
Indiana,1983,10,29,17.302,5.972,0,12.38
Indiana,1983,10,30,12.822,4.679,0,10.45
Indiana,1983,10,31,14.658,5.662,1.41057372093201,7.36
Indiana,1983,11,1,20.882,10.661,0,10.37
Indiana,1983,11,2,17.177,14.326,11.5589290856519,1.48
Indiana,1983,11,3,15.996,9.154,0,3.49
Indiana,1983,11,4,8.496,-0.543,0,13.06
Indiana,1983,11,5,11.624,-0.774,0,12.58
Indiana,1983,11,6,13.116,-0.302,0,11.43
Indiana,1983,11,7,14.871,7.561,0,8.03
Indiana,1983,11,8,16.886,5.877,0,11.41
Indiana,1983,11,9,18.457,7.573,0,8.19
Indiana,1983,11,10,15.051,11.283,21.1399020340686,2.59
Indiana,1983,11,11,10.426,2.613,4.56501841534873,6.15
Indiana,1983,11,12,3.953,-2.248,0,6.72
Indiana,1983,11,13,4.958,0.01,0,10.09
Indiana,1983,11,14,10.727,-0.594,0,9.01
Indiana,1983,11,15,8.943,5.947,5.13452589507324,3.2
Indiana,1983,11,16,6.704,3.493,3.66415381421348,4.99
Indiana,1983,11,17,6.051,0.327,0,8.31
Indiana,1983,11,18,13.243,2.656,0,5.79
Indiana,1983,11,19,18.328,11.092,3.19038095079804,5.78
Indiana,1983,11,20,17.227,8.249,20.0842767953873,3.87
Indiana,1983,11,21,14.329,5.68,0,9.87
Indiana,1983,11,22,14.157,6.25,0,5.55
Indiana,1983,11,23,18.157,12.864,23.1291741133077,1.39
Indiana,1983,11,24,6.728,-0.585,0,9.35
Indiana,1983,11,25,9.213,-2.052,0,9.97
Indiana,1983,11,26,11.941,4.606,0,9.15
Indiana,1983,11,27,8.262,4.745,13.382163023266,1.47
Indiana,1983,11,28,9.753,3.124,13.3032828568389,4.94
Indiana,1983,11,29,2.599,-0.458,0,4.28
Indiana,1983,11,30,-0.165,-4.571,0,9.4
Indiana,1983,12,1,-1.894,-5.596,0,7.93
Indiana,1983,12,2,1.018,-4.427,3.16172838131479,2.15
Indiana,1983,12,3,1.476,-2.192,0,6.39
Indiana,1983,12,4,3.161,0.122,14.4822239874998,2.63
Indiana,1983,12,5,7.323,1.718,0,3.36
Indiana,1983,12,6,6.337,-2.03,17.5254314902418,2.31
Indiana,1983,12,7,1.002,-7.265,0,7.16
Indiana,1983,12,8,-1.591,-4.64,4.4012855287292,5.46
Indiana,1983,12,9,2.172,-4.57,0,6.56
Indiana,1983,12,10,2.516,-4.735,0,5.52
Indiana,1983,12,11,8.352,1.323,21.9817310570534,0.98
Indiana,1983,12,12,8.467,2.094,0,3.25
Indiana,1983,12,13,5.349,0.647,0,2.95
Indiana,1983,12,14,5.391,0.308,11.5397264429689,1.86
Indiana,1983,12,15,0.355,-4.243,1.04494988909209,4.17
Indiana,1983,12,16,-1.792,-7.31,0,5.61
Indiana,1983,12,17,-5.385,-8.865,0,7.89
Indiana,1983,12,18,-7.698,-12.396,2.2160202264736,5.13
Indiana,1983,12,19,-11.086,-20.558,0,6.6
Indiana,1983,12,20,-5.219,-13.413,0,9.07
Indiana,1983,12,21,0.08,-7.717,10.2018713951111,2.61
Indiana,1983,12,22,-1.664,-22.439,5.44931009572736,9.48
Indiana,1983,12,23,-20.378,-26.364,0,7.22
Indiana,1983,12,24,-21.839,-30.539,0,9.45
Indiana,1983,12,25,-22.465,-27.204,0,9.58
Indiana,1983,12,26,-14.211,-25.317,0,9.23
Indiana,1983,12,27,-7.558,-13.702,0,5.42
Indiana,1983,12,28,-6.493,-9.19,4.93002533903564,5.47
Indiana,1983,12,29,-9.818,-22.623,0,9.78
Indiana,1983,12,30,-17.424,-26.392,0,9.85
Indiana,1983,12,31,-7.056,-17.777,0,6.88
Indiana,1984,1,1,-3.362,-7.659,0,5.39
Indiana,1984,1,2,-2.551,-9.496,0,8.26
Indiana,1984,1,3,-0.562,-5.986,0,7.8
Indiana,1984,1,4,1.539,-0.729,0,6.75
Indiana,1984,1,5,2.425,-7.744,0,5.88
Indiana,1984,1,6,2.227,-0.283,0,5.04
Indiana,1984,1,7,1.374,-7.651,0,7.29
Indiana,1984,1,8,-0.254,-3.877,0,9.32
Indiana,1984,1,9,-0.285,-7.012,3.13453674306174,2.76
Indiana,1984,1,10,-2.674,-8.578,0,8.23
Indiana,1984,1,11,-8.306,-17.221,0,9.33
Indiana,1984,1,12,-4.695,-12.489,0,9.02
Indiana,1984,1,13,-0.36,-7.22,0,4.38
Indiana,1984,1,14,-2.319,-6.225,0,5.5
Indiana,1984,1,15,-5.402,-10.99,0,8.31
Indiana,1984,1,16,-4.335,-12.496,0,8.08
Indiana,1984,1,17,-5.029,-9.513,0,6.85
Indiana,1984,1,18,-10.044,-13.963,1.32645368574913,8.55
Indiana,1984,1,19,-9.804,-23.45,0,10.78
Indiana,1984,1,20,-11.241,-21.842,0,11.38
Indiana,1984,1,21,-12.093,-27.496,0,10.48
Indiana,1984,1,22,-3.395,-14.38,0,9.15
Indiana,1984,1,23,0.241,-7.488,2.46905798377384,3.67
Indiana,1984,1,24,3.342,-0.144,1.86299486057351,8.2
Indiana,1984,1,25,4.36,-3.941,0,11.12
Indiana,1984,1,26,8.338,-0.699,0,9.57
Indiana,1984,1,27,3.158,-3.973,0,5.37
Indiana,1984,1,28,0.029,-8.8,2.04332470889312,3.46
Indiana,1984,1,29,0.727,-4.254,1.02713785929609,6.06
Indiana,1984,1,30,-2.099,-7.768,13.5801903169863,7.66
Indiana,1984,1,31,-5.668,-14.707,0,11.15
Indiana,1984,2,1,0.206,-9.965,0,12.87
Indiana,1984,2,2,7.12,-1.207,0,11.18
Indiana,1984,2,3,6.411,-0.174,7.02731761884934,5.16
Indiana,1984,2,4,3.038,-1.745,2.37012414345372,7.55
Indiana,1984,2,5,-0.298,-8.323,3.54231105205827,7.71
Indiana,1984,2,6,-9.041,-12.691,0,11.51
Indiana,1984,2,7,-6.241,-19.121,0,13.91
Indiana,1984,2,8,2.244,-15.078,0,13.28
Indiana,1984,2,9,9.956,-3.529,0,13.6
Indiana,1984,2,10,6.691,2.439,5.83152472961501,2.21
Indiana,1984,2,11,9.889,1.109,0,3.63
Indiana,1984,2,12,18.737,8.346,0,10.87
Indiana,1984,2,13,15.1,4.903,14.4120681540585,10.89
Indiana,1984,2,14,13.558,-0.764,0,14.16
Indiana,1984,2,15,14.28,-1.256,0,12.66
Indiana,1984,2,16,12.235,2.514,0,8.41
Indiana,1984,2,17,9.873,5.131,1.5772283068145,2.84
Indiana,1984,2,18,9.974,4.035,2.98703908919151,5.65
Indiana,1984,2,19,10.68,3.863,2.39680333561409,5.24
Indiana,1984,2,20,7.853,-1.248,0,15.66
Indiana,1984,2,21,9.164,-3.205,0,15.63
Indiana,1984,2,22,14.382,0.879,0,15.64
Indiana,1984,2,23,15.757,2.543,0,16.07
Indiana,1984,2,24,10.694,1.912,0,8.31
Indiana,1984,2,25,5.463,-3.185,0,15.03
Indiana,1984,2,26,5.658,-3.81,0,13.12
Indiana,1984,2,27,2.732,-5.533,21.3077306747209,2.66
Indiana,1984,2,28,-4.328,-7.433,11.4193886517455,9.92
Indiana,1984,2,29,-5.255,-11.254,0,18.34
Indiana,1984,3,1,-3.906,-16.598,0,16.86
Indiana,1984,3,2,-3.239,-12.644,0,19.16
Indiana,1984,3,3,-3.375,-11.014,0,19.37
Indiana,1984,3,4,1.686,-14.948,4.53912317749428,5.94
Indiana,1984,3,5,1.908,-1.031,1.53174996376038,9
Indiana,1984,3,6,-0.445,-8.563,0,10.74
Indiana,1984,3,7,-2.028,-10.023,0,12.93
Indiana,1984,3,8,-3.098,-9.299,7.12010264385299,14.03
Indiana,1984,3,9,-7.973,-21.885,0,20.65
Indiana,1984,3,10,-4.014,-21.138,0,20.39
Indiana,1984,3,11,-2.38,-9.164,0,20.79
Indiana,1984,3,12,-5.535,-15.579,2.96557247628471,12.35
Indiana,1984,3,13,0.93,-6.156,8.3391100167205,11.34
Indiana,1984,3,14,3.643,-2.543,0,16.17
Indiana,1984,3,15,13.685,0.177,11.3675883912947,6.8
Indiana,1984,3,16,13.754,1.209,18.0314708696301,13.28
Indiana,1984,3,17,1.891,-4.041,2.87414530595242,4.4
Indiana,1984,3,18,3.977,-2.812,1.21696591372711,16.48
Indiana,1984,3,19,5.301,-2.647,0,5.28
Indiana,1984,3,20,9.58,5.569,10.3182572768787,6.62
Indiana,1984,3,21,4.867,-0.801,2.72312569211408,4.78
Indiana,1984,3,22,4.712,0.747,5.79044520844718,9.07
Indiana,1984,3,23,7.964,-3.79,0,22.14
Indiana,1984,3,24,5.772,-2.749,1.03384296841114,8.17
Indiana,1984,3,25,4.754,2.49,19.2072346039254,3.5
Indiana,1984,3,26,9.874,-3.063,0,20.59
Indiana,1984,3,27,7.767,3.354,5.08666932580581,4.27
Indiana,1984,3,28,10.238,2.729,0,9.54
Indiana,1984,3,29,7.933,0.436,0,19.3
Indiana,1984,3,30,6.677,-2.639,0,16.45
Indiana,1984,3,31,10.126,-3.915,0,21.1
Indiana,1984,4,1,11.344,-3.498,0,22.99
Indiana,1984,4,2,11.807,-1.446,0,15.32
Indiana,1984,4,3,9.702,6.455,11.5793248475597,4.36
Indiana,1984,4,4,13.454,6.887,20.9040939807892,7.97
Indiana,1984,4,5,10.605,4.02,4.75499033927917,15.45
Indiana,1984,4,6,8.133,0.275,0,14.79
Indiana,1984,4,7,13.155,-2.531,0,22.97
Indiana,1984,4,8,10.834,3.254,0,9.32
Indiana,1984,4,9,15.034,6.216,1.59463286399841,9.14
Indiana,1984,4,10,15.923,3.659,0,24.82
Indiana,1984,4,11,16.712,0.878,0,24.7
Indiana,1984,4,12,16.694,6.094,15.204462408974,9.53
Indiana,1984,4,13,17.534,7.251,1.62499248978065,23.05
Indiana,1984,4,14,15.754,4.046,2.84565091129707,21.75
Indiana,1984,4,15,11.721,5.707,4.86273765562828,3.9
Indiana,1984,4,16,9.779,4.227,11.738420592394,6.67
Indiana,1984,4,17,6.89,2.251,3.32885254141502,10.2
Indiana,1984,4,18,8.86,1.68,2.16158767943853,13.79
Indiana,1984,4,19,11.694,-0.716,0,19.08
Indiana,1984,4,20,13.771,-0.334,0,19.15
Indiana,1984,4,21,12.205,7.21,9.22157764434317,6.89
Indiana,1984,4,22,14.058,4.427,13.1893322160295,7.31
Indiana,1984,4,23,10.976,5.849,2.31507420534172,8.4
Indiana,1984,4,24,13.379,4.175,0,12.4
Indiana,1984,4,25,20.106,2.106,0,22.3
Indiana,1984,4,26,24.97,12.033,0,22.95
Indiana,1984,4,27,24.438,15.713,0,11.29
Indiana,1984,4,28,22.867,10.43,1.13048255434478,27.41
Indiana,1984,4,29,18.331,8.271,6.70095682107785,7.45
Indiana,1984,4,30,20.425,8.18,4.50131595124503,24.27
Indiana,1984,5,1,15.541,3.81,0,25.99
Indiana,1984,5,2,19.332,4.624,0,24.94
Indiana,1984,5,3,17.026,8.168,1.03861093521118,10.55
Indiana,1984,5,4,13.585,7.413,3.22029292573234,8.95
Indiana,1984,5,5,17.832,7.864,5.12437918115438,17.27
Indiana,1984,5,6,20.263,8.405,0,19.49
Indiana,1984,5,7,21.629,13.859,4.0027354096992,15.27
Indiana,1984,5,8,18.124,7.383,0,21.81
Indiana,1984,5,9,12.784,6.759,0,9.89
Indiana,1984,5,10,18.502,6.27,0,19.54
Indiana,1984,5,11,21.653,14.087,11.2870718349996,13.44
Indiana,1984,5,12,20.754,10.809,1.62892937652259,28.5
Indiana,1984,5,13,22.28,10.812,2.87511348723868,14.04
Indiana,1984,5,14,17.314,5.793,0,27
Indiana,1984,5,15,15.502,5.433,0,29.18
Indiana,1984,5,16,17.317,2.012,0,30.06
Indiana,1984,5,17,21.661,5.72,0,28.17
Indiana,1984,5,18,26.429,12.155,0,28.63
Indiana,1984,5,19,27.065,14.897,0,25.57
Indiana,1984,5,20,23.479,15.084,28.6074757574966,4.87
Indiana,1984,5,21,25.321,12.913,2.41075456136741,19.01
Indiana,1984,5,22,25.777,19.771,12.7464194799245,14.54
Indiana,1984,5,23,21.11,13.435,10.8893030700301,27.54
Indiana,1984,5,24,22.906,8.827,0,29.5
Indiana,1984,5,25,24.412,17.476,1.56460637094824,10.77
Indiana,1984,5,26,20.629,12.426,31.5524810582133,27.06
Indiana,1984,5,27,20.512,9.575,0,23.32
Indiana,1984,5,28,18.678,9.687,13.6967387562663,3.92
Indiana,1984,5,29,13.403,7.049,0,18.92
Indiana,1984,5,30,18.562,6.052,0,28.5
Indiana,1984,5,31,21.145,8.125,0,29.57
Indiana,1984,6,1,24.797,11.47,0,28.86
Indiana,1984,6,2,28.337,16.556,1.87174081793273,27.67
Indiana,1984,6,3,24.577,14.225,1.09039545048972,29.18
Indiana,1984,6,4,26.764,12.052,0,27.28
Indiana,1984,6,5,27.991,18.821,0,24.43
Indiana,1984,6,6,29.075,21.112,0,26.25
Indiana,1984,6,7,27.532,22.224,0,22.54
Indiana,1984,6,8,28.206,23.786,1.3943612575531,15.01
Indiana,1984,6,9,30.202,21.041,1.64802751982052,25.76
Indiana,1984,6,10,29.03,21.679,0,22.64
Indiana,1984,6,11,27.361,16.23,0,29.59
Indiana,1984,6,12,31.22,18.458,0,27
Indiana,1984,6,13,31.736,21.033,0,25.61
Indiana,1984,6,14,26.796,19.904,0,28.11
Indiana,1984,6,15,25.398,13.225,0,26.56
Indiana,1984,6,16,28.851,16.732,7.5612737521169,21.06
Indiana,1984,6,17,31.434,23.593,0,26.39
Indiana,1984,6,18,30.467,24.55,4.14395332336426,23.88
Indiana,1984,6,19,29.288,19.116,0,22.46
Indiana,1984,6,20,29.362,19.945,0,24.46
Indiana,1984,6,21,29.299,20.478,0,22.79
Indiana,1984,6,22,28.027,19.852,6.87113169533404,17.63
Indiana,1984,6,23,29.203,18.745,6.6859304904483,23.45
Indiana,1984,6,24,27.183,18.699,2.54095671647292,28.33
Indiana,1984,6,25,25.445,15.589,0,29.5
Indiana,1984,6,26,28.511,13.344,0,24.24
Indiana,1984,6,27,25.762,19.506,5.50071299073807,23.65
Indiana,1984,6,28,25.924,15.413,0,19.49
Indiana,1984,6,29,24.078,17.177,0,23.54
Indiana,1984,6,30,22.584,14.835,0,19.74
Indiana,1984,7,1,25.034,14.833,0,19.89
Indiana,1984,7,2,26.879,15.354,0,21.44
Indiana,1984,7,3,30.707,16.473,0,23.99
Indiana,1984,7,4,26.772,20.058,17.4377799021386,14.43
Indiana,1984,7,5,26.994,17.503,2.03981399535635,21.73
Indiana,1984,7,6,24.851,19.294,5.43977618207236,18.81
Indiana,1984,7,7,21.824,12.62,0,23.91
Indiana,1984,7,8,25.841,9.359,0,29.43
Indiana,1984,7,9,33.212,18.999,0,25.1
Indiana,1984,7,10,33.615,24.979,0,25.97
Indiana,1984,7,11,30.362,21.168,14.0326424716477,14.03
Indiana,1984,7,12,27.444,14.896,0,23.13
Indiana,1984,7,13,28.635,18.886,0,24.4
Indiana,1984,7,14,31.162,18.46,0,27.23
Indiana,1984,7,15,29.442,21.374,8.50316882133484,13.42
Indiana,1984,7,16,26.7,17.947,0,27.75
Indiana,1984,7,17,24.835,16.693,1.02952122688293,18.83
Indiana,1984,7,18,23.084,15.075,0,19.71
Indiana,1984,7,19,26.642,11.13,0,28.75
Indiana,1984,7,20,25.662,19.178,7.58100748060997,11.25
Indiana,1984,7,21,28.219,16.293,1.38915777188231,22.64
Indiana,1984,7,22,30.205,18.181,0,27.15
Indiana,1984,7,23,30.993,17.274,0,28.23
Indiana,1984,7,24,29.577,21.37,10.656270429422,13.3
Indiana,1984,7,25,24.736,18.149,0,16.54
Indiana,1984,7,26,23.031,17.612,8.58521461486816,9.09
Indiana,1984,7,27,23.071,14.947,6.0128829489372,21.04
Indiana,1984,7,28,23.928,14.736,1.33245587348441,23.24
Indiana,1984,7,29,24.63,13.213,0,26.01
Indiana,1984,7,30,26.166,13.449,0,24.37
Indiana,1984,7,31,26.767,14.969,0,21.64
Indiana,1984,8,1,28.387,17.895,0,19.85
Indiana,1984,8,2,28.66,20.961,1.19351659242284,17.1
Indiana,1984,8,3,27.687,20.213,3.7092447280429,17.4
Indiana,1984,8,4,27.877,19.508,1.96454944205016,20.89
Indiana,1984,8,5,28.544,19.199,2.14730934277441,21.41
Indiana,1984,8,6,31.071,20.709,0,23.34
Indiana,1984,8,7,30.719,22.606,1.33967399597168,21.62
Indiana,1984,8,8,32.754,23.237,9.4582587480545,21.22
Indiana,1984,8,9,30.822,21.991,0,22.88
Indiana,1984,8,10,30.033,21.102,0,21.9
Indiana,1984,8,11,26.699,19.147,0,16.88
Indiana,1984,8,12,26.753,18.197,0,23.12
Indiana,1984,8,13,27.388,17.007,0,21.37
Indiana,1984,8,14,28.693,16.684,0,24.81
Indiana,1984,8,15,29.362,17.25,0,21.7
Indiana,1984,8,16,31,19.555,0,21.21
Indiana,1984,8,17,29.792,20.957,5.88447153558036,15.63
Indiana,1984,8,18,27.725,19.469,2.9481351374443,18.7
Indiana,1984,8,19,26.428,16.552,0,21.01
Indiana,1984,8,20,25.838,14.508,0,25.52
Indiana,1984,8,21,28.708,15.171,0,23.8
Indiana,1984,8,22,28.742,20.395,5.27189953817242,17.23
Indiana,1984,8,23,26.125,16.568,0,19.43
Indiana,1984,8,24,24.216,13.394,0,23.3
Indiana,1984,8,25,25.247,12.172,0,21.57
Indiana,1984,8,26,27.76,14.522,0,23.52
Indiana,1984,8,27,30.539,18.513,0,20.81
Indiana,1984,8,28,30.726,20.811,11.2925410270464,19.83
Indiana,1984,8,29,31.651,21.51,7.53824412822723,19.77
Indiana,1984,8,30,28.646,24.026,0,21.8
Indiana,1984,8,31,25.845,14.993,0,23.74
Indiana,1984,9,1,30.195,16.248,5.70484399795035,19.3
Indiana,1984,9,2,31.668,24.043,1.08605623245239,19.6
Indiana,1984,9,3,24.5,18.318,8.35531353950003,11.61
Indiana,1984,9,4,21.791,13.249,0,16.63
Indiana,1984,9,5,20.439,12.154,2.42456197736374,19.16
Indiana,1984,9,6,22.582,9.369,0,21.23
Indiana,1984,9,7,27.678,16.148,3.23865115632316,18.53
Indiana,1984,9,8,27.141,19.499,0,19.17
Indiana,1984,9,9,24.665,18.31,14.8328512907092,4.83
Indiana,1984,9,10,25.734,18.47,2.53506646538426,12.01
Indiana,1984,9,11,25.033,19.78,34.1208964586208,16.32
Indiana,1984,9,12,27.705,15.295,0,19.7
Indiana,1984,9,13,29.22,21.972,4.34927344309699,16.11
Indiana,1984,9,14,23.109,17.903,18.6946839093594,5.5
Indiana,1984,9,15,17.862,10.898,0,13.93
Indiana,1984,9,16,16.308,6.907,0,14.73
Indiana,1984,9,17,18.563,7.659,0,17.97
Indiana,1984,9,18,21.074,7.274,0,20.73
Indiana,1984,9,19,25.806,12.251,0,19.87
Indiana,1984,9,20,27.894,16.788,0,19.7
Indiana,1984,9,21,27.528,14.208,0,19.42
Indiana,1984,9,22,27.423,18.189,0,14.98
Indiana,1984,9,23,24.573,18.305,14.4905686377683,4.06
Indiana,1984,9,24,24.569,20.266,0,6.28
Indiana,1984,9,25,25.172,14.154,9.7176373004686,4.81
Indiana,1984,9,26,13.526,7.647,3.38106870702859,17
Indiana,1984,9,27,10.478,8.68,1.483302026827,4.07
Indiana,1984,9,28,13.475,3.631,0,12.71
Indiana,1984,9,29,12.602,6.094,0,11.52
Indiana,1984,9,30,13.575,6.423,0,12.79
Indiana,1984,10,1,15.754,4.137,0,15.3
Indiana,1984,10,2,17.631,4.989,0,18.38
Indiana,1984,10,3,22.59,11.529,0,17.67
Indiana,1984,10,4,20.711,7.815,0,15.58
Indiana,1984,10,5,20.97,10.891,0,10.18
Indiana,1984,10,6,22.786,14.805,1.95210576056937,10.35
Indiana,1984,10,7,17.993,15.916,15.6309518274043,2.43
Indiana,1984,10,8,20.438,16.168,3.66027248401224,7.73
Indiana,1984,10,9,21.786,14.587,0,7.66
Indiana,1984,10,10,23.335,13.797,0,13.38
Indiana,1984,10,11,22.423,13.604,0,12.53
Indiana,1984,10,12,22.339,14.114,0,10.8
Indiana,1984,10,13,21.094,16.298,12.0472124220896,5.92
Indiana,1984,10,14,22.458,16.874,7.26649176118599,6.18
Indiana,1984,10,15,20.277,17.067,3.9988002777136,5.09
Indiana,1984,10,16,24.755,15.022,0,10.29
Indiana,1984,10,17,22.341,12.119,3.89871597297997,14.86
Indiana,1984,10,18,19.882,7.692,0,9.74
Indiana,1984,10,19,20.36,14.076,12.7173453568616,14.7
Indiana,1984,10,20,13.746,4.04,10.3164330026289,6.32
Indiana,1984,10,21,13.393,9.062,34.767648577656,4.97
Indiana,1984,10,22,13.101,7.646,0,9.97
Indiana,1984,10,23,12.752,4.451,0,9.59
Indiana,1984,10,24,13.762,4.598,0,13.9
Indiana,1984,10,25,15.904,7.34,9.24161554905822,2.23
Indiana,1984,10,26,19.137,15.026,1.02427123444571,2.66
Indiana,1984,10,27,23.875,17.326,2.46456265449524,9.41
Indiana,1984,10,28,21.207,11.662,0,5.31
Indiana,1984,10,29,15.888,5.975,0,12.61
Indiana,1984,10,30,18.251,9.953,0,7.57
Indiana,1984,10,31,18.422,10.949,0,5.55
Indiana,1984,11,1,19.707,9.982,17.6938455506388,1.38
Indiana,1984,11,2,9.171,-1.397,0,13.11
Indiana,1984,11,3,12.125,-0.423,0,12.8
Indiana,1984,11,4,16.469,9.942,0,10.07
Indiana,1984,11,5,13.83,4.477,0,9.89
Indiana,1984,11,6,8.578,-1.382,0,12.22
Indiana,1984,11,7,11.329,1.322,0,8.58
Indiana,1984,11,8,14.348,8.232,0,7.8
Indiana,1984,11,9,15.3,10.444,26.2442529200939,2.33
Indiana,1984,11,10,16.379,12.332,15.1315181251448,3
Indiana,1984,11,11,11.747,3.24,16.0025745630215,4.33
Indiana,1984,11,12,5.047,-0.471,0,8.74
Indiana,1984,11,13,7.677,-0.959,0,10.87
Indiana,1984,11,14,11.338,0.647,0,9.2
Indiana,1984,11,15,13.161,7.536,6.30644635350563,8.16
Indiana,1984,11,16,6.236,-2.111,0,11.48
Indiana,1984,11,17,5.33,-4.025,0,6.51
Indiana,1984,11,18,4.791,0.871,3.22802513862186,4.57
Indiana,1984,11,19,3.87,-0.273,0,7.78
Indiana,1984,11,20,1.564,-6.396,0,8.7
Indiana,1984,11,21,2.074,-5.365,0,7.55
Indiana,1984,11,22,3.835,-5.174,0,10.25
Indiana,1984,11,23,8.355,-0.774,0,10.07
Indiana,1984,11,24,10.988,-2,0,10.08
Indiana,1984,11,25,11.501,0.571,0,6.99
Indiana,1984,11,26,15.636,5.8,0,5.62
Indiana,1984,11,27,14.8,11.042,15.562358834643,1.02
Indiana,1984,11,28,9.809,0.467,6.87470166212734,4.78
Indiana,1984,11,29,9.046,-0.486,0,9.35
Indiana,1984,11,30,8.625,4.844,0,4.74
Indiana,1984,12,1,6.385,-1.682,0,7.79
Indiana,1984,12,2,10.893,0.824,1.02532505985664,5.79
Indiana,1984,12,3,7.135,-5.02,5.36725521084236,9.37
Indiana,1984,12,4,-1.727,-7.311,0,7.48
Indiana,1984,12,5,-0.474,-7.571,0,4.28
Indiana,1984,12,6,-3.05,-11.055,2.69327416918941,7.71
Indiana,1984,12,7,-1.559,-12.74,0,9.05
Indiana,1984,12,8,5.715,-3.139,0,9.42
Indiana,1984,12,9,7.492,-3.332,0,6.18
Indiana,1984,12,10,8.151,4.48,1.4378368854473,4.98
Indiana,1984,12,11,6.95,-0.306,0,5.63
Indiana,1984,12,12,13.74,4.879,1.94294452660415,0.96
Indiana,1984,12,13,14.056,4.513,6.32373392573982,2.02
Indiana,1984,12,14,17.047,3.862,7.80658388936217,4.2
Indiana,1984,12,15,13.214,4.161,0,3.34
Indiana,1984,12,16,17.156,11.487,0,2.59
Indiana,1984,12,17,15.44,2.166,0,7.95
Indiana,1984,12,18,10.14,-4.39,0,7.75
Indiana,1984,12,19,3.575,-1.036,5.62341809262534,4.12
Indiana,1984,12,20,2.516,-4.377,0,8.06
Indiana,1984,12,21,14.173,1.113,22.9161133823936,0.79
Indiana,1984,12,22,11.918,-1.257,0,8.79
Indiana,1984,12,23,7.349,-3.926,0,8.9
Indiana,1984,12,24,4.317,-4.027,1.20674669739174,2.35
Indiana,1984,12,25,-5.431,-13.53,0,9.42
Indiana,1984,12,26,1.709,-7.544,0,2.84
Indiana,1984,12,27,10.156,2.068,0,3.52
Indiana,1984,12,28,18.026,9.789,0,3.42
Indiana,1984,12,29,17.338,5.23,11.3375842562959,1.27
Indiana,1984,12,30,6.66,1.014,20.8202302454765,8.83
Indiana,1984,12,31,6.645,1.455,3.15734393842604,1.04
Indiana,1985,1,1,13.596,-1.496,28.1751453876495,2.98
Indiana,1985,1,2,-2.855,-8.541,0,8.72
Indiana,1985,1,3,-0.953,-9.029,0,9.5
Indiana,1985,1,4,0.889,-5.262,0,7.52
Indiana,1985,1,5,3.317,-4.512,0,6.99
Indiana,1985,1,6,3.472,-2.461,0,7.74
Indiana,1985,1,7,1.276,-0.787,0,3.26
Indiana,1985,1,8,0.292,-2.678,0,7.26
Indiana,1985,1,9,-3.637,-7.35,0,5.8
Indiana,1985,1,10,-2.948,-6.166,4.83132898801841,4.54
Indiana,1985,1,11,-2.675,-7.958,0,7.6
Indiana,1985,1,12,-5.606,-13.645,0,10.15
Indiana,1985,1,13,0.757,-10.116,0,9.01
Indiana,1985,1,14,0.401,-5.159,1.08220747461019,4.28
Indiana,1985,1,15,-6.1,-13.902,0,9.93
Indiana,1985,1,16,-2.301,-9.833,0,4.83
Indiana,1985,1,17,-2.307,-7.044,2.66190469244521,5.64
Indiana,1985,1,18,0.872,-6.541,4.82567570719539,4.86
Indiana,1985,1,19,-5.447,-20.694,0,9.47
Indiana,1985,1,20,-22.109,-31.51,0,11.72
Indiana,1985,1,21,-9.846,-25.752,0,7.73
Indiana,1985,1,22,-5.873,-10.111,0,8.72
Indiana,1985,1,23,-1.826,-10.29,0,11.12
Indiana,1985,1,24,-1.259,-5.588,1.78155898993282,4.79
Indiana,1985,1,25,-1.707,-10.314,1.60962490053862,8.35
Indiana,1985,1,26,-7.728,-18.892,0,12.09
Indiana,1985,1,27,-0.493,-8.41,0,8.91
Indiana,1985,1,28,-3.22,-10.033,0,11.15
Indiana,1985,1,29,-2.811,-12.57,0,11.35
Indiana,1985,1,30,-0.578,-8.471,0,8.42
Indiana,1985,1,31,-2.376,-9.945,4.70812916745444,8.32
Indiana,1985,2,1,-11.002,-18.054,0,11.79
Indiana,1985,2,2,-10.194,-17.293,1.20425820341552,8.69
Indiana,1985,2,3,-6.679,-18.466,0,13.15
Indiana,1985,2,4,-5.153,-17.954,0,12.45
Indiana,1985,2,5,-4.185,-10.12,4.6442091464769,5.65
Indiana,1985,2,6,-5.137,-12.016,0,8.58
Indiana,1985,2,7,-9.05,-14.882,0,12.25
Indiana,1985,2,8,-7.561,-21.18,0,14.54
Indiana,1985,2,9,-5.642,-19.765,0,11.01
Indiana,1985,2,10,0.206,-7.327,7.76734968974324,4.75
Indiana,1985,2,11,1.516,-1.84,26.2224166721694,2.86
Indiana,1985,2,12,-2.532,-7.144,12.6578390597842,7.05
Indiana,1985,2,13,-6.345,-11.3,1.65514527486721,11.93
Indiana,1985,2,14,-7.887,-8.778,2.12832981884503,10.14
Indiana,1985,2,15,-9.154,-19.345,0,16.01
Indiana,1985,2,16,0.723,-16.032,0,14.64
Indiana,1985,2,17,0.626,-6.399,0,16.37
Indiana,1985,2,18,3.683,-10.418,0,9.57
Indiana,1985,2,19,2.229,-9.328,0,14.24
Indiana,1985,2,20,6.301,-6.516,0,15.15
Indiana,1985,2,21,8.132,0.464,2.8857111930165,5.17
Indiana,1985,2,22,11.995,8.445,14.553040266037,1.87
Indiana,1985,2,23,15.074,11.62,44.6407250929042,3.56
Indiana,1985,2,24,15.021,3.489,17.7034854888234,2.59
Indiana,1985,2,25,6.472,0.602,0,8.95
Indiana,1985,2,26,11.653,-1.886,0,13.6
Indiana,1985,2,27,9.037,-3.819,6.56150579442283,13.91
Indiana,1985,2,28,7.447,-5.523,0,17.53
Indiana,1985,3,1,5.592,1.15,2.41016483340672,4.17
Indiana,1985,3,2,8.188,-1.659,0,17.39
Indiana,1985,3,3,7.973,-1.435,0,12.85
Indiana,1985,3,4,14.124,4.59,22.4361629035457,1.98
Indiana,1985,3,5,7.877,-4.81,0,12.94
Indiana,1985,3,6,2.708,-7.126,0,18.54
Indiana,1985,3,7,7.043,-2.063,1.71580079540945,2.58
Indiana,1985,3,8,11.931,6.599,3.80640923970077,11.69
Indiana,1985,3,9,12.517,-1.522,0,19.37
Indiana,1985,3,10,16.538,0.722,0,18.96
Indiana,1985,3,11,14.786,7.57,23.3808189629485,3.75
Indiana,1985,3,12,14.564,2.061,0,19.38
Indiana,1985,3,13,5.85,1.392,3.44816744327048,5.53
Indiana,1985,3,14,9.95,-0.429,0,18.13
Indiana,1985,3,15,8.251,-3.064,0,20.31
Indiana,1985,3,16,13.576,-0.787,0,17.29
Indiana,1985,3,17,8.774,-1.849,0,19.93
Indiana,1985,3,18,6.45,-7.359,0,21.33
Indiana,1985,3,19,17.989,0.95,0,18.63
Indiana,1985,3,20,14.648,2.196,2.54675447934005,20.72
Indiana,1985,3,21,9.134,-0.716,0,18.23
Indiana,1985,3,22,9.733,1.164,0,9.75
Indiana,1985,3,23,11.368,4.91,2.68969016059373,4.22
Indiana,1985,3,24,9.765,1.814,5.16975535742858,9.99
Indiana,1985,3,25,11.075,2.118,0,16.27
Indiana,1985,3,26,16.493,-0.099,0,22.16
Indiana,1985,3,27,19.027,11.824,7.88550376887542,7.54
Indiana,1985,3,28,24.298,16.042,2.67551185817183,10.66
Indiana,1985,3,29,22.924,7.938,0,15.3
Indiana,1985,3,30,11.859,4.017,20.596829031831,3.79
Indiana,1985,3,31,14.563,3.348,9.40191422745329,10.55
Indiana,1985,4,1,6.217,-0.795,0,10.71
Indiana,1985,4,2,10.6,-2.441,0,23.02
Indiana,1985,4,3,14.5,7.684,1.35418973877677,22.64
Indiana,1985,4,4,21.168,4.432,2.66307592380599,16.07
Indiana,1985,4,5,19.223,4.769,28.5001209086317,2.32
Indiana,1985,4,6,9.229,2.352,4.64698672294617,17.05
Indiana,1985,4,7,10.462,0.925,1.37422382831076,21.23
Indiana,1985,4,8,6.413,-1.545,3.13537614863435,20.83
Indiana,1985,4,9,5.214,-4.692,0,18.76
Indiana,1985,4,10,9.306,-2.858,0,13.82
Indiana,1985,4,11,18.796,4.124,0,21.94
Indiana,1985,4,12,21.831,7.582,0,20.7
Indiana,1985,4,13,22.004,10.838,0,20.15
Indiana,1985,4,14,20.409,11.448,4.49583928539354,15.49
Indiana,1985,4,15,20.309,10.628,2.25794315338135,15.87
Indiana,1985,4,16,19.738,9.766,0,24.87
Indiana,1985,4,17,20.869,5.5,0,25.4
Indiana,1985,4,18,26.104,15.697,0,21.79
Indiana,1985,4,19,26.722,16.718,0,23.8
Indiana,1985,4,20,25.842,15.583,0,20.85
Indiana,1985,4,21,26.948,15.998,0,23.97
Indiana,1985,4,22,26.274,17.683,0,20.82
Indiana,1985,4,23,23.881,17.557,3.50118577479819,15.79
Indiana,1985,4,24,21.816,14.268,9.374110464762,12.13
Indiana,1985,4,25,22.747,7.678,0,23.86
Indiana,1985,4,26,25.568,10.236,0,22.3
Indiana,1985,4,27,23.267,13.825,8.52034389972189,10.27
Indiana,1985,4,28,19.469,10.425,0,24.13
Indiana,1985,4,29,20.869,7.736,0,27.99
Indiana,1985,4,30,22.506,8.862,0,21.32
Indiana,1985,5,1,20.555,13.774,23.086702823548,3.16
Indiana,1985,5,2,18.986,9.438,4.4761747120674,21.46
Indiana,1985,5,3,19.274,5.811,0,28.16
Indiana,1985,5,4,20.983,7.945,0,26.81
Indiana,1985,5,5,24.046,12.767,0,23.45
Indiana,1985,5,6,24.111,16.073,4.08521592606803,18.46
Indiana,1985,5,7,21.216,8.795,0,26.98
Indiana,1985,5,8,22.718,9.457,0,22.48
Indiana,1985,5,9,24.601,10.782,0,28.42
Indiana,1985,5,10,25.073,13.175,0,24.31
Indiana,1985,5,11,24.972,15.766,0,17.71
Indiana,1985,5,12,27.514,18.461,4.33317422857726,21.3
Indiana,1985,5,13,25.688,13.423,0,24.48
Indiana,1985,5,14,28.887,18.68,4.52343821452317,19.79
Indiana,1985,5,15,25.788,18.151,14.8953497409252,19.12
Indiana,1985,5,16,17.793,14.228,0,6.29
Indiana,1985,5,17,13.853,9.99,0,15.28
Indiana,1985,5,18,20.789,6.932,1.14563405509216,22.33
Indiana,1985,5,19,24.604,8.486,0,27.13
Indiana,1985,5,20,24.671,16.319,4.93824779977103,22.81
Indiana,1985,5,21,21.337,11.524,3.61158549782203,28.42
Indiana,1985,5,22,19.104,10.191,0,17.57
Indiana,1985,5,23,22.465,8.621,0,29.44
Indiana,1985,5,24,24.265,8.455,0,29.52
Indiana,1985,5,25,26.292,10.792,0,29.39
Indiana,1985,5,26,28.142,16.395,0,27.05
Indiana,1985,5,27,27.347,17.963,24.4772970676372,17.57
Indiana,1985,5,28,21.642,13.646,1.95436179637909,28.35
Indiana,1985,5,29,23.825,11.585,0,26.45
Indiana,1985,5,30,26.936,16.697,8.78252387036582,21.39
Indiana,1985,5,31,26.845,19.561,38.7540996074627,28.84
Indiana,1985,6,1,24.818,13.807,0,28.28
Indiana,1985,6,2,27.115,17.309,0,22.67
Indiana,1985,6,3,24.4,12.678,13.3014777720746,28.8
Indiana,1985,6,4,21.516,13.377,23.100274801152,7.29
Indiana,1985,6,5,22.309,13.284,3.19988612130828,17.24
Indiana,1985,6,6,23.331,12.347,0,24.36
Indiana,1985,6,7,25.446,16.101,0,21.55
Indiana,1985,6,8,29.389,16.807,0,26.3
Indiana,1985,6,9,28.997,22.294,0,28.26
Indiana,1985,6,10,26.641,16.784,0,29.57
Indiana,1985,6,11,24.472,11.881,39.3453985452652,3.26
Indiana,1985,6,12,15.76,11.066,0,15.41
Indiana,1985,6,13,19.78,7.045,0,27.01
Indiana,1985,6,14,22.008,11.401,0,23.19
Indiana,1985,6,15,22.958,14.655,12.9842105552598,12.24
Indiana,1985,6,16,24.822,15.267,7.52221345891257,25.03
Indiana,1985,6,17,26.263,17.393,8.89648497104645,15.14
Indiana,1985,6,18,24.61,15.333,4.66358959670288,21.84
Indiana,1985,6,19,20.735,12.074,0,24.29
Indiana,1985,6,20,23.082,11.35,0,22.95
Indiana,1985,6,21,27.136,15.887,3.08296683232356,23.22
Indiana,1985,6,22,25.156,19.516,9.4115138053894,22.54
Indiana,1985,6,23,28.665,15.312,1.61728416549067,27.06
Indiana,1985,6,24,27.261,18.756,2.76244423088201,22.14
Indiana,1985,6,25,28.245,16.938,0,28.8
Indiana,1985,6,26,29.441,16.931,0,26.62
Indiana,1985,6,27,27.551,17.114,0,28.33
Indiana,1985,6,28,25.832,14.266,0,29.76
Indiana,1985,6,29,25.757,14.647,0,24.01
Indiana,1985,6,30,27.22,16.287,0,26.47
Indiana,1985,7,1,25.942,16.845,2.90634632074216,24.36
Indiana,1985,7,2,26.717,15.224,4.82688434402689,23.22
Indiana,1985,7,3,26.911,17.943,6.1527090887239,27.24
Indiana,1985,7,4,27.96,16.236,0,25.44
Indiana,1985,7,5,26.395,20.199,0,25.12
Indiana,1985,7,6,25.456,16.268,0,20.63
Indiana,1985,7,7,29.002,16.47,0,26.1
Indiana,1985,7,8,31.972,22.195,0,27.43
Indiana,1985,7,9,30.461,23.07,1.50483548628699,22.99
Indiana,1985,7,10,27.879,21.143,21.7366198312448,24.86
Indiana,1985,7,11,25.683,15.748,0,22.55
Indiana,1985,7,12,28.418,17.363,0,22.6
Indiana,1985,7,13,30.805,20.268,10.3132833533728,18.32
Indiana,1985,7,14,29.189,24.717,3.40610146522025,12.16
Indiana,1985,7,15,27.797,21.66,21.1407274006774,22.05
Indiana,1985,7,16,25.336,15.229,0,24.49
Indiana,1985,7,17,25.274,13.108,0,29.32
Indiana,1985,7,18,26.901,15.128,0,28.47
Indiana,1985,7,19,28.745,16.305,0,24.64
Indiana,1985,7,20,27.253,21.598,4.30054962623672,15.12
Indiana,1985,7,21,26.663,18.428,2.18534911778079,16.04
Indiana,1985,7,22,26.905,18.032,0,26.39
Indiana,1985,7,23,25.434,13.54,0,29.03
Indiana,1985,7,24,29.467,15.525,0,26.73
Indiana,1985,7,25,30.166,22.112,0,24.32
Indiana,1985,7,26,26.471,19.927,14.8275104747881,27.31
Indiana,1985,7,27,27.05,14.549,0,28.17
Indiana,1985,7,28,27.849,15.187,0,27.92
Indiana,1985,7,29,28.792,16.808,0,26.72
Indiana,1985,7,30,27.935,19.995,0,13.96
Indiana,1985,7,31,26.389,21.079,16.6119488258119,9.78
Indiana,1985,8,1,23.697,17.688,1.46347582347062,10.19
Indiana,1985,8,2,24.728,14.523,0,28.23
Indiana,1985,8,3,26.052,14.699,0,25.03
Indiana,1985,8,4,25.651,17.226,2.72691845884765,12.88
Indiana,1985,8,5,23.139,19.518,52.2278487682328,7.41
Indiana,1985,8,6,28.123,19.567,12.3205916222346,16.97
Indiana,1985,8,7,27.504,19.741,5.49699164184858,16.47
Indiana,1985,8,8,26.057,15.766,0,26.44
Indiana,1985,8,9,28.478,16.985,0,23.64
Indiana,1985,8,10,26.664,21.008,2.45235613874684,11.63
Indiana,1985,8,11,25.304,14.23,0,24.09
Indiana,1985,8,12,28.448,17.092,0,21.2
Indiana,1985,8,13,29.488,22.713,6.8189123396678,19.52
Indiana,1985,8,14,28.163,21.006,21.3777959345975,15.88
Indiana,1985,8,15,25.309,20.553,24.8392833539697,9.85
Indiana,1985,8,16,25.518,15.979,0,18.93
Indiana,1985,8,17,26.889,17.431,0,17.5
Indiana,1985,8,18,25.843,18.963,2.72665586231824,18.07
Indiana,1985,8,19,22.573,15.381,0,13.29
Indiana,1985,8,20,21.165,9.67,0,18.35
Indiana,1985,8,21,21.928,13.072,0,18.93
Indiana,1985,8,22,23.615,13.628,0,20.47
Indiana,1985,8,23,25.073,15.83,0,17.18
Indiana,1985,8,24,23.765,19.22,8.29576753289984,13.28
Indiana,1985,8,25,21.718,14.994,0,16.56
Indiana,1985,8,26,22.477,14.701,0,19.45
Indiana,1985,8,27,24.229,14.02,0,19.31
Indiana,1985,8,28,24.903,13.724,0,17.07
Indiana,1985,8,29,26.366,16.591,0,17.27
Indiana,1985,8,30,24.997,19.447,11.8090991353483,15
Indiana,1985,8,31,23.756,15.78,0,19.95
Indiana,1985,9,1,28.755,16.468,0,21.13
Indiana,1985,9,2,28.896,21.809,0,14.53
Indiana,1985,9,3,28.98,21.196,0,18.57
Indiana,1985,9,4,28.108,22.688,0,15.49
Indiana,1985,9,5,28.452,22.695,0,9.97
Indiana,1985,9,6,30.848,22.946,0,18.13
Indiana,1985,9,7,31.886,22.716,0,20.49
Indiana,1985,9,8,30.778,23.175,0,18.19
Indiana,1985,9,9,30.996,21.45,16.4204955091236,16.91
Indiana,1985,9,10,25.301,18.279,0,11.58
Indiana,1985,9,11,21.228,15.458,0,16.22
Indiana,1985,9,12,17.67,10.888,0,12.79
Indiana,1985,9,13,17.725,7.945,0,22.09
Indiana,1985,9,14,18.622,8.095,0,18.66
Indiana,1985,9,15,21.257,9.131,0,21.4
Indiana,1985,9,16,23.569,9.29,0,21.34
Indiana,1985,9,17,25.425,15.318,0,16.31
Indiana,1985,9,18,27.799,18.731,0,18.09
Indiana,1985,9,19,27.86,17.392,0,19.29
Indiana,1985,9,20,28.154,16.61,0,19.3
Indiana,1985,9,21,26.756,17.033,0,16.11
Indiana,1985,9,22,26.217,18.716,0,11.81
Indiana,1985,9,23,24.304,19.005,7.9076758811425,9.4
Indiana,1985,9,24,17.188,7.139,0,19.71
Indiana,1985,9,25,17.762,7.717,0,8.65
Indiana,1985,9,26,16.733,8.666,4.98398542404033,12.75
Indiana,1985,9,27,16.284,7.374,0,11.13
Indiana,1985,9,28,21.553,8.668,0,18.64
Indiana,1985,9,29,22.538,9.48,0,18.5
Indiana,1985,9,30,18.891,10.841,10.0616961717606,1.9
Indiana,1985,10,1,12.356,5.452,0,16.89
Indiana,1985,10,2,14.592,1.242,0,18.68
Indiana,1985,10,3,17.861,3.424,0,17.38
Indiana,1985,10,4,13.841,11.714,9.51750874514801,5.59
Indiana,1985,10,5,12.342,8.806,0,6.35
Indiana,1985,10,6,13.227,3.372,0,15.73
Indiana,1985,10,7,20.472,7.557,0,16.36
Indiana,1985,10,8,20.78,14.896,1.93353295316001,9.7
Indiana,1985,10,9,22.611,16.842,0,6.98
Indiana,1985,10,10,20.18,12.938,0,4.48
Indiana,1985,10,11,15.874,10.807,2.99723399723462,4.01
Indiana,1985,10,12,25.95,14.645,9.03882314275961,11.93
Indiana,1985,10,13,22.764,13.684,3.44257399035541,15.56
Indiana,1985,10,14,20.653,13.683,17.0597434043884,10.74
Indiana,1985,10,15,18.119,12.521,8.97294444206409,15.72
Indiana,1985,10,16,15.204,7.999,0,15.35
Indiana,1985,10,17,21.299,8.28,0,14.27
Indiana,1985,10,18,20.96,13.965,16.4712393323043,4.76
Indiana,1985,10,19,21.859,18.806,10.517378025952,6.77
Indiana,1985,10,20,17.983,14.086,0,4.2
Indiana,1985,10,21,16.342,9.66,0,9.81
Indiana,1985,10,22,16.932,12.603,0,6.81
Indiana,1985,10,23,20.144,12.492,0,9.16
Indiana,1985,10,24,23.172,16.445,5.7059389947085,10.57
Indiana,1985,10,25,17.659,5.505,0,14.44
Indiana,1985,10,26,19.084,5.68,0,14.14
Indiana,1985,10,27,18.336,7.908,0,10.3
Indiana,1985,10,28,13.113,5.716,0,12.7
Indiana,1985,10,29,12.21,5.689,0,7.44
Indiana,1985,10,30,13.279,8.31,0,8.44
Indiana,1985,10,31,15.021,7.728,5.33458590496139,4.09
Indiana,1985,11,1,16.701,13.718,16.6240135890519,3.35
Indiana,1985,11,2,15.452,9.215,22.2118645905311,3.71
Indiana,1985,11,3,10.744,6.841,0,6.02
Indiana,1985,11,4,8.684,6.372,0,5.45
Indiana,1985,11,5,11.658,6.746,0,4.44
Indiana,1985,11,6,14.695,7.76,0,10.04
Indiana,1985,11,7,11.942,5.14,2.50775048601781,9.83
Indiana,1985,11,8,12.924,2.641,1.26158116421493,10.19
Indiana,1985,11,9,15.183,8.89,4.32112296766718,2.71
Indiana,1985,11,10,15.4,4.976,38.194683419988,0.96
Indiana,1985,11,11,6.701,3.274,1.67779793434875,2.73
Indiana,1985,11,12,15.431,6.295,1.32954965573617,1.9
Indiana,1985,11,13,16.877,13.831,5.60083389281729,1.58
Indiana,1985,11,14,17.324,8.189,5.00017702569266,2.06
Indiana,1985,11,15,8.434,5.402,4.09307250538404,2.42
Indiana,1985,11,16,12.826,4.631,29.3354839086533,5.33
Indiana,1985,11,17,13.443,1.857,0,10.78
Indiana,1985,11,18,18.809,9.47,4.35774624207852,3.11
Indiana,1985,11,19,20.105,16.771,26.8850713968227,3.92
Indiana,1985,11,20,19.847,-4.087,4.88771507235697,8.48
Indiana,1985,11,21,2.327,-6.342,0,10.59
Indiana,1985,11,22,5.736,-0.036,4.6831160783718,8.85
Indiana,1985,11,23,5.5,-4.657,0,4.87
Indiana,1985,11,24,4.701,-7.038,0,10.01
Indiana,1985,11,25,5.257,-0.366,1.46088543522183,0.91
Indiana,1985,11,26,15.327,6.208,9.80658531187828,0.83
Indiana,1985,11,27,5.615,2.646,1.9353508948825,2.86
Indiana,1985,11,28,3.64,0.995,12.5646834216013,2.79
Indiana,1985,11,29,3.634,1.023,0,2.81
Indiana,1985,11,30,6.828,2.833,0,3.82
Indiana,1985,12,1,11.569,-2.65,10.3114992380142,1.23
Indiana,1985,12,2,-4.136,-10.562,0,8.08
Indiana,1985,12,3,-3.843,-12.335,0,6.18
Indiana,1985,12,4,3.192,-4.417,0,8.35
Indiana,1985,12,5,1.343,-3.012,3.15735936158035,2.9
Indiana,1985,12,6,2.152,-5.95,0,6.71
Indiana,1985,12,7,2.633,-2.679,0,6.66
Indiana,1985,12,8,6.647,-2.738,0,9.11
Indiana,1985,12,9,1.569,-2.491,0,5.08
Indiana,1985,12,10,8.447,0.047,4.61372137067428,1.5
Indiana,1985,12,11,4.135,1.102,22.5450456136969,0.75
Indiana,1985,12,12,1.167,-2.907,0,5.32
Indiana,1985,12,13,-2.692,-10.207,0,3.92
Indiana,1985,12,14,-8.668,-18.504,0,9.64
Indiana,1985,12,15,0.578,-10.13,0,6.76
Indiana,1985,12,16,1.652,-7.37,0,4.97
Indiana,1985,12,17,-6.131,-10.523,3.80803644657135,4.58
Indiana,1985,12,18,-10.384,-19.774,0,9.56
Indiana,1985,12,19,-7.037,-17.105,0,9.45
Indiana,1985,12,20,-6.354,-9.87,2.25383367069298,7.72
Indiana,1985,12,21,-8.221,-16.47,0,9.12
Indiana,1985,12,22,3.452,-8.982,0,6.14
Indiana,1985,12,23,1.886,-1.822,1.05398297273496,3.72
Indiana,1985,12,24,2.237,-10.504,2.12712864362175,8.36
Indiana,1985,12,25,-11.225,-19.521,0,8.81
Indiana,1985,12,26,-2.169,-18.258,2.56682261090191,3.57
Indiana,1985,12,27,0.733,-6.779,2.46816650650317,6.6
Indiana,1985,12,28,-4.621,-13.083,0,8.96
Indiana,1985,12,29,-4.095,-10.087,0,9.51
Indiana,1985,12,30,2.463,-13.432,0,8.7
Indiana,1985,12,31,2.882,-4.035,0,4.37
Indiana,1986,1,1,2.833,-9.999,0,8.93
Indiana,1986,1,2,4.495,-0.517,0,3.94
Indiana,1986,1,3,3.215,-0.78,3.22632039205928,3.69
Indiana,1986,1,4,3.707,-2.186,1.41304731369019,4.15
Indiana,1986,1,5,0.032,-8.58,1.53494477268623,9.51
Indiana,1986,1,6,-2.371,-8.445,0,8.26
Indiana,1986,1,7,-6.878,-14.416,0,10
Indiana,1986,1,8,-4.086,-14.656,0,9.94
Indiana,1986,1,9,4.268,-7.84,0,10.1
Indiana,1986,1,10,4.609,-1.76,0,7.34
Indiana,1986,1,11,8.336,-4.909,0,9.64
Indiana,1986,1,12,6.138,1.555,0,8.34
Indiana,1986,1,13,0.754,-8.537,1.02890729897354,9.13
Indiana,1986,1,14,0.107,-5.068,0,8.76
Indiana,1986,1,15,3.63,-8.661,0,10.24
Indiana,1986,1,16,10.383,-2.929,0,8.3
Indiana,1986,1,17,12.591,8.193,0,5.41
Indiana,1986,1,18,11.179,7.299,0,3.35
Indiana,1986,1,19,6.627,-0.159,1.18012130258194,5.26
Indiana,1986,1,20,2.813,-2.422,0,8.75
Indiana,1986,1,21,13.193,-2.769,0,10.34
Indiana,1986,1,22,11.541,0.457,0,6.83
Indiana,1986,1,23,3.755,-5.913,0,11.25
Indiana,1986,1,24,4.612,-4.46,0,6.01
Indiana,1986,1,25,3.607,0.203,3.03347110639152,3.94
Indiana,1986,1,26,1.411,-8.624,0,6.71
Indiana,1986,1,27,-9.434,-20.31,0,11.93
Indiana,1986,1,28,-5.028,-16.942,0,8.69
Indiana,1986,1,29,-2.296,-5.479,0,6.64
Indiana,1986,1,30,-3.114,-13.18,0,11.82
Indiana,1986,1,31,4.032,-3.345,0,9.72
Indiana,1986,2,1,11.923,-0.052,2.06961545154627,1.67
Indiana,1986,2,2,10.784,-3.334,0,11.51
Indiana,1986,2,3,5.249,-1.563,2.17240214470849,2.53
Indiana,1986,2,4,13.101,4.223,29.7081828116461,1.26
Indiana,1986,2,5,12.367,2.66,2.27887630444457,2.07
Indiana,1986,2,6,2.296,-0.536,1.9558856902222,4.44
Indiana,1986,2,7,-1.22,-4.709,19.8191136120727,4.69
Indiana,1986,2,8,-2.202,-7.222,0,8.01
Indiana,1986,2,9,-2.977,-7.131,0,10.57
Indiana,1986,2,10,-7.666,-13.417,0,11.92
Indiana,1986,2,11,-6.821,-12.154,0,11.68
Indiana,1986,2,12,-8.03,-15.971,0,14.23
Indiana,1986,2,13,-6.159,-19.858,0,14.19
Indiana,1986,2,14,-1.602,-6.502,4.95147705066756,6.24
Indiana,1986,2,15,-3.608,-16.306,0,15.57
Indiana,1986,2,16,2.475,-10.984,2.66787707795402,6.89
Indiana,1986,2,17,8.219,1.28,2.18720138036588,4.11
Indiana,1986,2,18,15.142,2.533,0,9.3
Indiana,1986,2,19,10.8,2.933,2.17922627962253,9.88
Indiana,1986,2,20,10.582,-1.466,2.20632553100586,6.31
Indiana,1986,2,21,3.534,-5.928,5.85615336893852,14.43
Indiana,1986,2,22,-2.015,-9.074,0,16.77
Indiana,1986,2,23,-2.61,-9.948,2.02665328976082,10.6
Indiana,1986,2,24,-2.438,-4.478,4.28124706633071,14.34
Indiana,1986,2,25,-1.986,-14.473,0,17.56
Indiana,1986,2,26,1.573,-6.672,7.25377581454723,8.41
Indiana,1986,2,27,1.14,-5.473,1.20066925899209,11.63
Indiana,1986,2,28,-3.256,-14.161,0,15.78
Indiana,1986,3,1,-0.126,-13.387,0,18.08
Indiana,1986,3,2,4.769,-8.687,1.82697071068105,8.75
Indiana,1986,3,3,3.416,-0.791,0,6.5
Indiana,1986,3,4,5.8,-0.708,1.53869390487671,12.87
Indiana,1986,3,5,9.721,-2.743,0,14.1
Indiana,1986,3,6,6.527,-1.465,4.4376492499687,12.8
Indiana,1986,3,7,3.02,-10.364,0,19.01
Indiana,1986,3,8,3.17,-12.336,0,15.49
Indiana,1986,3,9,17.808,1.64,0,14.23
Indiana,1986,3,10,16.211,12.747,11.4656515900151,6.51
Indiana,1986,3,11,9.537,-0.627,0,17.43
Indiana,1986,3,12,6.203,2.071,11.9780798679017,3.13
Indiana,1986,3,13,17.015,4.705,13.3370548615659,10.13
Indiana,1986,3,14,13.484,3.817,1.41073578306816,16.23
Indiana,1986,3,15,9.356,2.108,0,13.2
Indiana,1986,3,16,6.942,0.761,0,12.66
Indiana,1986,3,17,12.746,0.95,0,17.81
Indiana,1986,3,18,17.372,6.127,11.9675878913768,9.14
Indiana,1986,3,19,13.814,3.859,16.7907878372375,4.89
Indiana,1986,3,20,3.231,-10.121,1.92305924980474,21.11
Indiana,1986,3,21,0.969,-10.201,0,22.09
Indiana,1986,3,22,8.073,-4.435,0,21.89
Indiana,1986,3,23,15.782,3.467,0,20.07
Indiana,1986,3,24,12.374,-2.545,0,22.01
Indiana,1986,3,25,21.172,8.455,0,21.53
Indiana,1986,3,26,18.44,11.033,4.42046380788952,8.86
Indiana,1986,3,27,13.404,-0.757,0,22.73
Indiana,1986,3,28,17.99,2.749,0,16.52
Indiana,1986,3,29,23.743,11.31,0,21.87
Indiana,1986,3,30,24.868,13.65,0,21.46
Indiana,1986,3,31,26.156,9.748,0,21.61
Indiana,1986,4,1,21.317,8.5,7.24226832380737,12.88
Indiana,1986,4,2,15.366,2.209,0,23.69
Indiana,1986,4,3,18.57,5.357,1.37829247950094,12.41
Indiana,1986,4,4,24.758,12.455,0,19.05
Indiana,1986,4,5,21.763,13.188,3.84262502188903,12.73
Indiana,1986,4,6,20.372,10.118,0,22.83
Indiana,1986,4,7,23.049,5.599,1.09357708328162,21.46
Indiana,1986,4,8,18.264,7.2,1.46336853504181,21.82
Indiana,1986,4,9,9.803,2.947,1.02990865525499,14.78
Indiana,1986,4,10,13.113,-1.107,0,25.34
Indiana,1986,4,11,16.341,-0.228,0,25.26
Indiana,1986,4,12,20.54,2.256,0,22.95
Indiana,1986,4,13,17.383,5.571,2.27617621421672,21.79
Indiana,1986,4,14,19.963,7.085,8.81305634970886,9.38
Indiana,1986,4,15,12.311,2.526,1.43779516218956,11.94
Indiana,1986,4,16,9.75,1.393,0,12.89
Indiana,1986,4,17,15.576,4.337,0,21.77
Indiana,1986,4,18,19.978,6.127,0,22.04
Indiana,1986,4,19,20.091,11.96,0,16.46
Indiana,1986,4,20,16.882,9.099,15.7155634613559,3.89
Indiana,1986,4,21,9.597,5.092,1.15602612498833,21.48
Indiana,1986,4,22,6.55,-1.878,0,22.1
Indiana,1986,4,23,13.456,-2.983,0,27.69
Indiana,1986,4,24,21.102,5.133,0,26.32
Indiana,1986,4,25,25.511,11.538,0,23.64
Indiana,1986,4,26,27.944,14.735,0,25.72
Indiana,1986,4,27,27.555,14.422,0,26.56
Indiana,1986,4,28,24.298,14.104,4.48029041280051,8.01
Indiana,1986,4,29,21.612,8.219,0,26.79
Indiana,1986,4,30,21.66,14.936,1.1326224671393,11.16
Indiana,1986,5,1,21.704,12.987,4.29206490516165,26.74
Indiana,1986,5,2,16.39,5.425,0,17.2
Indiana,1986,5,3,14.745,0.109,0,28.44
Indiana,1986,5,4,20.534,3.774,0,25.09
Indiana,1986,5,5,25.984,13.652,0,26.1
Indiana,1986,5,6,26.231,18.801,10.6696635484695,15.2
Indiana,1986,5,7,25.241,17.237,12.7930879592846,14.21
Indiana,1986,5,8,25.426,11.489,0,27.31
Indiana,1986,5,9,22.383,10.182,0,28.16
Indiana,1986,5,10,25.146,10.096,0,27.71
Indiana,1986,5,11,25.272,13.892,0,20.48
Indiana,1986,5,12,23.927,15.111,11.7849585062118,13.64
Indiana,1986,5,13,24.852,10.241,0,27.2
Indiana,1986,5,14,23.291,16.097,4.19196486473083,24.05
Indiana,1986,5,15,23.777,12.962,13.5952919720417,10.14
Indiana,1986,5,16,25.43,15.813,3.6395768482862,24.7
Indiana,1986,5,17,27.868,17.267,13.8491261244553,20.6
Indiana,1986,5,18,24.612,12.718,6.19272691221795,4.98
Indiana,1986,5,19,12.311,10.746,2.12050974369049,4.93
Indiana,1986,5,20,11.236,8.383,0,5.74
Indiana,1986,5,21,14.586,7.914,0,12.32
Indiana,1986,5,22,17.62,7.442,0,16.41
Indiana,1986,5,23,20.593,9.031,0,26.38
Indiana,1986,5,24,23.827,8.244,0,26.46
Indiana,1986,5,25,24.192,14.21,1.98774962069592,20.96
Indiana,1986,5,26,21.817,15.362,22.9500681160744,5.63
Indiana,1986,5,27,23.968,16.744,8.83539142506606,19.55
Indiana,1986,5,28,24.631,12.581,0,18.42
Indiana,1986,5,29,25.378,16.775,4.99272346496582,20.39
Indiana,1986,5,30,26.26,14.6,0,24.96
Indiana,1986,5,31,27.45,16.435,0,27.6
Indiana,1986,6,1,28.773,17.951,0,25.41
Indiana,1986,6,2,20.089,12.584,0,29.54
Indiana,1986,6,3,23.317,8.493,0,30.64
Indiana,1986,6,4,27.199,14.432,6.40306174750549,16.91
Indiana,1986,6,5,25.827,19.668,38.2044285534562,9.85
Indiana,1986,6,6,25.246,19.902,8.950281143143,8.82
Indiana,1986,6,7,25.413,20.136,17.3912346363068,11.27
Indiana,1986,6,8,26.582,18.675,0,25.69
Indiana,1986,6,9,25.986,15.023,0,22.39
Indiana,1986,6,10,28.105,19.434,14.3610537052155,12.26
Indiana,1986,6,11,28.608,22.026,8.74630510806895,15.24
Indiana,1986,6,12,24.448,16.827,10.5736136435439,6.53
Indiana,1986,6,13,25.757,14.86,0,22.72
Indiana,1986,6,14,27.02,16.292,0,22.38
Indiana,1986,6,15,25.983,19.824,1.43934233403797,17.62
Indiana,1986,6,16,30.047,21.147,1.15557014930801,26.64
Indiana,1986,6,17,26.463,14.325,0,30.11
Indiana,1986,6,18,24.913,9.971,0,28.69
Indiana,1986,6,19,29.682,17.347,0,26.95
Indiana,1986,6,20,29.657,21.096,0,27.58
Indiana,1986,6,21,31.504,17.695,0,28.16
Indiana,1986,6,22,31.317,22.852,1.35399103163536,26.37
Indiana,1986,6,23,27.088,19.891,0,26.47
Indiana,1986,6,24,25.44,17.262,0,20.61
Indiana,1986,6,25,23.712,8.318,0,30.68
Indiana,1986,6,26,28.49,12.878,0,24.05
Indiana,1986,6,27,31.917,23.384,11.3982200622331,24.25
Indiana,1986,6,28,28.723,21.605,26.4155864715576,21.7
Indiana,1986,6,29,27.918,18.326,0,23.56
Indiana,1986,6,30,26.527,17.46,11.5457773208618,10.83
Indiana,1986,7,1,24.552,17.53,12.932237982568,6.02
Indiana,1986,7,2,22.861,17.789,2.64478623830655,16.76
Indiana,1986,7,3,23.573,13.645,0,29.49
Indiana,1986,7,4,28.436,16.165,0,27.09
Indiana,1986,7,5,29.862,20.574,0,28.86
Indiana,1986,7,6,31.1,21.293,0,27
Indiana,1986,7,7,30.956,21.962,1.37920975680572,23.88
Indiana,1986,7,8,31.453,23.183,0,25.33
Indiana,1986,7,9,29.257,22.98,1.45238041881157,13.84
Indiana,1986,7,10,26.416,19.348,8.76611471176147,14.58
Indiana,1986,7,11,27.631,22.256,33.5708856947008,15.28
Indiana,1986,7,12,27.343,21.183,26.9334852694669,15.75
Indiana,1986,7,13,27.765,21.687,20.4759776592205,25.4
Indiana,1986,7,14,27.1,19.32,2.80416011810303,15.42
Indiana,1986,7,15,30.012,20.263,5.71709275245169,21.58
Indiana,1986,7,16,31.478,23.549,0,23.83
Indiana,1986,7,17,32.503,22.975,0,27.16
Indiana,1986,7,18,32.487,23.342,0,26.85
Indiana,1986,7,19,32.885,23.182,0,26.16
Indiana,1986,7,20,31.07,24.017,1.53367221355438,23.29
Indiana,1986,7,21,26.833,18.226,1.67226195334891,22.85
Indiana,1986,7,22,27.713,18.433,0,23.98
Indiana,1986,7,23,28.839,18.839,0,25.48
Indiana,1986,7,24,30.402,19.452,0,26.24
Indiana,1986,7,25,31.527,22.784,26.861697435379,20.52
Indiana,1986,7,26,27.913,20.858,0,19.89
Indiana,1986,7,27,28.58,17.935,0,27.72
Indiana,1986,7,28,30.173,21.693,1.97804868219009,18.87
Indiana,1986,7,29,27.917,18.26,0,26.22
Indiana,1986,7,30,28.51,15.394,0,27.76
Indiana,1986,7,31,26.533,19.816,0,17.59
Indiana,1986,8,1,26.697,18.817,0,26.11
Indiana,1986,8,2,26.165,17.051,1.46349885960717,23.27
Indiana,1986,8,3,24.082,14.381,0,23.58
Indiana,1986,8,4,25.521,13.901,0,23.85
Indiana,1986,8,5,27.046,15.435,0,22.5
Indiana,1986,8,6,25.468,19.753,6.32621646070675,13.08
Indiana,1986,8,7,24.651,17.767,3.09896938802012,12.48
Indiana,1986,8,8,27.038,17.162,0,21.58
Indiana,1986,8,9,27.027,15.882,0,24.31
Indiana,1986,8,10,25.648,18.913,1.43915414810181,14.41
Indiana,1986,8,11,23.606,14.55,0,21.09
Indiana,1986,8,12,23.367,10.65,0,26.83
Indiana,1986,8,13,25.066,12.757,0,23.93
Indiana,1986,8,14,29.423,16.529,0,24.17
Indiana,1986,8,15,29.935,22.192,1.86861157413887,16.62
Indiana,1986,8,16,27.755,19.445,2.97579169273376,18.83
Indiana,1986,8,17,29.171,18.004,0,23.19
Indiana,1986,8,18,28.105,20.021,0,21.31
Indiana,1986,8,19,26.824,18.761,0,22.28
Indiana,1986,8,20,27.89,16.677,0,25.45
Indiana,1986,8,21,28.554,17.957,0,24.63
Indiana,1986,8,22,29.691,18.02,0,19.35
Indiana,1986,8,23,28.848,22.293,0,18.09
Indiana,1986,8,24,24.934,13.4,0,25.08
Indiana,1986,8,25,27.999,14.333,0,18.18
Indiana,1986,8,26,30.457,20.74,20.1870249120475,16.4
Indiana,1986,8,27,24.203,17.164,4.17627646510255,15.93
Indiana,1986,8,28,17.173,9.905,0,18.37
Indiana,1986,8,29,19.745,7.017,0,24.74
Indiana,1986,8,30,23.478,9.459,0,24.61
Indiana,1986,8,31,25.616,10.931,0,24.15
Indiana,1986,9,1,26.428,12.888,0,22.44
Indiana,1986,9,2,26.087,16.224,0,16.26
Indiana,1986,9,3,27.728,17.68,0,18.59
Indiana,1986,9,4,28.35,19.451,2.62920660213695,15.81
Indiana,1986,9,5,25.318,14.644,0,23.1
Indiana,1986,9,6,22.765,12.577,0,19.88
Indiana,1986,9,7,20.062,11.641,0,19.39
Indiana,1986,9,8,20.725,6.802,0,23.12
Indiana,1986,9,9,25.605,8.401,0,19.98
Indiana,1986,9,10,30.633,19.429,0,17.45
Indiana,1986,9,11,27.369,21.506,31.542521715096,2.63
Indiana,1986,9,12,21.579,17.344,2.49572992330016,11.57
Indiana,1986,9,13,23.585,10.386,0,19.41
Indiana,1986,9,14,25.685,13.873,0,19.18
Indiana,1986,9,15,26.819,17.556,0,15.08
Indiana,1986,9,16,23.351,11.182,0,20.53
Indiana,1986,9,17,23.944,10.908,0,17.32
Indiana,1986,9,18,23.869,17.912,2.41910815238811,6.46
Indiana,1986,9,19,24.538,18.268,0,6.55
Indiana,1986,9,20,25.138,20.088,10.7775750660153,7.34
Indiana,1986,9,21,28.319,16.828,0,17.33
Indiana,1986,9,22,29.032,20.694,0,17
Indiana,1986,9,23,25.471,20.677,7.11369762194636,6.23
Indiana,1986,9,24,24.257,19.84,20.175407442423,3.95
Indiana,1986,9,25,29.197,22.029,0,14.87
Indiana,1986,9,26,29.086,22.412,9.0777834200253,13.41
Indiana,1986,9,27,27.754,21.406,1.14040076732635,14.51
Indiana,1986,9,28,29.403,20.69,1.42410397529602,14.87
Indiana,1986,9,29,29.601,23.227,2.23528742789725,13.46
Indiana,1986,9,30,27.274,20.839,29.5999348163605,7.48
Indiana,1986,10,1,22.311,19.241,26.5730768442154,2.82
Indiana,1986,10,2,23.482,17.71,0,9.14
Indiana,1986,10,3,22.506,20.715,33.2348802728006,2.19
Indiana,1986,10,4,24.442,17.741,13.0515484494254,8.13
Indiana,1986,10,5,18.297,10.616,0,12.83
Indiana,1986,10,6,16.253,7.047,0,15.39
Indiana,1986,10,7,16.827,4.684,0,17.19
Indiana,1986,10,8,21.735,11.561,0,16.27
Indiana,1986,10,9,18.316,11.587,3.79914939403037,8.03
Indiana,1986,10,10,14.75,6.311,0,16.38
Indiana,1986,10,11,21.146,8.173,0,14.49
Indiana,1986,10,12,18.204,14.183,13.2071524858475,1.43
Indiana,1986,10,13,13.089,8.015,4.16941344737509,4.01
Indiana,1986,10,14,8.096,4.323,0,8.09
Indiana,1986,10,15,13.091,2.953,0,13.79
Indiana,1986,10,16,14.575,3.476,0,10
Indiana,1986,10,17,12.315,5.443,0,12.03
Indiana,1986,10,18,14.479,4.67,0,15.01
Indiana,1986,10,19,16.385,3.478,0,15.17
Indiana,1986,10,20,18.775,3.931,0,12.94
Indiana,1986,10,21,22.701,11.067,0,13.19
Indiana,1986,10,22,21.363,9.461,0,9.98
Indiana,1986,10,23,17.64,12.921,1.24985873698691,4.82
Indiana,1986,10,24,16.125,13.4,5.29277324676514,2.13
Indiana,1986,10,25,14.224,10.791,13.5998725891113,1.66
Indiana,1986,10,26,15.171,12.192,2.39927172651733,6.8
Indiana,1986,10,27,13.933,10.505,0,3.86
Indiana,1986,10,28,19.088,7.111,0,13.33
Indiana,1986,10,29,16.312,11.156,0,7.19
Indiana,1986,10,30,13.332,7.899,0,12.43
Indiana,1986,10,31,18.483,6.224,0,13
Indiana,1986,11,1,19.327,11.803,0,9.98
Indiana,1986,11,2,13.934,6.651,0,10.59
Indiana,1986,11,3,7.017,-0.688,2.31906244931679,1.09
Indiana,1986,11,4,8.21,4.823,4.51077962873114,3.15
Indiana,1986,11,5,11.055,4.587,2.15378250851472,7.25
Indiana,1986,11,6,11.785,6.258,0,8.41
Indiana,1986,11,7,16.608,9.777,0,6.9
Indiana,1986,11,8,18.471,13.275,3.6524713038375,8.83
Indiana,1986,11,9,12.943,3.024,2.82692909240723,12.22
Indiana,1986,11,10,6.084,-4.205,0,11.74
Indiana,1986,11,11,4.441,-0.079,4.23669219016531,8.52
Indiana,1986,11,12,2.013,-3.791,0,6.25
Indiana,1986,11,13,-3.361,-12.369,0,12.46
Indiana,1986,11,14,0.046,-10.717,0,11.48
Indiana,1986,11,15,3.718,-1.339,0,6.95
Indiana,1986,11,16,8.538,-1.829,0,10.76
Indiana,1986,11,17,10.256,-2.116,0,10.07
Indiana,1986,11,18,6.685,1.214,7.23778307434486,1.55
Indiana,1986,11,19,3.346,-5.024,0,10.06
Indiana,1986,11,20,5.18,1.923,8.91675781093682,1.66
Indiana,1986,11,21,3.671,-0.209,0,6.85
Indiana,1986,11,22,9.418,-1.546,0,10.31
Indiana,1986,11,23,8.018,2.968,1.65023833687883,1.22
Indiana,1986,11,24,4.525,-1.506,0,8.88
Indiana,1986,11,25,11.036,-2.551,0,8.82
Indiana,1986,11,26,7.834,4.995,39.3167823540352,1.35
Indiana,1986,11,27,6.861,1.397,0,7.69
Indiana,1986,11,28,7.283,-2.039,0,9.48
Indiana,1986,11,29,8.287,-2.441,0,9.65
Indiana,1986,11,30,7.447,-0.012,0,7.12
Indiana,1986,12,1,4.312,2.163,10.0348621606372,1.7
Indiana,1986,12,2,8.065,3.697,9.08840596673599,1.18
Indiana,1986,12,3,7.32,1.182,1.27120316028595,3.94
Indiana,1986,12,4,1.973,-0.798,0,3.5
Indiana,1986,12,5,0.236,-6.157,0,9.51
Indiana,1986,12,6,3.674,-3.81,0,2.91
Indiana,1986,12,7,6.56,1.704,2.12828218936423,3.08
Indiana,1986,12,8,6.343,3.923,6.17500611878086,0.7
Indiana,1986,12,9,6.868,2.273,6.62205949356576,1
Indiana,1986,12,10,1.686,-8.31,0,9.53
Indiana,1986,12,11,1.027,-8.666,0,9.1
Indiana,1986,12,12,-0.283,-6.95,0,9.42
Indiana,1986,12,13,-3.571,-12.959,0,9.36
Indiana,1986,12,14,5.855,-6.277,0,8.44
Indiana,1986,12,15,7.141,-2.837,0,8.61
Indiana,1986,12,16,6.595,0.366,0,2.59
Indiana,1986,12,17,5.372,1.917,1.34885907169746,1.08
Indiana,1986,12,18,4.629,-0.877,1.4515846966674,4.28
Indiana,1986,12,19,3.538,-2.417,0,7.91
Indiana,1986,12,20,5.104,-4.025,0,7.55
Indiana,1986,12,21,2.578,-1.595,0,5.24
Indiana,1986,12,22,2.822,-2.344,0,6.81
Indiana,1986,12,23,4.16,-3.995,0,8.04
Indiana,1986,12,24,1.307,-3.058,2.17218995089752,1.01
Indiana,1986,12,25,1.78,-2.105,0,5.25
Indiana,1986,12,26,-0.211,-2.222,0,3.1
Indiana,1986,12,27,0.247,-2.136,0,4.18
Indiana,1986,12,28,2.913,-3.761,0,8.84
Indiana,1986,12,29,4.727,-3.559,0,7.62
Indiana,1986,12,30,2.897,-0.659,2.55140066146353,3.24
Indiana,1986,12,31,2.167,-1.099,0,5.19
Indiana,1987,1,1,2.206,-2.829,0,4.47
Indiana,1987,1,2,2.837,-2.355,1.38829454175493,6.42
Indiana,1987,1,3,2.268,-2.437,0,5.34
Indiana,1987,1,4,2.843,-1.939,0,6.44
Indiana,1987,1,5,4.217,-4.661,0,9.34
Indiana,1987,1,6,9.355,0.129,0,8.55
Indiana,1987,1,7,7.2,1.58,0,4.11
Indiana,1987,1,8,2.077,-1.601,0,3.69
Indiana,1987,1,9,-0.582,-3.274,8.2020193337371,2.5
Indiana,1987,1,10,0.247,-2.835,9.87941622730659,4.64
Indiana,1987,1,11,0.161,-4.45,2.00618803495445,8.58
Indiana,1987,1,12,0.094,-4.352,0,10.32
Indiana,1987,1,13,2.887,-10.739,0,10.33
Indiana,1987,1,14,5.328,1.961,0,3.97
Indiana,1987,1,15,5.396,1.713,0,3.48
Indiana,1987,1,16,1.048,-4.384,0,8.95
Indiana,1987,1,17,0.541,-5.209,0,4.83
Indiana,1987,1,18,-0.512,-3.153,7.67318904399872,6.26
Indiana,1987,1,19,-2.334,-4.897,18.107346836473,5.18
Indiana,1987,1,20,-5.82,-10.2,0,10.23
Indiana,1987,1,21,-2.639,-13.992,0,11.74
Indiana,1987,1,22,-2.588,-6.056,0,6.22
Indiana,1987,1,23,-6.995,-20.327,0,12.61
Indiana,1987,1,24,-17.411,-25.101,0,12.23
Indiana,1987,1,25,-15.03,-25.639,0,12.41
Indiana,1987,1,26,-13.012,-21.278,0,12.25
Indiana,1987,1,27,-6.606,-18.909,2.40631699551841,6.81
Indiana,1987,1,28,-2.046,-6.742,0,9.41
Indiana,1987,1,29,3.894,-6.378,4.09580767154694,3.38
Indiana,1987,1,30,4.312,-0.49,1.54836475843467,7.56
Indiana,1987,1,31,0.068,-7.33,0,12.02
Indiana,1987,2,1,4.657,-1.357,0,5.56
Indiana,1987,2,2,8.843,-5.225,0,12.05
Indiana,1987,2,3,4.905,-0.767,0,6.53
Indiana,1987,2,4,3.876,-4.563,0,13.09
Indiana,1987,2,5,3.763,-5.951,0,7.9
Indiana,1987,2,6,8.041,-3.254,0,13.01
Indiana,1987,2,7,10.444,-2.853,0,13.05
Indiana,1987,2,8,6.131,-5.334,0,6.72
Indiana,1987,2,9,0.992,-7.049,0,13.41
Indiana,1987,2,10,7.424,-3.62,0,13.7
Indiana,1987,2,11,11.378,-2.546,0,13.29
Indiana,1987,2,12,7.366,1.596,0,11.66
Indiana,1987,2,13,6.177,-4.683,0,14.38
Indiana,1987,2,14,7.195,-0.319,0,6.95
Indiana,1987,2,15,3.852,-7.462,0,11.46
Indiana,1987,2,16,-1.429,-9.735,0,10.61
Indiana,1987,2,17,-1.588,-5.964,1.75153315058196,4.61
Indiana,1987,2,18,3.324,-7.113,0,15.87
Indiana,1987,2,19,5.793,-6.298,0,15.21
Indiana,1987,2,20,7.426,-3.502,0,13.47
Indiana,1987,2,21,6.926,0.191,0,7.6
Indiana,1987,2,22,8.127,-1.353,0,11.25
Indiana,1987,2,23,6.656,-3.526,0,15.75
Indiana,1987,2,24,6.896,-2.95,0,12.89
Indiana,1987,2,25,8.491,-1.944,0,13.07
Indiana,1987,2,26,7.356,-2.032,0,11.15
Indiana,1987,2,27,6.089,1.207,5.05911707877971,1.97
Indiana,1987,2,28,8.49,4.024,19.1265523432662,2.38
Indiana,1987,3,1,10.811,3.892,15.4196219427831,4.33
Indiana,1987,3,2,10.552,-0.47,0,17.44
Indiana,1987,3,3,8.14,-1.788,0,18.06
Indiana,1987,3,4,9.102,-4.011,0,16.48
Indiana,1987,3,5,13.104,4.003,2.51821279522346,13.51
Indiana,1987,3,6,17.898,1.101,0,17.87
Indiana,1987,3,7,20.816,6.029,0,18.31
Indiana,1987,3,8,20.181,4.629,0,18.02
Indiana,1987,3,9,15.489,-0.593,0,6.76
Indiana,1987,3,10,-0.109,-8.49,0,17.66
Indiana,1987,3,11,2.062,-7.272,0,14.91
Indiana,1987,3,12,4.556,-5.634,0,15.18
Indiana,1987,3,13,6.371,-2.534,0,8.93
Indiana,1987,3,14,15.566,3.953,0,16.09
Indiana,1987,3,15,9.811,0.654,6.5352588890164,6.02
Indiana,1987,3,16,9.054,-2.043,1.08972686115294,19.94
Indiana,1987,3,17,10.678,-2.569,0,20.93
Indiana,1987,3,18,10.221,2.535,3.41365998389165,5.96
Indiana,1987,3,19,14.462,4.437,6.94306492795249,13.4
Indiana,1987,3,20,13.461,-1.529,0,21.35
Indiana,1987,3,21,13.763,-1.366,0,20.21
Indiana,1987,3,22,14.971,1.219,0,20.91
Indiana,1987,3,23,18.974,3.401,0,21.54
Indiana,1987,3,24,17.746,8.403,0,11.84
Indiana,1987,3,25,12.098,6.386,2.74381712404193,13.92
Indiana,1987,3,26,12.799,4.853,0,9.59
Indiana,1987,3,27,12.312,5.651,1.6956403524091,8.72
Indiana,1987,3,28,14.043,6.179,0,11.75
Indiana,1987,3,29,17.788,9.079,2.77568399900474,11.91
Indiana,1987,3,30,10.174,-1.076,4.28366661071777,9.13
Indiana,1987,3,31,3.143,-3.433,0,16.98
Indiana,1987,4,1,12.438,-0.89,1.60673260683097,14.31
Indiana,1987,4,2,7.041,-2.866,2.57127111751743,17.45
Indiana,1987,4,3,4.515,-5.28,0,17.43
Indiana,1987,4,4,6.213,-3.604,0,21.79
Indiana,1987,4,5,10.788,1.661,0,13.94
Indiana,1987,4,6,11.57,4.99,0,6.86
Indiana,1987,4,7,17.945,3.934,0,23.66
Indiana,1987,4,8,15.647,0.911,0,24.77
Indiana,1987,4,9,17.091,-1.21,0,24.96
Indiana,1987,4,10,21.088,3.589,0,24.5
Indiana,1987,4,11,17.172,6.917,14.4423971707965,19.67
Indiana,1987,4,12,13.727,5.557,6.28457069393562,13.44
Indiana,1987,4,13,13.955,4.836,2.72835791110992,8.54
Indiana,1987,4,14,20.458,11.661,19.4070518015792,7.27
Indiana,1987,4,15,16.311,7.851,0,17.94
Indiana,1987,4,16,14.548,7.085,1.7061917551473,3.65
Indiana,1987,4,17,19.613,6.678,0,19.27
Indiana,1987,4,18,21.576,8.022,0,18.63
Indiana,1987,4,19,23.6,8.381,0,25.35
Indiana,1987,4,20,26.121,10.926,0,25.72
Indiana,1987,4,21,27.312,12.609,0,23.48
Indiana,1987,4,22,23.207,12.23,5.59376825719937,14.54
Indiana,1987,4,23,15.779,6.686,2.10215449322959,20.5
Indiana,1987,4,24,16.524,6.949,0,21.82
Indiana,1987,4,25,17.166,3.692,0,26.41
Indiana,1987,4,26,19.51,4.635,0,26.93
Indiana,1987,4,27,20.578,9.17,1.89750813547107,19.32
Indiana,1987,4,28,16.737,4.478,0,27.77
Indiana,1987,4,29,27.385,9.044,0,27.07
Indiana,1987,4,30,24.356,6.374,0,28.02
Indiana,1987,5,1,20.23,3.393,0,25.12
Indiana,1987,5,2,24.121,10.571,0,21.03
Indiana,1987,5,3,20.791,12.104,0,18.67
Indiana,1987,5,4,17.645,6.813,0,28.65
Indiana,1987,5,5,19.065,4.953,0,28.65
Indiana,1987,5,6,22.166,7.258,0,27.21
Indiana,1987,5,7,21.337,10.615,0,25.34
Indiana,1987,5,8,22.626,9.057,0,28.44
Indiana,1987,5,9,27.135,10.332,0,28.66
Indiana,1987,5,10,28.848,16.633,0,24.86
Indiana,1987,5,11,28.697,18.687,0,22.97
Indiana,1987,5,12,25.882,13.383,2.15137569597346,25.16
Indiana,1987,5,13,25.457,9.849,0,23.06
Indiana,1987,5,14,31.202,17.473,1.13021539692681,24.39
Indiana,1987,5,15,24.251,14.38,0,28.94
Indiana,1987,5,16,25.755,10.541,0,29.07
Indiana,1987,5,17,30.226,13.778,0,26.28
Indiana,1987,5,18,27.641,18.894,15.9793889470166,14.71
Indiana,1987,5,19,28.081,18.398,3.00533644787038,18.67
Indiana,1987,5,20,29.699,19.095,1.38536428761427,18.41
Indiana,1987,5,21,31.501,21.395,0,24.96
Indiana,1987,5,22,26.528,19.004,3.99031043042442,18.93
Indiana,1987,5,23,24.183,12.944,0,26.31
Indiana,1987,5,24,22.508,8.649,0,28.24
Indiana,1987,5,25,25.583,15.816,18.0577039718628,11.7
Indiana,1987,5,26,28.424,19.377,3.20749282832367,23.9
Indiana,1987,5,27,30.374,19.833,0,26.88
Indiana,1987,5,28,30.313,20.69,0,24.73
Indiana,1987,5,29,31.033,20.313,0,24.96
Indiana,1987,5,30,29.678,21.02,1.67880952352562,20.21
Indiana,1987,5,31,28.857,19.353,3.10973988462138,23.24
Indiana,1987,6,1,28.901,20.455,0,22.64
Indiana,1987,6,2,29.024,20.727,12.5007875622778,18.15
Indiana,1987,6,3,25.11,19.533,16.0026507156772,28.06
Indiana,1987,6,4,22.795,14.13,0,29.08
Indiana,1987,6,5,26.512,10.274,0,29.55
Indiana,1987,6,6,28.361,15.833,0,29.86
Indiana,1987,6,7,30.551,17.77,0,29.8
Indiana,1987,6,8,31.303,20.312,0,28.05
Indiana,1987,6,9,29.157,17.753,2.30255435207027,24.52
Indiana,1987,6,10,24.432,11.299,0,29
Indiana,1987,6,11,29.29,16.671,1.39799416058395,21.07
Indiana,1987,6,12,30.046,20.96,7.92160763313632,17.96
Indiana,1987,6,13,31.557,18.786,0,25.77
Indiana,1987,6,14,33.47,19.356,0,26.75
Indiana,1987,6,15,33.338,22.443,2.39819288253784,24.37
Indiana,1987,6,16,31.593,21.321,0,27.87
Indiana,1987,6,17,32.773,17.249,0,29.73
Indiana,1987,6,18,32.715,19.674,0,27.79
Indiana,1987,6,19,30.676,18.483,3.23070240909828,18.51
Indiana,1987,6,20,27.714,21.559,6.58031462330655,13.79
Indiana,1987,6,21,27.821,21.832,16.1068439482506,17.27
Indiana,1987,6,22,27.072,20.195,1.9653528928707,15.85
Indiana,1987,6,23,29.008,17.83,0,27.56
Indiana,1987,6,24,29.926,18.73,0,28.56
Indiana,1987,6,25,29.521,18.383,3.58041524879127,24.41
Indiana,1987,6,26,25.565,17.688,1.08311176290954,26.64
Indiana,1987,6,27,23.01,15.314,0,23.07
Indiana,1987,6,28,27.249,14.043,0,28.23
Indiana,1987,6,29,30.13,19.41,5.13592384800177,23.62
Indiana,1987,6,30,25.343,20.235,23.7073720917351,13.05
Indiana,1987,7,1,23.595,19.211,25.0636041164398,8.65
Indiana,1987,7,2,25.87,18.862,0,17.19
Indiana,1987,7,3,28.832,19.475,0,24.45
Indiana,1987,7,4,27.533,18.577,0,24.52
Indiana,1987,7,5,27.238,20.556,13.5790705680847,17.11
Indiana,1987,7,6,28.134,22.014,1.18360285279095,10.66
Indiana,1987,7,7,29.064,21.206,13.4372770785944,14.38
Indiana,1987,7,8,29.49,22.142,8.3885252474829,19.42
Indiana,1987,7,9,29.261,22.182,10.461300611496,21.86
Indiana,1987,7,10,30.355,21.893,0,26.03
Indiana,1987,7,11,30.466,23.146,0,23.48
Indiana,1987,7,12,30.45,23.826,0,24.12
Indiana,1987,7,13,26.913,20.635,9.74876880633246,17.43
Indiana,1987,7,14,21.55,16.846,2.28403210633132,20.95
Indiana,1987,7,15,21.335,13.898,8.71702100408811,11.64
Indiana,1987,7,16,23.936,13.565,0,25.82
Indiana,1987,7,17,29.283,16.558,0,28.15
Indiana,1987,7,18,29.941,20.019,0,26
Indiana,1987,7,19,30.682,22.442,0,25.12
Indiana,1987,7,20,31.505,22.814,1.61248445510864,25.97
Indiana,1987,7,21,31.58,21.749,0,26.14
Indiana,1987,7,22,30.724,20.171,0,25.86
Indiana,1987,7,23,31.383,20.585,0,26.65
Indiana,1987,7,24,31.246,22.707,0,24.39
Indiana,1987,7,25,31.559,23.496,0,22.86
Indiana,1987,7,26,31.161,24.063,12.2578290242927,19.26
Indiana,1987,7,27,27.363,20.453,0,16.92
Indiana,1987,7,28,28.239,18.474,0,24.57
Indiana,1987,7,29,31.237,20.23,1.09731489129672,23
Indiana,1987,7,30,30.249,21.184,28.3841145112547,19.3
Indiana,1987,7,31,30.593,21.926,3.74277168555182,21.49
Indiana,1987,8,1,29.768,22.585,3.29092292383848,17.73
Indiana,1987,8,2,33.689,24.899,1.67267918586234,23.41
Indiana,1987,8,3,31.933,23.252,0,26.67
Indiana,1987,8,4,30.25,22.906,2.96794474121498,12.62
Indiana,1987,8,5,25.583,18.394,0,13.51
Indiana,1987,8,6,27.172,16.673,0,23.05
Indiana,1987,8,7,29.602,18.527,0,25.84
Indiana,1987,8,8,28.63,21.305,0,12.94
Indiana,1987,8,9,27.923,22.695,14.6332114934467,20.59
Indiana,1987,8,10,26.137,19.142,0,16.37
Indiana,1987,8,11,26.664,17.251,0,23.26
Indiana,1987,8,12,28.274,17.323,0,24.46
Indiana,1987,8,13,31.068,18.508,0,24.24
Indiana,1987,8,14,30.904,24.086,3.76834199500919,19.3
Indiana,1987,8,15,31.955,24.807,0,22.35
Indiana,1987,8,16,32.315,24.405,0,22.13
Indiana,1987,8,17,30.261,24.032,3.66334915150901,22.01
Indiana,1987,8,18,30.271,18.247,0,24.33
Indiana,1987,8,19,28.109,18.177,0,25.73
Indiana,1987,8,20,29.504,17.21,0,23.82
Indiana,1987,8,21,31.503,20.43,21.4450657367706,13.7
Indiana,1987,8,22,30.281,22.57,1.41554474830485,13.46
Indiana,1987,8,23,22.285,15.413,0,20.96
Indiana,1987,8,24,21.75,11.858,0,21.29
Indiana,1987,8,25,20.45,15.14,11.8371922017104,4.04
Indiana,1987,8,26,29.533,15.774,14.4051253791986,17.86
Indiana,1987,8,27,27.783,19.619,17.0615017414093,6.34
Indiana,1987,8,28,20.991,16.995,1.44021213054657,10.74
Indiana,1987,8,29,23.147,12.136,0,19.1
Indiana,1987,8,30,25.686,15.36,0,20.44
Indiana,1987,8,31,23.076,16.224,1.87790393829346,23.11
Indiana,1987,9,1,21.428,10.545,0,24.17
Indiana,1987,9,2,22.721,15.101,0,20.02
Indiana,1987,9,3,23.489,11.652,0,23.62
Indiana,1987,9,4,27.861,13.312,0,22.54
Indiana,1987,9,5,28.88,17.636,0,17.39
Indiana,1987,9,6,29.601,18.232,0,19.5
Indiana,1987,9,7,29.501,19.445,0,18.44
Indiana,1987,9,8,26.451,19.399,2.95130409847388,12.66
Indiana,1987,9,9,25.779,15.723,0,17.46
Indiana,1987,9,10,28.777,16.813,0,17.94
Indiana,1987,9,11,26.235,18.805,1.66930258274078,15.1
Indiana,1987,9,12,28.125,18.017,0,18.27
Indiana,1987,9,13,25.414,13.377,0,19.84
Indiana,1987,9,14,27.459,15.749,0,19.64
Indiana,1987,9,15,27.269,19.826,5.33908605575562,7.87
Indiana,1987,9,16,24.711,19.975,13.8036668299719,7.61
Indiana,1987,9,17,24.31,19.355,5.4677426815033,11.88
Indiana,1987,9,18,22.89,18.283,1.30923390383941,8.57
Indiana,1987,9,19,22.402,13.085,0,18.97
Indiana,1987,9,20,19.749,12.082,0,15.61
Indiana,1987,9,21,17.448,10.233,0,10.75
Indiana,1987,9,22,18.547,12.494,2.72317230701447,9.38
Indiana,1987,9,23,20.829,10.67,0,16.04
Indiana,1987,9,24,23.951,11.519,0,19.05
Indiana,1987,9,25,20.841,9.486,0,19.77
Indiana,1987,9,26,26.117,8.701,0,19.6
Indiana,1987,9,27,28.556,17.345,0,16.44
Indiana,1987,9,28,27.021,18.324,0,11.32
Indiana,1987,9,29,23.436,17.671,32.1862870024461,15.57
Indiana,1987,9,30,19.44,12.836,0,16.39
Indiana,1987,10,1,19.517,6.319,0,18.34
Indiana,1987,10,2,18.617,9.702,0,13.96
Indiana,1987,10,3,11.048,4.541,1.22727453708649,12.72
Indiana,1987,10,4,16.891,2.105,0,18.12
Indiana,1987,10,5,18.518,9.527,1.29778981198569,10.82
Indiana,1987,10,6,13.806,9.157,2.18525619209231,7.29
Indiana,1987,10,7,9.016,5.454,1.84308886527518,5.21
Indiana,1987,10,8,12.802,2.124,0,16.76
Indiana,1987,10,9,19.342,7.825,2.05630223393882,14.68
Indiana,1987,10,10,13.646,6.212,4.55493970218868,3.62
Indiana,1987,10,11,9.729,6.463,1.61435008038779,8.53
Indiana,1987,10,12,11.284,-1.146,0,16.82
Indiana,1987,10,13,15.01,0.847,0,16.49
Indiana,1987,10,14,17.906,5.017,0,15.14
Indiana,1987,10,15,21.34,6.971,0,15.63
Indiana,1987,10,16,21.917,9.056,0,14.32
Indiana,1987,10,17,18.161,9.967,5.49885630607605,9.5
Indiana,1987,10,18,18.524,4.629,0,15.27
Indiana,1987,10,19,16.419,7.733,1.34437786971375,9.45
Indiana,1987,10,20,12.787,7.174,3.57471406454124,9.38
Indiana,1987,10,21,7.685,0.715,0,10.08
Indiana,1987,10,22,11.103,-0.281,1.82134593632099,6.93
Indiana,1987,10,23,13.556,4.496,0,14.41
Indiana,1987,10,24,11.376,5.641,8.22314620018005,3.08
Indiana,1987,10,25,11.436,-1.206,0,14.53
Indiana,1987,10,26,14.064,3.445,0,4.95
Indiana,1987,10,27,11.667,4.405,11.675050854592,13.64
Indiana,1987,10,28,8.865,0.916,0,10.2
Indiana,1987,10,29,12.697,3.496,0,10.73
Indiana,1987,10,30,19.549,2.847,0,13.09
Indiana,1987,10,31,20.869,6.129,0,10.98
Indiana,1987,11,1,20.135,13.479,0,8.05
Indiana,1987,11,2,21.075,14.089,0,6.4
Indiana,1987,11,3,23.855,14.231,0,12.31
Indiana,1987,11,4,22.024,15.272,0,10.62
Indiana,1987,11,5,17.563,6.472,0,13.06
Indiana,1987,11,6,9.813,0.072,0,10.08
Indiana,1987,11,7,10.75,6.431,3.13115119928398,4.69
Indiana,1987,11,8,15.803,9.786,2.74724960326012,6.92
Indiana,1987,11,9,12.218,4.747,1.78255438794395,6.38
Indiana,1987,11,10,4.829,-0.762,0,10.22
Indiana,1987,11,11,5.361,-3.767,0,10.83
Indiana,1987,11,12,12.161,-0.611,0,11.65
Indiana,1987,11,13,15.836,4.215,0,10.04
Indiana,1987,11,14,16.434,4.243,0,10.62
Indiana,1987,11,15,17.93,4.451,0,10.16
Indiana,1987,11,16,16.915,12.051,1.67521834373474,3.54
Indiana,1987,11,17,16.854,10.642,7.7588975428462,6.26
Indiana,1987,11,18,9.254,4.119,0,5.55
Indiana,1987,11,19,9.384,-1.358,0,9.15
Indiana,1987,11,20,5.631,-2.329,0,8.9
Indiana,1987,11,21,1.277,-6.218,0,10.65
Indiana,1987,11,22,10.355,-2.666,0,10.54
Indiana,1987,11,23,14.771,6.907,0,6.46
Indiana,1987,11,24,9.173,0.725,1.43682540891632,4.73
Indiana,1987,11,25,9.373,5.841,46.147349476712,0.81
Indiana,1987,11,26,5.955,2.24,0,2.43
Indiana,1987,11,27,8.617,3.793,2.35863029956818,2.87
Indiana,1987,11,28,13.416,8.164,15.8459395170212,2.35
Indiana,1987,11,29,8.977,2.346,4.04764413822889,3.04
Indiana,1987,11,30,5.536,1.407,0,2.25
Indiana,1987,12,1,3.72,-0.2,4.98706400389892,3.91
Indiana,1987,12,2,2.378,-4.657,0,7.8
Indiana,1987,12,3,5.638,0.194,3.7220180033728,2.84
Indiana,1987,12,4,2.273,-2.756,1.5181303024292,6.86
Indiana,1987,12,5,1.896,-5.506,0,8.69
Indiana,1987,12,6,2.93,-4.545,0,3.93
Indiana,1987,12,7,6.163,0.758,13.3534550665786,2.3
Indiana,1987,12,8,11.596,5.935,8.71339440254815,3.34
Indiana,1987,12,9,12.182,7.036,5.34729361487507,2.96
Indiana,1987,12,10,6.314,0.694,0,5.94
Indiana,1987,12,11,7.647,0.932,2.27856636035995,2.7
Indiana,1987,12,12,6.876,2.646,0,4.67
Indiana,1987,12,13,3.827,-2.962,0,7.79
Indiana,1987,12,14,3.13,-4.215,3.97203862667084,4.8
Indiana,1987,12,15,6.834,-2.518,30.5917173623129,3.91
Indiana,1987,12,16,-2.875,-4.818,0,6.73
Indiana,1987,12,17,-3.279,-6.763,0,8.53
Indiana,1987,12,18,1.284,-7.484,0,7.95
Indiana,1987,12,19,2.928,-0.353,6.06809258459862,0.81
Indiana,1987,12,20,10.203,0.423,20.945572852952,3.15
Indiana,1987,12,21,5.036,-4.242,0,9.15
Indiana,1987,12,22,6.204,-1.091,1.27537742366712,4.41
Indiana,1987,12,23,7.021,-2.05,0,8.25
Indiana,1987,12,24,10.173,3.179,0,1.55
Indiana,1987,12,25,10.419,0.796,11.8913182496385,2.56
Indiana,1987,12,26,1.795,-0.071,4.89354872786407,2.86
Indiana,1987,12,27,2.059,-1.545,1.8440693616526,2.42
Indiana,1987,12,28,2.737,0.211,19.5053383707773,1.69
Indiana,1987,12,29,0.627,-2.302,2.04300135374069,4.8
Indiana,1987,12,30,2.26,-5.26,0,8.34
Indiana,1987,12,31,4.154,-2.829,0,3.44
Indiana,1988,1,1,-3.732,-11.828,0,9.67
Indiana,1988,1,2,-2.361,-11.496,0,9.72
Indiana,1988,1,3,0.601,-7.112,0,7.7
Indiana,1988,1,4,-1.817,-12.642,0,8.77
Indiana,1988,1,5,-13.481,-20.279,0,10.06
Indiana,1988,1,6,-13.434,-21.169,0,10.11
Indiana,1988,1,7,-8.295,-16.121,0,4.58
Indiana,1988,1,8,-5.454,-13.479,0,9.58
Indiana,1988,1,9,-7.183,-13.598,0,9.44
Indiana,1988,1,10,-6.78,-17.693,0,10.47
Indiana,1988,1,11,2.735,-10.321,0,9.45
Indiana,1988,1,12,5.305,-0.703,0,3.61
Indiana,1988,1,13,4.251,-9.386,0,10.23
Indiana,1988,1,14,-4.811,-14.02,0,6.71
Indiana,1988,1,15,3.756,-6.626,0,10.28
Indiana,1988,1,16,9.599,-0.356,0,10.27
Indiana,1988,1,17,8.406,3.601,14.9283200502346,0.96
Indiana,1988,1,18,5.428,0.667,1.04459335915408,7.47
Indiana,1988,1,19,5.149,-0.144,9.57809016381361,1.71
Indiana,1988,1,20,10.816,1.397,4.12345878589804,1.95
Indiana,1988,1,21,0.848,-2.743,0,4.79
Indiana,1988,1,22,-0.229,-3.115,0,4.22
Indiana,1988,1,23,0.216,-4.721,0,6.16
Indiana,1988,1,24,2.166,-4.175,1.62774044196112,7.88
Indiana,1988,1,25,-3.112,-11.689,1.42754912366172,8.38
Indiana,1988,1,26,-5.877,-13.331,0,7.51
Indiana,1988,1,27,-4.385,-15.183,0,12.09
Indiana,1988,1,28,0.549,-8.056,0,12.04
Indiana,1988,1,29,10.992,-2.866,0,10.59
Indiana,1988,1,30,13.719,8.038,0,7.47
Indiana,1988,1,31,11.852,10.327,7.679158449168,1.64
Indiana,1988,2,1,10.924,1.366,4.79834694243664,1.91
Indiana,1988,2,2,0.99,-2.616,1.92390375354989,6.4
Indiana,1988,2,3,-0.041,-2.844,5.64460010423318,3.28
Indiana,1988,2,4,-2.472,-10.095,5.07670938958427,12.78
Indiana,1988,2,5,-10.656,-19.317,0,14.21
Indiana,1988,2,6,-15.969,-21.696,0,14.25
Indiana,1988,2,7,-3.253,-19.733,0,8.92
Indiana,1988,2,8,-3,-15.146,0,12.11
Indiana,1988,2,9,-1.195,-6.373,0,12.79
Indiana,1988,2,10,-3.281,-12.095,1.08040245390839,9.67
Indiana,1988,2,11,-4.724,-8.594,10.422870516777,7.11
Indiana,1988,2,12,-8.372,-19.186,0,15.54
Indiana,1988,2,13,-12.048,-22.793,0,15.72
Indiana,1988,2,14,6.282,-15.846,0,12.03
Indiana,1988,2,15,7.304,-3.609,3.19878160945564,6.9
Indiana,1988,2,16,6.205,-7.291,0,12.37
Indiana,1988,2,17,6.97,-4.575,0,12.29
Indiana,1988,2,18,7.455,-6.653,0,15.29
Indiana,1988,2,19,1.551,-1.586,12.6803517341614,2.31
Indiana,1988,2,20,0.666,-3.257,2.59306430808692,11.59
Indiana,1988,2,21,-0.568,-12.718,0,16.57
Indiana,1988,2,22,15.012,-1.927,0,14.01
Indiana,1988,2,23,8.772,-2.999,0,15.17
Indiana,1988,2,24,0,-6.333,0,13.71
Indiana,1988,2,25,-0.196,-7.962,0,15.48
Indiana,1988,2,26,11.74,-6.511,0,16.63
Indiana,1988,2,27,7.41,-2.033,0,17.14
Indiana,1988,2,28,8.082,-5.663,0,17.08
Indiana,1988,2,29,8.21,-2.359,0,15.04
Indiana,1988,3,1,11.284,-4.542,0,17.44
Indiana,1988,3,2,9.081,3.282,3.83393764485618,6.96
Indiana,1988,3,3,2.188,-3.579,14.1031205653235,4.01
Indiana,1988,3,4,-1.196,-5.677,1.68545446342705,16.13
Indiana,1988,3,5,-0.553,-13.35,0,19.76
Indiana,1988,3,6,2.897,-11.058,0,17.81
Indiana,1988,3,7,11.982,-3.502,0,18.51
Indiana,1988,3,8,18.079,4.584,0,15.71
Indiana,1988,3,9,14.335,4.282,5.19225895396858,10.98
Indiana,1988,3,10,8.9,-3.34,0,19.2
Indiana,1988,3,11,15.36,0.1,0,19.08
Indiana,1988,3,12,13.771,8.341,9.69501629788283,14.46
Indiana,1988,3,13,7.63,-3.971,0,9.62
Indiana,1988,3,14,-0.891,-6.385,1.26108232052502,12.91
Indiana,1988,3,15,-1.895,-6.864,0,12.82
Indiana,1988,3,16,2.569,-3.666,0,10.92
Indiana,1988,3,17,5.667,-4.433,0,16.36
Indiana,1988,3,18,5.519,-1.626,1.4042496680986,14.7
Indiana,1988,3,19,5.639,-4.761,0,17.34
Indiana,1988,3,20,3.948,-5.172,0,18.06
Indiana,1988,3,21,4.578,-5.283,0,21.52
Indiana,1988,3,22,15.658,-3.014,0,21.35
Indiana,1988,3,23,21.337,11.656,1.5477664694572,18.5
Indiana,1988,3,24,20.903,11.46,12.701228260994,15.21
Indiana,1988,3,25,19.129,9.022,8.96045565605164,20.17
Indiana,1988,3,26,14.292,5.455,0,18.88
Indiana,1988,3,27,9.794,-2.546,0,22.79
Indiana,1988,3,28,16.829,3.36,2.34709978093406,10.02
Indiana,1988,3,29,18.4,12.677,7.97802507867118,8.24
Indiana,1988,3,30,14.891,0.099,8.91003310670158,23.33
Indiana,1988,3,31,11.814,2.064,1.8780678509529,8
Indiana,1988,4,1,12.362,6.72,1.19005441655418,4.61
Indiana,1988,4,2,18.413,10.657,6.02047145366669,5.09
Indiana,1988,4,3,17.965,14.414,16.3700848817712,12.24
Indiana,1988,4,4,19.593,5.824,0,18.32
Indiana,1988,4,5,26.027,12.603,0,23.17
Indiana,1988,4,6,23.167,4.64,37.819280841461,4.13
Indiana,1988,4,7,13.862,4.706,1.19342236808961,24.59
Indiana,1988,4,8,16.776,2.402,0,24.39
Indiana,1988,4,9,17.408,3.54,0,24.12
Indiana,1988,4,10,17.34,3.745,0,22.29
Indiana,1988,4,11,16.955,6.137,0,23.4
Indiana,1988,4,12,17.901,5.897,0,24.72
Indiana,1988,4,13,18.468,2.766,0,24.51
Indiana,1988,4,14,16.058,9.389,0,23.6
Indiana,1988,4,15,11.135,1.427,0,19.66
Indiana,1988,4,16,13.908,-0.661,0,25.8
Indiana,1988,4,17,20.463,5.355,0,26.08
Indiana,1988,4,18,19.108,3.626,5.08803427209159,22.62
Indiana,1988,4,19,11.038,-2.016,0,25.1
Indiana,1988,4,20,16.927,1.56,2.10266113271018,16.81
Indiana,1988,4,21,12.739,1.067,0,17.41
Indiana,1988,4,22,15.276,5.528,4.77066934098502,13.81
Indiana,1988,4,23,16.623,10.903,8.24480175128883,23.36
Indiana,1988,4,24,11.68,4.13,0,18.76
Indiana,1988,4,25,16.467,1.603,0,26.39
Indiana,1988,4,26,19.927,5.556,0,22.51
Indiana,1988,4,27,17.61,4.707,3.33002209663391,9.82
Indiana,1988,4,28,13.665,2.851,1.49033215166128,22.98
Indiana,1988,4,29,16.387,2.35,0,28.43
Indiana,1988,4,30,19.777,1.896,0,27.89
Indiana,1988,5,1,20.779,2.337,0,28.58
Indiana,1988,5,2,21.204,5.948,0,28.33
Indiana,1988,5,3,19.676,7.359,0,27.53
Indiana,1988,5,4,17.776,6.585,0,23.75
Indiana,1988,5,5,20.041,5.973,0,28.28
Indiana,1988,5,6,23.698,8.171,0,28.94
Indiana,1988,5,7,25.847,8.361,0,27.3
Indiana,1988,5,8,26.325,16.283,0,21.31
Indiana,1988,5,9,23.833,15.89,7.95536637536998,20.27
Indiana,1988,5,10,19.28,13.515,0,17.53
Indiana,1988,5,11,22.136,7.466,0,28.39
Indiana,1988,5,12,26.642,13.615,0,26.42
Indiana,1988,5,13,23.993,17.822,0,25.29
Indiana,1988,5,14,25.972,8.296,0,28.94
Indiana,1988,5,15,29.745,17.671,1.98739171027995,21.82
Indiana,1988,5,16,21.226,14.349,4.90041375149985,19.42
Indiana,1988,5,17,21.033,8.824,0,18.88
Indiana,1988,5,18,23.608,9.227,0,27.03
Indiana,1988,5,19,23.98,10.339,0,23.41
Indiana,1988,5,20,24.613,12.547,0,21.69
Indiana,1988,5,21,28.145,13.163,0,23.54
Indiana,1988,5,22,30.338,15.428,0,22.53
Indiana,1988,5,23,27.722,17.471,22.6270125719452,16.1
Indiana,1988,5,24,21.789,15.541,1.31450593471527,24.7
Indiana,1988,5,25,18.517,5.594,0,30.82
Indiana,1988,5,26,22.965,4.157,0,31.03
Indiana,1988,5,27,26.176,11.33,0,30.51
Indiana,1988,5,28,28.313,13.283,0,26.56
Indiana,1988,5,29,30.287,16.028,0,29.32
Indiana,1988,5,30,31.056,15.772,0,29.96
Indiana,1988,5,31,31.676,18.766,0,29.4
Indiana,1988,6,1,31.979,18.224,0,27.38
Indiana,1988,6,2,30.834,17.84,0,25.11
Indiana,1988,6,3,22.939,12.08,0,29.31
Indiana,1988,6,4,23.16,9.862,0,30.6
Indiana,1988,6,5,29.021,13.153,0,29.97
Indiana,1988,6,6,31.331,17.432,0,29.9
Indiana,1988,6,7,31.918,17.756,0,30.21
Indiana,1988,6,8,32.507,17.275,0,25.26
Indiana,1988,6,9,23.138,11.603,5.05211353301505,30.26
Indiana,1988,6,10,22.08,9.099,0,30.61
Indiana,1988,6,11,26.52,10.544,0,30.81
Indiana,1988,6,12,29.795,14.382,0,30.49
Indiana,1988,6,13,32.89,17.211,0,30.31
Indiana,1988,6,14,33.555,20.182,0,30.01
Indiana,1988,6,15,32.303,21.796,0,23.59
Indiana,1988,6,16,28.679,20.101,0,22.49
Indiana,1988,6,17,28.351,15.582,0,22.68
Indiana,1988,6,18,31.4,17.214,0,27.27
Indiana,1988,6,19,32.733,19.379,0,29.78
Indiana,1988,6,20,34.198,22.845,0,21.21
Indiana,1988,6,21,36.575,24.466,0,27.07
Indiana,1988,6,22,36.138,24.977,0,27.68
Indiana,1988,6,23,32.476,21.752,1.04984641075134,28.79
Indiana,1988,6,24,32.866,19.641,0,25.22
Indiana,1988,6,25,37.864,25.801,0,26.57
Indiana,1988,6,26,34.894,21.168,0,29.66
Indiana,1988,6,27,26.847,15.109,0,29.59
Indiana,1988,6,28,29.505,14.905,0,29.76
Indiana,1988,6,29,28.691,18.074,12.785792350769,7.16
Indiana,1988,6,30,24.36,12.941,0,30.23
Indiana,1988,7,1,24.455,12.997,0,30.03
Indiana,1988,7,2,26.234,11.93,0,27.32
Indiana,1988,7,3,28.879,12.329,0,30.23
Indiana,1988,7,4,33.69,15.841,0,29.97
Indiana,1988,7,5,34.924,21.107,0,26.16
Indiana,1988,7,6,35.056,20.836,0,25.55
Indiana,1988,7,7,34.148,23.125,0,24.63
Indiana,1988,7,8,34.924,22.677,0,25.41
Indiana,1988,7,9,35.865,22.804,0,26.16
Indiana,1988,7,10,33.12,24.018,9.96148586273193,21.44
Indiana,1988,7,11,29.979,21.06,0,23.06
Indiana,1988,7,12,30.174,20.205,0,26.82
Indiana,1988,7,13,30.947,20.964,0,24.24
Indiana,1988,7,14,34.212,24.14,0,23.55
Indiana,1988,7,15,36.021,22.444,0,24.81
Indiana,1988,7,16,35.684,26.136,2.73242011553521,24.84
Indiana,1988,7,17,31.847,22.019,0,25.91
Indiana,1988,7,18,30.722,24.33,13.8853549956366,11.75
Indiana,1988,7,19,29.265,20.556,0,22.4
Indiana,1988,7,20,27.408,21.539,3.93140316009521,12.24
Indiana,1988,7,21,26.928,16.993,1.57248973846436,23.6
Indiana,1988,7,22,26.241,17.862,0,23.46
Indiana,1988,7,23,27.374,17.475,0,23.82
Indiana,1988,7,24,29.32,16.587,0,23.24
Indiana,1988,7,25,29.696,20.629,9.35336649411056,20.96
Indiana,1988,7,26,27.59,18.852,4.21511530875662,23.04
Indiana,1988,7,27,29.931,14.709,0,27.53
Indiana,1988,7,28,33.174,20.406,0,27.31
Indiana,1988,7,29,32.991,20.892,0,25.13
Indiana,1988,7,30,30.675,22.305,12.8936508155562,14.22
Indiana,1988,7,31,32.146,20.895,6.2642574309848,25.87
Indiana,1988,8,1,34.233,23.424,0,23.88
Indiana,1988,8,2,33.862,23.537,2.77745723724365,24.68
Indiana,1988,8,3,33.968,23.952,0,23.76
Indiana,1988,8,4,34.317,24.048,0,23.14
Indiana,1988,8,5,30.597,24.419,11.67823289137,14.61
Indiana,1988,8,6,29.568,19.981,0,26.21
Indiana,1988,8,7,32.098,19.202,0,26.83
Indiana,1988,8,8,33.874,21.199,0,24.03
Indiana,1988,8,9,33.632,24.864,3.42075824733001,20.43
Indiana,1988,8,10,31.227,23.044,6.77195191371993,17.52
Indiana,1988,8,11,33.008,23.49,0,22.51
Indiana,1988,8,12,34.222,23.879,0,22.74
Indiana,1988,8,13,33.519,24.482,0,21.17
Indiana,1988,8,14,31.946,24.795,8.44196112251439,16.95
Indiana,1988,8,15,35.563,25.088,0,23.41
Indiana,1988,8,16,36.43,23.94,0,24.62
Indiana,1988,8,17,37.344,26.088,0,24.02
Indiana,1988,8,18,35.978,26.827,0,21.29
Indiana,1988,8,19,31.839,22.63,14.8170173167728,9.47
Indiana,1988,8,20,26.776,20.223,0,16.23
Indiana,1988,8,21,27.862,16.753,0,24.64
Indiana,1988,8,22,28.51,17.504,0,20.73
Indiana,1988,8,23,28.04,20.047,8.14013761339538,19.57
Indiana,1988,8,24,27.613,18.089,0,22.95
Indiana,1988,8,25,30.321,16.839,0,22.57
Indiana,1988,8,26,26.925,15.098,0,24.27
Indiana,1988,8,27,25.281,16.154,5.09047633562432,10.47
Indiana,1988,8,28,22.599,16.595,16.0693556069873,16.44
Indiana,1988,8,29,21.523,10.845,0,19.38
Indiana,1988,8,30,23.715,11.605,0,23.17
Indiana,1988,8,31,26.815,13.944,0,23.54
Indiana,1988,9,1,28.698,14.937,0,23.76
Indiana,1988,9,2,28.154,18.894,2.6740372180889,16.51
Indiana,1988,9,3,24.644,19.505,6.07046484947205,8.89
Indiana,1988,9,4,22.201,14.309,4.15982757755273,17.01
Indiana,1988,9,5,20.653,14.597,1.82425975799561,13.53
Indiana,1988,9,6,18.112,9.028,0,14.8
Indiana,1988,9,7,22.604,8.429,0,22.98
Indiana,1988,9,8,27.037,11.73,0,22.67
Indiana,1988,9,9,27.842,18.084,0,20.32
Indiana,1988,9,10,29.693,12.482,0,22.57
Indiana,1988,9,11,30.258,17.167,0,17.53
Indiana,1988,9,12,26.824,20.611,14.4298354297234,8.16
Indiana,1988,9,13,24.215,20.379,0,12.14
Indiana,1988,9,14,25.505,13.179,0,21.03
Indiana,1988,9,15,25.523,12.906,0,20.75
Indiana,1988,9,16,29.457,15.376,2.99108028411865,18.06
Indiana,1988,9,17,29.4,19.529,10.9892356242085,16.65
Indiana,1988,9,18,29.507,20.792,1.08862817287303,13.06
Indiana,1988,9,19,23.705,20.512,27.8221424184721,3.75
Indiana,1988,9,20,22.877,14.527,1.44466757774353,19.49
Indiana,1988,9,21,21.74,11.057,0,19.36
Indiana,1988,9,22,29.16,14.885,1.02916853438728,16.13
Indiana,1988,9,23,27.436,18.804,1.45717263217193,15.75
Indiana,1988,9,24,20.134,12.119,0,13.89
Indiana,1988,9,25,21.933,9.533,0,19.17
Indiana,1988,9,26,25.366,9.855,0,19.12
Indiana,1988,9,27,26.752,13.733,0,18.13
Indiana,1988,9,28,26.655,14.638,0,16.75
Indiana,1988,9,29,26.427,15.795,0,14.45
Indiana,1988,9,30,26.605,18.006,0,12.14
Indiana,1988,10,1,23.516,18.828,11.6290092468212,1.84
Indiana,1988,10,2,19.723,14.718,4.71891760815879,11.76
Indiana,1988,10,3,16.196,8.234,0,12.82
Indiana,1988,10,4,13.465,7.731,0,16.27
Indiana,1988,10,5,12.373,5.109,0,12.98
Indiana,1988,10,6,12.424,1.743,0,12.52
Indiana,1988,10,7,14.24,2.344,0,16.9
Indiana,1988,10,8,16.835,3.13,0,16.8
Indiana,1988,10,9,16.462,7.89,0,9.86
Indiana,1988,10,10,19.505,9.507,0,14.76
Indiana,1988,10,11,15.689,7.259,0,14.52
Indiana,1988,10,12,9.534,1.141,0,14.19
Indiana,1988,10,13,11.617,0.166,0,16.38
Indiana,1988,10,14,20.148,5.244,0,15.62
Indiana,1988,10,15,22.438,11.822,2.29917764659149,14.32
Indiana,1988,10,16,20.769,12.251,12.7744704483916,5.69
Indiana,1988,10,17,19.875,12.276,19.3587780840403,4.01
Indiana,1988,10,18,19.188,10.541,23.2589989891494,9.35
Indiana,1988,10,19,11.892,5.288,0,13.35
Indiana,1988,10,20,12.031,2.141,0,9.91
Indiana,1988,10,21,11.195,7.169,5.79277672608214,3.32
Indiana,1988,10,22,10.544,4.216,0,13.66
Indiana,1988,10,23,11.892,3.106,11.1302822457446,3.4
Indiana,1988,10,24,8.911,3.144,0,10.74
Indiana,1988,10,25,8.919,1.316,0,14.4
Indiana,1988,10,26,7.513,-0.58,0,13.63
Indiana,1988,10,27,14.607,0.176,0,11.48
Indiana,1988,10,28,12.702,1.679,6.36782646176925,14.14
Indiana,1988,10,29,6.832,-2.625,0,13.05
Indiana,1988,10,30,6.075,-3.743,0,13.53
Indiana,1988,10,31,10.614,-4.252,0,13.41
Indiana,1988,11,1,10.176,2.639,0,11.57
Indiana,1988,11,2,9.642,1.654,0,10.86
Indiana,1988,11,3,15.127,3.801,0,8.16
Indiana,1988,11,4,14.756,13.646,13.2132709026287,1.85
Indiana,1988,11,5,13.821,4.497,2.24028527736664,1.63
Indiana,1988,11,6,3.912,0.499,5.97153007983664,3.08
Indiana,1988,11,7,9.828,-0.514,0,11.73
Indiana,1988,11,8,10.288,2.522,1.03166699409485,11.75
Indiana,1988,11,9,12.312,1.366,4.41759824752808,6.98
Indiana,1988,11,10,16.727,6.92,23.2936143875122,6.61
Indiana,1988,11,11,7.048,-0.107,0,11.52
Indiana,1988,11,12,9.976,1.447,8.75720977779793,1.93
Indiana,1988,11,13,11.425,3.694,5.83285093307495,10.4
Indiana,1988,11,14,15.344,4.795,0,10.8
Indiana,1988,11,15,16.829,7.827,0,4.02
Indiana,1988,11,16,17.888,4.404,8.54748487472534,9.85
Indiana,1988,11,17,7.828,-0.611,0,11.19
Indiana,1988,11,18,10.744,2.307,0,8.76
Indiana,1988,11,19,9.018,5.904,5.6215226650238,1.38
Indiana,1988,11,20,8.371,2.362,27.4839401245117,1.41
Indiana,1988,11,21,3.762,0.099,0,6.39
Indiana,1988,11,22,6.255,-0.383,0,8.48
Indiana,1988,11,23,9.139,-1.737,0,10.07
Indiana,1988,11,24,12.961,1.808,0,10.18
Indiana,1988,11,25,14.748,5.528,0,9.56
Indiana,1988,11,26,14.393,11.979,10.9181795191375,1.16
Indiana,1988,11,27,13.851,5.041,8.81726326707621,3.17
Indiana,1988,11,28,4.768,-1.444,0,4.71
Indiana,1988,11,29,7.493,-3.538,0,8.28
Indiana,1988,11,30,6.914,0.616,0,4.51
Indiana,1988,12,1,1.238,-5.167,0,5.82
Indiana,1988,12,2,5.773,-5.718,0,9.2
Indiana,1988,12,3,12.183,1.084,0,9.41
Indiana,1988,12,4,4.695,-4.722,0,9.28
Indiana,1988,12,5,8.32,-1.888,0,9.11
Indiana,1988,12,6,10.802,0.436,0,9.3
Indiana,1988,12,7,7.373,1.014,0,4
Indiana,1988,12,8,2.522,-3.66,0,8
Indiana,1988,12,9,-2.652,-6.041,0,9.08
Indiana,1988,12,10,0.507,-6.171,0,5.81
Indiana,1988,12,11,-4.499,-12.228,0,7.91
Indiana,1988,12,12,-2.491,-11.133,0,8.93
Indiana,1988,12,13,4.513,-3.313,2.57852846249307,6.06
Indiana,1988,12,14,10.88,-0.638,0,6.24
Indiana,1988,12,15,4.615,-5.419,0,5.23
Indiana,1988,12,16,-6.223,-12.251,0,7.41
Indiana,1988,12,17,-4.111,-8.669,1.01562997679139,5.36
Indiana,1988,12,18,1.645,-8.818,0,5.42
Indiana,1988,12,19,10.525,-1.915,0,8.74
Indiana,1988,12,20,15.777,8.541,2.37134099006653,5.18
Indiana,1988,12,21,10.725,-3.601,0,8.76
Indiana,1988,12,22,5.187,-3.141,1.65016424398345,5.12
Indiana,1988,12,23,13.048,4.282,12.6564872380186,9.12
Indiana,1988,12,24,6.614,0.953,3.30484211440307,3.65
Indiana,1988,12,25,3.656,-4.996,0,9.23
Indiana,1988,12,26,0.288,-5.704,3.52245867247802,2.86
Indiana,1988,12,27,10.536,-0.722,4.73846240856801,1.76
Indiana,1988,12,28,0.543,-10.095,21.823230385678,7.7
Indiana,1988,12,29,-7.666,-14.377,0,7.8
Indiana,1988,12,30,-1.821,-12.555,0,7.08
Indiana,1988,12,31,-0.961,-8.99,0,9.16
Indiana,1989,1,1,-0.13,-8.461,0,9.49
Indiana,1989,1,2,-2.11,-4.522,0,7.08
Indiana,1989,1,3,1.624,-8.689,1.19498372077942,4.93
Indiana,1989,1,4,-1.291,-10.722,0,9.1
Indiana,1989,1,5,4.291,-6.562,8.04220139980316,6.83
Indiana,1989,1,6,3.485,1.302,9.44784879681038,2.85
Indiana,1989,1,7,13.665,1.699,2.20760869984815,2.64
Indiana,1989,1,8,13.815,-7.08,6.21155798432937,7.99
Indiana,1989,1,9,-2.453,-10.259,0,10.09
Indiana,1989,1,10,4.569,-4.953,0,9.24
Indiana,1989,1,11,6.438,-3.741,0,6.9
Indiana,1989,1,12,7.521,-0.904,1.18346214293297,7.51
Indiana,1989,1,13,0.435,-6.3,0,10.61
Indiana,1989,1,14,-0.32,-5.794,6.93604648108703,1.75
Indiana,1989,1,15,2.288,-3.12,0,8.3
Indiana,1989,1,16,4.2,-4.631,0,10.66
Indiana,1989,1,17,6.416,-0.87,0,10.42
Indiana,1989,1,18,8.67,1.528,0,10.24
Indiana,1989,1,19,10.288,-3.164,0,10.62
Indiana,1989,1,20,7.779,-1.327,0,6.19
Indiana,1989,1,21,1.898,-7.197,0,11.12
Indiana,1989,1,22,7.688,-2.679,0,11.36
Indiana,1989,1,23,9.511,-1.06,0,9.55
Indiana,1989,1,24,11.821,2.404,0,8.33
Indiana,1989,1,25,13.281,5.463,3.69863602463738,3.44
Indiana,1989,1,26,13.185,2.682,11.8949107636581,4.12
Indiana,1989,1,27,8.573,-2.471,0,11.61
Indiana,1989,1,28,10.925,-0.2,0,11.58
Indiana,1989,1,29,8.227,4.981,0,1.66
Indiana,1989,1,30,8.783,3.345,0,7.94
Indiana,1989,1,31,16.596,2.393,0,12.03
Indiana,1989,2,1,13.54,4.163,0,10.04
Indiana,1989,2,2,3.476,-0.657,2.05947458744049,3.83
Indiana,1989,2,3,0.44,-4.355,1.73394978037322,6.67
Indiana,1989,2,4,-4.638,-7.444,0,4.9
Indiana,1989,2,5,-5.033,-9.756,8.252814412117,5.73
Indiana,1989,2,6,-11.071,-19.495,2.72854566573955,8.01
Indiana,1989,2,7,-12.111,-19.003,0,14.52
Indiana,1989,2,8,-9.202,-14.077,0,14.8
Indiana,1989,2,9,-14.367,-22.544,0,14.99
Indiana,1989,2,10,-7.966,-13.889,0,15.25
Indiana,1989,2,11,-3.406,-9.239,0,15.2
Indiana,1989,2,12,-1.411,-10.393,0,15.34
Indiana,1989,2,13,4.238,-6.949,6.46601617336273,3.34
Indiana,1989,2,14,3.83,-0.346,0,10.95
Indiana,1989,2,15,2.735,0.289,5.32926917065879,3.97
Indiana,1989,2,16,1.277,-5.698,0,15.12
Indiana,1989,2,17,-0.51,-7.479,0,13.53
Indiana,1989,2,18,0.52,-8.27,0,13.87
Indiana,1989,2,19,2.931,-2.699,0,7.9
Indiana,1989,2,20,3.69,-1.764,2.70283390182158,4.17
Indiana,1989,2,21,2.594,-1.198,2.01582518047871,8.4
Indiana,1989,2,22,-1.662,-7.376,0,10.05
Indiana,1989,2,23,-7.02,-14.802,0,16.01
Indiana,1989,2,24,-1.898,-11.779,0,16.97
Indiana,1989,2,25,8.117,-5.131,0,15.37
Indiana,1989,2,26,4.305,-1.23,1.44430994987488,7.46
Indiana,1989,2,27,0.278,-7.17,0,15.44
Indiana,1989,2,28,4.61,-6.86,0,15.58
Indiana,1989,3,1,-1.282,-9.473,0,15.74
Indiana,1989,3,2,1.204,-6.868,0,10.63
Indiana,1989,3,3,12.817,-1.409,0,9.25
Indiana,1989,3,4,11.054,8.465,5.75300230894982,2.21
Indiana,1989,3,5,7.714,-6.688,7.04086422916816,2.15
Indiana,1989,3,6,-3.599,-7.378,20.6018477677503,4.46
Indiana,1989,3,7,-4.332,-11.913,0,19.9
Indiana,1989,3,8,-0.305,-14.709,0,18.2
Indiana,1989,3,9,3.85,-7.246,0,19.11
Indiana,1989,3,10,12.011,-5.663,0,17.97
Indiana,1989,3,11,17.664,2.217,0,18.46
Indiana,1989,3,12,11.568,-0.408,0,15.42
Indiana,1989,3,13,11.728,1.217,0,14.29
Indiana,1989,3,14,19.832,4.34,0,11.91
Indiana,1989,3,15,16.482,1.02,1.80638134469291,9.73
Indiana,1989,3,16,10.854,-4.496,0,20.49
Indiana,1989,3,17,19.119,0.416,0,14.62
Indiana,1989,3,18,18.328,-4.057,11.7050665605234,14.18
Indiana,1989,3,19,4.741,-6.978,0,19.16
Indiana,1989,3,20,3.653,1.132,9.70067083835602,3.95
Indiana,1989,3,21,1.262,-6.96,0,22.41
Indiana,1989,3,22,3.776,-7.583,0,22.63
Indiana,1989,3,23,10.819,-3.528,0,22.36
Indiana,1989,3,24,15.836,-1.517,0,19.78
Indiana,1989,3,25,19.46,8.224,0,21.81
Indiana,1989,3,26,22.813,7.921,0,21.16
Indiana,1989,3,27,22.802,12.5,2.25837826724273,16.52
Indiana,1989,3,28,21.219,15.719,6.39897584915161,8.53
Indiana,1989,3,29,17.433,9.557,5.65547049035331,8.6
Indiana,1989,3,30,13.806,5.649,1.60376131532303,11.92
Indiana,1989,3,31,8.704,1.812,3.24363817628637,12.65
Indiana,1989,4,1,9.965,-3.609,0,20.27
Indiana,1989,4,2,8.953,6.435,14.7209602764633,3.66
Indiana,1989,4,3,14.617,6.105,17.1679317950293,8.12
Indiana,1989,4,4,16.823,6.858,27.6070733387428,19.66
Indiana,1989,4,5,10.969,4.932,1.66925191878775,15.31
Indiana,1989,4,6,11.547,-0.171,1.37042105188812,21.13
Indiana,1989,4,7,9.789,-2.026,1.7027163662533,21.36
Indiana,1989,4,8,8.627,1.601,7.69216120232841,12.82
Indiana,1989,4,9,5.391,-3.282,0,21.29
Indiana,1989,4,10,4.739,-5.782,0,21.09
Indiana,1989,4,11,8.534,-4.615,0,19.5
Indiana,1989,4,12,11.32,2.529,1.35532892971924,13.61
Indiana,1989,4,13,10.342,-1.806,0,25.9
Indiana,1989,4,14,18.026,2.525,0,23.55
Indiana,1989,4,15,16.229,5.696,4.59258258342743,23.88
Indiana,1989,4,16,19.876,2.334,0,25.02
Indiana,1989,4,17,18.286,7.639,8.40484937185693,11.04
Indiana,1989,4,18,11.25,1.918,4.78454965144692,11.42
Indiana,1989,4,19,14.968,0.586,0,25.37
Indiana,1989,4,20,18.212,1.427,0,26.23
Indiana,1989,4,21,20.175,5.088,0,25.27
Indiana,1989,4,22,19.773,10.374,0,17.93
Indiana,1989,4,23,17.049,6.763,0,17.65
Indiana,1989,4,24,21.802,7.959,0,19.74
Indiana,1989,4,25,28.249,14.76,1.66441919110838,20.43
Indiana,1989,4,26,25.6,13.873,5.60747119448024,23.61
Indiana,1989,4,27,25.453,14.816,0,23.3
Indiana,1989,4,28,22.534,11.742,22.9768097400438,14.51
Indiana,1989,4,29,20.87,12.233,2.90591838984255,11.46
Indiana,1989,4,30,19.818,6.234,0,25.32
Indiana,1989,5,1,16.392,8.543,0,23.98
Indiana,1989,5,2,14.136,3.966,2.51078903664848,17.9
Indiana,1989,5,3,16.145,4.097,1.68065726751365,21.4
Indiana,1989,5,4,17.69,7.442,4.25316393375397,15.13
Indiana,1989,5,5,17.417,11.731,0,25.53
Indiana,1989,5,6,13.597,3.766,1.25966966152191,23.31
Indiana,1989,5,7,11.506,-1.025,0,25.81
Indiana,1989,5,8,16.909,1.788,0,22.62
Indiana,1989,5,9,14.878,9.547,22.9011904308436,7.78
Indiana,1989,5,10,15.969,4.437,0,28.31
Indiana,1989,5,11,15.146,4.279,0,29.64
Indiana,1989,5,12,15.513,3.003,0,19.59
Indiana,1989,5,13,14.684,8.073,2.97308862208823,9.87
Indiana,1989,5,14,16.909,4.462,0,21.38
Indiana,1989,5,15,18.723,6.727,0,25.59
Indiana,1989,5,16,21.137,6.41,0,25.18
Indiana,1989,5,17,24.001,7.839,0,27.92
Indiana,1989,5,18,24.196,13.907,0,16.23
Indiana,1989,5,19,22.291,18.623,12.2253328861461,11.76
Indiana,1989,5,20,23.587,16.577,16.8981403112411,19.5
Indiana,1989,5,21,24.981,10.029,0,29.36
Indiana,1989,5,22,22.324,14.142,8.12522768967483,8.32
Indiana,1989,5,23,24.498,12.41,4.16126251220561,27.5
Indiana,1989,5,24,26.489,12.945,0,21.93
Indiana,1989,5,25,25.818,20.433,2.55300760102273,10.86
Indiana,1989,5,26,25.257,14.665,47.2829073667071,28.57
Indiana,1989,5,27,21.438,10.376,0,29.1
Indiana,1989,5,28,21.034,5.758,0,29.58
Indiana,1989,5,29,26.684,14.156,11.0216561392811,16.32
Indiana,1989,5,30,29.305,21.536,0,24.34
Indiana,1989,5,31,29.605,22.891,0,22.82
Indiana,1989,6,1,28.186,20.358,9.48943793764556,20.55
Indiana,1989,6,2,25.084,16.128,6.96529746045371,28.53
Indiana,1989,6,3,24.653,16.46,22.4004030228002,13.89
Indiana,1989,6,4,21.799,12.022,0,25.7
Indiana,1989,6,5,22.023,14.591,1.83006525039175,20.43
Indiana,1989,6,6,25.487,13.156,0,26.05
Indiana,1989,6,7,26.392,14.366,0,27.13
Indiana,1989,6,8,26.438,14.932,0,25.11
Indiana,1989,6,9,24.29,16.911,0,23.88
Indiana,1989,6,10,19.55,12.756,0,18.47
Indiana,1989,6,11,23.782,9.249,0,27.28
Indiana,1989,6,12,23.888,16.237,24.6969290157288,10.1
Indiana,1989,6,13,24.456,17.941,0,23.32
Indiana,1989,6,14,23.637,16.054,2.84016728397773,22.8
Indiana,1989,6,15,21.387,14.804,0,19.62
Indiana,1989,6,16,18.127,11.35,0,18.27
Indiana,1989,6,17,23.213,12.024,0,23.65
Indiana,1989,6,18,26.134,16.595,0,20.76
Indiana,1989,6,19,26.088,17.856,7.63552188868744,20.65
Indiana,1989,6,20,26.026,17.116,0,23.31
Indiana,1989,6,21,27.34,16.918,0,24.08
Indiana,1989,6,22,29.77,18.954,0,25.76
Indiana,1989,6,23,30.441,20.176,0,25.92
Indiana,1989,6,24,29.875,20.676,1.08834550247749,24.67
Indiana,1989,6,25,30.384,18.651,0,27.94
Indiana,1989,6,26,31.438,21.471,0,25.18
Indiana,1989,6,27,29.656,21.15,18.0928532647044,16.51
Indiana,1989,6,28,26.756,16.981,0,26.19
Indiana,1989,6,29,22.851,13.076,0,30.46
Indiana,1989,6,30,25.654,12.096,0,30.59
Indiana,1989,7,1,27.905,15.442,0,26.76
Indiana,1989,7,2,27.197,20.003,4.94405984960622,21.77
Indiana,1989,7,3,24.145,18.53,6.82175156784481,8.05
Indiana,1989,7,4,28.197,18.906,0,22.06
Indiana,1989,7,5,28.447,18.935,0,24.19
Indiana,1989,7,6,29.971,19.493,0,27.31
Indiana,1989,7,7,31.096,20.252,0,26.38
Indiana,1989,7,8,30.601,17.745,0,26.84
Indiana,1989,7,9,31.351,23.525,8.66886173912462,21.98
Indiana,1989,7,10,32.927,25.586,0,28.22
Indiana,1989,7,11,31.486,24.326,8.78405888539646,24.31
Indiana,1989,7,12,27.773,21.802,8.04342925539459,16.86
Indiana,1989,7,13,25.536,19.7,0,25.63
Indiana,1989,7,14,24.245,16.441,0,28.32
Indiana,1989,7,15,24.7,14.627,0,20.66
Indiana,1989,7,16,25.044,16.057,0,23.72
Indiana,1989,7,17,27.077,15.791,0,26.37
Indiana,1989,7,18,28.213,17.346,0,22.73
Indiana,1989,7,19,25.54,18.648,29.1922390460968,14.82
Indiana,1989,7,20,22.054,18.532,17.0433074235916,8.07
Indiana,1989,7,21,25.939,18.127,12.5816181182472,19.68
Indiana,1989,7,22,26.851,19.223,8.67286066113593,22.02
Indiana,1989,7,23,28.576,20.138,2.564144981136,19.18
Indiana,1989,7,24,29.068,21.237,6.7644917625671,20.89
Indiana,1989,7,25,29.414,21.582,4.95775651228314,21.72
Indiana,1989,7,26,29.471,21.401,6.10830485811675,21.69
Indiana,1989,7,27,29.674,22.489,1.30576468637855,23.86
Indiana,1989,7,28,27.358,22.228,0,23.82
Indiana,1989,7,29,26.563,17.986,0,24.62
Indiana,1989,7,30,27.474,20.944,19.8813319206188,11.22
Indiana,1989,7,31,25.373,17.027,0,17.91
Indiana,1989,8,1,26.928,19.349,0,21.32
Indiana,1989,8,2,28.402,17.596,0,26.63
Indiana,1989,8,3,30.152,20.36,0,22.78
Indiana,1989,8,4,30.549,25.443,0,18.79
Indiana,1989,8,5,30.763,22.141,5.8065160983638,18.77
Indiana,1989,8,6,29.895,20.269,0,23.38
Indiana,1989,8,7,19.656,14.655,0,14.49
Indiana,1989,8,8,22.851,9.921,0,22.85
Indiana,1989,8,9,24.094,13.692,0,22.01
Indiana,1989,8,10,25.436,13.89,0,23.35
Indiana,1989,8,11,25.61,15.32,0,22.55
Indiana,1989,8,12,24.587,14.988,1.62093341350555,20.77
Indiana,1989,8,13,26.463,14.406,1.01733803745674,22.98
Indiana,1989,8,14,27.828,18.464,0,22.12
Indiana,1989,8,15,26.05,18.383,4.31366562833091,18.26
Indiana,1989,8,16,23.764,16.109,0,19.64
Indiana,1989,8,17,23.9,14.984,0,19.15
Indiana,1989,8,18,25.076,14.812,0,22.13
Indiana,1989,8,19,26.043,13.849,0,20.94
Indiana,1989,8,20,27.994,19.786,6.52680695056418,14.13
Indiana,1989,8,21,28.257,17.343,0,19.06
Indiana,1989,8,22,28.895,21.61,21.4509706756871,12.59
Indiana,1989,8,23,27.568,21.808,2.45654582977295,10.59
Indiana,1989,8,24,24.727,19.035,18.3390378952026,11.15
Indiana,1989,8,25,25.498,17.638,0,16.19
Indiana,1989,8,26,26.371,18.872,0,15.78
Indiana,1989,8,27,29.24,19.997,0,18.36
Indiana,1989,8,28,29.476,21.847,7.78599381436607,13.92
Indiana,1989,8,29,26.88,21.821,9.95509326457977,10.08
Indiana,1989,8,30,26.847,17.104,0,23.73
Indiana,1989,8,31,27.207,15.658,0,15.82
Indiana,1989,9,1,26.616,23.165,16.0012215375787,10.61
Indiana,1989,9,2,24.339,15.545,0,22.02
Indiana,1989,9,3,22.889,12.68,0,22.94
Indiana,1989,9,4,25.692,13.045,0,21.29
Indiana,1989,9,5,27.316,17.84,0,16.16
Indiana,1989,9,6,27.137,20.995,0,13.04
Indiana,1989,9,7,28.783,20.792,2.73212194442607,14.9
Indiana,1989,9,8,27.761,22.349,1.19918584823608,15.08
Indiana,1989,9,9,29.261,21.963,32.5822234153748,15.31
Indiana,1989,9,10,22.83,18.667,8.42367112636566,12.15
Indiana,1989,9,11,23.606,15.309,0,15.53
Indiana,1989,9,12,22.666,16.628,0,13.99
Indiana,1989,9,13,19.413,13.549,2.16293334960938,4.78
Indiana,1989,9,14,15.644,13.161,43.2605683803544,2.64
Indiana,1989,9,15,19.988,11.833,0,15.06
Indiana,1989,9,16,19.988,12.456,1.02713595327941,10.59
Indiana,1989,9,17,21.517,7.728,0,19.42
Indiana,1989,9,18,22.766,9.522,0,20.59
Indiana,1989,9,19,22.603,11.507,0,19.76
Indiana,1989,9,20,23.483,10.806,0,18.91
Indiana,1989,9,21,25.64,14.946,0,15.11
Indiana,1989,9,22,25.405,18.569,0,13.02
Indiana,1989,9,23,21.106,8.588,1.03819253280335,16.31
Indiana,1989,9,24,15.056,3.529,0,20.15
Indiana,1989,9,25,17.949,4.016,0,18.64
Indiana,1989,9,26,16.195,10.268,0,17.13
Indiana,1989,9,27,15.99,5.581,0,19.47
Indiana,1989,9,28,20.073,4.521,0,19.44
Indiana,1989,9,29,22.187,10.442,0,15.92
Indiana,1989,9,30,23.45,9.383,0,17.87
Indiana,1989,10,1,22.327,13.213,0,9.7
Indiana,1989,10,2,21.106,17.416,0,14.14
Indiana,1989,10,3,17.236,7.57,0,17.85
Indiana,1989,10,4,13.877,2.722,0,18.58
Indiana,1989,10,5,19.66,4.411,0,13.9
Indiana,1989,10,6,19.144,10.814,2.51451432694694,6.94
Indiana,1989,10,7,13.207,5.181,0,17.5
Indiana,1989,10,8,13.397,3.982,0,16.64
Indiana,1989,10,9,14.619,-0.011,0,15.45
Indiana,1989,10,10,16.081,9.612,3.94958853712524,15.31
Indiana,1989,10,11,21.925,6.006,0,16.57
Indiana,1989,10,12,23.11,16.44,0,16.04
Indiana,1989,10,13,26.347,10.169,0,15.11
Indiana,1989,10,14,27.745,15.633,0,15.52
Indiana,1989,10,15,25.999,16.47,0,13.36
Indiana,1989,10,16,25.135,16.622,5.50948027444065,9.76
Indiana,1989,10,17,15.171,8.141,17.9045677184035,1.62
Indiana,1989,10,18,8.223,3.516,0,11.36
Indiana,1989,10,19,5.871,1.256,10.6467574834141,3.33
Indiana,1989,10,20,2.431,0.704,11.8464965963767,4.61
Indiana,1989,10,21,12.353,2.196,0,14.55
Indiana,1989,10,22,16.487,1.447,0,14.69
Indiana,1989,10,23,21.178,9.087,0,11.64
Indiana,1989,10,24,23.138,13.091,0,12.64
Indiana,1989,10,25,22.596,14.816,0,9.19
Indiana,1989,10,26,22.498,10.741,0,13.52
Indiana,1989,10,27,22.569,10.503,0,13.68
Indiana,1989,10,28,22.223,8.842,0,12.45
Indiana,1989,10,29,21.999,10.659,0,12.76
Indiana,1989,10,30,22.06,11.31,0,12.92
Indiana,1989,10,31,17.038,6.321,3.57216596603394,6.49
Indiana,1989,11,1,12.511,1.741,0,11.86
Indiana,1989,11,2,9.069,4.377,0,7.73
Indiana,1989,11,3,4.995,-2.864,0,12.06
Indiana,1989,11,4,11.066,2.009,0,9.76
Indiana,1989,11,5,15.966,7.807,0,5.69
Indiana,1989,11,6,15.917,7.491,2.53000902870326,11.47
Indiana,1989,11,7,10.431,6.332,9.63690503419912,7.57
Indiana,1989,11,8,11.365,5.548,0,4.38
Indiana,1989,11,9,9.056,2.483,0,9.63
Indiana,1989,11,10,7.2,3.1,1.39554321640389,9.2
Indiana,1989,11,11,17.376,2.525,0,9.53
Indiana,1989,11,12,13.059,2.185,0,11.29
Indiana,1989,11,13,20.197,8.235,0,11.06
Indiana,1989,11,14,16.995,13.099,5.51744572157986,2.56
Indiana,1989,11,15,15.218,3.16,40.7382611448952,1.01
Indiana,1989,11,16,2.534,-2.056,5.06468633517443,8.37
Indiana,1989,11,17,0.968,-7.795,0,8.43
Indiana,1989,11,18,0.585,-7.835,0,10.67
Indiana,1989,11,19,9.935,-4.837,0,9.74
Indiana,1989,11,20,13.828,7.38,0,9.47
Indiana,1989,11,21,8.03,-1.527,0,8
Indiana,1989,11,22,3.098,-1.837,0,7.08
Indiana,1989,11,23,-0.041,-5.629,0,8.83
Indiana,1989,11,24,5.449,-5.93,0,10.2
Indiana,1989,11,25,9.4,2.01,0,4.17
Indiana,1989,11,26,9.331,0.103,0,10.03
Indiana,1989,11,27,16.786,3.933,1.92110538472434,2.02
Indiana,1989,11,28,16.415,0.166,0,4.37
Indiana,1989,11,29,-0.051,-7.316,0,10.15
Indiana,1989,11,30,5.592,-3.925,0,10.08
Indiana,1989,12,1,6.758,-3.539,0,9.74
Indiana,1989,12,2,4.072,-4.177,0,4.63
Indiana,1989,12,3,-4.094,-8.101,0,9.93
Indiana,1989,12,4,3.962,-8.393,0,7.15
Indiana,1989,12,5,8.271,-1.595,0,5.34
Indiana,1989,12,6,4.127,0.946,1.41005516042014,3.15
Indiana,1989,12,7,0.632,-7.087,0,7.37
Indiana,1989,12,8,-1.455,-5.5,0,8.6
Indiana,1989,12,9,1.647,-8.877,0,8.95
Indiana,1989,12,10,2.555,-4.796,0,5.77
Indiana,1989,12,11,-0.249,-4.198,2.28628516197205,5.9
Indiana,1989,12,12,-5.375,-13.663,0,9.68
Indiana,1989,12,13,-3.73,-14.021,0,7.8
Indiana,1989,12,14,-4.696,-13.245,1.39728784557747,8.53
Indiana,1989,12,15,-12.665,-18.974,2.51644761254965,8.83
Indiana,1989,12,16,-16.24,-21.312,0,9.79
Indiana,1989,12,17,-10.824,-24.994,0,9.32
Indiana,1989,12,18,-8.395,-15.805,0,9.52
Indiana,1989,12,19,-10.121,-13.684,3.09177212216127,8.28
Indiana,1989,12,20,-15.162,-23.121,0,9.42
Indiana,1989,12,21,-15.877,-26.872,1.24081969261169,10
Indiana,1989,12,22,-23.534,-29.436,0,9.97
Indiana,1989,12,23,-19.865,-27.273,0,9.05
Indiana,1989,12,24,-11.705,-25.913,0,6.66
Indiana,1989,12,25,-1.991,-12.243,1.37854367494583,4.56
Indiana,1989,12,26,0.146,-15.206,1.87855958938599,9.92
Indiana,1989,12,27,-0.83,-15.241,1.20987652888971,5.52
Indiana,1989,12,28,1.577,-7.442,0,7.35
Indiana,1989,12,29,2.686,0.609,3.1293006873625,3.08
Indiana,1989,12,30,5.643,0.911,2.77013775342994,1.14
Indiana,1989,12,31,5.125,-0.672,4.53800261010429,2.95
Indiana,1990,1,1,-0.195,-4.001,0,5.06
Indiana,1990,1,2,5.171,-4.116,0,9.39
Indiana,1990,1,3,9.36,0.264,0,9.04
Indiana,1990,1,4,9.133,2.278,8.25218369328695,2.41
Indiana,1990,1,5,2.755,-6.12,0,9.49
Indiana,1990,1,6,4.12,-3.43,0,9.65
Indiana,1990,1,7,8.159,-2.759,0,9.55
Indiana,1990,1,8,8.838,-2.324,0,9.54
Indiana,1990,1,9,7.159,3.094,5.73093663462032,3.72
Indiana,1990,1,10,4.15,-2.348,0,9.79
Indiana,1990,1,11,5.614,0.506,0,9.68
Indiana,1990,1,12,2.033,-2.613,0,7.55
Indiana,1990,1,13,-0.005,-7.596,0,9.74
Indiana,1990,1,14,6.609,-4.002,0,8.63
Indiana,1990,1,15,11.947,2.493,0,8.69
Indiana,1990,1,16,15.39,6.829,0,4.53
Indiana,1990,1,17,13.784,11.325,10.5438411235355,1.23
Indiana,1990,1,18,13.57,0.828,9.15874948168494,6.87
Indiana,1990,1,19,2.154,-5.406,0,5.15
Indiana,1990,1,20,5.69,0.381,17.469048500061,1.23
Indiana,1990,1,21,5.231,0.722,0,4.23
Indiana,1990,1,22,7.781,-1.082,0,9.22
Indiana,1990,1,23,9.86,-3.076,0,3.96
Indiana,1990,1,24,11.501,2.614,0,10.88
Indiana,1990,1,25,9.043,-2.74,9.67724621295929,3.57
Indiana,1990,1,26,3.886,-6.554,0,11.89
Indiana,1990,1,27,12.036,0.341,0,10.69
Indiana,1990,1,28,6.598,-4.17,0,12.1
Indiana,1990,1,29,4.789,-2.69,0,10.37
Indiana,1990,1,30,7.943,-3.587,0,11.46
Indiana,1990,1,31,8.863,-5.169,0,12.37
Indiana,1990,2,1,7.782,3.433,8.6904589597907,1.12
Indiana,1990,2,2,7.103,2.309,16.4313629269586,2.61
Indiana,1990,2,3,4.765,0.765,0,2.67
Indiana,1990,2,4,3.629,-0.832,2.38934457291862,9.81
Indiana,1990,2,5,9.117,-4.337,0,12.38
Indiana,1990,2,6,9.113,-1.226,0,8.48
Indiana,1990,2,7,9.258,2.453,1.01831555366516,11.66
Indiana,1990,2,8,15.289,2.642,0,13.02
Indiana,1990,2,9,13.465,7.885,4.8087418078353,10.16
Indiana,1990,2,10,8.136,-3.636,0,12.63
Indiana,1990,2,11,5.386,-0.46,0,11.11
Indiana,1990,2,12,12.177,-4.089,0,13.6
Indiana,1990,2,13,15.568,9.663,0,6.86
Indiana,1990,2,14,8.262,-1.805,10.48045158376,1.21
Indiana,1990,2,15,3.54,-1.919,37.1861487626006,1.47
Indiana,1990,2,16,2.527,-0.746,0,6.26
Indiana,1990,2,17,-0.94,-6.594,0,10.34
Indiana,1990,2,18,8.748,-4.184,0,15.56
Indiana,1990,2,19,4.831,-4.788,0,16
Indiana,1990,2,20,3.24,-7.572,0,16.16
Indiana,1990,2,21,11.715,-3.43,0,14.98
Indiana,1990,2,22,10.635,5.811,54.2444925999348,1.56
Indiana,1990,2,23,6.07,-0.771,2.41784203581119,10.25
Indiana,1990,2,24,1.284,-6.377,3.66121530532837,13.49
Indiana,1990,2,25,-7.346,-14.511,0,15.38
Indiana,1990,2,26,0.437,-10.949,0,9.23
Indiana,1990,2,27,6.494,-0.758,0,15.27
Indiana,1990,2,28,1.644,-5.819,0,14.91
Indiana,1990,3,1,6.348,-6.956,0,17.99
Indiana,1990,3,2,11.918,-2.814,0,17.89
Indiana,1990,3,3,7.128,-3.086,0,16.61
Indiana,1990,3,4,5.87,-6.354,0,17.74
Indiana,1990,3,5,11.11,1.366,0,9.96
Indiana,1990,3,6,7.061,-1.548,0,7.65
Indiana,1990,3,7,7.758,-5.423,0,13.14
Indiana,1990,3,8,10.141,3.023,15.5680388211863,2.24
Indiana,1990,3,9,16.069,9.218,1.28458921676611,17.47
Indiana,1990,3,10,19.563,7.937,3.12313437461853,4.85
Indiana,1990,3,11,24.278,15.28,3.13682854164199,15.12
Indiana,1990,3,12,23.573,17.239,0,10.64
Indiana,1990,3,13,23.915,15.458,0,13.68
Indiana,1990,3,14,22.72,16.256,0,11.3
Indiana,1990,3,15,20.925,11.625,4.79776481301997,4.4
Indiana,1990,3,16,16.041,6.284,1.30941271783058,18.91
Indiana,1990,3,17,13.328,4.427,0,14.71
Indiana,1990,3,18,9.607,-0.602,0,17.37
Indiana,1990,3,19,6.766,-4.463,2.27934420098563,17.38
Indiana,1990,3,20,5.613,-6.895,0,21.56
Indiana,1990,3,21,13.473,-1.845,0,20.2
Indiana,1990,3,22,13.003,7.484,4.49283719058258,8.96
Indiana,1990,3,23,9.967,-0.035,0,15.77
Indiana,1990,3,24,2.317,-4.019,1.92993727745261,14.63
Indiana,1990,3,25,6.534,-4.671,0,22.04
Indiana,1990,3,26,6.182,-2.149,0,19.27
Indiana,1990,3,27,7.812,-5.565,0,22.74
Indiana,1990,3,28,8.961,-1.629,0,8.29
Indiana,1990,3,29,9.598,4.255,9.49301383167267,3.28
Indiana,1990,3,30,10.551,7.817,9.79785621166229,2.71
Indiana,1990,3,31,12.931,7.406,7.78460204594467,5.53
Indiana,1990,4,1,15.341,8.438,4.0189355610778,13.34
Indiana,1990,4,2,13.434,4.165,2.63123512257835,5.89
Indiana,1990,4,3,7.566,-0.458,0,14.89
Indiana,1990,4,4,12.31,-2.684,0,14.54
Indiana,1990,4,5,11.145,0.264,0,18.57
Indiana,1990,4,6,6.478,-4.117,0,19
Indiana,1990,4,7,6.531,-5.405,0,24.11
Indiana,1990,4,8,15.217,-3.394,0,24.42
Indiana,1990,4,9,13.11,4.988,0,7.45
Indiana,1990,4,10,11.376,3.699,24.5387732982181,1.95
Indiana,1990,4,11,7.351,-1.37,2.68303016349591,20.43
Indiana,1990,4,12,5.806,-2.953,0,17.53
Indiana,1990,4,13,11.084,0.144,1.40398740768433,14.1
Indiana,1990,4,14,8.999,6.935,10.3911757469177,7.13
Indiana,1990,4,15,12.829,2.507,0,10.45
Indiana,1990,4,16,17.01,3.114,0,17.59
Indiana,1990,4,17,14.097,2.377,0,25.12
Indiana,1990,4,18,10.943,-2.983,0,26.97
Indiana,1990,4,19,15.568,2.92,0,18.1
Indiana,1990,4,20,16.752,11.1,13.8718485832214,6.61
Indiana,1990,4,21,19.546,11.867,1.48862421946205,17.29
Indiana,1990,4,22,20.943,4.631,0,26.04
Indiana,1990,4,23,24.686,8.34,0,24.52
Indiana,1990,4,24,27.053,15.161,0,23.25
Indiana,1990,4,25,28.072,16.927,0,23.28
Indiana,1990,4,26,26.359,16.179,0,23.96
Indiana,1990,4,27,26.365,16.316,0,23.95
Indiana,1990,4,28,23.832,17.117,5.13264277833514,10.68
Indiana,1990,4,29,20.118,10.693,0,22.68
Indiana,1990,4,30,19.129,13.747,0,10.12
Indiana,1990,5,1,17.083,6.905,0,22.85
Indiana,1990,5,2,16.663,5.44,0,22.08
Indiana,1990,5,3,14.578,8.999,14.1759132984589,3.23
Indiana,1990,5,4,21.542,9.046,11.4135593175888,15.66
Indiana,1990,5,5,17.615,6.95,0,16.85
Indiana,1990,5,6,18.005,8.691,18.3555126189958,24.14
Indiana,1990,5,7,22.905,9.567,0,26.88
Indiana,1990,5,8,24.491,14.12,0,25.77
Indiana,1990,5,9,23.889,14.851,0,23.98
Indiana,1990,5,10,22.016,6.565,11.7687523363657,18.56
Indiana,1990,5,11,16.605,3.783,0,25.42
Indiana,1990,5,12,15.889,9.808,24.2179930210114,4.29
Indiana,1990,5,13,15.808,10.213,16.238734126091,8.08
Indiana,1990,5,14,20.289,7.689,1.02732181545662,14.3
Indiana,1990,5,15,22.912,16.125,10.0750952958784,9.54
Indiana,1990,5,16,25.364,19.146,18.4853315353166,10.09
Indiana,1990,5,17,22.033,13.265,10.8056366442497,25.67
Indiana,1990,5,18,22.265,11.269,0,29.24
Indiana,1990,5,19,22.535,12.196,3.03705334653159,10.34
Indiana,1990,5,20,22.034,17.736,2.7929484844158,22.01
Indiana,1990,5,21,15.413,10.996,0,6.44
Indiana,1990,5,22,16.955,9.583,0,19.37
Indiana,1990,5,23,18.605,6.825,0,16.46
Indiana,1990,5,24,21.212,7.562,0,22.38
Indiana,1990,5,25,19.131,13.308,25.2465426921162,4.93
Indiana,1990,5,26,20.241,13.983,4.63114976872703,10.21
Indiana,1990,5,27,22.252,12.8,0,20.61
Indiana,1990,5,28,22.147,13.661,0,15.57
Indiana,1990,5,29,21.992,11.572,0,29.09
Indiana,1990,5,30,18.854,8.038,0,29.07
Indiana,1990,5,31,21.686,6.957,0,30.5
Indiana,1990,6,1,27.302,12.827,0,24.85
Indiana,1990,6,2,25.907,20.835,0,11.71
Indiana,1990,6,3,25.356,16.246,4.9250334500357,26.56
Indiana,1990,6,4,15.931,9.818,0,18.34
Indiana,1990,6,5,18.843,4.756,0,20.68
Indiana,1990,6,6,25.427,16.695,0,16.79
Indiana,1990,6,7,26.763,15.641,3.80268692970276,23.38
Indiana,1990,6,8,28.025,19.765,11.916437634909,16.13
Indiana,1990,6,9,26.986,19.404,6.85146450996399,27.57
Indiana,1990,6,10,23.501,15.128,0,26.39
Indiana,1990,6,11,24.672,11.456,0,27.87
Indiana,1990,6,12,26.963,16.088,0,28.66
Indiana,1990,6,13,29.733,18.876,0,29.57
Indiana,1990,6,14,28.241,21.414,12.2630864381676,16.19
Indiana,1990,6,15,28.905,18.39,0,24.63
Indiana,1990,6,16,29.92,17.756,0,24.55
Indiana,1990,6,17,31.071,22.664,1.05961561202506,25.17
Indiana,1990,6,18,29.082,20.198,2.31898725032309,29.36
Indiana,1990,6,19,25.864,14.696,0,25.52
Indiana,1990,6,20,24.01,19.443,10.2041724927631,8.63
Indiana,1990,6,21,27.582,17.087,3.14114771709839,25.71
Indiana,1990,6,22,25.763,19.416,8.78709554672241,12.7
Indiana,1990,6,23,20.157,15.371,2.69094225171784,14.99
Indiana,1990,6,24,23.15,12.84,0,29.06
Indiana,1990,6,25,26.487,11.775,0,29.09
Indiana,1990,6,26,27.058,16.897,1.10229253768424,24.38
Indiana,1990,6,27,29.562,17.587,1.84068083752109,26.24
Indiana,1990,6,28,29.923,20.344,0,24.83
Indiana,1990,6,29,29.356,22.638,4.4189840555191,18.69
Indiana,1990,6,30,30.007,22.401,3.28414142131805,22.13
Indiana,1990,7,1,28.147,21.315,3.66856913308311,28.1
Indiana,1990,7,2,26.677,15.731,0,29.78
Indiana,1990,7,3,29.949,17.406,0,29.44
Indiana,1990,7,4,34.427,23.55,0,28.52
Indiana,1990,7,5,32.422,24.34,0,24.13
Indiana,1990,7,6,27.845,16.853,0,28.54
Indiana,1990,7,7,27.199,15.933,0,28.79
Indiana,1990,7,8,33.978,19.819,0,27.31
Indiana,1990,7,9,32.296,25.322,5.25553226464126,23.94
Indiana,1990,7,10,28.377,21.905,22.4131226538589,10.7
Indiana,1990,7,11,23.957,21.07,34.4002536139669,5.51
Indiana,1990,7,12,22.5,17.951,0,13.39
Indiana,1990,7,13,21.366,16.355,5.73358932251722,5.47
Indiana,1990,7,14,22.76,16.186,1.65520260696894,13.23
Indiana,1990,7,15,21.446,14.498,3.01663875569602,20.99
Indiana,1990,7,16,28.093,15.857,0,27.72
Indiana,1990,7,17,28.03,19.278,0,28.2
Indiana,1990,7,18,28.69,18.96,0,26.12
Indiana,1990,7,19,30.425,20.058,0,26.43
Indiana,1990,7,20,27.525,22.89,17.3801630735397,16.37
Indiana,1990,7,21,26.668,20.161,3.35447490215302,19.3
Indiana,1990,7,22,25.04,20.138,19.0937519073486,9.79
Indiana,1990,7,23,24.145,14.958,0,21.55
Indiana,1990,7,24,24.668,13.747,0,24.85
Indiana,1990,7,25,26.359,14.46,0,25.91
Indiana,1990,7,26,27.33,17.104,0,25.45
Indiana,1990,7,27,28.4,17.746,0,23.64
Indiana,1990,7,28,29.169,19.314,0,23.31
Indiana,1990,7,29,30.27,20.796,2.40415727500931,22.26
Indiana,1990,7,30,26.559,21.188,10.9317898750305,18.17
Indiana,1990,7,31,22.995,15.545,0,27.08
Indiana,1990,8,1,24.434,12.155,0,26.91
Indiana,1990,8,2,26.276,13.643,0,25.92
Indiana,1990,8,3,28.26,15.59,0,22.62
Indiana,1990,8,4,26.78,20.529,33.9985489845276,7.81
Indiana,1990,8,5,24.819,19.009,1.22068590517799,19.94
Indiana,1990,8,6,22.438,15.065,0,23.78
Indiana,1990,8,7,21.628,11.836,0,18.98
Indiana,1990,8,8,24.229,11.972,0,26.52
Indiana,1990,8,9,26.068,12.653,0,25.69
Indiana,1990,8,10,26.147,14.237,0,22.53
Indiana,1990,8,11,25.997,16.824,0,18.9
Indiana,1990,8,12,27.464,18.894,2.89553057598368,15.63
Indiana,1990,8,13,23.588,16.827,29.4325564177811,20.75
Indiana,1990,8,14,23.606,11.267,0,24.75
Indiana,1990,8,15,25.713,15.381,0,18.55
Indiana,1990,8,16,26.806,16.987,0,20.99
Indiana,1990,8,17,27.099,19.442,0,10.95
Indiana,1990,8,18,31.563,22.774,0,22.3
Indiana,1990,8,19,30.566,23.648,1.04244623247496,20.99
Indiana,1990,8,20,29.265,22.124,22.7168908502335,14.14
Indiana,1990,8,21,25.864,21.565,25.4377067089067,10.71
Indiana,1990,8,22,23.513,18.916,1.05150043964386,8.09
Indiana,1990,8,23,24.441,19.228,0,14.2
Indiana,1990,8,24,26.603,18.028,0,19.91
Indiana,1990,8,25,28.6,17.982,0,23.36
Indiana,1990,8,26,30.261,18.916,0,23.9
Indiana,1990,8,27,32.108,19.514,0,23.45
Indiana,1990,8,28,33.421,22.851,0,21.99
Indiana,1990,8,29,28.449,21.257,20.3666925429502,17.6
Indiana,1990,8,30,26.102,15.84,0,22.22
Indiana,1990,8,31,27.95,15.289,0,22.83
Indiana,1990,9,1,30.164,18.592,0,22.69
Indiana,1990,9,2,29.684,20.729,0,19.32
Indiana,1990,9,3,26.823,17.679,0,21.44
Indiana,1990,9,4,30.422,17.749,0,21.51
Indiana,1990,9,5,31.672,23.224,0,19.91
Indiana,1990,9,6,33.197,23.34,2.85643041132744,19.69
Indiana,1990,9,7,27.58,23.866,5.31702041615745,11.52
Indiana,1990,9,8,24.795,17.4,1.62922143925925,10.75
Indiana,1990,9,9,26.22,18.869,6.43285810940597,13.82
Indiana,1990,9,10,27.458,18.038,0,16.93
Indiana,1990,9,11,27.176,19.353,2.11786974535499,17.17
Indiana,1990,9,12,27.185,18.917,0,15.92
Indiana,1990,9,13,27.381,18.588,0,15.6
Indiana,1990,9,14,25.123,20.571,14.8675083671037,13.59
Indiana,1990,9,15,21.18,15.386,0,19.46
Indiana,1990,9,16,18.918,13.806,1.05566497836662,16.16
Indiana,1990,9,17,17.56,9.024,0,19.86
Indiana,1990,9,18,17.282,10.728,2.16563853803109,7.42
Indiana,1990,9,19,18.225,15.163,7.1428596972396,6.86
Indiana,1990,9,20,19.946,12.794,0,15.48
Indiana,1990,9,21,18.545,13.039,5.26714085100366,3.72
Indiana,1990,9,22,20.603,10.103,0,17.08
Indiana,1990,9,23,15.042,8.162,0,12.49
Indiana,1990,9,24,17.605,5.535,0,19.77
Indiana,1990,9,25,23.468,10.692,0,19.08
Indiana,1990,9,26,25.642,12.073,0,18.87
Indiana,1990,9,27,26.728,13.025,0,18.7
Indiana,1990,9,28,26.64,16.629,0,14.88
Indiana,1990,9,29,21.489,16.855,2.64367461204529,7.43
Indiana,1990,9,30,18.21,10.742,1.7614543437503,17.16
Indiana,1990,10,1,20.871,6.666,0,12.26
Indiana,1990,10,2,22.126,6.97,0,18.27
Indiana,1990,10,3,26.287,16.066,1.66229307651022,8.96
Indiana,1990,10,4,20.932,10.278,31.6252738236358,16.61
Indiana,1990,10,5,26.353,13.676,0,17.43
Indiana,1990,10,6,26.492,17.406,0,16.48
Indiana,1990,10,7,21.974,16.465,6.61270642353884,3.77
Indiana,1990,10,8,17.431,12.056,7.08476369356958,2.65
Indiana,1990,10,9,16.462,8.41,31.7387945243581,0.85
Indiana,1990,10,10,9.192,6.097,14.5294430959666,2.59
Indiana,1990,10,11,13.362,1.846,0,16.98
Indiana,1990,10,12,15.408,3.385,0,13.58
Indiana,1990,10,13,16.737,3.927,0,16.07
Indiana,1990,10,14,20.024,9.084,0,13.68
Indiana,1990,10,15,17.749,6.913,2.34223771991537,15.54
Indiana,1990,10,16,19.304,5.464,0,10.59
Indiana,1990,10,17,24.613,16.472,0,14.17
Indiana,1990,10,18,22.411,5.696,11.9809597729841,4.23
Indiana,1990,10,19,11.028,0.724,0,15
Indiana,1990,10,20,17.517,4.775,0,15.23
Indiana,1990,10,21,15.924,10.928,0,5.26
Indiana,1990,10,22,13.284,7.543,1.25875174995826,12.72
Indiana,1990,10,23,13.66,0.964,0,14.45
Indiana,1990,10,24,14.043,6.206,0,11.95
Indiana,1990,10,25,10.256,2.548,0,10.65
Indiana,1990,10,26,10.545,-0.215,0,14.07
Indiana,1990,10,27,16.75,4.363,0,13.06
Indiana,1990,10,28,12.465,3.448,0,13.08
Indiana,1990,10,29,13.356,-0.487,0,13.7
Indiana,1990,10,30,20.277,7.362,0,13.04
Indiana,1990,10,31,21.403,8.936,0,12.69
Indiana,1990,11,1,21.145,9.24,0,13.1
Indiana,1990,11,2,20.616,12.938,0,10.14
Indiana,1990,11,3,20.924,12.574,0,11.37
Indiana,1990,11,4,17.042,9.753,4.29164171214325,4.38
Indiana,1990,11,5,14.612,4.446,15.1084691285064,1.21
Indiana,1990,11,6,7.664,0.627,0,11.2
Indiana,1990,11,7,6.107,2.902,0,7.66
Indiana,1990,11,8,5.999,-4.55,0,10.38
Indiana,1990,11,9,4.865,2.848,1.27003192892516,3.18
Indiana,1990,11,10,11.588,-0.625,0,11.51
Indiana,1990,11,11,11.159,-3.128,0,8.96
Indiana,1990,11,12,9.471,-0.648,0,11.55
Indiana,1990,11,13,9.071,-1.836,0,10.96
Indiana,1990,11,14,17.123,2.072,0,11.2
Indiana,1990,11,15,20.1,10.221,0,11
Indiana,1990,11,16,15.998,11.457,0,7.06
Indiana,1990,11,17,10.578,1.674,0,10.87
Indiana,1990,11,18,9.639,1.912,0,7.18
Indiana,1990,11,19,10.979,4.776,0,3.76
Indiana,1990,11,20,14.863,5.769,0,8.57
Indiana,1990,11,21,20.233,9.457,0,8.25
Indiana,1990,11,22,17.746,8.864,9.80946123598869,6.29
Indiana,1990,11,23,12.104,3.863,0,10.12
Indiana,1990,11,24,13.371,3.71,0,8.93
Indiana,1990,11,25,15.247,6.748,0,9.2
Indiana,1990,11,26,17.36,3.896,1.01832126728141,2.3
Indiana,1990,11,27,19.93,17.043,5.49241304397086,1.66
Indiana,1990,11,28,20.011,1.633,23.9181250332763,7.38
Indiana,1990,11,29,3.983,-2.89,0,9.99
Indiana,1990,11,30,8.127,-2.032,0,9.86
Indiana,1990,12,1,8.237,4.067,0,3.71
Indiana,1990,12,2,6.349,0.731,0,4.69
Indiana,1990,12,3,12.96,2.343,24.1562547231524,3
Indiana,1990,12,4,2.668,-3.879,0,5.11
Indiana,1990,12,5,4.647,-7.823,0,9.34
Indiana,1990,12,6,4.174,-0.961,0,5.13
Indiana,1990,12,7,4.99,-6.129,0,9.55
Indiana,1990,12,8,7.438,-2.826,0,9.09
Indiana,1990,12,9,11.446,-1.647,0,9.07
Indiana,1990,12,10,10.19,0.13,0,8.87
Indiana,1990,12,11,13.052,1.25,0,9.08
Indiana,1990,12,12,13.42,5.603,0,7
Indiana,1990,12,13,12.474,0.672,0,7.31
Indiana,1990,12,14,4.399,-4.596,0,8.81
Indiana,1990,12,15,11.354,2,11.2492680549394,5.61
Indiana,1990,12,16,4.539,-0.472,0,6.92
Indiana,1990,12,17,6.081,1.476,9.84099805282312,0.75
Indiana,1990,12,18,8.569,0.963,12.600649584499,1.65
Indiana,1990,12,19,1.795,-0.931,0,5.97
Indiana,1990,12,20,9.693,-0.577,0,7.99
Indiana,1990,12,21,14.885,7.365,17.0754104852335,1.1
Indiana,1990,12,22,14.398,-6.311,5.61954081058502,5.27
Indiana,1990,12,23,-7.058,-11.413,2.68375873565674,4.66
Indiana,1990,12,24,-10.589,-20.112,3.43194007873038,9.6
Indiana,1990,12,25,-5.935,-16.81,0,9.24
Indiana,1990,12,26,-6.95,-17.492,0,9.49
Indiana,1990,12,27,-4.539,-19.017,7.33018219460746,3.95
Indiana,1990,12,28,1.9,-4.172,3.17261219021248,5.72
Indiana,1990,12,29,13.418,2.589,26.2816078280252,0.58
Indiana,1990,12,30,5.558,-8.859,32.4665009975433,2.09
Indiana,1990,12,31,-9.292,-17.497,0,9.64
Indiana,1991,1,1,1.217,-10.378,0,9.37
Indiana,1991,1,2,0.126,-7.686,0,7.51
Indiana,1991,1,3,-2.06,-12.774,0,9.42
Indiana,1991,1,4,-3.343,-12.646,0,9
Indiana,1991,1,5,1.201,-6.273,7.5617594537789,1.72
Indiana,1991,1,6,1.082,-5.459,0,5.21
Indiana,1991,1,7,-1.423,-6.816,0,9.82
Indiana,1991,1,8,1.742,-6.302,0,7.46
Indiana,1991,1,9,0.485,-2.114,0,4.52
Indiana,1991,1,10,-1.019,-4.346,0,3.1
Indiana,1991,1,11,1.605,-1.298,15.7993875671991,0.94
Indiana,1991,1,12,0.187,-3.013,1.2171804904888,4.93
Indiana,1991,1,13,-0.167,-4.933,0,5.24
Indiana,1991,1,14,5.637,-1.417,0,9.97
Indiana,1991,1,15,8.193,0.261,0,7.04
Indiana,1991,1,16,4.484,1.358,11.7181986570358,1.79
Indiana,1991,1,17,1.101,-5.595,0,3.51
Indiana,1991,1,18,2.934,-4.053,0,10.37
Indiana,1991,1,19,8.23,-2.056,0,7.09
Indiana,1991,1,20,3.524,-1.041,3.15291791821437,2.99
Indiana,1991,1,21,-2.964,-10.578,1.32233202447196,10.09
Indiana,1991,1,22,-6.392,-16.427,0,11.7
Indiana,1991,1,23,2.858,-7.429,0,8.79
Indiana,1991,1,24,-2.148,-9.712,0,10.47
Indiana,1991,1,25,-5.603,-14.049,0,11.47
Indiana,1991,1,26,-3.461,-8.011,1.5852779148986,9.47
Indiana,1991,1,27,0.803,-8.857,0,4.54
Indiana,1991,1,28,3.702,-8.385,0,12.21
Indiana,1991,1,29,0.343,-7.226,2.380126714705,5.52
Indiana,1991,1,30,-1.522,-6.904,1.16668428006506,7.45
Indiana,1991,1,31,-4.379,-10.77,0,13.02
Indiana,1991,2,1,4.938,-8.404,0,12.31
Indiana,1991,2,2,9.138,0.345,0,12.71
Indiana,1991,2,3,12.213,-0.391,0,13.07
Indiana,1991,2,4,15.52,2.689,0,11.21
Indiana,1991,2,5,10.637,2.095,0,4.63
Indiana,1991,2,6,6.217,3.339,3.71191501614021,1.83
Indiana,1991,2,7,3.37,-0.645,0,5.8
Indiana,1991,2,8,8.015,-3.118,0,13.25
Indiana,1991,2,9,9.849,-2.745,0,12.44
Indiana,1991,2,10,4.178,-2.697,0,14.16
Indiana,1991,2,11,1.208,-5.893,0,14.31
Indiana,1991,2,12,4.31,-7.932,0,14.27
Indiana,1991,2,13,5.947,-1.281,7.7711880206266,2.11
Indiana,1991,2,14,2.789,-4.379,6.33356273164054,5.77
Indiana,1991,2,15,-5.423,-13.265,0,13.42
Indiana,1991,2,16,-1.59,-16.441,0,13.96
Indiana,1991,2,17,5.206,-2.312,0,7.82
Indiana,1991,2,18,12.005,0.993,2.24444270128288,1.73
Indiana,1991,2,19,13.118,3.467,5.70907726887526,5.37
Indiana,1991,2,20,8.277,-3.935,0,15.68
Indiana,1991,2,21,14.845,0.962,0,15.09
Indiana,1991,2,22,10.006,1.648,0,14.33
Indiana,1991,2,23,4.085,-5.596,0,16.05
Indiana,1991,2,24,5.27,-1.181,0,13.22
Indiana,1991,2,25,0.754,-4.983,0,11.69
Indiana,1991,2,26,-0.363,-8.433,0,13.38
Indiana,1991,2,27,1.834,-5.934,0,9.27
Indiana,1991,2,28,13.291,-1.363,1.9562691450119,14.39
Indiana,1991,3,1,12.703,7.627,5.33962054739234,4.4
Indiana,1991,3,2,14.362,1.306,11.9084417819977,4.87
Indiana,1991,3,3,0.606,-3.045,0,8.31
Indiana,1991,3,4,5.361,-7.203,0,17.84
Indiana,1991,3,5,14.124,-3.43,0,15.01
Indiana,1991,3,6,11.983,5.472,1.72314047813416,9.21
Indiana,1991,3,7,5.059,-3.686,0,18.35
Indiana,1991,3,8,7.265,-5.539,0,18.84
Indiana,1991,3,9,4.567,1.068,0,16.06
Indiana,1991,3,10,7.069,-2.917,0,16.54
Indiana,1991,3,11,10.308,-1.211,0,13.94
Indiana,1991,3,12,7.981,-0.854,17.4907207488673,2.77
Indiana,1991,3,13,1.816,-0.144,23.8782703876446,4.08
Indiana,1991,3,14,1.561,-3.594,5.04786074151298,21.38
Indiana,1991,3,15,2.521,-7.854,0,21.23
Indiana,1991,3,16,9.857,-3.752,0,18.91
Indiana,1991,3,17,9.916,1.699,12.3441916866796,6.38
Indiana,1991,3,18,7.542,2.575,2.80686020840903,6.88
Indiana,1991,3,19,13.113,0.355,0,18.28
Indiana,1991,3,20,16.926,-0.982,0,15.75
Indiana,1991,3,21,23.001,9.698,0,20.44
Indiana,1991,3,22,19.728,14.318,10.0293606519699,4.29
Indiana,1991,3,23,17.64,12.514,14.5012083632992,14.96
Indiana,1991,3,24,11.911,4.106,1.0996642228065,10.69
Indiana,1991,3,25,19.379,1.699,0,19.8
Indiana,1991,3,26,23.007,11.17,15.9560394258733,9.95
Indiana,1991,3,27,22.678,18.391,1.51631770387439,13.13
Indiana,1991,3,28,19.726,2.037,4.03819978237152,22.27
Indiana,1991,3,29,11.092,-1.244,0,18.52
Indiana,1991,3,30,4.816,-5.128,0,22.76
Indiana,1991,3,31,12.167,-1.494,1.37077569951316,15.68
Indiana,1991,4,1,11.768,0.347,0,22.54
Indiana,1991,4,2,12.003,-1.939,0,23.25
Indiana,1991,4,3,18.433,2.866,0,19.8
Indiana,1991,4,4,15.438,11.231,7.68205249971743,5.96
Indiana,1991,4,5,22.078,8.189,0,19.26
Indiana,1991,4,6,24.761,12.141,0,23.35
Indiana,1991,4,7,25.274,14.377,0,20.69
Indiana,1991,4,8,21.635,16.906,7.37111270427704,7.01
Indiana,1991,4,9,19.527,10.608,1.56021118164062,10.03
Indiana,1991,4,10,10.588,3.656,0,16.03
Indiana,1991,4,11,13.304,-1.249,0,20.09
Indiana,1991,4,12,14.86,4.842,0,11.15
Indiana,1991,4,13,15.599,10.541,5.57031333363511,3.56
Indiana,1991,4,14,22.022,12.681,30.1770836114201,10.04
Indiana,1991,4,15,18.827,8.197,12.3251080513,17.93
Indiana,1991,4,16,22.619,7.787,0,23.93
Indiana,1991,4,17,20.431,8.994,0,24.74
Indiana,1991,4,18,17.213,6.125,0,19.76
Indiana,1991,4,19,14.565,7.04,14.2931044101715,6.9
Indiana,1991,4,20,11.096,5.882,0,13.17
Indiana,1991,4,21,11.183,4.304,0,17.03
Indiana,1991,4,22,16.106,1.328,0,25.1
Indiana,1991,4,23,17.167,6.655,8.13495647162199,16.84
Indiana,1991,4,24,16.434,4.329,0,26.88
Indiana,1991,4,25,18.468,3.364,0,22.81
Indiana,1991,4,26,23.522,9.605,0,17.23
Indiana,1991,4,27,22.33,15.526,0,9.41
Indiana,1991,4,28,22.909,14.653,0,10.34
Indiana,1991,4,29,24.676,17.207,17.5413429737041,9.21
Indiana,1991,4,30,22.584,13.074,0,27.18
Indiana,1991,5,1,19.676,9.664,3.17460617594634,20.72
Indiana,1991,5,2,21.033,6.229,0,27.26
Indiana,1991,5,3,18.738,6.414,0,21.8
Indiana,1991,5,4,20.341,11.133,12.5362634657904,12.13
Indiana,1991,5,5,21.411,13.889,4.49460744857788,10.37
Indiana,1991,5,6,18.042,8.134,0,11.78
Indiana,1991,5,7,20.161,5.396,0,27.02
Indiana,1991,5,8,24.866,10.337,0,24.9
Indiana,1991,5,9,23.426,13.733,0,20.29
Indiana,1991,5,10,24.586,14.517,0,14.43
Indiana,1991,5,11,27.492,16.863,0,22.3
Indiana,1991,5,12,26.525,16.837,0,21.16
Indiana,1991,5,13,28.279,16.708,0,25.08
Indiana,1991,5,14,29.78,17.33,0,25.39
Indiana,1991,5,15,28.593,17.417,0,23.93
Indiana,1991,5,16,29.509,19.096,5.0662000127204,22.64
Indiana,1991,5,17,27.733,19.209,4.84401954452096,21.17
Indiana,1991,5,18,23.173,15.522,2.63118529517214,12.92
Indiana,1991,5,19,21.614,13.682,0,17.42
Indiana,1991,5,20,26.323,15.616,0,20.82
Indiana,1991,5,21,27.445,16.885,0,23.62
Indiana,1991,5,22,27.378,19.671,2.99141108979484,18.71
Indiana,1991,5,23,27.362,20.192,2.46670842170715,18.51
Indiana,1991,5,24,28.593,20.916,3.79979687158993,23.86
Indiana,1991,5,25,26.811,21.408,6.3777431595895,13.9
Indiana,1991,5,26,26.932,21.457,7.49537646760245,12.61
Indiana,1991,5,27,30.115,20.678,1.52502357951789,24.01
Indiana,1991,5,28,31.406,21.052,1.08727812767029,27.2
Indiana,1991,5,29,29.781,21.398,7.91456796930134,21.95
Indiana,1991,5,30,29.855,21.85,7.67858624453766,22.48
Indiana,1991,5,31,30.014,21.953,9.96936857700348,24.94
Indiana,1991,6,1,29.65,20.592,8.89837741851807,23.98
Indiana,1991,6,2,30.417,20.366,14.7475898265839,24.42
Indiana,1991,6,3,27.718,18.446,0,22.05
Indiana,1991,6,4,25.336,16.234,0,28.82
Indiana,1991,6,5,21.764,12.32,0,23.87
Indiana,1991,6,6,23.822,11.644,0,27.91
Indiana,1991,6,7,25.006,12.287,0,25.85
Indiana,1991,6,8,26.139,12.542,0,23.07
Indiana,1991,6,9,28.276,13.512,0,26.19
Indiana,1991,6,10,27.843,18.384,0,22.76
Indiana,1991,6,11,27.015,20.564,9.18680429458618,19.73
Indiana,1991,6,12,28.552,17.028,1.44310268098025,26.77
Indiana,1991,6,13,29.614,18.171,0,26.45
Indiana,1991,6,14,31.176,20.878,0,25.91
Indiana,1991,6,15,32.188,23.654,3.50421235947351,26.74
Indiana,1991,6,16,25.971,21.675,6.30847811692092,19.65
Indiana,1991,6,17,26.982,15.364,0,23.13
Indiana,1991,6,18,29.251,17.736,0,29.03
Indiana,1991,6,19,30.699,17.003,0,29.97
Indiana,1991,6,20,31.244,17.601,0,30.15
Indiana,1991,6,21,31.619,19.494,0,25.21
Indiana,1991,6,22,29.278,19.495,5.65368648568665,21.4
Indiana,1991,6,23,25.819,16.266,1.83548331256134,23.74
Indiana,1991,6,24,27.499,15.477,0,27.61
Indiana,1991,6,25,29.672,16.761,0,25.21
Indiana,1991,6,26,30.316,20.25,0,25.55
Indiana,1991,6,27,30.31,20.94,0,24.98
Indiana,1991,6,28,29.631,21.221,0,21.61
Indiana,1991,6,29,31.358,22.09,0,25.43
Indiana,1991,6,30,32.766,22.831,0,23.45
Indiana,1991,7,1,33.578,23.525,0,25.45
Indiana,1991,7,2,31.663,22.106,2.17268168916007,22.99
Indiana,1991,7,3,30.573,20.696,0,25.87
Indiana,1991,7,4,28.588,21.401,1.12044986178716,21.74
Indiana,1991,7,5,29.503,19.131,0,23.43
Indiana,1991,7,6,33.703,21.728,0,27.71
Indiana,1991,7,7,34.604,23.791,0,26.31
Indiana,1991,7,8,32.392,22.46,14.9688925394571,23.17
Indiana,1991,7,9,25.337,17.274,0,12.2
Indiana,1991,7,10,27.731,19.455,0,22.54
Indiana,1991,7,11,28.109,19.447,0,20.67
Indiana,1991,7,12,28.714,21.397,12.9822194576263,14.06
Indiana,1991,7,13,27.378,20.545,0,23.21
Indiana,1991,7,14,25.444,17.66,0,22.83
Indiana,1991,7,15,27.747,16.541,0,24.66
Indiana,1991,7,16,28.987,17.392,0,29.07
Indiana,1991,7,17,30.043,16.153,0,29.03
Indiana,1991,7,18,31.314,19.803,0,27.56
Indiana,1991,7,19,32.213,21.401,0,26.65
Indiana,1991,7,20,31.585,22.805,0,24.78
Indiana,1991,7,21,32.469,23.586,0,23.27
Indiana,1991,7,22,34.68,24.926,0,25.73
Indiana,1991,7,23,32.572,24.111,0,24.12
Indiana,1991,7,24,27.233,18.712,0,15.9
Indiana,1991,7,25,26.688,15.367,0,24.53
Indiana,1991,7,26,26.108,14.843,0,25.68
Indiana,1991,7,27,27.507,15.009,0,26.88
Indiana,1991,7,28,27.972,17.267,0,20.55
Indiana,1991,7,29,26.863,20.086,1.50399531863243,15.06
Indiana,1991,7,30,25.582,15.385,0,19.02
Indiana,1991,7,31,30.277,14.507,0,27.39
Indiana,1991,8,1,32.566,20.864,0,27.09
Indiana,1991,8,2,34.851,20.626,0,25.13
Indiana,1991,8,3,32.678,24.45,1.9393252299551,16.51
Indiana,1991,8,4,26.783,20.83,0,20.55
Indiana,1991,8,5,24.012,15.985,1.81598899769142,10.68
Indiana,1991,8,6,23.397,17.176,15.4240660803566,10.85
Indiana,1991,8,7,27.834,16.822,0,21.74
Indiana,1991,8,8,26.874,19.031,16.7674882926008,12.6
Indiana,1991,8,9,23.945,17.602,0,10.87
Indiana,1991,8,10,25.17,15.579,0,22.41
Indiana,1991,8,11,26.051,13.79,0,23.22
Indiana,1991,8,12,27.526,15.077,0,24.13
Indiana,1991,8,13,27.441,15.942,0,23.43
Indiana,1991,8,14,28.035,16.319,0,23.53
Indiana,1991,8,15,29.337,17.456,0,25.32
Indiana,1991,8,16,30.939,19.32,0,23.47
Indiana,1991,8,17,28.838,23.409,6.37422846449454,13.48
Indiana,1991,8,18,28.082,17.026,0,20.68
Indiana,1991,8,19,24.363,16.291,10.2318972349167,15.5
Indiana,1991,8,20,24.817,16.841,0,18.27
Indiana,1991,8,21,27.091,14.932,0,20.35
Indiana,1991,8,22,28.739,19.861,0,18.51
Indiana,1991,8,23,30.261,15.892,0,24.79
Indiana,1991,8,24,31.762,18.93,0,23.83
Indiana,1991,8,25,33.293,19.421,0,23.1
Indiana,1991,8,26,32.417,21.801,0,22.78
Indiana,1991,8,27,30.656,21.397,0,15.31
Indiana,1991,8,28,33.257,22.999,0,18.29
Indiana,1991,8,29,32.961,22.779,3.83969536011364,16.79
Indiana,1991,8,30,29.444,22.35,7.49695897098945,15.07
Indiana,1991,8,31,29.414,21.725,3.92937958241646,14.63
Indiana,1991,9,1,27.131,16.451,0,22.48
Indiana,1991,9,2,29.756,15.819,0,19.74
Indiana,1991,9,3,29.908,22.771,6.93032211620448,15.96
Indiana,1991,9,4,25.641,20.743,15.1297800985617,20.39
Indiana,1991,9,5,24.97,13.514,0,23.29
Indiana,1991,9,6,27.48,14.125,0,22.43
Indiana,1991,9,7,30.398,15.854,0,22.27
Indiana,1991,9,8,30.517,18.747,0,20.83
Indiana,1991,9,9,32.187,22.292,1.01006031036377,18.58
Indiana,1991,9,10,30.064,22.753,0,14
Indiana,1991,9,11,28.341,17.018,0,20.39
Indiana,1991,9,12,33.38,19.643,1.58846676339408,16.64
Indiana,1991,9,13,33.404,21.385,3.63098382945282,18.47
Indiana,1991,9,14,33.182,21.988,2.31480695055097,17.23
Indiana,1991,9,15,33.293,24.16,0,19.04
Indiana,1991,9,16,30.555,24.275,1.51909404121398,12.56
Indiana,1991,9,17,25.345,14.786,0,18.73
Indiana,1991,9,18,23.241,15.522,1.11071765422821,8.21
Indiana,1991,9,19,15.968,6.568,0,20.34
Indiana,1991,9,20,15.477,5.673,0,19.61
Indiana,1991,9,21,19.902,5.975,0,20.84
Indiana,1991,9,22,20.101,12.023,1.4245502956669,5.94
Indiana,1991,9,23,18.911,8.933,3.80394756791702,20.3
Indiana,1991,9,24,17.992,9.001,0,12.69
Indiana,1991,9,25,19.004,5.043,0,12.77
Indiana,1991,9,26,16.793,8.773,0,19.69
Indiana,1991,9,27,17.824,4.65,0,16.92
Indiana,1991,9,28,19.805,8.561,1.49604855442931,14.61
Indiana,1991,9,29,24.737,9.7,0,17.18
Indiana,1991,9,30,28.122,15.063,0,17.96
Indiana,1991,10,1,26.329,13.731,0,14.29
Indiana,1991,10,2,27.799,17.265,0,15.46
Indiana,1991,10,3,24.446,16.833,8.28641144028097,7.7
Indiana,1991,10,4,26.254,17.77,32.5915126940686,13.19
Indiana,1991,10,5,24.239,9.015,13.4007930755615,7.78
Indiana,1991,10,6,11.084,3.855,0,9.13
Indiana,1991,10,7,12.778,3.73,0,17.51
Indiana,1991,10,8,20.557,7.503,0,16.54
Indiana,1991,10,9,22.501,13.602,0,16.09
Indiana,1991,10,10,18.586,11.336,0,16.67
Indiana,1991,10,11,18.817,9.527,2.17834115028381,13.02
Indiana,1991,10,12,15.289,8.117,0,12.91
Indiana,1991,10,13,14.551,3.471,0,16.16
Indiana,1991,10,14,15.236,9.913,7.43107728220593,5.5
Indiana,1991,10,15,11.55,5.13,0,11.16
Indiana,1991,10,16,13.572,-0.826,0,15.74
Indiana,1991,10,17,20.026,5.892,0,15.46
Indiana,1991,10,18,19.222,10.034,0,14.61
Indiana,1991,10,19,11.214,4.021,7.96223580837108,14.56
Indiana,1991,10,20,12.589,-1.588,0,15.31
Indiana,1991,10,21,17.791,2.993,0,14.73
Indiana,1991,10,22,23.34,10.69,0,12.07
Indiana,1991,10,23,22.806,15.01,0,11.55
Indiana,1991,10,24,22.981,17.609,0,7.97
Indiana,1991,10,25,20.952,17.412,23.6082375049591,1.37
Indiana,1991,10,26,18.874,16.987,22.3648607729956,2.16
Indiana,1991,10,27,18.392,13.955,2.70397961139679,3.65
Indiana,1991,10,28,17.664,12.716,5.27128577232361,3.5
Indiana,1991,10,29,23.98,15.191,4.52917814254761,7.79
Indiana,1991,10,30,19.365,9.811,20.8821147680283,0.96
Indiana,1991,10,31,14.797,9.982,0,2.34
Indiana,1991,11,1,14.969,6.992,8.81014764308929,2.4
Indiana,1991,11,2,6.779,-1.786,0,7.7
Indiana,1991,11,3,-1.898,-6.592,0,9.86
Indiana,1991,11,4,-3.054,-6.773,0,10.99
Indiana,1991,11,5,2.849,-7.344,0,9.82
Indiana,1991,11,6,2.161,-1.32,0,7.97
Indiana,1991,11,7,-0.206,-4.115,4.71554100512961,7.74
Indiana,1991,11,8,-1.443,-9.867,0,12.53
Indiana,1991,11,9,2.729,-9.513,0,12.27
Indiana,1991,11,10,5.38,-6.224,0,11.96
Indiana,1991,11,11,6.55,-2.192,0,8.91
Indiana,1991,11,12,3.785,0.796,1.84284150600433,3.13
Indiana,1991,11,13,11.993,1,0,10.6
Indiana,1991,11,14,13.673,6.68,0,5.12
Indiana,1991,11,15,13.63,10.63,2.21473872653632,1.44
Indiana,1991,11,16,13.101,6.904,4.63184118262916,6.2
Indiana,1991,11,17,12.049,2.42,0,7.55
Indiana,1991,11,18,17.441,9.792,5.94988465309143,3.38
Indiana,1991,11,19,18.793,15.635,3.04380059242249,3.86
Indiana,1991,11,20,17.387,7.774,40.5196726321719,1.44
Indiana,1991,11,21,10.569,5.785,0,4.98
Indiana,1991,11,22,11.352,5.351,0,6.8
Indiana,1991,11,23,9.453,0.291,1.22095942487022,3.96
Indiana,1991,11,24,-0.343,-3.679,1.4889389277073,4.33
Indiana,1991,11,25,-3.939,-9.27,0,8.99
Indiana,1991,11,26,0.733,-10.402,0,7.76
Indiana,1991,11,27,6.478,-1.085,3.88117208063932,4.43
Indiana,1991,11,28,12.043,4.66,6.44803047180176,2.11
Indiana,1991,11,29,16.469,11.826,0,5.08
Indiana,1991,11,30,16.408,4.797,4.38451766967773,9.31
Indiana,1991,12,1,4.654,-2.641,0,5.82
Indiana,1991,12,2,2.354,-0.62,7.17358589162131,0.97
Indiana,1991,12,3,1.95,-1.739,6.49033486843109,2.68
Indiana,1991,12,4,-2.57,-15.137,0,8.89
Indiana,1991,12,5,3.865,-13.434,0,6.73
Indiana,1991,12,6,3.948,-5.001,0,8.86
Indiana,1991,12,7,12.627,1.804,0,2.94
Indiana,1991,12,8,17.509,9.309,0,2.75
Indiana,1991,12,9,15.834,2.716,2.45605707158347,6
Indiana,1991,12,10,8.84,-2.384,0,8.76
Indiana,1991,12,11,8.531,3.827,0,2.12
Indiana,1991,12,12,15.253,6.489,9.56229296389211,1.23
Indiana,1991,12,13,15.842,6.209,2.933508157696,3.14
Indiana,1991,12,14,7.226,-0.867,0,8.65
Indiana,1991,12,15,1.843,-4.994,0,8.08
Indiana,1991,12,16,2.799,-9.815,0,7.38
Indiana,1991,12,17,2.861,-0.337,0,8.3
Indiana,1991,12,18,-0.142,-5.73,0,6.61
Indiana,1991,12,19,-0.205,-9.193,0,8.98
Indiana,1991,12,20,3.256,-3.544,0,2.29
Indiana,1991,12,21,4.633,0.418,7.70374037330157,8.23
Indiana,1991,12,22,5.731,-2.645,0,3.1
Indiana,1991,12,23,4.883,1.954,5.17912805071319,1.99
Indiana,1991,12,24,4.638,-5.022,0,8.74
Indiana,1991,12,25,4.965,-5.053,0,8.8
Indiana,1991,12,26,6.833,-2.541,0,8.29
Indiana,1991,12,27,5.887,-2.576,0,8.45
Indiana,1991,12,28,2.669,-0.801,0,2.1
Indiana,1991,12,29,3.756,0.954,0,3.07
Indiana,1991,12,30,2.433,-1.269,0,5.67
