Date,Year,DiseaseSeverity,Source
1972-10-04,1972.0,0.0,FraNchEstYN
1972-10-05,1972.0,0.0,FraNchEstYN
1972-10-06,1972.0,0.0,FraNchEstYN
1972-10-07,1972.0,0.0,FraNchEstYN
1972-10-08,1972.0,0.0,FraNchEstYN
1972-10-09,1972.0,0.0,FraNchEstYN
1972-10-10,1972.0,0.0,FraNchEstYN
1972-10-11,1972.0,0.0,FraNchEstYN
1972-10-12,1972.0,0.0,FraNchEstYN
1972-10-13,1972.0,0.0,FraNchEstYN
1972-10-14,1972.0,0.0,FraNchEstYN
1972-10-15,1972.0,0.0,FraNchEstYN
1972-10-16,1972.0,0.0,FraNchEstYN
1972-10-17,1972.0,0.0,FraNchEstYN
1972-10-18,1972.0,0.0,FraNchEstYN
1972-10-19,1972.0,0.0,FraNchEstYN
1972-10-20,1972.0,0.0,FraNchEstYN
1972-10-21,1972.0,0.0,FraNchEstYN
1972-10-22,1972.0,0.0,FraNchEstYN
1972-10-23,1972.0,0.0,FraNchEstYN
1972-10-24,1972.0,0.0,FraNchEstYN
1972-10-25,1972.0,0.0,FraNchEstYN
1972-10-26,1972.0,0.0,FraNchEstYN
1972-10-27,1972.0,0.0,FraNchEstYN
1972-10-28,1972.0,0.0,FraNchEstYN
1972-10-29,1972.0,0.0,FraNchEstYN
1972-10-30,1972.0,0.0,FraNchEstYN
1972-10-31,1972.0,0.0,FraNchEstYN
1972-11-01,1972.0,0.0,FraNchEstYN
1972-11-02,1972.0,0.0,FraNchEstYN
1972-11-03,1972.0,0.0,FraNchEstYN
1972-11-04,1972.0,0.0,FraNchEstYN
1972-11-05,1972.0,0.0,FraNchEstYN
1972-11-06,1972.0,0.0,FraNchEstYN
1972-11-07,1972.0,0.0,FraNchEstYN
1972-11-08,1972.0,0.0,FraNchEstYN
1972-11-09,1972.0,0.0,FraNchEstYN
1972-11-10,1972.0,0.0,FraNchEstYN
1972-11-11,1972.0,0.0,FraNchEstYN
1972-11-12,1972.0,0.0,FraNchEstYN
1972-11-13,1972.0,0.0,FraNchEstYN
1972-11-14,1972.0,0.0,FraNchEstYN
1972-11-15,1972.0,0.0,FraNchEstYN
1972-11-16,1972.0,0.0,FraNchEstYN
1972-11-17,1972.0,0.0,FraNchEstYN
1972-11-18,1972.0,0.0,FraNchEstYN
1972-11-19,1972.0,0.0,FraNchEstYN
1972-11-20,1972.0,0.0,FraNchEstYN
1972-11-21,1972.0,0.0,FraNchEstYN
1972-11-22,1972.0,0.0,FraNchEstYN
1972-11-23,1972.0,0.0,FraNchEstYN
1972-11-24,1972.0,0.0,FraNchEstYN
1972-11-25,1972.0,0.0,FraNchEstYN
1972-11-26,1972.0,0.0,FraNchEstYN
1972-11-27,1972.0,0.0,FraNchEstYN
1972-11-28,1972.0,0.0,FraNchEstYN
1972-11-29,1972.0,0.0,FraNchEstYN
1972-11-30,1972.0,0.0,FraNchEstYN
1972-12-01,1972.0,0.0,FraNchEstYN
1972-12-02,1972.0,0.0,FraNchEstYN
1972-12-03,1972.0,0.0,FraNchEstYN
1972-12-04,1972.0,0.0,FraNchEstYN
1972-12-05,1972.0,0.0,FraNchEstYN
1972-12-06,1972.0,0.0,FraNchEstYN
1972-12-07,1972.0,0.0,FraNchEstYN
1972-12-08,1972.0,0.0,FraNchEstYN
1972-12-09,1972.0,0.0,FraNchEstYN
1972-12-10,1972.0,0.0,FraNchEstYN
1972-12-11,1972.0,0.0,FraNchEstYN
1972-12-12,1972.0,0.0,FraNchEstYN
1972-12-13,1972.0,0.0,FraNchEstYN
1972-12-14,1972.0,0.0,FraNchEstYN
1972-12-15,1972.0,0.0,FraNchEstYN
1972-12-16,1972.0,0.0,FraNchEstYN
1972-12-17,1972.0,0.0,FraNchEstYN
1972-12-18,1972.0,0.0,FraNchEstYN
1972-12-19,1972.0,0.0,FraNchEstYN
1972-12-20,1972.0,0.0,FraNchEstYN
1972-12-21,1972.0,0.0,FraNchEstYN
1972-12-22,1972.0,0.0,FraNchEstYN
1972-12-23,1972.0,0.0,FraNchEstYN
1972-12-24,1972.0,0.0,FraNchEstYN
1972-12-25,1972.0,0.0,FraNchEstYN
1972-12-26,1972.0,0.0,FraNchEstYN
1972-12-27,1972.0,0.0,FraNchEstYN
1972-12-28,1972.0,0.0,FraNchEstYN
1972-12-29,1972.0,0.0,FraNchEstYN
1972-12-30,1972.0,0.0,FraNchEstYN
1972-12-31,1972.0,0.0,FraNchEstYN
1973-01-01,1973.0,0.0,FraNchEstYN
1973-01-02,1973.0,0.0,FraNchEstYN
1973-01-03,1973.0,0.0,FraNchEstYN
1973-01-04,1973.0,0.0,FraNchEstYN
1973-01-05,1973.0,0.0,FraNchEstYN
1973-01-06,1973.0,0.0,FraNchEstYN
1973-01-07,1973.0,0.0,FraNchEstYN
1973-01-08,1973.0,0.0,FraNchEstYN
1973-01-09,1973.0,0.0,FraNchEstYN
1973-01-10,1973.0,0.0,FraNchEstYN
1973-01-11,1973.0,0.0,FraNchEstYN
1973-01-12,1973.0,0.0,FraNchEstYN
1973-01-13,1973.0,0.0,FraNchEstYN
1973-01-14,1973.0,0.0,FraNchEstYN
1973-01-15,1973.0,0.0,FraNchEstYN
1973-01-16,1973.0,0.0,FraNchEstYN
1973-01-17,1973.0,0.0,FraNchEstYN
1973-01-18,1973.0,0.0,FraNchEstYN
1973-01-19,1973.0,0.0,FraNchEstYN
1973-01-20,1973.0,0.0,FraNchEstYN
1973-01-21,1973.0,0.0,FraNchEstYN
1973-01-22,1973.0,0.0,FraNchEstYN
1973-01-23,1973.0,0.0,FraNchEstYN
1973-01-24,1973.0,0.0,FraNchEstYN
1973-01-25,1973.0,0.0,FraNchEstYN
1973-01-26,1973.0,0.0,FraNchEstYN
1973-01-27,1973.0,0.0,FraNchEstYN
1973-01-28,1973.0,0.0,FraNchEstYN
1973-01-29,1973.0,0.0,FraNchEstYN
1973-01-30,1973.0,0.0,FraNchEstYN
1973-01-31,1973.0,0.0,FraNchEstYN
1973-02-01,1973.0,0.0,FraNchEstYN
1973-02-02,1973.0,0.0,FraNchEstYN
1973-02-03,1973.0,0.0,FraNchEstYN
1973-02-04,1973.0,0.0,FraNchEstYN
1973-02-05,1973.0,0.0,FraNchEstYN
1973-02-06,1973.0,0.0,FraNchEstYN
1973-02-07,1973.0,0.0,FraNchEstYN
1973-02-08,1973.0,0.0,FraNchEstYN
1973-02-09,1973.0,0.0,FraNchEstYN
1973-02-10,1973.0,0.0,FraNchEstYN
1973-02-11,1973.0,0.0,FraNchEstYN
1973-02-12,1973.0,0.0,FraNchEstYN
1973-02-13,1973.0,0.0,FraNchEstYN
1973-02-14,1973.0,0.0,FraNchEstYN
1973-02-15,1973.0,0.0,FraNchEstYN
1973-02-16,1973.0,0.0,FraNchEstYN
1973-02-17,1973.0,0.0,FraNchEstYN
1973-02-18,1973.0,0.0,FraNchEstYN
1973-02-19,1973.0,0.0,FraNchEstYN
1973-02-20,1973.0,0.0,FraNchEstYN
1973-02-21,1973.0,0.0,FraNchEstYN
1973-02-22,1973.0,0.0,FraNchEstYN
1973-02-23,1973.0,0.0,FraNchEstYN
1973-02-24,1973.0,0.0,FraNchEstYN
1973-02-25,1973.0,0.0,FraNchEstYN
1973-02-26,1973.0,0.0,FraNchEstYN
1973-02-27,1973.0,0.0,FraNchEstYN
1973-02-28,1973.0,0.0,FraNchEstYN
1973-03-01,1973.0,0.0,FraNchEstYN
1973-03-02,1973.0,0.0,FraNchEstYN
1973-03-03,1973.0,0.0,FraNchEstYN
1973-03-04,1973.0,0.0,FraNchEstYN
1973-03-05,1973.0,0.0,FraNchEstYN
1973-03-06,1973.0,0.0,FraNchEstYN
1973-03-07,1973.0,0.0,FraNchEstYN
1973-03-08,1973.0,0.0,FraNchEstYN
1973-03-09,1973.0,0.0,FraNchEstYN
1973-03-10,1973.0,0.0,FraNchEstYN
1973-03-11,1973.0,0.0,FraNchEstYN
1973-03-12,1973.0,0.0,FraNchEstYN
1973-03-13,1973.0,0.0,FraNchEstYN
1973-03-14,1973.0,0.0,FraNchEstYN
1973-03-15,1973.0,0.0,FraNchEstYN
1973-03-16,1973.0,0.0,FraNchEstYN
1973-03-17,1973.0,0.0,FraNchEstYN
1973-03-18,1973.0,0.0,FraNchEstYN
1973-03-19,1973.0,0.0,FraNchEstYN
1973-03-20,1973.0,0.0,FraNchEstYN
1973-03-21,1973.0,0.0,FraNchEstYN
1973-03-22,1973.0,0.0,FraNchEstYN
1973-03-23,1973.0,0.0,FraNchEstYN
1973-03-24,1973.0,0.0,FraNchEstYN
1973-03-25,1973.0,0.0,FraNchEstYN
1973-03-26,1973.0,0.0,FraNchEstYN
1973-03-27,1973.0,0.0,FraNchEstYN
1973-03-28,1973.0,0.0,FraNchEstYN
1973-03-29,1973.0,0.0,FraNchEstYN
1973-03-30,1973.0,0.0,FraNchEstYN
1973-03-31,1973.0,0.0,FraNchEstYN
1973-04-01,1973.0,0.0,FraNchEstYN
1973-04-02,1973.0,0.0,FraNchEstYN
1973-04-03,1973.0,0.0,FraNchEstYN
1973-04-04,1973.0,0.0,FraNchEstYN
1973-04-05,1973.0,0.0,FraNchEstYN
1973-04-06,1973.0,0.0,FraNchEstYN
1973-04-07,1973.0,0.0,FraNchEstYN
1973-04-08,1973.0,0.0,FraNchEstYN
1973-04-09,1973.0,0.0,FraNchEstYN
1973-04-10,1973.0,0.0,FraNchEstYN
1973-04-11,1973.0,0.0,FraNchEstYN
1973-04-12,1973.0,0.0,FraNchEstYN
1973-04-13,1973.0,0.0,FraNchEstYN
1973-04-14,1973.0,0.0,FraNchEstYN
1973-04-15,1973.0,0.0,FraNchEstYN
1973-04-16,1973.0,0.0,FraNchEstYN
1973-04-17,1973.0,0.0,FraNchEstYN
1973-04-18,1973.0,0.0,FraNchEstYN
1973-04-19,1973.0,0.0,FraNchEstYN
1973-04-20,1973.0,0.0,FraNchEstYN
1973-04-21,1973.0,0.0,FraNchEstYN
1973-04-22,1973.0,0.0,FraNchEstYN
1973-04-23,1973.0,0.0,FraNchEstYN
1973-04-24,1973.0,0.0,FraNchEstYN
1973-04-25,1973.0,0.0,FraNchEstYN
1973-04-26,1973.0,0.0,FraNchEstYN
1973-04-27,1973.0,0.0,FraNchEstYN
1973-04-28,1973.0,0.0,FraNchEstYN
1973-04-29,1973.0,0.0,FraNchEstYN
1973-04-30,1973.0,0.0,FraNchEstYN
1973-05-01,1973.0,0.0,FraNchEstYN
1973-05-02,1973.0,0.0,FraNchEstYN
1973-05-03,1973.0,0.0,FraNchEstYN
1973-05-04,1973.0,0.0,FraNchEstYN
1973-05-05,1973.0,0.0,FraNchEstYN
1973-05-06,1973.0,0.0,FraNchEstYN
1973-05-07,1973.0,0.0,FraNchEstYN
1973-05-08,1973.0,0.0,FraNchEstYN
1973-05-09,1973.0,0.0,FraNchEstYN
1973-05-10,1973.0,0.0,FraNchEstYN
1973-05-11,1973.0,0.0,FraNchEstYN
1973-05-12,1973.0,0.0,FraNchEstYN
1973-05-13,1973.0,0.0,FraNchEstYN
1973-05-14,1973.0,0.0,FraNchEstYN
1973-05-15,1973.0,0.0,FraNchEstYN
1973-05-16,1973.0,0.0,FraNchEstYN
1973-05-17,1973.0,0.0,FraNchEstYN
1973-05-18,1973.0,0.0,FraNchEstYN
1973-05-19,1973.0,2.5149124,FraNchEstYN
1973-05-20,1973.0,5.152511,FraNchEstYN
1973-05-21,1973.0,5.152511,FraNchEstYN
1973-05-22,1973.0,5.152511,FraNchEstYN
1973-05-23,1973.0,5.152511,FraNchEstYN
1973-05-24,1973.0,5.152511,FraNchEstYN
1973-05-25,1973.0,12.761603,FraNchEstYN
1973-05-26,1973.0,12.761603,FraNchEstYN
1973-05-27,1973.0,16.255302999999998,FraNchEstYN
1973-05-28,1973.0,16.255302999999998,FraNchEstYN
1973-05-29,1973.0,19.442118999999998,FraNchEstYN
1973-05-30,1973.0,23.640938,FraNchEstYN
1973-05-31,1973.0,23.640938,FraNchEstYN
1973-06-01,1973.0,23.640938,FraNchEstYN
1973-06-02,1973.0,23.640938,FraNchEstYN
1973-06-03,1973.0,23.640938,FraNchEstYN
1973-06-04,1973.0,23.640938,FraNchEstYN
1973-06-05,1973.0,27.24498,FraNchEstYN
1973-06-06,1973.0,27.24498,FraNchEstYN
1973-06-07,1973.0,31.766033,FraNchEstYN
1973-06-08,1973.0,36.11098,FraNchEstYN
1973-06-09,1973.0,37.685373,FraNchEstYN
1973-06-10,1973.0,39.790526,FraNchEstYN
1973-06-11,1973.0,39.790526,FraNchEstYN
1973-06-12,1973.0,43.67208,FraNchEstYN
1973-06-13,1973.0,46.89695,FraNchEstYN
1973-06-14,1973.0,49.631724,FraNchEstYN
1973-06-15,1973.0,51.44684,FraNchEstYN
1973-06-16,1973.0,51.44684,FraNchEstYN
1973-06-17,1973.0,51.44684,FraNchEstYN
1973-06-18,1973.0,54.376704,FraNchEstYN
1973-06-19,1973.0,57.165563,FraNchEstYN
1973-06-20,1973.0,59.85287,FraNchEstYN
1973-06-21,1973.0,61.214420000000004,FraNchEstYN
1973-06-22,1973.0,61.214420000000004,FraNchEstYN
1973-06-23,1973.0,61.214420000000004,FraNchEstYN
1973-06-24,1973.0,61.214420000000004,FraNchEstYN
1973-06-25,1973.0,61.214420000000004,FraNchEstYN
1973-06-26,1973.0,61.741406,FraNchEstYN
1973-06-27,1973.0,62.510940000000005,FraNchEstYN
1973-06-28,1973.0,62.934785999999995,FraNchEstYN
1973-06-29,1973.0,62.934785999999995,FraNchEstYN
1973-06-30,1973.0,63.598710000000004,FraNchEstYN
1973-07-01,1973.0,63.744897,FraNchEstYN
1973-07-02,1973.0,64.35833600000001,FraNchEstYN
1973-07-03,1973.0,64.35833600000001,FraNchEstYN
1973-07-04,1973.0,64.85274,FraNchEstYN
1973-07-05,1973.0,65.15136,FraNchEstYN
1973-07-06,1973.0,65.15996,FraNchEstYN
1973-07-07,1973.0,65.165627,FraNchEstYN
1973-07-08,1973.0,65.165627,FraNchEstYN
1973-07-09,1973.0,65.167475,FraNchEstYN
1973-07-10,1973.0,65.167475,FraNchEstYN
1973-07-11,1973.0,65.16804,FraNchEstYN
1973-07-12,1973.0,65.22542999999999,FraNchEstYN
1973-07-13,1973.0,65.24319,FraNchEstYN
1973-07-14,1973.0,65.243185,FraNchEstYN
1973-07-15,1973.0,65.243185,FraNchEstYN
1973-07-16,1973.0,65.243185,FraNchEstYN
1973-07-17,1973.0,65.24319,FraNchEstYN
1973-07-18,1973.0,65.24319,FraNchEstYN
1973-07-19,1973.0,65.243185,FraNchEstYN
1973-07-20,1973.0,65.24319,FraNchEstYN
1973-07-21,1973.0,65.24319,FraNchEstYN
1973-07-22,1973.0,65.24319,FraNchEstYN
1973-07-23,1973.0,65.24319,FraNchEstYN
1973-07-24,1973.0,65.24319,FraNchEstYN
1973-09-28,1973.0,0.0,FraNchEstYN
1973-09-29,1973.0,0.0,FraNchEstYN
1973-09-30,1973.0,0.0,FraNchEstYN
1973-10-01,1973.0,0.0,FraNchEstYN
1973-10-02,1973.0,0.0,FraNchEstYN
1973-10-03,1973.0,0.0,FraNchEstYN
1973-10-04,1973.0,0.0,FraNchEstYN
1973-10-05,1973.0,0.0,FraNchEstYN
1973-10-06,1973.0,0.0,FraNchEstYN
1973-10-07,1973.0,0.0,FraNchEstYN
1973-10-08,1973.0,0.0,FraNchEstYN
1973-10-09,1973.0,0.0,FraNchEstYN
1973-10-10,1973.0,0.0,FraNchEstYN
1973-10-11,1973.0,0.0,FraNchEstYN
1973-10-12,1973.0,0.0,FraNchEstYN
1973-10-13,1973.0,0.0,FraNchEstYN
1973-10-14,1973.0,0.0,FraNchEstYN
1973-10-15,1973.0,0.0,FraNchEstYN
1973-10-16,1973.0,0.0,FraNchEstYN
1973-10-17,1973.0,0.0,FraNchEstYN
1973-10-18,1973.0,0.0,FraNchEstYN
1973-10-19,1973.0,0.0,FraNchEstYN
1973-10-20,1973.0,0.0,FraNchEstYN
1973-10-21,1973.0,0.0,FraNchEstYN
1973-10-22,1973.0,0.0,FraNchEstYN
1973-10-23,1973.0,0.0,FraNchEstYN
1973-10-24,1973.0,0.0,FraNchEstYN
1973-10-25,1973.0,0.0,FraNchEstYN
1973-10-26,1973.0,0.0,FraNchEstYN
1973-10-27,1973.0,0.0,FraNchEstYN
1973-10-28,1973.0,0.0,FraNchEstYN
1973-10-29,1973.0,0.0,FraNchEstYN
1973-10-30,1973.0,0.0,FraNchEstYN
1973-10-31,1973.0,0.0,FraNchEstYN
1973-11-01,1973.0,0.0,FraNchEstYN
1973-11-02,1973.0,0.0,FraNchEstYN
1973-11-03,1973.0,0.0,FraNchEstYN
1973-11-04,1973.0,0.0,FraNchEstYN
1973-11-05,1973.0,0.0,FraNchEstYN
1973-11-06,1973.0,0.0,FraNchEstYN
1973-11-07,1973.0,0.0,FraNchEstYN
1973-11-08,1973.0,0.0,FraNchEstYN
1973-11-09,1973.0,0.0,FraNchEstYN
1973-11-10,1973.0,0.0,FraNchEstYN
1973-11-11,1973.0,0.0,FraNchEstYN
1973-11-12,1973.0,0.0,FraNchEstYN
1973-11-13,1973.0,0.0,FraNchEstYN
1973-11-14,1973.0,0.0,FraNchEstYN
1973-11-15,1973.0,0.0,FraNchEstYN
1973-11-16,1973.0,0.0,FraNchEstYN
1973-11-17,1973.0,0.0,FraNchEstYN
1973-11-18,1973.0,0.0,FraNchEstYN
1973-11-19,1973.0,0.0,FraNchEstYN
1973-11-20,1973.0,0.0,FraNchEstYN
1973-11-21,1973.0,0.0,FraNchEstYN
1973-11-22,1973.0,0.0,FraNchEstYN
1973-11-23,1973.0,0.0,FraNchEstYN
1973-11-24,1973.0,0.0,FraNchEstYN
1973-11-25,1973.0,0.0,FraNchEstYN
1973-11-26,1973.0,0.0,FraNchEstYN
1973-11-27,1973.0,0.0,FraNchEstYN
1973-11-28,1973.0,0.0,FraNchEstYN
1973-11-29,1973.0,0.0,FraNchEstYN
1973-11-30,1973.0,0.0,FraNchEstYN
1973-12-01,1973.0,0.0,FraNchEstYN
1973-12-02,1973.0,0.0,FraNchEstYN
1973-12-03,1973.0,0.0,FraNchEstYN
1973-12-04,1973.0,0.0,FraNchEstYN
1973-12-05,1973.0,0.0,FraNchEstYN
1973-12-06,1973.0,0.0,FraNchEstYN
1973-12-07,1973.0,0.0,FraNchEstYN
1973-12-08,1973.0,0.0,FraNchEstYN
1973-12-09,1973.0,0.0,FraNchEstYN
1973-12-10,1973.0,0.0,FraNchEstYN
1973-12-11,1973.0,0.0,FraNchEstYN
1973-12-12,1973.0,0.0,FraNchEstYN
1973-12-13,1973.0,0.0,FraNchEstYN
1973-12-14,1973.0,0.0,FraNchEstYN
1973-12-15,1973.0,0.0,FraNchEstYN
1973-12-16,1973.0,0.0,FraNchEstYN
1973-12-17,1973.0,0.0,FraNchEstYN
1973-12-18,1973.0,0.0,FraNchEstYN
1973-12-19,1973.0,0.0,FraNchEstYN
1973-12-20,1973.0,0.0,FraNchEstYN
1973-12-21,1973.0,0.0,FraNchEstYN
1973-12-22,1973.0,0.0,FraNchEstYN
1973-12-23,1973.0,0.0,FraNchEstYN
1973-12-24,1973.0,0.0,FraNchEstYN
1973-12-25,1973.0,0.0,FraNchEstYN
1973-12-26,1973.0,0.0,FraNchEstYN
1973-12-27,1973.0,0.0,FraNchEstYN
1973-12-28,1973.0,0.0,FraNchEstYN
1973-12-29,1973.0,0.0,FraNchEstYN
1973-12-30,1973.0,0.0,FraNchEstYN
1973-12-31,1973.0,0.0,FraNchEstYN
1974-01-01,1974.0,0.0,FraNchEstYN
1974-01-02,1974.0,0.0,FraNchEstYN
1974-01-03,1974.0,0.0,FraNchEstYN
1974-01-04,1974.0,0.0,FraNchEstYN
1974-01-05,1974.0,0.0,FraNchEstYN
1974-01-06,1974.0,0.0,FraNchEstYN
1974-01-07,1974.0,0.0,FraNchEstYN
1974-01-08,1974.0,0.0,FraNchEstYN
1974-01-09,1974.0,0.0,FraNchEstYN
1974-01-10,1974.0,0.0,FraNchEstYN
1974-01-11,1974.0,0.0,FraNchEstYN
1974-01-12,1974.0,0.0,FraNchEstYN
1974-01-13,1974.0,0.0,FraNchEstYN
1974-01-14,1974.0,0.0,FraNchEstYN
1974-01-15,1974.0,0.0,FraNchEstYN
1974-01-16,1974.0,0.0,FraNchEstYN
1974-01-17,1974.0,0.0,FraNchEstYN
1974-01-18,1974.0,0.0,FraNchEstYN
1974-01-19,1974.0,0.0,FraNchEstYN
1974-01-20,1974.0,0.0,FraNchEstYN
1974-01-21,1974.0,0.0,FraNchEstYN
1974-01-22,1974.0,0.0,FraNchEstYN
1974-01-23,1974.0,0.0,FraNchEstYN
1974-01-24,1974.0,0.0,FraNchEstYN
1974-01-25,1974.0,0.0,FraNchEstYN
1974-01-26,1974.0,0.0,FraNchEstYN
1974-01-27,1974.0,0.0,FraNchEstYN
1974-01-28,1974.0,0.0,FraNchEstYN
1974-01-29,1974.0,0.0,FraNchEstYN
1974-01-30,1974.0,0.0,FraNchEstYN
1974-01-31,1974.0,0.0,FraNchEstYN
1974-02-01,1974.0,0.0,FraNchEstYN
1974-02-02,1974.0,0.0,FraNchEstYN
1974-02-03,1974.0,0.0,FraNchEstYN
1974-02-04,1974.0,0.0,FraNchEstYN
1974-02-05,1974.0,0.0,FraNchEstYN
1974-02-06,1974.0,0.0,FraNchEstYN
1974-02-07,1974.0,0.0,FraNchEstYN
1974-02-08,1974.0,0.0,FraNchEstYN
1974-02-09,1974.0,0.0,FraNchEstYN
1974-02-10,1974.0,0.0,FraNchEstYN
1974-02-11,1974.0,0.0,FraNchEstYN
1974-02-12,1974.0,0.0,FraNchEstYN
1974-02-13,1974.0,0.0,FraNchEstYN
1974-02-14,1974.0,0.0,FraNchEstYN
1974-02-15,1974.0,0.0,FraNchEstYN
1974-02-16,1974.0,0.0,FraNchEstYN
1974-02-17,1974.0,0.0,FraNchEstYN
1974-02-18,1974.0,0.0,FraNchEstYN
1974-02-19,1974.0,0.0,FraNchEstYN
1974-02-20,1974.0,0.0,FraNchEstYN
1974-02-21,1974.0,0.0,FraNchEstYN
1974-02-22,1974.0,0.0,FraNchEstYN
1974-02-23,1974.0,0.0,FraNchEstYN
1974-02-24,1974.0,0.0,FraNchEstYN
1974-02-25,1974.0,0.0,FraNchEstYN
1974-02-26,1974.0,0.0,FraNchEstYN
1974-02-27,1974.0,0.0,FraNchEstYN
1974-02-28,1974.0,0.0,FraNchEstYN
1974-03-01,1974.0,0.0,FraNchEstYN
1974-03-02,1974.0,0.0,FraNchEstYN
1974-03-03,1974.0,0.0,FraNchEstYN
1974-03-04,1974.0,0.0,FraNchEstYN
1974-03-05,1974.0,0.0,FraNchEstYN
1974-03-06,1974.0,0.0,FraNchEstYN
1974-03-07,1974.0,0.0,FraNchEstYN
1974-03-08,1974.0,0.0,FraNchEstYN
1974-03-09,1974.0,0.0,FraNchEstYN
1974-03-10,1974.0,0.0,FraNchEstYN
1974-03-11,1974.0,0.0,FraNchEstYN
1974-03-12,1974.0,0.0,FraNchEstYN
1974-03-13,1974.0,0.0,FraNchEstYN
1974-03-14,1974.0,0.0,FraNchEstYN
1974-03-15,1974.0,0.0,FraNchEstYN
1974-03-16,1974.0,0.0,FraNchEstYN
1974-03-17,1974.0,0.0,FraNchEstYN
1974-03-18,1974.0,0.0,FraNchEstYN
1974-03-19,1974.0,0.0,FraNchEstYN
1974-03-20,1974.0,0.0,FraNchEstYN
1974-03-21,1974.0,0.0,FraNchEstYN
1974-03-22,1974.0,0.0,FraNchEstYN
1974-03-23,1974.0,0.0,FraNchEstYN
1974-03-24,1974.0,0.0,FraNchEstYN
1974-03-25,1974.0,0.0,FraNchEstYN
1974-03-26,1974.0,0.0,FraNchEstYN
1974-03-27,1974.0,0.0,FraNchEstYN
1974-03-28,1974.0,0.0,FraNchEstYN
1974-03-29,1974.0,0.0,FraNchEstYN
1974-03-30,1974.0,0.0,FraNchEstYN
1974-03-31,1974.0,0.0,FraNchEstYN
1974-04-01,1974.0,0.0,FraNchEstYN
1974-04-02,1974.0,0.0,FraNchEstYN
1974-04-03,1974.0,0.0,FraNchEstYN
1974-04-04,1974.0,0.0,FraNchEstYN
1974-04-05,1974.0,0.0,FraNchEstYN
1974-04-06,1974.0,0.0,FraNchEstYN
1974-04-07,1974.0,0.0,FraNchEstYN
1974-04-08,1974.0,0.0,FraNchEstYN
1974-04-09,1974.0,0.0,FraNchEstYN
1974-04-10,1974.0,0.0,FraNchEstYN
1974-04-11,1974.0,0.0,FraNchEstYN
1974-04-12,1974.0,0.0,FraNchEstYN
1974-04-13,1974.0,0.0,FraNchEstYN
1974-04-14,1974.0,0.0,FraNchEstYN
1974-04-15,1974.0,0.0,FraNchEstYN
1974-04-16,1974.0,0.0,FraNchEstYN
1974-04-17,1974.0,0.0,FraNchEstYN
1974-04-18,1974.0,0.0,FraNchEstYN
1974-04-19,1974.0,0.0,FraNchEstYN
1974-04-20,1974.0,0.0,FraNchEstYN
1974-04-21,1974.0,0.0,FraNchEstYN
1974-04-22,1974.0,1.628338,FraNchEstYN
1974-04-23,1974.0,1.628338,FraNchEstYN
1974-04-24,1974.0,1.628338,FraNchEstYN
1974-04-25,1974.0,1.628338,FraNchEstYN
1974-04-26,1974.0,5.0234713,FraNchEstYN
1974-04-27,1974.0,5.0234713,FraNchEstYN
1974-04-28,1974.0,7.469175999999999,FraNchEstYN
1974-04-29,1974.0,11.626916,FraNchEstYN
1974-04-30,1974.0,11.626916,FraNchEstYN
1974-05-01,1974.0,11.626916,FraNchEstYN
1974-05-02,1974.0,14.994973,FraNchEstYN
1974-05-03,1974.0,14.994973,FraNchEstYN
1974-05-04,1974.0,14.994973,FraNchEstYN
1974-05-05,1974.0,14.994973,FraNchEstYN
1974-05-06,1974.0,17.393604,FraNchEstYN
1974-05-07,1974.0,17.393604,FraNchEstYN
1974-05-08,1974.0,17.393604,FraNchEstYN
1974-05-09,1974.0,17.393604,FraNchEstYN
1974-05-10,1974.0,17.393604,FraNchEstYN
1974-05-11,1974.0,21.959609999999998,FraNchEstYN
1974-05-12,1974.0,26.273699999999998,FraNchEstYN
1974-05-13,1974.0,26.273699999999998,FraNchEstYN
1974-05-14,1974.0,26.273699999999998,FraNchEstYN
1974-05-15,1974.0,26.273699999999998,FraNchEstYN
1974-05-16,1974.0,30.45183,FraNchEstYN
1974-05-17,1974.0,34.174198,FraNchEstYN
1974-05-18,1974.0,34.174198,FraNchEstYN
1974-05-19,1974.0,34.174198,FraNchEstYN
1974-05-20,1974.0,38.364175,FraNchEstYN
1974-05-21,1974.0,42.327653999999995,FraNchEstYN
1974-05-22,1974.0,45.494564999999994,FraNchEstYN
1974-05-23,1974.0,45.494564999999994,FraNchEstYN
1974-05-24,1974.0,47.33643,FraNchEstYN
1974-05-25,1974.0,47.33643,FraNchEstYN
1974-05-26,1974.0,47.33643,FraNchEstYN
1974-05-27,1974.0,48.816720000000004,FraNchEstYN
1974-05-28,1974.0,48.816720000000004,FraNchEstYN
1974-05-29,1974.0,53.31977,FraNchEstYN
1974-05-30,1974.0,53.31977,FraNchEstYN
1974-05-31,1974.0,57.778890000000004,FraNchEstYN
1974-06-01,1974.0,57.778890000000004,FraNchEstYN
1974-06-02,1974.0,60.25193,FraNchEstYN
1974-06-03,1974.0,60.25193,FraNchEstYN
1974-06-04,1974.0,61.767286,FraNchEstYN
1974-06-05,1974.0,63.55217,FraNchEstYN
1974-06-06,1974.0,63.679534000000004,FraNchEstYN
1974-06-07,1974.0,65.052617,FraNchEstYN
1974-06-08,1974.0,65.16883999999999,FraNchEstYN
1974-06-09,1974.0,65.31985,FraNchEstYN
1974-06-10,1974.0,65.31985,FraNchEstYN
1974-06-11,1974.0,65.31985,FraNchEstYN
1974-06-12,1974.0,65.85011,FraNchEstYN
1974-06-13,1974.0,66.33395,FraNchEstYN
1974-06-14,1974.0,66.48999500000001,FraNchEstYN
1974-06-15,1974.0,66.87391000000001,FraNchEstYN
1974-06-16,1974.0,66.87391000000001,FraNchEstYN
1974-06-17,1974.0,66.87391000000001,FraNchEstYN
1974-06-18,1974.0,66.87391000000001,FraNchEstYN
1974-06-19,1974.0,66.87391000000001,FraNchEstYN
1974-06-20,1974.0,66.87391000000001,FraNchEstYN
1974-06-21,1974.0,66.95888599999999,FraNchEstYN
1974-06-22,1974.0,67.03793999999999,FraNchEstYN
1974-06-23,1974.0,67.073274,FraNchEstYN
1974-06-24,1974.0,67.073274,FraNchEstYN
1974-06-25,1974.0,67.073274,FraNchEstYN
1974-06-26,1974.0,67.073274,FraNchEstYN
1974-06-27,1974.0,67.073274,FraNchEstYN
1974-06-28,1974.0,67.073274,FraNchEstYN
1974-06-29,1974.0,67.07328,FraNchEstYN
1974-06-30,1974.0,67.07328,FraNchEstYN
1974-07-01,1974.0,67.073274,FraNchEstYN
1974-07-02,1974.0,67.073274,FraNchEstYN
1974-07-03,1974.0,67.073274,FraNchEstYN
1974-07-04,1974.0,67.073274,FraNchEstYN
1974-07-05,1974.0,67.073274,FraNchEstYN
1974-07-06,1974.0,67.073274,FraNchEstYN
1974-07-07,1974.0,67.07328,FraNchEstYN
1974-10-02,1974.0,0.0,FraNchEstYN
1974-10-03,1974.0,0.0,FraNchEstYN
1974-10-04,1974.0,0.0,FraNchEstYN
1974-10-05,1974.0,0.0,FraNchEstYN
1974-10-06,1974.0,0.0,FraNchEstYN
1974-10-07,1974.0,0.0,FraNchEstYN
1974-10-08,1974.0,0.0,FraNchEstYN
1974-10-09,1974.0,0.0,FraNchEstYN
1974-10-10,1974.0,0.0,FraNchEstYN
1974-10-11,1974.0,0.0,FraNchEstYN
1974-10-12,1974.0,0.0,FraNchEstYN
1974-10-13,1974.0,0.0,FraNchEstYN
1974-10-14,1974.0,0.0,FraNchEstYN
1974-10-15,1974.0,0.0,FraNchEstYN
1974-10-16,1974.0,0.0,FraNchEstYN
1974-10-17,1974.0,0.0,FraNchEstYN
1974-10-18,1974.0,0.0,FraNchEstYN
1974-10-19,1974.0,0.0,FraNchEstYN
1974-10-20,1974.0,0.0,FraNchEstYN
1974-10-21,1974.0,0.0,FraNchEstYN
1974-10-22,1974.0,0.0,FraNchEstYN
1974-10-23,1974.0,0.0,FraNchEstYN
1974-10-24,1974.0,0.0,FraNchEstYN
1974-10-25,1974.0,0.0,FraNchEstYN
1974-10-26,1974.0,0.0,FraNchEstYN
1974-10-27,1974.0,0.0,FraNchEstYN
1974-10-28,1974.0,0.0,FraNchEstYN
1974-10-29,1974.0,0.0,FraNchEstYN
1974-10-30,1974.0,0.0,FraNchEstYN
1974-10-31,1974.0,0.0,FraNchEstYN
1974-11-01,1974.0,0.0,FraNchEstYN
1974-11-02,1974.0,0.0,FraNchEstYN
1974-11-03,1974.0,0.0,FraNchEstYN
1974-11-04,1974.0,0.0,FraNchEstYN
1974-11-05,1974.0,0.0,FraNchEstYN
1974-11-06,1974.0,0.0,FraNchEstYN
1974-11-07,1974.0,0.0,FraNchEstYN
1974-11-08,1974.0,0.0,FraNchEstYN
1974-11-09,1974.0,0.0,FraNchEstYN
1974-11-10,1974.0,0.0,FraNchEstYN
1974-11-11,1974.0,0.0,FraNchEstYN
1974-11-12,1974.0,0.0,FraNchEstYN
1974-11-13,1974.0,0.0,FraNchEstYN
1974-11-14,1974.0,0.0,FraNchEstYN
1974-11-15,1974.0,0.0,FraNchEstYN
1974-11-16,1974.0,0.0,FraNchEstYN
1974-11-17,1974.0,0.0,FraNchEstYN
1974-11-18,1974.0,0.0,FraNchEstYN
1974-11-19,1974.0,0.0,FraNchEstYN
1974-11-20,1974.0,0.0,FraNchEstYN
1974-11-21,1974.0,0.0,FraNchEstYN
1974-11-22,1974.0,0.0,FraNchEstYN
1974-11-23,1974.0,0.0,FraNchEstYN
1974-11-24,1974.0,0.0,FraNchEstYN
1974-11-25,1974.0,0.0,FraNchEstYN
1974-11-26,1974.0,0.0,FraNchEstYN
1974-11-27,1974.0,0.0,FraNchEstYN
1974-11-28,1974.0,0.0,FraNchEstYN
1974-11-29,1974.0,0.0,FraNchEstYN
1974-11-30,1974.0,0.0,FraNchEstYN
1974-12-01,1974.0,0.0,FraNchEstYN
1974-12-02,1974.0,0.0,FraNchEstYN
1974-12-03,1974.0,0.0,FraNchEstYN
1974-12-04,1974.0,0.0,FraNchEstYN
1974-12-05,1974.0,0.0,FraNchEstYN
1974-12-06,1974.0,0.0,FraNchEstYN
1974-12-07,1974.0,0.0,FraNchEstYN
1974-12-08,1974.0,0.0,FraNchEstYN
1974-12-09,1974.0,0.0,FraNchEstYN
1974-12-10,1974.0,0.0,FraNchEstYN
1974-12-11,1974.0,0.0,FraNchEstYN
1974-12-12,1974.0,0.0,FraNchEstYN
1974-12-13,1974.0,0.0,FraNchEstYN
1974-12-14,1974.0,0.0,FraNchEstYN
1974-12-15,1974.0,0.0,FraNchEstYN
1974-12-16,1974.0,0.0,FraNchEstYN
1974-12-17,1974.0,0.0,FraNchEstYN
1974-12-18,1974.0,0.0,FraNchEstYN
1974-12-19,1974.0,0.0,FraNchEstYN
1974-12-20,1974.0,0.0,FraNchEstYN
1974-12-21,1974.0,0.0,FraNchEstYN
1974-12-22,1974.0,0.0,FraNchEstYN
1974-12-23,1974.0,0.0,FraNchEstYN
1974-12-24,1974.0,0.0,FraNchEstYN
1974-12-25,1974.0,0.0,FraNchEstYN
1974-12-26,1974.0,0.0,FraNchEstYN
1974-12-27,1974.0,0.0,FraNchEstYN
1974-12-28,1974.0,0.0,FraNchEstYN
1974-12-29,1974.0,0.0,FraNchEstYN
1974-12-30,1974.0,0.0,FraNchEstYN
1974-12-31,1974.0,0.0,FraNchEstYN
1975-01-01,1975.0,0.0,FraNchEstYN
1975-01-02,1975.0,0.0,FraNchEstYN
1975-01-03,1975.0,0.0,FraNchEstYN
1975-01-04,1975.0,0.0,FraNchEstYN
1975-01-05,1975.0,0.0,FraNchEstYN
1975-01-06,1975.0,0.0,FraNchEstYN
1975-01-07,1975.0,0.0,FraNchEstYN
1975-01-08,1975.0,0.0,FraNchEstYN
1975-01-09,1975.0,0.0,FraNchEstYN
1975-01-10,1975.0,0.0,FraNchEstYN
1975-01-11,1975.0,0.0,FraNchEstYN
1975-01-12,1975.0,0.0,FraNchEstYN
1975-01-13,1975.0,0.0,FraNchEstYN
1975-01-14,1975.0,0.0,FraNchEstYN
1975-01-15,1975.0,0.0,FraNchEstYN
1975-01-16,1975.0,0.0,FraNchEstYN
1975-01-17,1975.0,0.0,FraNchEstYN
1975-01-18,1975.0,0.0,FraNchEstYN
1975-01-19,1975.0,0.0,FraNchEstYN
1975-01-20,1975.0,0.0,FraNchEstYN
1975-01-21,1975.0,0.0,FraNchEstYN
1975-01-22,1975.0,0.0,FraNchEstYN
1975-01-23,1975.0,0.0,FraNchEstYN
1975-01-24,1975.0,0.0,FraNchEstYN
1975-01-25,1975.0,0.0,FraNchEstYN
1975-01-26,1975.0,0.0,FraNchEstYN
1975-01-27,1975.0,0.0,FraNchEstYN
1975-01-28,1975.0,0.0,FraNchEstYN
1975-01-29,1975.0,0.0,FraNchEstYN
1975-01-30,1975.0,0.0,FraNchEstYN
1975-01-31,1975.0,0.0,FraNchEstYN
1975-02-01,1975.0,0.0,FraNchEstYN
1975-02-02,1975.0,0.0,FraNchEstYN
1975-02-03,1975.0,0.0,FraNchEstYN
1975-02-04,1975.0,0.0,FraNchEstYN
1975-02-05,1975.0,0.0,FraNchEstYN
1975-02-06,1975.0,0.0,FraNchEstYN
1975-02-07,1975.0,0.0,FraNchEstYN
1975-02-08,1975.0,0.0,FraNchEstYN
1975-02-09,1975.0,0.0,FraNchEstYN
1975-02-10,1975.0,0.0,FraNchEstYN
1975-02-11,1975.0,0.0,FraNchEstYN
1975-02-12,1975.0,0.0,FraNchEstYN
1975-02-13,1975.0,0.0,FraNchEstYN
1975-02-14,1975.0,0.0,FraNchEstYN
1975-02-15,1975.0,0.0,FraNchEstYN
1975-02-16,1975.0,0.0,FraNchEstYN
1975-02-17,1975.0,0.0,FraNchEstYN
1975-02-18,1975.0,0.0,FraNchEstYN
1975-02-19,1975.0,0.0,FraNchEstYN
1975-02-20,1975.0,0.0,FraNchEstYN
1975-02-21,1975.0,0.0,FraNchEstYN
1975-02-22,1975.0,0.0,FraNchEstYN
1975-02-23,1975.0,0.0,FraNchEstYN
1975-02-24,1975.0,0.0,FraNchEstYN
1975-02-25,1975.0,0.0,FraNchEstYN
1975-02-26,1975.0,0.0,FraNchEstYN
1975-02-27,1975.0,0.0,FraNchEstYN
1975-02-28,1975.0,0.0,FraNchEstYN
1975-03-01,1975.0,0.0,FraNchEstYN
1975-03-02,1975.0,0.0,FraNchEstYN
1975-03-03,1975.0,0.0,FraNchEstYN
1975-03-04,1975.0,0.0,FraNchEstYN
1975-03-05,1975.0,0.0,FraNchEstYN
1975-03-06,1975.0,0.0,FraNchEstYN
1975-03-07,1975.0,0.0,FraNchEstYN
1975-03-08,1975.0,0.0,FraNchEstYN
1975-03-09,1975.0,0.0,FraNchEstYN
1975-03-10,1975.0,0.0,FraNchEstYN
1975-03-11,1975.0,0.0,FraNchEstYN
1975-03-12,1975.0,0.0,FraNchEstYN
1975-03-13,1975.0,0.0,FraNchEstYN
1975-03-14,1975.0,0.0,FraNchEstYN
1975-03-15,1975.0,0.0,FraNchEstYN
1975-03-16,1975.0,0.0,FraNchEstYN
1975-03-17,1975.0,0.0,FraNchEstYN
1975-03-18,1975.0,0.0,FraNchEstYN
1975-03-19,1975.0,0.0,FraNchEstYN
1975-03-20,1975.0,0.0,FraNchEstYN
1975-03-21,1975.0,0.0,FraNchEstYN
1975-03-22,1975.0,0.0,FraNchEstYN
1975-03-23,1975.0,0.0,FraNchEstYN
1975-03-24,1975.0,0.0,FraNchEstYN
1975-03-25,1975.0,0.0,FraNchEstYN
1975-03-26,1975.0,0.0,FraNchEstYN
1975-03-27,1975.0,0.0,FraNchEstYN
1975-03-28,1975.0,0.0,FraNchEstYN
1975-03-29,1975.0,0.0,FraNchEstYN
1975-03-30,1975.0,0.0,FraNchEstYN
1975-03-31,1975.0,0.0,FraNchEstYN
1975-04-01,1975.0,0.0,FraNchEstYN
1975-04-02,1975.0,0.0,FraNchEstYN
1975-04-03,1975.0,0.0,FraNchEstYN
1975-04-04,1975.0,0.0,FraNchEstYN
1975-04-05,1975.0,0.0,FraNchEstYN
1975-04-06,1975.0,0.0,FraNchEstYN
1975-04-07,1975.0,0.0,FraNchEstYN
1975-04-08,1975.0,0.0,FraNchEstYN
1975-04-09,1975.0,0.0,FraNchEstYN
1975-04-10,1975.0,0.0,FraNchEstYN
1975-04-11,1975.0,0.0,FraNchEstYN
1975-04-12,1975.0,0.0,FraNchEstYN
1975-04-13,1975.0,0.0,FraNchEstYN
1975-04-14,1975.0,0.0,FraNchEstYN
1975-04-15,1975.0,0.0,FraNchEstYN
1975-04-16,1975.0,0.0,FraNchEstYN
1975-04-17,1975.0,0.0,FraNchEstYN
1975-04-18,1975.0,0.0,FraNchEstYN
1975-04-19,1975.0,0.0,FraNchEstYN
1975-04-20,1975.0,0.0,FraNchEstYN
1975-04-21,1975.0,0.0,FraNchEstYN
1975-04-22,1975.0,0.0,FraNchEstYN
1975-04-23,1975.0,0.0,FraNchEstYN
1975-04-24,1975.0,0.0,FraNchEstYN
1975-04-25,1975.0,0.0,FraNchEstYN
1975-04-26,1975.0,0.0,FraNchEstYN
1975-04-27,1975.0,0.0,FraNchEstYN
1975-04-28,1975.0,0.0,FraNchEstYN
1975-04-29,1975.0,0.0,FraNchEstYN
1975-04-30,1975.0,0.0,FraNchEstYN
1975-05-01,1975.0,0.0,FraNchEstYN
1975-05-02,1975.0,0.0,FraNchEstYN
1975-05-03,1975.0,0.0,FraNchEstYN
1975-05-04,1975.0,0.0,FraNchEstYN
1975-05-05,1975.0,0.0,FraNchEstYN
1975-05-06,1975.0,0.0,FraNchEstYN
1975-05-07,1975.0,0.0,FraNchEstYN
1975-05-08,1975.0,0.0,FraNchEstYN
1975-05-09,1975.0,0.0,FraNchEstYN
1975-05-10,1975.0,0.0,FraNchEstYN
1975-05-11,1975.0,0.0,FraNchEstYN
1975-05-12,1975.0,0.0,FraNchEstYN
1975-05-13,1975.0,0.0,FraNchEstYN
1975-05-14,1975.0,0.0,FraNchEstYN
1975-05-15,1975.0,0.0,FraNchEstYN
1975-05-16,1975.0,0.0,FraNchEstYN
1975-05-17,1975.0,0.0,FraNchEstYN
1975-05-18,1975.0,0.0,FraNchEstYN
1975-05-19,1975.0,0.0,FraNchEstYN
1975-05-20,1975.0,1.6967567,FraNchEstYN
1975-05-21,1975.0,1.6967567,FraNchEstYN
1975-05-22,1975.0,3.957007,FraNchEstYN
1975-05-23,1975.0,3.957007,FraNchEstYN
1975-05-24,1975.0,3.957007,FraNchEstYN
1975-05-25,1975.0,3.957007,FraNchEstYN
1975-05-26,1975.0,3.957007,FraNchEstYN
1975-05-27,1975.0,3.957007,FraNchEstYN
1975-05-28,1975.0,3.957007,FraNchEstYN
1975-05-29,1975.0,8.4415525,FraNchEstYN
1975-05-30,1975.0,8.4415525,FraNchEstYN
1975-05-31,1975.0,10.438108399999999,FraNchEstYN
1975-06-01,1975.0,10.438108399999999,FraNchEstYN
1975-06-02,1975.0,10.438108399999999,FraNchEstYN
1975-06-03,1975.0,10.438108399999999,FraNchEstYN
1975-06-04,1975.0,10.438108399999999,FraNchEstYN
1975-06-05,1975.0,13.553861000000001,FraNchEstYN
1975-06-06,1975.0,18.589711,FraNchEstYN
1975-06-07,1975.0,18.589711,FraNchEstYN
1975-06-08,1975.0,18.589711,FraNchEstYN
1975-06-09,1975.0,18.589711,FraNchEstYN
1975-06-10,1975.0,23.17636,FraNchEstYN
1975-06-11,1975.0,25.474632000000003,FraNchEstYN
1975-06-12,1975.0,27.505619999999997,FraNchEstYN
1975-06-13,1975.0,27.505619999999997,FraNchEstYN
1975-06-14,1975.0,27.53661,FraNchEstYN
1975-06-15,1975.0,32.002023,FraNchEstYN
1975-06-16,1975.0,35.974196000000006,FraNchEstYN
1975-06-17,1975.0,36.111498,FraNchEstYN
1975-06-18,1975.0,36.179784,FraNchEstYN
1975-06-19,1975.0,36.179784,FraNchEstYN
1975-06-20,1975.0,36.179784,FraNchEstYN
1975-06-21,1975.0,39.63229,FraNchEstYN
1975-06-22,1975.0,40.977764,FraNchEstYN
1975-06-23,1975.0,40.977764,FraNchEstYN
1975-06-24,1975.0,40.977764,FraNchEstYN
1975-06-25,1975.0,40.977764,FraNchEstYN
1975-06-26,1975.0,44.061065,FraNchEstYN
1975-06-27,1975.0,45.01368,FraNchEstYN
1975-06-28,1975.0,45.154786,FraNchEstYN
1975-06-29,1975.0,45.154786,FraNchEstYN
1975-06-30,1975.0,46.024597,FraNchEstYN
1975-07-01,1975.0,47.855219999999996,FraNchEstYN
1975-07-02,1975.0,47.855219999999996,FraNchEstYN
1975-07-03,1975.0,49.157158,FraNchEstYN
1975-07-04,1975.0,49.157158,FraNchEstYN
1975-07-05,1975.0,49.218014,FraNchEstYN
1975-07-06,1975.0,49.218014,FraNchEstYN
1975-07-07,1975.0,49.218014,FraNchEstYN
1975-07-08,1975.0,49.643788,FraNchEstYN
1975-07-09,1975.0,49.890268,FraNchEstYN
1975-07-10,1975.0,50.29881,FraNchEstYN
1975-07-11,1975.0,50.66207,FraNchEstYN
1975-07-12,1975.0,50.662870000000005,FraNchEstYN
1975-07-13,1975.0,50.662870000000005,FraNchEstYN
1975-07-14,1975.0,50.66314,FraNchEstYN
1975-07-15,1975.0,50.66314,FraNchEstYN
1975-07-16,1975.0,50.66314,FraNchEstYN
1975-07-17,1975.0,50.66314,FraNchEstYN
1975-07-18,1975.0,50.66314,FraNchEstYN
1975-07-19,1975.0,50.762904,FraNchEstYN
1975-07-20,1975.0,50.762904,FraNchEstYN
1975-07-21,1975.0,50.808215000000004,FraNchEstYN
1975-07-22,1975.0,50.81827,FraNchEstYN
1975-07-23,1975.0,50.81827,FraNchEstYN
1975-07-24,1975.0,50.81827,FraNchEstYN
1975-10-03,1975.0,0.0,FraNchEstYN
1975-10-04,1975.0,0.0,FraNchEstYN
1975-10-05,1975.0,0.0,FraNchEstYN
1975-10-06,1975.0,0.0,FraNchEstYN
1975-10-07,1975.0,0.0,FraNchEstYN
1975-10-08,1975.0,0.0,FraNchEstYN
1975-10-09,1975.0,0.0,FraNchEstYN
1975-10-10,1975.0,0.0,FraNchEstYN
1975-10-11,1975.0,0.0,FraNchEstYN
1975-10-12,1975.0,0.0,FraNchEstYN
1975-10-13,1975.0,0.0,FraNchEstYN
1975-10-14,1975.0,0.0,FraNchEstYN
1975-10-15,1975.0,0.0,FraNchEstYN
1975-10-16,1975.0,0.0,FraNchEstYN
1975-10-17,1975.0,0.0,FraNchEstYN
1975-10-18,1975.0,0.0,FraNchEstYN
1975-10-19,1975.0,0.0,FraNchEstYN
1975-10-20,1975.0,0.0,FraNchEstYN
1975-10-21,1975.0,0.0,FraNchEstYN
1975-10-22,1975.0,0.0,FraNchEstYN
1975-10-23,1975.0,0.0,FraNchEstYN
1975-10-24,1975.0,0.0,FraNchEstYN
1975-10-25,1975.0,0.0,FraNchEstYN
1975-10-26,1975.0,0.0,FraNchEstYN
1975-10-27,1975.0,0.0,FraNchEstYN
1975-10-28,1975.0,0.0,FraNchEstYN
1975-10-29,1975.0,0.0,FraNchEstYN
1975-10-30,1975.0,0.0,FraNchEstYN
1975-10-31,1975.0,0.0,FraNchEstYN
1975-11-01,1975.0,0.0,FraNchEstYN
1975-11-02,1975.0,0.0,FraNchEstYN
1975-11-03,1975.0,0.0,FraNchEstYN
1975-11-04,1975.0,0.0,FraNchEstYN
1975-11-05,1975.0,0.0,FraNchEstYN
1975-11-06,1975.0,0.0,FraNchEstYN
1975-11-07,1975.0,0.0,FraNchEstYN
1975-11-08,1975.0,0.0,FraNchEstYN
1975-11-09,1975.0,0.0,FraNchEstYN
1975-11-10,1975.0,0.0,FraNchEstYN
1975-11-11,1975.0,0.0,FraNchEstYN
1975-11-12,1975.0,0.0,FraNchEstYN
1975-11-13,1975.0,0.0,FraNchEstYN
1975-11-14,1975.0,0.0,FraNchEstYN
1975-11-15,1975.0,0.0,FraNchEstYN
1975-11-16,1975.0,0.0,FraNchEstYN
1975-11-17,1975.0,0.0,FraNchEstYN
1975-11-18,1975.0,0.0,FraNchEstYN
1975-11-19,1975.0,0.0,FraNchEstYN
1975-11-20,1975.0,0.0,FraNchEstYN
1975-11-21,1975.0,0.0,FraNchEstYN
1975-11-22,1975.0,0.0,FraNchEstYN
1975-11-23,1975.0,0.0,FraNchEstYN
1975-11-24,1975.0,0.0,FraNchEstYN
1975-11-25,1975.0,0.0,FraNchEstYN
1975-11-26,1975.0,0.0,FraNchEstYN
1975-11-27,1975.0,0.0,FraNchEstYN
1975-11-28,1975.0,0.0,FraNchEstYN
1975-11-29,1975.0,0.0,FraNchEstYN
1975-11-30,1975.0,0.0,FraNchEstYN
1975-12-01,1975.0,0.0,FraNchEstYN
1975-12-02,1975.0,0.0,FraNchEstYN
1975-12-03,1975.0,0.0,FraNchEstYN
1975-12-04,1975.0,0.0,FraNchEstYN
1975-12-05,1975.0,0.0,FraNchEstYN
1975-12-06,1975.0,0.0,FraNchEstYN
1975-12-07,1975.0,0.0,FraNchEstYN
1975-12-08,1975.0,0.0,FraNchEstYN
1975-12-09,1975.0,0.0,FraNchEstYN
1975-12-10,1975.0,0.0,FraNchEstYN
1975-12-11,1975.0,0.0,FraNchEstYN
1975-12-12,1975.0,0.0,FraNchEstYN
1975-12-13,1975.0,0.0,FraNchEstYN
1975-12-14,1975.0,0.0,FraNchEstYN
1975-12-15,1975.0,0.0,FraNchEstYN
1975-12-16,1975.0,0.0,FraNchEstYN
1975-12-17,1975.0,0.0,FraNchEstYN
1975-12-18,1975.0,0.0,FraNchEstYN
1975-12-19,1975.0,0.0,FraNchEstYN
1975-12-20,1975.0,0.0,FraNchEstYN
1975-12-21,1975.0,0.0,FraNchEstYN
1975-12-22,1975.0,0.0,FraNchEstYN
1975-12-23,1975.0,0.0,FraNchEstYN
1975-12-24,1975.0,0.0,FraNchEstYN
1975-12-25,1975.0,0.0,FraNchEstYN
1975-12-26,1975.0,0.0,FraNchEstYN
1975-12-27,1975.0,0.0,FraNchEstYN
1975-12-28,1975.0,0.0,FraNchEstYN
1975-12-29,1975.0,0.0,FraNchEstYN
1975-12-30,1975.0,0.0,FraNchEstYN
1975-12-31,1975.0,0.0,FraNchEstYN
1976-01-01,1976.0,0.0,FraNchEstYN
1976-01-02,1976.0,0.0,FraNchEstYN
1976-01-03,1976.0,0.0,FraNchEstYN
1976-01-04,1976.0,0.0,FraNchEstYN
1976-01-05,1976.0,0.0,FraNchEstYN
1976-01-06,1976.0,0.0,FraNchEstYN
1976-01-07,1976.0,0.0,FraNchEstYN
1976-01-08,1976.0,0.0,FraNchEstYN
1976-01-09,1976.0,0.0,FraNchEstYN
1976-01-10,1976.0,0.0,FraNchEstYN
1976-01-11,1976.0,0.0,FraNchEstYN
1976-01-12,1976.0,0.0,FraNchEstYN
1976-01-13,1976.0,0.0,FraNchEstYN
1976-01-14,1976.0,0.0,FraNchEstYN
1976-01-15,1976.0,0.0,FraNchEstYN
1976-01-16,1976.0,0.0,FraNchEstYN
1976-01-17,1976.0,0.0,FraNchEstYN
1976-01-18,1976.0,0.0,FraNchEstYN
1976-01-19,1976.0,0.0,FraNchEstYN
1976-01-20,1976.0,0.0,FraNchEstYN
1976-01-21,1976.0,0.0,FraNchEstYN
1976-01-22,1976.0,0.0,FraNchEstYN
1976-01-23,1976.0,0.0,FraNchEstYN
1976-01-24,1976.0,0.0,FraNchEstYN
1976-01-25,1976.0,0.0,FraNchEstYN
1976-01-26,1976.0,0.0,FraNchEstYN
1976-01-27,1976.0,0.0,FraNchEstYN
1976-01-28,1976.0,0.0,FraNchEstYN
1976-01-29,1976.0,0.0,FraNchEstYN
1976-01-30,1976.0,0.0,FraNchEstYN
1976-01-31,1976.0,0.0,FraNchEstYN
1976-02-01,1976.0,0.0,FraNchEstYN
1976-02-02,1976.0,0.0,FraNchEstYN
1976-02-03,1976.0,0.0,FraNchEstYN
1976-02-04,1976.0,0.0,FraNchEstYN
1976-02-05,1976.0,0.0,FraNchEstYN
1976-02-06,1976.0,0.0,FraNchEstYN
1976-02-07,1976.0,0.0,FraNchEstYN
1976-02-08,1976.0,0.0,FraNchEstYN
1976-02-09,1976.0,0.0,FraNchEstYN
1976-02-10,1976.0,0.0,FraNchEstYN
1976-02-11,1976.0,0.0,FraNchEstYN
1976-02-12,1976.0,0.0,FraNchEstYN
1976-02-13,1976.0,0.0,FraNchEstYN
1976-02-14,1976.0,0.0,FraNchEstYN
1976-02-15,1976.0,0.0,FraNchEstYN
1976-02-16,1976.0,0.0,FraNchEstYN
1976-02-17,1976.0,0.0,FraNchEstYN
1976-02-18,1976.0,0.0,FraNchEstYN
1976-02-19,1976.0,0.0,FraNchEstYN
1976-02-20,1976.0,0.0,FraNchEstYN
1976-02-21,1976.0,0.0,FraNchEstYN
1976-02-22,1976.0,0.0,FraNchEstYN
1976-02-23,1976.0,0.0,FraNchEstYN
1976-02-24,1976.0,0.0,FraNchEstYN
1976-02-25,1976.0,0.0,FraNchEstYN
1976-02-26,1976.0,0.0,FraNchEstYN
1976-02-27,1976.0,0.0,FraNchEstYN
1976-02-28,1976.0,0.0,FraNchEstYN
1976-02-29,1976.0,0.0,FraNchEstYN
1976-03-01,1976.0,0.0,FraNchEstYN
1976-03-02,1976.0,0.0,FraNchEstYN
1976-03-03,1976.0,0.0,FraNchEstYN
1976-03-04,1976.0,0.0,FraNchEstYN
1976-03-05,1976.0,0.0,FraNchEstYN
1976-03-06,1976.0,0.0,FraNchEstYN
1976-03-07,1976.0,0.0,FraNchEstYN
1976-03-08,1976.0,0.0,FraNchEstYN
1976-03-09,1976.0,0.0,FraNchEstYN
1976-03-10,1976.0,0.0,FraNchEstYN
1976-03-11,1976.0,0.0,FraNchEstYN
1976-03-12,1976.0,0.0,FraNchEstYN
1976-03-13,1976.0,0.0,FraNchEstYN
1976-03-14,1976.0,0.0,FraNchEstYN
1976-03-15,1976.0,0.0,FraNchEstYN
1976-03-16,1976.0,0.0,FraNchEstYN
1976-03-17,1976.0,0.0,FraNchEstYN
1976-03-18,1976.0,0.0,FraNchEstYN
1976-03-19,1976.0,0.0,FraNchEstYN
1976-03-20,1976.0,0.0,FraNchEstYN
1976-03-21,1976.0,0.0,FraNchEstYN
1976-03-22,1976.0,0.0,FraNchEstYN
1976-03-23,1976.0,0.0,FraNchEstYN
1976-03-24,1976.0,0.0,FraNchEstYN
1976-03-25,1976.0,0.0,FraNchEstYN
1976-03-26,1976.0,0.0,FraNchEstYN
1976-03-27,1976.0,0.0,FraNchEstYN
1976-03-28,1976.0,0.0,FraNchEstYN
1976-03-29,1976.0,0.0,FraNchEstYN
1976-03-30,1976.0,0.0,FraNchEstYN
1976-03-31,1976.0,0.0,FraNchEstYN
1976-04-01,1976.0,0.0,FraNchEstYN
1976-04-02,1976.0,0.0,FraNchEstYN
1976-04-03,1976.0,0.0,FraNchEstYN
1976-04-04,1976.0,0.0,FraNchEstYN
1976-04-05,1976.0,0.0,FraNchEstYN
1976-04-06,1976.0,0.0,FraNchEstYN
1976-04-07,1976.0,0.0,FraNchEstYN
1976-04-08,1976.0,0.0,FraNchEstYN
1976-04-09,1976.0,0.0,FraNchEstYN
1976-04-10,1976.0,0.0,FraNchEstYN
1976-04-11,1976.0,0.0,FraNchEstYN
1976-04-12,1976.0,0.0,FraNchEstYN
1976-04-13,1976.0,0.0,FraNchEstYN
1976-04-14,1976.0,0.0,FraNchEstYN
1976-04-15,1976.0,0.0,FraNchEstYN
1976-04-16,1976.0,0.0,FraNchEstYN
1976-04-17,1976.0,0.0,FraNchEstYN
1976-04-18,1976.0,0.0,FraNchEstYN
1976-04-19,1976.0,2.9613633,FraNchEstYN
1976-04-20,1976.0,5.0062507,FraNchEstYN
1976-04-21,1976.0,8.3502665,FraNchEstYN
1976-04-22,1976.0,8.3502665,FraNchEstYN
1976-04-23,1976.0,12.1318415,FraNchEstYN
1976-04-24,1976.0,14.280330999999999,FraNchEstYN
1976-04-25,1976.0,14.280330999999999,FraNchEstYN
1976-04-26,1976.0,14.280330999999999,FraNchEstYN
1976-04-27,1976.0,14.280330999999999,FraNchEstYN
1976-04-28,1976.0,14.280330999999999,FraNchEstYN
1976-04-29,1976.0,14.280330999999999,FraNchEstYN
1976-04-30,1976.0,14.280330999999999,FraNchEstYN
1976-05-01,1976.0,16.738236,FraNchEstYN
1976-05-02,1976.0,16.738236,FraNchEstYN
1976-05-03,1976.0,16.738236,FraNchEstYN
1976-05-04,1976.0,16.738236,FraNchEstYN
1976-05-05,1976.0,16.738236,FraNchEstYN
1976-05-06,1976.0,16.738236,FraNchEstYN
1976-05-07,1976.0,16.738236,FraNchEstYN
1976-05-08,1976.0,16.738236,FraNchEstYN
1976-05-09,1976.0,16.738236,FraNchEstYN
1976-05-10,1976.0,16.738236,FraNchEstYN
1976-05-11,1976.0,18.765923,FraNchEstYN
1976-05-12,1976.0,18.765923,FraNchEstYN
1976-05-13,1976.0,21.35888,FraNchEstYN
1976-05-14,1976.0,23.642046999999998,FraNchEstYN
1976-05-15,1976.0,25.31522,FraNchEstYN
1976-05-16,1976.0,25.31522,FraNchEstYN
1976-05-17,1976.0,28.837933999999997,FraNchEstYN
1976-05-18,1976.0,28.837933999999997,FraNchEstYN
1976-05-19,1976.0,33.002773000000005,FraNchEstYN
1976-05-20,1976.0,33.002773000000005,FraNchEstYN
1976-05-21,1976.0,33.02602,FraNchEstYN
1976-05-22,1976.0,34.957139999999995,FraNchEstYN
1976-05-23,1976.0,34.957139999999995,FraNchEstYN
1976-05-24,1976.0,36.829332,FraNchEstYN
1976-05-25,1976.0,36.829332,FraNchEstYN
1976-05-26,1976.0,36.898988,FraNchEstYN
1976-05-27,1976.0,36.898988,FraNchEstYN
1976-05-28,1976.0,39.47186,FraNchEstYN
1976-05-29,1976.0,39.47186,FraNchEstYN
1976-05-30,1976.0,39.47186,FraNchEstYN
1976-05-31,1976.0,39.47186,FraNchEstYN
1976-06-01,1976.0,42.05825,FraNchEstYN
1976-06-02,1976.0,45.223236,FraNchEstYN
1976-06-03,1976.0,48.375663,FraNchEstYN
1976-06-04,1976.0,49.44618,FraNchEstYN
1976-06-05,1976.0,50.631519999999995,FraNchEstYN
1976-06-06,1976.0,50.631519999999995,FraNchEstYN
1976-06-07,1976.0,51.907754,FraNchEstYN
1976-06-08,1976.0,51.907754,FraNchEstYN
1976-06-09,1976.0,51.907754,FraNchEstYN
1976-06-10,1976.0,51.907754,FraNchEstYN
1976-06-11,1976.0,51.907754,FraNchEstYN
1976-06-12,1976.0,52.74095,FraNchEstYN
1976-06-13,1976.0,52.838826000000005,FraNchEstYN
1976-06-14,1976.0,52.838826000000005,FraNchEstYN
1976-06-15,1976.0,52.950779999999995,FraNchEstYN
1976-06-16,1976.0,53.595483,FraNchEstYN
1976-06-17,1976.0,53.962123,FraNchEstYN
1976-06-18,1976.0,53.977996,FraNchEstYN
1976-06-19,1976.0,53.977996,FraNchEstYN
1976-06-20,1976.0,53.977996,FraNchEstYN
1976-06-21,1976.0,53.977996,FraNchEstYN
1976-06-22,1976.0,53.977996,FraNchEstYN
1976-06-23,1976.0,53.977996,FraNchEstYN
1976-06-24,1976.0,53.977996,FraNchEstYN
1976-06-25,1976.0,53.978,FraNchEstYN
1976-06-26,1976.0,53.977996,FraNchEstYN
1976-06-27,1976.0,53.977996,FraNchEstYN
1976-06-28,1976.0,53.977996,FraNchEstYN
1976-06-29,1976.0,54.01061,FraNchEstYN
1976-06-30,1976.0,54.02274,FraNchEstYN
1976-07-01,1976.0,54.03102,FraNchEstYN
1976-07-02,1976.0,54.03102,FraNchEstYN
1976-07-03,1976.0,54.03102,FraNchEstYN
1976-07-04,1976.0,54.03102,FraNchEstYN
1976-07-05,1976.0,54.03102,FraNchEstYN
1976-10-03,1976.0,0.0,FraNchEstYN
1976-10-04,1976.0,0.0,FraNchEstYN
1976-10-05,1976.0,0.0,FraNchEstYN
1976-10-06,1976.0,0.0,FraNchEstYN
1976-10-07,1976.0,0.0,FraNchEstYN
1976-10-08,1976.0,0.0,FraNchEstYN
1976-10-09,1976.0,0.0,FraNchEstYN
1976-10-10,1976.0,0.0,FraNchEstYN
1976-10-11,1976.0,0.0,FraNchEstYN
1976-10-12,1976.0,0.0,FraNchEstYN
1976-10-13,1976.0,0.0,FraNchEstYN
1976-10-14,1976.0,0.0,FraNchEstYN
1976-10-15,1976.0,0.0,FraNchEstYN
1976-10-16,1976.0,0.0,FraNchEstYN
1976-10-17,1976.0,0.0,FraNchEstYN
1976-10-18,1976.0,0.0,FraNchEstYN
1976-10-19,1976.0,0.0,FraNchEstYN
1976-10-20,1976.0,0.0,FraNchEstYN
1976-10-21,1976.0,0.0,FraNchEstYN
1976-10-22,1976.0,0.0,FraNchEstYN
1976-10-23,1976.0,0.0,FraNchEstYN
1976-10-24,1976.0,0.0,FraNchEstYN
1976-10-25,1976.0,0.0,FraNchEstYN
1976-10-26,1976.0,0.0,FraNchEstYN
1976-10-27,1976.0,0.0,FraNchEstYN
1976-10-28,1976.0,0.0,FraNchEstYN
1976-10-29,1976.0,0.0,FraNchEstYN
1976-10-30,1976.0,0.0,FraNchEstYN
1976-10-31,1976.0,0.0,FraNchEstYN
1976-11-01,1976.0,0.0,FraNchEstYN
1976-11-02,1976.0,0.0,FraNchEstYN
1976-11-03,1976.0,0.0,FraNchEstYN
1976-11-04,1976.0,0.0,FraNchEstYN
1976-11-05,1976.0,0.0,FraNchEstYN
1976-11-06,1976.0,0.0,FraNchEstYN
1976-11-07,1976.0,0.0,FraNchEstYN
1976-11-08,1976.0,0.0,FraNchEstYN
1976-11-09,1976.0,0.0,FraNchEstYN
1976-11-10,1976.0,0.0,FraNchEstYN
1976-11-11,1976.0,0.0,FraNchEstYN
1976-11-12,1976.0,0.0,FraNchEstYN
1976-11-13,1976.0,0.0,FraNchEstYN
1976-11-14,1976.0,0.0,FraNchEstYN
1976-11-15,1976.0,0.0,FraNchEstYN
1976-11-16,1976.0,0.0,FraNchEstYN
1976-11-17,1976.0,0.0,FraNchEstYN
1976-11-18,1976.0,0.0,FraNchEstYN
1976-11-19,1976.0,0.0,FraNchEstYN
1976-11-20,1976.0,0.0,FraNchEstYN
1976-11-21,1976.0,0.0,FraNchEstYN
1976-11-22,1976.0,0.0,FraNchEstYN
1976-11-23,1976.0,0.0,FraNchEstYN
1976-11-24,1976.0,0.0,FraNchEstYN
1976-11-25,1976.0,0.0,FraNchEstYN
1976-11-26,1976.0,0.0,FraNchEstYN
1976-11-27,1976.0,0.0,FraNchEstYN
1976-11-28,1976.0,0.0,FraNchEstYN
1976-11-29,1976.0,0.0,FraNchEstYN
1976-11-30,1976.0,0.0,FraNchEstYN
1976-12-01,1976.0,0.0,FraNchEstYN
1976-12-02,1976.0,0.0,FraNchEstYN
1976-12-03,1976.0,0.0,FraNchEstYN
1976-12-04,1976.0,0.0,FraNchEstYN
1976-12-05,1976.0,0.0,FraNchEstYN
1976-12-06,1976.0,0.0,FraNchEstYN
1976-12-07,1976.0,0.0,FraNchEstYN
1976-12-08,1976.0,0.0,FraNchEstYN
1976-12-09,1976.0,0.0,FraNchEstYN
1976-12-10,1976.0,0.0,FraNchEstYN
1976-12-11,1976.0,0.0,FraNchEstYN
1976-12-12,1976.0,0.0,FraNchEstYN
1976-12-13,1976.0,0.0,FraNchEstYN
1976-12-14,1976.0,0.0,FraNchEstYN
1976-12-15,1976.0,0.0,FraNchEstYN
1976-12-16,1976.0,0.0,FraNchEstYN
1976-12-17,1976.0,0.0,FraNchEstYN
1976-12-18,1976.0,0.0,FraNchEstYN
1976-12-19,1976.0,0.0,FraNchEstYN
1976-12-20,1976.0,0.0,FraNchEstYN
1976-12-21,1976.0,0.0,FraNchEstYN
1976-12-22,1976.0,0.0,FraNchEstYN
1976-12-23,1976.0,0.0,FraNchEstYN
1976-12-24,1976.0,0.0,FraNchEstYN
1976-12-25,1976.0,0.0,FraNchEstYN
1976-12-26,1976.0,0.0,FraNchEstYN
1976-12-27,1976.0,0.0,FraNchEstYN
1976-12-28,1976.0,0.0,FraNchEstYN
1976-12-29,1976.0,0.0,FraNchEstYN
1976-12-30,1976.0,0.0,FraNchEstYN
1976-12-31,1976.0,0.0,FraNchEstYN
1977-01-01,1977.0,0.0,FraNchEstYN
1977-01-02,1977.0,0.0,FraNchEstYN
1977-01-03,1977.0,0.0,FraNchEstYN
1977-01-04,1977.0,0.0,FraNchEstYN
1977-01-05,1977.0,0.0,FraNchEstYN
1977-01-06,1977.0,0.0,FraNchEstYN
1977-01-07,1977.0,0.0,FraNchEstYN
1977-01-08,1977.0,0.0,FraNchEstYN
1977-01-09,1977.0,0.0,FraNchEstYN
1977-01-10,1977.0,0.0,FraNchEstYN
1977-01-11,1977.0,0.0,FraNchEstYN
1977-01-12,1977.0,0.0,FraNchEstYN
1977-01-13,1977.0,0.0,FraNchEstYN
1977-01-14,1977.0,0.0,FraNchEstYN
1977-01-15,1977.0,0.0,FraNchEstYN
1977-01-16,1977.0,0.0,FraNchEstYN
1977-01-17,1977.0,0.0,FraNchEstYN
1977-01-18,1977.0,0.0,FraNchEstYN
1977-01-19,1977.0,0.0,FraNchEstYN
1977-01-20,1977.0,0.0,FraNchEstYN
1977-01-21,1977.0,0.0,FraNchEstYN
1977-01-22,1977.0,0.0,FraNchEstYN
1977-01-23,1977.0,0.0,FraNchEstYN
1977-01-24,1977.0,0.0,FraNchEstYN
1977-01-25,1977.0,0.0,FraNchEstYN
1977-01-26,1977.0,0.0,FraNchEstYN
1977-01-27,1977.0,0.0,FraNchEstYN
1977-01-28,1977.0,0.0,FraNchEstYN
1977-01-29,1977.0,0.0,FraNchEstYN
1977-01-30,1977.0,0.0,FraNchEstYN
1977-01-31,1977.0,0.0,FraNchEstYN
1977-02-01,1977.0,0.0,FraNchEstYN
1977-02-02,1977.0,0.0,FraNchEstYN
1977-02-03,1977.0,0.0,FraNchEstYN
1977-02-04,1977.0,0.0,FraNchEstYN
1977-02-05,1977.0,0.0,FraNchEstYN
1977-02-06,1977.0,0.0,FraNchEstYN
1977-02-07,1977.0,0.0,FraNchEstYN
1977-02-08,1977.0,0.0,FraNchEstYN
1977-02-09,1977.0,0.0,FraNchEstYN
1977-02-10,1977.0,0.0,FraNchEstYN
1977-02-11,1977.0,0.0,FraNchEstYN
1977-02-12,1977.0,0.0,FraNchEstYN
1977-02-13,1977.0,0.0,FraNchEstYN
1977-02-14,1977.0,0.0,FraNchEstYN
1977-02-15,1977.0,0.0,FraNchEstYN
1977-02-16,1977.0,0.0,FraNchEstYN
1977-02-17,1977.0,0.0,FraNchEstYN
1977-02-18,1977.0,0.0,FraNchEstYN
1977-02-19,1977.0,0.0,FraNchEstYN
1977-02-20,1977.0,0.0,FraNchEstYN
1977-02-21,1977.0,0.0,FraNchEstYN
1977-02-22,1977.0,0.0,FraNchEstYN
1977-02-23,1977.0,0.0,FraNchEstYN
1977-02-24,1977.0,0.0,FraNchEstYN
1977-02-25,1977.0,0.0,FraNchEstYN
1977-02-26,1977.0,0.0,FraNchEstYN
1977-02-27,1977.0,0.0,FraNchEstYN
1977-02-28,1977.0,0.0,FraNchEstYN
1977-03-01,1977.0,0.0,FraNchEstYN
1977-03-02,1977.0,0.0,FraNchEstYN
1977-03-03,1977.0,0.0,FraNchEstYN
1977-03-04,1977.0,0.0,FraNchEstYN
1977-03-05,1977.0,0.0,FraNchEstYN
1977-03-06,1977.0,0.0,FraNchEstYN
1977-03-07,1977.0,0.0,FraNchEstYN
1977-03-08,1977.0,0.0,FraNchEstYN
1977-03-09,1977.0,0.0,FraNchEstYN
1977-03-10,1977.0,0.0,FraNchEstYN
1977-03-11,1977.0,0.0,FraNchEstYN
1977-03-12,1977.0,0.0,FraNchEstYN
1977-03-13,1977.0,0.0,FraNchEstYN
1977-03-14,1977.0,0.0,FraNchEstYN
1977-03-15,1977.0,0.0,FraNchEstYN
1977-03-16,1977.0,0.0,FraNchEstYN
1977-03-17,1977.0,0.0,FraNchEstYN
1977-03-18,1977.0,0.0,FraNchEstYN
1977-03-19,1977.0,0.0,FraNchEstYN
1977-03-20,1977.0,0.0,FraNchEstYN
1977-03-21,1977.0,0.0,FraNchEstYN
1977-03-22,1977.0,0.0,FraNchEstYN
1977-03-23,1977.0,0.0,FraNchEstYN
1977-03-24,1977.0,0.0,FraNchEstYN
1977-03-25,1977.0,0.0,FraNchEstYN
1977-03-26,1977.0,0.0,FraNchEstYN
1977-03-27,1977.0,0.0,FraNchEstYN
1977-03-28,1977.0,0.0,FraNchEstYN
1977-03-29,1977.0,0.0,FraNchEstYN
1977-03-30,1977.0,0.0,FraNchEstYN
1977-03-31,1977.0,0.0,FraNchEstYN
1977-04-01,1977.0,0.0,FraNchEstYN
1977-04-02,1977.0,0.0,FraNchEstYN
1977-04-03,1977.0,0.0,FraNchEstYN
1977-04-04,1977.0,0.0,FraNchEstYN
1977-04-05,1977.0,0.0,FraNchEstYN
1977-04-06,1977.0,0.0,FraNchEstYN
1977-04-07,1977.0,0.0,FraNchEstYN
1977-04-08,1977.0,0.0,FraNchEstYN
1977-04-09,1977.0,0.0,FraNchEstYN
1977-04-10,1977.0,0.0,FraNchEstYN
1977-04-11,1977.0,0.0,FraNchEstYN
1977-04-12,1977.0,0.0,FraNchEstYN
1977-04-13,1977.0,0.0,FraNchEstYN
1977-04-14,1977.0,0.0,FraNchEstYN
1977-04-15,1977.0,0.0,FraNchEstYN
1977-04-16,1977.0,0.0,FraNchEstYN
1977-04-17,1977.0,0.0,FraNchEstYN
1977-04-18,1977.0,0.0,FraNchEstYN
1977-04-19,1977.0,0.0,FraNchEstYN
1977-04-20,1977.0,0.0,FraNchEstYN
1977-04-21,1977.0,0.0,FraNchEstYN
1977-04-22,1977.0,0.0,FraNchEstYN
1977-04-23,1977.0,0.0,FraNchEstYN
1977-04-24,1977.0,0.0,FraNchEstYN
1977-04-25,1977.0,0.0,FraNchEstYN
1977-04-26,1977.0,0.0,FraNchEstYN
1977-04-27,1977.0,0.0,FraNchEstYN
1977-04-28,1977.0,0.0,FraNchEstYN
1977-04-29,1977.0,0.0,FraNchEstYN
1977-04-30,1977.0,0.0,FraNchEstYN
1977-05-01,1977.0,0.0,FraNchEstYN
1977-05-02,1977.0,0.0,FraNchEstYN
1977-05-03,1977.0,0.0,FraNchEstYN
1977-05-04,1977.0,0.0,FraNchEstYN
1977-05-05,1977.0,0.0,FraNchEstYN
1977-05-06,1977.0,0.0,FraNchEstYN
1977-05-07,1977.0,0.0,FraNchEstYN
1977-05-08,1977.0,0.0,FraNchEstYN
1977-05-09,1977.0,0.0,FraNchEstYN
1977-05-10,1977.0,0.0,FraNchEstYN
1977-05-11,1977.0,0.0,FraNchEstYN
1977-05-12,1977.0,0.0,FraNchEstYN
1977-05-13,1977.0,0.0,FraNchEstYN
1977-05-14,1977.0,2.4328059,FraNchEstYN
1977-05-15,1977.0,4.5213394,FraNchEstYN
1977-05-16,1977.0,6.119523200000001,FraNchEstYN
1977-05-17,1977.0,6.119523200000001,FraNchEstYN
1977-05-18,1977.0,8.833423,FraNchEstYN
1977-05-19,1977.0,8.833423,FraNchEstYN
1977-05-20,1977.0,13.031791,FraNchEstYN
1977-05-21,1977.0,14.814971,FraNchEstYN
1977-05-22,1977.0,19.382207,FraNchEstYN
1977-05-23,1977.0,23.764011,FraNchEstYN
1977-05-24,1977.0,28.202108,FraNchEstYN
1977-05-25,1977.0,30.651830000000004,FraNchEstYN
1977-05-26,1977.0,30.651830000000004,FraNchEstYN
1977-05-27,1977.0,30.651830000000004,FraNchEstYN
1977-05-28,1977.0,30.651830000000004,FraNchEstYN
1977-05-29,1977.0,30.651830000000004,FraNchEstYN
1977-05-30,1977.0,30.651830000000004,FraNchEstYN
1977-05-31,1977.0,30.651830000000004,FraNchEstYN
1977-06-01,1977.0,30.651830000000004,FraNchEstYN
1977-06-02,1977.0,30.651830000000004,FraNchEstYN
1977-06-03,1977.0,30.651830000000004,FraNchEstYN
1977-06-04,1977.0,30.651830000000004,FraNchEstYN
1977-06-05,1977.0,30.736902,FraNchEstYN
1977-06-06,1977.0,33.011687,FraNchEstYN
1977-06-07,1977.0,34.375262,FraNchEstYN
1977-06-08,1977.0,34.375262,FraNchEstYN
1977-06-09,1977.0,34.375262,FraNchEstYN
1977-06-10,1977.0,34.375262,FraNchEstYN
1977-06-11,1977.0,35.787819999999996,FraNchEstYN
1977-06-12,1977.0,35.787819999999996,FraNchEstYN
1977-06-13,1977.0,35.787818,FraNchEstYN
1977-06-14,1977.0,35.787819999999996,FraNchEstYN
1977-06-15,1977.0,35.787818,FraNchEstYN
1977-06-16,1977.0,37.132278,FraNchEstYN
1977-06-17,1977.0,38.61076,FraNchEstYN
1977-06-18,1977.0,38.61076,FraNchEstYN
1977-06-19,1977.0,38.610762,FraNchEstYN
1977-06-20,1977.0,38.610762,FraNchEstYN
1977-06-21,1977.0,38.843286,FraNchEstYN
1977-06-22,1977.0,40.274537,FraNchEstYN
1977-06-23,1977.0,40.274537,FraNchEstYN
1977-06-24,1977.0,41.943908,FraNchEstYN
1977-06-25,1977.0,41.943908,FraNchEstYN
1977-06-26,1977.0,42.995644,FraNchEstYN
1977-06-27,1977.0,43.19775,FraNchEstYN
1977-06-28,1977.0,43.313748000000004,FraNchEstYN
1977-06-29,1977.0,43.313748000000004,FraNchEstYN
1977-06-30,1977.0,43.313748000000004,FraNchEstYN
1977-07-01,1977.0,43.313748000000004,FraNchEstYN
1977-07-02,1977.0,43.49497,FraNchEstYN
1977-07-03,1977.0,43.685395,FraNchEstYN
1977-07-04,1977.0,43.685395,FraNchEstYN
1977-07-05,1977.0,43.686783,FraNchEstYN
1977-07-06,1977.0,43.686783,FraNchEstYN
1977-07-07,1977.0,43.686783,FraNchEstYN
1977-07-08,1977.0,43.686783,FraNchEstYN
1977-07-09,1977.0,43.826994,FraNchEstYN
1977-07-10,1977.0,43.826994,FraNchEstYN
1977-07-11,1977.0,43.859118,FraNchEstYN
1977-07-12,1977.0,43.936998,FraNchEstYN
1977-07-13,1977.0,43.936998,FraNchEstYN
1977-07-14,1977.0,44.006124,FraNchEstYN
1977-07-15,1977.0,44.006124,FraNchEstYN
1977-07-16,1977.0,44.026336,FraNchEstYN
1977-07-17,1977.0,44.026336,FraNchEstYN
1977-07-18,1977.0,44.042045,FraNchEstYN
1977-10-13,1977.0,0.0,FraNchEstYN
1977-10-14,1977.0,0.0,FraNchEstYN
1977-10-15,1977.0,0.0,FraNchEstYN
1977-10-16,1977.0,0.0,FraNchEstYN
1977-10-17,1977.0,0.0,FraNchEstYN
1977-10-18,1977.0,0.0,FraNchEstYN
1977-10-19,1977.0,0.0,FraNchEstYN
1977-10-20,1977.0,0.0,FraNchEstYN
1977-10-21,1977.0,0.0,FraNchEstYN
1977-10-22,1977.0,0.0,FraNchEstYN
1977-10-23,1977.0,0.0,FraNchEstYN
1977-10-24,1977.0,0.0,FraNchEstYN
1977-10-25,1977.0,0.0,FraNchEstYN
1977-10-26,1977.0,0.0,FraNchEstYN
1977-10-27,1977.0,0.0,FraNchEstYN
1977-10-28,1977.0,0.0,FraNchEstYN
1977-10-29,1977.0,0.0,FraNchEstYN
1977-10-30,1977.0,0.0,FraNchEstYN
1977-10-31,1977.0,0.0,FraNchEstYN
1977-11-01,1977.0,0.0,FraNchEstYN
1977-11-02,1977.0,0.0,FraNchEstYN
1977-11-03,1977.0,0.0,FraNchEstYN
1977-11-04,1977.0,0.0,FraNchEstYN
1977-11-05,1977.0,0.0,FraNchEstYN
1977-11-06,1977.0,0.0,FraNchEstYN
1977-11-07,1977.0,0.0,FraNchEstYN
1977-11-08,1977.0,0.0,FraNchEstYN
1977-11-09,1977.0,0.0,FraNchEstYN
1977-11-10,1977.0,0.0,FraNchEstYN
1977-11-11,1977.0,0.0,FraNchEstYN
1977-11-12,1977.0,0.0,FraNchEstYN
1977-11-13,1977.0,0.0,FraNchEstYN
1977-11-14,1977.0,0.0,FraNchEstYN
1977-11-15,1977.0,0.0,FraNchEstYN
1977-11-16,1977.0,0.0,FraNchEstYN
1977-11-17,1977.0,0.0,FraNchEstYN
1977-11-18,1977.0,0.0,FraNchEstYN
1977-11-19,1977.0,0.0,FraNchEstYN
1977-11-20,1977.0,0.0,FraNchEstYN
1977-11-21,1977.0,0.0,FraNchEstYN
1977-11-22,1977.0,0.0,FraNchEstYN
1977-11-23,1977.0,0.0,FraNchEstYN
1977-11-24,1977.0,0.0,FraNchEstYN
1977-11-25,1977.0,0.0,FraNchEstYN
1977-11-26,1977.0,0.0,FraNchEstYN
1977-11-27,1977.0,0.0,FraNchEstYN
1977-11-28,1977.0,0.0,FraNchEstYN
1977-11-29,1977.0,0.0,FraNchEstYN
1977-11-30,1977.0,0.0,FraNchEstYN
1977-12-01,1977.0,0.0,FraNchEstYN
1977-12-02,1977.0,0.0,FraNchEstYN
1977-12-03,1977.0,0.0,FraNchEstYN
1977-12-04,1977.0,0.0,FraNchEstYN
1977-12-05,1977.0,0.0,FraNchEstYN
1977-12-06,1977.0,0.0,FraNchEstYN
1977-12-07,1977.0,0.0,FraNchEstYN
1977-12-08,1977.0,0.0,FraNchEstYN
1977-12-09,1977.0,0.0,FraNchEstYN
1977-12-10,1977.0,0.0,FraNchEstYN
1977-12-11,1977.0,0.0,FraNchEstYN
1977-12-12,1977.0,0.0,FraNchEstYN
1977-12-13,1977.0,0.0,FraNchEstYN
1977-12-14,1977.0,0.0,FraNchEstYN
1977-12-15,1977.0,0.0,FraNchEstYN
1977-12-16,1977.0,0.0,FraNchEstYN
1977-12-17,1977.0,0.0,FraNchEstYN
1977-12-18,1977.0,0.0,FraNchEstYN
1977-12-19,1977.0,0.0,FraNchEstYN
1977-12-20,1977.0,0.0,FraNchEstYN
1977-12-21,1977.0,0.0,FraNchEstYN
1977-12-22,1977.0,0.0,FraNchEstYN
1977-12-23,1977.0,0.0,FraNchEstYN
1977-12-24,1977.0,0.0,FraNchEstYN
1977-12-25,1977.0,0.0,FraNchEstYN
1977-12-26,1977.0,0.0,FraNchEstYN
1977-12-27,1977.0,0.0,FraNchEstYN
1977-12-28,1977.0,0.0,FraNchEstYN
1977-12-29,1977.0,0.0,FraNchEstYN
1977-12-30,1977.0,0.0,FraNchEstYN
1977-12-31,1977.0,0.0,FraNchEstYN
1978-01-01,1978.0,0.0,FraNchEstYN
1978-01-02,1978.0,0.0,FraNchEstYN
1978-01-03,1978.0,0.0,FraNchEstYN
1978-01-04,1978.0,0.0,FraNchEstYN
1978-01-05,1978.0,0.0,FraNchEstYN
1978-01-06,1978.0,0.0,FraNchEstYN
1978-01-07,1978.0,0.0,FraNchEstYN
1978-01-08,1978.0,0.0,FraNchEstYN
1978-01-09,1978.0,0.0,FraNchEstYN
1978-01-10,1978.0,0.0,FraNchEstYN
1978-01-11,1978.0,0.0,FraNchEstYN
1978-01-12,1978.0,0.0,FraNchEstYN
1978-01-13,1978.0,0.0,FraNchEstYN
1978-01-14,1978.0,0.0,FraNchEstYN
1978-01-15,1978.0,0.0,FraNchEstYN
1978-01-16,1978.0,0.0,FraNchEstYN
1978-01-17,1978.0,0.0,FraNchEstYN
1978-01-18,1978.0,0.0,FraNchEstYN
1978-01-19,1978.0,0.0,FraNchEstYN
1978-01-20,1978.0,0.0,FraNchEstYN
1978-01-21,1978.0,0.0,FraNchEstYN
1978-01-22,1978.0,0.0,FraNchEstYN
1978-01-23,1978.0,0.0,FraNchEstYN
1978-01-24,1978.0,0.0,FraNchEstYN
1978-01-25,1978.0,0.0,FraNchEstYN
1978-01-26,1978.0,0.0,FraNchEstYN
1978-01-27,1978.0,0.0,FraNchEstYN
1978-01-28,1978.0,0.0,FraNchEstYN
1978-01-29,1978.0,0.0,FraNchEstYN
1978-01-30,1978.0,0.0,FraNchEstYN
1978-01-31,1978.0,0.0,FraNchEstYN
1978-02-01,1978.0,0.0,FraNchEstYN
1978-02-02,1978.0,0.0,FraNchEstYN
1978-02-03,1978.0,0.0,FraNchEstYN
1978-02-04,1978.0,0.0,FraNchEstYN
1978-02-05,1978.0,0.0,FraNchEstYN
1978-02-06,1978.0,0.0,FraNchEstYN
1978-02-07,1978.0,0.0,FraNchEstYN
1978-02-08,1978.0,0.0,FraNchEstYN
1978-02-09,1978.0,0.0,FraNchEstYN
1978-02-10,1978.0,0.0,FraNchEstYN
1978-02-11,1978.0,0.0,FraNchEstYN
1978-02-12,1978.0,0.0,FraNchEstYN
1978-02-13,1978.0,0.0,FraNchEstYN
1978-02-14,1978.0,0.0,FraNchEstYN
1978-02-15,1978.0,0.0,FraNchEstYN
1978-02-16,1978.0,0.0,FraNchEstYN
1978-02-17,1978.0,0.0,FraNchEstYN
1978-02-18,1978.0,0.0,FraNchEstYN
1978-02-19,1978.0,0.0,FraNchEstYN
1978-02-20,1978.0,0.0,FraNchEstYN
1978-02-21,1978.0,0.0,FraNchEstYN
1978-02-22,1978.0,0.0,FraNchEstYN
1978-02-23,1978.0,0.0,FraNchEstYN
1978-02-24,1978.0,0.0,FraNchEstYN
1978-02-25,1978.0,0.0,FraNchEstYN
1978-02-26,1978.0,0.0,FraNchEstYN
1978-02-27,1978.0,0.0,FraNchEstYN
1978-02-28,1978.0,0.0,FraNchEstYN
1978-03-01,1978.0,0.0,FraNchEstYN
1978-03-02,1978.0,0.0,FraNchEstYN
1978-03-03,1978.0,0.0,FraNchEstYN
1978-03-04,1978.0,0.0,FraNchEstYN
1978-03-05,1978.0,0.0,FraNchEstYN
1978-03-06,1978.0,0.0,FraNchEstYN
1978-03-07,1978.0,0.0,FraNchEstYN
1978-03-08,1978.0,0.0,FraNchEstYN
1978-03-09,1978.0,0.0,FraNchEstYN
1978-03-10,1978.0,0.0,FraNchEstYN
1978-03-11,1978.0,0.0,FraNchEstYN
1978-03-12,1978.0,0.0,FraNchEstYN
1978-03-13,1978.0,0.0,FraNchEstYN
1978-03-14,1978.0,0.0,FraNchEstYN
1978-03-15,1978.0,0.0,FraNchEstYN
1978-03-16,1978.0,0.0,FraNchEstYN
1978-03-17,1978.0,0.0,FraNchEstYN
1978-03-18,1978.0,0.0,FraNchEstYN
1978-03-19,1978.0,0.0,FraNchEstYN
1978-03-20,1978.0,0.0,FraNchEstYN
1978-03-21,1978.0,0.0,FraNchEstYN
1978-03-22,1978.0,0.0,FraNchEstYN
1978-03-23,1978.0,0.0,FraNchEstYN
1978-03-24,1978.0,0.0,FraNchEstYN
1978-03-25,1978.0,0.0,FraNchEstYN
1978-03-26,1978.0,0.0,FraNchEstYN
1978-03-27,1978.0,0.0,FraNchEstYN
1978-03-28,1978.0,0.0,FraNchEstYN
1978-03-29,1978.0,0.0,FraNchEstYN
1978-03-30,1978.0,0.0,FraNchEstYN
1978-03-31,1978.0,0.0,FraNchEstYN
1978-04-01,1978.0,0.0,FraNchEstYN
1978-04-02,1978.0,0.0,FraNchEstYN
1978-04-03,1978.0,0.0,FraNchEstYN
1978-04-04,1978.0,0.0,FraNchEstYN
1978-04-05,1978.0,0.0,FraNchEstYN
1978-04-06,1978.0,0.0,FraNchEstYN
1978-04-07,1978.0,0.0,FraNchEstYN
1978-04-08,1978.0,0.0,FraNchEstYN
1978-04-09,1978.0,0.0,FraNchEstYN
1978-04-10,1978.0,0.0,FraNchEstYN
1978-04-11,1978.0,0.0,FraNchEstYN
1978-04-12,1978.0,0.0,FraNchEstYN
1978-04-13,1978.0,0.0,FraNchEstYN
1978-04-14,1978.0,0.0,FraNchEstYN
1978-04-15,1978.0,0.0,FraNchEstYN
1978-04-16,1978.0,0.0,FraNchEstYN
1978-04-17,1978.0,0.0,FraNchEstYN
1978-04-18,1978.0,0.0,FraNchEstYN
1978-04-19,1978.0,0.0,FraNchEstYN
1978-04-20,1978.0,0.0,FraNchEstYN
1978-04-21,1978.0,0.0,FraNchEstYN
1978-04-22,1978.0,0.0,FraNchEstYN
1978-04-23,1978.0,0.0,FraNchEstYN
1978-04-24,1978.0,0.0,FraNchEstYN
1978-04-25,1978.0,0.0,FraNchEstYN
1978-04-26,1978.0,0.0,FraNchEstYN
1978-04-27,1978.0,0.0,FraNchEstYN
1978-04-28,1978.0,0.0,FraNchEstYN
1978-04-29,1978.0,0.0,FraNchEstYN
1978-04-30,1978.0,0.0,FraNchEstYN
1978-05-01,1978.0,0.0,FraNchEstYN
1978-05-02,1978.0,0.0,FraNchEstYN
1978-05-03,1978.0,0.0,FraNchEstYN
1978-05-04,1978.0,0.0,FraNchEstYN
1978-05-05,1978.0,0.0,FraNchEstYN
1978-05-06,1978.0,0.0,FraNchEstYN
1978-05-07,1978.0,0.0,FraNchEstYN
1978-05-08,1978.0,0.0,FraNchEstYN
1978-05-09,1978.0,0.0,FraNchEstYN
1978-05-10,1978.0,0.0,FraNchEstYN
1978-05-11,1978.0,0.0,FraNchEstYN
1978-05-12,1978.0,0.0,FraNchEstYN
1978-05-13,1978.0,0.0,FraNchEstYN
1978-05-14,1978.0,0.0,FraNchEstYN
1978-05-15,1978.0,0.0,FraNchEstYN
1978-05-16,1978.0,0.0,FraNchEstYN
1978-05-17,1978.0,0.0,FraNchEstYN
1978-05-18,1978.0,0.0,FraNchEstYN
1978-05-19,1978.0,0.0,FraNchEstYN
1978-05-20,1978.0,0.0,FraNchEstYN
1978-05-21,1978.0,0.0,FraNchEstYN
1978-05-22,1978.0,0.0,FraNchEstYN
1978-05-23,1978.0,0.0,FraNchEstYN
1978-05-24,1978.0,0.0,FraNchEstYN
1978-05-25,1978.0,0.0,FraNchEstYN
1978-05-26,1978.0,0.0,FraNchEstYN
1978-05-27,1978.0,0.8968858,FraNchEstYN
1978-05-28,1978.0,0.8968858,FraNchEstYN
1978-05-29,1978.0,0.8968858,FraNchEstYN
1978-05-30,1978.0,7.602033,FraNchEstYN
1978-05-31,1978.0,10.059695,FraNchEstYN
1978-06-01,1978.0,11.67746,FraNchEstYN
1978-06-02,1978.0,11.67746,FraNchEstYN
1978-06-03,1978.0,11.67746,FraNchEstYN
1978-06-04,1978.0,11.67746,FraNchEstYN
1978-06-05,1978.0,16.469438,FraNchEstYN
1978-06-06,1978.0,16.469438,FraNchEstYN
1978-06-07,1978.0,20.9114,FraNchEstYN
1978-06-08,1978.0,23.183337,FraNchEstYN
1978-06-09,1978.0,23.183337,FraNchEstYN
1978-06-10,1978.0,23.183337,FraNchEstYN
1978-06-11,1978.0,23.183337,FraNchEstYN
1978-06-12,1978.0,23.183337,FraNchEstYN
1978-06-13,1978.0,23.183337,FraNchEstYN
1978-06-14,1978.0,25.268456,FraNchEstYN
1978-06-15,1978.0,28.832263,FraNchEstYN
1978-06-16,1978.0,28.832263,FraNchEstYN
1978-06-17,1978.0,30.696788,FraNchEstYN
1978-06-18,1978.0,35.237038,FraNchEstYN
1978-06-19,1978.0,35.237038,FraNchEstYN
1978-06-20,1978.0,35.237038,FraNchEstYN
1978-06-21,1978.0,36.731085,FraNchEstYN
1978-06-22,1978.0,36.731085,FraNchEstYN
1978-06-23,1978.0,41.03083,FraNchEstYN
1978-06-24,1978.0,41.03083,FraNchEstYN
1978-06-25,1978.0,41.03083,FraNchEstYN
1978-06-26,1978.0,41.03083,FraNchEstYN
1978-06-27,1978.0,41.03083,FraNchEstYN
1978-06-28,1978.0,44.825047,FraNchEstYN
1978-06-29,1978.0,44.825047,FraNchEstYN
1978-06-30,1978.0,44.825047,FraNchEstYN
1978-07-01,1978.0,45.878112,FraNchEstYN
1978-07-02,1978.0,45.878112,FraNchEstYN
1978-07-03,1978.0,45.878112,FraNchEstYN
1978-07-04,1978.0,48.396802,FraNchEstYN
1978-07-05,1978.0,48.396802,FraNchEstYN
1978-07-06,1978.0,48.396802,FraNchEstYN
1978-07-07,1978.0,49.353449999999995,FraNchEstYN
1978-07-08,1978.0,49.353449999999995,FraNchEstYN
1978-07-09,1978.0,49.353449999999995,FraNchEstYN
1978-07-10,1978.0,49.353449999999995,FraNchEstYN
1978-07-11,1978.0,49.576235000000004,FraNchEstYN
1978-07-12,1978.0,50.653946000000005,FraNchEstYN
1978-07-13,1978.0,50.653946000000005,FraNchEstYN
1978-07-14,1978.0,50.839597000000005,FraNchEstYN
1978-07-15,1978.0,50.839597000000005,FraNchEstYN
1978-07-16,1978.0,51.223207,FraNchEstYN
1978-07-17,1978.0,51.58033400000001,FraNchEstYN
1978-07-18,1978.0,51.583534,FraNchEstYN
1978-07-19,1978.0,51.583534,FraNchEstYN
1978-07-20,1978.0,51.583534,FraNchEstYN
1978-07-21,1978.0,51.583540000000006,FraNchEstYN
1978-07-22,1978.0,51.583540000000006,FraNchEstYN
1978-07-23,1978.0,51.583540000000006,FraNchEstYN
1978-07-24,1978.0,51.583650000000006,FraNchEstYN
1978-07-25,1978.0,51.62559,FraNchEstYN
1978-07-26,1978.0,51.62561,FraNchEstYN
1978-07-27,1978.0,51.62561,FraNchEstYN
1978-07-28,1978.0,51.62561,FraNchEstYN
1978-07-29,1978.0,51.661587,FraNchEstYN
1978-07-30,1978.0,51.661587,FraNchEstYN
1978-07-31,1978.0,51.661587,FraNchEstYN
1978-09-28,1978.0,0.0,FraNchEstYN
1978-09-29,1978.0,0.0,FraNchEstYN
1978-09-30,1978.0,0.0,FraNchEstYN
1978-10-01,1978.0,0.0,FraNchEstYN
1978-10-02,1978.0,0.0,FraNchEstYN
1978-10-03,1978.0,0.0,FraNchEstYN
1978-10-04,1978.0,0.0,FraNchEstYN
1978-10-05,1978.0,0.0,FraNchEstYN
1978-10-06,1978.0,0.0,FraNchEstYN
1978-10-07,1978.0,0.0,FraNchEstYN
1978-10-08,1978.0,0.0,FraNchEstYN
1978-10-09,1978.0,0.0,FraNchEstYN
1978-10-10,1978.0,0.0,FraNchEstYN
1978-10-11,1978.0,0.0,FraNchEstYN
1978-10-12,1978.0,0.0,FraNchEstYN
1978-10-13,1978.0,0.0,FraNchEstYN
1978-10-14,1978.0,0.0,FraNchEstYN
1978-10-15,1978.0,0.0,FraNchEstYN
1978-10-16,1978.0,0.0,FraNchEstYN
1978-10-17,1978.0,0.0,FraNchEstYN
1978-10-18,1978.0,0.0,FraNchEstYN
1978-10-19,1978.0,0.0,FraNchEstYN
1978-10-20,1978.0,0.0,FraNchEstYN
1978-10-21,1978.0,0.0,FraNchEstYN
1978-10-22,1978.0,0.0,FraNchEstYN
1978-10-23,1978.0,0.0,FraNchEstYN
1978-10-24,1978.0,0.0,FraNchEstYN
1978-10-25,1978.0,0.0,FraNchEstYN
1978-10-26,1978.0,0.0,FraNchEstYN
1978-10-27,1978.0,0.0,FraNchEstYN
1978-10-28,1978.0,0.0,FraNchEstYN
1978-10-29,1978.0,0.0,FraNchEstYN
1978-10-30,1978.0,0.0,FraNchEstYN
1978-10-31,1978.0,0.0,FraNchEstYN
1978-11-01,1978.0,0.0,FraNchEstYN
1978-11-02,1978.0,0.0,FraNchEstYN
1978-11-03,1978.0,0.0,FraNchEstYN
1978-11-04,1978.0,0.0,FraNchEstYN
1978-11-05,1978.0,0.0,FraNchEstYN
1978-11-06,1978.0,0.0,FraNchEstYN
1978-11-07,1978.0,0.0,FraNchEstYN
1978-11-08,1978.0,0.0,FraNchEstYN
1978-11-09,1978.0,0.0,FraNchEstYN
1978-11-10,1978.0,0.0,FraNchEstYN
1978-11-11,1978.0,0.0,FraNchEstYN
1978-11-12,1978.0,0.0,FraNchEstYN
1978-11-13,1978.0,0.0,FraNchEstYN
1978-11-14,1978.0,0.0,FraNchEstYN
1978-11-15,1978.0,0.0,FraNchEstYN
1978-11-16,1978.0,0.0,FraNchEstYN
1978-11-17,1978.0,0.0,FraNchEstYN
1978-11-18,1978.0,0.0,FraNchEstYN
1978-11-19,1978.0,0.0,FraNchEstYN
1978-11-20,1978.0,0.0,FraNchEstYN
1978-11-21,1978.0,0.0,FraNchEstYN
1978-11-22,1978.0,0.0,FraNchEstYN
1978-11-23,1978.0,0.0,FraNchEstYN
1978-11-24,1978.0,0.0,FraNchEstYN
1978-11-25,1978.0,0.0,FraNchEstYN
1978-11-26,1978.0,0.0,FraNchEstYN
1978-11-27,1978.0,0.0,FraNchEstYN
1978-11-28,1978.0,0.0,FraNchEstYN
1978-11-29,1978.0,0.0,FraNchEstYN
1978-11-30,1978.0,0.0,FraNchEstYN
1978-12-01,1978.0,0.0,FraNchEstYN
1978-12-02,1978.0,0.0,FraNchEstYN
1978-12-03,1978.0,0.0,FraNchEstYN
1978-12-04,1978.0,0.0,FraNchEstYN
1978-12-05,1978.0,0.0,FraNchEstYN
1978-12-06,1978.0,0.0,FraNchEstYN
1978-12-07,1978.0,0.0,FraNchEstYN
1978-12-08,1978.0,0.0,FraNchEstYN
1978-12-09,1978.0,0.0,FraNchEstYN
1978-12-10,1978.0,0.0,FraNchEstYN
1978-12-11,1978.0,0.0,FraNchEstYN
1978-12-12,1978.0,0.0,FraNchEstYN
1978-12-13,1978.0,0.0,FraNchEstYN
1978-12-14,1978.0,0.0,FraNchEstYN
1978-12-15,1978.0,0.0,FraNchEstYN
1978-12-16,1978.0,0.0,FraNchEstYN
1978-12-17,1978.0,0.0,FraNchEstYN
1978-12-18,1978.0,0.0,FraNchEstYN
1978-12-19,1978.0,0.0,FraNchEstYN
1978-12-20,1978.0,0.0,FraNchEstYN
1978-12-21,1978.0,0.0,FraNchEstYN
1978-12-22,1978.0,0.0,FraNchEstYN
1978-12-23,1978.0,0.0,FraNchEstYN
1978-12-24,1978.0,0.0,FraNchEstYN
1978-12-25,1978.0,0.0,FraNchEstYN
1978-12-26,1978.0,0.0,FraNchEstYN
1978-12-27,1978.0,0.0,FraNchEstYN
1978-12-28,1978.0,0.0,FraNchEstYN
1978-12-29,1978.0,0.0,FraNchEstYN
1978-12-30,1978.0,0.0,FraNchEstYN
1978-12-31,1978.0,0.0,FraNchEstYN
1979-01-01,1979.0,0.0,FraNchEstYN
1979-01-02,1979.0,0.0,FraNchEstYN
1979-01-03,1979.0,0.0,FraNchEstYN
1979-01-04,1979.0,0.0,FraNchEstYN
1979-01-05,1979.0,0.0,FraNchEstYN
1979-01-06,1979.0,0.0,FraNchEstYN
1979-01-07,1979.0,0.0,FraNchEstYN
1979-01-08,1979.0,0.0,FraNchEstYN
1979-01-09,1979.0,0.0,FraNchEstYN
1979-01-10,1979.0,0.0,FraNchEstYN
1979-01-11,1979.0,0.0,FraNchEstYN
1979-01-12,1979.0,0.0,FraNchEstYN
1979-01-13,1979.0,0.0,FraNchEstYN
1979-01-14,1979.0,0.0,FraNchEstYN
1979-01-15,1979.0,0.0,FraNchEstYN
1979-01-16,1979.0,0.0,FraNchEstYN
1979-01-17,1979.0,0.0,FraNchEstYN
1979-01-18,1979.0,0.0,FraNchEstYN
1979-01-19,1979.0,0.0,FraNchEstYN
1979-01-20,1979.0,0.0,FraNchEstYN
1979-01-21,1979.0,0.0,FraNchEstYN
1979-01-22,1979.0,0.0,FraNchEstYN
1979-01-23,1979.0,0.0,FraNchEstYN
1979-01-24,1979.0,0.0,FraNchEstYN
1979-01-25,1979.0,0.0,FraNchEstYN
1979-01-26,1979.0,0.0,FraNchEstYN
1979-01-27,1979.0,0.0,FraNchEstYN
1979-01-28,1979.0,0.0,FraNchEstYN
1979-01-29,1979.0,0.0,FraNchEstYN
1979-01-30,1979.0,0.0,FraNchEstYN
1979-01-31,1979.0,0.0,FraNchEstYN
1979-02-01,1979.0,0.0,FraNchEstYN
1979-02-02,1979.0,0.0,FraNchEstYN
1979-02-03,1979.0,0.0,FraNchEstYN
1979-02-04,1979.0,0.0,FraNchEstYN
1979-02-05,1979.0,0.0,FraNchEstYN
1979-02-06,1979.0,0.0,FraNchEstYN
1979-02-07,1979.0,0.0,FraNchEstYN
1979-02-08,1979.0,0.0,FraNchEstYN
1979-02-09,1979.0,0.0,FraNchEstYN
1979-02-10,1979.0,0.0,FraNchEstYN
1979-02-11,1979.0,0.0,FraNchEstYN
1979-02-12,1979.0,0.0,FraNchEstYN
1979-02-13,1979.0,0.0,FraNchEstYN
1979-02-14,1979.0,0.0,FraNchEstYN
1979-02-15,1979.0,0.0,FraNchEstYN
1979-02-16,1979.0,0.0,FraNchEstYN
1979-02-17,1979.0,0.0,FraNchEstYN
1979-02-18,1979.0,0.0,FraNchEstYN
1979-02-19,1979.0,0.0,FraNchEstYN
1979-02-20,1979.0,0.0,FraNchEstYN
1979-02-21,1979.0,0.0,FraNchEstYN
1979-02-22,1979.0,0.0,FraNchEstYN
1979-02-23,1979.0,0.0,FraNchEstYN
1979-02-24,1979.0,0.0,FraNchEstYN
1979-02-25,1979.0,0.0,FraNchEstYN
1979-02-26,1979.0,0.0,FraNchEstYN
1979-02-27,1979.0,0.0,FraNchEstYN
1979-02-28,1979.0,0.0,FraNchEstYN
1979-03-01,1979.0,0.0,FraNchEstYN
1979-03-02,1979.0,0.0,FraNchEstYN
1979-03-03,1979.0,0.0,FraNchEstYN
1979-03-04,1979.0,0.0,FraNchEstYN
1979-03-05,1979.0,0.0,FraNchEstYN
1979-03-06,1979.0,0.0,FraNchEstYN
1979-03-07,1979.0,0.0,FraNchEstYN
1979-03-08,1979.0,0.0,FraNchEstYN
1979-03-09,1979.0,0.0,FraNchEstYN
1979-03-10,1979.0,0.0,FraNchEstYN
1979-03-11,1979.0,0.0,FraNchEstYN
1979-03-12,1979.0,0.0,FraNchEstYN
1979-03-13,1979.0,0.0,FraNchEstYN
1979-03-14,1979.0,0.0,FraNchEstYN
1979-03-15,1979.0,0.0,FraNchEstYN
1979-03-16,1979.0,0.0,FraNchEstYN
1979-03-17,1979.0,0.0,FraNchEstYN
1979-03-18,1979.0,0.0,FraNchEstYN
1979-03-19,1979.0,0.0,FraNchEstYN
1979-03-20,1979.0,0.0,FraNchEstYN
1979-03-21,1979.0,0.0,FraNchEstYN
1979-03-22,1979.0,0.0,FraNchEstYN
1979-03-23,1979.0,0.0,FraNchEstYN
1979-03-24,1979.0,0.0,FraNchEstYN
1979-03-25,1979.0,0.0,FraNchEstYN
1979-03-26,1979.0,0.0,FraNchEstYN
1979-03-27,1979.0,0.0,FraNchEstYN
1979-03-28,1979.0,0.0,FraNchEstYN
1979-03-29,1979.0,0.0,FraNchEstYN
1979-03-30,1979.0,0.0,FraNchEstYN
1979-03-31,1979.0,0.0,FraNchEstYN
1979-04-01,1979.0,0.0,FraNchEstYN
1979-04-02,1979.0,0.0,FraNchEstYN
1979-04-03,1979.0,0.0,FraNchEstYN
1979-04-04,1979.0,0.0,FraNchEstYN
1979-04-05,1979.0,0.0,FraNchEstYN
1979-04-06,1979.0,0.0,FraNchEstYN
1979-04-07,1979.0,0.0,FraNchEstYN
1979-04-08,1979.0,0.0,FraNchEstYN
1979-04-09,1979.0,0.0,FraNchEstYN
1979-04-10,1979.0,0.0,FraNchEstYN
1979-04-11,1979.0,0.0,FraNchEstYN
1979-04-12,1979.0,0.0,FraNchEstYN
1979-04-13,1979.0,0.0,FraNchEstYN
1979-04-14,1979.0,0.0,FraNchEstYN
1979-04-15,1979.0,0.0,FraNchEstYN
1979-04-16,1979.0,0.0,FraNchEstYN
1979-04-17,1979.0,0.0,FraNchEstYN
1979-04-18,1979.0,0.0,FraNchEstYN
1979-04-19,1979.0,0.0,FraNchEstYN
1979-04-20,1979.0,0.0,FraNchEstYN
1979-04-21,1979.0,0.0,FraNchEstYN
1979-04-22,1979.0,0.0,FraNchEstYN
1979-04-23,1979.0,0.0,FraNchEstYN
1979-04-24,1979.0,0.0,FraNchEstYN
1979-04-25,1979.0,0.0,FraNchEstYN
1979-04-26,1979.0,0.0,FraNchEstYN
1979-04-27,1979.0,0.0,FraNchEstYN
1979-04-28,1979.0,0.0,FraNchEstYN
1979-04-29,1979.0,0.0,FraNchEstYN
1979-04-30,1979.0,0.0,FraNchEstYN
1979-05-01,1979.0,0.0,FraNchEstYN
1979-05-02,1979.0,0.0,FraNchEstYN
1979-05-03,1979.0,0.0,FraNchEstYN
1979-05-04,1979.0,0.0,FraNchEstYN
1979-05-05,1979.0,0.0,FraNchEstYN
1979-05-06,1979.0,0.0,FraNchEstYN
1979-05-07,1979.0,0.0,FraNchEstYN
1979-05-08,1979.0,0.0,FraNchEstYN
1979-05-09,1979.0,0.0,FraNchEstYN
1979-05-10,1979.0,0.0,FraNchEstYN
1979-05-11,1979.0,0.0,FraNchEstYN
1979-05-12,1979.0,0.0,FraNchEstYN
1979-05-13,1979.0,0.0,FraNchEstYN
1979-05-14,1979.0,0.0,FraNchEstYN
1979-05-15,1979.0,0.0,FraNchEstYN
1979-05-16,1979.0,2.517804,FraNchEstYN
1979-05-17,1979.0,2.517804,FraNchEstYN
1979-05-18,1979.0,2.517804,FraNchEstYN
1979-05-19,1979.0,10.297285,FraNchEstYN
1979-05-20,1979.0,10.297285,FraNchEstYN
1979-05-21,1979.0,13.270229,FraNchEstYN
1979-05-22,1979.0,13.270229,FraNchEstYN
1979-05-23,1979.0,16.59874,FraNchEstYN
1979-05-24,1979.0,16.59874,FraNchEstYN
1979-05-25,1979.0,16.59874,FraNchEstYN
1979-05-26,1979.0,16.59874,FraNchEstYN
1979-05-27,1979.0,16.59874,FraNchEstYN
1979-05-28,1979.0,16.59874,FraNchEstYN
1979-05-29,1979.0,18.903043999999998,FraNchEstYN
1979-05-30,1979.0,21.188249,FraNchEstYN
1979-05-31,1979.0,24.866743,FraNchEstYN
1979-06-01,1979.0,28.023386,FraNchEstYN
1979-06-02,1979.0,28.023386,FraNchEstYN
1979-06-03,1979.0,28.023386,FraNchEstYN
1979-06-04,1979.0,28.023386,FraNchEstYN
1979-06-05,1979.0,28.023386,FraNchEstYN
1979-06-06,1979.0,30.12093,FraNchEstYN
1979-06-07,1979.0,30.12093,FraNchEstYN
1979-06-08,1979.0,30.12093,FraNchEstYN
1979-06-09,1979.0,30.12093,FraNchEstYN
1979-06-10,1979.0,31.931815000000004,FraNchEstYN
1979-06-11,1979.0,31.982625,FraNchEstYN
1979-06-12,1979.0,32.016096,FraNchEstYN
1979-06-13,1979.0,32.016096,FraNchEstYN
1979-06-14,1979.0,32.016096,FraNchEstYN
1979-06-15,1979.0,33.552215000000004,FraNchEstYN
1979-06-16,1979.0,35.990703,FraNchEstYN
1979-06-17,1979.0,35.990703,FraNchEstYN
1979-06-18,1979.0,35.990703,FraNchEstYN
1979-06-19,1979.0,35.990703,FraNchEstYN
1979-06-20,1979.0,37.39069,FraNchEstYN
1979-06-21,1979.0,40.274262,FraNchEstYN
1979-06-22,1979.0,43.15135,FraNchEstYN
1979-06-23,1979.0,44.012278,FraNchEstYN
1979-06-24,1979.0,44.24489,FraNchEstYN
1979-06-25,1979.0,44.24489,FraNchEstYN
1979-06-26,1979.0,44.24489,FraNchEstYN
1979-06-27,1979.0,44.24489,FraNchEstYN
1979-06-28,1979.0,44.670336999999996,FraNchEstYN
1979-06-29,1979.0,44.670336999999996,FraNchEstYN
1979-06-30,1979.0,44.734353,FraNchEstYN
1979-07-01,1979.0,44.734353,FraNchEstYN
1979-07-02,1979.0,44.909,FraNchEstYN
1979-07-03,1979.0,45.46252,FraNchEstYN
1979-07-04,1979.0,45.911837,FraNchEstYN
1979-07-05,1979.0,46.280854999999995,FraNchEstYN
1979-07-06,1979.0,46.599218,FraNchEstYN
1979-07-07,1979.0,46.60042,FraNchEstYN
1979-07-08,1979.0,46.60042,FraNchEstYN
1979-07-09,1979.0,46.60042,FraNchEstYN
1979-07-10,1979.0,46.60042,FraNchEstYN
1979-07-11,1979.0,46.600416,FraNchEstYN
1979-07-12,1979.0,46.600416,FraNchEstYN
1979-07-13,1979.0,46.60046,FraNchEstYN
1979-07-14,1979.0,46.72944,FraNchEstYN
1979-07-15,1979.0,46.81629,FraNchEstYN
1979-07-16,1979.0,46.816295000000004,FraNchEstYN
1979-07-17,1979.0,46.816295000000004,FraNchEstYN
1979-07-18,1979.0,46.816295000000004,FraNchEstYN
1979-07-19,1979.0,46.845895,FraNchEstYN
1979-07-20,1979.0,46.845895,FraNchEstYN
1979-10-05,1979.0,0.0,FraNchEstYN
1979-10-06,1979.0,0.0,FraNchEstYN
1979-10-07,1979.0,0.0,FraNchEstYN
1979-10-08,1979.0,0.0,FraNchEstYN
1979-10-09,1979.0,0.0,FraNchEstYN
1979-10-10,1979.0,0.0,FraNchEstYN
1979-10-11,1979.0,0.0,FraNchEstYN
1979-10-12,1979.0,0.0,FraNchEstYN
1979-10-13,1979.0,0.0,FraNchEstYN
1979-10-14,1979.0,0.0,FraNchEstYN
1979-10-15,1979.0,0.0,FraNchEstYN
1979-10-16,1979.0,0.0,FraNchEstYN
1979-10-17,1979.0,0.0,FraNchEstYN
1979-10-18,1979.0,0.0,FraNchEstYN
1979-10-19,1979.0,0.0,FraNchEstYN
1979-10-20,1979.0,0.0,FraNchEstYN
1979-10-21,1979.0,0.0,FraNchEstYN
1979-10-22,1979.0,0.0,FraNchEstYN
1979-10-23,1979.0,0.0,FraNchEstYN
1979-10-24,1979.0,0.0,FraNchEstYN
1979-10-25,1979.0,0.0,FraNchEstYN
1979-10-26,1979.0,0.0,FraNchEstYN
1979-10-27,1979.0,0.0,FraNchEstYN
1979-10-28,1979.0,0.0,FraNchEstYN
1979-10-29,1979.0,0.0,FraNchEstYN
1979-10-30,1979.0,0.0,FraNchEstYN
1979-10-31,1979.0,0.0,FraNchEstYN
1979-11-01,1979.0,0.0,FraNchEstYN
1979-11-02,1979.0,0.0,FraNchEstYN
1979-11-03,1979.0,0.0,FraNchEstYN
1979-11-04,1979.0,0.0,FraNchEstYN
1979-11-05,1979.0,0.0,FraNchEstYN
1979-11-06,1979.0,0.0,FraNchEstYN
1979-11-07,1979.0,0.0,FraNchEstYN
1979-11-08,1979.0,0.0,FraNchEstYN
1979-11-09,1979.0,0.0,FraNchEstYN
1979-11-10,1979.0,0.0,FraNchEstYN
1979-11-11,1979.0,0.0,FraNchEstYN
1979-11-12,1979.0,0.0,FraNchEstYN
1979-11-13,1979.0,0.0,FraNchEstYN
1979-11-14,1979.0,0.0,FraNchEstYN
1979-11-15,1979.0,0.0,FraNchEstYN
1979-11-16,1979.0,0.0,FraNchEstYN
1979-11-17,1979.0,0.0,FraNchEstYN
1979-11-18,1979.0,0.0,FraNchEstYN
1979-11-19,1979.0,0.0,FraNchEstYN
1979-11-20,1979.0,0.0,FraNchEstYN
1979-11-21,1979.0,0.0,FraNchEstYN
1979-11-22,1979.0,0.0,FraNchEstYN
1979-11-23,1979.0,0.0,FraNchEstYN
1979-11-24,1979.0,0.0,FraNchEstYN
1979-11-25,1979.0,0.0,FraNchEstYN
1979-11-26,1979.0,0.0,FraNchEstYN
1979-11-27,1979.0,0.0,FraNchEstYN
1979-11-28,1979.0,0.0,FraNchEstYN
1979-11-29,1979.0,0.0,FraNchEstYN
1979-11-30,1979.0,0.0,FraNchEstYN
1979-12-01,1979.0,0.0,FraNchEstYN
1979-12-02,1979.0,0.0,FraNchEstYN
1979-12-03,1979.0,0.0,FraNchEstYN
1979-12-04,1979.0,0.0,FraNchEstYN
1979-12-05,1979.0,0.0,FraNchEstYN
1979-12-06,1979.0,0.0,FraNchEstYN
1979-12-07,1979.0,0.0,FraNchEstYN
1979-12-08,1979.0,0.0,FraNchEstYN
1979-12-09,1979.0,0.0,FraNchEstYN
1979-12-10,1979.0,0.0,FraNchEstYN
1979-12-11,1979.0,0.0,FraNchEstYN
1979-12-12,1979.0,0.0,FraNchEstYN
1979-12-13,1979.0,0.0,FraNchEstYN
1979-12-14,1979.0,0.0,FraNchEstYN
1979-12-15,1979.0,0.0,FraNchEstYN
1979-12-16,1979.0,0.0,FraNchEstYN
1979-12-17,1979.0,0.0,FraNchEstYN
1979-12-18,1979.0,0.0,FraNchEstYN
1979-12-19,1979.0,0.0,FraNchEstYN
1979-12-20,1979.0,0.0,FraNchEstYN
1979-12-21,1979.0,0.0,FraNchEstYN
1979-12-22,1979.0,0.0,FraNchEstYN
1979-12-23,1979.0,0.0,FraNchEstYN
1979-12-24,1979.0,0.0,FraNchEstYN
1979-12-25,1979.0,0.0,FraNchEstYN
1979-12-26,1979.0,0.0,FraNchEstYN
1979-12-27,1979.0,0.0,FraNchEstYN
1979-12-28,1979.0,0.0,FraNchEstYN
1979-12-29,1979.0,0.0,FraNchEstYN
1979-12-30,1979.0,0.0,FraNchEstYN
1979-12-31,1979.0,0.0,FraNchEstYN
1980-01-01,1980.0,0.0,FraNchEstYN
1980-01-02,1980.0,0.0,FraNchEstYN
1980-01-03,1980.0,0.0,FraNchEstYN
1980-01-04,1980.0,0.0,FraNchEstYN
1980-01-05,1980.0,0.0,FraNchEstYN
1980-01-06,1980.0,0.0,FraNchEstYN
1980-01-07,1980.0,0.0,FraNchEstYN
1980-01-08,1980.0,0.0,FraNchEstYN
1980-01-09,1980.0,0.0,FraNchEstYN
1980-01-10,1980.0,0.0,FraNchEstYN
1980-01-11,1980.0,0.0,FraNchEstYN
1980-01-12,1980.0,0.0,FraNchEstYN
1980-01-13,1980.0,0.0,FraNchEstYN
1980-01-14,1980.0,0.0,FraNchEstYN
1980-01-15,1980.0,0.0,FraNchEstYN
1980-01-16,1980.0,0.0,FraNchEstYN
1980-01-17,1980.0,0.0,FraNchEstYN
1980-01-18,1980.0,0.0,FraNchEstYN
1980-01-19,1980.0,0.0,FraNchEstYN
1980-01-20,1980.0,0.0,FraNchEstYN
1980-01-21,1980.0,0.0,FraNchEstYN
1980-01-22,1980.0,0.0,FraNchEstYN
1980-01-23,1980.0,0.0,FraNchEstYN
1980-01-24,1980.0,0.0,FraNchEstYN
1980-01-25,1980.0,0.0,FraNchEstYN
1980-01-26,1980.0,0.0,FraNchEstYN
1980-01-27,1980.0,0.0,FraNchEstYN
1980-01-28,1980.0,0.0,FraNchEstYN
1980-01-29,1980.0,0.0,FraNchEstYN
1980-01-30,1980.0,0.0,FraNchEstYN
1980-01-31,1980.0,0.0,FraNchEstYN
1980-02-01,1980.0,0.0,FraNchEstYN
1980-02-02,1980.0,0.0,FraNchEstYN
1980-02-03,1980.0,0.0,FraNchEstYN
1980-02-04,1980.0,0.0,FraNchEstYN
1980-02-05,1980.0,0.0,FraNchEstYN
1980-02-06,1980.0,0.0,FraNchEstYN
1980-02-07,1980.0,0.0,FraNchEstYN
1980-02-08,1980.0,0.0,FraNchEstYN
1980-02-09,1980.0,0.0,FraNchEstYN
1980-02-10,1980.0,0.0,FraNchEstYN
1980-02-11,1980.0,0.0,FraNchEstYN
1980-02-12,1980.0,0.0,FraNchEstYN
1980-02-13,1980.0,0.0,FraNchEstYN
1980-02-14,1980.0,0.0,FraNchEstYN
1980-02-15,1980.0,0.0,FraNchEstYN
1980-02-16,1980.0,0.0,FraNchEstYN
1980-02-17,1980.0,0.0,FraNchEstYN
1980-02-18,1980.0,0.0,FraNchEstYN
1980-02-19,1980.0,0.0,FraNchEstYN
1980-02-20,1980.0,0.0,FraNchEstYN
1980-02-21,1980.0,0.0,FraNchEstYN
1980-02-22,1980.0,0.0,FraNchEstYN
1980-02-23,1980.0,0.0,FraNchEstYN
1980-02-24,1980.0,0.0,FraNchEstYN
1980-02-25,1980.0,0.0,FraNchEstYN
1980-02-26,1980.0,0.0,FraNchEstYN
1980-02-27,1980.0,0.0,FraNchEstYN
1980-02-28,1980.0,0.0,FraNchEstYN
1980-02-29,1980.0,0.0,FraNchEstYN
1980-03-01,1980.0,0.0,FraNchEstYN
1980-03-02,1980.0,0.0,FraNchEstYN
1980-03-03,1980.0,0.0,FraNchEstYN
1980-03-04,1980.0,0.0,FraNchEstYN
1980-03-05,1980.0,0.0,FraNchEstYN
1980-03-06,1980.0,0.0,FraNchEstYN
1980-03-07,1980.0,0.0,FraNchEstYN
1980-03-08,1980.0,0.0,FraNchEstYN
1980-03-09,1980.0,0.0,FraNchEstYN
1980-03-10,1980.0,0.0,FraNchEstYN
1980-03-11,1980.0,0.0,FraNchEstYN
1980-03-12,1980.0,0.0,FraNchEstYN
1980-03-13,1980.0,0.0,FraNchEstYN
1980-03-14,1980.0,0.0,FraNchEstYN
1980-03-15,1980.0,0.0,FraNchEstYN
1980-03-16,1980.0,0.0,FraNchEstYN
1980-03-17,1980.0,0.0,FraNchEstYN
1980-03-18,1980.0,0.0,FraNchEstYN
1980-03-19,1980.0,0.0,FraNchEstYN
1980-03-20,1980.0,0.0,FraNchEstYN
1980-03-21,1980.0,0.0,FraNchEstYN
1980-03-22,1980.0,0.0,FraNchEstYN
1980-03-23,1980.0,0.0,FraNchEstYN
1980-03-24,1980.0,0.0,FraNchEstYN
1980-03-25,1980.0,0.0,FraNchEstYN
1980-03-26,1980.0,0.0,FraNchEstYN
1980-03-27,1980.0,0.0,FraNchEstYN
1980-03-28,1980.0,0.0,FraNchEstYN
1980-03-29,1980.0,0.0,FraNchEstYN
1980-03-30,1980.0,0.0,FraNchEstYN
1980-03-31,1980.0,0.0,FraNchEstYN
1980-04-01,1980.0,0.0,FraNchEstYN
1980-04-02,1980.0,0.0,FraNchEstYN
1980-04-03,1980.0,0.0,FraNchEstYN
1980-04-04,1980.0,0.0,FraNchEstYN
1980-04-05,1980.0,0.0,FraNchEstYN
1980-04-06,1980.0,0.0,FraNchEstYN
1980-04-07,1980.0,0.0,FraNchEstYN
1980-04-08,1980.0,0.0,FraNchEstYN
1980-04-09,1980.0,0.0,FraNchEstYN
1980-04-10,1980.0,0.0,FraNchEstYN
1980-04-11,1980.0,0.0,FraNchEstYN
1980-04-12,1980.0,0.0,FraNchEstYN
1980-04-13,1980.0,0.0,FraNchEstYN
1980-04-14,1980.0,0.0,FraNchEstYN
1980-04-15,1980.0,0.0,FraNchEstYN
1980-04-16,1980.0,0.0,FraNchEstYN
1980-04-17,1980.0,0.0,FraNchEstYN
1980-04-18,1980.0,0.0,FraNchEstYN
1980-04-19,1980.0,0.0,FraNchEstYN
1980-04-20,1980.0,0.0,FraNchEstYN
1980-04-21,1980.0,0.0,FraNchEstYN
1980-04-22,1980.0,0.0,FraNchEstYN
1980-04-23,1980.0,0.0,FraNchEstYN
1980-04-24,1980.0,0.0,FraNchEstYN
1980-04-25,1980.0,0.0,FraNchEstYN
1980-04-26,1980.0,0.0,FraNchEstYN
1980-04-27,1980.0,0.0,FraNchEstYN
1980-04-28,1980.0,0.0,FraNchEstYN
1980-04-29,1980.0,0.0,FraNchEstYN
1980-04-30,1980.0,0.0,FraNchEstYN
1980-05-01,1980.0,0.0,FraNchEstYN
1980-05-02,1980.0,0.0,FraNchEstYN
1980-05-03,1980.0,0.0,FraNchEstYN
1980-05-04,1980.0,0.0,FraNchEstYN
1980-05-05,1980.0,0.0,FraNchEstYN
1980-05-06,1980.0,0.0,FraNchEstYN
1980-05-07,1980.0,0.0,FraNchEstYN
1980-05-08,1980.0,0.0,FraNchEstYN
1980-05-09,1980.0,0.0,FraNchEstYN
1980-05-10,1980.0,0.0,FraNchEstYN
1980-05-11,1980.0,0.0,FraNchEstYN
1980-05-12,1980.0,0.0,FraNchEstYN
1980-05-13,1980.0,0.0,FraNchEstYN
1980-05-14,1980.0,0.0,FraNchEstYN
1980-05-15,1980.0,0.0,FraNchEstYN
1980-05-16,1980.0,0.0,FraNchEstYN
1980-05-17,1980.0,0.0,FraNchEstYN
1980-05-18,1980.0,0.0,FraNchEstYN
1980-05-19,1980.0,0.0,FraNchEstYN
1980-05-20,1980.0,0.0,FraNchEstYN
1980-05-21,1980.0,0.0,FraNchEstYN
1980-05-22,1980.0,0.0,FraNchEstYN
1980-05-23,1980.0,0.0,FraNchEstYN
1980-05-24,1980.0,0.0,FraNchEstYN
1980-05-25,1980.0,0.0,FraNchEstYN
1980-05-26,1980.0,0.0,FraNchEstYN
1980-05-27,1980.0,0.0,FraNchEstYN
1980-05-28,1980.0,4.3025807,FraNchEstYN
1980-05-29,1980.0,7.735778,FraNchEstYN
1980-05-30,1980.0,12.512259,FraNchEstYN
1980-05-31,1980.0,12.512259,FraNchEstYN
1980-06-01,1980.0,12.512259,FraNchEstYN
1980-06-02,1980.0,21.235915,FraNchEstYN
1980-06-03,1980.0,23.087564,FraNchEstYN
1980-06-04,1980.0,23.087564,FraNchEstYN
1980-06-05,1980.0,23.087564,FraNchEstYN
1980-06-06,1980.0,23.087564,FraNchEstYN
1980-06-07,1980.0,27.99972,FraNchEstYN
1980-06-08,1980.0,32.276872,FraNchEstYN
1980-06-09,1980.0,32.276872,FraNchEstYN
1980-06-10,1980.0,32.276872,FraNchEstYN
1980-06-11,1980.0,32.276872,FraNchEstYN
1980-06-12,1980.0,32.276872,FraNchEstYN
1980-06-13,1980.0,32.276872,FraNchEstYN
1980-06-14,1980.0,32.276872,FraNchEstYN
1980-06-15,1980.0,35.190377,FraNchEstYN
1980-06-16,1980.0,37.98531,FraNchEstYN
1980-06-17,1980.0,37.98531,FraNchEstYN
1980-06-18,1980.0,42.112884,FraNchEstYN
1980-06-19,1980.0,45.931926000000004,FraNchEstYN
1980-06-20,1980.0,49.81567,FraNchEstYN
1980-06-21,1980.0,49.81567,FraNchEstYN
1980-06-22,1980.0,49.81567,FraNchEstYN
1980-06-23,1980.0,51.08973,FraNchEstYN
1980-06-24,1980.0,53.79686,FraNchEstYN
1980-06-25,1980.0,53.897220000000004,FraNchEstYN
1980-06-26,1980.0,53.897220000000004,FraNchEstYN
1980-06-27,1980.0,54.03008500000001,FraNchEstYN
1980-06-28,1980.0,54.03008500000001,FraNchEstYN
1980-06-29,1980.0,54.03008500000001,FraNchEstYN
1980-06-30,1980.0,54.85021,FraNchEstYN
1980-07-01,1980.0,57.144505,FraNchEstYN
1980-07-02,1980.0,58.65374,FraNchEstYN
1980-07-03,1980.0,58.65374,FraNchEstYN
1980-07-04,1980.0,58.65374,FraNchEstYN
1980-07-05,1980.0,58.816979999999994,FraNchEstYN
1980-07-06,1980.0,58.816979999999994,FraNchEstYN
1980-07-07,1980.0,58.816979999999994,FraNchEstYN
1980-07-08,1980.0,58.816979999999994,FraNchEstYN
1980-07-09,1980.0,59.7397,FraNchEstYN
1980-07-10,1980.0,60.527770000000004,FraNchEstYN
1980-07-11,1980.0,60.563433,FraNchEstYN
1980-07-12,1980.0,60.563433,FraNchEstYN
1980-07-13,1980.0,60.563433,FraNchEstYN
1980-07-14,1980.0,60.563433,FraNchEstYN
1980-07-15,1980.0,60.778475,FraNchEstYN
1980-07-16,1980.0,60.778475,FraNchEstYN
1980-07-17,1980.0,60.929449999999996,FraNchEstYN
1980-07-18,1980.0,60.931575,FraNchEstYN
1980-07-19,1980.0,60.931575,FraNchEstYN
1980-07-20,1980.0,60.932463000000006,FraNchEstYN
1980-07-21,1980.0,60.932463000000006,FraNchEstYN
1980-07-22,1980.0,60.93274400000001,FraNchEstYN
1980-07-23,1980.0,60.980517,FraNchEstYN
1980-07-24,1980.0,61.02393000000001,FraNchEstYN
1980-07-25,1980.0,61.02393000000001,FraNchEstYN
1980-07-26,1980.0,61.023927,FraNchEstYN
1980-07-27,1980.0,61.02393000000001,FraNchEstYN
1980-07-28,1980.0,61.023927,FraNchEstYN
1980-07-29,1980.0,61.023927,FraNchEstYN
1980-07-30,1980.0,61.023927,FraNchEstYN
1980-09-29,1980.0,0.0,FraNchEstYN
1980-09-30,1980.0,0.0,FraNchEstYN
1980-10-01,1980.0,0.0,FraNchEstYN
1980-10-02,1980.0,0.0,FraNchEstYN
1980-10-03,1980.0,0.0,FraNchEstYN
1980-10-04,1980.0,0.0,FraNchEstYN
1980-10-05,1980.0,0.0,FraNchEstYN
1980-10-06,1980.0,0.0,FraNchEstYN
1980-10-07,1980.0,0.0,FraNchEstYN
1980-10-08,1980.0,0.0,FraNchEstYN
1980-10-09,1980.0,0.0,FraNchEstYN
1980-10-10,1980.0,0.0,FraNchEstYN
1980-10-11,1980.0,0.0,FraNchEstYN
1980-10-12,1980.0,0.0,FraNchEstYN
1980-10-13,1980.0,0.0,FraNchEstYN
1980-10-14,1980.0,0.0,FraNchEstYN
1980-10-15,1980.0,0.0,FraNchEstYN
1980-10-16,1980.0,0.0,FraNchEstYN
1980-10-17,1980.0,0.0,FraNchEstYN
1980-10-18,1980.0,0.0,FraNchEstYN
1980-10-19,1980.0,0.0,FraNchEstYN
1980-10-20,1980.0,0.0,FraNchEstYN
1980-10-21,1980.0,0.0,FraNchEstYN
1980-10-22,1980.0,0.0,FraNchEstYN
1980-10-23,1980.0,0.0,FraNchEstYN
1980-10-24,1980.0,0.0,FraNchEstYN
1980-10-25,1980.0,0.0,FraNchEstYN
1980-10-26,1980.0,0.0,FraNchEstYN
1980-10-27,1980.0,0.0,FraNchEstYN
1980-10-28,1980.0,0.0,FraNchEstYN
1980-10-29,1980.0,0.0,FraNchEstYN
1980-10-30,1980.0,0.0,FraNchEstYN
1980-10-31,1980.0,0.0,FraNchEstYN
1980-11-01,1980.0,0.0,FraNchEstYN
1980-11-02,1980.0,0.0,FraNchEstYN
1980-11-03,1980.0,0.0,FraNchEstYN
1980-11-04,1980.0,0.0,FraNchEstYN
1980-11-05,1980.0,0.0,FraNchEstYN
1980-11-06,1980.0,0.0,FraNchEstYN
1980-11-07,1980.0,0.0,FraNchEstYN
1980-11-08,1980.0,0.0,FraNchEstYN
1980-11-09,1980.0,0.0,FraNchEstYN
1980-11-10,1980.0,0.0,FraNchEstYN
1980-11-11,1980.0,0.0,FraNchEstYN
1980-11-12,1980.0,0.0,FraNchEstYN
1980-11-13,1980.0,0.0,FraNchEstYN
1980-11-14,1980.0,0.0,FraNchEstYN
1980-11-15,1980.0,0.0,FraNchEstYN
1980-11-16,1980.0,0.0,FraNchEstYN
1980-11-17,1980.0,0.0,FraNchEstYN
1980-11-18,1980.0,0.0,FraNchEstYN
1980-11-19,1980.0,0.0,FraNchEstYN
1980-11-20,1980.0,0.0,FraNchEstYN
1980-11-21,1980.0,0.0,FraNchEstYN
1980-11-22,1980.0,0.0,FraNchEstYN
1980-11-23,1980.0,0.0,FraNchEstYN
1980-11-24,1980.0,0.0,FraNchEstYN
1980-11-25,1980.0,0.0,FraNchEstYN
1980-11-26,1980.0,0.0,FraNchEstYN
1980-11-27,1980.0,0.0,FraNchEstYN
1980-11-28,1980.0,0.0,FraNchEstYN
1980-11-29,1980.0,0.0,FraNchEstYN
1980-11-30,1980.0,0.0,FraNchEstYN
1980-12-01,1980.0,0.0,FraNchEstYN
1980-12-02,1980.0,0.0,FraNchEstYN
1980-12-03,1980.0,0.0,FraNchEstYN
1980-12-04,1980.0,0.0,FraNchEstYN
1980-12-05,1980.0,0.0,FraNchEstYN
1980-12-06,1980.0,0.0,FraNchEstYN
1980-12-07,1980.0,0.0,FraNchEstYN
1980-12-08,1980.0,0.0,FraNchEstYN
1980-12-09,1980.0,0.0,FraNchEstYN
1980-12-10,1980.0,0.0,FraNchEstYN
1980-12-11,1980.0,0.0,FraNchEstYN
1980-12-12,1980.0,0.0,FraNchEstYN
1980-12-13,1980.0,0.0,FraNchEstYN
1980-12-14,1980.0,0.0,FraNchEstYN
1980-12-15,1980.0,0.0,FraNchEstYN
1980-12-16,1980.0,0.0,FraNchEstYN
1980-12-17,1980.0,0.0,FraNchEstYN
1980-12-18,1980.0,0.0,FraNchEstYN
1980-12-19,1980.0,0.0,FraNchEstYN
1980-12-20,1980.0,0.0,FraNchEstYN
1980-12-21,1980.0,0.0,FraNchEstYN
1980-12-22,1980.0,0.0,FraNchEstYN
1980-12-23,1980.0,0.0,FraNchEstYN
1980-12-24,1980.0,0.0,FraNchEstYN
1980-12-25,1980.0,0.0,FraNchEstYN
1980-12-26,1980.0,0.0,FraNchEstYN
1980-12-27,1980.0,0.0,FraNchEstYN
1980-12-28,1980.0,0.0,FraNchEstYN
1980-12-29,1980.0,0.0,FraNchEstYN
1980-12-30,1980.0,0.0,FraNchEstYN
1980-12-31,1980.0,0.0,FraNchEstYN
1981-01-01,1981.0,0.0,FraNchEstYN
1981-01-02,1981.0,0.0,FraNchEstYN
1981-01-03,1981.0,0.0,FraNchEstYN
1981-01-04,1981.0,0.0,FraNchEstYN
1981-01-05,1981.0,0.0,FraNchEstYN
1981-01-06,1981.0,0.0,FraNchEstYN
1981-01-07,1981.0,0.0,FraNchEstYN
1981-01-08,1981.0,0.0,FraNchEstYN
1981-01-09,1981.0,0.0,FraNchEstYN
1981-01-10,1981.0,0.0,FraNchEstYN
1981-01-11,1981.0,0.0,FraNchEstYN
1981-01-12,1981.0,0.0,FraNchEstYN
1981-01-13,1981.0,0.0,FraNchEstYN
1981-01-14,1981.0,0.0,FraNchEstYN
1981-01-15,1981.0,0.0,FraNchEstYN
1981-01-16,1981.0,0.0,FraNchEstYN
1981-01-17,1981.0,0.0,FraNchEstYN
1981-01-18,1981.0,0.0,FraNchEstYN
1981-01-19,1981.0,0.0,FraNchEstYN
1981-01-20,1981.0,0.0,FraNchEstYN
1981-01-21,1981.0,0.0,FraNchEstYN
1981-01-22,1981.0,0.0,FraNchEstYN
1981-01-23,1981.0,0.0,FraNchEstYN
1981-01-24,1981.0,0.0,FraNchEstYN
1981-01-25,1981.0,0.0,FraNchEstYN
1981-01-26,1981.0,0.0,FraNchEstYN
1981-01-27,1981.0,0.0,FraNchEstYN
1981-01-28,1981.0,0.0,FraNchEstYN
1981-01-29,1981.0,0.0,FraNchEstYN
1981-01-30,1981.0,0.0,FraNchEstYN
1981-01-31,1981.0,0.0,FraNchEstYN
1981-02-01,1981.0,0.0,FraNchEstYN
1981-02-02,1981.0,0.0,FraNchEstYN
1981-02-03,1981.0,0.0,FraNchEstYN
1981-02-04,1981.0,0.0,FraNchEstYN
1981-02-05,1981.0,0.0,FraNchEstYN
1981-02-06,1981.0,0.0,FraNchEstYN
1981-02-07,1981.0,0.0,FraNchEstYN
1981-02-08,1981.0,0.0,FraNchEstYN
1981-02-09,1981.0,0.0,FraNchEstYN
1981-02-10,1981.0,0.0,FraNchEstYN
1981-02-11,1981.0,0.0,FraNchEstYN
1981-02-12,1981.0,0.0,FraNchEstYN
1981-02-13,1981.0,0.0,FraNchEstYN
1981-02-14,1981.0,0.0,FraNchEstYN
1981-02-15,1981.0,0.0,FraNchEstYN
1981-02-16,1981.0,0.0,FraNchEstYN
1981-02-17,1981.0,0.0,FraNchEstYN
1981-02-18,1981.0,0.0,FraNchEstYN
1981-02-19,1981.0,0.0,FraNchEstYN
1981-02-20,1981.0,0.0,FraNchEstYN
1981-02-21,1981.0,0.0,FraNchEstYN
1981-02-22,1981.0,0.0,FraNchEstYN
1981-02-23,1981.0,0.0,FraNchEstYN
1981-02-24,1981.0,0.0,FraNchEstYN
1981-02-25,1981.0,0.0,FraNchEstYN
1981-02-26,1981.0,0.0,FraNchEstYN
1981-02-27,1981.0,0.0,FraNchEstYN
1981-02-28,1981.0,0.0,FraNchEstYN
1981-03-01,1981.0,0.0,FraNchEstYN
1981-03-02,1981.0,0.0,FraNchEstYN
1981-03-03,1981.0,0.0,FraNchEstYN
1981-03-04,1981.0,0.0,FraNchEstYN
1981-03-05,1981.0,0.0,FraNchEstYN
1981-03-06,1981.0,0.0,FraNchEstYN
1981-03-07,1981.0,0.0,FraNchEstYN
1981-03-08,1981.0,0.0,FraNchEstYN
1981-03-09,1981.0,0.0,FraNchEstYN
1981-03-10,1981.0,0.0,FraNchEstYN
1981-03-11,1981.0,0.0,FraNchEstYN
1981-03-12,1981.0,0.0,FraNchEstYN
1981-03-13,1981.0,0.0,FraNchEstYN
1981-03-14,1981.0,0.0,FraNchEstYN
1981-03-15,1981.0,0.0,FraNchEstYN
1981-03-16,1981.0,0.0,FraNchEstYN
1981-03-17,1981.0,0.0,FraNchEstYN
1981-03-18,1981.0,0.0,FraNchEstYN
1981-03-19,1981.0,0.0,FraNchEstYN
1981-03-20,1981.0,0.0,FraNchEstYN
1981-03-21,1981.0,0.0,FraNchEstYN
1981-03-22,1981.0,0.0,FraNchEstYN
1981-03-23,1981.0,0.0,FraNchEstYN
1981-03-24,1981.0,0.0,FraNchEstYN
1981-03-25,1981.0,0.0,FraNchEstYN
1981-03-26,1981.0,0.0,FraNchEstYN
1981-03-27,1981.0,0.0,FraNchEstYN
1981-03-28,1981.0,0.0,FraNchEstYN
1981-03-29,1981.0,0.0,FraNchEstYN
1981-03-30,1981.0,0.0,FraNchEstYN
1981-03-31,1981.0,0.0,FraNchEstYN
1981-04-01,1981.0,0.0,FraNchEstYN
1981-04-02,1981.0,0.0,FraNchEstYN
1981-04-03,1981.0,0.0,FraNchEstYN
1981-04-04,1981.0,0.0,FraNchEstYN
1981-04-05,1981.0,0.0,FraNchEstYN
1981-04-06,1981.0,0.0,FraNchEstYN
1981-04-07,1981.0,0.0,FraNchEstYN
1981-04-08,1981.0,0.0,FraNchEstYN
1981-04-09,1981.0,0.0,FraNchEstYN
1981-04-10,1981.0,0.0,FraNchEstYN
1981-04-11,1981.0,0.0,FraNchEstYN
1981-04-12,1981.0,0.0,FraNchEstYN
1981-04-13,1981.0,0.0,FraNchEstYN
1981-04-14,1981.0,0.0,FraNchEstYN
1981-04-15,1981.0,0.0,FraNchEstYN
1981-04-16,1981.0,0.0,FraNchEstYN
1981-04-17,1981.0,0.0,FraNchEstYN
1981-04-18,1981.0,0.0,FraNchEstYN
1981-04-19,1981.0,0.0,FraNchEstYN
1981-04-20,1981.0,0.0,FraNchEstYN
1981-04-21,1981.0,0.0,FraNchEstYN
1981-04-22,1981.0,0.0,FraNchEstYN
1981-04-23,1981.0,0.0,FraNchEstYN
1981-04-24,1981.0,0.0,FraNchEstYN
1981-04-25,1981.0,0.0,FraNchEstYN
1981-04-26,1981.0,0.0,FraNchEstYN
1981-04-27,1981.0,0.0,FraNchEstYN
1981-04-28,1981.0,0.0,FraNchEstYN
1981-04-29,1981.0,0.0,FraNchEstYN
1981-04-30,1981.0,0.0,FraNchEstYN
1981-05-01,1981.0,0.0,FraNchEstYN
1981-05-02,1981.0,0.0,FraNchEstYN
1981-05-03,1981.0,0.0,FraNchEstYN
1981-05-04,1981.0,0.0,FraNchEstYN
1981-05-05,1981.0,1.117114,FraNchEstYN
1981-05-06,1981.0,1.117114,FraNchEstYN
1981-05-07,1981.0,1.117114,FraNchEstYN
1981-05-08,1981.0,4.148462,FraNchEstYN
1981-05-09,1981.0,7.0141196,FraNchEstYN
1981-05-10,1981.0,7.0141196,FraNchEstYN
1981-05-11,1981.0,7.0141196,FraNchEstYN
1981-05-12,1981.0,7.0141196,FraNchEstYN
1981-05-13,1981.0,7.0141196,FraNchEstYN
1981-05-14,1981.0,9.648023,FraNchEstYN
1981-05-15,1981.0,9.648023,FraNchEstYN
1981-05-16,1981.0,9.648023,FraNchEstYN
1981-05-17,1981.0,9.648023,FraNchEstYN
1981-05-18,1981.0,9.648023,FraNchEstYN
1981-05-19,1981.0,9.648023,FraNchEstYN
1981-05-20,1981.0,12.036793,FraNchEstYN
1981-05-21,1981.0,14.941543,FraNchEstYN
1981-05-22,1981.0,14.941543,FraNchEstYN
1981-05-23,1981.0,14.941543,FraNchEstYN
1981-05-24,1981.0,18.023565,FraNchEstYN
1981-05-25,1981.0,21.615201,FraNchEstYN
1981-05-26,1981.0,24.429479,FraNchEstYN
1981-05-27,1981.0,24.429479,FraNchEstYN
1981-05-28,1981.0,24.429479,FraNchEstYN
1981-05-29,1981.0,28.028202,FraNchEstYN
1981-05-30,1981.0,31.683612,FraNchEstYN
1981-05-31,1981.0,31.683612,FraNchEstYN
1981-06-01,1981.0,36.785796,FraNchEstYN
1981-06-02,1981.0,36.920621999999995,FraNchEstYN
1981-06-03,1981.0,39.049947,FraNchEstYN
1981-06-04,1981.0,39.287227,FraNchEstYN
1981-06-05,1981.0,39.313053999999994,FraNchEstYN
1981-06-06,1981.0,39.313053999999994,FraNchEstYN
1981-06-07,1981.0,39.432907,FraNchEstYN
1981-06-08,1981.0,43.342495,FraNchEstYN
1981-06-09,1981.0,46.75654,FraNchEstYN
1981-06-10,1981.0,49.584236999999995,FraNchEstYN
1981-06-11,1981.0,52.68275,FraNchEstYN
1981-06-12,1981.0,52.682759999999995,FraNchEstYN
1981-06-13,1981.0,52.68275,FraNchEstYN
1981-06-14,1981.0,55.54086,FraNchEstYN
1981-06-15,1981.0,55.54086,FraNchEstYN
1981-06-16,1981.0,55.54086,FraNchEstYN
1981-06-17,1981.0,56.35417700000001,FraNchEstYN
1981-06-18,1981.0,57.620853000000004,FraNchEstYN
1981-06-19,1981.0,58.14111,FraNchEstYN
1981-06-20,1981.0,59.96631,FraNchEstYN
1981-06-21,1981.0,61.34154000000001,FraNchEstYN
1981-06-22,1981.0,61.34154000000001,FraNchEstYN
1981-06-23,1981.0,61.49269,FraNchEstYN
1981-06-24,1981.0,62.417860000000005,FraNchEstYN
1981-06-25,1981.0,63.164246,FraNchEstYN
1981-06-26,1981.0,63.164246,FraNchEstYN
1981-06-27,1981.0,63.73176,FraNchEstYN
1981-06-28,1981.0,64.169765,FraNchEstYN
1981-06-29,1981.0,64.18499399999999,FraNchEstYN
1981-06-30,1981.0,64.1919,FraNchEstYN
1981-07-01,1981.0,64.42189,FraNchEstYN
1981-07-02,1981.0,64.42189,FraNchEstYN
1981-07-03,1981.0,64.42189,FraNchEstYN
1981-07-04,1981.0,64.42234,FraNchEstYN
1981-07-05,1981.0,64.42234,FraNchEstYN
1981-07-06,1981.0,64.46469,FraNchEstYN
1981-07-07,1981.0,64.47278,FraNchEstYN
1981-07-08,1981.0,64.47278,FraNchEstYN
1981-07-09,1981.0,64.47278,FraNchEstYN
1981-07-10,1981.0,64.47278,FraNchEstYN
1981-07-11,1981.0,64.47278,FraNchEstYN
1981-07-12,1981.0,64.47278,FraNchEstYN
1981-07-13,1981.0,64.47278,FraNchEstYN
1981-07-14,1981.0,64.47278,FraNchEstYN
1981-07-15,1981.0,64.47278,FraNchEstYN
1981-07-16,1981.0,64.47278,FraNchEstYN
1981-07-17,1981.0,64.47278,FraNchEstYN
1981-09-30,1981.0,0.0,FraNchEstYN
1981-10-01,1981.0,0.0,FraNchEstYN
1981-10-02,1981.0,0.0,FraNchEstYN
1981-10-03,1981.0,0.0,FraNchEstYN
1981-10-04,1981.0,0.0,FraNchEstYN
1981-10-05,1981.0,0.0,FraNchEstYN
1981-10-06,1981.0,0.0,FraNchEstYN
1981-10-07,1981.0,0.0,FraNchEstYN
1981-10-08,1981.0,0.0,FraNchEstYN
1981-10-09,1981.0,0.0,FraNchEstYN
1981-10-10,1981.0,0.0,FraNchEstYN
1981-10-11,1981.0,0.0,FraNchEstYN
1981-10-12,1981.0,0.0,FraNchEstYN
1981-10-13,1981.0,0.0,FraNchEstYN
1981-10-14,1981.0,0.0,FraNchEstYN
1981-10-15,1981.0,0.0,FraNchEstYN
1981-10-16,1981.0,0.0,FraNchEstYN
1981-10-17,1981.0,0.0,FraNchEstYN
1981-10-18,1981.0,0.0,FraNchEstYN
1981-10-19,1981.0,0.0,FraNchEstYN
1981-10-20,1981.0,0.0,FraNchEstYN
1981-10-21,1981.0,0.0,FraNchEstYN
1981-10-22,1981.0,0.0,FraNchEstYN
1981-10-23,1981.0,0.0,FraNchEstYN
1981-10-24,1981.0,0.0,FraNchEstYN
1981-10-25,1981.0,0.0,FraNchEstYN
1981-10-26,1981.0,0.0,FraNchEstYN
1981-10-27,1981.0,0.0,FraNchEstYN
1981-10-28,1981.0,0.0,FraNchEstYN
1981-10-29,1981.0,0.0,FraNchEstYN
1981-10-30,1981.0,0.0,FraNchEstYN
1981-10-31,1981.0,0.0,FraNchEstYN
1981-11-01,1981.0,0.0,FraNchEstYN
1981-11-02,1981.0,0.0,FraNchEstYN
1981-11-03,1981.0,0.0,FraNchEstYN
1981-11-04,1981.0,0.0,FraNchEstYN
1981-11-05,1981.0,0.0,FraNchEstYN
1981-11-06,1981.0,0.0,FraNchEstYN
1981-11-07,1981.0,0.0,FraNchEstYN
1981-11-08,1981.0,0.0,FraNchEstYN
1981-11-09,1981.0,0.0,FraNchEstYN
1981-11-10,1981.0,0.0,FraNchEstYN
1981-11-11,1981.0,0.0,FraNchEstYN
1981-11-12,1981.0,0.0,FraNchEstYN
1981-11-13,1981.0,0.0,FraNchEstYN
1981-11-14,1981.0,0.0,FraNchEstYN
1981-11-15,1981.0,0.0,FraNchEstYN
1981-11-16,1981.0,0.0,FraNchEstYN
1981-11-17,1981.0,0.0,FraNchEstYN
1981-11-18,1981.0,0.0,FraNchEstYN
1981-11-19,1981.0,0.0,FraNchEstYN
1981-11-20,1981.0,0.0,FraNchEstYN
1981-11-21,1981.0,0.0,FraNchEstYN
1981-11-22,1981.0,0.0,FraNchEstYN
1981-11-23,1981.0,0.0,FraNchEstYN
1981-11-24,1981.0,0.0,FraNchEstYN
1981-11-25,1981.0,0.0,FraNchEstYN
1981-11-26,1981.0,0.0,FraNchEstYN
1981-11-27,1981.0,0.0,FraNchEstYN
1981-11-28,1981.0,0.0,FraNchEstYN
1981-11-29,1981.0,0.0,FraNchEstYN
1981-11-30,1981.0,0.0,FraNchEstYN
1981-12-01,1981.0,0.0,FraNchEstYN
1981-12-02,1981.0,0.0,FraNchEstYN
1981-12-03,1981.0,0.0,FraNchEstYN
1981-12-04,1981.0,0.0,FraNchEstYN
1981-12-05,1981.0,0.0,FraNchEstYN
1981-12-06,1981.0,0.0,FraNchEstYN
1981-12-07,1981.0,0.0,FraNchEstYN
1981-12-08,1981.0,0.0,FraNchEstYN
1981-12-09,1981.0,0.0,FraNchEstYN
1981-12-10,1981.0,0.0,FraNchEstYN
1981-12-11,1981.0,0.0,FraNchEstYN
1981-12-12,1981.0,0.0,FraNchEstYN
1981-12-13,1981.0,0.0,FraNchEstYN
1981-12-14,1981.0,0.0,FraNchEstYN
1981-12-15,1981.0,0.0,FraNchEstYN
1981-12-16,1981.0,0.0,FraNchEstYN
1981-12-17,1981.0,0.0,FraNchEstYN
1981-12-18,1981.0,0.0,FraNchEstYN
1981-12-19,1981.0,0.0,FraNchEstYN
1981-12-20,1981.0,0.0,FraNchEstYN
1981-12-21,1981.0,0.0,FraNchEstYN
1981-12-22,1981.0,0.0,FraNchEstYN
1981-12-23,1981.0,0.0,FraNchEstYN
1981-12-24,1981.0,0.0,FraNchEstYN
1981-12-25,1981.0,0.0,FraNchEstYN
1981-12-26,1981.0,0.0,FraNchEstYN
1981-12-27,1981.0,0.0,FraNchEstYN
1981-12-28,1981.0,0.0,FraNchEstYN
1981-12-29,1981.0,0.0,FraNchEstYN
1981-12-30,1981.0,0.0,FraNchEstYN
1981-12-31,1981.0,0.0,FraNchEstYN
1982-01-01,1982.0,0.0,FraNchEstYN
1982-01-02,1982.0,0.0,FraNchEstYN
1982-01-03,1982.0,0.0,FraNchEstYN
1982-01-04,1982.0,0.0,FraNchEstYN
1982-01-05,1982.0,0.0,FraNchEstYN
1982-01-06,1982.0,0.0,FraNchEstYN
1982-01-07,1982.0,0.0,FraNchEstYN
1982-01-08,1982.0,0.0,FraNchEstYN
1982-01-09,1982.0,0.0,FraNchEstYN
1982-01-10,1982.0,0.0,FraNchEstYN
1982-01-11,1982.0,0.0,FraNchEstYN
1982-01-12,1982.0,0.0,FraNchEstYN
1982-01-13,1982.0,0.0,FraNchEstYN
1982-01-14,1982.0,0.0,FraNchEstYN
1982-01-15,1982.0,0.0,FraNchEstYN
1982-01-16,1982.0,0.0,FraNchEstYN
1982-01-17,1982.0,0.0,FraNchEstYN
1982-01-18,1982.0,0.0,FraNchEstYN
1982-01-19,1982.0,0.0,FraNchEstYN
1982-01-20,1982.0,0.0,FraNchEstYN
1982-01-21,1982.0,0.0,FraNchEstYN
1982-01-22,1982.0,0.0,FraNchEstYN
1982-01-23,1982.0,0.0,FraNchEstYN
1982-01-24,1982.0,0.0,FraNchEstYN
1982-01-25,1982.0,0.0,FraNchEstYN
1982-01-26,1982.0,0.0,FraNchEstYN
1982-01-27,1982.0,0.0,FraNchEstYN
1982-01-28,1982.0,0.0,FraNchEstYN
1982-01-29,1982.0,0.0,FraNchEstYN
1982-01-30,1982.0,0.0,FraNchEstYN
1982-01-31,1982.0,0.0,FraNchEstYN
1982-02-01,1982.0,0.0,FraNchEstYN
1982-02-02,1982.0,0.0,FraNchEstYN
1982-02-03,1982.0,0.0,FraNchEstYN
1982-02-04,1982.0,0.0,FraNchEstYN
1982-02-05,1982.0,0.0,FraNchEstYN
1982-02-06,1982.0,0.0,FraNchEstYN
1982-02-07,1982.0,0.0,FraNchEstYN
1982-02-08,1982.0,0.0,FraNchEstYN
1982-02-09,1982.0,0.0,FraNchEstYN
1982-02-10,1982.0,0.0,FraNchEstYN
1982-02-11,1982.0,0.0,FraNchEstYN
1982-02-12,1982.0,0.0,FraNchEstYN
1982-02-13,1982.0,0.0,FraNchEstYN
1982-02-14,1982.0,0.0,FraNchEstYN
1982-02-15,1982.0,0.0,FraNchEstYN
1982-02-16,1982.0,0.0,FraNchEstYN
1982-02-17,1982.0,0.0,FraNchEstYN
1982-02-18,1982.0,0.0,FraNchEstYN
1982-02-19,1982.0,0.0,FraNchEstYN
1982-02-20,1982.0,0.0,FraNchEstYN
1982-02-21,1982.0,0.0,FraNchEstYN
1982-02-22,1982.0,0.0,FraNchEstYN
1982-02-23,1982.0,0.0,FraNchEstYN
1982-02-24,1982.0,0.0,FraNchEstYN
1982-02-25,1982.0,0.0,FraNchEstYN
1982-02-26,1982.0,0.0,FraNchEstYN
1982-02-27,1982.0,0.0,FraNchEstYN
1982-02-28,1982.0,0.0,FraNchEstYN
1982-03-01,1982.0,0.0,FraNchEstYN
1982-03-02,1982.0,0.0,FraNchEstYN
1982-03-03,1982.0,0.0,FraNchEstYN
1982-03-04,1982.0,0.0,FraNchEstYN
1982-03-05,1982.0,0.0,FraNchEstYN
1982-03-06,1982.0,0.0,FraNchEstYN
1982-03-07,1982.0,0.0,FraNchEstYN
1982-03-08,1982.0,0.0,FraNchEstYN
1982-03-09,1982.0,0.0,FraNchEstYN
1982-03-10,1982.0,0.0,FraNchEstYN
1982-03-11,1982.0,0.0,FraNchEstYN
1982-03-12,1982.0,0.0,FraNchEstYN
1982-03-13,1982.0,0.0,FraNchEstYN
1982-03-14,1982.0,0.0,FraNchEstYN
1982-03-15,1982.0,0.0,FraNchEstYN
1982-03-16,1982.0,0.0,FraNchEstYN
1982-03-17,1982.0,0.0,FraNchEstYN
1982-03-18,1982.0,0.0,FraNchEstYN
1982-03-19,1982.0,0.0,FraNchEstYN
1982-03-20,1982.0,0.0,FraNchEstYN
1982-03-21,1982.0,0.0,FraNchEstYN
1982-03-22,1982.0,0.0,FraNchEstYN
1982-03-23,1982.0,0.0,FraNchEstYN
1982-03-24,1982.0,0.0,FraNchEstYN
1982-03-25,1982.0,0.0,FraNchEstYN
1982-03-26,1982.0,0.0,FraNchEstYN
1982-03-27,1982.0,0.0,FraNchEstYN
1982-03-28,1982.0,0.0,FraNchEstYN
1982-03-29,1982.0,0.0,FraNchEstYN
1982-03-30,1982.0,0.0,FraNchEstYN
1982-03-31,1982.0,0.0,FraNchEstYN
1982-04-01,1982.0,0.0,FraNchEstYN
1982-04-02,1982.0,0.0,FraNchEstYN
1982-04-03,1982.0,0.0,FraNchEstYN
1982-04-04,1982.0,0.0,FraNchEstYN
1982-04-05,1982.0,0.0,FraNchEstYN
1982-04-06,1982.0,0.0,FraNchEstYN
1982-04-07,1982.0,0.0,FraNchEstYN
1982-04-08,1982.0,0.0,FraNchEstYN
1982-04-09,1982.0,0.0,FraNchEstYN
1982-04-10,1982.0,0.0,FraNchEstYN
1982-04-11,1982.0,0.0,FraNchEstYN
1982-04-12,1982.0,0.0,FraNchEstYN
1982-04-13,1982.0,0.0,FraNchEstYN
1982-04-14,1982.0,0.0,FraNchEstYN
1982-04-15,1982.0,0.0,FraNchEstYN
1982-04-16,1982.0,0.0,FraNchEstYN
1982-04-17,1982.0,0.0,FraNchEstYN
1982-04-18,1982.0,0.0,FraNchEstYN
1982-04-19,1982.0,0.0,FraNchEstYN
1982-04-20,1982.0,0.0,FraNchEstYN
1982-04-21,1982.0,0.0,FraNchEstYN
1982-04-22,1982.0,0.0,FraNchEstYN
1982-04-23,1982.0,0.0,FraNchEstYN
1982-04-24,1982.0,0.0,FraNchEstYN
1982-04-25,1982.0,0.0,FraNchEstYN
1982-04-26,1982.0,0.0,FraNchEstYN
1982-04-27,1982.0,0.0,FraNchEstYN
1982-04-28,1982.0,0.0,FraNchEstYN
1982-04-29,1982.0,0.0,FraNchEstYN
1982-04-30,1982.0,0.0,FraNchEstYN
1982-05-01,1982.0,0.0,FraNchEstYN
1982-05-02,1982.0,0.0,FraNchEstYN
1982-05-03,1982.0,0.0,FraNchEstYN
1982-05-04,1982.0,0.0,FraNchEstYN
1982-05-05,1982.0,0.0,FraNchEstYN
1982-05-06,1982.0,0.0,FraNchEstYN
1982-05-07,1982.0,0.0,FraNchEstYN
1982-05-08,1982.0,0.0,FraNchEstYN
1982-05-09,1982.0,0.0,FraNchEstYN
1982-05-10,1982.0,0.0,FraNchEstYN
1982-05-11,1982.0,0.0,FraNchEstYN
1982-05-12,1982.0,0.0,FraNchEstYN
1982-05-13,1982.0,0.0,FraNchEstYN
1982-05-14,1982.0,0.0,FraNchEstYN
1982-05-15,1982.0,0.0,FraNchEstYN
1982-05-16,1982.0,0.0,FraNchEstYN
1982-05-17,1982.0,0.0,FraNchEstYN
1982-05-18,1982.0,0.0,FraNchEstYN
1982-05-19,1982.0,0.0,FraNchEstYN
1982-05-20,1982.0,0.0,FraNchEstYN
1982-05-21,1982.0,2.3326771,FraNchEstYN
1982-05-22,1982.0,6.9294356,FraNchEstYN
1982-05-23,1982.0,6.9294356,FraNchEstYN
1982-05-24,1982.0,6.9294356,FraNchEstYN
1982-05-25,1982.0,6.9294356,FraNchEstYN
1982-05-26,1982.0,6.9294356,FraNchEstYN
1982-05-27,1982.0,6.9294356,FraNchEstYN
1982-05-28,1982.0,6.9294356,FraNchEstYN
1982-05-29,1982.0,6.9294356,FraNchEstYN
1982-05-30,1982.0,6.9294356,FraNchEstYN
1982-05-31,1982.0,6.9294356,FraNchEstYN
1982-06-01,1982.0,6.9294356,FraNchEstYN
1982-06-02,1982.0,9.0152286,FraNchEstYN
1982-06-03,1982.0,9.0152286,FraNchEstYN
1982-06-04,1982.0,9.0152286,FraNchEstYN
1982-06-05,1982.0,14.255441999999999,FraNchEstYN
1982-06-06,1982.0,18.605682,FraNchEstYN
1982-06-07,1982.0,23.52004,FraNchEstYN
1982-06-08,1982.0,25.83443,FraNchEstYN
1982-06-09,1982.0,27.556160000000002,FraNchEstYN
1982-06-10,1982.0,29.849797,FraNchEstYN
1982-06-11,1982.0,33.91978,FraNchEstYN
1982-06-12,1982.0,37.821501000000005,FraNchEstYN
1982-06-13,1982.0,37.821501000000005,FraNchEstYN
1982-06-14,1982.0,41.329858,FraNchEstYN
1982-06-15,1982.0,42.934850000000004,FraNchEstYN
1982-06-16,1982.0,45.75865,FraNchEstYN
1982-06-17,1982.0,45.75865,FraNchEstYN
1982-06-18,1982.0,48.236245,FraNchEstYN
1982-06-19,1982.0,50.029576,FraNchEstYN
1982-06-20,1982.0,50.074209999999994,FraNchEstYN
1982-06-21,1982.0,50.074209999999994,FraNchEstYN
1982-06-22,1982.0,50.074209999999994,FraNchEstYN
1982-06-23,1982.0,50.183690000000006,FraNchEstYN
1982-06-24,1982.0,51.91829,FraNchEstYN
1982-06-25,1982.0,53.381449999999994,FraNchEstYN
1982-06-26,1982.0,53.710100000000004,FraNchEstYN
1982-06-27,1982.0,53.710100000000004,FraNchEstYN
1982-06-28,1982.0,53.957975000000005,FraNchEstYN
1982-06-29,1982.0,54.104096,FraNchEstYN
1982-06-30,1982.0,54.104096,FraNchEstYN
1982-07-01,1982.0,54.76885,FraNchEstYN
1982-07-02,1982.0,55.30048600000001,FraNchEstYN
1982-07-03,1982.0,55.30047999999999,FraNchEstYN
1982-07-04,1982.0,55.30047999999999,FraNchEstYN
1982-07-05,1982.0,56.171040000000005,FraNchEstYN
1982-07-06,1982.0,56.171035999999994,FraNchEstYN
1982-07-07,1982.0,56.171035999999994,FraNchEstYN
1982-07-08,1982.0,56.173503000000004,FraNchEstYN
1982-07-09,1982.0,56.1735,FraNchEstYN
1982-07-10,1982.0,56.1735,FraNchEstYN
1982-07-11,1982.0,56.1735,FraNchEstYN
1982-07-12,1982.0,56.23666000000001,FraNchEstYN
1982-07-13,1982.0,56.37294000000001,FraNchEstYN
1982-07-14,1982.0,56.45534,FraNchEstYN
1982-07-15,1982.0,56.455344,FraNchEstYN
1982-07-16,1982.0,56.455344,FraNchEstYN
1982-07-17,1982.0,56.455344,FraNchEstYN
1982-07-18,1982.0,56.455344,FraNchEstYN
1982-07-19,1982.0,56.455344,FraNchEstYN
1982-07-20,1982.0,56.455344,FraNchEstYN
1982-07-21,1982.0,56.455344,FraNchEstYN
1982-10-13,1982.0,0.0,FraNchEstYN
1982-10-14,1982.0,0.0,FraNchEstYN
1982-10-15,1982.0,0.0,FraNchEstYN
1982-10-16,1982.0,0.0,FraNchEstYN
1982-10-17,1982.0,0.0,FraNchEstYN
1982-10-18,1982.0,0.0,FraNchEstYN
1982-10-19,1982.0,0.0,FraNchEstYN
1982-10-20,1982.0,0.0,FraNchEstYN
1982-10-21,1982.0,0.0,FraNchEstYN
1982-10-22,1982.0,0.0,FraNchEstYN
1982-10-23,1982.0,0.0,FraNchEstYN
1982-10-24,1982.0,0.0,FraNchEstYN
1982-10-25,1982.0,0.0,FraNchEstYN
1982-10-26,1982.0,0.0,FraNchEstYN
1982-10-27,1982.0,0.0,FraNchEstYN
1982-10-28,1982.0,0.0,FraNchEstYN
1982-10-29,1982.0,0.0,FraNchEstYN
1982-10-30,1982.0,0.0,FraNchEstYN
1982-10-31,1982.0,0.0,FraNchEstYN
1982-11-01,1982.0,0.0,FraNchEstYN
1982-11-02,1982.0,0.0,FraNchEstYN
1982-11-03,1982.0,0.0,FraNchEstYN
1982-11-04,1982.0,0.0,FraNchEstYN
1982-11-05,1982.0,0.0,FraNchEstYN
1982-11-06,1982.0,0.0,FraNchEstYN
1982-11-07,1982.0,0.0,FraNchEstYN
1982-11-08,1982.0,0.0,FraNchEstYN
1982-11-09,1982.0,0.0,FraNchEstYN
1982-11-10,1982.0,0.0,FraNchEstYN
1982-11-11,1982.0,0.0,FraNchEstYN
1982-11-12,1982.0,0.0,FraNchEstYN
1982-11-13,1982.0,0.0,FraNchEstYN
1982-11-14,1982.0,0.0,FraNchEstYN
1982-11-15,1982.0,0.0,FraNchEstYN
1982-11-16,1982.0,0.0,FraNchEstYN
1982-11-17,1982.0,0.0,FraNchEstYN
1982-11-18,1982.0,0.0,FraNchEstYN
1982-11-19,1982.0,0.0,FraNchEstYN
1982-11-20,1982.0,0.0,FraNchEstYN
1982-11-21,1982.0,0.0,FraNchEstYN
1982-11-22,1982.0,0.0,FraNchEstYN
1982-11-23,1982.0,0.0,FraNchEstYN
1982-11-24,1982.0,0.0,FraNchEstYN
1982-11-25,1982.0,0.0,FraNchEstYN
1982-11-26,1982.0,0.0,FraNchEstYN
1982-11-27,1982.0,0.0,FraNchEstYN
1982-11-28,1982.0,0.0,FraNchEstYN
1982-11-29,1982.0,0.0,FraNchEstYN
1982-11-30,1982.0,0.0,FraNchEstYN
1982-12-01,1982.0,0.0,FraNchEstYN
1982-12-02,1982.0,0.0,FraNchEstYN
1982-12-03,1982.0,0.0,FraNchEstYN
1982-12-04,1982.0,0.0,FraNchEstYN
1982-12-05,1982.0,0.0,FraNchEstYN
1982-12-06,1982.0,0.0,FraNchEstYN
1982-12-07,1982.0,0.0,FraNchEstYN
1982-12-08,1982.0,0.0,FraNchEstYN
1982-12-09,1982.0,0.0,FraNchEstYN
1982-12-10,1982.0,0.0,FraNchEstYN
1982-12-11,1982.0,0.0,FraNchEstYN
1982-12-12,1982.0,0.0,FraNchEstYN
1982-12-13,1982.0,0.0,FraNchEstYN
1982-12-14,1982.0,0.0,FraNchEstYN
1982-12-15,1982.0,0.0,FraNchEstYN
1982-12-16,1982.0,0.0,FraNchEstYN
1982-12-17,1982.0,0.0,FraNchEstYN
1982-12-18,1982.0,0.0,FraNchEstYN
1982-12-19,1982.0,0.0,FraNchEstYN
1982-12-20,1982.0,0.0,FraNchEstYN
1982-12-21,1982.0,0.0,FraNchEstYN
1982-12-22,1982.0,0.0,FraNchEstYN
1982-12-23,1982.0,0.0,FraNchEstYN
1982-12-24,1982.0,0.0,FraNchEstYN
1982-12-25,1982.0,0.0,FraNchEstYN
1982-12-26,1982.0,0.0,FraNchEstYN
1982-12-27,1982.0,0.0,FraNchEstYN
1982-12-28,1982.0,0.0,FraNchEstYN
1982-12-29,1982.0,0.0,FraNchEstYN
1982-12-30,1982.0,0.0,FraNchEstYN
1982-12-31,1982.0,0.0,FraNchEstYN
1983-01-01,1983.0,0.0,FraNchEstYN
1983-01-02,1983.0,0.0,FraNchEstYN
1983-01-03,1983.0,0.0,FraNchEstYN
1983-01-04,1983.0,0.0,FraNchEstYN
1983-01-05,1983.0,0.0,FraNchEstYN
1983-01-06,1983.0,0.0,FraNchEstYN
1983-01-07,1983.0,0.0,FraNchEstYN
1983-01-08,1983.0,0.0,FraNchEstYN
1983-01-09,1983.0,0.0,FraNchEstYN
1983-01-10,1983.0,0.0,FraNchEstYN
1983-01-11,1983.0,0.0,FraNchEstYN
1983-01-12,1983.0,0.0,FraNchEstYN
1983-01-13,1983.0,0.0,FraNchEstYN
1983-01-14,1983.0,0.0,FraNchEstYN
1983-01-15,1983.0,0.0,FraNchEstYN
1983-01-16,1983.0,0.0,FraNchEstYN
1983-01-17,1983.0,0.0,FraNchEstYN
1983-01-18,1983.0,0.0,FraNchEstYN
1983-01-19,1983.0,0.0,FraNchEstYN
1983-01-20,1983.0,0.0,FraNchEstYN
1983-01-21,1983.0,0.0,FraNchEstYN
1983-01-22,1983.0,0.0,FraNchEstYN
1983-01-23,1983.0,0.0,FraNchEstYN
1983-01-24,1983.0,0.0,FraNchEstYN
1983-01-25,1983.0,0.0,FraNchEstYN
1983-01-26,1983.0,0.0,FraNchEstYN
1983-01-27,1983.0,0.0,FraNchEstYN
1983-01-28,1983.0,0.0,FraNchEstYN
1983-01-29,1983.0,0.0,FraNchEstYN
1983-01-30,1983.0,0.0,FraNchEstYN
1983-01-31,1983.0,0.0,FraNchEstYN
1983-02-01,1983.0,0.0,FraNchEstYN
1983-02-02,1983.0,0.0,FraNchEstYN
1983-02-03,1983.0,0.0,FraNchEstYN
1983-02-04,1983.0,0.0,FraNchEstYN
1983-02-05,1983.0,0.0,FraNchEstYN
1983-02-06,1983.0,0.0,FraNchEstYN
1983-02-07,1983.0,0.0,FraNchEstYN
1983-02-08,1983.0,0.0,FraNchEstYN
1983-02-09,1983.0,0.0,FraNchEstYN
1983-02-10,1983.0,0.0,FraNchEstYN
1983-02-11,1983.0,0.0,FraNchEstYN
1983-02-12,1983.0,0.0,FraNchEstYN
1983-02-13,1983.0,0.0,FraNchEstYN
1983-02-14,1983.0,0.0,FraNchEstYN
1983-02-15,1983.0,0.0,FraNchEstYN
1983-02-16,1983.0,0.0,FraNchEstYN
1983-02-17,1983.0,0.0,FraNchEstYN
1983-02-18,1983.0,0.0,FraNchEstYN
1983-02-19,1983.0,0.0,FraNchEstYN
1983-02-20,1983.0,0.0,FraNchEstYN
1983-02-21,1983.0,0.0,FraNchEstYN
1983-02-22,1983.0,0.0,FraNchEstYN
1983-02-23,1983.0,0.0,FraNchEstYN
1983-02-24,1983.0,0.0,FraNchEstYN
1983-02-25,1983.0,0.0,FraNchEstYN
1983-02-26,1983.0,0.0,FraNchEstYN
1983-02-27,1983.0,0.0,FraNchEstYN
1983-02-28,1983.0,0.0,FraNchEstYN
1983-03-01,1983.0,0.0,FraNchEstYN
1983-03-02,1983.0,0.0,FraNchEstYN
1983-03-03,1983.0,0.0,FraNchEstYN
1983-03-04,1983.0,0.0,FraNchEstYN
1983-03-05,1983.0,0.0,FraNchEstYN
1983-03-06,1983.0,0.0,FraNchEstYN
1983-03-07,1983.0,0.0,FraNchEstYN
1983-03-08,1983.0,0.0,FraNchEstYN
1983-03-09,1983.0,0.0,FraNchEstYN
1983-03-10,1983.0,0.0,FraNchEstYN
1983-03-11,1983.0,0.0,FraNchEstYN
1983-03-12,1983.0,0.0,FraNchEstYN
1983-03-13,1983.0,0.0,FraNchEstYN
1983-03-14,1983.0,0.0,FraNchEstYN
1983-03-15,1983.0,0.0,FraNchEstYN
1983-03-16,1983.0,0.0,FraNchEstYN
1983-03-17,1983.0,0.0,FraNchEstYN
1983-03-18,1983.0,0.0,FraNchEstYN
1983-03-19,1983.0,0.0,FraNchEstYN
1983-03-20,1983.0,0.0,FraNchEstYN
1983-03-21,1983.0,0.0,FraNchEstYN
1983-03-22,1983.0,0.0,FraNchEstYN
1983-03-23,1983.0,0.0,FraNchEstYN
1983-03-24,1983.0,0.0,FraNchEstYN
1983-03-25,1983.0,0.0,FraNchEstYN
1983-03-26,1983.0,0.0,FraNchEstYN
1983-03-27,1983.0,0.0,FraNchEstYN
1983-03-28,1983.0,0.0,FraNchEstYN
1983-03-29,1983.0,0.0,FraNchEstYN
1983-03-30,1983.0,0.0,FraNchEstYN
1983-03-31,1983.0,0.0,FraNchEstYN
1983-04-01,1983.0,0.0,FraNchEstYN
1983-04-02,1983.0,0.0,FraNchEstYN
1983-04-03,1983.0,0.0,FraNchEstYN
1983-04-04,1983.0,0.0,FraNchEstYN
1983-04-05,1983.0,0.0,FraNchEstYN
1983-04-06,1983.0,0.0,FraNchEstYN
1983-04-07,1983.0,0.0,FraNchEstYN
1983-04-08,1983.0,0.0,FraNchEstYN
1983-04-09,1983.0,0.0,FraNchEstYN
1983-04-10,1983.0,0.0,FraNchEstYN
1983-04-11,1983.0,0.0,FraNchEstYN
1983-04-12,1983.0,0.0,FraNchEstYN
1983-04-13,1983.0,0.0,FraNchEstYN
1983-04-14,1983.0,0.0,FraNchEstYN
1983-04-15,1983.0,0.0,FraNchEstYN
1983-04-16,1983.0,0.0,FraNchEstYN
1983-04-17,1983.0,0.0,FraNchEstYN
1983-04-18,1983.0,0.0,FraNchEstYN
1983-04-19,1983.0,0.0,FraNchEstYN
1983-04-20,1983.0,0.0,FraNchEstYN
1983-04-21,1983.0,0.0,FraNchEstYN
1983-04-22,1983.0,0.0,FraNchEstYN
1983-04-23,1983.0,0.0,FraNchEstYN
1983-04-24,1983.0,0.0,FraNchEstYN
1983-04-25,1983.0,0.0,FraNchEstYN
1983-04-26,1983.0,0.0,FraNchEstYN
1983-04-27,1983.0,0.0,FraNchEstYN
1983-04-28,1983.0,0.0,FraNchEstYN
1983-04-29,1983.0,0.0,FraNchEstYN
1983-04-30,1983.0,0.0,FraNchEstYN
1983-05-01,1983.0,0.0,FraNchEstYN
1983-05-02,1983.0,0.0,FraNchEstYN
1983-05-03,1983.0,0.0,FraNchEstYN
1983-05-04,1983.0,0.0,FraNchEstYN
1983-05-05,1983.0,0.0,FraNchEstYN
1983-05-06,1983.0,0.0,FraNchEstYN
1983-05-07,1983.0,0.0,FraNchEstYN
1983-05-08,1983.0,0.0,FraNchEstYN
1983-05-09,1983.0,0.0,FraNchEstYN
1983-05-10,1983.0,0.0,FraNchEstYN
1983-05-11,1983.0,0.0,FraNchEstYN
1983-05-12,1983.0,0.0,FraNchEstYN
1983-05-13,1983.0,0.0,FraNchEstYN
1983-05-14,1983.0,0.0,FraNchEstYN
1983-05-15,1983.0,0.0,FraNchEstYN
1983-05-16,1983.0,0.0,FraNchEstYN
1983-05-17,1983.0,0.0,FraNchEstYN
1983-05-18,1983.0,0.0,FraNchEstYN
1983-05-19,1983.0,0.0,FraNchEstYN
1983-05-20,1983.0,0.0,FraNchEstYN
1983-05-21,1983.0,3.1338774,FraNchEstYN
1983-05-22,1983.0,6.1529186,FraNchEstYN
1983-05-23,1983.0,8.985645,FraNchEstYN
1983-05-24,1983.0,13.161394000000001,FraNchEstYN
1983-05-25,1983.0,13.161394000000001,FraNchEstYN
1983-05-26,1983.0,13.161394000000001,FraNchEstYN
1983-05-27,1983.0,13.161394000000001,FraNchEstYN
1983-05-28,1983.0,13.161394000000001,FraNchEstYN
1983-05-29,1983.0,17.967364,FraNchEstYN
1983-05-30,1983.0,17.967364,FraNchEstYN
1983-05-31,1983.0,17.967364,FraNchEstYN
1983-06-01,1983.0,17.967364,FraNchEstYN
1983-06-02,1983.0,17.967364,FraNchEstYN
1983-06-03,1983.0,23.110767,FraNchEstYN
1983-06-04,1983.0,28.038034,FraNchEstYN
1983-06-05,1983.0,28.038034,FraNchEstYN
1983-06-06,1983.0,28.038034,FraNchEstYN
1983-06-07,1983.0,28.038034,FraNchEstYN
1983-06-08,1983.0,32.213547999999996,FraNchEstYN
1983-06-09,1983.0,32.213547999999996,FraNchEstYN
1983-06-10,1983.0,36.471215,FraNchEstYN
1983-06-11,1983.0,37.957278,FraNchEstYN
1983-06-12,1983.0,37.957278,FraNchEstYN
1983-06-13,1983.0,41.40355,FraNchEstYN
1983-06-14,1983.0,44.189447,FraNchEstYN
1983-06-15,1983.0,47.17716,FraNchEstYN
1983-06-16,1983.0,47.296,FraNchEstYN
1983-06-17,1983.0,47.296,FraNchEstYN
1983-06-18,1983.0,50.21603,FraNchEstYN
1983-06-19,1983.0,51.234215000000006,FraNchEstYN
1983-06-20,1983.0,52.517663999999996,FraNchEstYN
1983-06-21,1983.0,55.034479999999995,FraNchEstYN
1983-06-22,1983.0,55.034479999999995,FraNchEstYN
1983-06-23,1983.0,55.034477,FraNchEstYN
1983-06-24,1983.0,55.034479999999995,FraNchEstYN
1983-06-25,1983.0,55.034479999999995,FraNchEstYN
1983-06-26,1983.0,55.034479999999995,FraNchEstYN
1983-06-27,1983.0,55.034479999999995,FraNchEstYN
1983-06-28,1983.0,55.034479999999995,FraNchEstYN
1983-06-29,1983.0,55.034479999999995,FraNchEstYN
1983-06-30,1983.0,57.00363000000001,FraNchEstYN
1983-07-01,1983.0,57.00363000000001,FraNchEstYN
1983-07-02,1983.0,57.00363000000001,FraNchEstYN
1983-07-03,1983.0,57.246244000000004,FraNchEstYN
1983-07-04,1983.0,57.43958,FraNchEstYN
1983-07-05,1983.0,58.014213999999996,FraNchEstYN
1983-07-06,1983.0,58.095220000000005,FraNchEstYN
1983-07-07,1983.0,58.136224999999996,FraNchEstYN
1983-07-08,1983.0,58.13622000000001,FraNchEstYN
1983-07-09,1983.0,58.13622000000001,FraNchEstYN
1983-07-10,1983.0,58.13622000000001,FraNchEstYN
1983-07-11,1983.0,58.13622000000001,FraNchEstYN
1983-07-12,1983.0,58.13622000000001,FraNchEstYN
1983-07-13,1983.0,58.274525,FraNchEstYN
1983-07-14,1983.0,58.48472,FraNchEstYN
1983-07-15,1983.0,58.48472,FraNchEstYN
1983-07-16,1983.0,58.667046,FraNchEstYN
1983-07-17,1983.0,58.782285,FraNchEstYN
1983-07-18,1983.0,58.782285,FraNchEstYN
1983-07-19,1983.0,58.809465,FraNchEstYN
1983-07-20,1983.0,58.809465,FraNchEstYN
1983-07-21,1983.0,58.80948,FraNchEstYN
1983-07-22,1983.0,58.80948,FraNchEstYN
1983-07-23,1983.0,58.80948,FraNchEstYN
1983-07-24,1983.0,58.81758,FraNchEstYN
1983-07-25,1983.0,58.81758,FraNchEstYN
1983-07-26,1983.0,58.81758,FraNchEstYN
1983-07-27,1983.0,58.81758,FraNchEstYN
1983-09-30,1983.0,0.0,FraNchEstYN
1983-10-01,1983.0,0.0,FraNchEstYN
1983-10-02,1983.0,0.0,FraNchEstYN
1983-10-03,1983.0,0.0,FraNchEstYN
1983-10-04,1983.0,0.0,FraNchEstYN
1983-10-05,1983.0,0.0,FraNchEstYN
1983-10-06,1983.0,0.0,FraNchEstYN
1983-10-07,1983.0,0.0,FraNchEstYN
1983-10-08,1983.0,0.0,FraNchEstYN
1983-10-09,1983.0,0.0,FraNchEstYN
1983-10-10,1983.0,0.0,FraNchEstYN
1983-10-11,1983.0,0.0,FraNchEstYN
1983-10-12,1983.0,0.0,FraNchEstYN
1983-10-13,1983.0,0.0,FraNchEstYN
1983-10-14,1983.0,0.0,FraNchEstYN
1983-10-15,1983.0,0.0,FraNchEstYN
1983-10-16,1983.0,0.0,FraNchEstYN
1983-10-17,1983.0,0.0,FraNchEstYN
1983-10-18,1983.0,0.0,FraNchEstYN
1983-10-19,1983.0,0.0,FraNchEstYN
1983-10-20,1983.0,0.0,FraNchEstYN
1983-10-21,1983.0,0.0,FraNchEstYN
1983-10-22,1983.0,0.0,FraNchEstYN
1983-10-23,1983.0,0.0,FraNchEstYN
1983-10-24,1983.0,0.0,FraNchEstYN
1983-10-25,1983.0,0.0,FraNchEstYN
1983-10-26,1983.0,0.0,FraNchEstYN
1983-10-27,1983.0,0.0,FraNchEstYN
1983-10-28,1983.0,0.0,FraNchEstYN
1983-10-29,1983.0,0.0,FraNchEstYN
1983-10-30,1983.0,0.0,FraNchEstYN
1983-10-31,1983.0,0.0,FraNchEstYN
1983-11-01,1983.0,0.0,FraNchEstYN
1983-11-02,1983.0,0.0,FraNchEstYN
1983-11-03,1983.0,0.0,FraNchEstYN
1983-11-04,1983.0,0.0,FraNchEstYN
1983-11-05,1983.0,0.0,FraNchEstYN
1983-11-06,1983.0,0.0,FraNchEstYN
1983-11-07,1983.0,0.0,FraNchEstYN
1983-11-08,1983.0,0.0,FraNchEstYN
1983-11-09,1983.0,0.0,FraNchEstYN
1983-11-10,1983.0,0.0,FraNchEstYN
1983-11-11,1983.0,0.0,FraNchEstYN
1983-11-12,1983.0,0.0,FraNchEstYN
1983-11-13,1983.0,0.0,FraNchEstYN
1983-11-14,1983.0,0.0,FraNchEstYN
1983-11-15,1983.0,0.0,FraNchEstYN
1983-11-16,1983.0,0.0,FraNchEstYN
1983-11-17,1983.0,0.0,FraNchEstYN
1983-11-18,1983.0,0.0,FraNchEstYN
1983-11-19,1983.0,0.0,FraNchEstYN
1983-11-20,1983.0,0.0,FraNchEstYN
1983-11-21,1983.0,0.0,FraNchEstYN
1983-11-22,1983.0,0.0,FraNchEstYN
1983-11-23,1983.0,0.0,FraNchEstYN
1983-11-24,1983.0,0.0,FraNchEstYN
1983-11-25,1983.0,0.0,FraNchEstYN
1983-11-26,1983.0,0.0,FraNchEstYN
1983-11-27,1983.0,0.0,FraNchEstYN
1983-11-28,1983.0,0.0,FraNchEstYN
1983-11-29,1983.0,0.0,FraNchEstYN
1983-11-30,1983.0,0.0,FraNchEstYN
1983-12-01,1983.0,0.0,FraNchEstYN
1983-12-02,1983.0,0.0,FraNchEstYN
1983-12-03,1983.0,0.0,FraNchEstYN
1983-12-04,1983.0,0.0,FraNchEstYN
1983-12-05,1983.0,0.0,FraNchEstYN
1983-12-06,1983.0,0.0,FraNchEstYN
1983-12-07,1983.0,0.0,FraNchEstYN
1983-12-08,1983.0,0.0,FraNchEstYN
1983-12-09,1983.0,0.0,FraNchEstYN
1983-12-10,1983.0,0.0,FraNchEstYN
1983-12-11,1983.0,0.0,FraNchEstYN
1983-12-12,1983.0,0.0,FraNchEstYN
1983-12-13,1983.0,0.0,FraNchEstYN
1983-12-14,1983.0,0.0,FraNchEstYN
1983-12-15,1983.0,0.0,FraNchEstYN
1983-12-16,1983.0,0.0,FraNchEstYN
1983-12-17,1983.0,0.0,FraNchEstYN
1983-12-18,1983.0,0.0,FraNchEstYN
1983-12-19,1983.0,0.0,FraNchEstYN
1983-12-20,1983.0,0.0,FraNchEstYN
1983-12-21,1983.0,0.0,FraNchEstYN
1983-12-22,1983.0,0.0,FraNchEstYN
1983-12-23,1983.0,0.0,FraNchEstYN
1983-12-24,1983.0,0.0,FraNchEstYN
1983-12-25,1983.0,0.0,FraNchEstYN
1983-12-26,1983.0,0.0,FraNchEstYN
1983-12-27,1983.0,0.0,FraNchEstYN
1983-12-28,1983.0,0.0,FraNchEstYN
1983-12-29,1983.0,0.0,FraNchEstYN
1983-12-30,1983.0,0.0,FraNchEstYN
1983-12-31,1983.0,0.0,FraNchEstYN
1984-01-01,1984.0,0.0,FraNchEstYN
1984-01-02,1984.0,0.0,FraNchEstYN
1984-01-03,1984.0,0.0,FraNchEstYN
1984-01-04,1984.0,0.0,FraNchEstYN
1984-01-05,1984.0,0.0,FraNchEstYN
1984-01-06,1984.0,0.0,FraNchEstYN
1984-01-07,1984.0,0.0,FraNchEstYN
1984-01-08,1984.0,0.0,FraNchEstYN
1984-01-09,1984.0,0.0,FraNchEstYN
1984-01-10,1984.0,0.0,FraNchEstYN
1984-01-11,1984.0,0.0,FraNchEstYN
1984-01-12,1984.0,0.0,FraNchEstYN
1984-01-13,1984.0,0.0,FraNchEstYN
1984-01-14,1984.0,0.0,FraNchEstYN
1984-01-15,1984.0,0.0,FraNchEstYN
1984-01-16,1984.0,0.0,FraNchEstYN
1984-01-17,1984.0,0.0,FraNchEstYN
1984-01-18,1984.0,0.0,FraNchEstYN
1984-01-19,1984.0,0.0,FraNchEstYN
1984-01-20,1984.0,0.0,FraNchEstYN
1984-01-21,1984.0,0.0,FraNchEstYN
1984-01-22,1984.0,0.0,FraNchEstYN
1984-01-23,1984.0,0.0,FraNchEstYN
1984-01-24,1984.0,0.0,FraNchEstYN
1984-01-25,1984.0,0.0,FraNchEstYN
1984-01-26,1984.0,0.0,FraNchEstYN
1984-01-27,1984.0,0.0,FraNchEstYN
1984-01-28,1984.0,0.0,FraNchEstYN
1984-01-29,1984.0,0.0,FraNchEstYN
1984-01-30,1984.0,0.0,FraNchEstYN
1984-01-31,1984.0,0.0,FraNchEstYN
1984-02-01,1984.0,0.0,FraNchEstYN
1984-02-02,1984.0,0.0,FraNchEstYN
1984-02-03,1984.0,0.0,FraNchEstYN
1984-02-04,1984.0,0.0,FraNchEstYN
1984-02-05,1984.0,0.0,FraNchEstYN
1984-02-06,1984.0,0.0,FraNchEstYN
1984-02-07,1984.0,0.0,FraNchEstYN
1984-02-08,1984.0,0.0,FraNchEstYN
1984-02-09,1984.0,0.0,FraNchEstYN
1984-02-10,1984.0,0.0,FraNchEstYN
1984-02-11,1984.0,0.0,FraNchEstYN
1984-02-12,1984.0,0.0,FraNchEstYN
1984-02-13,1984.0,0.0,FraNchEstYN
1984-02-14,1984.0,0.0,FraNchEstYN
1984-02-15,1984.0,0.0,FraNchEstYN
1984-02-16,1984.0,0.0,FraNchEstYN
1984-02-17,1984.0,0.0,FraNchEstYN
1984-02-18,1984.0,0.0,FraNchEstYN
1984-02-19,1984.0,0.0,FraNchEstYN
1984-02-20,1984.0,0.0,FraNchEstYN
1984-02-21,1984.0,0.0,FraNchEstYN
1984-02-22,1984.0,0.0,FraNchEstYN
1984-02-23,1984.0,0.0,FraNchEstYN
1984-02-24,1984.0,0.0,FraNchEstYN
1984-02-25,1984.0,0.0,FraNchEstYN
1984-02-26,1984.0,0.0,FraNchEstYN
1984-02-27,1984.0,0.0,FraNchEstYN
1984-02-28,1984.0,0.0,FraNchEstYN
1984-02-29,1984.0,0.0,FraNchEstYN
1984-03-01,1984.0,0.0,FraNchEstYN
1984-03-02,1984.0,0.0,FraNchEstYN
1984-03-03,1984.0,0.0,FraNchEstYN
1984-03-04,1984.0,0.0,FraNchEstYN
1984-03-05,1984.0,0.0,FraNchEstYN
1984-03-06,1984.0,0.0,FraNchEstYN
1984-03-07,1984.0,0.0,FraNchEstYN
1984-03-08,1984.0,0.0,FraNchEstYN
1984-03-09,1984.0,0.0,FraNchEstYN
1984-03-10,1984.0,0.0,FraNchEstYN
1984-03-11,1984.0,0.0,FraNchEstYN
1984-03-12,1984.0,0.0,FraNchEstYN
1984-03-13,1984.0,0.0,FraNchEstYN
1984-03-14,1984.0,0.0,FraNchEstYN
1984-03-15,1984.0,0.0,FraNchEstYN
1984-03-16,1984.0,0.0,FraNchEstYN
1984-03-17,1984.0,0.0,FraNchEstYN
1984-03-18,1984.0,0.0,FraNchEstYN
1984-03-19,1984.0,0.0,FraNchEstYN
1984-03-20,1984.0,0.0,FraNchEstYN
1984-03-21,1984.0,0.0,FraNchEstYN
1984-03-22,1984.0,0.0,FraNchEstYN
1984-03-23,1984.0,0.0,FraNchEstYN
1984-03-24,1984.0,0.0,FraNchEstYN
1984-03-25,1984.0,0.0,FraNchEstYN
1984-03-26,1984.0,0.0,FraNchEstYN
1984-03-27,1984.0,0.0,FraNchEstYN
1984-03-28,1984.0,0.0,FraNchEstYN
1984-03-29,1984.0,0.0,FraNchEstYN
1984-03-30,1984.0,0.0,FraNchEstYN
1984-03-31,1984.0,0.0,FraNchEstYN
1984-04-01,1984.0,0.0,FraNchEstYN
1984-04-02,1984.0,0.0,FraNchEstYN
1984-04-03,1984.0,0.0,FraNchEstYN
1984-04-04,1984.0,0.0,FraNchEstYN
1984-04-05,1984.0,0.0,FraNchEstYN
1984-04-06,1984.0,0.0,FraNchEstYN
1984-04-07,1984.0,0.0,FraNchEstYN
1984-04-08,1984.0,0.0,FraNchEstYN
1984-04-09,1984.0,0.0,FraNchEstYN
1984-04-10,1984.0,0.0,FraNchEstYN
1984-04-11,1984.0,0.0,FraNchEstYN
1984-04-12,1984.0,0.0,FraNchEstYN
1984-04-13,1984.0,0.0,FraNchEstYN
1984-04-14,1984.0,0.0,FraNchEstYN
1984-04-15,1984.0,0.0,FraNchEstYN
1984-04-16,1984.0,0.0,FraNchEstYN
1984-04-17,1984.0,0.0,FraNchEstYN
1984-04-18,1984.0,0.0,FraNchEstYN
1984-04-19,1984.0,0.0,FraNchEstYN
1984-04-20,1984.0,0.0,FraNchEstYN
1984-04-21,1984.0,0.0,FraNchEstYN
1984-04-22,1984.0,0.0,FraNchEstYN
1984-04-23,1984.0,0.0,FraNchEstYN
1984-04-24,1984.0,0.0,FraNchEstYN
1984-04-25,1984.0,0.0,FraNchEstYN
1984-04-26,1984.0,0.0,FraNchEstYN
1984-04-27,1984.0,0.0,FraNchEstYN
1984-04-28,1984.0,0.0,FraNchEstYN
1984-04-29,1984.0,0.0,FraNchEstYN
1984-04-30,1984.0,0.0,FraNchEstYN
1984-05-01,1984.0,0.0,FraNchEstYN
1984-05-02,1984.0,0.0,FraNchEstYN
1984-05-03,1984.0,0.0,FraNchEstYN
1984-05-04,1984.0,0.0,FraNchEstYN
1984-05-05,1984.0,0.0,FraNchEstYN
1984-05-06,1984.0,0.0,FraNchEstYN
1984-05-07,1984.0,0.0,FraNchEstYN
1984-05-08,1984.0,0.0,FraNchEstYN
1984-05-09,1984.0,0.0,FraNchEstYN
1984-05-10,1984.0,0.0,FraNchEstYN
1984-05-11,1984.0,0.0,FraNchEstYN
1984-05-12,1984.0,0.0,FraNchEstYN
1984-05-13,1984.0,0.0,FraNchEstYN
1984-05-14,1984.0,0.0,FraNchEstYN
1984-05-15,1984.0,0.0,FraNchEstYN
1984-05-16,1984.0,0.0,FraNchEstYN
1984-05-17,1984.0,0.0,FraNchEstYN
1984-05-18,1984.0,0.0,FraNchEstYN
1984-05-19,1984.0,0.0,FraNchEstYN
1984-05-20,1984.0,0.0,FraNchEstYN
1984-05-21,1984.0,1.9320978,FraNchEstYN
1984-05-22,1984.0,1.9320978,FraNchEstYN
1984-05-23,1984.0,4.504492,FraNchEstYN
1984-05-24,1984.0,4.504492,FraNchEstYN
1984-05-25,1984.0,4.504492,FraNchEstYN
1984-05-26,1984.0,7.318190500000001,FraNchEstYN
1984-05-27,1984.0,9.9910535,FraNchEstYN
1984-05-28,1984.0,9.9910535,FraNchEstYN
1984-05-29,1984.0,9.9910535,FraNchEstYN
1984-05-30,1984.0,9.9910535,FraNchEstYN
1984-05-31,1984.0,15.172663,FraNchEstYN
1984-06-01,1984.0,15.172663,FraNchEstYN
1984-06-02,1984.0,15.172663,FraNchEstYN
1984-06-03,1984.0,15.172663,FraNchEstYN
1984-06-04,1984.0,15.172663,FraNchEstYN
1984-06-05,1984.0,15.172663,FraNchEstYN
1984-06-06,1984.0,15.172663,FraNchEstYN
1984-06-07,1984.0,20.209745,FraNchEstYN
1984-06-08,1984.0,20.209745,FraNchEstYN
1984-06-09,1984.0,25.238672,FraNchEstYN
1984-06-10,1984.0,29.259005,FraNchEstYN
1984-06-11,1984.0,29.259005,FraNchEstYN
1984-06-12,1984.0,32.392552,FraNchEstYN
1984-06-13,1984.0,35.798076,FraNchEstYN
1984-06-14,1984.0,38.422334,FraNchEstYN
1984-06-15,1984.0,38.422334,FraNchEstYN
1984-06-16,1984.0,38.422334,FraNchEstYN
1984-06-17,1984.0,38.422334,FraNchEstYN
1984-06-18,1984.0,38.54997,FraNchEstYN
1984-06-19,1984.0,38.65954,FraNchEstYN
1984-06-20,1984.0,38.65954,FraNchEstYN
1984-06-21,1984.0,40.067708,FraNchEstYN
1984-06-22,1984.0,41.615412,FraNchEstYN
1984-06-23,1984.0,44.05478,FraNchEstYN
1984-06-24,1984.0,46.49136,FraNchEstYN
1984-06-25,1984.0,47.591418000000004,FraNchEstYN
1984-06-26,1984.0,48.724705,FraNchEstYN
1984-06-27,1984.0,48.724702,FraNchEstYN
1984-06-28,1984.0,48.724702,FraNchEstYN
1984-06-29,1984.0,49.350932,FraNchEstYN
1984-06-30,1984.0,49.350932,FraNchEstYN
1984-07-01,1984.0,50.35187,FraNchEstYN
1984-07-02,1984.0,50.467740000000006,FraNchEstYN
1984-07-03,1984.0,50.909775,FraNchEstYN
1984-07-04,1984.0,50.946769999999994,FraNchEstYN
1984-07-05,1984.0,50.970423,FraNchEstYN
1984-07-06,1984.0,50.984894999999995,FraNchEstYN
1984-07-07,1984.0,51.4444,FraNchEstYN
1984-07-08,1984.0,51.84098,FraNchEstYN
1984-07-09,1984.0,52.026236000000004,FraNchEstYN
1984-07-10,1984.0,52.027214,FraNchEstYN
1984-07-11,1984.0,52.027214,FraNchEstYN
1984-07-12,1984.0,52.02722,FraNchEstYN
1984-07-13,1984.0,52.3228,FraNchEstYN
1984-07-14,1984.0,52.3228,FraNchEstYN
1984-07-15,1984.0,52.32295,FraNchEstYN
1984-07-16,1984.0,52.323,FraNchEstYN
1984-07-17,1984.0,52.323,FraNchEstYN
1984-07-18,1984.0,52.322995999999996,FraNchEstYN
1984-07-19,1984.0,52.322995999999996,FraNchEstYN
1984-07-20,1984.0,52.369772999999995,FraNchEstYN
1984-07-21,1984.0,52.377456,FraNchEstYN
1984-07-22,1984.0,52.377456,FraNchEstYN
1984-07-23,1984.0,52.377456,FraNchEstYN
1984-10-05,1984.0,0.0,FraNchEstYN
1984-10-06,1984.0,0.0,FraNchEstYN
1984-10-07,1984.0,0.0,FraNchEstYN
1984-10-08,1984.0,0.0,FraNchEstYN
1984-10-09,1984.0,0.0,FraNchEstYN
1984-10-10,1984.0,0.0,FraNchEstYN
1984-10-11,1984.0,0.0,FraNchEstYN
1984-10-12,1984.0,0.0,FraNchEstYN
1984-10-13,1984.0,0.0,FraNchEstYN
1984-10-14,1984.0,0.0,FraNchEstYN
1984-10-15,1984.0,0.0,FraNchEstYN
1984-10-16,1984.0,0.0,FraNchEstYN
1984-10-17,1984.0,0.0,FraNchEstYN
1984-10-18,1984.0,0.0,FraNchEstYN
1984-10-19,1984.0,0.0,FraNchEstYN
1984-10-20,1984.0,0.0,FraNchEstYN
1984-10-21,1984.0,0.0,FraNchEstYN
1984-10-22,1984.0,0.0,FraNchEstYN
1984-10-23,1984.0,0.0,FraNchEstYN
1984-10-24,1984.0,0.0,FraNchEstYN
1984-10-25,1984.0,0.0,FraNchEstYN
1984-10-26,1984.0,0.0,FraNchEstYN
1984-10-27,1984.0,0.0,FraNchEstYN
1984-10-28,1984.0,0.0,FraNchEstYN
1984-10-29,1984.0,0.0,FraNchEstYN
1984-10-30,1984.0,0.0,FraNchEstYN
1984-10-31,1984.0,0.0,FraNchEstYN
1984-11-01,1984.0,0.0,FraNchEstYN
1984-11-02,1984.0,0.0,FraNchEstYN
1984-11-03,1984.0,0.0,FraNchEstYN
1984-11-04,1984.0,0.0,FraNchEstYN
1984-11-05,1984.0,0.0,FraNchEstYN
1984-11-06,1984.0,0.0,FraNchEstYN
1984-11-07,1984.0,0.0,FraNchEstYN
1984-11-08,1984.0,0.0,FraNchEstYN
1984-11-09,1984.0,0.0,FraNchEstYN
1984-11-10,1984.0,0.0,FraNchEstYN
1984-11-11,1984.0,0.0,FraNchEstYN
1984-11-12,1984.0,0.0,FraNchEstYN
1984-11-13,1984.0,0.0,FraNchEstYN
1984-11-14,1984.0,0.0,FraNchEstYN
1984-11-15,1984.0,0.0,FraNchEstYN
1984-11-16,1984.0,0.0,FraNchEstYN
1984-11-17,1984.0,0.0,FraNchEstYN
1984-11-18,1984.0,0.0,FraNchEstYN
1984-11-19,1984.0,0.0,FraNchEstYN
1984-11-20,1984.0,0.0,FraNchEstYN
1984-11-21,1984.0,0.0,FraNchEstYN
1984-11-22,1984.0,0.0,FraNchEstYN
1984-11-23,1984.0,0.0,FraNchEstYN
1984-11-24,1984.0,0.0,FraNchEstYN
1984-11-25,1984.0,0.0,FraNchEstYN
1984-11-26,1984.0,0.0,FraNchEstYN
1984-11-27,1984.0,0.0,FraNchEstYN
1984-11-28,1984.0,0.0,FraNchEstYN
1984-11-29,1984.0,0.0,FraNchEstYN
1984-11-30,1984.0,0.0,FraNchEstYN
1984-12-01,1984.0,0.0,FraNchEstYN
1984-12-02,1984.0,0.0,FraNchEstYN
1984-12-03,1984.0,0.0,FraNchEstYN
1984-12-04,1984.0,0.0,FraNchEstYN
1984-12-05,1984.0,0.0,FraNchEstYN
1984-12-06,1984.0,0.0,FraNchEstYN
1984-12-07,1984.0,0.0,FraNchEstYN
1984-12-08,1984.0,0.0,FraNchEstYN
1984-12-09,1984.0,0.0,FraNchEstYN
1984-12-10,1984.0,0.0,FraNchEstYN
1984-12-11,1984.0,0.0,FraNchEstYN
1984-12-12,1984.0,0.0,FraNchEstYN
1984-12-13,1984.0,0.0,FraNchEstYN
1984-12-14,1984.0,0.0,FraNchEstYN
1984-12-15,1984.0,0.0,FraNchEstYN
1984-12-16,1984.0,0.0,FraNchEstYN
1984-12-17,1984.0,0.0,FraNchEstYN
1984-12-18,1984.0,0.0,FraNchEstYN
1984-12-19,1984.0,0.0,FraNchEstYN
1984-12-20,1984.0,0.0,FraNchEstYN
1984-12-21,1984.0,0.0,FraNchEstYN
1984-12-22,1984.0,0.0,FraNchEstYN
1984-12-23,1984.0,0.0,FraNchEstYN
1984-12-24,1984.0,0.0,FraNchEstYN
1984-12-25,1984.0,0.0,FraNchEstYN
1984-12-26,1984.0,0.0,FraNchEstYN
1984-12-27,1984.0,0.0,FraNchEstYN
1984-12-28,1984.0,0.0,FraNchEstYN
1984-12-29,1984.0,0.0,FraNchEstYN
1984-12-30,1984.0,0.0,FraNchEstYN
1984-12-31,1984.0,0.0,FraNchEstYN
1985-01-01,1985.0,0.0,FraNchEstYN
1985-01-02,1985.0,0.0,FraNchEstYN
1985-01-03,1985.0,0.0,FraNchEstYN
1985-01-04,1985.0,0.0,FraNchEstYN
1985-01-05,1985.0,0.0,FraNchEstYN
1985-01-06,1985.0,0.0,FraNchEstYN
1985-01-07,1985.0,0.0,FraNchEstYN
1985-01-08,1985.0,0.0,FraNchEstYN
1985-01-09,1985.0,0.0,FraNchEstYN
1985-01-10,1985.0,0.0,FraNchEstYN
1985-01-11,1985.0,0.0,FraNchEstYN
1985-01-12,1985.0,0.0,FraNchEstYN
1985-01-13,1985.0,0.0,FraNchEstYN
1985-01-14,1985.0,0.0,FraNchEstYN
1985-01-15,1985.0,0.0,FraNchEstYN
1985-01-16,1985.0,0.0,FraNchEstYN
1985-01-17,1985.0,0.0,FraNchEstYN
1985-01-18,1985.0,0.0,FraNchEstYN
1985-01-19,1985.0,0.0,FraNchEstYN
1985-01-20,1985.0,0.0,FraNchEstYN
1985-01-21,1985.0,0.0,FraNchEstYN
1985-01-22,1985.0,0.0,FraNchEstYN
1985-01-23,1985.0,0.0,FraNchEstYN
1985-01-24,1985.0,0.0,FraNchEstYN
1985-01-25,1985.0,0.0,FraNchEstYN
1985-01-26,1985.0,0.0,FraNchEstYN
1985-01-27,1985.0,0.0,FraNchEstYN
1985-01-28,1985.0,0.0,FraNchEstYN
1985-01-29,1985.0,0.0,FraNchEstYN
1985-01-30,1985.0,0.0,FraNchEstYN
1985-01-31,1985.0,0.0,FraNchEstYN
1985-02-01,1985.0,0.0,FraNchEstYN
1985-02-02,1985.0,0.0,FraNchEstYN
1985-02-03,1985.0,0.0,FraNchEstYN
1985-02-04,1985.0,0.0,FraNchEstYN
1985-02-05,1985.0,0.0,FraNchEstYN
1985-02-06,1985.0,0.0,FraNchEstYN
1985-02-07,1985.0,0.0,FraNchEstYN
1985-02-08,1985.0,0.0,FraNchEstYN
1985-02-09,1985.0,0.0,FraNchEstYN
1985-02-10,1985.0,0.0,FraNchEstYN
1985-02-11,1985.0,0.0,FraNchEstYN
1985-02-12,1985.0,0.0,FraNchEstYN
1985-02-13,1985.0,0.0,FraNchEstYN
1985-02-14,1985.0,0.0,FraNchEstYN
1985-02-15,1985.0,0.0,FraNchEstYN
1985-02-16,1985.0,0.0,FraNchEstYN
1985-02-17,1985.0,0.0,FraNchEstYN
1985-02-18,1985.0,0.0,FraNchEstYN
1985-02-19,1985.0,0.0,FraNchEstYN
1985-02-20,1985.0,0.0,FraNchEstYN
1985-02-21,1985.0,0.0,FraNchEstYN
1985-02-22,1985.0,0.0,FraNchEstYN
1985-02-23,1985.0,0.0,FraNchEstYN
1985-02-24,1985.0,0.0,FraNchEstYN
1985-02-25,1985.0,0.0,FraNchEstYN
1985-02-26,1985.0,0.0,FraNchEstYN
1985-02-27,1985.0,0.0,FraNchEstYN
1985-02-28,1985.0,0.0,FraNchEstYN
1985-03-01,1985.0,0.0,FraNchEstYN
1985-03-02,1985.0,0.0,FraNchEstYN
1985-03-03,1985.0,0.0,FraNchEstYN
1985-03-04,1985.0,0.0,FraNchEstYN
1985-03-05,1985.0,0.0,FraNchEstYN
1985-03-06,1985.0,0.0,FraNchEstYN
1985-03-07,1985.0,0.0,FraNchEstYN
1985-03-08,1985.0,0.0,FraNchEstYN
1985-03-09,1985.0,0.0,FraNchEstYN
1985-03-10,1985.0,0.0,FraNchEstYN
1985-03-11,1985.0,0.0,FraNchEstYN
1985-03-12,1985.0,0.0,FraNchEstYN
1985-03-13,1985.0,0.0,FraNchEstYN
1985-03-14,1985.0,0.0,FraNchEstYN
1985-03-15,1985.0,0.0,FraNchEstYN
1985-03-16,1985.0,0.0,FraNchEstYN
1985-03-17,1985.0,0.0,FraNchEstYN
1985-03-18,1985.0,0.0,FraNchEstYN
1985-03-19,1985.0,0.0,FraNchEstYN
1985-03-20,1985.0,0.0,FraNchEstYN
1985-03-21,1985.0,0.0,FraNchEstYN
1985-03-22,1985.0,0.0,FraNchEstYN
1985-03-23,1985.0,0.0,FraNchEstYN
1985-03-24,1985.0,0.0,FraNchEstYN
1985-03-25,1985.0,0.0,FraNchEstYN
1985-03-26,1985.0,0.0,FraNchEstYN
1985-03-27,1985.0,0.0,FraNchEstYN
1985-03-28,1985.0,0.0,FraNchEstYN
1985-03-29,1985.0,0.0,FraNchEstYN
1985-03-30,1985.0,0.0,FraNchEstYN
1985-03-31,1985.0,0.0,FraNchEstYN
1985-04-01,1985.0,0.0,FraNchEstYN
1985-04-02,1985.0,0.0,FraNchEstYN
1985-04-03,1985.0,0.0,FraNchEstYN
1985-04-04,1985.0,0.0,FraNchEstYN
1985-04-05,1985.0,0.0,FraNchEstYN
1985-04-06,1985.0,0.0,FraNchEstYN
1985-04-07,1985.0,0.0,FraNchEstYN
1985-04-08,1985.0,0.0,FraNchEstYN
1985-04-09,1985.0,0.0,FraNchEstYN
1985-04-10,1985.0,0.0,FraNchEstYN
1985-04-11,1985.0,0.0,FraNchEstYN
1985-04-12,1985.0,0.0,FraNchEstYN
1985-04-13,1985.0,0.0,FraNchEstYN
1985-04-14,1985.0,0.0,FraNchEstYN
1985-04-15,1985.0,0.0,FraNchEstYN
1985-04-16,1985.0,0.0,FraNchEstYN
1985-04-17,1985.0,0.0,FraNchEstYN
1985-04-18,1985.0,0.0,FraNchEstYN
1985-04-19,1985.0,0.0,FraNchEstYN
1985-04-20,1985.0,0.0,FraNchEstYN
1985-04-21,1985.0,0.0,FraNchEstYN
1985-04-22,1985.0,0.0,FraNchEstYN
1985-04-23,1985.0,0.0,FraNchEstYN
1985-04-24,1985.0,0.0,FraNchEstYN
1985-04-25,1985.0,1.35733895,FraNchEstYN
1985-04-26,1985.0,1.35733895,FraNchEstYN
1985-04-27,1985.0,1.35733895,FraNchEstYN
1985-04-28,1985.0,3.1351723,FraNchEstYN
1985-04-29,1985.0,3.1351723,FraNchEstYN
1985-04-30,1985.0,3.1351723,FraNchEstYN
1985-05-01,1985.0,3.1351723,FraNchEstYN
1985-05-02,1985.0,3.1351723,FraNchEstYN
1985-05-03,1985.0,3.1351723,FraNchEstYN
1985-05-04,1985.0,3.1351723,FraNchEstYN
1985-05-05,1985.0,3.1351723,FraNchEstYN
1985-05-06,1985.0,5.403752600000001,FraNchEstYN
1985-05-07,1985.0,5.403752600000001,FraNchEstYN
1985-05-08,1985.0,7.497629999999999,FraNchEstYN
1985-05-09,1985.0,7.497629999999999,FraNchEstYN
1985-05-10,1985.0,10.55255,FraNchEstYN
1985-05-11,1985.0,15.536271,FraNchEstYN
1985-05-12,1985.0,20.482686,FraNchEstYN
1985-05-13,1985.0,20.482686,FraNchEstYN
1985-05-14,1985.0,20.482686,FraNchEstYN
1985-05-15,1985.0,25.099123000000002,FraNchEstYN
1985-05-16,1985.0,25.099123000000002,FraNchEstYN
1985-05-17,1985.0,25.099123000000002,FraNchEstYN
1985-05-18,1985.0,25.099123000000002,FraNchEstYN
1985-05-19,1985.0,29.232287,FraNchEstYN
1985-05-20,1985.0,29.254386,FraNchEstYN
1985-05-21,1985.0,29.254386,FraNchEstYN
1985-05-22,1985.0,29.254386,FraNchEstYN
1985-05-23,1985.0,31.555193999999997,FraNchEstYN
1985-05-24,1985.0,31.555193999999997,FraNchEstYN
1985-05-25,1985.0,31.555193999999997,FraNchEstYN
1985-05-26,1985.0,31.555193999999997,FraNchEstYN
1985-05-27,1985.0,31.555193999999997,FraNchEstYN
1985-05-28,1985.0,33.15173,FraNchEstYN
1985-05-29,1985.0,35.097134000000004,FraNchEstYN
1985-05-30,1985.0,35.097134000000004,FraNchEstYN
1985-05-31,1985.0,36.62368,FraNchEstYN
1985-06-01,1985.0,40.438455,FraNchEstYN
1985-06-02,1985.0,42.67452,FraNchEstYN
1985-06-03,1985.0,43.831998,FraNchEstYN
1985-06-04,1985.0,43.831998,FraNchEstYN
1985-06-05,1985.0,46.750554,FraNchEstYN
1985-06-06,1985.0,46.91553,FraNchEstYN
1985-06-07,1985.0,46.91553,FraNchEstYN
1985-06-08,1985.0,46.91553,FraNchEstYN
1985-06-09,1985.0,46.91553,FraNchEstYN
1985-06-10,1985.0,46.91553,FraNchEstYN
1985-06-11,1985.0,48.173946,FraNchEstYN
1985-06-12,1985.0,48.173946,FraNchEstYN
1985-06-13,1985.0,48.571008,FraNchEstYN
1985-06-14,1985.0,48.571008,FraNchEstYN
1985-06-15,1985.0,49.297857,FraNchEstYN
1985-06-16,1985.0,49.96317,FraNchEstYN
1985-06-17,1985.0,49.96317,FraNchEstYN
1985-06-18,1985.0,49.97729,FraNchEstYN
1985-06-19,1985.0,50.449336,FraNchEstYN
1985-06-20,1985.0,50.898784,FraNchEstYN
1985-06-21,1985.0,51.04269,FraNchEstYN
1985-06-22,1985.0,51.04269,FraNchEstYN
1985-06-23,1985.0,51.043749999999996,FraNchEstYN
1985-06-24,1985.0,51.043749999999996,FraNchEstYN
1985-06-25,1985.0,51.044214,FraNchEstYN
1985-06-26,1985.0,51.044369999999994,FraNchEstYN
1985-06-27,1985.0,51.22074,FraNchEstYN
1985-06-28,1985.0,51.2208,FraNchEstYN
1985-06-29,1985.0,51.2208,FraNchEstYN
1985-06-30,1985.0,51.305073,FraNchEstYN
1985-07-01,1985.0,51.370984,FraNchEstYN
1985-07-02,1985.0,51.41241600000001,FraNchEstYN
1985-07-03,1985.0,51.42232,FraNchEstYN
1985-07-04,1985.0,51.42232,FraNchEstYN
1985-07-05,1985.0,51.422316,FraNchEstYN
1985-07-06,1985.0,51.422316,FraNchEstYN
1985-10-07,1985.0,0.0,FraNchEstYN
1985-10-08,1985.0,0.0,FraNchEstYN
1985-10-09,1985.0,0.0,FraNchEstYN
1985-10-10,1985.0,0.0,FraNchEstYN
1985-10-11,1985.0,0.0,FraNchEstYN
1985-10-12,1985.0,0.0,FraNchEstYN
1985-10-13,1985.0,0.0,FraNchEstYN
1985-10-14,1985.0,0.0,FraNchEstYN
1985-10-15,1985.0,0.0,FraNchEstYN
1985-10-16,1985.0,0.0,FraNchEstYN
1985-10-17,1985.0,0.0,FraNchEstYN
1985-10-18,1985.0,0.0,FraNchEstYN
1985-10-19,1985.0,0.0,FraNchEstYN
1985-10-20,1985.0,0.0,FraNchEstYN
1985-10-21,1985.0,0.0,FraNchEstYN
1985-10-22,1985.0,0.0,FraNchEstYN
1985-10-23,1985.0,0.0,FraNchEstYN
1985-10-24,1985.0,0.0,FraNchEstYN
1985-10-25,1985.0,0.0,FraNchEstYN
1985-10-26,1985.0,0.0,FraNchEstYN
1985-10-27,1985.0,0.0,FraNchEstYN
1985-10-28,1985.0,0.0,FraNchEstYN
1985-10-29,1985.0,0.0,FraNchEstYN
1985-10-30,1985.0,0.0,FraNchEstYN
1985-10-31,1985.0,0.0,FraNchEstYN
1985-11-01,1985.0,0.0,FraNchEstYN
1985-11-02,1985.0,0.0,FraNchEstYN
1985-11-03,1985.0,0.0,FraNchEstYN
1985-11-04,1985.0,0.0,FraNchEstYN
1985-11-05,1985.0,0.0,FraNchEstYN
1985-11-06,1985.0,0.0,FraNchEstYN
1985-11-07,1985.0,0.0,FraNchEstYN
1985-11-08,1985.0,0.0,FraNchEstYN
1985-11-09,1985.0,0.0,FraNchEstYN
1985-11-10,1985.0,0.0,FraNchEstYN
1985-11-11,1985.0,0.0,FraNchEstYN
1985-11-12,1985.0,0.0,FraNchEstYN
1985-11-13,1985.0,0.0,FraNchEstYN
1985-11-14,1985.0,0.0,FraNchEstYN
1985-11-15,1985.0,0.0,FraNchEstYN
1985-11-16,1985.0,0.0,FraNchEstYN
1985-11-17,1985.0,0.0,FraNchEstYN
1985-11-18,1985.0,0.0,FraNchEstYN
1985-11-19,1985.0,0.0,FraNchEstYN
1985-11-20,1985.0,0.0,FraNchEstYN
1985-11-21,1985.0,0.0,FraNchEstYN
1985-11-22,1985.0,0.0,FraNchEstYN
1985-11-23,1985.0,0.0,FraNchEstYN
1985-11-24,1985.0,0.0,FraNchEstYN
1985-11-25,1985.0,0.0,FraNchEstYN
1985-11-26,1985.0,0.0,FraNchEstYN
1985-11-27,1985.0,0.0,FraNchEstYN
1985-11-28,1985.0,0.0,FraNchEstYN
1985-11-29,1985.0,0.0,FraNchEstYN
1985-11-30,1985.0,0.0,FraNchEstYN
1985-12-01,1985.0,0.0,FraNchEstYN
1985-12-02,1985.0,0.0,FraNchEstYN
1985-12-03,1985.0,0.0,FraNchEstYN
1985-12-04,1985.0,0.0,FraNchEstYN
1985-12-05,1985.0,0.0,FraNchEstYN
1985-12-06,1985.0,0.0,FraNchEstYN
1985-12-07,1985.0,0.0,FraNchEstYN
1985-12-08,1985.0,0.0,FraNchEstYN
1985-12-09,1985.0,0.0,FraNchEstYN
1985-12-10,1985.0,0.0,FraNchEstYN
1985-12-11,1985.0,0.0,FraNchEstYN
1985-12-12,1985.0,0.0,FraNchEstYN
1985-12-13,1985.0,0.0,FraNchEstYN
1985-12-14,1985.0,0.0,FraNchEstYN
1985-12-15,1985.0,0.0,FraNchEstYN
1985-12-16,1985.0,0.0,FraNchEstYN
1985-12-17,1985.0,0.0,FraNchEstYN
1985-12-18,1985.0,0.0,FraNchEstYN
1985-12-19,1985.0,0.0,FraNchEstYN
1985-12-20,1985.0,0.0,FraNchEstYN
1985-12-21,1985.0,0.0,FraNchEstYN
1985-12-22,1985.0,0.0,FraNchEstYN
1985-12-23,1985.0,0.0,FraNchEstYN
1985-12-24,1985.0,0.0,FraNchEstYN
1985-12-25,1985.0,0.0,FraNchEstYN
1985-12-26,1985.0,0.0,FraNchEstYN
1985-12-27,1985.0,0.0,FraNchEstYN
1985-12-28,1985.0,0.0,FraNchEstYN
1985-12-29,1985.0,0.0,FraNchEstYN
1985-12-30,1985.0,0.0,FraNchEstYN
1985-12-31,1985.0,0.0,FraNchEstYN
1986-01-01,1986.0,0.0,FraNchEstYN
1986-01-02,1986.0,0.0,FraNchEstYN
1986-01-03,1986.0,0.0,FraNchEstYN
1986-01-04,1986.0,0.0,FraNchEstYN
1986-01-05,1986.0,0.0,FraNchEstYN
1986-01-06,1986.0,0.0,FraNchEstYN
1986-01-07,1986.0,0.0,FraNchEstYN
1986-01-08,1986.0,0.0,FraNchEstYN
1986-01-09,1986.0,0.0,FraNchEstYN
1986-01-10,1986.0,0.0,FraNchEstYN
1986-01-11,1986.0,0.0,FraNchEstYN
1986-01-12,1986.0,0.0,FraNchEstYN
1986-01-13,1986.0,0.0,FraNchEstYN
1986-01-14,1986.0,0.0,FraNchEstYN
1986-01-15,1986.0,0.0,FraNchEstYN
1986-01-16,1986.0,0.0,FraNchEstYN
1986-01-17,1986.0,0.0,FraNchEstYN
1986-01-18,1986.0,0.0,FraNchEstYN
1986-01-19,1986.0,0.0,FraNchEstYN
1986-01-20,1986.0,0.0,FraNchEstYN
1986-01-21,1986.0,0.0,FraNchEstYN
1986-01-22,1986.0,0.0,FraNchEstYN
1986-01-23,1986.0,0.0,FraNchEstYN
1986-01-24,1986.0,0.0,FraNchEstYN
1986-01-25,1986.0,0.0,FraNchEstYN
1986-01-26,1986.0,0.0,FraNchEstYN
1986-01-27,1986.0,0.0,FraNchEstYN
1986-01-28,1986.0,0.0,FraNchEstYN
1986-01-29,1986.0,0.0,FraNchEstYN
1986-01-30,1986.0,0.0,FraNchEstYN
1986-01-31,1986.0,0.0,FraNchEstYN
1986-02-01,1986.0,0.0,FraNchEstYN
1986-02-02,1986.0,0.0,FraNchEstYN
1986-02-03,1986.0,0.0,FraNchEstYN
1986-02-04,1986.0,0.0,FraNchEstYN
1986-02-05,1986.0,0.0,FraNchEstYN
1986-02-06,1986.0,0.0,FraNchEstYN
1986-02-07,1986.0,0.0,FraNchEstYN
1986-02-08,1986.0,0.0,FraNchEstYN
1986-02-09,1986.0,0.0,FraNchEstYN
1986-02-10,1986.0,0.0,FraNchEstYN
1986-02-11,1986.0,0.0,FraNchEstYN
1986-02-12,1986.0,0.0,FraNchEstYN
1986-02-13,1986.0,0.0,FraNchEstYN
1986-02-14,1986.0,0.0,FraNchEstYN
1986-02-15,1986.0,0.0,FraNchEstYN
1986-02-16,1986.0,0.0,FraNchEstYN
1986-02-17,1986.0,0.0,FraNchEstYN
1986-02-18,1986.0,0.0,FraNchEstYN
1986-02-19,1986.0,0.0,FraNchEstYN
1986-02-20,1986.0,0.0,FraNchEstYN
1986-02-21,1986.0,0.0,FraNchEstYN
1986-02-22,1986.0,0.0,FraNchEstYN
1986-02-23,1986.0,0.0,FraNchEstYN
1986-02-24,1986.0,0.0,FraNchEstYN
1986-02-25,1986.0,0.0,FraNchEstYN
1986-02-26,1986.0,0.0,FraNchEstYN
1986-02-27,1986.0,0.0,FraNchEstYN
1986-02-28,1986.0,0.0,FraNchEstYN
1986-03-01,1986.0,0.0,FraNchEstYN
1986-03-02,1986.0,0.0,FraNchEstYN
1986-03-03,1986.0,0.0,FraNchEstYN
1986-03-04,1986.0,0.0,FraNchEstYN
1986-03-05,1986.0,0.0,FraNchEstYN
1986-03-06,1986.0,0.0,FraNchEstYN
1986-03-07,1986.0,0.0,FraNchEstYN
1986-03-08,1986.0,0.0,FraNchEstYN
1986-03-09,1986.0,0.0,FraNchEstYN
1986-03-10,1986.0,0.0,FraNchEstYN
1986-03-11,1986.0,0.0,FraNchEstYN
1986-03-12,1986.0,0.0,FraNchEstYN
1986-03-13,1986.0,0.0,FraNchEstYN
1986-03-14,1986.0,0.0,FraNchEstYN
1986-03-15,1986.0,0.0,FraNchEstYN
1986-03-16,1986.0,0.0,FraNchEstYN
1986-03-17,1986.0,0.0,FraNchEstYN
1986-03-18,1986.0,0.0,FraNchEstYN
1986-03-19,1986.0,0.0,FraNchEstYN
1986-03-20,1986.0,0.0,FraNchEstYN
1986-03-21,1986.0,0.0,FraNchEstYN
1986-03-22,1986.0,0.0,FraNchEstYN
1986-03-23,1986.0,0.0,FraNchEstYN
1986-03-24,1986.0,0.0,FraNchEstYN
1986-03-25,1986.0,0.0,FraNchEstYN
1986-03-26,1986.0,0.0,FraNchEstYN
1986-03-27,1986.0,0.0,FraNchEstYN
1986-03-28,1986.0,0.0,FraNchEstYN
1986-03-29,1986.0,0.0,FraNchEstYN
1986-03-30,1986.0,0.0,FraNchEstYN
1986-03-31,1986.0,0.0,FraNchEstYN
1986-04-01,1986.0,0.0,FraNchEstYN
1986-04-02,1986.0,0.0,FraNchEstYN
1986-04-03,1986.0,0.0,FraNchEstYN
1986-04-04,1986.0,0.0,FraNchEstYN
1986-04-05,1986.0,0.0,FraNchEstYN
1986-04-06,1986.0,0.0,FraNchEstYN
1986-04-07,1986.0,0.0,FraNchEstYN
1986-04-08,1986.0,0.0,FraNchEstYN
1986-04-09,1986.0,0.0,FraNchEstYN
1986-04-10,1986.0,0.0,FraNchEstYN
1986-04-11,1986.0,0.0,FraNchEstYN
1986-04-12,1986.0,0.0,FraNchEstYN
1986-04-13,1986.0,0.0,FraNchEstYN
1986-04-14,1986.0,0.0,FraNchEstYN
1986-04-15,1986.0,0.0,FraNchEstYN
1986-04-16,1986.0,0.0,FraNchEstYN
1986-04-17,1986.0,0.0,FraNchEstYN
1986-04-18,1986.0,0.0,FraNchEstYN
1986-04-19,1986.0,0.0,FraNchEstYN
1986-04-20,1986.0,0.0,FraNchEstYN
1986-04-21,1986.0,0.0,FraNchEstYN
1986-04-22,1986.0,0.0,FraNchEstYN
1986-04-23,1986.0,0.0,FraNchEstYN
1986-04-24,1986.0,0.0,FraNchEstYN
1986-04-25,1986.0,0.0,FraNchEstYN
1986-04-26,1986.0,0.0,FraNchEstYN
1986-04-27,1986.0,0.0,FraNchEstYN
1986-04-28,1986.0,0.0,FraNchEstYN
1986-04-29,1986.0,0.0,FraNchEstYN
1986-04-30,1986.0,0.0,FraNchEstYN
1986-05-01,1986.0,1.8185832,FraNchEstYN
1986-05-02,1986.0,1.8185832,FraNchEstYN
1986-05-03,1986.0,1.8185832,FraNchEstYN
1986-05-04,1986.0,1.8185832,FraNchEstYN
1986-05-05,1986.0,3.245409,FraNchEstYN
1986-05-06,1986.0,3.245409,FraNchEstYN
1986-05-07,1986.0,3.245409,FraNchEstYN
1986-05-08,1986.0,3.245409,FraNchEstYN
1986-05-09,1986.0,6.108944999999999,FraNchEstYN
1986-05-10,1986.0,6.108944999999999,FraNchEstYN
1986-05-11,1986.0,8.006749000000001,FraNchEstYN
1986-05-12,1986.0,10.9445535,FraNchEstYN
1986-05-13,1986.0,10.9445535,FraNchEstYN
1986-05-14,1986.0,10.9445535,FraNchEstYN
1986-05-15,1986.0,10.9445535,FraNchEstYN
1986-05-16,1986.0,10.9445535,FraNchEstYN
1986-05-17,1986.0,14.835538000000001,FraNchEstYN
1986-05-18,1986.0,16.824521,FraNchEstYN
1986-05-19,1986.0,16.824521,FraNchEstYN
1986-05-20,1986.0,16.824521,FraNchEstYN
1986-05-21,1986.0,16.824521,FraNchEstYN
1986-05-22,1986.0,16.824521,FraNchEstYN
1986-05-23,1986.0,16.824521,FraNchEstYN
1986-05-24,1986.0,22.064576,FraNchEstYN
1986-05-25,1986.0,26.916235999999998,FraNchEstYN
1986-05-26,1986.0,26.916235999999998,FraNchEstYN
1986-05-27,1986.0,26.916235999999998,FraNchEstYN
1986-05-28,1986.0,26.916235999999998,FraNchEstYN
1986-05-29,1986.0,26.916235999999998,FraNchEstYN
1986-05-30,1986.0,31.247866000000002,FraNchEstYN
1986-05-31,1986.0,31.247866000000002,FraNchEstYN
1986-06-01,1986.0,33.99238,FraNchEstYN
1986-06-02,1986.0,37.533024,FraNchEstYN
1986-06-03,1986.0,39.004096,FraNchEstYN
1986-06-04,1986.0,42.263398,FraNchEstYN
1986-06-05,1986.0,45.163599999999995,FraNchEstYN
1986-06-06,1986.0,46.402007,FraNchEstYN
1986-06-07,1986.0,46.402007,FraNchEstYN
1986-06-08,1986.0,46.402007,FraNchEstYN
1986-06-09,1986.0,46.56008,FraNchEstYN
1986-06-10,1986.0,49.21915,FraNchEstYN
1986-06-11,1986.0,51.603734,FraNchEstYN
1986-06-12,1986.0,51.603734,FraNchEstYN
1986-06-13,1986.0,53.334004,FraNchEstYN
1986-06-14,1986.0,53.334004,FraNchEstYN
1986-06-15,1986.0,53.334004,FraNchEstYN
1986-06-16,1986.0,53.334004,FraNchEstYN
1986-06-17,1986.0,53.475004000000006,FraNchEstYN
1986-06-18,1986.0,53.475004000000006,FraNchEstYN
1986-06-19,1986.0,54.111904,FraNchEstYN
1986-06-20,1986.0,54.813219999999994,FraNchEstYN
1986-06-21,1986.0,55.400879999999994,FraNchEstYN
1986-06-22,1986.0,55.92289,FraNchEstYN
1986-06-23,1986.0,55.931425000000004,FraNchEstYN
1986-06-24,1986.0,55.931425000000004,FraNchEstYN
1986-06-25,1986.0,56.258050000000004,FraNchEstYN
1986-06-26,1986.0,56.514966,FraNchEstYN
1986-06-27,1986.0,56.514966,FraNchEstYN
1986-06-28,1986.0,56.77613,FraNchEstYN
1986-06-29,1986.0,56.77613,FraNchEstYN
1986-06-30,1986.0,56.77613,FraNchEstYN
1986-07-01,1986.0,56.863457,FraNchEstYN
1986-07-02,1986.0,56.89414000000001,FraNchEstYN
1986-07-03,1986.0,56.89414000000001,FraNchEstYN
1986-07-04,1986.0,56.89414000000001,FraNchEstYN
1986-07-05,1986.0,56.89414000000001,FraNchEstYN
1986-07-06,1986.0,56.89414000000001,FraNchEstYN
1986-07-07,1986.0,56.89414000000001,FraNchEstYN
1986-07-08,1986.0,56.89414000000001,FraNchEstYN
1986-07-09,1986.0,56.89414000000001,FraNchEstYN
1986-10-11,1986.0,0.0,FraNchEstYN
1986-10-12,1986.0,0.0,FraNchEstYN
1986-10-13,1986.0,0.0,FraNchEstYN
1986-10-14,1986.0,0.0,FraNchEstYN
1986-10-15,1986.0,0.0,FraNchEstYN
1986-10-16,1986.0,0.0,FraNchEstYN
1986-10-17,1986.0,0.0,FraNchEstYN
1986-10-18,1986.0,0.0,FraNchEstYN
1986-10-19,1986.0,0.0,FraNchEstYN
1986-10-20,1986.0,0.0,FraNchEstYN
1986-10-21,1986.0,0.0,FraNchEstYN
1986-10-22,1986.0,0.0,FraNchEstYN
1986-10-23,1986.0,0.0,FraNchEstYN
1986-10-24,1986.0,0.0,FraNchEstYN
1986-10-25,1986.0,0.0,FraNchEstYN
1986-10-26,1986.0,0.0,FraNchEstYN
1986-10-27,1986.0,0.0,FraNchEstYN
1986-10-28,1986.0,0.0,FraNchEstYN
1986-10-29,1986.0,0.0,FraNchEstYN
1986-10-30,1986.0,0.0,FraNchEstYN
1986-10-31,1986.0,0.0,FraNchEstYN
1986-11-01,1986.0,0.0,FraNchEstYN
1986-11-02,1986.0,0.0,FraNchEstYN
1986-11-03,1986.0,0.0,FraNchEstYN
1986-11-04,1986.0,0.0,FraNchEstYN
1986-11-05,1986.0,0.0,FraNchEstYN
1986-11-06,1986.0,0.0,FraNchEstYN
1986-11-07,1986.0,0.0,FraNchEstYN
1986-11-08,1986.0,0.0,FraNchEstYN
1986-11-09,1986.0,0.0,FraNchEstYN
1986-11-10,1986.0,0.0,FraNchEstYN
1986-11-11,1986.0,0.0,FraNchEstYN
1986-11-12,1986.0,0.0,FraNchEstYN
1986-11-13,1986.0,0.0,FraNchEstYN
1986-11-14,1986.0,0.0,FraNchEstYN
1986-11-15,1986.0,0.0,FraNchEstYN
1986-11-16,1986.0,0.0,FraNchEstYN
1986-11-17,1986.0,0.0,FraNchEstYN
1986-11-18,1986.0,0.0,FraNchEstYN
1986-11-19,1986.0,0.0,FraNchEstYN
1986-11-20,1986.0,0.0,FraNchEstYN
1986-11-21,1986.0,0.0,FraNchEstYN
1986-11-22,1986.0,0.0,FraNchEstYN
1986-11-23,1986.0,0.0,FraNchEstYN
1986-11-24,1986.0,0.0,FraNchEstYN
1986-11-25,1986.0,0.0,FraNchEstYN
1986-11-26,1986.0,0.0,FraNchEstYN
1986-11-27,1986.0,0.0,FraNchEstYN
1986-11-28,1986.0,0.0,FraNchEstYN
1986-11-29,1986.0,0.0,FraNchEstYN
1986-11-30,1986.0,0.0,FraNchEstYN
1986-12-01,1986.0,0.0,FraNchEstYN
1986-12-02,1986.0,0.0,FraNchEstYN
1986-12-03,1986.0,0.0,FraNchEstYN
1986-12-04,1986.0,0.0,FraNchEstYN
1986-12-05,1986.0,0.0,FraNchEstYN
1986-12-06,1986.0,0.0,FraNchEstYN
1986-12-07,1986.0,0.0,FraNchEstYN
1986-12-08,1986.0,0.0,FraNchEstYN
1986-12-09,1986.0,0.0,FraNchEstYN
1986-12-10,1986.0,0.0,FraNchEstYN
1986-12-11,1986.0,0.0,FraNchEstYN
1986-12-12,1986.0,0.0,FraNchEstYN
1986-12-13,1986.0,0.0,FraNchEstYN
1986-12-14,1986.0,0.0,FraNchEstYN
1986-12-15,1986.0,0.0,FraNchEstYN
1986-12-16,1986.0,0.0,FraNchEstYN
1986-12-17,1986.0,0.0,FraNchEstYN
1986-12-18,1986.0,0.0,FraNchEstYN
1986-12-19,1986.0,0.0,FraNchEstYN
1986-12-20,1986.0,0.0,FraNchEstYN
1986-12-21,1986.0,0.0,FraNchEstYN
1986-12-22,1986.0,0.0,FraNchEstYN
1986-12-23,1986.0,0.0,FraNchEstYN
1986-12-24,1986.0,0.0,FraNchEstYN
1986-12-25,1986.0,0.0,FraNchEstYN
1986-12-26,1986.0,0.0,FraNchEstYN
1986-12-27,1986.0,0.0,FraNchEstYN
1986-12-28,1986.0,0.0,FraNchEstYN
1986-12-29,1986.0,0.0,FraNchEstYN
1986-12-30,1986.0,0.0,FraNchEstYN
1986-12-31,1986.0,0.0,FraNchEstYN
1987-01-01,1987.0,0.0,FraNchEstYN
1987-01-02,1987.0,0.0,FraNchEstYN
1987-01-03,1987.0,0.0,FraNchEstYN
1987-01-04,1987.0,0.0,FraNchEstYN
1987-01-05,1987.0,0.0,FraNchEstYN
1987-01-06,1987.0,0.0,FraNchEstYN
1987-01-07,1987.0,0.0,FraNchEstYN
1987-01-08,1987.0,0.0,FraNchEstYN
1987-01-09,1987.0,0.0,FraNchEstYN
1987-01-10,1987.0,0.0,FraNchEstYN
1987-01-11,1987.0,0.0,FraNchEstYN
1987-01-12,1987.0,0.0,FraNchEstYN
1987-01-13,1987.0,0.0,FraNchEstYN
1987-01-14,1987.0,0.0,FraNchEstYN
1987-01-15,1987.0,0.0,FraNchEstYN
1987-01-16,1987.0,0.0,FraNchEstYN
1987-01-17,1987.0,0.0,FraNchEstYN
1987-01-18,1987.0,0.0,FraNchEstYN
1987-01-19,1987.0,0.0,FraNchEstYN
1987-01-20,1987.0,0.0,FraNchEstYN
1987-01-21,1987.0,0.0,FraNchEstYN
1987-01-22,1987.0,0.0,FraNchEstYN
1987-01-23,1987.0,0.0,FraNchEstYN
1987-01-24,1987.0,0.0,FraNchEstYN
1987-01-25,1987.0,0.0,FraNchEstYN
1987-01-26,1987.0,0.0,FraNchEstYN
1987-01-27,1987.0,0.0,FraNchEstYN
1987-01-28,1987.0,0.0,FraNchEstYN
1987-01-29,1987.0,0.0,FraNchEstYN
1987-01-30,1987.0,0.0,FraNchEstYN
1987-01-31,1987.0,0.0,FraNchEstYN
1987-02-01,1987.0,0.0,FraNchEstYN
1987-02-02,1987.0,0.0,FraNchEstYN
1987-02-03,1987.0,0.0,FraNchEstYN
1987-02-04,1987.0,0.0,FraNchEstYN
1987-02-05,1987.0,0.0,FraNchEstYN
1987-02-06,1987.0,0.0,FraNchEstYN
1987-02-07,1987.0,0.0,FraNchEstYN
1987-02-08,1987.0,0.0,FraNchEstYN
1987-02-09,1987.0,0.0,FraNchEstYN
1987-02-10,1987.0,0.0,FraNchEstYN
1987-02-11,1987.0,0.0,FraNchEstYN
1987-02-12,1987.0,0.0,FraNchEstYN
1987-02-13,1987.0,0.0,FraNchEstYN
1987-02-14,1987.0,0.0,FraNchEstYN
1987-02-15,1987.0,0.0,FraNchEstYN
1987-02-16,1987.0,0.0,FraNchEstYN
1987-02-17,1987.0,0.0,FraNchEstYN
1987-02-18,1987.0,0.0,FraNchEstYN
1987-02-19,1987.0,0.0,FraNchEstYN
1987-02-20,1987.0,0.0,FraNchEstYN
1987-02-21,1987.0,0.0,FraNchEstYN
1987-02-22,1987.0,0.0,FraNchEstYN
1987-02-23,1987.0,0.0,FraNchEstYN
1987-02-24,1987.0,0.0,FraNchEstYN
1987-02-25,1987.0,0.0,FraNchEstYN
1987-02-26,1987.0,0.0,FraNchEstYN
1987-02-27,1987.0,0.0,FraNchEstYN
1987-02-28,1987.0,0.0,FraNchEstYN
1987-03-01,1987.0,0.0,FraNchEstYN
1987-03-02,1987.0,0.0,FraNchEstYN
1987-03-03,1987.0,0.0,FraNchEstYN
1987-03-04,1987.0,0.0,FraNchEstYN
1987-03-05,1987.0,0.0,FraNchEstYN
1987-03-06,1987.0,0.0,FraNchEstYN
1987-03-07,1987.0,0.0,FraNchEstYN
1987-03-08,1987.0,0.0,FraNchEstYN
1987-03-09,1987.0,0.0,FraNchEstYN
1987-03-10,1987.0,0.0,FraNchEstYN
1987-03-11,1987.0,0.0,FraNchEstYN
1987-03-12,1987.0,0.0,FraNchEstYN
1987-03-13,1987.0,0.0,FraNchEstYN
1987-03-14,1987.0,0.0,FraNchEstYN
1987-03-15,1987.0,0.0,FraNchEstYN
1987-03-16,1987.0,0.0,FraNchEstYN
1987-03-17,1987.0,0.0,FraNchEstYN
1987-03-18,1987.0,0.0,FraNchEstYN
1987-03-19,1987.0,0.0,FraNchEstYN
1987-03-20,1987.0,0.0,FraNchEstYN
1987-03-21,1987.0,0.0,FraNchEstYN
1987-03-22,1987.0,0.0,FraNchEstYN
1987-03-23,1987.0,0.0,FraNchEstYN
1987-03-24,1987.0,0.0,FraNchEstYN
1987-03-25,1987.0,0.0,FraNchEstYN
1987-03-26,1987.0,0.0,FraNchEstYN
1987-03-27,1987.0,0.0,FraNchEstYN
1987-03-28,1987.0,0.0,FraNchEstYN
1987-03-29,1987.0,0.0,FraNchEstYN
1987-03-30,1987.0,0.0,FraNchEstYN
1987-03-31,1987.0,0.0,FraNchEstYN
1987-04-01,1987.0,0.0,FraNchEstYN
1987-04-02,1987.0,0.0,FraNchEstYN
1987-04-03,1987.0,0.0,FraNchEstYN
1987-04-04,1987.0,0.0,FraNchEstYN
1987-04-05,1987.0,0.0,FraNchEstYN
1987-04-06,1987.0,0.0,FraNchEstYN
1987-04-07,1987.0,0.0,FraNchEstYN
1987-04-08,1987.0,0.0,FraNchEstYN
1987-04-09,1987.0,0.0,FraNchEstYN
1987-04-10,1987.0,0.0,FraNchEstYN
1987-04-11,1987.0,0.0,FraNchEstYN
1987-04-12,1987.0,0.0,FraNchEstYN
1987-04-13,1987.0,0.0,FraNchEstYN
1987-04-14,1987.0,0.0,FraNchEstYN
1987-04-15,1987.0,0.0,FraNchEstYN
1987-04-16,1987.0,0.0,FraNchEstYN
1987-04-17,1987.0,0.0,FraNchEstYN
1987-04-18,1987.0,0.0,FraNchEstYN
1987-04-19,1987.0,0.0,FraNchEstYN
1987-04-20,1987.0,0.0,FraNchEstYN
1987-04-21,1987.0,0.0,FraNchEstYN
1987-04-22,1987.0,0.0,FraNchEstYN
1987-04-23,1987.0,0.0,FraNchEstYN
1987-04-24,1987.0,0.0,FraNchEstYN
1987-04-25,1987.0,0.0,FraNchEstYN
1987-04-26,1987.0,0.0,FraNchEstYN
1987-04-27,1987.0,0.0,FraNchEstYN
1987-04-28,1987.0,0.0,FraNchEstYN
1987-04-29,1987.0,0.0,FraNchEstYN
1987-04-30,1987.0,0.0,FraNchEstYN
1987-05-01,1987.0,0.0,FraNchEstYN
1987-05-02,1987.0,0.0,FraNchEstYN
1987-05-03,1987.0,0.0,FraNchEstYN
1987-05-04,1987.0,0.0,FraNchEstYN
1987-05-05,1987.0,0.0,FraNchEstYN
1987-05-06,1987.0,0.0,FraNchEstYN
1987-05-07,1987.0,0.0,FraNchEstYN
1987-05-08,1987.0,0.0,FraNchEstYN
1987-05-09,1987.0,0.0,FraNchEstYN
1987-05-10,1987.0,0.0,FraNchEstYN
1987-05-11,1987.0,0.0,FraNchEstYN
1987-05-12,1987.0,0.0,FraNchEstYN
1987-05-13,1987.0,0.0,FraNchEstYN
1987-05-14,1987.0,0.0,FraNchEstYN
1987-05-15,1987.0,0.0,FraNchEstYN
1987-05-16,1987.0,0.0,FraNchEstYN
1987-05-17,1987.0,0.0,FraNchEstYN
1987-05-18,1987.0,0.0,FraNchEstYN
1987-05-19,1987.0,0.0,FraNchEstYN
1987-05-20,1987.0,0.0,FraNchEstYN
1987-05-21,1987.0,0.0,FraNchEstYN
1987-05-22,1987.0,0.0,FraNchEstYN
1987-05-23,1987.0,0.0,FraNchEstYN
1987-05-24,1987.0,0.0,FraNchEstYN
1987-05-25,1987.0,0.0,FraNchEstYN
1987-05-26,1987.0,2.231939,FraNchEstYN
1987-05-27,1987.0,2.231939,FraNchEstYN
1987-05-28,1987.0,2.231939,FraNchEstYN
1987-05-29,1987.0,2.231939,FraNchEstYN
1987-05-30,1987.0,2.231939,FraNchEstYN
1987-05-31,1987.0,2.231939,FraNchEstYN
1987-06-01,1987.0,2.231939,FraNchEstYN
1987-06-02,1987.0,2.231939,FraNchEstYN
1987-06-03,1987.0,8.126736399999999,FraNchEstYN
1987-06-04,1987.0,10.588177,FraNchEstYN
1987-06-05,1987.0,10.588177,FraNchEstYN
1987-06-06,1987.0,14.056315,FraNchEstYN
1987-06-07,1987.0,14.056315,FraNchEstYN
1987-06-08,1987.0,14.056315,FraNchEstYN
1987-06-09,1987.0,18.955466,FraNchEstYN
1987-06-10,1987.0,21.186532,FraNchEstYN
1987-06-11,1987.0,21.186532,FraNchEstYN
1987-06-12,1987.0,21.186532,FraNchEstYN
1987-06-13,1987.0,21.186532,FraNchEstYN
1987-06-14,1987.0,23.285179,FraNchEstYN
1987-06-15,1987.0,23.285179,FraNchEstYN
1987-06-16,1987.0,25.115344,FraNchEstYN
1987-06-17,1987.0,27.119895999999997,FraNchEstYN
1987-06-18,1987.0,30.49204,FraNchEstYN
1987-06-19,1987.0,34.112978,FraNchEstYN
1987-06-20,1987.0,35.444385,FraNchEstYN
1987-06-21,1987.0,35.444385,FraNchEstYN
1987-06-22,1987.0,35.444385,FraNchEstYN
1987-06-23,1987.0,35.444385,FraNchEstYN
1987-06-24,1987.0,35.444385,FraNchEstYN
1987-06-25,1987.0,35.560298,FraNchEstYN
1987-06-26,1987.0,35.560298,FraNchEstYN
1987-06-27,1987.0,35.676622,FraNchEstYN
1987-06-28,1987.0,37.164970000000004,FraNchEstYN
1987-06-29,1987.0,37.164970000000004,FraNchEstYN
1987-06-30,1987.0,37.164970000000004,FraNchEstYN
1987-07-01,1987.0,37.299022,FraNchEstYN
1987-07-02,1987.0,37.299022,FraNchEstYN
1987-07-03,1987.0,37.299022,FraNchEstYN
1987-07-04,1987.0,37.455496,FraNchEstYN
1987-07-05,1987.0,38.08015,FraNchEstYN
1987-07-06,1987.0,38.6989,FraNchEstYN
1987-07-07,1987.0,39.03501,FraNchEstYN
1987-07-08,1987.0,39.03501,FraNchEstYN
1987-07-09,1987.0,39.03501,FraNchEstYN
1987-07-10,1987.0,39.174426000000004,FraNchEstYN
1987-07-11,1987.0,39.344484,FraNchEstYN
1987-07-12,1987.0,39.344484,FraNchEstYN
1987-07-13,1987.0,39.344704,FraNchEstYN
1987-07-14,1987.0,39.344704,FraNchEstYN
1987-07-15,1987.0,39.594036,FraNchEstYN
1987-07-16,1987.0,39.889497,FraNchEstYN
1987-07-17,1987.0,40.152234,FraNchEstYN
1987-07-18,1987.0,40.15225,FraNchEstYN
1987-07-19,1987.0,40.152252,FraNchEstYN
1987-07-20,1987.0,40.152258,FraNchEstYN
1987-10-07,1987.0,0.0,FraNchEstYN
1987-10-08,1987.0,0.0,FraNchEstYN
1987-10-09,1987.0,0.0,FraNchEstYN
1987-10-10,1987.0,0.0,FraNchEstYN
1987-10-11,1987.0,0.0,FraNchEstYN
1987-10-12,1987.0,0.0,FraNchEstYN
1987-10-13,1987.0,0.0,FraNchEstYN
1987-10-14,1987.0,0.0,FraNchEstYN
1987-10-15,1987.0,0.0,FraNchEstYN
1987-10-16,1987.0,0.0,FraNchEstYN
1987-10-17,1987.0,0.0,FraNchEstYN
1987-10-18,1987.0,0.0,FraNchEstYN
1987-10-19,1987.0,0.0,FraNchEstYN
1987-10-20,1987.0,0.0,FraNchEstYN
1987-10-21,1987.0,0.0,FraNchEstYN
1987-10-22,1987.0,0.0,FraNchEstYN
1987-10-23,1987.0,0.0,FraNchEstYN
1987-10-24,1987.0,0.0,FraNchEstYN
1987-10-25,1987.0,0.0,FraNchEstYN
1987-10-26,1987.0,0.0,FraNchEstYN
1987-10-27,1987.0,0.0,FraNchEstYN
1987-10-28,1987.0,0.0,FraNchEstYN
1987-10-29,1987.0,0.0,FraNchEstYN
1987-10-30,1987.0,0.0,FraNchEstYN
1987-10-31,1987.0,0.0,FraNchEstYN
1987-11-01,1987.0,0.0,FraNchEstYN
1987-11-02,1987.0,0.0,FraNchEstYN
1987-11-03,1987.0,0.0,FraNchEstYN
1987-11-04,1987.0,0.0,FraNchEstYN
1987-11-05,1987.0,0.0,FraNchEstYN
1987-11-06,1987.0,0.0,FraNchEstYN
1987-11-07,1987.0,0.0,FraNchEstYN
1987-11-08,1987.0,0.0,FraNchEstYN
1987-11-09,1987.0,0.0,FraNchEstYN
1987-11-10,1987.0,0.0,FraNchEstYN
1987-11-11,1987.0,0.0,FraNchEstYN
1987-11-12,1987.0,0.0,FraNchEstYN
1987-11-13,1987.0,0.0,FraNchEstYN
1987-11-14,1987.0,0.0,FraNchEstYN
1987-11-15,1987.0,0.0,FraNchEstYN
1987-11-16,1987.0,0.0,FraNchEstYN
1987-11-17,1987.0,0.0,FraNchEstYN
1987-11-18,1987.0,0.0,FraNchEstYN
1987-11-19,1987.0,0.0,FraNchEstYN
1987-11-20,1987.0,0.0,FraNchEstYN
1987-11-21,1987.0,0.0,FraNchEstYN
1987-11-22,1987.0,0.0,FraNchEstYN
1987-11-23,1987.0,0.0,FraNchEstYN
1987-11-24,1987.0,0.0,FraNchEstYN
1987-11-25,1987.0,0.0,FraNchEstYN
1987-11-26,1987.0,0.0,FraNchEstYN
1987-11-27,1987.0,0.0,FraNchEstYN
1987-11-28,1987.0,0.0,FraNchEstYN
1987-11-29,1987.0,0.0,FraNchEstYN
1987-11-30,1987.0,0.0,FraNchEstYN
1987-12-01,1987.0,0.0,FraNchEstYN
1987-12-02,1987.0,0.0,FraNchEstYN
1987-12-03,1987.0,0.0,FraNchEstYN
1987-12-04,1987.0,0.0,FraNchEstYN
1987-12-05,1987.0,0.0,FraNchEstYN
1987-12-06,1987.0,0.0,FraNchEstYN
1987-12-07,1987.0,0.0,FraNchEstYN
1987-12-08,1987.0,0.0,FraNchEstYN
1987-12-09,1987.0,0.0,FraNchEstYN
1987-12-10,1987.0,0.0,FraNchEstYN
1987-12-11,1987.0,0.0,FraNchEstYN
1987-12-12,1987.0,0.0,FraNchEstYN
1987-12-13,1987.0,0.0,FraNchEstYN
1987-12-14,1987.0,0.0,FraNchEstYN
1987-12-15,1987.0,0.0,FraNchEstYN
1987-12-16,1987.0,0.0,FraNchEstYN
1987-12-17,1987.0,0.0,FraNchEstYN
1987-12-18,1987.0,0.0,FraNchEstYN
1987-12-19,1987.0,0.0,FraNchEstYN
1987-12-20,1987.0,0.0,FraNchEstYN
1987-12-21,1987.0,0.0,FraNchEstYN
1987-12-22,1987.0,0.0,FraNchEstYN
1987-12-23,1987.0,0.0,FraNchEstYN
1987-12-24,1987.0,0.0,FraNchEstYN
1987-12-25,1987.0,0.0,FraNchEstYN
1987-12-26,1987.0,0.0,FraNchEstYN
1987-12-27,1987.0,0.0,FraNchEstYN
1987-12-28,1987.0,0.0,FraNchEstYN
1987-12-29,1987.0,0.0,FraNchEstYN
1987-12-30,1987.0,0.0,FraNchEstYN
1987-12-31,1987.0,0.0,FraNchEstYN
1988-01-01,1988.0,0.0,FraNchEstYN
1988-01-02,1988.0,0.0,FraNchEstYN
1988-01-03,1988.0,0.0,FraNchEstYN
1988-01-04,1988.0,0.0,FraNchEstYN
1988-01-05,1988.0,0.0,FraNchEstYN
1988-01-06,1988.0,0.0,FraNchEstYN
1988-01-07,1988.0,0.0,FraNchEstYN
1988-01-08,1988.0,0.0,FraNchEstYN
1988-01-09,1988.0,0.0,FraNchEstYN
1988-01-10,1988.0,0.0,FraNchEstYN
1988-01-11,1988.0,0.0,FraNchEstYN
1988-01-12,1988.0,0.0,FraNchEstYN
1988-01-13,1988.0,0.0,FraNchEstYN
1988-01-14,1988.0,0.0,FraNchEstYN
1988-01-15,1988.0,0.0,FraNchEstYN
1988-01-16,1988.0,0.0,FraNchEstYN
1988-01-17,1988.0,0.0,FraNchEstYN
1988-01-18,1988.0,0.0,FraNchEstYN
1988-01-19,1988.0,0.0,FraNchEstYN
1988-01-20,1988.0,0.0,FraNchEstYN
1988-01-21,1988.0,0.0,FraNchEstYN
1988-01-22,1988.0,0.0,FraNchEstYN
1988-01-23,1988.0,0.0,FraNchEstYN
1988-01-24,1988.0,0.0,FraNchEstYN
1988-01-25,1988.0,0.0,FraNchEstYN
1988-01-26,1988.0,0.0,FraNchEstYN
1988-01-27,1988.0,0.0,FraNchEstYN
1988-01-28,1988.0,0.0,FraNchEstYN
1988-01-29,1988.0,0.0,FraNchEstYN
1988-01-30,1988.0,0.0,FraNchEstYN
1988-01-31,1988.0,0.0,FraNchEstYN
1988-02-01,1988.0,0.0,FraNchEstYN
1988-02-02,1988.0,0.0,FraNchEstYN
1988-02-03,1988.0,0.0,FraNchEstYN
1988-02-04,1988.0,0.0,FraNchEstYN
1988-02-05,1988.0,0.0,FraNchEstYN
1988-02-06,1988.0,0.0,FraNchEstYN
1988-02-07,1988.0,0.0,FraNchEstYN
1988-02-08,1988.0,0.0,FraNchEstYN
1988-02-09,1988.0,0.0,FraNchEstYN
1988-02-10,1988.0,0.0,FraNchEstYN
1988-02-11,1988.0,0.0,FraNchEstYN
1988-02-12,1988.0,0.0,FraNchEstYN
1988-02-13,1988.0,0.0,FraNchEstYN
1988-02-14,1988.0,0.0,FraNchEstYN
1988-02-15,1988.0,0.0,FraNchEstYN
1988-02-16,1988.0,0.0,FraNchEstYN
1988-02-17,1988.0,0.0,FraNchEstYN
1988-02-18,1988.0,0.0,FraNchEstYN
1988-02-19,1988.0,0.0,FraNchEstYN
1988-02-20,1988.0,0.0,FraNchEstYN
1988-02-21,1988.0,0.0,FraNchEstYN
1988-02-22,1988.0,0.0,FraNchEstYN
1988-02-23,1988.0,0.0,FraNchEstYN
1988-02-24,1988.0,0.0,FraNchEstYN
1988-02-25,1988.0,0.0,FraNchEstYN
1988-02-26,1988.0,0.0,FraNchEstYN
1988-02-27,1988.0,0.0,FraNchEstYN
1988-02-28,1988.0,0.0,FraNchEstYN
1988-02-29,1988.0,0.0,FraNchEstYN
1988-03-01,1988.0,0.0,FraNchEstYN
1988-03-02,1988.0,0.0,FraNchEstYN
1988-03-03,1988.0,0.0,FraNchEstYN
1988-03-04,1988.0,0.0,FraNchEstYN
1988-03-05,1988.0,0.0,FraNchEstYN
1988-03-06,1988.0,0.0,FraNchEstYN
1988-03-07,1988.0,0.0,FraNchEstYN
1988-03-08,1988.0,0.0,FraNchEstYN
1988-03-09,1988.0,0.0,FraNchEstYN
1988-03-10,1988.0,0.0,FraNchEstYN
1988-03-11,1988.0,0.0,FraNchEstYN
1988-03-12,1988.0,0.0,FraNchEstYN
1988-03-13,1988.0,0.0,FraNchEstYN
1988-03-14,1988.0,0.0,FraNchEstYN
1988-03-15,1988.0,0.0,FraNchEstYN
1988-03-16,1988.0,0.0,FraNchEstYN
1988-03-17,1988.0,0.0,FraNchEstYN
1988-03-18,1988.0,0.0,FraNchEstYN
1988-03-19,1988.0,0.0,FraNchEstYN
1988-03-20,1988.0,0.0,FraNchEstYN
1988-03-21,1988.0,0.0,FraNchEstYN
1988-03-22,1988.0,0.0,FraNchEstYN
1988-03-23,1988.0,0.0,FraNchEstYN
1988-03-24,1988.0,0.0,FraNchEstYN
1988-03-25,1988.0,0.0,FraNchEstYN
1988-03-26,1988.0,0.0,FraNchEstYN
1988-03-27,1988.0,0.0,FraNchEstYN
1988-03-28,1988.0,0.0,FraNchEstYN
1988-03-29,1988.0,0.0,FraNchEstYN
1988-03-30,1988.0,0.0,FraNchEstYN
1988-03-31,1988.0,0.0,FraNchEstYN
1988-04-01,1988.0,0.0,FraNchEstYN
1988-04-02,1988.0,0.0,FraNchEstYN
1988-04-03,1988.0,0.0,FraNchEstYN
1988-04-04,1988.0,0.0,FraNchEstYN
1988-04-05,1988.0,0.0,FraNchEstYN
1988-04-06,1988.0,0.0,FraNchEstYN
1988-04-07,1988.0,0.0,FraNchEstYN
1988-04-08,1988.0,0.0,FraNchEstYN
1988-04-09,1988.0,0.0,FraNchEstYN
1988-04-10,1988.0,0.0,FraNchEstYN
1988-04-11,1988.0,0.0,FraNchEstYN
1988-04-12,1988.0,0.0,FraNchEstYN
1988-04-13,1988.0,0.0,FraNchEstYN
1988-04-14,1988.0,0.0,FraNchEstYN
1988-04-15,1988.0,0.0,FraNchEstYN
1988-04-16,1988.0,0.0,FraNchEstYN
1988-04-17,1988.0,0.0,FraNchEstYN
1988-04-18,1988.0,0.0,FraNchEstYN
1988-04-19,1988.0,0.0,FraNchEstYN
1988-04-20,1988.0,0.0,FraNchEstYN
1988-04-21,1988.0,0.0,FraNchEstYN
1988-04-22,1988.0,0.0,FraNchEstYN
1988-04-23,1988.0,0.0,FraNchEstYN
1988-04-24,1988.0,0.0,FraNchEstYN
1988-04-25,1988.0,0.0,FraNchEstYN
1988-04-26,1988.0,0.0,FraNchEstYN
1988-04-27,1988.0,0.0,FraNchEstYN
1988-04-28,1988.0,0.0,FraNchEstYN
1988-04-29,1988.0,0.0,FraNchEstYN
1988-04-30,1988.0,0.0,FraNchEstYN
1988-05-01,1988.0,0.0,FraNchEstYN
1988-05-02,1988.0,0.0,FraNchEstYN
1988-05-03,1988.0,0.0,FraNchEstYN
1988-05-04,1988.0,0.0,FraNchEstYN
1988-05-05,1988.0,0.0,FraNchEstYN
1988-05-06,1988.0,0.0,FraNchEstYN
1988-05-07,1988.0,0.0,FraNchEstYN
1988-05-08,1988.0,0.0,FraNchEstYN
1988-05-09,1988.0,0.0,FraNchEstYN
1988-05-10,1988.0,0.0,FraNchEstYN
1988-05-11,1988.0,0.0,FraNchEstYN
1988-05-12,1988.0,0.0,FraNchEstYN
1988-05-13,1988.0,0.0,FraNchEstYN
1988-05-14,1988.0,0.0,FraNchEstYN
1988-05-15,1988.0,0.0,FraNchEstYN
1988-05-16,1988.0,0.0,FraNchEstYN
1988-05-17,1988.0,1.5639577000000002,FraNchEstYN
1988-05-18,1988.0,1.5639577000000002,FraNchEstYN
1988-05-19,1988.0,1.5639577000000002,FraNchEstYN
1988-05-20,1988.0,1.5639577000000002,FraNchEstYN
1988-05-21,1988.0,1.5639577000000002,FraNchEstYN
1988-05-22,1988.0,1.5639577000000002,FraNchEstYN
1988-05-23,1988.0,1.5639577000000002,FraNchEstYN
1988-05-24,1988.0,3.6072195000000002,FraNchEstYN
1988-05-25,1988.0,3.6072195000000002,FraNchEstYN
1988-05-26,1988.0,8.928838,FraNchEstYN
1988-05-27,1988.0,13.039032,FraNchEstYN
1988-05-28,1988.0,13.039032,FraNchEstYN
1988-05-29,1988.0,18.040779,FraNchEstYN
1988-05-30,1988.0,18.040779,FraNchEstYN
1988-05-31,1988.0,18.040779,FraNchEstYN
1988-06-01,1988.0,18.040779,FraNchEstYN
1988-06-02,1988.0,22.789918,FraNchEstYN
1988-06-03,1988.0,22.789918,FraNchEstYN
1988-06-04,1988.0,22.789918,FraNchEstYN
1988-06-05,1988.0,22.789918,FraNchEstYN
1988-06-06,1988.0,22.789918,FraNchEstYN
1988-06-07,1988.0,22.789918,FraNchEstYN
1988-06-08,1988.0,27.195197,FraNchEstYN
1988-06-09,1988.0,30.775538,FraNchEstYN
1988-06-10,1988.0,30.775538,FraNchEstYN
1988-06-11,1988.0,30.775538,FraNchEstYN
1988-06-12,1988.0,30.775538,FraNchEstYN
1988-06-13,1988.0,30.775538,FraNchEstYN
1988-06-14,1988.0,30.775538,FraNchEstYN
1988-06-15,1988.0,30.775538,FraNchEstYN
1988-06-16,1988.0,30.775538,FraNchEstYN
1988-06-17,1988.0,30.775538,FraNchEstYN
1988-06-18,1988.0,30.775538,FraNchEstYN
1988-06-19,1988.0,30.775538,FraNchEstYN
1988-06-20,1988.0,30.775538,FraNchEstYN
1988-06-21,1988.0,30.775538,FraNchEstYN
1988-06-22,1988.0,30.775538,FraNchEstYN
1988-06-23,1988.0,30.775538,FraNchEstYN
1988-06-24,1988.0,30.775538,FraNchEstYN
1988-06-25,1988.0,30.775538,FraNchEstYN
1988-06-26,1988.0,30.775538,FraNchEstYN
1988-06-27,1988.0,30.775538,FraNchEstYN
1988-06-28,1988.0,33.555794,FraNchEstYN
1988-06-29,1988.0,33.555794,FraNchEstYN
1988-06-30,1988.0,33.555794,FraNchEstYN
1988-07-01,1988.0,33.555794,FraNchEstYN
1988-07-02,1988.0,33.555794,FraNchEstYN
1988-07-03,1988.0,33.555794,FraNchEstYN
1988-07-04,1988.0,33.722878,FraNchEstYN
1988-07-05,1988.0,33.722878,FraNchEstYN
1988-07-06,1988.0,33.722879999999996,FraNchEstYN
1988-07-07,1988.0,33.722879999999996,FraNchEstYN
1988-07-08,1988.0,33.722879999999996,FraNchEstYN
1988-07-09,1988.0,33.722879999999996,FraNchEstYN
1988-07-10,1988.0,33.722879999999996,FraNchEstYN
1988-07-11,1988.0,33.722879999999996,FraNchEstYN
1988-07-12,1988.0,33.84045,FraNchEstYN
1988-07-13,1988.0,33.84045,FraNchEstYN
1988-07-14,1988.0,33.84045,FraNchEstYN
1988-07-15,1988.0,33.84045,FraNchEstYN
1988-07-16,1988.0,33.84045,FraNchEstYN
1988-07-17,1988.0,33.840448,FraNchEstYN
1988-07-18,1988.0,33.840448,FraNchEstYN
1988-07-19,1988.0,34.21495,FraNchEstYN
1988-07-20,1988.0,34.21495,FraNchEstYN
1988-07-21,1988.0,34.21495,FraNchEstYN
1988-07-22,1988.0,34.21495,FraNchEstYN
1988-07-23,1988.0,34.21495,FraNchEstYN
1988-07-24,1988.0,34.21495,FraNchEstYN
1988-10-06,1988.0,0.0,FraNchEstYN
1988-10-07,1988.0,0.0,FraNchEstYN
1988-10-08,1988.0,0.0,FraNchEstYN
1988-10-09,1988.0,0.0,FraNchEstYN
1988-10-10,1988.0,0.0,FraNchEstYN
1988-10-11,1988.0,0.0,FraNchEstYN
1988-10-12,1988.0,0.0,FraNchEstYN
1988-10-13,1988.0,0.0,FraNchEstYN
1988-10-14,1988.0,0.0,FraNchEstYN
1988-10-15,1988.0,0.0,FraNchEstYN
1988-10-16,1988.0,0.0,FraNchEstYN
1988-10-17,1988.0,0.0,FraNchEstYN
1988-10-18,1988.0,0.0,FraNchEstYN
1988-10-19,1988.0,0.0,FraNchEstYN
1988-10-20,1988.0,0.0,FraNchEstYN
1988-10-21,1988.0,0.0,FraNchEstYN
1988-10-22,1988.0,0.0,FraNchEstYN
1988-10-23,1988.0,0.0,FraNchEstYN
1988-10-24,1988.0,0.0,FraNchEstYN
1988-10-25,1988.0,0.0,FraNchEstYN
1988-10-26,1988.0,0.0,FraNchEstYN
1988-10-27,1988.0,0.0,FraNchEstYN
1988-10-28,1988.0,0.0,FraNchEstYN
1988-10-29,1988.0,0.0,FraNchEstYN
1988-10-30,1988.0,0.0,FraNchEstYN
1988-10-31,1988.0,0.0,FraNchEstYN
1988-11-01,1988.0,0.0,FraNchEstYN
1988-11-02,1988.0,0.0,FraNchEstYN
1988-11-03,1988.0,0.0,FraNchEstYN
1988-11-04,1988.0,0.0,FraNchEstYN
1988-11-05,1988.0,0.0,FraNchEstYN
1988-11-06,1988.0,0.0,FraNchEstYN
1988-11-07,1988.0,0.0,FraNchEstYN
1988-11-08,1988.0,0.0,FraNchEstYN
1988-11-09,1988.0,0.0,FraNchEstYN
1988-11-10,1988.0,0.0,FraNchEstYN
1988-11-11,1988.0,0.0,FraNchEstYN
1988-11-12,1988.0,0.0,FraNchEstYN
1988-11-13,1988.0,0.0,FraNchEstYN
1988-11-14,1988.0,0.0,FraNchEstYN
1988-11-15,1988.0,0.0,FraNchEstYN
1988-11-16,1988.0,0.0,FraNchEstYN
1988-11-17,1988.0,0.0,FraNchEstYN
1988-11-18,1988.0,0.0,FraNchEstYN
1988-11-19,1988.0,0.0,FraNchEstYN
1988-11-20,1988.0,0.0,FraNchEstYN
1988-11-21,1988.0,0.0,FraNchEstYN
1988-11-22,1988.0,0.0,FraNchEstYN
1988-11-23,1988.0,0.0,FraNchEstYN
1988-11-24,1988.0,0.0,FraNchEstYN
1988-11-25,1988.0,0.0,FraNchEstYN
1988-11-26,1988.0,0.0,FraNchEstYN
1988-11-27,1988.0,0.0,FraNchEstYN
1988-11-28,1988.0,0.0,FraNchEstYN
1988-11-29,1988.0,0.0,FraNchEstYN
1988-11-30,1988.0,0.0,FraNchEstYN
1988-12-01,1988.0,0.0,FraNchEstYN
1988-12-02,1988.0,0.0,FraNchEstYN
1988-12-03,1988.0,0.0,FraNchEstYN
1988-12-04,1988.0,0.0,FraNchEstYN
1988-12-05,1988.0,0.0,FraNchEstYN
1988-12-06,1988.0,0.0,FraNchEstYN
1988-12-07,1988.0,0.0,FraNchEstYN
1988-12-08,1988.0,0.0,FraNchEstYN
1988-12-09,1988.0,0.0,FraNchEstYN
1988-12-10,1988.0,0.0,FraNchEstYN
1988-12-11,1988.0,0.0,FraNchEstYN
1988-12-12,1988.0,0.0,FraNchEstYN
1988-12-13,1988.0,0.0,FraNchEstYN
1988-12-14,1988.0,0.0,FraNchEstYN
1988-12-15,1988.0,0.0,FraNchEstYN
1988-12-16,1988.0,0.0,FraNchEstYN
1988-12-17,1988.0,0.0,FraNchEstYN
1988-12-18,1988.0,0.0,FraNchEstYN
1988-12-19,1988.0,0.0,FraNchEstYN
1988-12-20,1988.0,0.0,FraNchEstYN
1988-12-21,1988.0,0.0,FraNchEstYN
1988-12-22,1988.0,0.0,FraNchEstYN
1988-12-23,1988.0,0.0,FraNchEstYN
1988-12-24,1988.0,0.0,FraNchEstYN
1988-12-25,1988.0,0.0,FraNchEstYN
1988-12-26,1988.0,0.0,FraNchEstYN
1988-12-27,1988.0,0.0,FraNchEstYN
1988-12-28,1988.0,0.0,FraNchEstYN
1988-12-29,1988.0,0.0,FraNchEstYN
1988-12-30,1988.0,0.0,FraNchEstYN
1988-12-31,1988.0,0.0,FraNchEstYN
1989-01-01,1989.0,0.0,FraNchEstYN
1989-01-02,1989.0,0.0,FraNchEstYN
1989-01-03,1989.0,0.0,FraNchEstYN
1989-01-04,1989.0,0.0,FraNchEstYN
1989-01-05,1989.0,0.0,FraNchEstYN
1989-01-06,1989.0,0.0,FraNchEstYN
1989-01-07,1989.0,0.0,FraNchEstYN
1989-01-08,1989.0,0.0,FraNchEstYN
1989-01-09,1989.0,0.0,FraNchEstYN
1989-01-10,1989.0,0.0,FraNchEstYN
1989-01-11,1989.0,0.0,FraNchEstYN
1989-01-12,1989.0,0.0,FraNchEstYN
1989-01-13,1989.0,0.0,FraNchEstYN
1989-01-14,1989.0,0.0,FraNchEstYN
1989-01-15,1989.0,0.0,FraNchEstYN
1989-01-16,1989.0,0.0,FraNchEstYN
1989-01-17,1989.0,0.0,FraNchEstYN
1989-01-18,1989.0,0.0,FraNchEstYN
1989-01-19,1989.0,0.0,FraNchEstYN
1989-01-20,1989.0,0.0,FraNchEstYN
1989-01-21,1989.0,0.0,FraNchEstYN
1989-01-22,1989.0,0.0,FraNchEstYN
1989-01-23,1989.0,0.0,FraNchEstYN
1989-01-24,1989.0,0.0,FraNchEstYN
1989-01-25,1989.0,0.0,FraNchEstYN
1989-01-26,1989.0,0.0,FraNchEstYN
1989-01-27,1989.0,0.0,FraNchEstYN
1989-01-28,1989.0,0.0,FraNchEstYN
1989-01-29,1989.0,0.0,FraNchEstYN
1989-01-30,1989.0,0.0,FraNchEstYN
1989-01-31,1989.0,0.0,FraNchEstYN
1989-02-01,1989.0,0.0,FraNchEstYN
1989-02-02,1989.0,0.0,FraNchEstYN
1989-02-03,1989.0,0.0,FraNchEstYN
1989-02-04,1989.0,0.0,FraNchEstYN
1989-02-05,1989.0,0.0,FraNchEstYN
1989-02-06,1989.0,0.0,FraNchEstYN
1989-02-07,1989.0,0.0,FraNchEstYN
1989-02-08,1989.0,0.0,FraNchEstYN
1989-02-09,1989.0,0.0,FraNchEstYN
1989-02-10,1989.0,0.0,FraNchEstYN
1989-02-11,1989.0,0.0,FraNchEstYN
1989-02-12,1989.0,0.0,FraNchEstYN
1989-02-13,1989.0,0.0,FraNchEstYN
1989-02-14,1989.0,0.0,FraNchEstYN
1989-02-15,1989.0,0.0,FraNchEstYN
1989-02-16,1989.0,0.0,FraNchEstYN
1989-02-17,1989.0,0.0,FraNchEstYN
1989-02-18,1989.0,0.0,FraNchEstYN
1989-02-19,1989.0,0.0,FraNchEstYN
1989-02-20,1989.0,0.0,FraNchEstYN
1989-02-21,1989.0,0.0,FraNchEstYN
1989-02-22,1989.0,0.0,FraNchEstYN
1989-02-23,1989.0,0.0,FraNchEstYN
1989-02-24,1989.0,0.0,FraNchEstYN
1989-02-25,1989.0,0.0,FraNchEstYN
1989-02-26,1989.0,0.0,FraNchEstYN
1989-02-27,1989.0,0.0,FraNchEstYN
1989-02-28,1989.0,0.0,FraNchEstYN
1989-03-01,1989.0,0.0,FraNchEstYN
1989-03-02,1989.0,0.0,FraNchEstYN
1989-03-03,1989.0,0.0,FraNchEstYN
1989-03-04,1989.0,0.0,FraNchEstYN
1989-03-05,1989.0,0.0,FraNchEstYN
1989-03-06,1989.0,0.0,FraNchEstYN
1989-03-07,1989.0,0.0,FraNchEstYN
1989-03-08,1989.0,0.0,FraNchEstYN
1989-03-09,1989.0,0.0,FraNchEstYN
1989-03-10,1989.0,0.0,FraNchEstYN
1989-03-11,1989.0,0.0,FraNchEstYN
1989-03-12,1989.0,0.0,FraNchEstYN
1989-03-13,1989.0,0.0,FraNchEstYN
1989-03-14,1989.0,0.0,FraNchEstYN
1989-03-15,1989.0,0.0,FraNchEstYN
1989-03-16,1989.0,0.0,FraNchEstYN
1989-03-17,1989.0,0.0,FraNchEstYN
1989-03-18,1989.0,0.0,FraNchEstYN
1989-03-19,1989.0,0.0,FraNchEstYN
1989-03-20,1989.0,0.0,FraNchEstYN
1989-03-21,1989.0,0.0,FraNchEstYN
1989-03-22,1989.0,0.0,FraNchEstYN
1989-03-23,1989.0,0.0,FraNchEstYN
1989-03-24,1989.0,0.0,FraNchEstYN
1989-03-25,1989.0,0.0,FraNchEstYN
1989-03-26,1989.0,0.0,FraNchEstYN
1989-03-27,1989.0,0.0,FraNchEstYN
1989-03-28,1989.0,0.0,FraNchEstYN
1989-03-29,1989.0,0.0,FraNchEstYN
1989-03-30,1989.0,0.0,FraNchEstYN
1989-03-31,1989.0,0.0,FraNchEstYN
1989-04-01,1989.0,0.0,FraNchEstYN
1989-04-02,1989.0,0.0,FraNchEstYN
1989-04-03,1989.0,0.0,FraNchEstYN
1989-04-04,1989.0,0.0,FraNchEstYN
1989-04-05,1989.0,0.0,FraNchEstYN
1989-04-06,1989.0,0.0,FraNchEstYN
1989-04-07,1989.0,0.0,FraNchEstYN
1989-04-08,1989.0,0.0,FraNchEstYN
1989-04-09,1989.0,0.0,FraNchEstYN
1989-04-10,1989.0,0.0,FraNchEstYN
1989-04-11,1989.0,0.0,FraNchEstYN
1989-04-12,1989.0,0.0,FraNchEstYN
1989-04-13,1989.0,0.0,FraNchEstYN
1989-04-14,1989.0,0.0,FraNchEstYN
1989-04-15,1989.0,0.0,FraNchEstYN
1989-04-16,1989.0,0.0,FraNchEstYN
1989-04-17,1989.0,0.0,FraNchEstYN
1989-04-18,1989.0,0.0,FraNchEstYN
1989-04-19,1989.0,0.0,FraNchEstYN
1989-04-20,1989.0,0.0,FraNchEstYN
1989-04-21,1989.0,0.0,FraNchEstYN
1989-04-22,1989.0,0.0,FraNchEstYN
1989-04-23,1989.0,0.0,FraNchEstYN
1989-04-24,1989.0,0.0,FraNchEstYN
1989-04-25,1989.0,0.0,FraNchEstYN
1989-04-26,1989.0,0.0,FraNchEstYN
1989-04-27,1989.0,0.0,FraNchEstYN
1989-04-28,1989.0,0.0,FraNchEstYN
1989-04-29,1989.0,0.0,FraNchEstYN
1989-04-30,1989.0,0.0,FraNchEstYN
1989-05-01,1989.0,0.0,FraNchEstYN
1989-05-02,1989.0,0.0,FraNchEstYN
1989-05-03,1989.0,0.0,FraNchEstYN
1989-05-04,1989.0,0.0,FraNchEstYN
1989-05-05,1989.0,0.0,FraNchEstYN
1989-05-06,1989.0,0.0,FraNchEstYN
1989-05-07,1989.0,0.0,FraNchEstYN
1989-05-08,1989.0,0.0,FraNchEstYN
1989-05-09,1989.0,0.0,FraNchEstYN
1989-05-10,1989.0,0.0,FraNchEstYN
1989-05-11,1989.0,0.0,FraNchEstYN
1989-05-12,1989.0,0.0,FraNchEstYN
1989-05-13,1989.0,0.0,FraNchEstYN
1989-05-14,1989.0,0.0,FraNchEstYN
1989-05-15,1989.0,0.0,FraNchEstYN
1989-05-16,1989.0,0.0,FraNchEstYN
1989-05-17,1989.0,0.0,FraNchEstYN
1989-05-18,1989.0,0.0,FraNchEstYN
1989-05-19,1989.0,0.0,FraNchEstYN
1989-05-20,1989.0,0.0,FraNchEstYN
1989-05-21,1989.0,0.0,FraNchEstYN
1989-05-22,1989.0,0.0,FraNchEstYN
1989-05-23,1989.0,0.0,FraNchEstYN
1989-05-24,1989.0,0.0,FraNchEstYN
1989-05-25,1989.0,0.0,FraNchEstYN
1989-05-26,1989.0,0.0,FraNchEstYN
1989-05-27,1989.0,0.0,FraNchEstYN
1989-05-28,1989.0,0.0,FraNchEstYN
1989-05-29,1989.0,2.1572093,FraNchEstYN
1989-05-30,1989.0,4.0050276,FraNchEstYN
1989-05-31,1989.0,4.0050276,FraNchEstYN
1989-06-01,1989.0,4.0050276,FraNchEstYN
1989-06-02,1989.0,4.0050276,FraNchEstYN
1989-06-03,1989.0,4.0050276,FraNchEstYN
1989-06-04,1989.0,9.7630516,FraNchEstYN
1989-06-05,1989.0,15.147948,FraNchEstYN
1989-06-06,1989.0,15.147948,FraNchEstYN
1989-06-07,1989.0,20.082541000000003,FraNchEstYN
1989-06-08,1989.0,20.082541000000003,FraNchEstYN
1989-06-09,1989.0,20.082541000000003,FraNchEstYN
1989-06-10,1989.0,25.169775,FraNchEstYN
1989-06-11,1989.0,29.609429999999996,FraNchEstYN
1989-06-12,1989.0,29.609429999999996,FraNchEstYN
1989-06-13,1989.0,33.533698,FraNchEstYN
1989-06-14,1989.0,35.769108,FraNchEstYN
1989-06-15,1989.0,38.154027,FraNchEstYN
1989-06-16,1989.0,38.154027,FraNchEstYN
1989-06-17,1989.0,41.727674,FraNchEstYN
1989-06-18,1989.0,45.205780000000004,FraNchEstYN
1989-06-19,1989.0,48.467708,FraNchEstYN
1989-06-20,1989.0,50.209199999999996,FraNchEstYN
1989-06-21,1989.0,50.209199999999996,FraNchEstYN
1989-06-22,1989.0,50.209199999999996,FraNchEstYN
1989-06-23,1989.0,50.209199999999996,FraNchEstYN
1989-06-24,1989.0,50.209199999999996,FraNchEstYN
1989-06-25,1989.0,51.83984,FraNchEstYN
1989-06-26,1989.0,53.11642,FraNchEstYN
1989-06-27,1989.0,53.11642,FraNchEstYN
1989-06-28,1989.0,57.664066999999996,FraNchEstYN
1989-06-29,1989.0,57.66405999999999,FraNchEstYN
1989-06-30,1989.0,59.079015,FraNchEstYN
1989-07-01,1989.0,60.2193,FraNchEstYN
1989-07-02,1989.0,60.84069600000001,FraNchEstYN
1989-07-03,1989.0,61.36085,FraNchEstYN
1989-07-04,1989.0,63.07958,FraNchEstYN
1989-07-05,1989.0,63.467735000000005,FraNchEstYN
1989-07-06,1989.0,63.694525,FraNchEstYN
1989-07-07,1989.0,63.69452,FraNchEstYN
1989-07-08,1989.0,63.69452,FraNchEstYN
1989-07-09,1989.0,63.69452,FraNchEstYN
1989-07-10,1989.0,63.91468999999999,FraNchEstYN
1989-07-11,1989.0,63.91468999999999,FraNchEstYN
1989-07-12,1989.0,63.91468999999999,FraNchEstYN
1989-07-13,1989.0,64.27623,FraNchEstYN
1989-07-14,1989.0,64.283764,FraNchEstYN
1989-07-15,1989.0,64.283764,FraNchEstYN
1989-07-16,1989.0,64.283764,FraNchEstYN
1989-07-17,1989.0,64.283764,FraNchEstYN
1989-07-18,1989.0,64.43858,FraNchEstYN
1989-07-19,1989.0,64.55826,FraNchEstYN
1989-07-20,1989.0,64.55835,FraNchEstYN
1989-07-21,1989.0,64.558375,FraNchEstYN
1989-07-22,1989.0,64.558375,FraNchEstYN
1989-07-23,1989.0,64.558375,FraNchEstYN
1989-07-24,1989.0,64.558375,FraNchEstYN
1989-07-25,1989.0,64.558375,FraNchEstYN
1989-07-26,1989.0,64.558375,FraNchEstYN
1989-07-27,1989.0,64.558375,FraNchEstYN
1989-07-28,1989.0,64.558375,FraNchEstYN
1989-07-29,1989.0,64.558375,FraNchEstYN
1989-07-30,1989.0,64.558375,FraNchEstYN
1989-10-02,1989.0,0.0,FraNchEstYN
1989-10-03,1989.0,0.0,FraNchEstYN
1989-10-04,1989.0,0.0,FraNchEstYN
1989-10-05,1989.0,0.0,FraNchEstYN
1989-10-06,1989.0,0.0,FraNchEstYN
1989-10-07,1989.0,0.0,FraNchEstYN
1989-10-08,1989.0,0.0,FraNchEstYN
1989-10-09,1989.0,0.0,FraNchEstYN
1989-10-10,1989.0,0.0,FraNchEstYN
1989-10-11,1989.0,0.0,FraNchEstYN
1989-10-12,1989.0,0.0,FraNchEstYN
1989-10-13,1989.0,0.0,FraNchEstYN
1989-10-14,1989.0,0.0,FraNchEstYN
1989-10-15,1989.0,0.0,FraNchEstYN
1989-10-16,1989.0,0.0,FraNchEstYN
1989-10-17,1989.0,0.0,FraNchEstYN
1989-10-18,1989.0,0.0,FraNchEstYN
1989-10-19,1989.0,0.0,FraNchEstYN
1989-10-20,1989.0,0.0,FraNchEstYN
1989-10-21,1989.0,0.0,FraNchEstYN
1989-10-22,1989.0,0.0,FraNchEstYN
1989-10-23,1989.0,0.0,FraNchEstYN
1989-10-24,1989.0,0.0,FraNchEstYN
1989-10-25,1989.0,0.0,FraNchEstYN
1989-10-26,1989.0,0.0,FraNchEstYN
1989-10-27,1989.0,0.0,FraNchEstYN
1989-10-28,1989.0,0.0,FraNchEstYN
1989-10-29,1989.0,0.0,FraNchEstYN
1989-10-30,1989.0,0.0,FraNchEstYN
1989-10-31,1989.0,0.0,FraNchEstYN
1989-11-01,1989.0,0.0,FraNchEstYN
1989-11-02,1989.0,0.0,FraNchEstYN
1989-11-03,1989.0,0.0,FraNchEstYN
1989-11-04,1989.0,0.0,FraNchEstYN
1989-11-05,1989.0,0.0,FraNchEstYN
1989-11-06,1989.0,0.0,FraNchEstYN
1989-11-07,1989.0,0.0,FraNchEstYN
1989-11-08,1989.0,0.0,FraNchEstYN
1989-11-09,1989.0,0.0,FraNchEstYN
1989-11-10,1989.0,0.0,FraNchEstYN
1989-11-11,1989.0,0.0,FraNchEstYN
1989-11-12,1989.0,0.0,FraNchEstYN
1989-11-13,1989.0,0.0,FraNchEstYN
1989-11-14,1989.0,0.0,FraNchEstYN
1989-11-15,1989.0,0.0,FraNchEstYN
1989-11-16,1989.0,0.0,FraNchEstYN
1989-11-17,1989.0,0.0,FraNchEstYN
1989-11-18,1989.0,0.0,FraNchEstYN
1989-11-19,1989.0,0.0,FraNchEstYN
1989-11-20,1989.0,0.0,FraNchEstYN
1989-11-21,1989.0,0.0,FraNchEstYN
1989-11-22,1989.0,0.0,FraNchEstYN
1989-11-23,1989.0,0.0,FraNchEstYN
1989-11-24,1989.0,0.0,FraNchEstYN
1989-11-25,1989.0,0.0,FraNchEstYN
1989-11-26,1989.0,0.0,FraNchEstYN
1989-11-27,1989.0,0.0,FraNchEstYN
1989-11-28,1989.0,0.0,FraNchEstYN
1989-11-29,1989.0,0.0,FraNchEstYN
1989-11-30,1989.0,0.0,FraNchEstYN
1989-12-01,1989.0,0.0,FraNchEstYN
1989-12-02,1989.0,0.0,FraNchEstYN
1989-12-03,1989.0,0.0,FraNchEstYN
1989-12-04,1989.0,0.0,FraNchEstYN
1989-12-05,1989.0,0.0,FraNchEstYN
1989-12-06,1989.0,0.0,FraNchEstYN
1989-12-07,1989.0,0.0,FraNchEstYN
1989-12-08,1989.0,0.0,FraNchEstYN
1989-12-09,1989.0,0.0,FraNchEstYN
1989-12-10,1989.0,0.0,FraNchEstYN
1989-12-11,1989.0,0.0,FraNchEstYN
1989-12-12,1989.0,0.0,FraNchEstYN
1989-12-13,1989.0,0.0,FraNchEstYN
1989-12-14,1989.0,0.0,FraNchEstYN
1989-12-15,1989.0,0.0,FraNchEstYN
1989-12-16,1989.0,0.0,FraNchEstYN
1989-12-17,1989.0,0.0,FraNchEstYN
1989-12-18,1989.0,0.0,FraNchEstYN
1989-12-19,1989.0,0.0,FraNchEstYN
1989-12-20,1989.0,0.0,FraNchEstYN
1989-12-21,1989.0,0.0,FraNchEstYN
1989-12-22,1989.0,0.0,FraNchEstYN
1989-12-23,1989.0,0.0,FraNchEstYN
1989-12-24,1989.0,0.0,FraNchEstYN
1989-12-25,1989.0,0.0,FraNchEstYN
1989-12-26,1989.0,0.0,FraNchEstYN
1989-12-27,1989.0,0.0,FraNchEstYN
1989-12-28,1989.0,0.0,FraNchEstYN
1989-12-29,1989.0,0.0,FraNchEstYN
1989-12-30,1989.0,0.0,FraNchEstYN
1989-12-31,1989.0,0.0,FraNchEstYN
1990-01-01,1990.0,0.0,FraNchEstYN
1990-01-02,1990.0,0.0,FraNchEstYN
1990-01-03,1990.0,0.0,FraNchEstYN
1990-01-04,1990.0,0.0,FraNchEstYN
1990-01-05,1990.0,0.0,FraNchEstYN
1990-01-06,1990.0,0.0,FraNchEstYN
1990-01-07,1990.0,0.0,FraNchEstYN
1990-01-08,1990.0,0.0,FraNchEstYN
1990-01-09,1990.0,0.0,FraNchEstYN
1990-01-10,1990.0,0.0,FraNchEstYN
1990-01-11,1990.0,0.0,FraNchEstYN
1990-01-12,1990.0,0.0,FraNchEstYN
1990-01-13,1990.0,0.0,FraNchEstYN
1990-01-14,1990.0,0.0,FraNchEstYN
1990-01-15,1990.0,0.0,FraNchEstYN
1990-01-16,1990.0,0.0,FraNchEstYN
1990-01-17,1990.0,0.0,FraNchEstYN
1990-01-18,1990.0,0.0,FraNchEstYN
1990-01-19,1990.0,0.0,FraNchEstYN
1990-01-20,1990.0,0.0,FraNchEstYN
1990-01-21,1990.0,0.0,FraNchEstYN
1990-01-22,1990.0,0.0,FraNchEstYN
1990-01-23,1990.0,0.0,FraNchEstYN
1990-01-24,1990.0,0.0,FraNchEstYN
1990-01-25,1990.0,0.0,FraNchEstYN
1990-01-26,1990.0,0.0,FraNchEstYN
1990-01-27,1990.0,0.0,FraNchEstYN
1990-01-28,1990.0,0.0,FraNchEstYN
1990-01-29,1990.0,0.0,FraNchEstYN
1990-01-30,1990.0,0.0,FraNchEstYN
1990-01-31,1990.0,0.0,FraNchEstYN
1990-02-01,1990.0,0.0,FraNchEstYN
1990-02-02,1990.0,0.0,FraNchEstYN
1990-02-03,1990.0,0.0,FraNchEstYN
1990-02-04,1990.0,0.0,FraNchEstYN
1990-02-05,1990.0,0.0,FraNchEstYN
1990-02-06,1990.0,0.0,FraNchEstYN
1990-02-07,1990.0,0.0,FraNchEstYN
1990-02-08,1990.0,0.0,FraNchEstYN
1990-02-09,1990.0,0.0,FraNchEstYN
1990-02-10,1990.0,0.0,FraNchEstYN
1990-02-11,1990.0,0.0,FraNchEstYN
1990-02-12,1990.0,0.0,FraNchEstYN
1990-02-13,1990.0,0.0,FraNchEstYN
1990-02-14,1990.0,0.0,FraNchEstYN
1990-02-15,1990.0,0.0,FraNchEstYN
1990-02-16,1990.0,0.0,FraNchEstYN
1990-02-17,1990.0,0.0,FraNchEstYN
1990-02-18,1990.0,0.0,FraNchEstYN
1990-02-19,1990.0,0.0,FraNchEstYN
1990-02-20,1990.0,0.0,FraNchEstYN
1990-02-21,1990.0,0.0,FraNchEstYN
1990-02-22,1990.0,0.0,FraNchEstYN
1990-02-23,1990.0,0.0,FraNchEstYN
1990-02-24,1990.0,0.0,FraNchEstYN
1990-02-25,1990.0,0.0,FraNchEstYN
1990-02-26,1990.0,0.0,FraNchEstYN
1990-02-27,1990.0,0.0,FraNchEstYN
1990-02-28,1990.0,0.0,FraNchEstYN
1990-03-01,1990.0,0.0,FraNchEstYN
1990-03-02,1990.0,0.0,FraNchEstYN
1990-03-03,1990.0,0.0,FraNchEstYN
1990-03-04,1990.0,0.0,FraNchEstYN
1990-03-05,1990.0,0.0,FraNchEstYN
1990-03-06,1990.0,0.0,FraNchEstYN
1990-03-07,1990.0,0.0,FraNchEstYN
1990-03-08,1990.0,0.0,FraNchEstYN
1990-03-09,1990.0,0.0,FraNchEstYN
1990-03-10,1990.0,0.0,FraNchEstYN
1990-03-11,1990.0,0.0,FraNchEstYN
1990-03-12,1990.0,0.0,FraNchEstYN
1990-03-13,1990.0,0.0,FraNchEstYN
1990-03-14,1990.0,0.0,FraNchEstYN
1990-03-15,1990.0,0.0,FraNchEstYN
1990-03-16,1990.0,0.0,FraNchEstYN
1990-03-17,1990.0,0.0,FraNchEstYN
1990-03-18,1990.0,0.0,FraNchEstYN
1990-03-19,1990.0,0.0,FraNchEstYN
1990-03-20,1990.0,0.0,FraNchEstYN
1990-03-21,1990.0,0.0,FraNchEstYN
1990-03-22,1990.0,0.0,FraNchEstYN
1990-03-23,1990.0,0.0,FraNchEstYN
1990-03-24,1990.0,0.0,FraNchEstYN
1990-03-25,1990.0,0.0,FraNchEstYN
1990-03-26,1990.0,0.0,FraNchEstYN
1990-03-27,1990.0,0.0,FraNchEstYN
1990-03-28,1990.0,0.0,FraNchEstYN
1990-03-29,1990.0,0.0,FraNchEstYN
1990-03-30,1990.0,0.0,FraNchEstYN
1990-03-31,1990.0,0.0,FraNchEstYN
1990-04-01,1990.0,0.0,FraNchEstYN
1990-04-02,1990.0,0.0,FraNchEstYN
1990-04-03,1990.0,0.0,FraNchEstYN
1990-04-04,1990.0,0.0,FraNchEstYN
1990-04-05,1990.0,0.0,FraNchEstYN
1990-04-06,1990.0,0.0,FraNchEstYN
1990-04-07,1990.0,0.0,FraNchEstYN
1990-04-08,1990.0,0.0,FraNchEstYN
1990-04-09,1990.0,0.0,FraNchEstYN
1990-04-10,1990.0,0.0,FraNchEstYN
1990-04-11,1990.0,0.0,FraNchEstYN
1990-04-12,1990.0,0.0,FraNchEstYN
1990-04-13,1990.0,0.0,FraNchEstYN
1990-04-14,1990.0,0.0,FraNchEstYN
1990-04-15,1990.0,0.0,FraNchEstYN
1990-04-16,1990.0,0.0,FraNchEstYN
1990-04-17,1990.0,0.0,FraNchEstYN
1990-04-18,1990.0,0.0,FraNchEstYN
1990-04-19,1990.0,0.0,FraNchEstYN
1990-04-20,1990.0,0.0,FraNchEstYN
1990-04-21,1990.0,0.0,FraNchEstYN
1990-04-22,1990.0,0.0,FraNchEstYN
1990-04-23,1990.0,0.0,FraNchEstYN
1990-04-24,1990.0,0.0,FraNchEstYN
1990-04-25,1990.0,0.0,FraNchEstYN
1990-04-26,1990.0,0.0,FraNchEstYN
1990-04-27,1990.0,0.0,FraNchEstYN
1990-04-28,1990.0,0.0,FraNchEstYN
1990-04-29,1990.0,0.0,FraNchEstYN
1990-04-30,1990.0,0.0,FraNchEstYN
1990-05-01,1990.0,0.0,FraNchEstYN
1990-05-02,1990.0,0.0,FraNchEstYN
1990-05-03,1990.0,0.0,FraNchEstYN
1990-05-04,1990.0,0.0,FraNchEstYN
1990-05-05,1990.0,0.0,FraNchEstYN
1990-05-06,1990.0,0.0,FraNchEstYN
1990-05-07,1990.0,0.0,FraNchEstYN
1990-05-08,1990.0,0.0,FraNchEstYN
1990-05-09,1990.0,2.5204986,FraNchEstYN
1990-05-10,1990.0,4.0911987,FraNchEstYN
1990-05-11,1990.0,4.0911987,FraNchEstYN
1990-05-12,1990.0,4.0911987,FraNchEstYN
1990-05-13,1990.0,4.0911987,FraNchEstYN
1990-05-14,1990.0,4.0911987,FraNchEstYN
1990-05-15,1990.0,4.0911987,FraNchEstYN
1990-05-16,1990.0,4.0911987,FraNchEstYN
1990-05-17,1990.0,6.1217554,FraNchEstYN
1990-05-18,1990.0,8.252761,FraNchEstYN
1990-05-19,1990.0,13.890030000000001,FraNchEstYN
1990-05-20,1990.0,13.890030000000001,FraNchEstYN
1990-05-21,1990.0,18.39497,FraNchEstYN
1990-05-22,1990.0,18.39497,FraNchEstYN
1990-05-23,1990.0,18.39497,FraNchEstYN
1990-05-24,1990.0,20.702657,FraNchEstYN
1990-05-25,1990.0,24.234465,FraNchEstYN
1990-05-26,1990.0,26.993045,FraNchEstYN
1990-05-27,1990.0,26.993045,FraNchEstYN
1990-05-28,1990.0,26.993045,FraNchEstYN
1990-05-29,1990.0,28.897855,FraNchEstYN
1990-05-30,1990.0,31.631525999999997,FraNchEstYN
1990-05-31,1990.0,33.973673,FraNchEstYN
1990-06-01,1990.0,36.280590000000004,FraNchEstYN
1990-06-02,1990.0,40.146732,FraNchEstYN
1990-06-03,1990.0,43.839663,FraNchEstYN
1990-06-04,1990.0,43.839663,FraNchEstYN
1990-06-05,1990.0,46.781006000000005,FraNchEstYN
1990-06-06,1990.0,46.781006000000005,FraNchEstYN
1990-06-07,1990.0,46.841,FraNchEstYN
1990-06-08,1990.0,50.14480999999999,FraNchEstYN
1990-06-09,1990.0,51.6412,FraNchEstYN
1990-06-10,1990.0,51.6412,FraNchEstYN
1990-06-11,1990.0,54.09990500000001,FraNchEstYN
1990-06-12,1990.0,56.10653,FraNchEstYN
1990-06-13,1990.0,56.10653,FraNchEstYN
1990-06-14,1990.0,56.920564,FraNchEstYN
1990-06-15,1990.0,56.920564,FraNchEstYN
1990-06-16,1990.0,56.920564,FraNchEstYN
1990-06-17,1990.0,56.920564,FraNchEstYN
1990-06-18,1990.0,58.43334,FraNchEstYN
1990-06-19,1990.0,60.33462000000001,FraNchEstYN
1990-06-20,1990.0,60.70497,FraNchEstYN
1990-06-21,1990.0,61.1182,FraNchEstYN
1990-06-22,1990.0,61.298759999999994,FraNchEstYN
1990-06-23,1990.0,62.30293999999999,FraNchEstYN
1990-06-24,1990.0,63.127880000000005,FraNchEstYN
1990-06-25,1990.0,63.21217,FraNchEstYN
1990-06-26,1990.0,63.21217,FraNchEstYN
1990-06-27,1990.0,63.21217,FraNchEstYN
1990-06-28,1990.0,63.21217,FraNchEstYN
1990-06-29,1990.0,63.56559000000001,FraNchEstYN
1990-06-30,1990.0,63.56559000000001,FraNchEstYN
1990-07-01,1990.0,63.565594000000004,FraNchEstYN
1990-07-02,1990.0,63.62698,FraNchEstYN
1990-07-03,1990.0,63.692087,FraNchEstYN
1990-07-04,1990.0,63.692087,FraNchEstYN
1990-07-05,1990.0,63.692087,FraNchEstYN
1990-07-06,1990.0,63.77741999999999,FraNchEstYN
1990-07-07,1990.0,63.78924,FraNchEstYN
1990-07-08,1990.0,63.789249999999996,FraNchEstYN
1990-07-09,1990.0,63.789249999999996,FraNchEstYN
1990-07-10,1990.0,63.78924,FraNchEstYN
1990-07-11,1990.0,63.78924,FraNchEstYN
1990-07-12,1990.0,63.78924,FraNchEstYN
1990-07-13,1990.0,63.789249999999996,FraNchEstYN
1990-07-14,1990.0,63.789249999999996,FraNchEstYN
1990-07-15,1990.0,63.789249999999996,FraNchEstYN
1990-07-16,1990.0,63.789249999999996,FraNchEstYN
1990-07-17,1990.0,63.789249999999996,FraNchEstYN
1990-10-01,1990.0,0.0,FraNchEstYN
1990-10-02,1990.0,0.0,FraNchEstYN
1990-10-03,1990.0,0.0,FraNchEstYN
1990-10-04,1990.0,0.0,FraNchEstYN
1990-10-05,1990.0,0.0,FraNchEstYN
1990-10-06,1990.0,0.0,FraNchEstYN
1990-10-07,1990.0,0.0,FraNchEstYN
1990-10-08,1990.0,0.0,FraNchEstYN
1990-10-09,1990.0,0.0,FraNchEstYN
1990-10-10,1990.0,0.0,FraNchEstYN
1990-10-11,1990.0,0.0,FraNchEstYN
1990-10-12,1990.0,0.0,FraNchEstYN
1990-10-13,1990.0,0.0,FraNchEstYN
1990-10-14,1990.0,0.0,FraNchEstYN
1990-10-15,1990.0,0.0,FraNchEstYN
1990-10-16,1990.0,0.0,FraNchEstYN
1990-10-17,1990.0,0.0,FraNchEstYN
1990-10-18,1990.0,0.0,FraNchEstYN
1990-10-19,1990.0,0.0,FraNchEstYN
1990-10-20,1990.0,0.0,FraNchEstYN
1990-10-21,1990.0,0.0,FraNchEstYN
1990-10-22,1990.0,0.0,FraNchEstYN
1990-10-23,1990.0,0.0,FraNchEstYN
1990-10-24,1990.0,0.0,FraNchEstYN
1990-10-25,1990.0,0.0,FraNchEstYN
1990-10-26,1990.0,0.0,FraNchEstYN
1990-10-27,1990.0,0.0,FraNchEstYN
1990-10-28,1990.0,0.0,FraNchEstYN
1990-10-29,1990.0,0.0,FraNchEstYN
1990-10-30,1990.0,0.0,FraNchEstYN
1990-10-31,1990.0,0.0,FraNchEstYN
1990-11-01,1990.0,0.0,FraNchEstYN
1990-11-02,1990.0,0.0,FraNchEstYN
1990-11-03,1990.0,0.0,FraNchEstYN
1990-11-04,1990.0,0.0,FraNchEstYN
1990-11-05,1990.0,0.0,FraNchEstYN
1990-11-06,1990.0,0.0,FraNchEstYN
1990-11-07,1990.0,0.0,FraNchEstYN
1990-11-08,1990.0,0.0,FraNchEstYN
1990-11-09,1990.0,0.0,FraNchEstYN
1990-11-10,1990.0,0.0,FraNchEstYN
1990-11-11,1990.0,0.0,FraNchEstYN
1990-11-12,1990.0,0.0,FraNchEstYN
1990-11-13,1990.0,0.0,FraNchEstYN
1990-11-14,1990.0,0.0,FraNchEstYN
1990-11-15,1990.0,0.0,FraNchEstYN
1990-11-16,1990.0,0.0,FraNchEstYN
1990-11-17,1990.0,0.0,FraNchEstYN
1990-11-18,1990.0,0.0,FraNchEstYN
1990-11-19,1990.0,0.0,FraNchEstYN
1990-11-20,1990.0,0.0,FraNchEstYN
1990-11-21,1990.0,0.0,FraNchEstYN
1990-11-22,1990.0,0.0,FraNchEstYN
1990-11-23,1990.0,0.0,FraNchEstYN
1990-11-24,1990.0,0.0,FraNchEstYN
1990-11-25,1990.0,0.0,FraNchEstYN
1990-11-26,1990.0,0.0,FraNchEstYN
1990-11-27,1990.0,0.0,FraNchEstYN
1990-11-28,1990.0,0.0,FraNchEstYN
1990-11-29,1990.0,0.0,FraNchEstYN
1990-11-30,1990.0,0.0,FraNchEstYN
1990-12-01,1990.0,0.0,FraNchEstYN
1990-12-02,1990.0,0.0,FraNchEstYN
1990-12-03,1990.0,0.0,FraNchEstYN
1990-12-04,1990.0,0.0,FraNchEstYN
1990-12-05,1990.0,0.0,FraNchEstYN
1990-12-06,1990.0,0.0,FraNchEstYN
1990-12-07,1990.0,0.0,FraNchEstYN
1990-12-08,1990.0,0.0,FraNchEstYN
1990-12-09,1990.0,0.0,FraNchEstYN
1990-12-10,1990.0,0.0,FraNchEstYN
1990-12-11,1990.0,0.0,FraNchEstYN
1990-12-12,1990.0,0.0,FraNchEstYN
1990-12-13,1990.0,0.0,FraNchEstYN
1990-12-14,1990.0,0.0,FraNchEstYN
1990-12-15,1990.0,0.0,FraNchEstYN
1990-12-16,1990.0,0.0,FraNchEstYN
1990-12-17,1990.0,0.0,FraNchEstYN
1990-12-18,1990.0,0.0,FraNchEstYN
1990-12-19,1990.0,0.0,FraNchEstYN
1990-12-20,1990.0,0.0,FraNchEstYN
1990-12-21,1990.0,0.0,FraNchEstYN
1990-12-22,1990.0,0.0,FraNchEstYN
1990-12-23,1990.0,0.0,FraNchEstYN
1990-12-24,1990.0,0.0,FraNchEstYN
1990-12-25,1990.0,0.0,FraNchEstYN
1990-12-26,1990.0,0.0,FraNchEstYN
1990-12-27,1990.0,0.0,FraNchEstYN
1990-12-28,1990.0,0.0,FraNchEstYN
1990-12-29,1990.0,0.0,FraNchEstYN
1990-12-30,1990.0,0.0,FraNchEstYN
1990-12-31,1990.0,0.0,FraNchEstYN
1991-01-01,1991.0,0.0,FraNchEstYN
1991-01-02,1991.0,0.0,FraNchEstYN
1991-01-03,1991.0,0.0,FraNchEstYN
1991-01-04,1991.0,0.0,FraNchEstYN
1991-01-05,1991.0,0.0,FraNchEstYN
1991-01-06,1991.0,0.0,FraNchEstYN
1991-01-07,1991.0,0.0,FraNchEstYN
1991-01-08,1991.0,0.0,FraNchEstYN
1991-01-09,1991.0,0.0,FraNchEstYN
1991-01-10,1991.0,0.0,FraNchEstYN
1991-01-11,1991.0,0.0,FraNchEstYN
1991-01-12,1991.0,0.0,FraNchEstYN
1991-01-13,1991.0,0.0,FraNchEstYN
1991-01-14,1991.0,0.0,FraNchEstYN
1991-01-15,1991.0,0.0,FraNchEstYN
1991-01-16,1991.0,0.0,FraNchEstYN
1991-01-17,1991.0,0.0,FraNchEstYN
1991-01-18,1991.0,0.0,FraNchEstYN
1991-01-19,1991.0,0.0,FraNchEstYN
1991-01-20,1991.0,0.0,FraNchEstYN
1991-01-21,1991.0,0.0,FraNchEstYN
1991-01-22,1991.0,0.0,FraNchEstYN
1991-01-23,1991.0,0.0,FraNchEstYN
1991-01-24,1991.0,0.0,FraNchEstYN
1991-01-25,1991.0,0.0,FraNchEstYN
1991-01-26,1991.0,0.0,FraNchEstYN
1991-01-27,1991.0,0.0,FraNchEstYN
1991-01-28,1991.0,0.0,FraNchEstYN
1991-01-29,1991.0,0.0,FraNchEstYN
1991-01-30,1991.0,0.0,FraNchEstYN
1991-01-31,1991.0,0.0,FraNchEstYN
1991-02-01,1991.0,0.0,FraNchEstYN
1991-02-02,1991.0,0.0,FraNchEstYN
1991-02-03,1991.0,0.0,FraNchEstYN
1991-02-04,1991.0,0.0,FraNchEstYN
1991-02-05,1991.0,0.0,FraNchEstYN
1991-02-06,1991.0,0.0,FraNchEstYN
1991-02-07,1991.0,0.0,FraNchEstYN
1991-02-08,1991.0,0.0,FraNchEstYN
1991-02-09,1991.0,0.0,FraNchEstYN
1991-02-10,1991.0,0.0,FraNchEstYN
1991-02-11,1991.0,0.0,FraNchEstYN
1991-02-12,1991.0,0.0,FraNchEstYN
1991-02-13,1991.0,0.0,FraNchEstYN
1991-02-14,1991.0,0.0,FraNchEstYN
1991-02-15,1991.0,0.0,FraNchEstYN
1991-02-16,1991.0,0.0,FraNchEstYN
1991-02-17,1991.0,0.0,FraNchEstYN
1991-02-18,1991.0,0.0,FraNchEstYN
1991-02-19,1991.0,0.0,FraNchEstYN
1991-02-20,1991.0,0.0,FraNchEstYN
1991-02-21,1991.0,0.0,FraNchEstYN
1991-02-22,1991.0,0.0,FraNchEstYN
1991-02-23,1991.0,0.0,FraNchEstYN
1991-02-24,1991.0,0.0,FraNchEstYN
1991-02-25,1991.0,0.0,FraNchEstYN
1991-02-26,1991.0,0.0,FraNchEstYN
1991-02-27,1991.0,0.0,FraNchEstYN
1991-02-28,1991.0,0.0,FraNchEstYN
1991-03-01,1991.0,0.0,FraNchEstYN
1991-03-02,1991.0,0.0,FraNchEstYN
1991-03-03,1991.0,0.0,FraNchEstYN
1991-03-04,1991.0,0.0,FraNchEstYN
1991-03-05,1991.0,0.0,FraNchEstYN
1991-03-06,1991.0,0.0,FraNchEstYN
1991-03-07,1991.0,0.0,FraNchEstYN
1991-03-08,1991.0,0.0,FraNchEstYN
1991-03-09,1991.0,0.0,FraNchEstYN
1991-03-10,1991.0,0.0,FraNchEstYN
1991-03-11,1991.0,0.0,FraNchEstYN
1991-03-12,1991.0,0.0,FraNchEstYN
1991-03-13,1991.0,0.0,FraNchEstYN
1991-03-14,1991.0,0.0,FraNchEstYN
1991-03-15,1991.0,0.0,FraNchEstYN
1991-03-16,1991.0,0.0,FraNchEstYN
1991-03-17,1991.0,0.0,FraNchEstYN
1991-03-18,1991.0,0.0,FraNchEstYN
1991-03-19,1991.0,0.0,FraNchEstYN
1991-03-20,1991.0,0.0,FraNchEstYN
1991-03-21,1991.0,0.0,FraNchEstYN
1991-03-22,1991.0,0.0,FraNchEstYN
1991-03-23,1991.0,0.0,FraNchEstYN
1991-03-24,1991.0,0.0,FraNchEstYN
1991-03-25,1991.0,0.0,FraNchEstYN
1991-03-26,1991.0,0.0,FraNchEstYN
1991-03-27,1991.0,0.0,FraNchEstYN
1991-03-28,1991.0,0.0,FraNchEstYN
1991-03-29,1991.0,0.0,FraNchEstYN
1991-03-30,1991.0,0.0,FraNchEstYN
1991-03-31,1991.0,0.0,FraNchEstYN
1991-04-01,1991.0,0.0,FraNchEstYN
1991-04-02,1991.0,0.0,FraNchEstYN
1991-04-03,1991.0,0.0,FraNchEstYN
1991-04-04,1991.0,0.0,FraNchEstYN
1991-04-05,1991.0,0.0,FraNchEstYN
1991-04-06,1991.0,0.0,FraNchEstYN
1991-04-07,1991.0,0.0,FraNchEstYN
1991-04-08,1991.0,0.0,FraNchEstYN
1991-04-09,1991.0,0.0,FraNchEstYN
1991-04-10,1991.0,0.0,FraNchEstYN
1991-04-11,1991.0,0.0,FraNchEstYN
1991-04-12,1991.0,0.0,FraNchEstYN
1991-04-13,1991.0,0.0,FraNchEstYN
1991-04-14,1991.0,0.0,FraNchEstYN
1991-04-15,1991.0,0.0,FraNchEstYN
1991-04-16,1991.0,0.0,FraNchEstYN
1991-04-17,1991.0,0.0,FraNchEstYN
1991-04-18,1991.0,0.0,FraNchEstYN
1991-04-19,1991.0,0.0,FraNchEstYN
1991-04-20,1991.0,0.0,FraNchEstYN
1991-04-21,1991.0,0.0,FraNchEstYN
1991-04-22,1991.0,0.0,FraNchEstYN
1991-04-23,1991.0,0.0,FraNchEstYN
1991-04-24,1991.0,0.0,FraNchEstYN
1991-04-25,1991.0,0.0,FraNchEstYN
1991-04-26,1991.0,0.0,FraNchEstYN
1991-04-27,1991.0,0.0,FraNchEstYN
1991-04-28,1991.0,2.734715,FraNchEstYN
1991-04-29,1991.0,2.734715,FraNchEstYN
1991-04-30,1991.0,4.627573,FraNchEstYN
1991-05-01,1991.0,4.627573,FraNchEstYN
1991-05-02,1991.0,4.627573,FraNchEstYN
1991-05-03,1991.0,4.627573,FraNchEstYN
1991-05-04,1991.0,4.627573,FraNchEstYN
1991-05-05,1991.0,9.073731,FraNchEstYN
1991-05-06,1991.0,9.073731,FraNchEstYN
1991-05-07,1991.0,9.073731,FraNchEstYN
1991-05-08,1991.0,11.767323000000001,FraNchEstYN
1991-05-09,1991.0,18.709874000000003,FraNchEstYN
1991-05-10,1991.0,18.709874000000003,FraNchEstYN
1991-05-11,1991.0,18.709874000000003,FraNchEstYN
1991-05-12,1991.0,20.499754,FraNchEstYN
1991-05-13,1991.0,22.832209,FraNchEstYN
1991-05-14,1991.0,26.272476,FraNchEstYN
1991-05-15,1991.0,28.495055,FraNchEstYN
1991-05-16,1991.0,33.112678,FraNchEstYN
1991-05-17,1991.0,33.112678,FraNchEstYN
1991-05-18,1991.0,33.141622,FraNchEstYN
1991-05-19,1991.0,33.141622,FraNchEstYN
1991-05-20,1991.0,36.359291999999996,FraNchEstYN
1991-05-21,1991.0,38.40432,FraNchEstYN
1991-05-22,1991.0,38.40432,FraNchEstYN
1991-05-23,1991.0,38.40432,FraNchEstYN
1991-05-24,1991.0,38.40432,FraNchEstYN
1991-05-25,1991.0,38.40432,FraNchEstYN
1991-05-26,1991.0,39.602762000000006,FraNchEstYN
1991-05-27,1991.0,40.95781,FraNchEstYN
1991-05-28,1991.0,40.95781,FraNchEstYN
1991-05-29,1991.0,40.95781,FraNchEstYN
1991-05-30,1991.0,40.95781,FraNchEstYN
1991-05-31,1991.0,44.220942,FraNchEstYN
1991-06-01,1991.0,44.220942,FraNchEstYN
1991-06-02,1991.0,47.58168,FraNchEstYN
1991-06-03,1991.0,49.341097,FraNchEstYN
1991-06-04,1991.0,50.32877,FraNchEstYN
1991-06-05,1991.0,50.32877,FraNchEstYN
1991-06-06,1991.0,50.981414,FraNchEstYN
1991-06-07,1991.0,52.397890000000004,FraNchEstYN
1991-06-08,1991.0,53.717583000000005,FraNchEstYN
1991-06-09,1991.0,54.702949999999994,FraNchEstYN
1991-06-10,1991.0,56.095254000000004,FraNchEstYN
1991-06-11,1991.0,57.182204999999996,FraNchEstYN
1991-06-12,1991.0,57.49085,FraNchEstYN
1991-06-13,1991.0,58.115539999999996,FraNchEstYN
1991-06-14,1991.0,58.529410000000006,FraNchEstYN
1991-06-15,1991.0,58.529410000000006,FraNchEstYN
1991-06-16,1991.0,58.859617,FraNchEstYN
1991-06-17,1991.0,59.43289000000001,FraNchEstYN
1991-06-18,1991.0,59.435545999999995,FraNchEstYN
1991-06-19,1991.0,59.436904999999996,FraNchEstYN
1991-06-20,1991.0,59.436904999999996,FraNchEstYN
1991-06-21,1991.0,59.436904999999996,FraNchEstYN
1991-06-22,1991.0,59.436904999999996,FraNchEstYN
1991-06-23,1991.0,59.436904999999996,FraNchEstYN
1991-06-24,1991.0,59.436904999999996,FraNchEstYN
1991-06-25,1991.0,59.436923,FraNchEstYN
1991-06-26,1991.0,59.45543599999999,FraNchEstYN
1991-06-27,1991.0,59.45543599999999,FraNchEstYN
1991-06-28,1991.0,59.45543599999999,FraNchEstYN
1991-06-29,1991.0,59.45543599999999,FraNchEstYN
1991-06-30,1991.0,59.45543,FraNchEstYN
1991-07-01,1991.0,59.45543,FraNchEstYN
1991-07-02,1991.0,59.45543,FraNchEstYN
1991-07-03,1991.0,59.45543599999999,FraNchEstYN
1973-01-01,1973.0,0.0,SIMPEST
1973-01-02,1973.0,0.0,SIMPEST
1973-01-03,1973.0,0.0,SIMPEST
1973-01-04,1973.0,0.0,SIMPEST
1973-01-05,1973.0,0.0,SIMPEST
1973-01-06,1973.0,0.0,SIMPEST
1973-01-07,1973.0,0.0,SIMPEST
1973-01-08,1973.0,0.0,SIMPEST
1973-01-09,1973.0,0.0,SIMPEST
1973-01-10,1973.0,0.0,SIMPEST
1973-01-11,1973.0,0.0,SIMPEST
1973-01-12,1973.0,0.0,SIMPEST
1973-01-13,1973.0,0.0,SIMPEST
1973-01-14,1973.0,0.0,SIMPEST
1973-01-15,1973.0,0.0,SIMPEST
1973-01-16,1973.0,0.0,SIMPEST
1973-01-17,1973.0,0.0,SIMPEST
1973-01-18,1973.0,0.0,SIMPEST
1973-01-19,1973.0,0.0,SIMPEST
1973-01-20,1973.0,0.0,SIMPEST
1973-01-21,1973.0,0.0,SIMPEST
1973-01-22,1973.0,0.0,SIMPEST
1973-01-23,1973.0,0.0,SIMPEST
1973-01-24,1973.0,0.0,SIMPEST
1973-01-25,1973.0,0.0,SIMPEST
1973-01-26,1973.0,0.0,SIMPEST
1973-01-27,1973.0,0.0,SIMPEST
1973-01-28,1973.0,0.0,SIMPEST
1973-01-29,1973.0,0.0,SIMPEST
1973-01-30,1973.0,0.0,SIMPEST
1973-01-31,1973.0,0.0,SIMPEST
1973-02-01,1973.0,0.0,SIMPEST
1973-02-02,1973.0,0.0,SIMPEST
1973-02-03,1973.0,0.0,SIMPEST
1973-02-04,1973.0,0.0,SIMPEST
1973-02-05,1973.0,0.0,SIMPEST
1973-02-06,1973.0,0.0,SIMPEST
1973-02-07,1973.0,0.0,SIMPEST
1973-02-08,1973.0,0.0,SIMPEST
1973-02-09,1973.0,0.0,SIMPEST
1973-02-10,1973.0,0.0,SIMPEST
1973-02-11,1973.0,0.0,SIMPEST
1973-02-12,1973.0,0.0,SIMPEST
1973-02-13,1973.0,0.0,SIMPEST
1973-02-14,1973.0,0.0,SIMPEST
1973-02-15,1973.0,0.0,SIMPEST
1973-02-16,1973.0,0.0,SIMPEST
1973-02-17,1973.0,0.0,SIMPEST
1973-02-18,1973.0,0.0,SIMPEST
1973-02-19,1973.0,0.0,SIMPEST
1973-02-20,1973.0,0.0,SIMPEST
1973-02-21,1973.0,0.0,SIMPEST
1973-02-22,1973.0,0.0,SIMPEST
1973-02-23,1973.0,0.0,SIMPEST
1973-02-24,1973.0,0.0,SIMPEST
1973-02-25,1973.0,0.0,SIMPEST
1973-02-26,1973.0,0.0,SIMPEST
1973-02-27,1973.0,0.0,SIMPEST
1973-02-28,1973.0,0.0,SIMPEST
1973-03-01,1973.0,0.0,SIMPEST
1973-03-02,1973.0,0.0,SIMPEST
1973-03-03,1973.0,0.0,SIMPEST
1973-03-04,1973.0,0.0,SIMPEST
1973-03-05,1973.0,0.0,SIMPEST
1973-03-06,1973.0,0.0,SIMPEST
1973-03-07,1973.0,0.0,SIMPEST
1973-03-08,1973.0,0.0,SIMPEST
1973-03-09,1973.0,0.0,SIMPEST
1973-03-10,1973.0,0.0,SIMPEST
1973-03-11,1973.0,0.0,SIMPEST
1973-03-12,1973.0,0.0,SIMPEST
1973-03-13,1973.0,0.0,SIMPEST
1973-03-14,1973.0,0.0,SIMPEST
1973-03-15,1973.0,0.0,SIMPEST
1973-03-16,1973.0,0.0,SIMPEST
1973-03-17,1973.0,0.0,SIMPEST
1973-03-18,1973.0,0.0,SIMPEST
1973-03-19,1973.0,0.0,SIMPEST
1973-03-20,1973.0,0.0,SIMPEST
1973-03-21,1973.0,0.0,SIMPEST
1973-03-22,1973.0,0.0,SIMPEST
1973-03-23,1973.0,0.0,SIMPEST
1973-03-24,1973.0,0.0,SIMPEST
1973-03-25,1973.0,0.0,SIMPEST
1973-03-26,1973.0,0.0,SIMPEST
1973-03-27,1973.0,0.0,SIMPEST
1973-03-28,1973.0,0.0,SIMPEST
1973-03-29,1973.0,0.0,SIMPEST
1973-03-30,1973.0,0.0,SIMPEST
1973-03-31,1973.0,0.0,SIMPEST
1973-04-01,1973.0,0.0,SIMPEST
1973-04-02,1973.0,0.0,SIMPEST
1973-04-03,1973.0,0.0,SIMPEST
1973-04-04,1973.0,0.0,SIMPEST
1973-04-05,1973.0,0.0,SIMPEST
1973-04-06,1973.0,0.0,SIMPEST
1973-04-07,1973.0,0.0,SIMPEST
1973-04-08,1973.0,0.0,SIMPEST
1973-04-09,1973.0,0.0,SIMPEST
1973-04-10,1973.0,0.0,SIMPEST
1973-04-11,1973.0,0.0,SIMPEST
1973-04-12,1973.0,0.0,SIMPEST
1973-04-13,1973.0,0.0,SIMPEST
1973-04-14,1973.0,0.0,SIMPEST
1973-04-15,1973.0,0.0,SIMPEST
1973-04-16,1973.0,0.0,SIMPEST
1973-04-17,1973.0,0.0,SIMPEST
1973-04-18,1973.0,0.0,SIMPEST
1973-04-19,1973.0,0.0,SIMPEST
1973-04-20,1973.0,0.0,SIMPEST
1973-04-21,1973.0,0.0,SIMPEST
1973-04-22,1973.0,0.0,SIMPEST
1973-04-23,1973.0,0.0,SIMPEST
1973-04-24,1973.0,0.0,SIMPEST
1973-04-25,1973.0,0.0,SIMPEST
1973-04-26,1973.0,0.0,SIMPEST
1973-04-27,1973.0,0.0,SIMPEST
1973-04-28,1973.0,0.0,SIMPEST
1973-04-29,1973.0,0.0,SIMPEST
1973-04-30,1973.0,0.0,SIMPEST
1973-05-01,1973.0,0.0,SIMPEST
1973-05-02,1973.0,0.0,SIMPEST
1973-05-03,1973.0,0.0,SIMPEST
1973-05-04,1973.0,0.0,SIMPEST
1973-05-05,1973.0,0.0,SIMPEST
1973-05-06,1973.0,0.0,SIMPEST
1973-05-07,1973.0,0.0,SIMPEST
1973-05-08,1973.0,0.0,SIMPEST
1973-05-09,1973.0,0.0,SIMPEST
1973-05-10,1973.0,0.0,SIMPEST
1973-05-11,1973.0,0.0,SIMPEST
1973-05-12,1973.0,0.0,SIMPEST
1973-05-13,1973.0,0.0,SIMPEST
1973-05-14,1973.0,0.0,SIMPEST
1973-05-15,1973.0,0.0,SIMPEST
1973-05-16,1973.0,0.0,SIMPEST
1973-05-17,1973.0,0.0,SIMPEST
1973-05-18,1973.0,0.0,SIMPEST
1973-05-19,1973.0,0.0,SIMPEST
1973-05-20,1973.0,2.78070689160097,SIMPEST
1973-05-21,1973.0,2.78885594428045,SIMPEST
1973-05-22,1973.0,2.80020585057849,SIMPEST
1973-05-23,1973.0,2.81209054583907,SIMPEST
1973-05-24,1973.0,2.82397325987358,SIMPEST
1973-05-25,1973.0,10.93360634408396,SIMPEST
1973-05-26,1973.0,10.97576023348233,SIMPEST
1973-05-27,1973.0,14.77225761936822,SIMPEST
1973-05-28,1973.0,14.77225761936822,SIMPEST
1973-05-29,1973.0,18.17882928893911,SIMPEST
1973-05-30,1973.0,22.664869448659662,SIMPEST
1973-05-31,1973.0,22.664869448659662,SIMPEST
1973-06-01,1973.0,22.664869448659662,SIMPEST
1973-06-02,1973.0,22.664869448659662,SIMPEST
1973-06-03,1973.0,22.664869448659662,SIMPEST
1973-06-04,1973.0,22.664869448659662,SIMPEST
1973-06-05,1973.0,26.46294329364848,SIMPEST
1973-06-06,1973.0,26.46294329364848,SIMPEST
1973-06-07,1973.0,31.056433298142622,SIMPEST
1973-06-08,1973.0,35.44698565576872,SIMPEST
1973-06-09,1973.0,37.07271939173904,SIMPEST
1973-06-10,1973.0,39.18688889873837,SIMPEST
1973-06-11,1973.0,39.18688889873837,SIMPEST
1973-06-12,1973.0,43.04017751998923,SIMPEST
1973-06-13,1973.0,46.24988966608,SIMPEST
1973-06-14,1973.0,48.974384667424296,SIMPEST
1973-06-15,1973.0,50.789837176063145,SIMPEST
1973-06-16,1973.0,50.789837176063145,SIMPEST
1973-06-17,1973.0,50.789837176063145,SIMPEST
1973-06-18,1973.0,53.7333870522197,SIMPEST
1973-06-19,1973.0,56.540173829229026,SIMPEST
1973-06-20,1973.0,59.246644045496524,SIMPEST
1973-06-21,1973.0,60.62542241980906,SIMPEST
1973-06-22,1973.0,60.62542241980906,SIMPEST
1973-06-23,1973.0,60.62542241980906,SIMPEST
1973-06-24,1973.0,60.62542241980906,SIMPEST
1973-06-25,1973.0,60.62542241980906,SIMPEST
1973-06-26,1973.0,61.18562769828216,SIMPEST
1973-06-27,1973.0,62.00285751044371,SIMPEST
1973-06-28,1973.0,62.48128912348603,SIMPEST
1973-06-29,1973.0,62.48128912348603,SIMPEST
1973-06-30,1973.0,63.2276191661157,SIMPEST
1973-07-01,1973.0,63.37417078045272,SIMPEST
1973-07-02,1973.0,64.06846242202919,SIMPEST
1973-07-03,1973.0,64.06846242202919,SIMPEST
1973-07-04,1973.0,64.6048890547209,SIMPEST
1973-07-05,1973.0,64.93547193558054,SIMPEST
1973-07-06,1973.0,64.94932256967547,SIMPEST
1973-07-07,1973.0,64.95859317429378,SIMPEST
1973-07-08,1973.0,64.95859317429378,SIMPEST
1973-07-09,1973.0,64.96168205464718,SIMPEST
1973-07-10,1973.0,64.96168205464718,SIMPEST
1973-07-11,1973.0,64.96266399947118,SIMPEST
1973-07-12,1973.0,65.02468172649303,SIMPEST
1973-07-13,1973.0,65.04582951718577,SIMPEST
1973-07-14,1973.0,65.04582951718577,SIMPEST
1973-07-15,1973.0,65.04582951718577,SIMPEST
1973-07-16,1973.0,65.04582951718577,SIMPEST
1973-07-17,1973.0,65.04582951718577,SIMPEST
1973-07-18,1973.0,65.04582951718577,SIMPEST
1973-07-19,1973.0,65.04582951718577,SIMPEST
1973-07-20,1973.0,65.04582951718577,SIMPEST
1973-07-21,1973.0,65.04582951718577,SIMPEST
1973-07-22,1973.0,65.04582951718577,SIMPEST
1973-07-23,1973.0,65.04582951718577,SIMPEST
1973-07-24,1973.0,65.04582951718577,SIMPEST
1973-09-28,1973.0,0.0,SIMPEST
1973-09-29,1973.0,0.0,SIMPEST
1973-09-30,1973.0,0.0,SIMPEST
1973-10-01,1973.0,0.0,SIMPEST
1973-10-02,1973.0,0.0,SIMPEST
1973-10-03,1973.0,0.0,SIMPEST
1973-10-04,1973.0,0.0,SIMPEST
1973-10-05,1973.0,0.0,SIMPEST
1973-10-06,1973.0,0.0,SIMPEST
1973-10-07,1973.0,0.0,SIMPEST
1973-10-08,1973.0,0.0,SIMPEST
1973-10-09,1973.0,0.0,SIMPEST
1973-10-10,1973.0,0.0,SIMPEST
1973-10-11,1973.0,0.0,SIMPEST
1973-10-12,1973.0,0.0,SIMPEST
1973-10-13,1973.0,0.0,SIMPEST
1973-10-14,1973.0,0.0,SIMPEST
1973-10-15,1973.0,0.0,SIMPEST
1973-10-16,1973.0,0.0,SIMPEST
1973-10-17,1973.0,0.0,SIMPEST
1973-10-18,1973.0,0.0,SIMPEST
1973-10-19,1973.0,0.0,SIMPEST
1973-10-20,1973.0,0.0,SIMPEST
1973-10-21,1973.0,0.0,SIMPEST
1973-10-22,1973.0,0.0,SIMPEST
1973-10-23,1973.0,0.0,SIMPEST
1973-10-24,1973.0,0.0,SIMPEST
1973-10-25,1973.0,0.0,SIMPEST
1973-10-26,1973.0,0.0,SIMPEST
1973-10-27,1973.0,0.0,SIMPEST
1973-10-28,1973.0,0.0,SIMPEST
1973-10-29,1973.0,0.0,SIMPEST
1973-10-30,1973.0,0.0,SIMPEST
1973-10-31,1973.0,0.0,SIMPEST
1973-11-01,1973.0,0.0,SIMPEST
1973-11-02,1973.0,0.0,SIMPEST
1973-11-03,1973.0,0.0,SIMPEST
1973-11-04,1973.0,0.0,SIMPEST
1973-11-05,1973.0,0.0,SIMPEST
1973-11-06,1973.0,0.0,SIMPEST
1973-11-07,1973.0,0.0,SIMPEST
1973-11-08,1973.0,0.0,SIMPEST
1973-11-09,1973.0,0.0,SIMPEST
1973-11-10,1973.0,0.0,SIMPEST
1973-11-11,1973.0,0.0,SIMPEST
1973-11-12,1973.0,0.0,SIMPEST
1973-11-13,1973.0,0.0,SIMPEST
1973-11-14,1973.0,0.0,SIMPEST
1973-11-15,1973.0,0.0,SIMPEST
1973-11-16,1973.0,0.0,SIMPEST
1973-11-17,1973.0,0.0,SIMPEST
1973-11-18,1973.0,0.0,SIMPEST
1973-11-19,1973.0,0.0,SIMPEST
1973-11-20,1973.0,0.0,SIMPEST
1973-11-21,1973.0,0.0,SIMPEST
1973-11-22,1973.0,0.0,SIMPEST
1973-11-23,1973.0,0.0,SIMPEST
1973-11-24,1973.0,0.0,SIMPEST
1973-11-25,1973.0,0.0,SIMPEST
1973-11-26,1973.0,0.0,SIMPEST
1973-11-27,1973.0,0.0,SIMPEST
1973-11-28,1973.0,0.0,SIMPEST
1973-11-29,1973.0,0.0,SIMPEST
1973-11-30,1973.0,0.0,SIMPEST
1973-12-01,1973.0,0.0,SIMPEST
1973-12-02,1973.0,0.0,SIMPEST
1973-12-03,1973.0,0.0,SIMPEST
1973-12-04,1973.0,0.0,SIMPEST
1973-12-05,1973.0,0.0,SIMPEST
1973-12-06,1973.0,0.0,SIMPEST
1973-12-07,1973.0,0.0,SIMPEST
1973-12-08,1973.0,0.0,SIMPEST
1973-12-09,1973.0,0.0,SIMPEST
1973-12-10,1973.0,0.0,SIMPEST
1973-12-11,1973.0,0.0,SIMPEST
1973-12-12,1973.0,0.0,SIMPEST
1973-12-13,1973.0,0.0,SIMPEST
1973-12-14,1973.0,0.0,SIMPEST
1973-12-15,1973.0,0.0,SIMPEST
1973-12-16,1973.0,0.0,SIMPEST
1973-12-17,1973.0,0.0,SIMPEST
1973-12-18,1973.0,0.0,SIMPEST
1973-12-19,1973.0,0.0,SIMPEST
1973-12-20,1973.0,0.0,SIMPEST
1973-12-21,1973.0,0.0,SIMPEST
1973-12-22,1973.0,0.0,SIMPEST
1973-12-23,1973.0,0.0,SIMPEST
1973-12-24,1973.0,0.0,SIMPEST
1973-12-25,1973.0,0.0,SIMPEST
1973-12-26,1973.0,0.0,SIMPEST
1973-12-27,1973.0,0.0,SIMPEST
1973-12-28,1973.0,0.0,SIMPEST
1973-12-29,1973.0,0.0,SIMPEST
1973-12-30,1973.0,0.0,SIMPEST
1973-12-31,1973.0,0.0,SIMPEST
1974-01-01,1974.0,0.0,SIMPEST
1974-01-02,1974.0,0.0,SIMPEST
1974-01-03,1974.0,0.0,SIMPEST
1974-01-04,1974.0,0.0,SIMPEST
1974-01-05,1974.0,0.0,SIMPEST
1974-01-06,1974.0,0.0,SIMPEST
1974-01-07,1974.0,0.0,SIMPEST
1974-01-08,1974.0,0.0,SIMPEST
1974-01-09,1974.0,0.0,SIMPEST
1974-01-10,1974.0,0.0,SIMPEST
1974-01-11,1974.0,0.0,SIMPEST
1974-01-12,1974.0,0.0,SIMPEST
1974-01-13,1974.0,0.0,SIMPEST
1974-01-14,1974.0,0.0,SIMPEST
1974-01-15,1974.0,0.0,SIMPEST
1974-01-16,1974.0,0.0,SIMPEST
1974-01-17,1974.0,0.0,SIMPEST
1974-01-18,1974.0,0.0,SIMPEST
1974-01-19,1974.0,0.0,SIMPEST
1974-01-20,1974.0,0.0,SIMPEST
1974-01-21,1974.0,0.0,SIMPEST
1974-01-22,1974.0,0.0,SIMPEST
1974-01-23,1974.0,0.0,SIMPEST
1974-01-24,1974.0,0.0,SIMPEST
1974-01-25,1974.0,0.0,SIMPEST
1974-01-26,1974.0,0.0,SIMPEST
1974-01-27,1974.0,0.0,SIMPEST
1974-01-28,1974.0,0.0,SIMPEST
1974-01-29,1974.0,0.0,SIMPEST
1974-01-30,1974.0,0.0,SIMPEST
1974-01-31,1974.0,0.0,SIMPEST
1974-02-01,1974.0,0.0,SIMPEST
1974-02-02,1974.0,0.0,SIMPEST
1974-02-03,1974.0,0.0,SIMPEST
1974-02-04,1974.0,0.0,SIMPEST
1974-02-05,1974.0,0.0,SIMPEST
1974-02-06,1974.0,0.0,SIMPEST
1974-02-07,1974.0,0.0,SIMPEST
1974-02-08,1974.0,0.0,SIMPEST
1974-02-09,1974.0,0.0,SIMPEST
1974-02-10,1974.0,0.0,SIMPEST
1974-02-11,1974.0,0.0,SIMPEST
1974-02-12,1974.0,0.0,SIMPEST
1974-02-13,1974.0,0.0,SIMPEST
1974-02-14,1974.0,0.0,SIMPEST
1974-02-15,1974.0,0.0,SIMPEST
1974-02-16,1974.0,0.0,SIMPEST
1974-02-17,1974.0,0.0,SIMPEST
1974-02-18,1974.0,0.0,SIMPEST
1974-02-19,1974.0,0.0,SIMPEST
1974-02-20,1974.0,0.0,SIMPEST
1974-02-21,1974.0,0.0,SIMPEST
1974-02-22,1974.0,0.0,SIMPEST
1974-02-23,1974.0,0.0,SIMPEST
1974-02-24,1974.0,0.0,SIMPEST
1974-02-25,1974.0,0.0,SIMPEST
1974-02-26,1974.0,0.0,SIMPEST
1974-02-27,1974.0,0.0,SIMPEST
1974-02-28,1974.0,0.0,SIMPEST
1974-03-01,1974.0,0.0,SIMPEST
1974-03-02,1974.0,0.0,SIMPEST
1974-03-03,1974.0,0.0,SIMPEST
1974-03-04,1974.0,0.0,SIMPEST
1974-03-05,1974.0,0.0,SIMPEST
1974-03-06,1974.0,0.0,SIMPEST
1974-03-07,1974.0,0.0,SIMPEST
1974-03-08,1974.0,0.0,SIMPEST
1974-03-09,1974.0,0.0,SIMPEST
1974-03-10,1974.0,0.0,SIMPEST
1974-03-11,1974.0,0.0,SIMPEST
1974-03-12,1974.0,0.0,SIMPEST
1974-03-13,1974.0,0.0,SIMPEST
1974-03-14,1974.0,0.0,SIMPEST
1974-03-15,1974.0,0.0,SIMPEST
1974-03-16,1974.0,0.0,SIMPEST
1974-03-17,1974.0,0.0,SIMPEST
1974-03-18,1974.0,0.0,SIMPEST
1974-03-19,1974.0,0.0,SIMPEST
1974-03-20,1974.0,0.0,SIMPEST
1974-03-21,1974.0,0.0,SIMPEST
1974-03-22,1974.0,0.0,SIMPEST
1974-03-23,1974.0,0.0,SIMPEST
1974-03-24,1974.0,0.0,SIMPEST
1974-03-25,1974.0,0.0,SIMPEST
1974-03-26,1974.0,0.0,SIMPEST
1974-03-27,1974.0,0.0,SIMPEST
1974-03-28,1974.0,0.0,SIMPEST
1974-03-29,1974.0,0.0,SIMPEST
1974-03-30,1974.0,0.0,SIMPEST
1974-03-31,1974.0,0.0,SIMPEST
1974-04-01,1974.0,0.0,SIMPEST
1974-04-02,1974.0,0.0,SIMPEST
1974-04-03,1974.0,0.0,SIMPEST
1974-04-04,1974.0,0.0,SIMPEST
1974-04-05,1974.0,0.0,SIMPEST
1974-04-06,1974.0,0.0,SIMPEST
1974-04-07,1974.0,0.0,SIMPEST
1974-04-08,1974.0,0.0,SIMPEST
1974-04-09,1974.0,0.0,SIMPEST
1974-04-10,1974.0,0.0,SIMPEST
1974-04-11,1974.0,0.0,SIMPEST
1974-04-12,1974.0,0.0,SIMPEST
1974-04-13,1974.0,0.0,SIMPEST
1974-04-14,1974.0,0.0,SIMPEST
1974-04-15,1974.0,0.0,SIMPEST
1974-04-16,1974.0,0.0,SIMPEST
1974-04-17,1974.0,0.0,SIMPEST
1974-04-18,1974.0,0.0,SIMPEST
1974-04-19,1974.0,0.0,SIMPEST
1974-04-20,1974.0,0.0,SIMPEST
1974-04-21,1974.0,0.0,SIMPEST
1974-04-22,1974.0,1.6502637716963,SIMPEST
1974-04-23,1974.0,1.65300896001499,SIMPEST
1974-04-24,1974.0,1.65422380341354,SIMPEST
1974-04-25,1974.0,1.65613369915822,SIMPEST
1974-04-26,1974.0,5.127146828746381,SIMPEST
1974-04-27,1974.0,5.150385510339451,SIMPEST
1974-04-28,1974.0,7.6968993833933395,SIMPEST
1974-04-29,1974.0,11.98140197310739,SIMPEST
1974-04-30,1974.0,11.98140197310739,SIMPEST
1974-05-01,1974.0,11.98140197310739,SIMPEST
1974-05-02,1974.0,15.45214708690782,SIMPEST
1974-05-03,1974.0,15.45214708690782,SIMPEST
1974-05-04,1974.0,15.45214708690782,SIMPEST
1974-05-05,1974.0,15.45214708690782,SIMPEST
1974-05-06,1974.0,17.923908171398132,SIMPEST
1974-05-07,1974.0,17.923908171398132,SIMPEST
1974-05-08,1974.0,17.923908171398132,SIMPEST
1974-05-09,1974.0,17.923908171398132,SIMPEST
1974-05-10,1974.0,17.923908171398132,SIMPEST
1974-05-11,1974.0,22.66294128914011,SIMPEST
1974-05-12,1974.0,27.09364635419025,SIMPEST
1974-05-13,1974.0,27.09364635419025,SIMPEST
1974-05-14,1974.0,27.09364635419025,SIMPEST
1974-05-15,1974.0,27.09364635419025,SIMPEST
1974-05-16,1974.0,31.30054436583407,SIMPEST
1974-05-17,1974.0,35.03018957584184,SIMPEST
1974-05-18,1974.0,35.03018957584184,SIMPEST
1974-05-19,1974.0,35.03018957584184,SIMPEST
1974-05-20,1974.0,39.1301769266153,SIMPEST
1974-05-21,1974.0,42.99959447598152,SIMPEST
1974-05-22,1974.0,46.094032451324466,SIMPEST
1974-05-23,1974.0,46.094032451324466,SIMPEST
1974-05-24,1974.0,47.89248180988468,SIMPEST
1974-05-25,1974.0,47.89248180988468,SIMPEST
1974-05-26,1974.0,47.89248180988468,SIMPEST
1974-05-27,1974.0,49.34021213752726,SIMPEST
1974-05-28,1974.0,49.34021213752726,SIMPEST
1974-05-29,1974.0,53.74390654937038,SIMPEST
1974-05-30,1974.0,53.74390654937038,SIMPEST
1974-05-31,1974.0,58.108789030700315,SIMPEST
1974-06-01,1974.0,58.108789030700315,SIMPEST
1974-06-02,1974.0,60.53390451523701,SIMPEST
1974-06-03,1974.0,60.53390451523699,SIMPEST
1974-06-04,1974.0,62.02124891459751,SIMPEST
1974-06-05,1974.0,63.779955700918535,SIMPEST
1974-06-06,1974.0,63.904722209742395,SIMPEST
1974-06-07,1974.0,65.28928814505319,SIMPEST
1974-06-08,1974.0,65.40156763727612,SIMPEST
1974-06-09,1974.0,65.54710874647927,SIMPEST
1974-06-10,1974.0,65.54710874647927,SIMPEST
1974-06-11,1974.0,65.54710874647927,SIMPEST
1974-06-12,1974.0,66.08839514781862,SIMPEST
1974-06-13,1974.0,66.57642085665898,SIMPEST
1974-06-14,1974.0,66.72978427864426,SIMPEST
1974-06-15,1974.0,67.09696570231365,SIMPEST
1974-06-16,1974.0,67.09696570231365,SIMPEST
1974-06-17,1974.0,67.09696570231365,SIMPEST
1974-06-18,1974.0,67.09696570231365,SIMPEST
1974-06-19,1974.0,67.09696570231365,SIMPEST
1974-06-20,1974.0,67.09696570231365,SIMPEST
1974-06-21,1974.0,67.1669638409414,SIMPEST
1974-06-22,1974.0,67.22481618614353,SIMPEST
1974-06-23,1974.0,67.2395106386965,SIMPEST
1974-06-24,1974.0,67.2395106386965,SIMPEST
1974-06-25,1974.0,67.2395106386965,SIMPEST
1974-06-26,1974.0,67.2395106386965,SIMPEST
1974-06-27,1974.0,67.2395106386965,SIMPEST
1974-06-28,1974.0,67.2395106386965,SIMPEST
1974-06-29,1974.0,67.23951063869652,SIMPEST
1974-06-30,1974.0,67.23951063869652,SIMPEST
1974-07-01,1974.0,67.23951063869652,SIMPEST
1974-07-02,1974.0,67.23951063869652,SIMPEST
1974-07-03,1974.0,67.2395106386965,SIMPEST
1974-07-04,1974.0,67.2395106386965,SIMPEST
1974-07-05,1974.0,67.2395106386965,SIMPEST
1974-07-06,1974.0,67.2395106386965,SIMPEST
1974-07-07,1974.0,67.2395106386965,SIMPEST
1974-10-02,1974.0,0.0,SIMPEST
1974-10-03,1974.0,0.0,SIMPEST
1974-10-04,1974.0,0.0,SIMPEST
1974-10-05,1974.0,0.0,SIMPEST
1974-10-06,1974.0,0.0,SIMPEST
1974-10-07,1974.0,0.0,SIMPEST
1974-10-08,1974.0,0.0,SIMPEST
1974-10-09,1974.0,0.0,SIMPEST
1974-10-10,1974.0,0.0,SIMPEST
1974-10-11,1974.0,0.0,SIMPEST
1974-10-12,1974.0,0.0,SIMPEST
1974-10-13,1974.0,0.0,SIMPEST
1974-10-14,1974.0,0.0,SIMPEST
1974-10-15,1974.0,0.0,SIMPEST
1974-10-16,1974.0,0.0,SIMPEST
1974-10-17,1974.0,0.0,SIMPEST
1974-10-18,1974.0,0.0,SIMPEST
1974-10-19,1974.0,0.0,SIMPEST
1974-10-20,1974.0,0.0,SIMPEST
1974-10-21,1974.0,0.0,SIMPEST
1974-10-22,1974.0,0.0,SIMPEST
1974-10-23,1974.0,0.0,SIMPEST
1974-10-24,1974.0,0.0,SIMPEST
1974-10-25,1974.0,0.0,SIMPEST
1974-10-26,1974.0,0.0,SIMPEST
1974-10-27,1974.0,0.0,SIMPEST
1974-10-28,1974.0,0.0,SIMPEST
1974-10-29,1974.0,0.0,SIMPEST
1974-10-30,1974.0,0.0,SIMPEST
1974-10-31,1974.0,0.0,SIMPEST
1974-11-01,1974.0,0.0,SIMPEST
1974-11-02,1974.0,0.0,SIMPEST
1974-11-03,1974.0,0.0,SIMPEST
1974-11-04,1974.0,0.0,SIMPEST
1974-11-05,1974.0,0.0,SIMPEST
1974-11-06,1974.0,0.0,SIMPEST
1974-11-07,1974.0,0.0,SIMPEST
1974-11-08,1974.0,0.0,SIMPEST
1974-11-09,1974.0,0.0,SIMPEST
1974-11-10,1974.0,0.0,SIMPEST
1974-11-11,1974.0,0.0,SIMPEST
1974-11-12,1974.0,0.0,SIMPEST
1974-11-13,1974.0,0.0,SIMPEST
1974-11-14,1974.0,0.0,SIMPEST
1974-11-15,1974.0,0.0,SIMPEST
1974-11-16,1974.0,0.0,SIMPEST
1974-11-17,1974.0,0.0,SIMPEST
1974-11-18,1974.0,0.0,SIMPEST
1974-11-19,1974.0,0.0,SIMPEST
1974-11-20,1974.0,0.0,SIMPEST
1974-11-21,1974.0,0.0,SIMPEST
1974-11-22,1974.0,0.0,SIMPEST
1974-11-23,1974.0,0.0,SIMPEST
1974-11-24,1974.0,0.0,SIMPEST
1974-11-25,1974.0,0.0,SIMPEST
1974-11-26,1974.0,0.0,SIMPEST
1974-11-27,1974.0,0.0,SIMPEST
1974-11-28,1974.0,0.0,SIMPEST
1974-11-29,1974.0,0.0,SIMPEST
1974-11-30,1974.0,0.0,SIMPEST
1974-12-01,1974.0,0.0,SIMPEST
1974-12-02,1974.0,0.0,SIMPEST
1974-12-03,1974.0,0.0,SIMPEST
1974-12-04,1974.0,0.0,SIMPEST
1974-12-05,1974.0,0.0,SIMPEST
1974-12-06,1974.0,0.0,SIMPEST
1974-12-07,1974.0,0.0,SIMPEST
1974-12-08,1974.0,0.0,SIMPEST
1974-12-09,1974.0,0.0,SIMPEST
1974-12-10,1974.0,0.0,SIMPEST
1974-12-11,1974.0,0.0,SIMPEST
1974-12-12,1974.0,0.0,SIMPEST
1974-12-13,1974.0,0.0,SIMPEST
1974-12-14,1974.0,0.0,SIMPEST
1974-12-15,1974.0,0.0,SIMPEST
1974-12-16,1974.0,0.0,SIMPEST
1974-12-17,1974.0,0.0,SIMPEST
1974-12-18,1974.0,0.0,SIMPEST
1974-12-19,1974.0,0.0,SIMPEST
1974-12-20,1974.0,0.0,SIMPEST
1974-12-21,1974.0,0.0,SIMPEST
1974-12-22,1974.0,0.0,SIMPEST
1974-12-23,1974.0,0.0,SIMPEST
1974-12-24,1974.0,0.0,SIMPEST
1974-12-25,1974.0,0.0,SIMPEST
1974-12-26,1974.0,0.0,SIMPEST
1974-12-27,1974.0,0.0,SIMPEST
1974-12-28,1974.0,0.0,SIMPEST
1974-12-29,1974.0,0.0,SIMPEST
1974-12-30,1974.0,0.0,SIMPEST
1974-12-31,1974.0,0.0,SIMPEST
1975-01-01,1975.0,0.0,SIMPEST
1975-01-02,1975.0,0.0,SIMPEST
1975-01-03,1975.0,0.0,SIMPEST
1975-01-04,1975.0,0.0,SIMPEST
1975-01-05,1975.0,0.0,SIMPEST
1975-01-06,1975.0,0.0,SIMPEST
1975-01-07,1975.0,0.0,SIMPEST
1975-01-08,1975.0,0.0,SIMPEST
1975-01-09,1975.0,0.0,SIMPEST
1975-01-10,1975.0,0.0,SIMPEST
1975-01-11,1975.0,0.0,SIMPEST
1975-01-12,1975.0,0.0,SIMPEST
1975-01-13,1975.0,0.0,SIMPEST
1975-01-14,1975.0,0.0,SIMPEST
1975-01-15,1975.0,0.0,SIMPEST
1975-01-16,1975.0,0.0,SIMPEST
1975-01-17,1975.0,0.0,SIMPEST
1975-01-18,1975.0,0.0,SIMPEST
1975-01-19,1975.0,0.0,SIMPEST
1975-01-20,1975.0,0.0,SIMPEST
1975-01-21,1975.0,0.0,SIMPEST
1975-01-22,1975.0,0.0,SIMPEST
1975-01-23,1975.0,0.0,SIMPEST
1975-01-24,1975.0,0.0,SIMPEST
1975-01-25,1975.0,0.0,SIMPEST
1975-01-26,1975.0,0.0,SIMPEST
1975-01-27,1975.0,0.0,SIMPEST
1975-01-28,1975.0,0.0,SIMPEST
1975-01-29,1975.0,0.0,SIMPEST
1975-01-30,1975.0,0.0,SIMPEST
1975-01-31,1975.0,0.0,SIMPEST
1975-02-01,1975.0,0.0,SIMPEST
1975-02-02,1975.0,0.0,SIMPEST
1975-02-03,1975.0,0.0,SIMPEST
1975-02-04,1975.0,0.0,SIMPEST
1975-02-05,1975.0,0.0,SIMPEST
1975-02-06,1975.0,0.0,SIMPEST
1975-02-07,1975.0,0.0,SIMPEST
1975-02-08,1975.0,0.0,SIMPEST
1975-02-09,1975.0,0.0,SIMPEST
1975-02-10,1975.0,0.0,SIMPEST
1975-02-11,1975.0,0.0,SIMPEST
1975-02-12,1975.0,0.0,SIMPEST
1975-02-13,1975.0,0.0,SIMPEST
1975-02-14,1975.0,0.0,SIMPEST
1975-02-15,1975.0,0.0,SIMPEST
1975-02-16,1975.0,0.0,SIMPEST
1975-02-17,1975.0,0.0,SIMPEST
1975-02-18,1975.0,0.0,SIMPEST
1975-02-19,1975.0,0.0,SIMPEST
1975-02-20,1975.0,0.0,SIMPEST
1975-02-21,1975.0,0.0,SIMPEST
1975-02-22,1975.0,0.0,SIMPEST
1975-02-23,1975.0,0.0,SIMPEST
1975-02-24,1975.0,0.0,SIMPEST
1975-02-25,1975.0,0.0,SIMPEST
1975-02-26,1975.0,0.0,SIMPEST
1975-02-27,1975.0,0.0,SIMPEST
1975-02-28,1975.0,0.0,SIMPEST
1975-03-01,1975.0,0.0,SIMPEST
1975-03-02,1975.0,0.0,SIMPEST
1975-03-03,1975.0,0.0,SIMPEST
1975-03-04,1975.0,0.0,SIMPEST
1975-03-05,1975.0,0.0,SIMPEST
1975-03-06,1975.0,0.0,SIMPEST
1975-03-07,1975.0,0.0,SIMPEST
1975-03-08,1975.0,0.0,SIMPEST
1975-03-09,1975.0,0.0,SIMPEST
1975-03-10,1975.0,0.0,SIMPEST
1975-03-11,1975.0,0.0,SIMPEST
1975-03-12,1975.0,0.0,SIMPEST
1975-03-13,1975.0,0.0,SIMPEST
1975-03-14,1975.0,0.0,SIMPEST
1975-03-15,1975.0,0.0,SIMPEST
1975-03-16,1975.0,0.0,SIMPEST
1975-03-17,1975.0,0.0,SIMPEST
1975-03-18,1975.0,0.0,SIMPEST
1975-03-19,1975.0,0.0,SIMPEST
1975-03-20,1975.0,0.0,SIMPEST
1975-03-21,1975.0,0.0,SIMPEST
1975-03-22,1975.0,0.0,SIMPEST
1975-03-23,1975.0,0.0,SIMPEST
1975-03-24,1975.0,0.0,SIMPEST
1975-03-25,1975.0,0.0,SIMPEST
1975-03-26,1975.0,0.0,SIMPEST
1975-03-27,1975.0,0.0,SIMPEST
1975-03-28,1975.0,0.0,SIMPEST
1975-03-29,1975.0,0.0,SIMPEST
1975-03-30,1975.0,0.0,SIMPEST
1975-03-31,1975.0,0.0,SIMPEST
1975-04-01,1975.0,0.0,SIMPEST
1975-04-02,1975.0,0.0,SIMPEST
1975-04-03,1975.0,0.0,SIMPEST
1975-04-04,1975.0,0.0,SIMPEST
1975-04-05,1975.0,0.0,SIMPEST
1975-04-06,1975.0,0.0,SIMPEST
1975-04-07,1975.0,0.0,SIMPEST
1975-04-08,1975.0,0.0,SIMPEST
1975-04-09,1975.0,0.0,SIMPEST
1975-04-10,1975.0,0.0,SIMPEST
1975-04-11,1975.0,0.0,SIMPEST
1975-04-12,1975.0,0.0,SIMPEST
1975-04-13,1975.0,0.0,SIMPEST
1975-04-14,1975.0,0.0,SIMPEST
1975-04-15,1975.0,0.0,SIMPEST
1975-04-16,1975.0,0.0,SIMPEST
1975-04-17,1975.0,0.0,SIMPEST
1975-04-18,1975.0,0.0,SIMPEST
1975-04-19,1975.0,0.0,SIMPEST
1975-04-20,1975.0,0.0,SIMPEST
1975-04-21,1975.0,0.0,SIMPEST
1975-04-22,1975.0,0.0,SIMPEST
1975-04-23,1975.0,0.0,SIMPEST
1975-04-24,1975.0,0.0,SIMPEST
1975-04-25,1975.0,0.0,SIMPEST
1975-04-26,1975.0,0.0,SIMPEST
1975-04-27,1975.0,0.0,SIMPEST
1975-04-28,1975.0,0.0,SIMPEST
1975-04-29,1975.0,0.0,SIMPEST
1975-04-30,1975.0,0.0,SIMPEST
1975-05-01,1975.0,0.0,SIMPEST
1975-05-02,1975.0,0.0,SIMPEST
1975-05-03,1975.0,0.0,SIMPEST
1975-05-04,1975.0,0.0,SIMPEST
1975-05-05,1975.0,0.0,SIMPEST
1975-05-06,1975.0,0.0,SIMPEST
1975-05-07,1975.0,0.0,SIMPEST
1975-05-08,1975.0,0.0,SIMPEST
1975-05-09,1975.0,0.0,SIMPEST
1975-05-10,1975.0,0.0,SIMPEST
1975-05-11,1975.0,0.0,SIMPEST
1975-05-12,1975.0,0.0,SIMPEST
1975-05-13,1975.0,0.0,SIMPEST
1975-05-14,1975.0,0.0,SIMPEST
1975-05-15,1975.0,0.0,SIMPEST
1975-05-16,1975.0,0.0,SIMPEST
1975-05-17,1975.0,0.0,SIMPEST
1975-05-18,1975.0,0.0,SIMPEST
1975-05-19,1975.0,0.0,SIMPEST
1975-05-20,1975.0,1.6962321909864801,SIMPEST
1975-05-21,1975.0,1.7032516144082899,SIMPEST
1975-05-22,1975.0,3.9895791933732503,SIMPEST
1975-05-23,1975.0,4.00784981613567,SIMPEST
1975-05-24,1975.0,4.02751616736019,SIMPEST
1975-05-25,1975.0,4.04847102837835,SIMPEST
1975-05-26,1975.0,4.070553930936191,SIMPEST
1975-05-27,1975.0,4.070553930936191,SIMPEST
1975-05-28,1975.0,4.070553930936191,SIMPEST
1975-05-29,1975.0,8.683782808611989,SIMPEST
1975-05-30,1975.0,8.683782808611989,SIMPEST
1975-05-31,1975.0,10.737630838201639,SIMPEST
1975-06-01,1975.0,10.737630838201639,SIMPEST
1975-06-02,1975.0,10.737630838201639,SIMPEST
1975-06-03,1975.0,10.737630838201639,SIMPEST
1975-06-04,1975.0,10.737630838201639,SIMPEST
1975-06-05,1975.0,13.900421139189689,SIMPEST
1975-06-06,1975.0,18.987784130597,SIMPEST
1975-06-07,1975.0,18.987784130597,SIMPEST
1975-06-08,1975.0,18.987784130597,SIMPEST
1975-06-09,1975.0,18.987784130597,SIMPEST
1975-06-10,1975.0,23.543193395703373,SIMPEST
1975-06-11,1975.0,25.81062664928307,SIMPEST
1975-06-12,1975.0,27.80877307664527,SIMPEST
1975-06-13,1975.0,27.80877307664527,SIMPEST
1975-06-14,1975.0,27.84013324804334,SIMPEST
1975-06-15,1975.0,32.24437532323242,SIMPEST
1975-06-16,1975.0,36.16034474488013,SIMPEST
1975-06-17,1975.0,36.29919404752443,SIMPEST
1975-06-18,1975.0,36.36823886392761,SIMPEST
1975-06-19,1975.0,36.36823886392761,SIMPEST
1975-06-20,1975.0,36.36823886392761,SIMPEST
1975-06-21,1975.0,39.773483561465724,SIMPEST
1975-06-22,1975.0,41.09674433698141,SIMPEST
1975-06-23,1975.0,41.09674433698141,SIMPEST
1975-06-24,1975.0,41.09674433698141,SIMPEST
1975-06-25,1975.0,41.09674433698141,SIMPEST
1975-06-26,1975.0,44.15801216767329,SIMPEST
1975-06-27,1975.0,45.10733212488195,SIMPEST
1975-06-28,1975.0,45.24711654783609,SIMPEST
1975-06-29,1975.0,45.24711654783609,SIMPEST
1975-06-30,1975.0,46.124884446196866,SIMPEST
1975-07-01,1975.0,47.9803691096582,SIMPEST
1975-07-02,1975.0,47.9803691096582,SIMPEST
1975-07-03,1975.0,49.30022507936117,SIMPEST
1975-07-04,1975.0,49.30022507936117,SIMPEST
1975-07-05,1975.0,49.3664265188358,SIMPEST
1975-07-06,1975.0,49.3664265188358,SIMPEST
1975-07-07,1975.0,49.3664265188358,SIMPEST
1975-07-08,1975.0,49.78160589862784,SIMPEST
1975-07-09,1975.0,50.02101868567684,SIMPEST
1975-07-10,1975.0,50.41643867731619,SIMPEST
1975-07-11,1975.0,50.766978487061046,SIMPEST
1975-07-12,1975.0,50.76786306544996,SIMPEST
1975-07-13,1975.0,50.76786306544996,SIMPEST
1975-07-14,1975.0,50.76815436133234,SIMPEST
1975-07-15,1975.0,50.76815436133234,SIMPEST
1975-07-16,1975.0,50.76815436133234,SIMPEST
1975-07-17,1975.0,50.76815436133235,SIMPEST
1975-07-18,1975.0,50.76815436133234,SIMPEST
1975-07-19,1975.0,50.85844553724145,SIMPEST
1975-07-20,1975.0,50.85844553724145,SIMPEST
1975-07-21,1975.0,50.89558027378275,SIMPEST
1975-07-22,1975.0,50.90194600772915,SIMPEST
1975-07-23,1975.0,50.90194600772915,SIMPEST
1975-07-24,1975.0,50.90194600772915,SIMPEST
1975-10-03,1975.0,0.0,SIMPEST
1975-10-04,1975.0,0.0,SIMPEST
1975-10-05,1975.0,0.0,SIMPEST
1975-10-06,1975.0,0.0,SIMPEST
1975-10-07,1975.0,0.0,SIMPEST
1975-10-08,1975.0,0.0,SIMPEST
1975-10-09,1975.0,0.0,SIMPEST
1975-10-10,1975.0,0.0,SIMPEST
1975-10-11,1975.0,0.0,SIMPEST
1975-10-12,1975.0,0.0,SIMPEST
1975-10-13,1975.0,0.0,SIMPEST
1975-10-14,1975.0,0.0,SIMPEST
1975-10-15,1975.0,0.0,SIMPEST
1975-10-16,1975.0,0.0,SIMPEST
1975-10-17,1975.0,0.0,SIMPEST
1975-10-18,1975.0,0.0,SIMPEST
1975-10-19,1975.0,0.0,SIMPEST
1975-10-20,1975.0,0.0,SIMPEST
1975-10-21,1975.0,0.0,SIMPEST
1975-10-22,1975.0,0.0,SIMPEST
1975-10-23,1975.0,0.0,SIMPEST
1975-10-24,1975.0,0.0,SIMPEST
1975-10-25,1975.0,0.0,SIMPEST
1975-10-26,1975.0,0.0,SIMPEST
1975-10-27,1975.0,0.0,SIMPEST
1975-10-28,1975.0,0.0,SIMPEST
1975-10-29,1975.0,0.0,SIMPEST
1975-10-30,1975.0,0.0,SIMPEST
1975-10-31,1975.0,0.0,SIMPEST
1975-11-01,1975.0,0.0,SIMPEST
1975-11-02,1975.0,0.0,SIMPEST
1975-11-03,1975.0,0.0,SIMPEST
1975-11-04,1975.0,0.0,SIMPEST
1975-11-05,1975.0,0.0,SIMPEST
1975-11-06,1975.0,0.0,SIMPEST
1975-11-07,1975.0,0.0,SIMPEST
1975-11-08,1975.0,0.0,SIMPEST
1975-11-09,1975.0,0.0,SIMPEST
1975-11-10,1975.0,0.0,SIMPEST
1975-11-11,1975.0,0.0,SIMPEST
1975-11-12,1975.0,0.0,SIMPEST
1975-11-13,1975.0,0.0,SIMPEST
1975-11-14,1975.0,0.0,SIMPEST
1975-11-15,1975.0,0.0,SIMPEST
1975-11-16,1975.0,0.0,SIMPEST
1975-11-17,1975.0,0.0,SIMPEST
1975-11-18,1975.0,0.0,SIMPEST
1975-11-19,1975.0,0.0,SIMPEST
1975-11-20,1975.0,0.0,SIMPEST
1975-11-21,1975.0,0.0,SIMPEST
1975-11-22,1975.0,0.0,SIMPEST
1975-11-23,1975.0,0.0,SIMPEST
1975-11-24,1975.0,0.0,SIMPEST
1975-11-25,1975.0,0.0,SIMPEST
1975-11-26,1975.0,0.0,SIMPEST
1975-11-27,1975.0,0.0,SIMPEST
1975-11-28,1975.0,0.0,SIMPEST
1975-11-29,1975.0,0.0,SIMPEST
1975-11-30,1975.0,0.0,SIMPEST
1975-12-01,1975.0,0.0,SIMPEST
1975-12-02,1975.0,0.0,SIMPEST
1975-12-03,1975.0,0.0,SIMPEST
1975-12-04,1975.0,0.0,SIMPEST
1975-12-05,1975.0,0.0,SIMPEST
1975-12-06,1975.0,0.0,SIMPEST
1975-12-07,1975.0,0.0,SIMPEST
1975-12-08,1975.0,0.0,SIMPEST
1975-12-09,1975.0,0.0,SIMPEST
1975-12-10,1975.0,0.0,SIMPEST
1975-12-11,1975.0,0.0,SIMPEST
1975-12-12,1975.0,0.0,SIMPEST
1975-12-13,1975.0,0.0,SIMPEST
1975-12-14,1975.0,0.0,SIMPEST
1975-12-15,1975.0,0.0,SIMPEST
1975-12-16,1975.0,0.0,SIMPEST
1975-12-17,1975.0,0.0,SIMPEST
1975-12-18,1975.0,0.0,SIMPEST
1975-12-19,1975.0,0.0,SIMPEST
1975-12-20,1975.0,0.0,SIMPEST
1975-12-21,1975.0,0.0,SIMPEST
1975-12-22,1975.0,0.0,SIMPEST
1975-12-23,1975.0,0.0,SIMPEST
1975-12-24,1975.0,0.0,SIMPEST
1975-12-25,1975.0,0.0,SIMPEST
1975-12-26,1975.0,0.0,SIMPEST
1975-12-27,1975.0,0.0,SIMPEST
1975-12-28,1975.0,0.0,SIMPEST
1975-12-29,1975.0,0.0,SIMPEST
1975-12-30,1975.0,0.0,SIMPEST
1975-12-31,1975.0,0.0,SIMPEST
1976-01-01,1976.0,0.0,SIMPEST
1976-01-02,1976.0,0.0,SIMPEST
1976-01-03,1976.0,0.0,SIMPEST
1976-01-04,1976.0,0.0,SIMPEST
1976-01-05,1976.0,0.0,SIMPEST
1976-01-06,1976.0,0.0,SIMPEST
1976-01-07,1976.0,0.0,SIMPEST
1976-01-08,1976.0,0.0,SIMPEST
1976-01-09,1976.0,0.0,SIMPEST
1976-01-10,1976.0,0.0,SIMPEST
1976-01-11,1976.0,0.0,SIMPEST
1976-01-12,1976.0,0.0,SIMPEST
1976-01-13,1976.0,0.0,SIMPEST
1976-01-14,1976.0,0.0,SIMPEST
1976-01-15,1976.0,0.0,SIMPEST
1976-01-16,1976.0,0.0,SIMPEST
1976-01-17,1976.0,0.0,SIMPEST
1976-01-18,1976.0,0.0,SIMPEST
1976-01-19,1976.0,0.0,SIMPEST
1976-01-20,1976.0,0.0,SIMPEST
1976-01-21,1976.0,0.0,SIMPEST
1976-01-22,1976.0,0.0,SIMPEST
1976-01-23,1976.0,0.0,SIMPEST
1976-01-24,1976.0,0.0,SIMPEST
1976-01-25,1976.0,0.0,SIMPEST
1976-01-26,1976.0,0.0,SIMPEST
1976-01-27,1976.0,0.0,SIMPEST
1976-01-28,1976.0,0.0,SIMPEST
1976-01-29,1976.0,0.0,SIMPEST
1976-01-30,1976.0,0.0,SIMPEST
1976-01-31,1976.0,0.0,SIMPEST
1976-02-01,1976.0,0.0,SIMPEST
1976-02-02,1976.0,0.0,SIMPEST
1976-02-03,1976.0,0.0,SIMPEST
1976-02-04,1976.0,0.0,SIMPEST
1976-02-05,1976.0,0.0,SIMPEST
1976-02-06,1976.0,0.0,SIMPEST
1976-02-07,1976.0,0.0,SIMPEST
1976-02-08,1976.0,0.0,SIMPEST
1976-02-09,1976.0,0.0,SIMPEST
1976-02-10,1976.0,0.0,SIMPEST
1976-02-11,1976.0,0.0,SIMPEST
1976-02-12,1976.0,0.0,SIMPEST
1976-02-13,1976.0,0.0,SIMPEST
1976-02-14,1976.0,0.0,SIMPEST
1976-02-15,1976.0,0.0,SIMPEST
1976-02-16,1976.0,0.0,SIMPEST
1976-02-17,1976.0,0.0,SIMPEST
1976-02-18,1976.0,0.0,SIMPEST
1976-02-19,1976.0,0.0,SIMPEST
1976-02-20,1976.0,0.0,SIMPEST
1976-02-21,1976.0,0.0,SIMPEST
1976-02-22,1976.0,0.0,SIMPEST
1976-02-23,1976.0,0.0,SIMPEST
1976-02-24,1976.0,0.0,SIMPEST
1976-02-25,1976.0,0.0,SIMPEST
1976-02-26,1976.0,0.0,SIMPEST
1976-02-27,1976.0,0.0,SIMPEST
1976-02-28,1976.0,0.0,SIMPEST
1976-02-29,1976.0,0.0,SIMPEST
1976-03-01,1976.0,0.0,SIMPEST
1976-03-02,1976.0,0.0,SIMPEST
1976-03-03,1976.0,0.0,SIMPEST
1976-03-04,1976.0,0.0,SIMPEST
1976-03-05,1976.0,0.0,SIMPEST
1976-03-06,1976.0,0.0,SIMPEST
1976-03-07,1976.0,0.0,SIMPEST
1976-03-08,1976.0,0.0,SIMPEST
1976-03-09,1976.0,0.0,SIMPEST
1976-03-10,1976.0,0.0,SIMPEST
1976-03-11,1976.0,0.0,SIMPEST
1976-03-12,1976.0,0.0,SIMPEST
1976-03-13,1976.0,0.0,SIMPEST
1976-03-14,1976.0,0.0,SIMPEST
1976-03-15,1976.0,0.0,SIMPEST
1976-03-16,1976.0,0.0,SIMPEST
1976-03-17,1976.0,0.0,SIMPEST
1976-03-18,1976.0,0.0,SIMPEST
1976-03-19,1976.0,0.0,SIMPEST
1976-03-20,1976.0,0.0,SIMPEST
1976-03-21,1976.0,0.0,SIMPEST
1976-03-22,1976.0,0.0,SIMPEST
1976-03-23,1976.0,0.0,SIMPEST
1976-03-24,1976.0,0.0,SIMPEST
1976-03-25,1976.0,0.0,SIMPEST
1976-03-26,1976.0,0.0,SIMPEST
1976-03-27,1976.0,0.0,SIMPEST
1976-03-28,1976.0,0.0,SIMPEST
1976-03-29,1976.0,0.0,SIMPEST
1976-03-30,1976.0,0.0,SIMPEST
1976-03-31,1976.0,0.0,SIMPEST
1976-04-01,1976.0,0.0,SIMPEST
1976-04-02,1976.0,0.0,SIMPEST
1976-04-03,1976.0,0.0,SIMPEST
1976-04-04,1976.0,0.0,SIMPEST
1976-04-05,1976.0,0.0,SIMPEST
1976-04-06,1976.0,0.0,SIMPEST
1976-04-07,1976.0,0.0,SIMPEST
1976-04-08,1976.0,0.0,SIMPEST
1976-04-09,1976.0,0.0,SIMPEST
1976-04-10,1976.0,0.0,SIMPEST
1976-04-11,1976.0,0.0,SIMPEST
1976-04-12,1976.0,0.0,SIMPEST
1976-04-13,1976.0,0.0,SIMPEST
1976-04-14,1976.0,0.0,SIMPEST
1976-04-15,1976.0,0.0,SIMPEST
1976-04-16,1976.0,0.0,SIMPEST
1976-04-17,1976.0,0.0,SIMPEST
1976-04-18,1976.0,0.0,SIMPEST
1976-04-19,1976.0,3.04000230915387,SIMPEST
1976-04-20,1976.0,5.16002356208166,SIMPEST
1976-04-21,1976.0,8.646708720930201,SIMPEST
1976-04-22,1976.0,8.682441482811349,SIMPEST
1976-04-23,1976.0,12.61444791676237,SIMPEST
1976-04-24,1976.0,14.848405120269101,SIMPEST
1976-04-25,1976.0,14.848405120269101,SIMPEST
1976-04-26,1976.0,14.848405120269101,SIMPEST
1976-04-27,1976.0,14.848405120269101,SIMPEST
1976-04-28,1976.0,14.848405120269101,SIMPEST
1976-04-29,1976.0,14.848405120269101,SIMPEST
1976-04-30,1976.0,14.848405120269101,SIMPEST
1976-05-01,1976.0,17.40408476783071,SIMPEST
1976-05-02,1976.0,17.40408476783071,SIMPEST
1976-05-03,1976.0,17.40408476783071,SIMPEST
1976-05-04,1976.0,17.40408476783071,SIMPEST
1976-05-05,1976.0,17.40408476783071,SIMPEST
1976-05-06,1976.0,17.40408476783071,SIMPEST
1976-05-07,1976.0,17.40408476783071,SIMPEST
1976-05-08,1976.0,17.40408476783071,SIMPEST
1976-05-09,1976.0,17.40408476783071,SIMPEST
1976-05-10,1976.0,17.40408476783071,SIMPEST
1976-05-11,1976.0,19.49067222507525,SIMPEST
1976-05-12,1976.0,19.49067222507525,SIMPEST
1976-05-13,1976.0,22.14587690724503,SIMPEST
1976-05-14,1976.0,24.47147997282861,SIMPEST
1976-05-15,1976.0,26.166000412858047,SIMPEST
1976-05-16,1976.0,26.166000412858047,SIMPEST
1976-05-17,1976.0,29.696945097376997,SIMPEST
1976-05-18,1976.0,29.696945097376997,SIMPEST
1976-05-19,1976.0,33.84883543681261,SIMPEST
1976-05-20,1976.0,33.84883543681261,SIMPEST
1976-05-21,1976.0,33.87268095608751,SIMPEST
1976-05-22,1976.0,35.784633745372616,SIMPEST
1976-05-23,1976.0,35.784633745372616,SIMPEST
1976-05-24,1976.0,37.64218037982436,SIMPEST
1976-05-25,1976.0,37.64218037982436,SIMPEST
1976-05-26,1976.0,37.71357531336725,SIMPEST
1976-05-27,1976.0,37.71357531336725,SIMPEST
1976-05-28,1976.0,40.267418986110535,SIMPEST
1976-05-29,1976.0,40.267418986110535,SIMPEST
1976-05-30,1976.0,40.267418986110535,SIMPEST
1976-05-31,1976.0,40.267418986110535,SIMPEST
1976-06-01,1976.0,42.83754893262554,SIMPEST
1976-06-02,1976.0,45.98618899156751,SIMPEST
1976-06-03,1976.0,49.1266046688854,SIMPEST
1976-06-04,1976.0,50.19429971665661,SIMPEST
1976-06-05,1976.0,51.380976733422216,SIMPEST
1976-06-06,1976.0,51.380976733422216,SIMPEST
1976-06-07,1976.0,52.70258646736572,SIMPEST
1976-06-08,1976.0,52.70258646736572,SIMPEST
1976-06-09,1976.0,52.70258646736572,SIMPEST
1976-06-10,1976.0,52.70258646736572,SIMPEST
1976-06-11,1976.0,52.70258646736572,SIMPEST
1976-06-12,1976.0,53.58441047750014,SIMPEST
1976-06-13,1976.0,53.68104474614132,SIMPEST
1976-06-14,1976.0,53.68104474614132,SIMPEST
1976-06-15,1976.0,53.791431856646334,SIMPEST
1976-06-16,1976.0,54.4472088800508,SIMPEST
1976-06-17,1976.0,54.816383730760556,SIMPEST
1976-06-18,1976.0,54.83598108708063,SIMPEST
1976-06-19,1976.0,54.83598108708063,SIMPEST
1976-06-20,1976.0,54.83598108708063,SIMPEST
1976-06-21,1976.0,54.83598108708063,SIMPEST
1976-06-22,1976.0,54.83598108708063,SIMPEST
1976-06-23,1976.0,54.83598108708063,SIMPEST
1976-06-24,1976.0,54.83598108708063,SIMPEST
1976-06-25,1976.0,54.83598108708063,SIMPEST
1976-06-26,1976.0,54.83598108708063,SIMPEST
1976-06-27,1976.0,54.83598108708063,SIMPEST
1976-06-28,1976.0,54.83598108708063,SIMPEST
1976-06-29,1976.0,54.86336791860822,SIMPEST
1976-06-30,1976.0,54.87095734236402,SIMPEST
1976-07-01,1976.0,54.87095734236402,SIMPEST
1976-07-02,1976.0,54.87095734236402,SIMPEST
1976-07-03,1976.0,54.87095734236402,SIMPEST
1976-07-04,1976.0,54.87095734236402,SIMPEST
1976-07-05,1976.0,54.87095734236402,SIMPEST
1976-10-03,1976.0,0.0,SIMPEST
1976-10-04,1976.0,0.0,SIMPEST
1976-10-05,1976.0,0.0,SIMPEST
1976-10-06,1976.0,0.0,SIMPEST
1976-10-07,1976.0,0.0,SIMPEST
1976-10-08,1976.0,0.0,SIMPEST
1976-10-09,1976.0,0.0,SIMPEST
1976-10-10,1976.0,0.0,SIMPEST
1976-10-11,1976.0,0.0,SIMPEST
1976-10-12,1976.0,0.0,SIMPEST
1976-10-13,1976.0,0.0,SIMPEST
1976-10-14,1976.0,0.0,SIMPEST
1976-10-15,1976.0,0.0,SIMPEST
1976-10-16,1976.0,0.0,SIMPEST
1976-10-17,1976.0,0.0,SIMPEST
1976-10-18,1976.0,0.0,SIMPEST
1976-10-19,1976.0,0.0,SIMPEST
1976-10-20,1976.0,0.0,SIMPEST
1976-10-21,1976.0,0.0,SIMPEST
1976-10-22,1976.0,0.0,SIMPEST
1976-10-23,1976.0,0.0,SIMPEST
1976-10-24,1976.0,0.0,SIMPEST
1976-10-25,1976.0,0.0,SIMPEST
1976-10-26,1976.0,0.0,SIMPEST
1976-10-27,1976.0,0.0,SIMPEST
1976-10-28,1976.0,0.0,SIMPEST
1976-10-29,1976.0,0.0,SIMPEST
1976-10-30,1976.0,0.0,SIMPEST
1976-10-31,1976.0,0.0,SIMPEST
1976-11-01,1976.0,0.0,SIMPEST
1976-11-02,1976.0,0.0,SIMPEST
1976-11-03,1976.0,0.0,SIMPEST
1976-11-04,1976.0,0.0,SIMPEST
1976-11-05,1976.0,0.0,SIMPEST
1976-11-06,1976.0,0.0,SIMPEST
1976-11-07,1976.0,0.0,SIMPEST
1976-11-08,1976.0,0.0,SIMPEST
1976-11-09,1976.0,0.0,SIMPEST
1976-11-10,1976.0,0.0,SIMPEST
1976-11-11,1976.0,0.0,SIMPEST
1976-11-12,1976.0,0.0,SIMPEST
1976-11-13,1976.0,0.0,SIMPEST
1976-11-14,1976.0,0.0,SIMPEST
1976-11-15,1976.0,0.0,SIMPEST
1976-11-16,1976.0,0.0,SIMPEST
1976-11-17,1976.0,0.0,SIMPEST
1976-11-18,1976.0,0.0,SIMPEST
1976-11-19,1976.0,0.0,SIMPEST
1976-11-20,1976.0,0.0,SIMPEST
1976-11-21,1976.0,0.0,SIMPEST
1976-11-22,1976.0,0.0,SIMPEST
1976-11-23,1976.0,0.0,SIMPEST
1976-11-24,1976.0,0.0,SIMPEST
1976-11-25,1976.0,0.0,SIMPEST
1976-11-26,1976.0,0.0,SIMPEST
1976-11-27,1976.0,0.0,SIMPEST
1976-11-28,1976.0,0.0,SIMPEST
1976-11-29,1976.0,0.0,SIMPEST
1976-11-30,1976.0,0.0,SIMPEST
1976-12-01,1976.0,0.0,SIMPEST
1976-12-02,1976.0,0.0,SIMPEST
1976-12-03,1976.0,0.0,SIMPEST
1976-12-04,1976.0,0.0,SIMPEST
1976-12-05,1976.0,0.0,SIMPEST
1976-12-06,1976.0,0.0,SIMPEST
1976-12-07,1976.0,0.0,SIMPEST
1976-12-08,1976.0,0.0,SIMPEST
1976-12-09,1976.0,0.0,SIMPEST
1976-12-10,1976.0,0.0,SIMPEST
1976-12-11,1976.0,0.0,SIMPEST
1976-12-12,1976.0,0.0,SIMPEST
1976-12-13,1976.0,0.0,SIMPEST
1976-12-14,1976.0,0.0,SIMPEST
1976-12-15,1976.0,0.0,SIMPEST
1976-12-16,1976.0,0.0,SIMPEST
1976-12-17,1976.0,0.0,SIMPEST
1976-12-18,1976.0,0.0,SIMPEST
1976-12-19,1976.0,0.0,SIMPEST
1976-12-20,1976.0,0.0,SIMPEST
1976-12-21,1976.0,0.0,SIMPEST
1976-12-22,1976.0,0.0,SIMPEST
1976-12-23,1976.0,0.0,SIMPEST
1976-12-24,1976.0,0.0,SIMPEST
1976-12-25,1976.0,0.0,SIMPEST
1976-12-26,1976.0,0.0,SIMPEST
1976-12-27,1976.0,0.0,SIMPEST
1976-12-28,1976.0,0.0,SIMPEST
1976-12-29,1976.0,0.0,SIMPEST
1976-12-30,1976.0,0.0,SIMPEST
1976-12-31,1976.0,0.0,SIMPEST
1977-01-01,1977.0,0.0,SIMPEST
1977-01-02,1977.0,0.0,SIMPEST
1977-01-03,1977.0,0.0,SIMPEST
1977-01-04,1977.0,0.0,SIMPEST
1977-01-05,1977.0,0.0,SIMPEST
1977-01-06,1977.0,0.0,SIMPEST
1977-01-07,1977.0,0.0,SIMPEST
1977-01-08,1977.0,0.0,SIMPEST
1977-01-09,1977.0,0.0,SIMPEST
1977-01-10,1977.0,0.0,SIMPEST
1977-01-11,1977.0,0.0,SIMPEST
1977-01-12,1977.0,0.0,SIMPEST
1977-01-13,1977.0,0.0,SIMPEST
1977-01-14,1977.0,0.0,SIMPEST
1977-01-15,1977.0,0.0,SIMPEST
1977-01-16,1977.0,0.0,SIMPEST
1977-01-17,1977.0,0.0,SIMPEST
1977-01-18,1977.0,0.0,SIMPEST
1977-01-19,1977.0,0.0,SIMPEST
1977-01-20,1977.0,0.0,SIMPEST
1977-01-21,1977.0,0.0,SIMPEST
1977-01-22,1977.0,0.0,SIMPEST
1977-01-23,1977.0,0.0,SIMPEST
1977-01-24,1977.0,0.0,SIMPEST
1977-01-25,1977.0,0.0,SIMPEST
1977-01-26,1977.0,0.0,SIMPEST
1977-01-27,1977.0,0.0,SIMPEST
1977-01-28,1977.0,0.0,SIMPEST
1977-01-29,1977.0,0.0,SIMPEST
1977-01-30,1977.0,0.0,SIMPEST
1977-01-31,1977.0,0.0,SIMPEST
1977-02-01,1977.0,0.0,SIMPEST
1977-02-02,1977.0,0.0,SIMPEST
1977-02-03,1977.0,0.0,SIMPEST
1977-02-04,1977.0,0.0,SIMPEST
1977-02-05,1977.0,0.0,SIMPEST
1977-02-06,1977.0,0.0,SIMPEST
1977-02-07,1977.0,0.0,SIMPEST
1977-02-08,1977.0,0.0,SIMPEST
1977-02-09,1977.0,0.0,SIMPEST
1977-02-10,1977.0,0.0,SIMPEST
1977-02-11,1977.0,0.0,SIMPEST
1977-02-12,1977.0,0.0,SIMPEST
1977-02-13,1977.0,0.0,SIMPEST
1977-02-14,1977.0,0.0,SIMPEST
1977-02-15,1977.0,0.0,SIMPEST
1977-02-16,1977.0,0.0,SIMPEST
1977-02-17,1977.0,0.0,SIMPEST
1977-02-18,1977.0,0.0,SIMPEST
1977-02-19,1977.0,0.0,SIMPEST
1977-02-20,1977.0,0.0,SIMPEST
1977-02-21,1977.0,0.0,SIMPEST
1977-02-22,1977.0,0.0,SIMPEST
1977-02-23,1977.0,0.0,SIMPEST
1977-02-24,1977.0,0.0,SIMPEST
1977-02-25,1977.0,0.0,SIMPEST
1977-02-26,1977.0,0.0,SIMPEST
1977-02-27,1977.0,0.0,SIMPEST
1977-02-28,1977.0,0.0,SIMPEST
1977-03-01,1977.0,0.0,SIMPEST
1977-03-02,1977.0,0.0,SIMPEST
1977-03-03,1977.0,0.0,SIMPEST
1977-03-04,1977.0,0.0,SIMPEST
1977-03-05,1977.0,0.0,SIMPEST
1977-03-06,1977.0,0.0,SIMPEST
1977-03-07,1977.0,0.0,SIMPEST
1977-03-08,1977.0,0.0,SIMPEST
1977-03-09,1977.0,0.0,SIMPEST
1977-03-10,1977.0,0.0,SIMPEST
1977-03-11,1977.0,0.0,SIMPEST
1977-03-12,1977.0,0.0,SIMPEST
1977-03-13,1977.0,0.0,SIMPEST
1977-03-14,1977.0,0.0,SIMPEST
1977-03-15,1977.0,0.0,SIMPEST
1977-03-16,1977.0,0.0,SIMPEST
1977-03-17,1977.0,0.0,SIMPEST
1977-03-18,1977.0,0.0,SIMPEST
1977-03-19,1977.0,0.0,SIMPEST
1977-03-20,1977.0,0.0,SIMPEST
1977-03-21,1977.0,0.0,SIMPEST
1977-03-22,1977.0,0.0,SIMPEST
1977-03-23,1977.0,0.0,SIMPEST
1977-03-24,1977.0,0.0,SIMPEST
1977-03-25,1977.0,0.0,SIMPEST
1977-03-26,1977.0,0.0,SIMPEST
1977-03-27,1977.0,0.0,SIMPEST
1977-03-28,1977.0,0.0,SIMPEST
1977-03-29,1977.0,0.0,SIMPEST
1977-03-30,1977.0,0.0,SIMPEST
1977-03-31,1977.0,0.0,SIMPEST
1977-04-01,1977.0,0.0,SIMPEST
1977-04-02,1977.0,0.0,SIMPEST
1977-04-03,1977.0,0.0,SIMPEST
1977-04-04,1977.0,0.0,SIMPEST
1977-04-05,1977.0,0.0,SIMPEST
1977-04-06,1977.0,0.0,SIMPEST
1977-04-07,1977.0,0.0,SIMPEST
1977-04-08,1977.0,0.0,SIMPEST
1977-04-09,1977.0,0.0,SIMPEST
1977-04-10,1977.0,0.0,SIMPEST
1977-04-11,1977.0,0.0,SIMPEST
1977-04-12,1977.0,0.0,SIMPEST
1977-04-13,1977.0,0.0,SIMPEST
1977-04-14,1977.0,0.0,SIMPEST
1977-04-15,1977.0,0.0,SIMPEST
1977-04-16,1977.0,0.0,SIMPEST
1977-04-17,1977.0,0.0,SIMPEST
1977-04-18,1977.0,0.0,SIMPEST
1977-04-19,1977.0,0.0,SIMPEST
1977-04-20,1977.0,0.0,SIMPEST
1977-04-21,1977.0,0.0,SIMPEST
1977-04-22,1977.0,0.0,SIMPEST
1977-04-23,1977.0,0.0,SIMPEST
1977-04-24,1977.0,0.0,SIMPEST
1977-04-25,1977.0,0.0,SIMPEST
1977-04-26,1977.0,0.0,SIMPEST
1977-04-27,1977.0,0.0,SIMPEST
1977-04-28,1977.0,0.0,SIMPEST
1977-04-29,1977.0,0.0,SIMPEST
1977-04-30,1977.0,0.0,SIMPEST
1977-05-01,1977.0,0.0,SIMPEST
1977-05-02,1977.0,0.0,SIMPEST
1977-05-03,1977.0,0.0,SIMPEST
1977-05-04,1977.0,0.0,SIMPEST
1977-05-05,1977.0,0.0,SIMPEST
1977-05-06,1977.0,0.0,SIMPEST
1977-05-07,1977.0,0.0,SIMPEST
1977-05-08,1977.0,0.0,SIMPEST
1977-05-09,1977.0,0.0,SIMPEST
1977-05-10,1977.0,0.0,SIMPEST
1977-05-11,1977.0,0.0,SIMPEST
1977-05-12,1977.0,0.0,SIMPEST
1977-05-13,1977.0,0.0,SIMPEST
1977-05-14,1977.0,2.44867019126657,SIMPEST
1977-05-15,1977.0,4.56836422415933,SIMPEST
1977-05-16,1977.0,6.21030689589478,SIMPEST
1977-05-17,1977.0,6.239813202673719,SIMPEST
1977-05-18,1977.0,9.05232571726694,SIMPEST
1977-05-19,1977.0,9.10043051696887,SIMPEST
1977-05-20,1977.0,13.500843328214602,SIMPEST
1977-05-21,1977.0,15.348204691875662,SIMPEST
1977-05-22,1977.0,20.079828421811268,SIMPEST
1977-05-23,1977.0,24.61934599419272,SIMPEST
1977-05-24,1977.0,29.21718174410191,SIMPEST
1977-05-25,1977.0,31.755074473145772,SIMPEST
1977-05-26,1977.0,31.755074473145772,SIMPEST
1977-05-27,1977.0,31.755074473145772,SIMPEST
1977-05-28,1977.0,31.755074473145772,SIMPEST
1977-05-29,1977.0,31.755074473145772,SIMPEST
1977-05-30,1977.0,31.755074473145772,SIMPEST
1977-05-31,1977.0,31.755074473145772,SIMPEST
1977-06-01,1977.0,31.755074473145772,SIMPEST
1977-06-02,1977.0,31.755074473145772,SIMPEST
1977-06-03,1977.0,31.755074473145772,SIMPEST
1977-06-04,1977.0,31.755074473145772,SIMPEST
1977-06-05,1977.0,31.84126428821227,SIMPEST
1977-06-06,1977.0,34.06536089065473,SIMPEST
1977-06-07,1977.0,35.39832031354918,SIMPEST
1977-06-08,1977.0,35.39832031354918,SIMPEST
1977-06-09,1977.0,35.39832031354918,SIMPEST
1977-06-10,1977.0,35.39832031354918,SIMPEST
1977-06-11,1977.0,36.77840002568029,SIMPEST
1977-06-12,1977.0,36.77840002568029,SIMPEST
1977-06-13,1977.0,36.77840002568029,SIMPEST
1977-06-14,1977.0,36.77840002568029,SIMPEST
1977-06-15,1977.0,36.77840002568029,SIMPEST
1977-06-16,1977.0,38.092084601756056,SIMPEST
1977-06-17,1977.0,39.537787299992225,SIMPEST
1977-06-18,1977.0,39.537787299992225,SIMPEST
1977-06-19,1977.0,39.53778729999224,SIMPEST
1977-06-20,1977.0,39.53778729999224,SIMPEST
1977-06-21,1977.0,39.77228741160529,SIMPEST
1977-06-22,1977.0,41.201840037919055,SIMPEST
1977-06-23,1977.0,41.201840037919055,SIMPEST
1977-06-24,1977.0,42.87795349011731,SIMPEST
1977-06-25,1977.0,42.87795349011731,SIMPEST
1977-06-26,1977.0,43.93818110469594,SIMPEST
1977-06-27,1977.0,44.14666372331516,SIMPEST
1977-06-28,1977.0,44.266849352881735,SIMPEST
1977-06-29,1977.0,44.266849352881735,SIMPEST
1977-06-30,1977.0,44.266849352881735,SIMPEST
1977-07-01,1977.0,44.266849352881735,SIMPEST
1977-07-02,1977.0,44.44524539071808,SIMPEST
1977-07-03,1977.0,44.63158813174087,SIMPEST
1977-07-04,1977.0,44.63158813174087,SIMPEST
1977-07-05,1977.0,44.63303583917059,SIMPEST
1977-07-06,1977.0,44.63303583917059,SIMPEST
1977-07-07,1977.0,44.63303583917059,SIMPEST
1977-07-08,1977.0,44.63303583917059,SIMPEST
1977-07-09,1977.0,44.76724361454959,SIMPEST
1977-07-10,1977.0,44.76724361454959,SIMPEST
1977-07-11,1977.0,44.79716412897305,SIMPEST
1977-07-12,1977.0,44.868699833065214,SIMPEST
1977-07-13,1977.0,44.868699833065214,SIMPEST
1977-07-14,1977.0,44.93132077556291,SIMPEST
1977-07-15,1977.0,44.93132077556291,SIMPEST
1977-07-16,1977.0,44.94943752083096,SIMPEST
1977-07-17,1977.0,44.94943752083096,SIMPEST
1977-07-18,1977.0,44.96331337472085,SIMPEST
1977-10-13,1977.0,0.0,SIMPEST
1977-10-14,1977.0,0.0,SIMPEST
1977-10-15,1977.0,0.0,SIMPEST
1977-10-16,1977.0,0.0,SIMPEST
1977-10-17,1977.0,0.0,SIMPEST
1977-10-18,1977.0,0.0,SIMPEST
1977-10-19,1977.0,0.0,SIMPEST
1977-10-20,1977.0,0.0,SIMPEST
1977-10-21,1977.0,0.0,SIMPEST
1977-10-22,1977.0,0.0,SIMPEST
1977-10-23,1977.0,0.0,SIMPEST
1977-10-24,1977.0,0.0,SIMPEST
1977-10-25,1977.0,0.0,SIMPEST
1977-10-26,1977.0,0.0,SIMPEST
1977-10-27,1977.0,0.0,SIMPEST
1977-10-28,1977.0,0.0,SIMPEST
1977-10-29,1977.0,0.0,SIMPEST
1977-10-30,1977.0,0.0,SIMPEST
1977-10-31,1977.0,0.0,SIMPEST
1977-11-01,1977.0,0.0,SIMPEST
1977-11-02,1977.0,0.0,SIMPEST
1977-11-03,1977.0,0.0,SIMPEST
1977-11-04,1977.0,0.0,SIMPEST
1977-11-05,1977.0,0.0,SIMPEST
1977-11-06,1977.0,0.0,SIMPEST
1977-11-07,1977.0,0.0,SIMPEST
1977-11-08,1977.0,0.0,SIMPEST
1977-11-09,1977.0,0.0,SIMPEST
1977-11-10,1977.0,0.0,SIMPEST
1977-11-11,1977.0,0.0,SIMPEST
1977-11-12,1977.0,0.0,SIMPEST
1977-11-13,1977.0,0.0,SIMPEST
1977-11-14,1977.0,0.0,SIMPEST
1977-11-15,1977.0,0.0,SIMPEST
1977-11-16,1977.0,0.0,SIMPEST
1977-11-17,1977.0,0.0,SIMPEST
1977-11-18,1977.0,0.0,SIMPEST
1977-11-19,1977.0,0.0,SIMPEST
1977-11-20,1977.0,0.0,SIMPEST
1977-11-21,1977.0,0.0,SIMPEST
1977-11-22,1977.0,0.0,SIMPEST
1977-11-23,1977.0,0.0,SIMPEST
1977-11-24,1977.0,0.0,SIMPEST
1977-11-25,1977.0,0.0,SIMPEST
1977-11-26,1977.0,0.0,SIMPEST
1977-11-27,1977.0,0.0,SIMPEST
1977-11-28,1977.0,0.0,SIMPEST
1977-11-29,1977.0,0.0,SIMPEST
1977-11-30,1977.0,0.0,SIMPEST
1977-12-01,1977.0,0.0,SIMPEST
1977-12-02,1977.0,0.0,SIMPEST
1977-12-03,1977.0,0.0,SIMPEST
1977-12-04,1977.0,0.0,SIMPEST
1977-12-05,1977.0,0.0,SIMPEST
1977-12-06,1977.0,0.0,SIMPEST
1977-12-07,1977.0,0.0,SIMPEST
1977-12-08,1977.0,0.0,SIMPEST
1977-12-09,1977.0,0.0,SIMPEST
1977-12-10,1977.0,0.0,SIMPEST
1977-12-11,1977.0,0.0,SIMPEST
1977-12-12,1977.0,0.0,SIMPEST
1977-12-13,1977.0,0.0,SIMPEST
1977-12-14,1977.0,0.0,SIMPEST
1977-12-15,1977.0,0.0,SIMPEST
1977-12-16,1977.0,0.0,SIMPEST
1977-12-17,1977.0,0.0,SIMPEST
1977-12-18,1977.0,0.0,SIMPEST
1977-12-19,1977.0,0.0,SIMPEST
1977-12-20,1977.0,0.0,SIMPEST
1977-12-21,1977.0,0.0,SIMPEST
1977-12-22,1977.0,0.0,SIMPEST
1977-12-23,1977.0,0.0,SIMPEST
1977-12-24,1977.0,0.0,SIMPEST
1977-12-25,1977.0,0.0,SIMPEST
1977-12-26,1977.0,0.0,SIMPEST
1977-12-27,1977.0,0.0,SIMPEST
1977-12-28,1977.0,0.0,SIMPEST
1977-12-29,1977.0,0.0,SIMPEST
1977-12-30,1977.0,0.0,SIMPEST
1977-12-31,1977.0,0.0,SIMPEST
1978-01-01,1978.0,0.0,SIMPEST
1978-01-02,1978.0,0.0,SIMPEST
1978-01-03,1978.0,0.0,SIMPEST
1978-01-04,1978.0,0.0,SIMPEST
1978-01-05,1978.0,0.0,SIMPEST
1978-01-06,1978.0,0.0,SIMPEST
1978-01-07,1978.0,0.0,SIMPEST
1978-01-08,1978.0,0.0,SIMPEST
1978-01-09,1978.0,0.0,SIMPEST
1978-01-10,1978.0,0.0,SIMPEST
1978-01-11,1978.0,0.0,SIMPEST
1978-01-12,1978.0,0.0,SIMPEST
1978-01-13,1978.0,0.0,SIMPEST
1978-01-14,1978.0,0.0,SIMPEST
1978-01-15,1978.0,0.0,SIMPEST
1978-01-16,1978.0,0.0,SIMPEST
1978-01-17,1978.0,0.0,SIMPEST
1978-01-18,1978.0,0.0,SIMPEST
1978-01-19,1978.0,0.0,SIMPEST
1978-01-20,1978.0,0.0,SIMPEST
1978-01-21,1978.0,0.0,SIMPEST
1978-01-22,1978.0,0.0,SIMPEST
1978-01-23,1978.0,0.0,SIMPEST
1978-01-24,1978.0,0.0,SIMPEST
1978-01-25,1978.0,0.0,SIMPEST
1978-01-26,1978.0,0.0,SIMPEST
1978-01-27,1978.0,0.0,SIMPEST
1978-01-28,1978.0,0.0,SIMPEST
1978-01-29,1978.0,0.0,SIMPEST
1978-01-30,1978.0,0.0,SIMPEST
1978-01-31,1978.0,0.0,SIMPEST
1978-02-01,1978.0,0.0,SIMPEST
1978-02-02,1978.0,0.0,SIMPEST
1978-02-03,1978.0,0.0,SIMPEST
1978-02-04,1978.0,0.0,SIMPEST
1978-02-05,1978.0,0.0,SIMPEST
1978-02-06,1978.0,0.0,SIMPEST
1978-02-07,1978.0,0.0,SIMPEST
1978-02-08,1978.0,0.0,SIMPEST
1978-02-09,1978.0,0.0,SIMPEST
1978-02-10,1978.0,0.0,SIMPEST
1978-02-11,1978.0,0.0,SIMPEST
1978-02-12,1978.0,0.0,SIMPEST
1978-02-13,1978.0,0.0,SIMPEST
1978-02-14,1978.0,0.0,SIMPEST
1978-02-15,1978.0,0.0,SIMPEST
1978-02-16,1978.0,0.0,SIMPEST
1978-02-17,1978.0,0.0,SIMPEST
1978-02-18,1978.0,0.0,SIMPEST
1978-02-19,1978.0,0.0,SIMPEST
1978-02-20,1978.0,0.0,SIMPEST
1978-02-21,1978.0,0.0,SIMPEST
1978-02-22,1978.0,0.0,SIMPEST
1978-02-23,1978.0,0.0,SIMPEST
1978-02-24,1978.0,0.0,SIMPEST
1978-02-25,1978.0,0.0,SIMPEST
1978-02-26,1978.0,0.0,SIMPEST
1978-02-27,1978.0,0.0,SIMPEST
1978-02-28,1978.0,0.0,SIMPEST
1978-03-01,1978.0,0.0,SIMPEST
1978-03-02,1978.0,0.0,SIMPEST
1978-03-03,1978.0,0.0,SIMPEST
1978-03-04,1978.0,0.0,SIMPEST
1978-03-05,1978.0,0.0,SIMPEST
1978-03-06,1978.0,0.0,SIMPEST
1978-03-07,1978.0,0.0,SIMPEST
1978-03-08,1978.0,0.0,SIMPEST
1978-03-09,1978.0,0.0,SIMPEST
1978-03-10,1978.0,0.0,SIMPEST
1978-03-11,1978.0,0.0,SIMPEST
1978-03-12,1978.0,0.0,SIMPEST
1978-03-13,1978.0,0.0,SIMPEST
1978-03-14,1978.0,0.0,SIMPEST
1978-03-15,1978.0,0.0,SIMPEST
1978-03-16,1978.0,0.0,SIMPEST
1978-03-17,1978.0,0.0,SIMPEST
1978-03-18,1978.0,0.0,SIMPEST
1978-03-19,1978.0,0.0,SIMPEST
1978-03-20,1978.0,0.0,SIMPEST
1978-03-21,1978.0,0.0,SIMPEST
1978-03-22,1978.0,0.0,SIMPEST
1978-03-23,1978.0,0.0,SIMPEST
1978-03-24,1978.0,0.0,SIMPEST
1978-03-25,1978.0,0.0,SIMPEST
1978-03-26,1978.0,0.0,SIMPEST
1978-03-27,1978.0,0.0,SIMPEST
1978-03-28,1978.0,0.0,SIMPEST
1978-03-29,1978.0,0.0,SIMPEST
1978-03-30,1978.0,0.0,SIMPEST
1978-03-31,1978.0,0.0,SIMPEST
1978-04-01,1978.0,0.0,SIMPEST
1978-04-02,1978.0,0.0,SIMPEST
1978-04-03,1978.0,0.0,SIMPEST
1978-04-04,1978.0,0.0,SIMPEST
1978-04-05,1978.0,0.0,SIMPEST
1978-04-06,1978.0,0.0,SIMPEST
1978-04-07,1978.0,0.0,SIMPEST
1978-04-08,1978.0,0.0,SIMPEST
1978-04-09,1978.0,0.0,SIMPEST
1978-04-10,1978.0,0.0,SIMPEST
1978-04-11,1978.0,0.0,SIMPEST
1978-04-12,1978.0,0.0,SIMPEST
1978-04-13,1978.0,0.0,SIMPEST
1978-04-14,1978.0,0.0,SIMPEST
1978-04-15,1978.0,0.0,SIMPEST
1978-04-16,1978.0,0.0,SIMPEST
1978-04-17,1978.0,0.0,SIMPEST
1978-04-18,1978.0,0.0,SIMPEST
1978-04-19,1978.0,0.0,SIMPEST
1978-04-20,1978.0,0.0,SIMPEST
1978-04-21,1978.0,0.0,SIMPEST
1978-04-22,1978.0,0.0,SIMPEST
1978-04-23,1978.0,0.0,SIMPEST
1978-04-24,1978.0,0.0,SIMPEST
1978-04-25,1978.0,0.0,SIMPEST
1978-04-26,1978.0,0.0,SIMPEST
1978-04-27,1978.0,0.0,SIMPEST
1978-04-28,1978.0,0.0,SIMPEST
1978-04-29,1978.0,0.0,SIMPEST
1978-04-30,1978.0,0.0,SIMPEST
1978-05-01,1978.0,0.0,SIMPEST
1978-05-02,1978.0,0.0,SIMPEST
1978-05-03,1978.0,0.0,SIMPEST
1978-05-04,1978.0,0.0,SIMPEST
1978-05-05,1978.0,0.0,SIMPEST
1978-05-06,1978.0,0.0,SIMPEST
1978-05-07,1978.0,0.0,SIMPEST
1978-05-08,1978.0,0.0,SIMPEST
1978-05-09,1978.0,0.0,SIMPEST
1978-05-10,1978.0,0.0,SIMPEST
1978-05-11,1978.0,0.0,SIMPEST
1978-05-12,1978.0,0.0,SIMPEST
1978-05-13,1978.0,0.0,SIMPEST
1978-05-14,1978.0,0.0,SIMPEST
1978-05-15,1978.0,0.0,SIMPEST
1978-05-16,1978.0,0.0,SIMPEST
1978-05-17,1978.0,0.0,SIMPEST
1978-05-18,1978.0,0.0,SIMPEST
1978-05-19,1978.0,0.0,SIMPEST
1978-05-20,1978.0,0.0,SIMPEST
1978-05-21,1978.0,0.0,SIMPEST
1978-05-22,1978.0,0.0,SIMPEST
1978-05-23,1978.0,0.0,SIMPEST
1978-05-24,1978.0,0.0,SIMPEST
1978-05-25,1978.0,0.0,SIMPEST
1978-05-26,1978.0,0.0,SIMPEST
1978-05-27,1978.0,0.8959176350398499,SIMPEST
1978-05-28,1978.0,0.8995642940943399,SIMPEST
1978-05-29,1978.0,0.90351643853001,SIMPEST
1978-05-30,1978.0,7.693816026167361,SIMPEST
1978-05-31,1978.0,10.22981733998145,SIMPEST
1978-06-01,1978.0,11.93666156831109,SIMPEST
1978-06-02,1978.0,11.99798217817302,SIMPEST
1978-06-03,1978.0,12.04916767646538,SIMPEST
1978-06-04,1978.0,12.04916767646538,SIMPEST
1978-06-05,1978.0,16.99368128071661,SIMPEST
1978-06-06,1978.0,16.99368128071661,SIMPEST
1978-06-07,1978.0,21.57703459495078,SIMPEST
1978-06-08,1978.0,23.921291185082392,SIMPEST
1978-06-09,1978.0,23.921291185082392,SIMPEST
1978-06-10,1978.0,23.921291185082392,SIMPEST
1978-06-11,1978.0,23.921291185082392,SIMPEST
1978-06-12,1978.0,23.921291185082392,SIMPEST
1978-06-13,1978.0,23.921291185082392,SIMPEST
1978-06-14,1978.0,26.029282780458278,SIMPEST
1978-06-15,1978.0,29.61059655138023,SIMPEST
1978-06-16,1978.0,29.61059655138023,SIMPEST
1978-06-17,1978.0,31.46048893265861,SIMPEST
1978-06-18,1978.0,35.938553907289226,SIMPEST
1978-06-19,1978.0,35.938553907289226,SIMPEST
1978-06-20,1978.0,35.938553907289226,SIMPEST
1978-06-21,1978.0,37.3936756560607,SIMPEST
1978-06-22,1978.0,37.3936756560607,SIMPEST
1978-06-23,1978.0,41.60252952387551,SIMPEST
1978-06-24,1978.0,41.60252952387551,SIMPEST
1978-06-25,1978.0,41.60252952387551,SIMPEST
1978-06-26,1978.0,41.60252952387551,SIMPEST
1978-06-27,1978.0,41.60252952387551,SIMPEST
1978-06-28,1978.0,45.31743263730346,SIMPEST
1978-06-29,1978.0,45.31743263730346,SIMPEST
1978-06-30,1978.0,45.31743263730347,SIMPEST
1978-07-01,1978.0,46.34068695064645,SIMPEST
1978-07-02,1978.0,46.34068695064645,SIMPEST
1978-07-03,1978.0,46.34068695064645,SIMPEST
1978-07-04,1978.0,48.80724052608926,SIMPEST
1978-07-05,1978.0,48.80724052608926,SIMPEST
1978-07-06,1978.0,48.80724052608926,SIMPEST
1978-07-07,1978.0,49.7453207063073,SIMPEST
1978-07-08,1978.0,49.7453207063073,SIMPEST
1978-07-09,1978.0,49.7453207063073,SIMPEST
1978-07-10,1978.0,49.7453207063073,SIMPEST
1978-07-11,1978.0,49.967527727275716,SIMPEST
1978-07-12,1978.0,51.02352828419803,SIMPEST
1978-07-13,1978.0,51.02352828419803,SIMPEST
1978-07-14,1978.0,51.20309655678057,SIMPEST
1978-07-15,1978.0,51.20309655678057,SIMPEST
1978-07-16,1978.0,51.57153210037245,SIMPEST
1978-07-17,1978.0,51.91244673231636,SIMPEST
1978-07-18,1978.0,51.91563590130248,SIMPEST
1978-07-19,1978.0,51.91563590130248,SIMPEST
1978-07-20,1978.0,51.91563590130248,SIMPEST
1978-07-21,1978.0,51.915635901302494,SIMPEST
1978-07-22,1978.0,51.915635901302494,SIMPEST
1978-07-23,1978.0,51.915635901302494,SIMPEST
1978-07-24,1978.0,51.9157435630583,SIMPEST
1978-07-25,1978.0,51.953308433417064,SIMPEST
1978-07-26,1978.0,51.95332358324086,SIMPEST
1978-07-27,1978.0,51.95332358324086,SIMPEST
1978-07-28,1978.0,51.95332358324087,SIMPEST
1978-07-29,1978.0,51.980141123641154,SIMPEST
1978-07-30,1978.0,51.98014140408066,SIMPEST
1978-07-31,1978.0,51.98014140408066,SIMPEST
1978-09-28,1978.0,0.0,SIMPEST
1978-09-29,1978.0,0.0,SIMPEST
1978-09-30,1978.0,0.0,SIMPEST
1978-10-01,1978.0,0.0,SIMPEST
1978-10-02,1978.0,0.0,SIMPEST
1978-10-03,1978.0,0.0,SIMPEST
1978-10-04,1978.0,0.0,SIMPEST
1978-10-05,1978.0,0.0,SIMPEST
1978-10-06,1978.0,0.0,SIMPEST
1978-10-07,1978.0,0.0,SIMPEST
1978-10-08,1978.0,0.0,SIMPEST
1978-10-09,1978.0,0.0,SIMPEST
1978-10-10,1978.0,0.0,SIMPEST
1978-10-11,1978.0,0.0,SIMPEST
1978-10-12,1978.0,0.0,SIMPEST
1978-10-13,1978.0,0.0,SIMPEST
1978-10-14,1978.0,0.0,SIMPEST
1978-10-15,1978.0,0.0,SIMPEST
1978-10-16,1978.0,0.0,SIMPEST
1978-10-17,1978.0,0.0,SIMPEST
1978-10-18,1978.0,0.0,SIMPEST
1978-10-19,1978.0,0.0,SIMPEST
1978-10-20,1978.0,0.0,SIMPEST
1978-10-21,1978.0,0.0,SIMPEST
1978-10-22,1978.0,0.0,SIMPEST
1978-10-23,1978.0,0.0,SIMPEST
1978-10-24,1978.0,0.0,SIMPEST
1978-10-25,1978.0,0.0,SIMPEST
1978-10-26,1978.0,0.0,SIMPEST
1978-10-27,1978.0,0.0,SIMPEST
1978-10-28,1978.0,0.0,SIMPEST
1978-10-29,1978.0,0.0,SIMPEST
1978-10-30,1978.0,0.0,SIMPEST
1978-10-31,1978.0,0.0,SIMPEST
1978-11-01,1978.0,0.0,SIMPEST
1978-11-02,1978.0,0.0,SIMPEST
1978-11-03,1978.0,0.0,SIMPEST
1978-11-04,1978.0,0.0,SIMPEST
1978-11-05,1978.0,0.0,SIMPEST
1978-11-06,1978.0,0.0,SIMPEST
1978-11-07,1978.0,0.0,SIMPEST
1978-11-08,1978.0,0.0,SIMPEST
1978-11-09,1978.0,0.0,SIMPEST
1978-11-10,1978.0,0.0,SIMPEST
1978-11-11,1978.0,0.0,SIMPEST
1978-11-12,1978.0,0.0,SIMPEST
1978-11-13,1978.0,0.0,SIMPEST
1978-11-14,1978.0,0.0,SIMPEST
1978-11-15,1978.0,0.0,SIMPEST
1978-11-16,1978.0,0.0,SIMPEST
1978-11-17,1978.0,0.0,SIMPEST
1978-11-18,1978.0,0.0,SIMPEST
1978-11-19,1978.0,0.0,SIMPEST
1978-11-20,1978.0,0.0,SIMPEST
1978-11-21,1978.0,0.0,SIMPEST
1978-11-22,1978.0,0.0,SIMPEST
1978-11-23,1978.0,0.0,SIMPEST
1978-11-24,1978.0,0.0,SIMPEST
1978-11-25,1978.0,0.0,SIMPEST
1978-11-26,1978.0,0.0,SIMPEST
1978-11-27,1978.0,0.0,SIMPEST
1978-11-28,1978.0,0.0,SIMPEST
1978-11-29,1978.0,0.0,SIMPEST
1978-11-30,1978.0,0.0,SIMPEST
1978-12-01,1978.0,0.0,SIMPEST
1978-12-02,1978.0,0.0,SIMPEST
1978-12-03,1978.0,0.0,SIMPEST
1978-12-04,1978.0,0.0,SIMPEST
1978-12-05,1978.0,0.0,SIMPEST
1978-12-06,1978.0,0.0,SIMPEST
1978-12-07,1978.0,0.0,SIMPEST
1978-12-08,1978.0,0.0,SIMPEST
1978-12-09,1978.0,0.0,SIMPEST
1978-12-10,1978.0,0.0,SIMPEST
1978-12-11,1978.0,0.0,SIMPEST
1978-12-12,1978.0,0.0,SIMPEST
1978-12-13,1978.0,0.0,SIMPEST
1978-12-14,1978.0,0.0,SIMPEST
1978-12-15,1978.0,0.0,SIMPEST
1978-12-16,1978.0,0.0,SIMPEST
1978-12-17,1978.0,0.0,SIMPEST
1978-12-18,1978.0,0.0,SIMPEST
1978-12-19,1978.0,0.0,SIMPEST
1978-12-20,1978.0,0.0,SIMPEST
1978-12-21,1978.0,0.0,SIMPEST
1978-12-22,1978.0,0.0,SIMPEST
1978-12-23,1978.0,0.0,SIMPEST
1978-12-24,1978.0,0.0,SIMPEST
1978-12-25,1978.0,0.0,SIMPEST
1978-12-26,1978.0,0.0,SIMPEST
1978-12-27,1978.0,0.0,SIMPEST
1978-12-28,1978.0,0.0,SIMPEST
1978-12-29,1978.0,0.0,SIMPEST
1978-12-30,1978.0,0.0,SIMPEST
1978-12-31,1978.0,0.0,SIMPEST
1979-01-01,1979.0,0.0,SIMPEST
1979-01-02,1979.0,0.0,SIMPEST
1979-01-03,1979.0,0.0,SIMPEST
1979-01-04,1979.0,0.0,SIMPEST
1979-01-05,1979.0,0.0,SIMPEST
1979-01-06,1979.0,0.0,SIMPEST
1979-01-07,1979.0,0.0,SIMPEST
1979-01-08,1979.0,0.0,SIMPEST
1979-01-09,1979.0,0.0,SIMPEST
1979-01-10,1979.0,0.0,SIMPEST
1979-01-11,1979.0,0.0,SIMPEST
1979-01-12,1979.0,0.0,SIMPEST
1979-01-13,1979.0,0.0,SIMPEST
1979-01-14,1979.0,0.0,SIMPEST
1979-01-15,1979.0,0.0,SIMPEST
1979-01-16,1979.0,0.0,SIMPEST
1979-01-17,1979.0,0.0,SIMPEST
1979-01-18,1979.0,0.0,SIMPEST
1979-01-19,1979.0,0.0,SIMPEST
1979-01-20,1979.0,0.0,SIMPEST
1979-01-21,1979.0,0.0,SIMPEST
1979-01-22,1979.0,0.0,SIMPEST
1979-01-23,1979.0,0.0,SIMPEST
1979-01-24,1979.0,0.0,SIMPEST
1979-01-25,1979.0,0.0,SIMPEST
1979-01-26,1979.0,0.0,SIMPEST
1979-01-27,1979.0,0.0,SIMPEST
1979-01-28,1979.0,0.0,SIMPEST
1979-01-29,1979.0,0.0,SIMPEST
1979-01-30,1979.0,0.0,SIMPEST
1979-01-31,1979.0,0.0,SIMPEST
1979-02-01,1979.0,0.0,SIMPEST
1979-02-02,1979.0,0.0,SIMPEST
1979-02-03,1979.0,0.0,SIMPEST
1979-02-04,1979.0,0.0,SIMPEST
1979-02-05,1979.0,0.0,SIMPEST
1979-02-06,1979.0,0.0,SIMPEST
1979-02-07,1979.0,0.0,SIMPEST
1979-02-08,1979.0,0.0,SIMPEST
1979-02-09,1979.0,0.0,SIMPEST
1979-02-10,1979.0,0.0,SIMPEST
1979-02-11,1979.0,0.0,SIMPEST
1979-02-12,1979.0,0.0,SIMPEST
1979-02-13,1979.0,0.0,SIMPEST
1979-02-14,1979.0,0.0,SIMPEST
1979-02-15,1979.0,0.0,SIMPEST
1979-02-16,1979.0,0.0,SIMPEST
1979-02-17,1979.0,0.0,SIMPEST
1979-02-18,1979.0,0.0,SIMPEST
1979-02-19,1979.0,0.0,SIMPEST
1979-02-20,1979.0,0.0,SIMPEST
1979-02-21,1979.0,0.0,SIMPEST
1979-02-22,1979.0,0.0,SIMPEST
1979-02-23,1979.0,0.0,SIMPEST
1979-02-24,1979.0,0.0,SIMPEST
1979-02-25,1979.0,0.0,SIMPEST
1979-02-26,1979.0,0.0,SIMPEST
1979-02-27,1979.0,0.0,SIMPEST
1979-02-28,1979.0,0.0,SIMPEST
1979-03-01,1979.0,0.0,SIMPEST
1979-03-02,1979.0,0.0,SIMPEST
1979-03-03,1979.0,0.0,SIMPEST
1979-03-04,1979.0,0.0,SIMPEST
1979-03-05,1979.0,0.0,SIMPEST
1979-03-06,1979.0,0.0,SIMPEST
1979-03-07,1979.0,0.0,SIMPEST
1979-03-08,1979.0,0.0,SIMPEST
1979-03-09,1979.0,0.0,SIMPEST
1979-03-10,1979.0,0.0,SIMPEST
1979-03-11,1979.0,0.0,SIMPEST
1979-03-12,1979.0,0.0,SIMPEST
1979-03-13,1979.0,0.0,SIMPEST
1979-03-14,1979.0,0.0,SIMPEST
1979-03-15,1979.0,0.0,SIMPEST
1979-03-16,1979.0,0.0,SIMPEST
1979-03-17,1979.0,0.0,SIMPEST
1979-03-18,1979.0,0.0,SIMPEST
1979-03-19,1979.0,0.0,SIMPEST
1979-03-20,1979.0,0.0,SIMPEST
1979-03-21,1979.0,0.0,SIMPEST
1979-03-22,1979.0,0.0,SIMPEST
1979-03-23,1979.0,0.0,SIMPEST
1979-03-24,1979.0,0.0,SIMPEST
1979-03-25,1979.0,0.0,SIMPEST
1979-03-26,1979.0,0.0,SIMPEST
1979-03-27,1979.0,0.0,SIMPEST
1979-03-28,1979.0,0.0,SIMPEST
1979-03-29,1979.0,0.0,SIMPEST
1979-03-30,1979.0,0.0,SIMPEST
1979-03-31,1979.0,0.0,SIMPEST
1979-04-01,1979.0,0.0,SIMPEST
1979-04-02,1979.0,0.0,SIMPEST
1979-04-03,1979.0,0.0,SIMPEST
1979-04-04,1979.0,0.0,SIMPEST
1979-04-05,1979.0,0.0,SIMPEST
1979-04-06,1979.0,0.0,SIMPEST
1979-04-07,1979.0,0.0,SIMPEST
1979-04-08,1979.0,0.0,SIMPEST
1979-04-09,1979.0,0.0,SIMPEST
1979-04-10,1979.0,0.0,SIMPEST
1979-04-11,1979.0,0.0,SIMPEST
1979-04-12,1979.0,0.0,SIMPEST
1979-04-13,1979.0,0.0,SIMPEST
1979-04-14,1979.0,0.0,SIMPEST
1979-04-15,1979.0,0.0,SIMPEST
1979-04-16,1979.0,0.0,SIMPEST
1979-04-17,1979.0,0.0,SIMPEST
1979-04-18,1979.0,0.0,SIMPEST
1979-04-19,1979.0,0.0,SIMPEST
1979-04-20,1979.0,0.0,SIMPEST
1979-04-21,1979.0,0.0,SIMPEST
1979-04-22,1979.0,0.0,SIMPEST
1979-04-23,1979.0,0.0,SIMPEST
1979-04-24,1979.0,0.0,SIMPEST
1979-04-25,1979.0,0.0,SIMPEST
1979-04-26,1979.0,0.0,SIMPEST
1979-04-27,1979.0,0.0,SIMPEST
1979-04-28,1979.0,0.0,SIMPEST
1979-04-29,1979.0,0.0,SIMPEST
1979-04-30,1979.0,0.0,SIMPEST
1979-05-01,1979.0,0.0,SIMPEST
1979-05-02,1979.0,0.0,SIMPEST
1979-05-03,1979.0,0.0,SIMPEST
1979-05-04,1979.0,0.0,SIMPEST
1979-05-05,1979.0,0.0,SIMPEST
1979-05-06,1979.0,0.0,SIMPEST
1979-05-07,1979.0,0.0,SIMPEST
1979-05-08,1979.0,0.0,SIMPEST
1979-05-09,1979.0,0.0,SIMPEST
1979-05-10,1979.0,0.0,SIMPEST
1979-05-11,1979.0,0.0,SIMPEST
1979-05-12,1979.0,0.0,SIMPEST
1979-05-13,1979.0,0.0,SIMPEST
1979-05-14,1979.0,0.0,SIMPEST
1979-05-15,1979.0,0.0,SIMPEST
1979-05-16,1979.0,2.56267851484989,SIMPEST
1979-05-17,1979.0,2.57164274155589,SIMPEST
1979-05-18,1979.0,2.58354797762411,SIMPEST
1979-05-19,1979.0,10.61632046581083,SIMPEST
1979-05-20,1979.0,10.663530061534859,SIMPEST
1979-05-21,1979.0,13.742214227733,SIMPEST
1979-05-22,1979.0,13.742214227733,SIMPEST
1979-05-23,1979.0,17.18911191973827,SIMPEST
1979-05-24,1979.0,17.18911191973827,SIMPEST
1979-05-25,1979.0,17.18911191973827,SIMPEST
1979-05-26,1979.0,17.18911191973827,SIMPEST
1979-05-27,1979.0,17.18911191973827,SIMPEST
1979-05-28,1979.0,17.18911191973827,SIMPEST
1979-05-29,1979.0,19.582291902527558,SIMPEST
1979-05-30,1979.0,21.93966425628257,SIMPEST
1979-05-31,1979.0,25.70557183377596,SIMPEST
1979-06-01,1979.0,28.925189040854338,SIMPEST
1979-06-02,1979.0,28.925189040854338,SIMPEST
1979-06-03,1979.0,28.925189040854338,SIMPEST
1979-06-04,1979.0,28.925189040854338,SIMPEST
1979-06-05,1979.0,28.925189040854338,SIMPEST
1979-06-06,1979.0,30.997903554035112,SIMPEST
1979-06-07,1979.0,30.997903554035112,SIMPEST
1979-06-08,1979.0,30.997903554035112,SIMPEST
1979-06-09,1979.0,30.997903554035112,SIMPEST
1979-06-10,1979.0,32.77867696485765,SIMPEST
1979-06-11,1979.0,32.83019231049286,SIMPEST
1979-06-12,1979.0,32.86412209320109,SIMPEST
1979-06-13,1979.0,32.86412209320109,SIMPEST
1979-06-14,1979.0,32.86412209320109,SIMPEST
1979-06-15,1979.0,34.366918566822555,SIMPEST
1979-06-16,1979.0,36.7520382940811,SIMPEST
1979-06-17,1979.0,36.7520382940811,SIMPEST
1979-06-18,1979.0,36.75203829408111,SIMPEST
1979-06-19,1979.0,36.75203829408111,SIMPEST
1979-06-20,1979.0,38.13060896599598,SIMPEST
1979-06-21,1979.0,40.971622763252505,SIMPEST
1979-06-22,1979.0,43.80481275073959,SIMPEST
1979-06-23,1979.0,44.64516310134797,SIMPEST
1979-06-24,1979.0,44.87828964305421,SIMPEST
1979-06-25,1979.0,44.87828964305421,SIMPEST
1979-06-26,1979.0,44.87828964305421,SIMPEST
1979-06-27,1979.0,44.87828964305421,SIMPEST
1979-06-28,1979.0,45.29870413295637,SIMPEST
1979-06-29,1979.0,45.29870413295637,SIMPEST
1979-06-30,1979.0,45.36122514916592,SIMPEST
1979-07-01,1979.0,45.36122514916592,SIMPEST
1979-07-02,1979.0,45.53368603848427,SIMPEST
1979-07-03,1979.0,46.07911427708565,SIMPEST
1979-07-04,1979.0,46.52070771659063,SIMPEST
1979-07-05,1979.0,46.88265230017607,SIMPEST
1979-07-06,1979.0,47.19228457209961,SIMPEST
1979-07-07,1979.0,47.19344353797627,SIMPEST
1979-07-08,1979.0,47.19344353797627,SIMPEST
1979-07-09,1979.0,47.19344353797627,SIMPEST
1979-07-10,1979.0,47.19344353797627,SIMPEST
1979-07-11,1979.0,47.19344353797628,SIMPEST
1979-07-12,1979.0,47.19344353797628,SIMPEST
1979-07-13,1979.0,47.19348393576759,SIMPEST
1979-07-14,1979.0,47.31240059747325,SIMPEST
1979-07-15,1979.0,47.39114772928001,SIMPEST
1979-07-16,1979.0,47.39115299512173,SIMPEST
1979-07-17,1979.0,47.39115299512173,SIMPEST
1979-07-18,1979.0,47.39115299512173,SIMPEST
1979-07-19,1979.0,47.41463588973595,SIMPEST
1979-07-20,1979.0,47.41463588973595,SIMPEST
1979-10-05,1979.0,0.0,SIMPEST
1979-10-06,1979.0,0.0,SIMPEST
1979-10-07,1979.0,0.0,SIMPEST
1979-10-08,1979.0,0.0,SIMPEST
1979-10-09,1979.0,0.0,SIMPEST
1979-10-10,1979.0,0.0,SIMPEST
1979-10-11,1979.0,0.0,SIMPEST
1979-10-12,1979.0,0.0,SIMPEST
1979-10-13,1979.0,0.0,SIMPEST
1979-10-14,1979.0,0.0,SIMPEST
1979-10-15,1979.0,0.0,SIMPEST
1979-10-16,1979.0,0.0,SIMPEST
1979-10-17,1979.0,0.0,SIMPEST
1979-10-18,1979.0,0.0,SIMPEST
1979-10-19,1979.0,0.0,SIMPEST
1979-10-20,1979.0,0.0,SIMPEST
1979-10-21,1979.0,0.0,SIMPEST
1979-10-22,1979.0,0.0,SIMPEST
1979-10-23,1979.0,0.0,SIMPEST
1979-10-24,1979.0,0.0,SIMPEST
1979-10-25,1979.0,0.0,SIMPEST
1979-10-26,1979.0,0.0,SIMPEST
1979-10-27,1979.0,0.0,SIMPEST
1979-10-28,1979.0,0.0,SIMPEST
1979-10-29,1979.0,0.0,SIMPEST
1979-10-30,1979.0,0.0,SIMPEST
1979-10-31,1979.0,0.0,SIMPEST
1979-11-01,1979.0,0.0,SIMPEST
1979-11-02,1979.0,0.0,SIMPEST
1979-11-03,1979.0,0.0,SIMPEST
1979-11-04,1979.0,0.0,SIMPEST
1979-11-05,1979.0,0.0,SIMPEST
1979-11-06,1979.0,0.0,SIMPEST
1979-11-07,1979.0,0.0,SIMPEST
1979-11-08,1979.0,0.0,SIMPEST
1979-11-09,1979.0,0.0,SIMPEST
1979-11-10,1979.0,0.0,SIMPEST
1979-11-11,1979.0,0.0,SIMPEST
1979-11-12,1979.0,0.0,SIMPEST
1979-11-13,1979.0,0.0,SIMPEST
1979-11-14,1979.0,0.0,SIMPEST
1979-11-15,1979.0,0.0,SIMPEST
1979-11-16,1979.0,0.0,SIMPEST
1979-11-17,1979.0,0.0,SIMPEST
1979-11-18,1979.0,0.0,SIMPEST
1979-11-19,1979.0,0.0,SIMPEST
1979-11-20,1979.0,0.0,SIMPEST
1979-11-21,1979.0,0.0,SIMPEST
1979-11-22,1979.0,0.0,SIMPEST
1979-11-23,1979.0,0.0,SIMPEST
1979-11-24,1979.0,0.0,SIMPEST
1979-11-25,1979.0,0.0,SIMPEST
1979-11-26,1979.0,0.0,SIMPEST
1979-11-27,1979.0,0.0,SIMPEST
1979-11-28,1979.0,0.0,SIMPEST
1979-11-29,1979.0,0.0,SIMPEST
1979-11-30,1979.0,0.0,SIMPEST
1979-12-01,1979.0,0.0,SIMPEST
1979-12-02,1979.0,0.0,SIMPEST
1979-12-03,1979.0,0.0,SIMPEST
1979-12-04,1979.0,0.0,SIMPEST
1979-12-05,1979.0,0.0,SIMPEST
1979-12-06,1979.0,0.0,SIMPEST
1979-12-07,1979.0,0.0,SIMPEST
1979-12-08,1979.0,0.0,SIMPEST
1979-12-09,1979.0,0.0,SIMPEST
1979-12-10,1979.0,0.0,SIMPEST
1979-12-11,1979.0,0.0,SIMPEST
1979-12-12,1979.0,0.0,SIMPEST
1979-12-13,1979.0,0.0,SIMPEST
1979-12-14,1979.0,0.0,SIMPEST
1979-12-15,1979.0,0.0,SIMPEST
1979-12-16,1979.0,0.0,SIMPEST
1979-12-17,1979.0,0.0,SIMPEST
1979-12-18,1979.0,0.0,SIMPEST
1979-12-19,1979.0,0.0,SIMPEST
1979-12-20,1979.0,0.0,SIMPEST
1979-12-21,1979.0,0.0,SIMPEST
1979-12-22,1979.0,0.0,SIMPEST
1979-12-23,1979.0,0.0,SIMPEST
1979-12-24,1979.0,0.0,SIMPEST
1979-12-25,1979.0,0.0,SIMPEST
1979-12-26,1979.0,0.0,SIMPEST
1979-12-27,1979.0,0.0,SIMPEST
1979-12-28,1979.0,0.0,SIMPEST
1979-12-29,1979.0,0.0,SIMPEST
1979-12-30,1979.0,0.0,SIMPEST
1979-12-31,1979.0,0.0,SIMPEST
1980-01-01,1980.0,0.0,SIMPEST
1980-01-02,1980.0,0.0,SIMPEST
1980-01-03,1980.0,0.0,SIMPEST
1980-01-04,1980.0,0.0,SIMPEST
1980-01-05,1980.0,0.0,SIMPEST
1980-01-06,1980.0,0.0,SIMPEST
1980-01-07,1980.0,0.0,SIMPEST
1980-01-08,1980.0,0.0,SIMPEST
1980-01-09,1980.0,0.0,SIMPEST
1980-01-10,1980.0,0.0,SIMPEST
1980-01-11,1980.0,0.0,SIMPEST
1980-01-12,1980.0,0.0,SIMPEST
1980-01-13,1980.0,0.0,SIMPEST
1980-01-14,1980.0,0.0,SIMPEST
1980-01-15,1980.0,0.0,SIMPEST
1980-01-16,1980.0,0.0,SIMPEST
1980-01-17,1980.0,0.0,SIMPEST
1980-01-18,1980.0,0.0,SIMPEST
1980-01-19,1980.0,0.0,SIMPEST
1980-01-20,1980.0,0.0,SIMPEST
1980-01-21,1980.0,0.0,SIMPEST
1980-01-22,1980.0,0.0,SIMPEST
1980-01-23,1980.0,0.0,SIMPEST
1980-01-24,1980.0,0.0,SIMPEST
1980-01-25,1980.0,0.0,SIMPEST
1980-01-26,1980.0,0.0,SIMPEST
1980-01-27,1980.0,0.0,SIMPEST
1980-01-28,1980.0,0.0,SIMPEST
1980-01-29,1980.0,0.0,SIMPEST
1980-01-30,1980.0,0.0,SIMPEST
1980-01-31,1980.0,0.0,SIMPEST
1980-02-01,1980.0,0.0,SIMPEST
1980-02-02,1980.0,0.0,SIMPEST
1980-02-03,1980.0,0.0,SIMPEST
1980-02-04,1980.0,0.0,SIMPEST
1980-02-05,1980.0,0.0,SIMPEST
1980-02-06,1980.0,0.0,SIMPEST
1980-02-07,1980.0,0.0,SIMPEST
1980-02-08,1980.0,0.0,SIMPEST
1980-02-09,1980.0,0.0,SIMPEST
1980-02-10,1980.0,0.0,SIMPEST
1980-02-11,1980.0,0.0,SIMPEST
1980-02-12,1980.0,0.0,SIMPEST
1980-02-13,1980.0,0.0,SIMPEST
1980-02-14,1980.0,0.0,SIMPEST
1980-02-15,1980.0,0.0,SIMPEST
1980-02-16,1980.0,0.0,SIMPEST
1980-02-17,1980.0,0.0,SIMPEST
1980-02-18,1980.0,0.0,SIMPEST
1980-02-19,1980.0,0.0,SIMPEST
1980-02-20,1980.0,0.0,SIMPEST
1980-02-21,1980.0,0.0,SIMPEST
1980-02-22,1980.0,0.0,SIMPEST
1980-02-23,1980.0,0.0,SIMPEST
1980-02-24,1980.0,0.0,SIMPEST
1980-02-25,1980.0,0.0,SIMPEST
1980-02-26,1980.0,0.0,SIMPEST
1980-02-27,1980.0,0.0,SIMPEST
1980-02-28,1980.0,0.0,SIMPEST
1980-02-29,1980.0,0.0,SIMPEST
1980-03-01,1980.0,0.0,SIMPEST
1980-03-02,1980.0,0.0,SIMPEST
1980-03-03,1980.0,0.0,SIMPEST
1980-03-04,1980.0,0.0,SIMPEST
1980-03-05,1980.0,0.0,SIMPEST
1980-03-06,1980.0,0.0,SIMPEST
1980-03-07,1980.0,0.0,SIMPEST
1980-03-08,1980.0,0.0,SIMPEST
1980-03-09,1980.0,0.0,SIMPEST
1980-03-10,1980.0,0.0,SIMPEST
1980-03-11,1980.0,0.0,SIMPEST
1980-03-12,1980.0,0.0,SIMPEST
1980-03-13,1980.0,0.0,SIMPEST
1980-03-14,1980.0,0.0,SIMPEST
1980-03-15,1980.0,0.0,SIMPEST
1980-03-16,1980.0,0.0,SIMPEST
1980-03-17,1980.0,0.0,SIMPEST
1980-03-18,1980.0,0.0,SIMPEST
1980-03-19,1980.0,0.0,SIMPEST
1980-03-20,1980.0,0.0,SIMPEST
1980-03-21,1980.0,0.0,SIMPEST
1980-03-22,1980.0,0.0,SIMPEST
1980-03-23,1980.0,0.0,SIMPEST
1980-03-24,1980.0,0.0,SIMPEST
1980-03-25,1980.0,0.0,SIMPEST
1980-03-26,1980.0,0.0,SIMPEST
1980-03-27,1980.0,0.0,SIMPEST
1980-03-28,1980.0,0.0,SIMPEST
1980-03-29,1980.0,0.0,SIMPEST
1980-03-30,1980.0,0.0,SIMPEST
1980-03-31,1980.0,0.0,SIMPEST
1980-04-01,1980.0,0.0,SIMPEST
1980-04-02,1980.0,0.0,SIMPEST
1980-04-03,1980.0,0.0,SIMPEST
1980-04-04,1980.0,0.0,SIMPEST
1980-04-05,1980.0,0.0,SIMPEST
1980-04-06,1980.0,0.0,SIMPEST
1980-04-07,1980.0,0.0,SIMPEST
1980-04-08,1980.0,0.0,SIMPEST
1980-04-09,1980.0,0.0,SIMPEST
1980-04-10,1980.0,0.0,SIMPEST
1980-04-11,1980.0,0.0,SIMPEST
1980-04-12,1980.0,0.0,SIMPEST
1980-04-13,1980.0,0.0,SIMPEST
1980-04-14,1980.0,0.0,SIMPEST
1980-04-15,1980.0,0.0,SIMPEST
1980-04-16,1980.0,0.0,SIMPEST
1980-04-17,1980.0,0.0,SIMPEST
1980-04-18,1980.0,0.0,SIMPEST
1980-04-19,1980.0,0.0,SIMPEST
1980-04-20,1980.0,0.0,SIMPEST
1980-04-21,1980.0,0.0,SIMPEST
1980-04-22,1980.0,0.0,SIMPEST
1980-04-23,1980.0,0.0,SIMPEST
1980-04-24,1980.0,0.0,SIMPEST
1980-04-25,1980.0,0.0,SIMPEST
1980-04-26,1980.0,0.0,SIMPEST
1980-04-27,1980.0,0.0,SIMPEST
1980-04-28,1980.0,0.0,SIMPEST
1980-04-29,1980.0,0.0,SIMPEST
1980-04-30,1980.0,0.0,SIMPEST
1980-05-01,1980.0,0.0,SIMPEST
1980-05-02,1980.0,0.0,SIMPEST
1980-05-03,1980.0,0.0,SIMPEST
1980-05-04,1980.0,0.0,SIMPEST
1980-05-05,1980.0,0.0,SIMPEST
1980-05-06,1980.0,0.0,SIMPEST
1980-05-07,1980.0,0.0,SIMPEST
1980-05-08,1980.0,0.0,SIMPEST
1980-05-09,1980.0,0.0,SIMPEST
1980-05-10,1980.0,0.0,SIMPEST
1980-05-11,1980.0,0.0,SIMPEST
1980-05-12,1980.0,0.0,SIMPEST
1980-05-13,1980.0,0.0,SIMPEST
1980-05-14,1980.0,0.0,SIMPEST
1980-05-15,1980.0,0.0,SIMPEST
1980-05-16,1980.0,0.0,SIMPEST
1980-05-17,1980.0,0.0,SIMPEST
1980-05-18,1980.0,0.0,SIMPEST
1980-05-19,1980.0,0.0,SIMPEST
1980-05-20,1980.0,0.0,SIMPEST
1980-05-21,1980.0,0.0,SIMPEST
1980-05-22,1980.0,0.0,SIMPEST
1980-05-23,1980.0,0.0,SIMPEST
1980-05-24,1980.0,0.0,SIMPEST
1980-05-25,1980.0,0.0,SIMPEST
1980-05-26,1980.0,0.0,SIMPEST
1980-05-27,1980.0,0.0,SIMPEST
1980-05-28,1980.0,4.37705308769886,SIMPEST
1980-05-29,1980.0,7.91052338407834,SIMPEST
1980-05-30,1980.0,12.865251113773299,SIMPEST
1980-05-31,1980.0,12.865251113773299,SIMPEST
1980-06-01,1980.0,12.865251113773299,SIMPEST
1980-06-02,1980.0,21.83501516601203,SIMPEST
1980-06-03,1980.0,23.73890239881544,SIMPEST
1980-06-04,1980.0,23.73890239881544,SIMPEST
1980-06-05,1980.0,23.73890239881544,SIMPEST
1980-06-06,1980.0,23.73890239881544,SIMPEST
1980-06-07,1980.0,28.75089314327195,SIMPEST
1980-06-08,1980.0,33.09486781982915,SIMPEST
1980-06-09,1980.0,33.09486781982915,SIMPEST
1980-06-10,1980.0,33.09486781982915,SIMPEST
1980-06-11,1980.0,33.09486781982915,SIMPEST
1980-06-12,1980.0,33.09486781982915,SIMPEST
1980-06-13,1980.0,33.09486781982915,SIMPEST
1980-06-14,1980.0,33.09486781982915,SIMPEST
1980-06-15,1980.0,35.94138211783728,SIMPEST
1980-06-16,1980.0,38.67207493276078,SIMPEST
1980-06-17,1980.0,38.67207493276078,SIMPEST
1980-06-18,1980.0,42.70616396830828,SIMPEST
1980-06-19,1980.0,46.43699586382551,SIMPEST
1980-06-20,1980.0,50.2360267636865,SIMPEST
1980-06-21,1980.0,50.2360267636865,SIMPEST
1980-06-22,1980.0,50.2360267636865,SIMPEST
1980-06-23,1980.0,51.47403892748056,SIMPEST
1980-06-24,1980.0,54.120374464524765,SIMPEST
1980-06-25,1980.0,54.220364633583394,SIMPEST
1980-06-26,1980.0,54.220364633583394,SIMPEST
1980-06-27,1980.0,54.35243284982635,SIMPEST
1980-06-28,1980.0,54.35243284982635,SIMPEST
1980-06-29,1980.0,54.35243284982635,SIMPEST
1980-06-30,1980.0,55.152840275888515,SIMPEST
1980-07-01,1980.0,57.409750495640075,SIMPEST
1980-07-02,1980.0,58.89780319453072,SIMPEST
1980-07-03,1980.0,58.89780319453072,SIMPEST
1980-07-04,1980.0,58.89780319453073,SIMPEST
1980-07-05,1980.0,59.05694797133324,SIMPEST
1980-07-06,1980.0,59.05694797133324,SIMPEST
1980-07-07,1980.0,59.05694797133324,SIMPEST
1980-07-08,1980.0,59.05694797133324,SIMPEST
1980-07-09,1980.0,59.97768248160138,SIMPEST
1980-07-10,1980.0,60.754913192752504,SIMPEST
1980-07-11,1980.0,60.793977560628086,SIMPEST
1980-07-12,1980.0,60.793977560628086,SIMPEST
1980-07-13,1980.0,60.793977560628086,SIMPEST
1980-07-14,1980.0,60.793977560628086,SIMPEST
1980-07-15,1980.0,60.997785075350876,SIMPEST
1980-07-16,1980.0,60.997785075350876,SIMPEST
1980-07-17,1980.0,61.13945132367063,SIMPEST
1980-07-18,1980.0,61.14178943350085,SIMPEST
1980-07-19,1980.0,61.14178943350085,SIMPEST
1980-07-20,1980.0,61.142741652291654,SIMPEST
1980-07-21,1980.0,61.142741652291654,SIMPEST
1980-07-22,1980.0,61.14303291986316,SIMPEST
1980-07-23,1980.0,61.18291123953673,SIMPEST
1980-07-24,1980.0,61.21569117707357,SIMPEST
1980-07-25,1980.0,61.21569117707357,SIMPEST
1980-07-26,1980.0,61.21569117707357,SIMPEST
1980-07-27,1980.0,61.21569117707357,SIMPEST
1980-07-28,1980.0,61.21569117707357,SIMPEST
1980-07-29,1980.0,61.21569117707357,SIMPEST
1980-07-30,1980.0,61.21569117707356,SIMPEST
1980-09-29,1980.0,0.0,SIMPEST
1980-09-30,1980.0,0.0,SIMPEST
1980-10-01,1980.0,0.0,SIMPEST
1980-10-02,1980.0,0.0,SIMPEST
1980-10-03,1980.0,0.0,SIMPEST
1980-10-04,1980.0,0.0,SIMPEST
1980-10-05,1980.0,0.0,SIMPEST
1980-10-06,1980.0,0.0,SIMPEST
1980-10-07,1980.0,0.0,SIMPEST
1980-10-08,1980.0,0.0,SIMPEST
1980-10-09,1980.0,0.0,SIMPEST
1980-10-10,1980.0,0.0,SIMPEST
1980-10-11,1980.0,0.0,SIMPEST
1980-10-12,1980.0,0.0,SIMPEST
1980-10-13,1980.0,0.0,SIMPEST
1980-10-14,1980.0,0.0,SIMPEST
1980-10-15,1980.0,0.0,SIMPEST
1980-10-16,1980.0,0.0,SIMPEST
1980-10-17,1980.0,0.0,SIMPEST
1980-10-18,1980.0,0.0,SIMPEST
1980-10-19,1980.0,0.0,SIMPEST
1980-10-20,1980.0,0.0,SIMPEST
1980-10-21,1980.0,0.0,SIMPEST
1980-10-22,1980.0,0.0,SIMPEST
1980-10-23,1980.0,0.0,SIMPEST
1980-10-24,1980.0,0.0,SIMPEST
1980-10-25,1980.0,0.0,SIMPEST
1980-10-26,1980.0,0.0,SIMPEST
1980-10-27,1980.0,0.0,SIMPEST
1980-10-28,1980.0,0.0,SIMPEST
1980-10-29,1980.0,0.0,SIMPEST
1980-10-30,1980.0,0.0,SIMPEST
1980-10-31,1980.0,0.0,SIMPEST
1980-11-01,1980.0,0.0,SIMPEST
1980-11-02,1980.0,0.0,SIMPEST
1980-11-03,1980.0,0.0,SIMPEST
1980-11-04,1980.0,0.0,SIMPEST
1980-11-05,1980.0,0.0,SIMPEST
1980-11-06,1980.0,0.0,SIMPEST
1980-11-07,1980.0,0.0,SIMPEST
1980-11-08,1980.0,0.0,SIMPEST
1980-11-09,1980.0,0.0,SIMPEST
1980-11-10,1980.0,0.0,SIMPEST
1980-11-11,1980.0,0.0,SIMPEST
1980-11-12,1980.0,0.0,SIMPEST
1980-11-13,1980.0,0.0,SIMPEST
1980-11-14,1980.0,0.0,SIMPEST
1980-11-15,1980.0,0.0,SIMPEST
1980-11-16,1980.0,0.0,SIMPEST
1980-11-17,1980.0,0.0,SIMPEST
1980-11-18,1980.0,0.0,SIMPEST
1980-11-19,1980.0,0.0,SIMPEST
1980-11-20,1980.0,0.0,SIMPEST
1980-11-21,1980.0,0.0,SIMPEST
1980-11-22,1980.0,0.0,SIMPEST
1980-11-23,1980.0,0.0,SIMPEST
1980-11-24,1980.0,0.0,SIMPEST
1980-11-25,1980.0,0.0,SIMPEST
1980-11-26,1980.0,0.0,SIMPEST
1980-11-27,1980.0,0.0,SIMPEST
1980-11-28,1980.0,0.0,SIMPEST
1980-11-29,1980.0,0.0,SIMPEST
1980-11-30,1980.0,0.0,SIMPEST
1980-12-01,1980.0,0.0,SIMPEST
1980-12-02,1980.0,0.0,SIMPEST
1980-12-03,1980.0,0.0,SIMPEST
1980-12-04,1980.0,0.0,SIMPEST
1980-12-05,1980.0,0.0,SIMPEST
1980-12-06,1980.0,0.0,SIMPEST
1980-12-07,1980.0,0.0,SIMPEST
1980-12-08,1980.0,0.0,SIMPEST
1980-12-09,1980.0,0.0,SIMPEST
1980-12-10,1980.0,0.0,SIMPEST
1980-12-11,1980.0,0.0,SIMPEST
1980-12-12,1980.0,0.0,SIMPEST
1980-12-13,1980.0,0.0,SIMPEST
1980-12-14,1980.0,0.0,SIMPEST
1980-12-15,1980.0,0.0,SIMPEST
1980-12-16,1980.0,0.0,SIMPEST
1980-12-17,1980.0,0.0,SIMPEST
1980-12-18,1980.0,0.0,SIMPEST
1980-12-19,1980.0,0.0,SIMPEST
1980-12-20,1980.0,0.0,SIMPEST
1980-12-21,1980.0,0.0,SIMPEST
1980-12-22,1980.0,0.0,SIMPEST
1980-12-23,1980.0,0.0,SIMPEST
1980-12-24,1980.0,0.0,SIMPEST
1980-12-25,1980.0,0.0,SIMPEST
1980-12-26,1980.0,0.0,SIMPEST
1980-12-27,1980.0,0.0,SIMPEST
1980-12-28,1980.0,0.0,SIMPEST
1980-12-29,1980.0,0.0,SIMPEST
1980-12-30,1980.0,0.0,SIMPEST
1980-12-31,1980.0,0.0,SIMPEST
1981-01-01,1981.0,0.0,SIMPEST
1981-01-02,1981.0,0.0,SIMPEST
1981-01-03,1981.0,0.0,SIMPEST
1981-01-04,1981.0,0.0,SIMPEST
1981-01-05,1981.0,0.0,SIMPEST
1981-01-06,1981.0,0.0,SIMPEST
1981-01-07,1981.0,0.0,SIMPEST
1981-01-08,1981.0,0.0,SIMPEST
1981-01-09,1981.0,0.0,SIMPEST
1981-01-10,1981.0,0.0,SIMPEST
1981-01-11,1981.0,0.0,SIMPEST
1981-01-12,1981.0,0.0,SIMPEST
1981-01-13,1981.0,0.0,SIMPEST
1981-01-14,1981.0,0.0,SIMPEST
1981-01-15,1981.0,0.0,SIMPEST
1981-01-16,1981.0,0.0,SIMPEST
1981-01-17,1981.0,0.0,SIMPEST
1981-01-18,1981.0,0.0,SIMPEST
1981-01-19,1981.0,0.0,SIMPEST
1981-01-20,1981.0,0.0,SIMPEST
1981-01-21,1981.0,0.0,SIMPEST
1981-01-22,1981.0,0.0,SIMPEST
1981-01-23,1981.0,0.0,SIMPEST
1981-01-24,1981.0,0.0,SIMPEST
1981-01-25,1981.0,0.0,SIMPEST
1981-01-26,1981.0,0.0,SIMPEST
1981-01-27,1981.0,0.0,SIMPEST
1981-01-28,1981.0,0.0,SIMPEST
1981-01-29,1981.0,0.0,SIMPEST
1981-01-30,1981.0,0.0,SIMPEST
1981-01-31,1981.0,0.0,SIMPEST
1981-02-01,1981.0,0.0,SIMPEST
1981-02-02,1981.0,0.0,SIMPEST
1981-02-03,1981.0,0.0,SIMPEST
1981-02-04,1981.0,0.0,SIMPEST
1981-02-05,1981.0,0.0,SIMPEST
1981-02-06,1981.0,0.0,SIMPEST
1981-02-07,1981.0,0.0,SIMPEST
1981-02-08,1981.0,0.0,SIMPEST
1981-02-09,1981.0,0.0,SIMPEST
1981-02-10,1981.0,0.0,SIMPEST
1981-02-11,1981.0,0.0,SIMPEST
1981-02-12,1981.0,0.0,SIMPEST
1981-02-13,1981.0,0.0,SIMPEST
1981-02-14,1981.0,0.0,SIMPEST
1981-02-15,1981.0,0.0,SIMPEST
1981-02-16,1981.0,0.0,SIMPEST
1981-02-17,1981.0,0.0,SIMPEST
1981-02-18,1981.0,0.0,SIMPEST
1981-02-19,1981.0,0.0,SIMPEST
1981-02-20,1981.0,0.0,SIMPEST
1981-02-21,1981.0,0.0,SIMPEST
1981-02-22,1981.0,0.0,SIMPEST
1981-02-23,1981.0,0.0,SIMPEST
1981-02-24,1981.0,0.0,SIMPEST
1981-02-25,1981.0,0.0,SIMPEST
1981-02-26,1981.0,0.0,SIMPEST
1981-02-27,1981.0,0.0,SIMPEST
1981-02-28,1981.0,0.0,SIMPEST
1981-03-01,1981.0,0.0,SIMPEST
1981-03-02,1981.0,0.0,SIMPEST
1981-03-03,1981.0,0.0,SIMPEST
1981-03-04,1981.0,0.0,SIMPEST
1981-03-05,1981.0,0.0,SIMPEST
1981-03-06,1981.0,0.0,SIMPEST
1981-03-07,1981.0,0.0,SIMPEST
1981-03-08,1981.0,0.0,SIMPEST
1981-03-09,1981.0,0.0,SIMPEST
1981-03-10,1981.0,0.0,SIMPEST
1981-03-11,1981.0,0.0,SIMPEST
1981-03-12,1981.0,0.0,SIMPEST
1981-03-13,1981.0,0.0,SIMPEST
1981-03-14,1981.0,0.0,SIMPEST
1981-03-15,1981.0,0.0,SIMPEST
1981-03-16,1981.0,0.0,SIMPEST
1981-03-17,1981.0,0.0,SIMPEST
1981-03-18,1981.0,0.0,SIMPEST
1981-03-19,1981.0,0.0,SIMPEST
1981-03-20,1981.0,0.0,SIMPEST
1981-03-21,1981.0,0.0,SIMPEST
1981-03-22,1981.0,0.0,SIMPEST
1981-03-23,1981.0,0.0,SIMPEST
1981-03-24,1981.0,0.0,SIMPEST
1981-03-25,1981.0,0.0,SIMPEST
1981-03-26,1981.0,0.0,SIMPEST
1981-03-27,1981.0,0.0,SIMPEST
1981-03-28,1981.0,0.0,SIMPEST
1981-03-29,1981.0,0.0,SIMPEST
1981-03-30,1981.0,0.0,SIMPEST
1981-03-31,1981.0,0.0,SIMPEST
1981-04-01,1981.0,0.0,SIMPEST
1981-04-02,1981.0,0.0,SIMPEST
1981-04-03,1981.0,0.0,SIMPEST
1981-04-04,1981.0,0.0,SIMPEST
1981-04-05,1981.0,0.0,SIMPEST
1981-04-06,1981.0,0.0,SIMPEST
1981-04-07,1981.0,0.0,SIMPEST
1981-04-08,1981.0,0.0,SIMPEST
1981-04-09,1981.0,0.0,SIMPEST
1981-04-10,1981.0,0.0,SIMPEST
1981-04-11,1981.0,0.0,SIMPEST
1981-04-12,1981.0,0.0,SIMPEST
1981-04-13,1981.0,0.0,SIMPEST
1981-04-14,1981.0,0.0,SIMPEST
1981-04-15,1981.0,0.0,SIMPEST
1981-04-16,1981.0,0.0,SIMPEST
1981-04-17,1981.0,0.0,SIMPEST
1981-04-18,1981.0,0.0,SIMPEST
1981-04-19,1981.0,0.0,SIMPEST
1981-04-20,1981.0,0.0,SIMPEST
1981-04-21,1981.0,0.0,SIMPEST
1981-04-22,1981.0,0.0,SIMPEST
1981-04-23,1981.0,0.0,SIMPEST
1981-04-24,1981.0,0.0,SIMPEST
1981-04-25,1981.0,0.0,SIMPEST
1981-04-26,1981.0,0.0,SIMPEST
1981-04-27,1981.0,0.0,SIMPEST
1981-04-28,1981.0,0.0,SIMPEST
1981-04-29,1981.0,0.0,SIMPEST
1981-04-30,1981.0,0.0,SIMPEST
1981-05-01,1981.0,0.0,SIMPEST
1981-05-02,1981.0,0.0,SIMPEST
1981-05-03,1981.0,0.0,SIMPEST
1981-05-04,1981.0,0.0,SIMPEST
1981-05-05,1981.0,1.12173054642978,SIMPEST
1981-05-06,1981.0,1.12369345411073,SIMPEST
1981-05-07,1981.0,1.125005153874,SIMPEST
1981-05-08,1981.0,4.18586248845563,SIMPEST
1981-05-09,1981.0,7.1001480063416,SIMPEST
1981-05-10,1981.0,7.1227594934246605,SIMPEST
1981-05-11,1981.0,7.13563833473677,SIMPEST
1981-05-12,1981.0,7.14546676935216,SIMPEST
1981-05-13,1981.0,7.16072456252759,SIMPEST
1981-05-14,1981.0,9.86820753948138,SIMPEST
1981-05-15,1981.0,9.89333667230245,SIMPEST
1981-05-16,1981.0,9.9220415156077,SIMPEST
1981-05-17,1981.0,9.956444692828011,SIMPEST
1981-05-18,1981.0,9.97560900836737,SIMPEST
1981-05-19,1981.0,9.97560900836737,SIMPEST
1981-05-20,1981.0,12.44548675821524,SIMPEST
1981-05-21,1981.0,15.44886516321887,SIMPEST
1981-05-22,1981.0,15.44886516321887,SIMPEST
1981-05-23,1981.0,15.44886516321887,SIMPEST
1981-05-24,1981.0,18.63553565938187,SIMPEST
1981-05-25,1981.0,22.349120652666123,SIMPEST
1981-05-26,1981.0,25.2767015044366,SIMPEST
1981-05-27,1981.0,25.2767015044366,SIMPEST
1981-05-28,1981.0,25.2767015044366,SIMPEST
1981-05-29,1981.0,28.949622306890387,SIMPEST
1981-05-30,1981.0,32.64100959431243,SIMPEST
1981-05-31,1981.0,32.64100959431243,SIMPEST
1981-06-01,1981.0,37.767706685255284,SIMPEST
1981-06-02,1981.0,37.904345766198176,SIMPEST
1981-06-03,1981.0,40.01437489864665,SIMPEST
1981-06-04,1981.0,40.25303651074755,SIMPEST
1981-06-05,1981.0,40.27901271799405,SIMPEST
1981-06-06,1981.0,40.27901271799405,SIMPEST
1981-06-07,1981.0,40.39949742734807,SIMPEST
1981-06-08,1981.0,44.21936562697945,SIMPEST
1981-06-09,1981.0,47.555354241674905,SIMPEST
1981-06-10,1981.0,50.31495093419004,SIMPEST
1981-06-11,1981.0,53.34511707018622,SIMPEST
1981-06-12,1981.0,53.34511707018622,SIMPEST
1981-06-13,1981.0,53.34511707018622,SIMPEST
1981-06-14,1981.0,56.13898130728722,SIMPEST
1981-06-15,1981.0,56.13898130728722,SIMPEST
1981-06-16,1981.0,56.13898130728722,SIMPEST
1981-06-17,1981.0,56.93131031285854,SIMPEST
1981-06-18,1981.0,58.175093769240306,SIMPEST
1981-06-19,1981.0,58.68805157369498,SIMPEST
1981-06-20,1981.0,60.50017173071659,SIMPEST
1981-06-21,1981.0,61.87835399838231,SIMPEST
1981-06-22,1981.0,61.87835399838231,SIMPEST
1981-06-23,1981.0,62.02566160219318,SIMPEST
1981-06-24,1981.0,62.9655953996953,SIMPEST
1981-06-25,1981.0,63.71530977793953,SIMPEST
1981-06-26,1981.0,63.71530977793953,SIMPEST
1981-06-27,1981.0,64.26779409739297,SIMPEST
1981-06-28,1981.0,64.6870302388107,SIMPEST
1981-06-29,1981.0,64.70459080723454,SIMPEST
1981-06-30,1981.0,64.71253284524569,SIMPEST
1981-07-01,1981.0,64.92068193905148,SIMPEST
1981-07-02,1981.0,64.92068193905148,SIMPEST
1981-07-03,1981.0,64.92068193905148,SIMPEST
1981-07-04,1981.0,64.92115230591041,SIMPEST
1981-07-05,1981.0,64.92115230591041,SIMPEST
1981-07-06,1981.0,64.94333525752015,SIMPEST
1981-07-07,1981.0,64.94333525752015,SIMPEST
1981-07-08,1981.0,64.94333525752015,SIMPEST
1981-07-09,1981.0,64.94333525752015,SIMPEST
1981-07-10,1981.0,64.94333525752015,SIMPEST
1981-07-11,1981.0,64.94333525752015,SIMPEST
1981-07-12,1981.0,64.94333525752015,SIMPEST
1981-07-13,1981.0,64.94333525752015,SIMPEST
1981-07-14,1981.0,64.94333525752015,SIMPEST
1981-07-15,1981.0,64.94333525752015,SIMPEST
1981-07-16,1981.0,64.94333525752015,SIMPEST
1981-07-17,1981.0,64.94333525752015,SIMPEST
1981-09-30,1981.0,0.0,SIMPEST
1981-10-01,1981.0,0.0,SIMPEST
1981-10-02,1981.0,0.0,SIMPEST
1981-10-03,1981.0,0.0,SIMPEST
1981-10-04,1981.0,0.0,SIMPEST
1981-10-05,1981.0,0.0,SIMPEST
1981-10-06,1981.0,0.0,SIMPEST
1981-10-07,1981.0,0.0,SIMPEST
1981-10-08,1981.0,0.0,SIMPEST
1981-10-09,1981.0,0.0,SIMPEST
1981-10-10,1981.0,0.0,SIMPEST
1981-10-11,1981.0,0.0,SIMPEST
1981-10-12,1981.0,0.0,SIMPEST
1981-10-13,1981.0,0.0,SIMPEST
1981-10-14,1981.0,0.0,SIMPEST
1981-10-15,1981.0,0.0,SIMPEST
1981-10-16,1981.0,0.0,SIMPEST
1981-10-17,1981.0,0.0,SIMPEST
1981-10-18,1981.0,0.0,SIMPEST
1981-10-19,1981.0,0.0,SIMPEST
1981-10-20,1981.0,0.0,SIMPEST
1981-10-21,1981.0,0.0,SIMPEST
1981-10-22,1981.0,0.0,SIMPEST
1981-10-23,1981.0,0.0,SIMPEST
1981-10-24,1981.0,0.0,SIMPEST
1981-10-25,1981.0,0.0,SIMPEST
1981-10-26,1981.0,0.0,SIMPEST
1981-10-27,1981.0,0.0,SIMPEST
1981-10-28,1981.0,0.0,SIMPEST
1981-10-29,1981.0,0.0,SIMPEST
1981-10-30,1981.0,0.0,SIMPEST
1981-10-31,1981.0,0.0,SIMPEST
1981-11-01,1981.0,0.0,SIMPEST
1981-11-02,1981.0,0.0,SIMPEST
1981-11-03,1981.0,0.0,SIMPEST
1981-11-04,1981.0,0.0,SIMPEST
1981-11-05,1981.0,0.0,SIMPEST
1981-11-06,1981.0,0.0,SIMPEST
1981-11-07,1981.0,0.0,SIMPEST
1981-11-08,1981.0,0.0,SIMPEST
1981-11-09,1981.0,0.0,SIMPEST
1981-11-10,1981.0,0.0,SIMPEST
1981-11-11,1981.0,0.0,SIMPEST
1981-11-12,1981.0,0.0,SIMPEST
1981-11-13,1981.0,0.0,SIMPEST
1981-11-14,1981.0,0.0,SIMPEST
1981-11-15,1981.0,0.0,SIMPEST
1981-11-16,1981.0,0.0,SIMPEST
1981-11-17,1981.0,0.0,SIMPEST
1981-11-18,1981.0,0.0,SIMPEST
1981-11-19,1981.0,0.0,SIMPEST
1981-11-20,1981.0,0.0,SIMPEST
1981-11-21,1981.0,0.0,SIMPEST
1981-11-22,1981.0,0.0,SIMPEST
1981-11-23,1981.0,0.0,SIMPEST
1981-11-24,1981.0,0.0,SIMPEST
1981-11-25,1981.0,0.0,SIMPEST
1981-11-26,1981.0,0.0,SIMPEST
1981-11-27,1981.0,0.0,SIMPEST
1981-11-28,1981.0,0.0,SIMPEST
1981-11-29,1981.0,0.0,SIMPEST
1981-11-30,1981.0,0.0,SIMPEST
1981-12-01,1981.0,0.0,SIMPEST
1981-12-02,1981.0,0.0,SIMPEST
1981-12-03,1981.0,0.0,SIMPEST
1981-12-04,1981.0,0.0,SIMPEST
1981-12-05,1981.0,0.0,SIMPEST
1981-12-06,1981.0,0.0,SIMPEST
1981-12-07,1981.0,0.0,SIMPEST
1981-12-08,1981.0,0.0,SIMPEST
1981-12-09,1981.0,0.0,SIMPEST
1981-12-10,1981.0,0.0,SIMPEST
1981-12-11,1981.0,0.0,SIMPEST
1981-12-12,1981.0,0.0,SIMPEST
1981-12-13,1981.0,0.0,SIMPEST
1981-12-14,1981.0,0.0,SIMPEST
1981-12-15,1981.0,0.0,SIMPEST
1981-12-16,1981.0,0.0,SIMPEST
1981-12-17,1981.0,0.0,SIMPEST
1981-12-18,1981.0,0.0,SIMPEST
1981-12-19,1981.0,0.0,SIMPEST
1981-12-20,1981.0,0.0,SIMPEST
1981-12-21,1981.0,0.0,SIMPEST
1981-12-22,1981.0,0.0,SIMPEST
1981-12-23,1981.0,0.0,SIMPEST
1981-12-24,1981.0,0.0,SIMPEST
1981-12-25,1981.0,0.0,SIMPEST
1981-12-26,1981.0,0.0,SIMPEST
1981-12-27,1981.0,0.0,SIMPEST
1981-12-28,1981.0,0.0,SIMPEST
1981-12-29,1981.0,0.0,SIMPEST
1981-12-30,1981.0,0.0,SIMPEST
1981-12-31,1981.0,0.0,SIMPEST
1982-01-01,1982.0,0.0,SIMPEST
1982-01-02,1982.0,0.0,SIMPEST
1982-01-03,1982.0,0.0,SIMPEST
1982-01-04,1982.0,0.0,SIMPEST
1982-01-05,1982.0,0.0,SIMPEST
1982-01-06,1982.0,0.0,SIMPEST
1982-01-07,1982.0,0.0,SIMPEST
1982-01-08,1982.0,0.0,SIMPEST
1982-01-09,1982.0,0.0,SIMPEST
1982-01-10,1982.0,0.0,SIMPEST
1982-01-11,1982.0,0.0,SIMPEST
1982-01-12,1982.0,0.0,SIMPEST
1982-01-13,1982.0,0.0,SIMPEST
1982-01-14,1982.0,0.0,SIMPEST
1982-01-15,1982.0,0.0,SIMPEST
1982-01-16,1982.0,0.0,SIMPEST
1982-01-17,1982.0,0.0,SIMPEST
1982-01-18,1982.0,0.0,SIMPEST
1982-01-19,1982.0,0.0,SIMPEST
1982-01-20,1982.0,0.0,SIMPEST
1982-01-21,1982.0,0.0,SIMPEST
1982-01-22,1982.0,0.0,SIMPEST
1982-01-23,1982.0,0.0,SIMPEST
1982-01-24,1982.0,0.0,SIMPEST
1982-01-25,1982.0,0.0,SIMPEST
1982-01-26,1982.0,0.0,SIMPEST
1982-01-27,1982.0,0.0,SIMPEST
1982-01-28,1982.0,0.0,SIMPEST
1982-01-29,1982.0,0.0,SIMPEST
1982-01-30,1982.0,0.0,SIMPEST
1982-01-31,1982.0,0.0,SIMPEST
1982-02-01,1982.0,0.0,SIMPEST
1982-02-02,1982.0,0.0,SIMPEST
1982-02-03,1982.0,0.0,SIMPEST
1982-02-04,1982.0,0.0,SIMPEST
1982-02-05,1982.0,0.0,SIMPEST
1982-02-06,1982.0,0.0,SIMPEST
1982-02-07,1982.0,0.0,SIMPEST
1982-02-08,1982.0,0.0,SIMPEST
1982-02-09,1982.0,0.0,SIMPEST
1982-02-10,1982.0,0.0,SIMPEST
1982-02-11,1982.0,0.0,SIMPEST
1982-02-12,1982.0,0.0,SIMPEST
1982-02-13,1982.0,0.0,SIMPEST
1982-02-14,1982.0,0.0,SIMPEST
1982-02-15,1982.0,0.0,SIMPEST
1982-02-16,1982.0,0.0,SIMPEST
1982-02-17,1982.0,0.0,SIMPEST
1982-02-18,1982.0,0.0,SIMPEST
1982-02-19,1982.0,0.0,SIMPEST
1982-02-20,1982.0,0.0,SIMPEST
1982-02-21,1982.0,0.0,SIMPEST
1982-02-22,1982.0,0.0,SIMPEST
1982-02-23,1982.0,0.0,SIMPEST
1982-02-24,1982.0,0.0,SIMPEST
1982-02-25,1982.0,0.0,SIMPEST
1982-02-26,1982.0,0.0,SIMPEST
1982-02-27,1982.0,0.0,SIMPEST
1982-02-28,1982.0,0.0,SIMPEST
1982-03-01,1982.0,0.0,SIMPEST
1982-03-02,1982.0,0.0,SIMPEST
1982-03-03,1982.0,0.0,SIMPEST
1982-03-04,1982.0,0.0,SIMPEST
1982-03-05,1982.0,0.0,SIMPEST
1982-03-06,1982.0,0.0,SIMPEST
1982-03-07,1982.0,0.0,SIMPEST
1982-03-08,1982.0,0.0,SIMPEST
1982-03-09,1982.0,0.0,SIMPEST
1982-03-10,1982.0,0.0,SIMPEST
1982-03-11,1982.0,0.0,SIMPEST
1982-03-12,1982.0,0.0,SIMPEST
1982-03-13,1982.0,0.0,SIMPEST
1982-03-14,1982.0,0.0,SIMPEST
1982-03-15,1982.0,0.0,SIMPEST
1982-03-16,1982.0,0.0,SIMPEST
1982-03-17,1982.0,0.0,SIMPEST
1982-03-18,1982.0,0.0,SIMPEST
1982-03-19,1982.0,0.0,SIMPEST
1982-03-20,1982.0,0.0,SIMPEST
1982-03-21,1982.0,0.0,SIMPEST
1982-03-22,1982.0,0.0,SIMPEST
1982-03-23,1982.0,0.0,SIMPEST
1982-03-24,1982.0,0.0,SIMPEST
1982-03-25,1982.0,0.0,SIMPEST
1982-03-26,1982.0,0.0,SIMPEST
1982-03-27,1982.0,0.0,SIMPEST
1982-03-28,1982.0,0.0,SIMPEST
1982-03-29,1982.0,0.0,SIMPEST
1982-03-30,1982.0,0.0,SIMPEST
1982-03-31,1982.0,0.0,SIMPEST
1982-04-01,1982.0,0.0,SIMPEST
1982-04-02,1982.0,0.0,SIMPEST
1982-04-03,1982.0,0.0,SIMPEST
1982-04-04,1982.0,0.0,SIMPEST
1982-04-05,1982.0,0.0,SIMPEST
1982-04-06,1982.0,0.0,SIMPEST
1982-04-07,1982.0,0.0,SIMPEST
1982-04-08,1982.0,0.0,SIMPEST
1982-04-09,1982.0,0.0,SIMPEST
1982-04-10,1982.0,0.0,SIMPEST
1982-04-11,1982.0,0.0,SIMPEST
1982-04-12,1982.0,0.0,SIMPEST
1982-04-13,1982.0,0.0,SIMPEST
1982-04-14,1982.0,0.0,SIMPEST
1982-04-15,1982.0,0.0,SIMPEST
1982-04-16,1982.0,0.0,SIMPEST
1982-04-17,1982.0,0.0,SIMPEST
1982-04-18,1982.0,0.0,SIMPEST
1982-04-19,1982.0,0.0,SIMPEST
1982-04-20,1982.0,0.0,SIMPEST
1982-04-21,1982.0,0.0,SIMPEST
1982-04-22,1982.0,0.0,SIMPEST
1982-04-23,1982.0,0.0,SIMPEST
1982-04-24,1982.0,0.0,SIMPEST
1982-04-25,1982.0,0.0,SIMPEST
1982-04-26,1982.0,0.0,SIMPEST
1982-04-27,1982.0,0.0,SIMPEST
1982-04-28,1982.0,0.0,SIMPEST
1982-04-29,1982.0,0.0,SIMPEST
1982-04-30,1982.0,0.0,SIMPEST
1982-05-01,1982.0,0.0,SIMPEST
1982-05-02,1982.0,0.0,SIMPEST
1982-05-03,1982.0,0.0,SIMPEST
1982-05-04,1982.0,0.0,SIMPEST
1982-05-05,1982.0,0.0,SIMPEST
1982-05-06,1982.0,0.0,SIMPEST
1982-05-07,1982.0,0.0,SIMPEST
1982-05-08,1982.0,0.0,SIMPEST
1982-05-09,1982.0,0.0,SIMPEST
1982-05-10,1982.0,0.0,SIMPEST
1982-05-11,1982.0,0.0,SIMPEST
1982-05-12,1982.0,0.0,SIMPEST
1982-05-13,1982.0,0.0,SIMPEST
1982-05-14,1982.0,0.0,SIMPEST
1982-05-15,1982.0,0.0,SIMPEST
1982-05-16,1982.0,0.0,SIMPEST
1982-05-17,1982.0,0.0,SIMPEST
1982-05-18,1982.0,0.0,SIMPEST
1982-05-19,1982.0,0.0,SIMPEST
1982-05-20,1982.0,0.0,SIMPEST
1982-05-21,1982.0,2.40544575586871,SIMPEST
1982-05-22,1982.0,7.1456002600257404,SIMPEST
1982-05-23,1982.0,7.1456002600257404,SIMPEST
1982-05-24,1982.0,7.1456002600257404,SIMPEST
1982-05-25,1982.0,7.1456002600257404,SIMPEST
1982-05-26,1982.0,7.1456002600257404,SIMPEST
1982-05-27,1982.0,7.1456002600257404,SIMPEST
1982-05-28,1982.0,7.1456002600257404,SIMPEST
1982-05-29,1982.0,7.1456002600257404,SIMPEST
1982-05-30,1982.0,7.1456002600257404,SIMPEST
1982-05-31,1982.0,7.1456002600257404,SIMPEST
1982-06-01,1982.0,7.1456002600257404,SIMPEST
1982-06-02,1982.0,9.2353761431749,SIMPEST
1982-06-03,1982.0,9.2353761431749,SIMPEST
1982-06-04,1982.0,9.2353761431749,SIMPEST
1982-06-05,1982.0,14.42599801959013,SIMPEST
1982-06-06,1982.0,18.73241812178055,SIMPEST
1982-06-07,1982.0,23.60125333007369,SIMPEST
1982-06-08,1982.0,25.89218106450442,SIMPEST
1982-06-09,1982.0,27.59647609941535,SIMPEST
1982-06-10,1982.0,29.86693487623972,SIMPEST
1982-06-11,1982.0,33.904926608605315,SIMPEST
1982-06-12,1982.0,37.77647790973611,SIMPEST
1982-06-13,1982.0,37.77647790973611,SIMPEST
1982-06-14,1982.0,41.258765692335146,SIMPEST
1982-06-15,1982.0,42.85131909925079,SIMPEST
1982-06-16,1982.0,45.65679792383371,SIMPEST
1982-06-17,1982.0,45.65679792383371,SIMPEST
1982-06-18,1982.0,48.12186797193818,SIMPEST
1982-06-19,1982.0,49.91376995223905,SIMPEST
1982-06-20,1982.0,49.95890398404913,SIMPEST
1982-06-21,1982.0,49.95890398404913,SIMPEST
1982-06-22,1982.0,49.95890398404913,SIMPEST
1982-06-23,1982.0,50.06767944304381,SIMPEST
1982-06-24,1982.0,51.85250906927864,SIMPEST
1982-06-25,1982.0,53.37328098468469,SIMPEST
1982-06-26,1982.0,53.73316556967171,SIMPEST
1982-06-27,1982.0,53.73316556967171,SIMPEST
1982-06-28,1982.0,54.01736857209977,SIMPEST
1982-06-29,1982.0,54.18818030519476,SIMPEST
1982-06-30,1982.0,54.18818030519476,SIMPEST
1982-07-01,1982.0,54.85824463380712,SIMPEST
1982-07-02,1982.0,55.386532203079305,SIMPEST
1982-07-03,1982.0,55.38653220307932,SIMPEST
1982-07-04,1982.0,55.38653220307932,SIMPEST
1982-07-05,1982.0,56.23204839206413,SIMPEST
1982-07-06,1982.0,56.23204839206413,SIMPEST
1982-07-07,1982.0,56.23204839206413,SIMPEST
1982-07-08,1982.0,56.23507736481365,SIMPEST
1982-07-09,1982.0,56.23507736481365,SIMPEST
1982-07-10,1982.0,56.235077364813655,SIMPEST
1982-07-11,1982.0,56.23507736481365,SIMPEST
1982-07-12,1982.0,56.293822867140854,SIMPEST
1982-07-13,1982.0,56.4183891034037,SIMPEST
1982-07-14,1982.0,56.49138673964222,SIMPEST
1982-07-15,1982.0,56.49139496254049,SIMPEST
1982-07-16,1982.0,56.49139496254049,SIMPEST
1982-07-17,1982.0,56.49139496254049,SIMPEST
1982-07-18,1982.0,56.49139496254049,SIMPEST
1982-07-19,1982.0,56.49139496254049,SIMPEST
1982-07-20,1982.0,56.49139496254049,SIMPEST
1982-07-21,1982.0,56.49139496254049,SIMPEST
1982-10-13,1982.0,0.0,SIMPEST
1982-10-14,1982.0,0.0,SIMPEST
1982-10-15,1982.0,0.0,SIMPEST
1982-10-16,1982.0,0.0,SIMPEST
1982-10-17,1982.0,0.0,SIMPEST
1982-10-18,1982.0,0.0,SIMPEST
1982-10-19,1982.0,0.0,SIMPEST
1982-10-20,1982.0,0.0,SIMPEST
1982-10-21,1982.0,0.0,SIMPEST
1982-10-22,1982.0,0.0,SIMPEST
1982-10-23,1982.0,0.0,SIMPEST
1982-10-24,1982.0,0.0,SIMPEST
1982-10-25,1982.0,0.0,SIMPEST
1982-10-26,1982.0,0.0,SIMPEST
1982-10-27,1982.0,0.0,SIMPEST
1982-10-28,1982.0,0.0,SIMPEST
1982-10-29,1982.0,0.0,SIMPEST
1982-10-30,1982.0,0.0,SIMPEST
1982-10-31,1982.0,0.0,SIMPEST
1982-11-01,1982.0,0.0,SIMPEST
1982-11-02,1982.0,0.0,SIMPEST
1982-11-03,1982.0,0.0,SIMPEST
1982-11-04,1982.0,0.0,SIMPEST
1982-11-05,1982.0,0.0,SIMPEST
1982-11-06,1982.0,0.0,SIMPEST
1982-11-07,1982.0,0.0,SIMPEST
1982-11-08,1982.0,0.0,SIMPEST
1982-11-09,1982.0,0.0,SIMPEST
1982-11-10,1982.0,0.0,SIMPEST
1982-11-11,1982.0,0.0,SIMPEST
1982-11-12,1982.0,0.0,SIMPEST
1982-11-13,1982.0,0.0,SIMPEST
1982-11-14,1982.0,0.0,SIMPEST
1982-11-15,1982.0,0.0,SIMPEST
1982-11-16,1982.0,0.0,SIMPEST
1982-11-17,1982.0,0.0,SIMPEST
1982-11-18,1982.0,0.0,SIMPEST
1982-11-19,1982.0,0.0,SIMPEST
1982-11-20,1982.0,0.0,SIMPEST
1982-11-21,1982.0,0.0,SIMPEST
1982-11-22,1982.0,0.0,SIMPEST
1982-11-23,1982.0,0.0,SIMPEST
1982-11-24,1982.0,0.0,SIMPEST
1982-11-25,1982.0,0.0,SIMPEST
1982-11-26,1982.0,0.0,SIMPEST
1982-11-27,1982.0,0.0,SIMPEST
1982-11-28,1982.0,0.0,SIMPEST
1982-11-29,1982.0,0.0,SIMPEST
1982-11-30,1982.0,0.0,SIMPEST
1982-12-01,1982.0,0.0,SIMPEST
1982-12-02,1982.0,0.0,SIMPEST
1982-12-03,1982.0,0.0,SIMPEST
1982-12-04,1982.0,0.0,SIMPEST
1982-12-05,1982.0,0.0,SIMPEST
1982-12-06,1982.0,0.0,SIMPEST
1982-12-07,1982.0,0.0,SIMPEST
1982-12-08,1982.0,0.0,SIMPEST
1982-12-09,1982.0,0.0,SIMPEST
1982-12-10,1982.0,0.0,SIMPEST
1982-12-11,1982.0,0.0,SIMPEST
1982-12-12,1982.0,0.0,SIMPEST
1982-12-13,1982.0,0.0,SIMPEST
1982-12-14,1982.0,0.0,SIMPEST
1982-12-15,1982.0,0.0,SIMPEST
1982-12-16,1982.0,0.0,SIMPEST
1982-12-17,1982.0,0.0,SIMPEST
1982-12-18,1982.0,0.0,SIMPEST
1982-12-19,1982.0,0.0,SIMPEST
1982-12-20,1982.0,0.0,SIMPEST
1982-12-21,1982.0,0.0,SIMPEST
1982-12-22,1982.0,0.0,SIMPEST
1982-12-23,1982.0,0.0,SIMPEST
1982-12-24,1982.0,0.0,SIMPEST
1982-12-25,1982.0,0.0,SIMPEST
1982-12-26,1982.0,0.0,SIMPEST
1982-12-27,1982.0,0.0,SIMPEST
1982-12-28,1982.0,0.0,SIMPEST
1982-12-29,1982.0,0.0,SIMPEST
1982-12-30,1982.0,0.0,SIMPEST
1982-12-31,1982.0,0.0,SIMPEST
1983-01-01,1983.0,0.0,SIMPEST
1983-01-02,1983.0,0.0,SIMPEST
1983-01-03,1983.0,0.0,SIMPEST
1983-01-04,1983.0,0.0,SIMPEST
1983-01-05,1983.0,0.0,SIMPEST
1983-01-06,1983.0,0.0,SIMPEST
1983-01-07,1983.0,0.0,SIMPEST
1983-01-08,1983.0,0.0,SIMPEST
1983-01-09,1983.0,0.0,SIMPEST
1983-01-10,1983.0,0.0,SIMPEST
1983-01-11,1983.0,0.0,SIMPEST
1983-01-12,1983.0,0.0,SIMPEST
1983-01-13,1983.0,0.0,SIMPEST
1983-01-14,1983.0,0.0,SIMPEST
1983-01-15,1983.0,0.0,SIMPEST
1983-01-16,1983.0,0.0,SIMPEST
1983-01-17,1983.0,0.0,SIMPEST
1983-01-18,1983.0,0.0,SIMPEST
1983-01-19,1983.0,0.0,SIMPEST
1983-01-20,1983.0,0.0,SIMPEST
1983-01-21,1983.0,0.0,SIMPEST
1983-01-22,1983.0,0.0,SIMPEST
1983-01-23,1983.0,0.0,SIMPEST
1983-01-24,1983.0,0.0,SIMPEST
1983-01-25,1983.0,0.0,SIMPEST
1983-01-26,1983.0,0.0,SIMPEST
1983-01-27,1983.0,0.0,SIMPEST
1983-01-28,1983.0,0.0,SIMPEST
1983-01-29,1983.0,0.0,SIMPEST
1983-01-30,1983.0,0.0,SIMPEST
1983-01-31,1983.0,0.0,SIMPEST
1983-02-01,1983.0,0.0,SIMPEST
1983-02-02,1983.0,0.0,SIMPEST
1983-02-03,1983.0,0.0,SIMPEST
1983-02-04,1983.0,0.0,SIMPEST
1983-02-05,1983.0,0.0,SIMPEST
1983-02-06,1983.0,0.0,SIMPEST
1983-02-07,1983.0,0.0,SIMPEST
1983-02-08,1983.0,0.0,SIMPEST
1983-02-09,1983.0,0.0,SIMPEST
1983-02-10,1983.0,0.0,SIMPEST
1983-02-11,1983.0,0.0,SIMPEST
1983-02-12,1983.0,0.0,SIMPEST
1983-02-13,1983.0,0.0,SIMPEST
1983-02-14,1983.0,0.0,SIMPEST
1983-02-15,1983.0,0.0,SIMPEST
1983-02-16,1983.0,0.0,SIMPEST
1983-02-17,1983.0,0.0,SIMPEST
1983-02-18,1983.0,0.0,SIMPEST
1983-02-19,1983.0,0.0,SIMPEST
1983-02-20,1983.0,0.0,SIMPEST
1983-02-21,1983.0,0.0,SIMPEST
1983-02-22,1983.0,0.0,SIMPEST
1983-02-23,1983.0,0.0,SIMPEST
1983-02-24,1983.0,0.0,SIMPEST
1983-02-25,1983.0,0.0,SIMPEST
1983-02-26,1983.0,0.0,SIMPEST
1983-02-27,1983.0,0.0,SIMPEST
1983-02-28,1983.0,0.0,SIMPEST
1983-03-01,1983.0,0.0,SIMPEST
1983-03-02,1983.0,0.0,SIMPEST
1983-03-03,1983.0,0.0,SIMPEST
1983-03-04,1983.0,0.0,SIMPEST
1983-03-05,1983.0,0.0,SIMPEST
1983-03-06,1983.0,0.0,SIMPEST
1983-03-07,1983.0,0.0,SIMPEST
1983-03-08,1983.0,0.0,SIMPEST
1983-03-09,1983.0,0.0,SIMPEST
1983-03-10,1983.0,0.0,SIMPEST
1983-03-11,1983.0,0.0,SIMPEST
1983-03-12,1983.0,0.0,SIMPEST
1983-03-13,1983.0,0.0,SIMPEST
1983-03-14,1983.0,0.0,SIMPEST
1983-03-15,1983.0,0.0,SIMPEST
1983-03-16,1983.0,0.0,SIMPEST
1983-03-17,1983.0,0.0,SIMPEST
1983-03-18,1983.0,0.0,SIMPEST
1983-03-19,1983.0,0.0,SIMPEST
1983-03-20,1983.0,0.0,SIMPEST
1983-03-21,1983.0,0.0,SIMPEST
1983-03-22,1983.0,0.0,SIMPEST
1983-03-23,1983.0,0.0,SIMPEST
1983-03-24,1983.0,0.0,SIMPEST
1983-03-25,1983.0,0.0,SIMPEST
1983-03-26,1983.0,0.0,SIMPEST
1983-03-27,1983.0,0.0,SIMPEST
1983-03-28,1983.0,0.0,SIMPEST
1983-03-29,1983.0,0.0,SIMPEST
1983-03-30,1983.0,0.0,SIMPEST
1983-03-31,1983.0,0.0,SIMPEST
1983-04-01,1983.0,0.0,SIMPEST
1983-04-02,1983.0,0.0,SIMPEST
1983-04-03,1983.0,0.0,SIMPEST
1983-04-04,1983.0,0.0,SIMPEST
1983-04-05,1983.0,0.0,SIMPEST
1983-04-06,1983.0,0.0,SIMPEST
1983-04-07,1983.0,0.0,SIMPEST
1983-04-08,1983.0,0.0,SIMPEST
1983-04-09,1983.0,0.0,SIMPEST
1983-04-10,1983.0,0.0,SIMPEST
1983-04-11,1983.0,0.0,SIMPEST
1983-04-12,1983.0,0.0,SIMPEST
1983-04-13,1983.0,0.0,SIMPEST
1983-04-14,1983.0,0.0,SIMPEST
1983-04-15,1983.0,0.0,SIMPEST
1983-04-16,1983.0,0.0,SIMPEST
1983-04-17,1983.0,0.0,SIMPEST
1983-04-18,1983.0,0.0,SIMPEST
1983-04-19,1983.0,0.0,SIMPEST
1983-04-20,1983.0,0.0,SIMPEST
1983-04-21,1983.0,0.0,SIMPEST
1983-04-22,1983.0,0.0,SIMPEST
1983-04-23,1983.0,0.0,SIMPEST
1983-04-24,1983.0,0.0,SIMPEST
1983-04-25,1983.0,0.0,SIMPEST
1983-04-26,1983.0,0.0,SIMPEST
1983-04-27,1983.0,0.0,SIMPEST
1983-04-28,1983.0,0.0,SIMPEST
1983-04-29,1983.0,0.0,SIMPEST
1983-04-30,1983.0,0.0,SIMPEST
1983-05-01,1983.0,0.0,SIMPEST
1983-05-02,1983.0,0.0,SIMPEST
1983-05-03,1983.0,0.0,SIMPEST
1983-05-04,1983.0,0.0,SIMPEST
1983-05-05,1983.0,0.0,SIMPEST
1983-05-06,1983.0,0.0,SIMPEST
1983-05-07,1983.0,0.0,SIMPEST
1983-05-08,1983.0,0.0,SIMPEST
1983-05-09,1983.0,0.0,SIMPEST
1983-05-10,1983.0,0.0,SIMPEST
1983-05-11,1983.0,0.0,SIMPEST
1983-05-12,1983.0,0.0,SIMPEST
1983-05-13,1983.0,0.0,SIMPEST
1983-05-14,1983.0,0.0,SIMPEST
1983-05-15,1983.0,0.0,SIMPEST
1983-05-16,1983.0,0.0,SIMPEST
1983-05-17,1983.0,0.0,SIMPEST
1983-05-18,1983.0,0.0,SIMPEST
1983-05-19,1983.0,0.0,SIMPEST
1983-05-20,1983.0,0.0,SIMPEST
1983-05-21,1983.0,3.1995000002644103,SIMPEST
1983-05-22,1983.0,6.3092624564934905,SIMPEST
1983-05-23,1983.0,9.24912041266744,SIMPEST
1983-05-24,1983.0,13.594876716970711,SIMPEST
1983-05-25,1983.0,13.6499244710588,SIMPEST
1983-05-26,1983.0,13.67363127458631,SIMPEST
1983-05-27,1983.0,13.70736423606066,SIMPEST
1983-05-28,1983.0,13.70736423606066,SIMPEST
1983-05-29,1983.0,18.71270114984345,SIMPEST
1983-05-30,1983.0,18.71270114984345,SIMPEST
1983-05-31,1983.0,18.71270114984345,SIMPEST
1983-06-01,1983.0,18.71270114984345,SIMPEST
1983-06-02,1983.0,18.71270114984345,SIMPEST
1983-06-03,1983.0,24.06946747032947,SIMPEST
1983-06-04,1983.0,29.18691540991697,SIMPEST
1983-06-05,1983.0,29.18691540991697,SIMPEST
1983-06-06,1983.0,29.18691540991697,SIMPEST
1983-06-07,1983.0,29.18691540991697,SIMPEST
1983-06-08,1983.0,33.45580044384361,SIMPEST
1983-06-09,1983.0,33.45580044384361,SIMPEST
1983-06-10,1983.0,37.74287587361816,SIMPEST
1983-06-11,1983.0,39.228651085576146,SIMPEST
1983-06-12,1983.0,39.228651085576146,SIMPEST
1983-06-13,1983.0,42.64625971982577,SIMPEST
1983-06-14,1983.0,45.38146943049328,SIMPEST
1983-06-15,1983.0,48.312852102388135,SIMPEST
1983-06-16,1983.0,48.43358377092119,SIMPEST
1983-06-17,1983.0,48.43358377092119,SIMPEST
1983-06-18,1983.0,51.301581017411515,SIMPEST
1983-06-19,1983.0,52.29355965098863,SIMPEST
1983-06-20,1983.0,53.55510213621402,SIMPEST
1983-06-21,1983.0,56.030774562894734,SIMPEST
1983-06-22,1983.0,56.030774562894734,SIMPEST
1983-06-23,1983.0,56.030774562894734,SIMPEST
1983-06-24,1983.0,56.030774562894734,SIMPEST
1983-06-25,1983.0,56.030774562894734,SIMPEST
1983-06-26,1983.0,56.030774562894734,SIMPEST
1983-06-27,1983.0,56.030774562894734,SIMPEST
1983-06-28,1983.0,56.030774562894734,SIMPEST
1983-06-29,1983.0,56.030774562894734,SIMPEST
1983-06-30,1983.0,57.99965679562796,SIMPEST
1983-07-01,1983.0,57.99965679562796,SIMPEST
1983-07-02,1983.0,57.99965679562796,SIMPEST
1983-07-03,1983.0,58.251961766035954,SIMPEST
1983-07-04,1983.0,58.441531499357154,SIMPEST
1983-07-05,1983.0,59.022617390053945,SIMPEST
1983-07-06,1983.0,59.11134275659231,SIMPEST
1983-07-07,1983.0,59.15670232452213,SIMPEST
1983-07-08,1983.0,59.15670232452213,SIMPEST
1983-07-09,1983.0,59.15670232452213,SIMPEST
1983-07-10,1983.0,59.15670232452213,SIMPEST
1983-07-11,1983.0,59.15670232452213,SIMPEST
1983-07-12,1983.0,59.15670232452213,SIMPEST
1983-07-13,1983.0,59.284399639434795,SIMPEST
1983-07-14,1983.0,59.47562699773115,SIMPEST
1983-07-15,1983.0,59.47562699773115,SIMPEST
1983-07-16,1983.0,59.63810544935878,SIMPEST
1983-07-17,1983.0,59.737277748716735,SIMPEST
1983-07-18,1983.0,59.737277748716735,SIMPEST
1983-07-19,1983.0,59.757324977786894,SIMPEST
1983-07-20,1983.0,59.757324977786894,SIMPEST
1983-07-21,1983.0,59.75733506509717,SIMPEST
1983-07-22,1983.0,59.75733506509717,SIMPEST
1983-07-23,1983.0,59.75733506509717,SIMPEST
1983-07-24,1983.0,59.75733506509717,SIMPEST
1983-07-25,1983.0,59.75733506509717,SIMPEST
1983-07-26,1983.0,59.75733506509718,SIMPEST
1983-07-27,1983.0,59.75733506509718,SIMPEST
1983-09-30,1983.0,0.0,SIMPEST
1983-10-01,1983.0,0.0,SIMPEST
1983-10-02,1983.0,0.0,SIMPEST
1983-10-03,1983.0,0.0,SIMPEST
1983-10-04,1983.0,0.0,SIMPEST
1983-10-05,1983.0,0.0,SIMPEST
1983-10-06,1983.0,0.0,SIMPEST
1983-10-07,1983.0,0.0,SIMPEST
1983-10-08,1983.0,0.0,SIMPEST
1983-10-09,1983.0,0.0,SIMPEST
1983-10-10,1983.0,0.0,SIMPEST
1983-10-11,1983.0,0.0,SIMPEST
1983-10-12,1983.0,0.0,SIMPEST
1983-10-13,1983.0,0.0,SIMPEST
1983-10-14,1983.0,0.0,SIMPEST
1983-10-15,1983.0,0.0,SIMPEST
1983-10-16,1983.0,0.0,SIMPEST
1983-10-17,1983.0,0.0,SIMPEST
1983-10-18,1983.0,0.0,SIMPEST
1983-10-19,1983.0,0.0,SIMPEST
1983-10-20,1983.0,0.0,SIMPEST
1983-10-21,1983.0,0.0,SIMPEST
1983-10-22,1983.0,0.0,SIMPEST
1983-10-23,1983.0,0.0,SIMPEST
1983-10-24,1983.0,0.0,SIMPEST
1983-10-25,1983.0,0.0,SIMPEST
1983-10-26,1983.0,0.0,SIMPEST
1983-10-27,1983.0,0.0,SIMPEST
1983-10-28,1983.0,0.0,SIMPEST
1983-10-29,1983.0,0.0,SIMPEST
1983-10-30,1983.0,0.0,SIMPEST
1983-10-31,1983.0,0.0,SIMPEST
1983-11-01,1983.0,0.0,SIMPEST
1983-11-02,1983.0,0.0,SIMPEST
1983-11-03,1983.0,0.0,SIMPEST
1983-11-04,1983.0,0.0,SIMPEST
1983-11-05,1983.0,0.0,SIMPEST
1983-11-06,1983.0,0.0,SIMPEST
1983-11-07,1983.0,0.0,SIMPEST
1983-11-08,1983.0,0.0,SIMPEST
1983-11-09,1983.0,0.0,SIMPEST
1983-11-10,1983.0,0.0,SIMPEST
1983-11-11,1983.0,0.0,SIMPEST
1983-11-12,1983.0,0.0,SIMPEST
1983-11-13,1983.0,0.0,SIMPEST
1983-11-14,1983.0,0.0,SIMPEST
1983-11-15,1983.0,0.0,SIMPEST
1983-11-16,1983.0,0.0,SIMPEST
1983-11-17,1983.0,0.0,SIMPEST
1983-11-18,1983.0,0.0,SIMPEST
1983-11-19,1983.0,0.0,SIMPEST
1983-11-20,1983.0,0.0,SIMPEST
1983-11-21,1983.0,0.0,SIMPEST
1983-11-22,1983.0,0.0,SIMPEST
1983-11-23,1983.0,0.0,SIMPEST
1983-11-24,1983.0,0.0,SIMPEST
1983-11-25,1983.0,0.0,SIMPEST
1983-11-26,1983.0,0.0,SIMPEST
1983-11-27,1983.0,0.0,SIMPEST
1983-11-28,1983.0,0.0,SIMPEST
1983-11-29,1983.0,0.0,SIMPEST
1983-11-30,1983.0,0.0,SIMPEST
1983-12-01,1983.0,0.0,SIMPEST
1983-12-02,1983.0,0.0,SIMPEST
1983-12-03,1983.0,0.0,SIMPEST
1983-12-04,1983.0,0.0,SIMPEST
1983-12-05,1983.0,0.0,SIMPEST
1983-12-06,1983.0,0.0,SIMPEST
1983-12-07,1983.0,0.0,SIMPEST
1983-12-08,1983.0,0.0,SIMPEST
1983-12-09,1983.0,0.0,SIMPEST
1983-12-10,1983.0,0.0,SIMPEST
1983-12-11,1983.0,0.0,SIMPEST
1983-12-12,1983.0,0.0,SIMPEST
1983-12-13,1983.0,0.0,SIMPEST
1983-12-14,1983.0,0.0,SIMPEST
1983-12-15,1983.0,0.0,SIMPEST
1983-12-16,1983.0,0.0,SIMPEST
1983-12-17,1983.0,0.0,SIMPEST
1983-12-18,1983.0,0.0,SIMPEST
1983-12-19,1983.0,0.0,SIMPEST
1983-12-20,1983.0,0.0,SIMPEST
1983-12-21,1983.0,0.0,SIMPEST
1983-12-22,1983.0,0.0,SIMPEST
1983-12-23,1983.0,0.0,SIMPEST
1983-12-24,1983.0,0.0,SIMPEST
1983-12-25,1983.0,0.0,SIMPEST
1983-12-26,1983.0,0.0,SIMPEST
1983-12-27,1983.0,0.0,SIMPEST
1983-12-28,1983.0,0.0,SIMPEST
1983-12-29,1983.0,0.0,SIMPEST
1983-12-30,1983.0,0.0,SIMPEST
1983-12-31,1983.0,0.0,SIMPEST
1984-01-01,1984.0,0.0,SIMPEST
1984-01-02,1984.0,0.0,SIMPEST
1984-01-03,1984.0,0.0,SIMPEST
1984-01-04,1984.0,0.0,SIMPEST
1984-01-05,1984.0,0.0,SIMPEST
1984-01-06,1984.0,0.0,SIMPEST
1984-01-07,1984.0,0.0,SIMPEST
1984-01-08,1984.0,0.0,SIMPEST
1984-01-09,1984.0,0.0,SIMPEST
1984-01-10,1984.0,0.0,SIMPEST
1984-01-11,1984.0,0.0,SIMPEST
1984-01-12,1984.0,0.0,SIMPEST
1984-01-13,1984.0,0.0,SIMPEST
1984-01-14,1984.0,0.0,SIMPEST
1984-01-15,1984.0,0.0,SIMPEST
1984-01-16,1984.0,0.0,SIMPEST
1984-01-17,1984.0,0.0,SIMPEST
1984-01-18,1984.0,0.0,SIMPEST
1984-01-19,1984.0,0.0,SIMPEST
1984-01-20,1984.0,0.0,SIMPEST
1984-01-21,1984.0,0.0,SIMPEST
1984-01-22,1984.0,0.0,SIMPEST
1984-01-23,1984.0,0.0,SIMPEST
1984-01-24,1984.0,0.0,SIMPEST
1984-01-25,1984.0,0.0,SIMPEST
1984-01-26,1984.0,0.0,SIMPEST
1984-01-27,1984.0,0.0,SIMPEST
1984-01-28,1984.0,0.0,SIMPEST
1984-01-29,1984.0,0.0,SIMPEST
1984-01-30,1984.0,0.0,SIMPEST
1984-01-31,1984.0,0.0,SIMPEST
1984-02-01,1984.0,0.0,SIMPEST
1984-02-02,1984.0,0.0,SIMPEST
1984-02-03,1984.0,0.0,SIMPEST
1984-02-04,1984.0,0.0,SIMPEST
1984-02-05,1984.0,0.0,SIMPEST
1984-02-06,1984.0,0.0,SIMPEST
1984-02-07,1984.0,0.0,SIMPEST
1984-02-08,1984.0,0.0,SIMPEST
1984-02-09,1984.0,0.0,SIMPEST
1984-02-10,1984.0,0.0,SIMPEST
1984-02-11,1984.0,0.0,SIMPEST
1984-02-12,1984.0,0.0,SIMPEST
1984-02-13,1984.0,0.0,SIMPEST
1984-02-14,1984.0,0.0,SIMPEST
1984-02-15,1984.0,0.0,SIMPEST
1984-02-16,1984.0,0.0,SIMPEST
1984-02-17,1984.0,0.0,SIMPEST
1984-02-18,1984.0,0.0,SIMPEST
1984-02-19,1984.0,0.0,SIMPEST
1984-02-20,1984.0,0.0,SIMPEST
1984-02-21,1984.0,0.0,SIMPEST
1984-02-22,1984.0,0.0,SIMPEST
1984-02-23,1984.0,0.0,SIMPEST
1984-02-24,1984.0,0.0,SIMPEST
1984-02-25,1984.0,0.0,SIMPEST
1984-02-26,1984.0,0.0,SIMPEST
1984-02-27,1984.0,0.0,SIMPEST
1984-02-28,1984.0,0.0,SIMPEST
1984-02-29,1984.0,0.0,SIMPEST
1984-03-01,1984.0,0.0,SIMPEST
1984-03-02,1984.0,0.0,SIMPEST
1984-03-03,1984.0,0.0,SIMPEST
1984-03-04,1984.0,0.0,SIMPEST
1984-03-05,1984.0,0.0,SIMPEST
1984-03-06,1984.0,0.0,SIMPEST
1984-03-07,1984.0,0.0,SIMPEST
1984-03-08,1984.0,0.0,SIMPEST
1984-03-09,1984.0,0.0,SIMPEST
1984-03-10,1984.0,0.0,SIMPEST
1984-03-11,1984.0,0.0,SIMPEST
1984-03-12,1984.0,0.0,SIMPEST
1984-03-13,1984.0,0.0,SIMPEST
1984-03-14,1984.0,0.0,SIMPEST
1984-03-15,1984.0,0.0,SIMPEST
1984-03-16,1984.0,0.0,SIMPEST
1984-03-17,1984.0,0.0,SIMPEST
1984-03-18,1984.0,0.0,SIMPEST
1984-03-19,1984.0,0.0,SIMPEST
1984-03-20,1984.0,0.0,SIMPEST
1984-03-21,1984.0,0.0,SIMPEST
1984-03-22,1984.0,0.0,SIMPEST
1984-03-23,1984.0,0.0,SIMPEST
1984-03-24,1984.0,0.0,SIMPEST
1984-03-25,1984.0,0.0,SIMPEST
1984-03-26,1984.0,0.0,SIMPEST
1984-03-27,1984.0,0.0,SIMPEST
1984-03-28,1984.0,0.0,SIMPEST
1984-03-29,1984.0,0.0,SIMPEST
1984-03-30,1984.0,0.0,SIMPEST
1984-03-31,1984.0,0.0,SIMPEST
1984-04-01,1984.0,0.0,SIMPEST
1984-04-02,1984.0,0.0,SIMPEST
1984-04-03,1984.0,0.0,SIMPEST
1984-04-04,1984.0,0.0,SIMPEST
1984-04-05,1984.0,0.0,SIMPEST
1984-04-06,1984.0,0.0,SIMPEST
1984-04-07,1984.0,0.0,SIMPEST
1984-04-08,1984.0,0.0,SIMPEST
1984-04-09,1984.0,0.0,SIMPEST
1984-04-10,1984.0,0.0,SIMPEST
1984-04-11,1984.0,0.0,SIMPEST
1984-04-12,1984.0,0.0,SIMPEST
1984-04-13,1984.0,0.0,SIMPEST
1984-04-14,1984.0,0.0,SIMPEST
1984-04-15,1984.0,0.0,SIMPEST
1984-04-16,1984.0,0.0,SIMPEST
1984-04-17,1984.0,0.0,SIMPEST
1984-04-18,1984.0,0.0,SIMPEST
1984-04-19,1984.0,0.0,SIMPEST
1984-04-20,1984.0,0.0,SIMPEST
1984-04-21,1984.0,0.0,SIMPEST
1984-04-22,1984.0,0.0,SIMPEST
1984-04-23,1984.0,0.0,SIMPEST
1984-04-24,1984.0,0.0,SIMPEST
1984-04-25,1984.0,0.0,SIMPEST
1984-04-26,1984.0,0.0,SIMPEST
1984-04-27,1984.0,0.0,SIMPEST
1984-04-28,1984.0,0.0,SIMPEST
1984-04-29,1984.0,0.0,SIMPEST
1984-04-30,1984.0,0.0,SIMPEST
1984-05-01,1984.0,0.0,SIMPEST
1984-05-02,1984.0,0.0,SIMPEST
1984-05-03,1984.0,0.0,SIMPEST
1984-05-04,1984.0,0.0,SIMPEST
1984-05-05,1984.0,0.0,SIMPEST
1984-05-06,1984.0,0.0,SIMPEST
1984-05-07,1984.0,0.0,SIMPEST
1984-05-08,1984.0,0.0,SIMPEST
1984-05-09,1984.0,0.0,SIMPEST
1984-05-10,1984.0,0.0,SIMPEST
1984-05-11,1984.0,0.0,SIMPEST
1984-05-12,1984.0,0.0,SIMPEST
1984-05-13,1984.0,0.0,SIMPEST
1984-05-14,1984.0,0.0,SIMPEST
1984-05-15,1984.0,0.0,SIMPEST
1984-05-16,1984.0,0.0,SIMPEST
1984-05-17,1984.0,0.0,SIMPEST
1984-05-18,1984.0,0.0,SIMPEST
1984-05-19,1984.0,0.0,SIMPEST
1984-05-20,1984.0,0.0,SIMPEST
1984-05-21,1984.0,1.96395744403042,SIMPEST
1984-05-22,1984.0,1.9739882595548899,SIMPEST
1984-05-23,1984.0,4.62162572394236,SIMPEST
1984-05-24,1984.0,4.63982573353098,SIMPEST
1984-05-25,1984.0,4.63982573353098,SIMPEST
1984-05-26,1984.0,7.53805892577503,SIMPEST
1984-05-27,1984.0,10.29122701669486,SIMPEST
1984-05-28,1984.0,10.29122701669486,SIMPEST
1984-05-29,1984.0,10.29122701669486,SIMPEST
1984-05-30,1984.0,10.29122701669486,SIMPEST
1984-05-31,1984.0,15.62851441061201,SIMPEST
1984-06-01,1984.0,15.62851441061201,SIMPEST
1984-06-02,1984.0,15.62851441061201,SIMPEST
1984-06-03,1984.0,15.62851441061201,SIMPEST
1984-06-04,1984.0,15.62851441061201,SIMPEST
1984-06-05,1984.0,15.62851441061201,SIMPEST
1984-06-06,1984.0,15.62851441061201,SIMPEST
1984-06-07,1984.0,20.69343406194108,SIMPEST
1984-06-08,1984.0,20.69343406194108,SIMPEST
1984-06-09,1984.0,25.69497093716674,SIMPEST
1984-06-10,1984.0,29.670976331075227,SIMPEST
1984-06-11,1984.0,29.670976331075227,SIMPEST
1984-06-12,1984.0,32.748874773932165,SIMPEST
1984-06-13,1984.0,36.09534986157197,SIMPEST
1984-06-14,1984.0,38.67774664887643,SIMPEST
1984-06-15,1984.0,38.67774664887643,SIMPEST
1984-06-16,1984.0,38.67774664887643,SIMPEST
1984-06-17,1984.0,38.67774664887643,SIMPEST
1984-06-18,1984.0,38.80663109890815,SIMPEST
1984-06-19,1984.0,38.91725191051493,SIMPEST
1984-06-20,1984.0,38.91725191051493,SIMPEST
1984-06-21,1984.0,40.29848312503716,SIMPEST
1984-06-22,1984.0,41.817454553327806,SIMPEST
1984-06-23,1984.0,44.21408941870757,SIMPEST
1984-06-24,1984.0,46.61866086552035,SIMPEST
1984-06-25,1984.0,47.706945405917814,SIMPEST
1984-06-26,1984.0,48.83118544247654,SIMPEST
1984-06-27,1984.0,48.83118544247654,SIMPEST
1984-06-28,1984.0,48.83118544247654,SIMPEST
1984-06-29,1984.0,49.48622356441652,SIMPEST
1984-06-30,1984.0,49.48622356441652,SIMPEST
1984-07-01,1984.0,50.50428050046537,SIMPEST
1984-07-02,1984.0,50.63124902504477,SIMPEST
1984-07-03,1984.0,51.0751327760012,SIMPEST
1984-07-04,1984.0,51.116372001605036,SIMPEST
1984-07-05,1984.0,51.14288184543736,SIMPEST
1984-07-06,1984.0,51.15917613649973,SIMPEST
1984-07-07,1984.0,51.606714403542384,SIMPEST
1984-07-08,1984.0,51.990865831259114,SIMPEST
1984-07-09,1984.0,52.169220379124766,SIMPEST
1984-07-10,1984.0,52.17032757245279,SIMPEST
1984-07-11,1984.0,52.17032757245279,SIMPEST
1984-07-12,1984.0,52.17032757245279,SIMPEST
1984-07-13,1984.0,52.45041889555625,SIMPEST
1984-07-14,1984.0,52.45041889555624,SIMPEST
1984-07-15,1984.0,52.450582358644894,SIMPEST
1984-07-16,1984.0,52.45064359183945,SIMPEST
1984-07-17,1984.0,52.45064359183945,SIMPEST
1984-07-18,1984.0,52.45064359183945,SIMPEST
1984-07-19,1984.0,52.45064359183945,SIMPEST
1984-07-20,1984.0,52.48780868807863,SIMPEST
1984-07-21,1984.0,52.492274805835315,SIMPEST
1984-07-22,1984.0,52.492274805835315,SIMPEST
1984-07-23,1984.0,52.492274805835315,SIMPEST
1984-10-05,1984.0,0.0,SIMPEST
1984-10-06,1984.0,0.0,SIMPEST
1984-10-07,1984.0,0.0,SIMPEST
1984-10-08,1984.0,0.0,SIMPEST
1984-10-09,1984.0,0.0,SIMPEST
1984-10-10,1984.0,0.0,SIMPEST
1984-10-11,1984.0,0.0,SIMPEST
1984-10-12,1984.0,0.0,SIMPEST
1984-10-13,1984.0,0.0,SIMPEST
1984-10-14,1984.0,0.0,SIMPEST
1984-10-15,1984.0,0.0,SIMPEST
1984-10-16,1984.0,0.0,SIMPEST
1984-10-17,1984.0,0.0,SIMPEST
1984-10-18,1984.0,0.0,SIMPEST
1984-10-19,1984.0,0.0,SIMPEST
1984-10-20,1984.0,0.0,SIMPEST
1984-10-21,1984.0,0.0,SIMPEST
1984-10-22,1984.0,0.0,SIMPEST
1984-10-23,1984.0,0.0,SIMPEST
1984-10-24,1984.0,0.0,SIMPEST
1984-10-25,1984.0,0.0,SIMPEST
1984-10-26,1984.0,0.0,SIMPEST
1984-10-27,1984.0,0.0,SIMPEST
1984-10-28,1984.0,0.0,SIMPEST
1984-10-29,1984.0,0.0,SIMPEST
1984-10-30,1984.0,0.0,SIMPEST
1984-10-31,1984.0,0.0,SIMPEST
1984-11-01,1984.0,0.0,SIMPEST
1984-11-02,1984.0,0.0,SIMPEST
1984-11-03,1984.0,0.0,SIMPEST
1984-11-04,1984.0,0.0,SIMPEST
1984-11-05,1984.0,0.0,SIMPEST
1984-11-06,1984.0,0.0,SIMPEST
1984-11-07,1984.0,0.0,SIMPEST
1984-11-08,1984.0,0.0,SIMPEST
1984-11-09,1984.0,0.0,SIMPEST
1984-11-10,1984.0,0.0,SIMPEST
1984-11-11,1984.0,0.0,SIMPEST
1984-11-12,1984.0,0.0,SIMPEST
1984-11-13,1984.0,0.0,SIMPEST
1984-11-14,1984.0,0.0,SIMPEST
1984-11-15,1984.0,0.0,SIMPEST
1984-11-16,1984.0,0.0,SIMPEST
1984-11-17,1984.0,0.0,SIMPEST
1984-11-18,1984.0,0.0,SIMPEST
1984-11-19,1984.0,0.0,SIMPEST
1984-11-20,1984.0,0.0,SIMPEST
1984-11-21,1984.0,0.0,SIMPEST
1984-11-22,1984.0,0.0,SIMPEST
1984-11-23,1984.0,0.0,SIMPEST
1984-11-24,1984.0,0.0,SIMPEST
1984-11-25,1984.0,0.0,SIMPEST
1984-11-26,1984.0,0.0,SIMPEST
1984-11-27,1984.0,0.0,SIMPEST
1984-11-28,1984.0,0.0,SIMPEST
1984-11-29,1984.0,0.0,SIMPEST
1984-11-30,1984.0,0.0,SIMPEST
1984-12-01,1984.0,0.0,SIMPEST
1984-12-02,1984.0,0.0,SIMPEST
1984-12-03,1984.0,0.0,SIMPEST
1984-12-04,1984.0,0.0,SIMPEST
1984-12-05,1984.0,0.0,SIMPEST
1984-12-06,1984.0,0.0,SIMPEST
1984-12-07,1984.0,0.0,SIMPEST
1984-12-08,1984.0,0.0,SIMPEST
1984-12-09,1984.0,0.0,SIMPEST
1984-12-10,1984.0,0.0,SIMPEST
1984-12-11,1984.0,0.0,SIMPEST
1984-12-12,1984.0,0.0,SIMPEST
1984-12-13,1984.0,0.0,SIMPEST
1984-12-14,1984.0,0.0,SIMPEST
1984-12-15,1984.0,0.0,SIMPEST
1984-12-16,1984.0,0.0,SIMPEST
1984-12-17,1984.0,0.0,SIMPEST
1984-12-18,1984.0,0.0,SIMPEST
1984-12-19,1984.0,0.0,SIMPEST
1984-12-20,1984.0,0.0,SIMPEST
1984-12-21,1984.0,0.0,SIMPEST
1984-12-22,1984.0,0.0,SIMPEST
1984-12-23,1984.0,0.0,SIMPEST
1984-12-24,1984.0,0.0,SIMPEST
1984-12-25,1984.0,0.0,SIMPEST
1984-12-26,1984.0,0.0,SIMPEST
1984-12-27,1984.0,0.0,SIMPEST
1984-12-28,1984.0,0.0,SIMPEST
1984-12-29,1984.0,0.0,SIMPEST
1984-12-30,1984.0,0.0,SIMPEST
1984-12-31,1984.0,0.0,SIMPEST
1985-01-01,1985.0,0.0,SIMPEST
1985-01-02,1985.0,0.0,SIMPEST
1985-01-03,1985.0,0.0,SIMPEST
1985-01-04,1985.0,0.0,SIMPEST
1985-01-05,1985.0,0.0,SIMPEST
1985-01-06,1985.0,0.0,SIMPEST
1985-01-07,1985.0,0.0,SIMPEST
1985-01-08,1985.0,0.0,SIMPEST
1985-01-09,1985.0,0.0,SIMPEST
1985-01-10,1985.0,0.0,SIMPEST
1985-01-11,1985.0,0.0,SIMPEST
1985-01-12,1985.0,0.0,SIMPEST
1985-01-13,1985.0,0.0,SIMPEST
1985-01-14,1985.0,0.0,SIMPEST
1985-01-15,1985.0,0.0,SIMPEST
1985-01-16,1985.0,0.0,SIMPEST
1985-01-17,1985.0,0.0,SIMPEST
1985-01-18,1985.0,0.0,SIMPEST
1985-01-19,1985.0,0.0,SIMPEST
1985-01-20,1985.0,0.0,SIMPEST
1985-01-21,1985.0,0.0,SIMPEST
1985-01-22,1985.0,0.0,SIMPEST
1985-01-23,1985.0,0.0,SIMPEST
1985-01-24,1985.0,0.0,SIMPEST
1985-01-25,1985.0,0.0,SIMPEST
1985-01-26,1985.0,0.0,SIMPEST
1985-01-27,1985.0,0.0,SIMPEST
1985-01-28,1985.0,0.0,SIMPEST
1985-01-29,1985.0,0.0,SIMPEST
1985-01-30,1985.0,0.0,SIMPEST
1985-01-31,1985.0,0.0,SIMPEST
1985-02-01,1985.0,0.0,SIMPEST
1985-02-02,1985.0,0.0,SIMPEST
1985-02-03,1985.0,0.0,SIMPEST
1985-02-04,1985.0,0.0,SIMPEST
1985-02-05,1985.0,0.0,SIMPEST
1985-02-06,1985.0,0.0,SIMPEST
1985-02-07,1985.0,0.0,SIMPEST
1985-02-08,1985.0,0.0,SIMPEST
1985-02-09,1985.0,0.0,SIMPEST
1985-02-10,1985.0,0.0,SIMPEST
1985-02-11,1985.0,0.0,SIMPEST
1985-02-12,1985.0,0.0,SIMPEST
1985-02-13,1985.0,0.0,SIMPEST
1985-02-14,1985.0,0.0,SIMPEST
1985-02-15,1985.0,0.0,SIMPEST
1985-02-16,1985.0,0.0,SIMPEST
1985-02-17,1985.0,0.0,SIMPEST
1985-02-18,1985.0,0.0,SIMPEST
1985-02-19,1985.0,0.0,SIMPEST
1985-02-20,1985.0,0.0,SIMPEST
1985-02-21,1985.0,0.0,SIMPEST
1985-02-22,1985.0,0.0,SIMPEST
1985-02-23,1985.0,0.0,SIMPEST
1985-02-24,1985.0,0.0,SIMPEST
1985-02-25,1985.0,0.0,SIMPEST
1985-02-26,1985.0,0.0,SIMPEST
1985-02-27,1985.0,0.0,SIMPEST
1985-02-28,1985.0,0.0,SIMPEST
1985-03-01,1985.0,0.0,SIMPEST
1985-03-02,1985.0,0.0,SIMPEST
1985-03-03,1985.0,0.0,SIMPEST
1985-03-04,1985.0,0.0,SIMPEST
1985-03-05,1985.0,0.0,SIMPEST
1985-03-06,1985.0,0.0,SIMPEST
1985-03-07,1985.0,0.0,SIMPEST
1985-03-08,1985.0,0.0,SIMPEST
1985-03-09,1985.0,0.0,SIMPEST
1985-03-10,1985.0,0.0,SIMPEST
1985-03-11,1985.0,0.0,SIMPEST
1985-03-12,1985.0,0.0,SIMPEST
1985-03-13,1985.0,0.0,SIMPEST
1985-03-14,1985.0,0.0,SIMPEST
1985-03-15,1985.0,0.0,SIMPEST
1985-03-16,1985.0,0.0,SIMPEST
1985-03-17,1985.0,0.0,SIMPEST
1985-03-18,1985.0,0.0,SIMPEST
1985-03-19,1985.0,0.0,SIMPEST
1985-03-20,1985.0,0.0,SIMPEST
1985-03-21,1985.0,0.0,SIMPEST
1985-03-22,1985.0,0.0,SIMPEST
1985-03-23,1985.0,0.0,SIMPEST
1985-03-24,1985.0,0.0,SIMPEST
1985-03-25,1985.0,0.0,SIMPEST
1985-03-26,1985.0,0.0,SIMPEST
1985-03-27,1985.0,0.0,SIMPEST
1985-03-28,1985.0,0.0,SIMPEST
1985-03-29,1985.0,0.0,SIMPEST
1985-03-30,1985.0,0.0,SIMPEST
1985-03-31,1985.0,0.0,SIMPEST
1985-04-01,1985.0,0.0,SIMPEST
1985-04-02,1985.0,0.0,SIMPEST
1985-04-03,1985.0,0.0,SIMPEST
1985-04-04,1985.0,0.0,SIMPEST
1985-04-05,1985.0,0.0,SIMPEST
1985-04-06,1985.0,0.0,SIMPEST
1985-04-07,1985.0,0.0,SIMPEST
1985-04-08,1985.0,0.0,SIMPEST
1985-04-09,1985.0,0.0,SIMPEST
1985-04-10,1985.0,0.0,SIMPEST
1985-04-11,1985.0,0.0,SIMPEST
1985-04-12,1985.0,0.0,SIMPEST
1985-04-13,1985.0,0.0,SIMPEST
1985-04-14,1985.0,0.0,SIMPEST
1985-04-15,1985.0,0.0,SIMPEST
1985-04-16,1985.0,0.0,SIMPEST
1985-04-17,1985.0,0.0,SIMPEST
1985-04-18,1985.0,0.0,SIMPEST
1985-04-19,1985.0,0.0,SIMPEST
1985-04-20,1985.0,0.0,SIMPEST
1985-04-21,1985.0,0.0,SIMPEST
1985-04-22,1985.0,0.0,SIMPEST
1985-04-23,1985.0,0.0,SIMPEST
1985-04-24,1985.0,0.0,SIMPEST
1985-04-25,1985.0,1.35958189438298,SIMPEST
1985-04-26,1985.0,1.36431654875737,SIMPEST
1985-04-27,1985.0,1.36950058263857,SIMPEST
1985-04-28,1985.0,3.17271259543686,SIMPEST
1985-04-29,1985.0,3.18188816756068,SIMPEST
1985-04-30,1985.0,3.19283854536436,SIMPEST
1985-05-01,1985.0,3.20576383907693,SIMPEST
1985-05-02,1985.0,3.2160669163844697,SIMPEST
1985-05-03,1985.0,3.22473842220954,SIMPEST
1985-05-04,1985.0,3.2360512256470297,SIMPEST
1985-05-05,1985.0,3.2360512256470297,SIMPEST
1985-05-06,1985.0,5.5776272461937495,SIMPEST
1985-05-07,1985.0,5.5776272461937495,SIMPEST
1985-05-08,1985.0,7.73887788857037,SIMPEST
1985-05-09,1985.0,7.73887788857037,SIMPEST
1985-05-10,1985.0,10.9166623778019,SIMPEST
1985-05-11,1985.0,16.04140477439324,SIMPEST
1985-05-12,1985.0,21.10289653729581,SIMPEST
1985-05-13,1985.0,21.10289653729581,SIMPEST
1985-05-14,1985.0,21.10289653729581,SIMPEST
1985-05-15,1985.0,25.76973454252398,SIMPEST
1985-05-16,1985.0,25.76973454252398,SIMPEST
1985-05-17,1985.0,25.76973454252398,SIMPEST
1985-05-18,1985.0,25.76973454252398,SIMPEST
1985-05-19,1985.0,29.87697841012243,SIMPEST
1985-05-20,1985.0,29.8993119021634,SIMPEST
1985-05-21,1985.0,29.8993119021634,SIMPEST
1985-05-22,1985.0,29.8993119021634,SIMPEST
1985-05-23,1985.0,32.151403819210714,SIMPEST
1985-05-24,1985.0,32.151403819210714,SIMPEST
1985-05-25,1985.0,32.151403819210714,SIMPEST
1985-05-26,1985.0,32.151403819210714,SIMPEST
1985-05-27,1985.0,32.151403819210714,SIMPEST
1985-05-28,1985.0,33.7119597463643,SIMPEST
1985-05-29,1985.0,35.62219885583071,SIMPEST
1985-05-30,1985.0,35.62219885583071,SIMPEST
1985-05-31,1985.0,37.12255769610543,SIMPEST
1985-06-01,1985.0,40.87506870504973,SIMPEST
1985-06-02,1985.0,43.06338303826554,SIMPEST
1985-06-03,1985.0,44.19768988542675,SIMPEST
1985-06-04,1985.0,44.19768988542675,SIMPEST
1985-06-05,1985.0,47.08313610358966,SIMPEST
1985-06-06,1985.0,47.2471467545058,SIMPEST
1985-06-07,1985.0,47.24714675450579,SIMPEST
1985-06-08,1985.0,47.2471467545058,SIMPEST
1985-06-09,1985.0,47.2471467545058,SIMPEST
1985-06-10,1985.0,47.24714675450579,SIMPEST
1985-06-11,1985.0,48.53824634577777,SIMPEST
1985-06-12,1985.0,48.53824634577777,SIMPEST
1985-06-13,1985.0,48.94749832651242,SIMPEST
1985-06-14,1985.0,48.94749832651242,SIMPEST
1985-06-15,1985.0,49.68032583159178,SIMPEST
1985-06-16,1985.0,50.343695840201164,SIMPEST
1985-06-17,1985.0,50.343695840201164,SIMPEST
1985-06-18,1985.0,50.35961112069602,SIMPEST
1985-06-19,1985.0,50.817095973554636,SIMPEST
1985-06-20,1985.0,51.25038506944364,SIMPEST
1985-06-21,1985.0,51.38866143464645,SIMPEST
1985-06-22,1985.0,51.38866143464645,SIMPEST
1985-06-23,1985.0,51.38986501509548,SIMPEST
1985-06-24,1985.0,51.38986501509548,SIMPEST
1985-06-25,1985.0,51.39038726827441,SIMPEST
1985-06-26,1985.0,51.3905565529276,SIMPEST
1985-06-27,1985.0,51.553197497128956,SIMPEST
1985-06-28,1985.0,51.553267653579546,SIMPEST
1985-06-29,1985.0,51.553267653579546,SIMPEST
1985-06-30,1985.0,51.626943699679785,SIMPEST
1985-07-01,1985.0,51.68282710749739,SIMPEST
1985-07-02,1985.0,51.715805134384254,SIMPEST
1985-07-03,1985.0,51.72251238837724,SIMPEST
1985-07-04,1985.0,51.72251238837724,SIMPEST
1985-07-05,1985.0,51.72251238837724,SIMPEST
1985-07-06,1985.0,51.722512388377254,SIMPEST
1985-10-07,1985.0,0.0,SIMPEST
1985-10-08,1985.0,0.0,SIMPEST
1985-10-09,1985.0,0.0,SIMPEST
1985-10-10,1985.0,0.0,SIMPEST
1985-10-11,1985.0,0.0,SIMPEST
1985-10-12,1985.0,0.0,SIMPEST
1985-10-13,1985.0,0.0,SIMPEST
1985-10-14,1985.0,0.0,SIMPEST
1985-10-15,1985.0,0.0,SIMPEST
1985-10-16,1985.0,0.0,SIMPEST
1985-10-17,1985.0,0.0,SIMPEST
1985-10-18,1985.0,0.0,SIMPEST
1985-10-19,1985.0,0.0,SIMPEST
1985-10-20,1985.0,0.0,SIMPEST
1985-10-21,1985.0,0.0,SIMPEST
1985-10-22,1985.0,0.0,SIMPEST
1985-10-23,1985.0,0.0,SIMPEST
1985-10-24,1985.0,0.0,SIMPEST
1985-10-25,1985.0,0.0,SIMPEST
1985-10-26,1985.0,0.0,SIMPEST
1985-10-27,1985.0,0.0,SIMPEST
1985-10-28,1985.0,0.0,SIMPEST
1985-10-29,1985.0,0.0,SIMPEST
1985-10-30,1985.0,0.0,SIMPEST
1985-10-31,1985.0,0.0,SIMPEST
1985-11-01,1985.0,0.0,SIMPEST
1985-11-02,1985.0,0.0,SIMPEST
1985-11-03,1985.0,0.0,SIMPEST
1985-11-04,1985.0,0.0,SIMPEST
1985-11-05,1985.0,0.0,SIMPEST
1985-11-06,1985.0,0.0,SIMPEST
1985-11-07,1985.0,0.0,SIMPEST
1985-11-08,1985.0,0.0,SIMPEST
1985-11-09,1985.0,0.0,SIMPEST
1985-11-10,1985.0,0.0,SIMPEST
1985-11-11,1985.0,0.0,SIMPEST
1985-11-12,1985.0,0.0,SIMPEST
1985-11-13,1985.0,0.0,SIMPEST
1985-11-14,1985.0,0.0,SIMPEST
1985-11-15,1985.0,0.0,SIMPEST
1985-11-16,1985.0,0.0,SIMPEST
1985-11-17,1985.0,0.0,SIMPEST
1985-11-18,1985.0,0.0,SIMPEST
1985-11-19,1985.0,0.0,SIMPEST
1985-11-20,1985.0,0.0,SIMPEST
1985-11-21,1985.0,0.0,SIMPEST
1985-11-22,1985.0,0.0,SIMPEST
1985-11-23,1985.0,0.0,SIMPEST
1985-11-24,1985.0,0.0,SIMPEST
1985-11-25,1985.0,0.0,SIMPEST
1985-11-26,1985.0,0.0,SIMPEST
1985-11-27,1985.0,0.0,SIMPEST
1985-11-28,1985.0,0.0,SIMPEST
1985-11-29,1985.0,0.0,SIMPEST
1985-11-30,1985.0,0.0,SIMPEST
1985-12-01,1985.0,0.0,SIMPEST
1985-12-02,1985.0,0.0,SIMPEST
1985-12-03,1985.0,0.0,SIMPEST
1985-12-04,1985.0,0.0,SIMPEST
1985-12-05,1985.0,0.0,SIMPEST
1985-12-06,1985.0,0.0,SIMPEST
1985-12-07,1985.0,0.0,SIMPEST
1985-12-08,1985.0,0.0,SIMPEST
1985-12-09,1985.0,0.0,SIMPEST
1985-12-10,1985.0,0.0,SIMPEST
1985-12-11,1985.0,0.0,SIMPEST
1985-12-12,1985.0,0.0,SIMPEST
1985-12-13,1985.0,0.0,SIMPEST
1985-12-14,1985.0,0.0,SIMPEST
1985-12-15,1985.0,0.0,SIMPEST
1985-12-16,1985.0,0.0,SIMPEST
1985-12-17,1985.0,0.0,SIMPEST
1985-12-18,1985.0,0.0,SIMPEST
1985-12-19,1985.0,0.0,SIMPEST
1985-12-20,1985.0,0.0,SIMPEST
1985-12-21,1985.0,0.0,SIMPEST
1985-12-22,1985.0,0.0,SIMPEST
1985-12-23,1985.0,0.0,SIMPEST
1985-12-24,1985.0,0.0,SIMPEST
1985-12-25,1985.0,0.0,SIMPEST
1985-12-26,1985.0,0.0,SIMPEST
1985-12-27,1985.0,0.0,SIMPEST
1985-12-28,1985.0,0.0,SIMPEST
1985-12-29,1985.0,0.0,SIMPEST
1985-12-30,1985.0,0.0,SIMPEST
1985-12-31,1985.0,0.0,SIMPEST
1986-01-01,1986.0,0.0,SIMPEST
1986-01-02,1986.0,0.0,SIMPEST
1986-01-03,1986.0,0.0,SIMPEST
1986-01-04,1986.0,0.0,SIMPEST
1986-01-05,1986.0,0.0,SIMPEST
1986-01-06,1986.0,0.0,SIMPEST
1986-01-07,1986.0,0.0,SIMPEST
1986-01-08,1986.0,0.0,SIMPEST
1986-01-09,1986.0,0.0,SIMPEST
1986-01-10,1986.0,0.0,SIMPEST
1986-01-11,1986.0,0.0,SIMPEST
1986-01-12,1986.0,0.0,SIMPEST
1986-01-13,1986.0,0.0,SIMPEST
1986-01-14,1986.0,0.0,SIMPEST
1986-01-15,1986.0,0.0,SIMPEST
1986-01-16,1986.0,0.0,SIMPEST
1986-01-17,1986.0,0.0,SIMPEST
1986-01-18,1986.0,0.0,SIMPEST
1986-01-19,1986.0,0.0,SIMPEST
1986-01-20,1986.0,0.0,SIMPEST
1986-01-21,1986.0,0.0,SIMPEST
1986-01-22,1986.0,0.0,SIMPEST
1986-01-23,1986.0,0.0,SIMPEST
1986-01-24,1986.0,0.0,SIMPEST
1986-01-25,1986.0,0.0,SIMPEST
1986-01-26,1986.0,0.0,SIMPEST
1986-01-27,1986.0,0.0,SIMPEST
1986-01-28,1986.0,0.0,SIMPEST
1986-01-29,1986.0,0.0,SIMPEST
1986-01-30,1986.0,0.0,SIMPEST
1986-01-31,1986.0,0.0,SIMPEST
1986-02-01,1986.0,0.0,SIMPEST
1986-02-02,1986.0,0.0,SIMPEST
1986-02-03,1986.0,0.0,SIMPEST
1986-02-04,1986.0,0.0,SIMPEST
1986-02-05,1986.0,0.0,SIMPEST
1986-02-06,1986.0,0.0,SIMPEST
1986-02-07,1986.0,0.0,SIMPEST
1986-02-08,1986.0,0.0,SIMPEST
1986-02-09,1986.0,0.0,SIMPEST
1986-02-10,1986.0,0.0,SIMPEST
1986-02-11,1986.0,0.0,SIMPEST
1986-02-12,1986.0,0.0,SIMPEST
1986-02-13,1986.0,0.0,SIMPEST
1986-02-14,1986.0,0.0,SIMPEST
1986-02-15,1986.0,0.0,SIMPEST
1986-02-16,1986.0,0.0,SIMPEST
1986-02-17,1986.0,0.0,SIMPEST
1986-02-18,1986.0,0.0,SIMPEST
1986-02-19,1986.0,0.0,SIMPEST
1986-02-20,1986.0,0.0,SIMPEST
1986-02-21,1986.0,0.0,SIMPEST
1986-02-22,1986.0,0.0,SIMPEST
1986-02-23,1986.0,0.0,SIMPEST
1986-02-24,1986.0,0.0,SIMPEST
1986-02-25,1986.0,0.0,SIMPEST
1986-02-26,1986.0,0.0,SIMPEST
1986-02-27,1986.0,0.0,SIMPEST
1986-02-28,1986.0,0.0,SIMPEST
1986-03-01,1986.0,0.0,SIMPEST
1986-03-02,1986.0,0.0,SIMPEST
1986-03-03,1986.0,0.0,SIMPEST
1986-03-04,1986.0,0.0,SIMPEST
1986-03-05,1986.0,0.0,SIMPEST
1986-03-06,1986.0,0.0,SIMPEST
1986-03-07,1986.0,0.0,SIMPEST
1986-03-08,1986.0,0.0,SIMPEST
1986-03-09,1986.0,0.0,SIMPEST
1986-03-10,1986.0,0.0,SIMPEST
1986-03-11,1986.0,0.0,SIMPEST
1986-03-12,1986.0,0.0,SIMPEST
1986-03-13,1986.0,0.0,SIMPEST
1986-03-14,1986.0,0.0,SIMPEST
1986-03-15,1986.0,0.0,SIMPEST
1986-03-16,1986.0,0.0,SIMPEST
1986-03-17,1986.0,0.0,SIMPEST
1986-03-18,1986.0,0.0,SIMPEST
1986-03-19,1986.0,0.0,SIMPEST
1986-03-20,1986.0,0.0,SIMPEST
1986-03-21,1986.0,0.0,SIMPEST
1986-03-22,1986.0,0.0,SIMPEST
1986-03-23,1986.0,0.0,SIMPEST
1986-03-24,1986.0,0.0,SIMPEST
1986-03-25,1986.0,0.0,SIMPEST
1986-03-26,1986.0,0.0,SIMPEST
1986-03-27,1986.0,0.0,SIMPEST
1986-03-28,1986.0,0.0,SIMPEST
1986-03-29,1986.0,0.0,SIMPEST
1986-03-30,1986.0,0.0,SIMPEST
1986-03-31,1986.0,0.0,SIMPEST
1986-04-01,1986.0,0.0,SIMPEST
1986-04-02,1986.0,0.0,SIMPEST
1986-04-03,1986.0,0.0,SIMPEST
1986-04-04,1986.0,0.0,SIMPEST
1986-04-05,1986.0,0.0,SIMPEST
1986-04-06,1986.0,0.0,SIMPEST
1986-04-07,1986.0,0.0,SIMPEST
1986-04-08,1986.0,0.0,SIMPEST
1986-04-09,1986.0,0.0,SIMPEST
1986-04-10,1986.0,0.0,SIMPEST
1986-04-11,1986.0,0.0,SIMPEST
1986-04-12,1986.0,0.0,SIMPEST
1986-04-13,1986.0,0.0,SIMPEST
1986-04-14,1986.0,0.0,SIMPEST
1986-04-15,1986.0,0.0,SIMPEST
1986-04-16,1986.0,0.0,SIMPEST
1986-04-17,1986.0,0.0,SIMPEST
1986-04-18,1986.0,0.0,SIMPEST
1986-04-19,1986.0,0.0,SIMPEST
1986-04-20,1986.0,0.0,SIMPEST
1986-04-21,1986.0,0.0,SIMPEST
1986-04-22,1986.0,0.0,SIMPEST
1986-04-23,1986.0,0.0,SIMPEST
1986-04-24,1986.0,0.0,SIMPEST
1986-04-25,1986.0,0.0,SIMPEST
1986-04-26,1986.0,0.0,SIMPEST
1986-04-27,1986.0,0.0,SIMPEST
1986-04-28,1986.0,0.0,SIMPEST
1986-04-29,1986.0,0.0,SIMPEST
1986-04-30,1986.0,0.0,SIMPEST
1986-05-01,1986.0,1.8342458328029099,SIMPEST
1986-05-02,1986.0,1.83730766090638,SIMPEST
1986-05-03,1986.0,1.8387493743758,SIMPEST
1986-05-04,1986.0,1.8426060254205598,SIMPEST
1986-05-05,1986.0,3.30251456336912,SIMPEST
1986-05-06,1986.0,3.31892716999955,SIMPEST
1986-05-07,1986.0,3.3358192333442402,SIMPEST
1986-05-08,1986.0,3.3515696522081297,SIMPEST
1986-05-09,1986.0,6.308774405372731,SIMPEST
1986-05-10,1986.0,6.308774405372731,SIMPEST
1986-05-11,1986.0,8.26865726477786,SIMPEST
1986-05-12,1986.0,11.30255967268069,SIMPEST
1986-05-13,1986.0,11.30255967268069,SIMPEST
1986-05-14,1986.0,11.30255967268069,SIMPEST
1986-05-15,1986.0,11.30255967268069,SIMPEST
1986-05-16,1986.0,11.30255967268069,SIMPEST
1986-05-17,1986.0,15.27311329197616,SIMPEST
1986-05-18,1986.0,17.29503334707746,SIMPEST
1986-05-19,1986.0,17.29503334707746,SIMPEST
1986-05-20,1986.0,17.29503334707746,SIMPEST
1986-05-21,1986.0,17.29503334707746,SIMPEST
1986-05-22,1986.0,17.29503334707746,SIMPEST
1986-05-23,1986.0,17.29503334707746,SIMPEST
1986-05-24,1986.0,22.538992462260772,SIMPEST
1986-05-25,1986.0,27.364849686400177,SIMPEST
1986-05-26,1986.0,27.364849686400177,SIMPEST
1986-05-27,1986.0,27.364849686400177,SIMPEST
1986-05-28,1986.0,27.364849686400177,SIMPEST
1986-05-29,1986.0,27.364849686400177,SIMPEST
1986-05-30,1986.0,31.64551081890064,SIMPEST
1986-05-31,1986.0,31.64551081890064,SIMPEST
1986-06-01,1986.0,34.35833488792889,SIMPEST
1986-06-02,1986.0,37.85885986604158,SIMPEST
1986-06-03,1986.0,39.31212491277978,SIMPEST
1986-06-04,1986.0,42.53327860910867,SIMPEST
1986-06-05,1986.0,45.40002871234715,SIMPEST
1986-06-06,1986.0,46.62333633137488,SIMPEST
1986-06-07,1986.0,46.62333633137488,SIMPEST
1986-06-08,1986.0,46.62333633137488,SIMPEST
1986-06-09,1986.0,46.78198720618537,SIMPEST
1986-06-10,1986.0,49.41842196793968,SIMPEST
1986-06-11,1986.0,51.786329238865406,SIMPEST
1986-06-12,1986.0,51.786329238865406,SIMPEST
1986-06-13,1986.0,53.51615569068466,SIMPEST
1986-06-14,1986.0,53.51615569068466,SIMPEST
1986-06-15,1986.0,53.51615569068466,SIMPEST
1986-06-16,1986.0,53.51615569068466,SIMPEST
1986-06-17,1986.0,53.662255303188914,SIMPEST
1986-06-18,1986.0,53.66225530318892,SIMPEST
1986-06-19,1986.0,54.29654905572957,SIMPEST
1986-06-20,1986.0,54.989565174616416,SIMPEST
1986-06-21,1986.0,55.566448235391064,SIMPEST
1986-06-22,1986.0,56.075938763155705,SIMPEST
1986-06-23,1986.0,56.084917612230925,SIMPEST
1986-06-24,1986.0,56.084917612230925,SIMPEST
1986-06-25,1986.0,56.400286079471186,SIMPEST
1986-06-26,1986.0,56.646614166163126,SIMPEST
1986-06-27,1986.0,56.646614166163126,SIMPEST
1986-06-28,1986.0,56.89559032857092,SIMPEST
1986-06-29,1986.0,56.89559032857092,SIMPEST
1986-06-30,1986.0,56.89559032857092,SIMPEST
1986-07-01,1986.0,56.97612930635296,SIMPEST
1986-07-02,1986.0,57.00376076448169,SIMPEST
1986-07-03,1986.0,57.00376076448169,SIMPEST
1986-07-04,1986.0,57.00376076448169,SIMPEST
1986-07-05,1986.0,57.00376076448169,SIMPEST
1986-07-06,1986.0,57.00376076448169,SIMPEST
1986-07-07,1986.0,57.00376076448169,SIMPEST
1986-07-08,1986.0,57.00376076448169,SIMPEST
1986-07-09,1986.0,57.00376076448169,SIMPEST
1986-10-11,1986.0,0.0,SIMPEST
1986-10-12,1986.0,0.0,SIMPEST
1986-10-13,1986.0,0.0,SIMPEST
1986-10-14,1986.0,0.0,SIMPEST
1986-10-15,1986.0,0.0,SIMPEST
1986-10-16,1986.0,0.0,SIMPEST
1986-10-17,1986.0,0.0,SIMPEST
1986-10-18,1986.0,0.0,SIMPEST
1986-10-19,1986.0,0.0,SIMPEST
1986-10-20,1986.0,0.0,SIMPEST
1986-10-21,1986.0,0.0,SIMPEST
1986-10-22,1986.0,0.0,SIMPEST
1986-10-23,1986.0,0.0,SIMPEST
1986-10-24,1986.0,0.0,SIMPEST
1986-10-25,1986.0,0.0,SIMPEST
1986-10-26,1986.0,0.0,SIMPEST
1986-10-27,1986.0,0.0,SIMPEST
1986-10-28,1986.0,0.0,SIMPEST
1986-10-29,1986.0,0.0,SIMPEST
1986-10-30,1986.0,0.0,SIMPEST
1986-10-31,1986.0,0.0,SIMPEST
1986-11-01,1986.0,0.0,SIMPEST
1986-11-02,1986.0,0.0,SIMPEST
1986-11-03,1986.0,0.0,SIMPEST
1986-11-04,1986.0,0.0,SIMPEST
1986-11-05,1986.0,0.0,SIMPEST
1986-11-06,1986.0,0.0,SIMPEST
1986-11-07,1986.0,0.0,SIMPEST
1986-11-08,1986.0,0.0,SIMPEST
1986-11-09,1986.0,0.0,SIMPEST
1986-11-10,1986.0,0.0,SIMPEST
1986-11-11,1986.0,0.0,SIMPEST
1986-11-12,1986.0,0.0,SIMPEST
1986-11-13,1986.0,0.0,SIMPEST
1986-11-14,1986.0,0.0,SIMPEST
1986-11-15,1986.0,0.0,SIMPEST
1986-11-16,1986.0,0.0,SIMPEST
1986-11-17,1986.0,0.0,SIMPEST
1986-11-18,1986.0,0.0,SIMPEST
1986-11-19,1986.0,0.0,SIMPEST
1986-11-20,1986.0,0.0,SIMPEST
1986-11-21,1986.0,0.0,SIMPEST
1986-11-22,1986.0,0.0,SIMPEST
1986-11-23,1986.0,0.0,SIMPEST
1986-11-24,1986.0,0.0,SIMPEST
1986-11-25,1986.0,0.0,SIMPEST
1986-11-26,1986.0,0.0,SIMPEST
1986-11-27,1986.0,0.0,SIMPEST
1986-11-28,1986.0,0.0,SIMPEST
1986-11-29,1986.0,0.0,SIMPEST
1986-11-30,1986.0,0.0,SIMPEST
1986-12-01,1986.0,0.0,SIMPEST
1986-12-02,1986.0,0.0,SIMPEST
1986-12-03,1986.0,0.0,SIMPEST
1986-12-04,1986.0,0.0,SIMPEST
1986-12-05,1986.0,0.0,SIMPEST
1986-12-06,1986.0,0.0,SIMPEST
1986-12-07,1986.0,0.0,SIMPEST
1986-12-08,1986.0,0.0,SIMPEST
1986-12-09,1986.0,0.0,SIMPEST
1986-12-10,1986.0,0.0,SIMPEST
1986-12-11,1986.0,0.0,SIMPEST
1986-12-12,1986.0,0.0,SIMPEST
1986-12-13,1986.0,0.0,SIMPEST
1986-12-14,1986.0,0.0,SIMPEST
1986-12-15,1986.0,0.0,SIMPEST
1986-12-16,1986.0,0.0,SIMPEST
1986-12-17,1986.0,0.0,SIMPEST
1986-12-18,1986.0,0.0,SIMPEST
1986-12-19,1986.0,0.0,SIMPEST
1986-12-20,1986.0,0.0,SIMPEST
1986-12-21,1986.0,0.0,SIMPEST
1986-12-22,1986.0,0.0,SIMPEST
1986-12-23,1986.0,0.0,SIMPEST
1986-12-24,1986.0,0.0,SIMPEST
1986-12-25,1986.0,0.0,SIMPEST
1986-12-26,1986.0,0.0,SIMPEST
1986-12-27,1986.0,0.0,SIMPEST
1986-12-28,1986.0,0.0,SIMPEST
1986-12-29,1986.0,0.0,SIMPEST
1986-12-30,1986.0,0.0,SIMPEST
1986-12-31,1986.0,0.0,SIMPEST
1987-01-01,1987.0,0.0,SIMPEST
1987-01-02,1987.0,0.0,SIMPEST
1987-01-03,1987.0,0.0,SIMPEST
1987-01-04,1987.0,0.0,SIMPEST
1987-01-05,1987.0,0.0,SIMPEST
1987-01-06,1987.0,0.0,SIMPEST
1987-01-07,1987.0,0.0,SIMPEST
1987-01-08,1987.0,0.0,SIMPEST
1987-01-09,1987.0,0.0,SIMPEST
1987-01-10,1987.0,0.0,SIMPEST
1987-01-11,1987.0,0.0,SIMPEST
1987-01-12,1987.0,0.0,SIMPEST
1987-01-13,1987.0,0.0,SIMPEST
1987-01-14,1987.0,0.0,SIMPEST
1987-01-15,1987.0,0.0,SIMPEST
1987-01-16,1987.0,0.0,SIMPEST
1987-01-17,1987.0,0.0,SIMPEST
1987-01-18,1987.0,0.0,SIMPEST
1987-01-19,1987.0,0.0,SIMPEST
1987-01-20,1987.0,0.0,SIMPEST
1987-01-21,1987.0,0.0,SIMPEST
1987-01-22,1987.0,0.0,SIMPEST
1987-01-23,1987.0,0.0,SIMPEST
1987-01-24,1987.0,0.0,SIMPEST
1987-01-25,1987.0,0.0,SIMPEST
1987-01-26,1987.0,0.0,SIMPEST
1987-01-27,1987.0,0.0,SIMPEST
1987-01-28,1987.0,0.0,SIMPEST
1987-01-29,1987.0,0.0,SIMPEST
1987-01-30,1987.0,0.0,SIMPEST
1987-01-31,1987.0,0.0,SIMPEST
1987-02-01,1987.0,0.0,SIMPEST
1987-02-02,1987.0,0.0,SIMPEST
1987-02-03,1987.0,0.0,SIMPEST
1987-02-04,1987.0,0.0,SIMPEST
1987-02-05,1987.0,0.0,SIMPEST
1987-02-06,1987.0,0.0,SIMPEST
1987-02-07,1987.0,0.0,SIMPEST
1987-02-08,1987.0,0.0,SIMPEST
1987-02-09,1987.0,0.0,SIMPEST
1987-02-10,1987.0,0.0,SIMPEST
1987-02-11,1987.0,0.0,SIMPEST
1987-02-12,1987.0,0.0,SIMPEST
1987-02-13,1987.0,0.0,SIMPEST
1987-02-14,1987.0,0.0,SIMPEST
1987-02-15,1987.0,0.0,SIMPEST
1987-02-16,1987.0,0.0,SIMPEST
1987-02-17,1987.0,0.0,SIMPEST
1987-02-18,1987.0,0.0,SIMPEST
1987-02-19,1987.0,0.0,SIMPEST
1987-02-20,1987.0,0.0,SIMPEST
1987-02-21,1987.0,0.0,SIMPEST
1987-02-22,1987.0,0.0,SIMPEST
1987-02-23,1987.0,0.0,SIMPEST
1987-02-24,1987.0,0.0,SIMPEST
1987-02-25,1987.0,0.0,SIMPEST
1987-02-26,1987.0,0.0,SIMPEST
1987-02-27,1987.0,0.0,SIMPEST
1987-02-28,1987.0,0.0,SIMPEST
1987-03-01,1987.0,0.0,SIMPEST
1987-03-02,1987.0,0.0,SIMPEST
1987-03-03,1987.0,0.0,SIMPEST
1987-03-04,1987.0,0.0,SIMPEST
1987-03-05,1987.0,0.0,SIMPEST
1987-03-06,1987.0,0.0,SIMPEST
1987-03-07,1987.0,0.0,SIMPEST
1987-03-08,1987.0,0.0,SIMPEST
1987-03-09,1987.0,0.0,SIMPEST
1987-03-10,1987.0,0.0,SIMPEST
1987-03-11,1987.0,0.0,SIMPEST
1987-03-12,1987.0,0.0,SIMPEST
1987-03-13,1987.0,0.0,SIMPEST
1987-03-14,1987.0,0.0,SIMPEST
1987-03-15,1987.0,0.0,SIMPEST
1987-03-16,1987.0,0.0,SIMPEST
1987-03-17,1987.0,0.0,SIMPEST
1987-03-18,1987.0,0.0,SIMPEST
1987-03-19,1987.0,0.0,SIMPEST
1987-03-20,1987.0,0.0,SIMPEST
1987-03-21,1987.0,0.0,SIMPEST
1987-03-22,1987.0,0.0,SIMPEST
1987-03-23,1987.0,0.0,SIMPEST
1987-03-24,1987.0,0.0,SIMPEST
1987-03-25,1987.0,0.0,SIMPEST
1987-03-26,1987.0,0.0,SIMPEST
1987-03-27,1987.0,0.0,SIMPEST
1987-03-28,1987.0,0.0,SIMPEST
1987-03-29,1987.0,0.0,SIMPEST
1987-03-30,1987.0,0.0,SIMPEST
1987-03-31,1987.0,0.0,SIMPEST
1987-04-01,1987.0,0.0,SIMPEST
1987-04-02,1987.0,0.0,SIMPEST
1987-04-03,1987.0,0.0,SIMPEST
1987-04-04,1987.0,0.0,SIMPEST
1987-04-05,1987.0,0.0,SIMPEST
1987-04-06,1987.0,0.0,SIMPEST
1987-04-07,1987.0,0.0,SIMPEST
1987-04-08,1987.0,0.0,SIMPEST
1987-04-09,1987.0,0.0,SIMPEST
1987-04-10,1987.0,0.0,SIMPEST
1987-04-11,1987.0,0.0,SIMPEST
1987-04-12,1987.0,0.0,SIMPEST
1987-04-13,1987.0,0.0,SIMPEST
1987-04-14,1987.0,0.0,SIMPEST
1987-04-15,1987.0,0.0,SIMPEST
1987-04-16,1987.0,0.0,SIMPEST
1987-04-17,1987.0,0.0,SIMPEST
1987-04-18,1987.0,0.0,SIMPEST
1987-04-19,1987.0,0.0,SIMPEST
1987-04-20,1987.0,0.0,SIMPEST
1987-04-21,1987.0,0.0,SIMPEST
1987-04-22,1987.0,0.0,SIMPEST
1987-04-23,1987.0,0.0,SIMPEST
1987-04-24,1987.0,0.0,SIMPEST
1987-04-25,1987.0,0.0,SIMPEST
1987-04-26,1987.0,0.0,SIMPEST
1987-04-27,1987.0,0.0,SIMPEST
1987-04-28,1987.0,0.0,SIMPEST
1987-04-29,1987.0,0.0,SIMPEST
1987-04-30,1987.0,0.0,SIMPEST
1987-05-01,1987.0,0.0,SIMPEST
1987-05-02,1987.0,0.0,SIMPEST
1987-05-03,1987.0,0.0,SIMPEST
1987-05-04,1987.0,0.0,SIMPEST
1987-05-05,1987.0,0.0,SIMPEST
1987-05-06,1987.0,0.0,SIMPEST
1987-05-07,1987.0,0.0,SIMPEST
1987-05-08,1987.0,0.0,SIMPEST
1987-05-09,1987.0,0.0,SIMPEST
1987-05-10,1987.0,0.0,SIMPEST
1987-05-11,1987.0,0.0,SIMPEST
1987-05-12,1987.0,0.0,SIMPEST
1987-05-13,1987.0,0.0,SIMPEST
1987-05-14,1987.0,0.0,SIMPEST
1987-05-15,1987.0,0.0,SIMPEST
1987-05-16,1987.0,0.0,SIMPEST
1987-05-17,1987.0,0.0,SIMPEST
1987-05-18,1987.0,0.0,SIMPEST
1987-05-19,1987.0,0.0,SIMPEST
1987-05-20,1987.0,0.0,SIMPEST
1987-05-21,1987.0,0.0,SIMPEST
1987-05-22,1987.0,0.0,SIMPEST
1987-05-23,1987.0,0.0,SIMPEST
1987-05-24,1987.0,0.0,SIMPEST
1987-05-25,1987.0,0.0,SIMPEST
1987-05-26,1987.0,2.31388448023324,SIMPEST
1987-05-27,1987.0,2.31388448023324,SIMPEST
1987-05-28,1987.0,2.31388448023324,SIMPEST
1987-05-29,1987.0,2.31388448023324,SIMPEST
1987-05-30,1987.0,2.31388448023324,SIMPEST
1987-05-31,1987.0,2.31388448023324,SIMPEST
1987-06-01,1987.0,2.31388448023324,SIMPEST
1987-06-02,1987.0,2.31388448023324,SIMPEST
1987-06-03,1987.0,8.36820372506536,SIMPEST
1987-06-04,1987.0,10.88542470043422,SIMPEST
1987-06-05,1987.0,10.88542470043422,SIMPEST
1987-06-06,1987.0,14.37798967254937,SIMPEST
1987-06-07,1987.0,14.37798967254937,SIMPEST
1987-06-08,1987.0,14.37798967254937,SIMPEST
1987-06-09,1987.0,19.23515025176765,SIMPEST
1987-06-10,1987.0,21.44482311358632,SIMPEST
1987-06-11,1987.0,21.44482311358632,SIMPEST
1987-06-12,1987.0,21.44482311358632,SIMPEST
1987-06-13,1987.0,21.44482311358632,SIMPEST
1987-06-14,1987.0,23.524488897181563,SIMPEST
1987-06-15,1987.0,23.524488897181563,SIMPEST
1987-06-16,1987.0,25.338269787068867,SIMPEST
1987-06-17,1987.0,27.32326693974741,SIMPEST
1987-06-18,1987.0,30.66585489156905,SIMPEST
1987-06-19,1987.0,34.2552813847133,SIMPEST
1987-06-20,1987.0,35.57400294970642,SIMPEST
1987-06-21,1987.0,35.57400294970642,SIMPEST
1987-06-22,1987.0,35.57400294970642,SIMPEST
1987-06-23,1987.0,35.57400294970642,SIMPEST
1987-06-24,1987.0,35.57400294970642,SIMPEST
1987-06-25,1987.0,35.6912938761809,SIMPEST
1987-06-26,1987.0,35.69129387618091,SIMPEST
1987-06-27,1987.0,35.80773508763151,SIMPEST
1987-06-28,1987.0,37.30717335920813,SIMPEST
1987-06-29,1987.0,37.30717335920813,SIMPEST
1987-06-30,1987.0,37.30717335920813,SIMPEST
1987-07-01,1987.0,37.44091991740312,SIMPEST
1987-07-02,1987.0,37.44091991740312,SIMPEST
1987-07-03,1987.0,37.44091991740311,SIMPEST
1987-07-04,1987.0,37.59615890472762,SIMPEST
1987-07-05,1987.0,38.21587671550571,SIMPEST
1987-07-06,1987.0,38.8286226359438,SIMPEST
1987-07-07,1987.0,39.161218022410246,SIMPEST
1987-07-08,1987.0,39.161218022410246,SIMPEST
1987-07-09,1987.0,39.161218022410246,SIMPEST
1987-07-10,1987.0,39.29881109992353,SIMPEST
1987-07-11,1987.0,39.46653849847936,SIMPEST
1987-07-12,1987.0,39.46653849847936,SIMPEST
1987-07-13,1987.0,39.46676918986465,SIMPEST
1987-07-14,1987.0,39.46676918986465,SIMPEST
1987-07-15,1987.0,39.71148118527219,SIMPEST
1987-07-16,1987.0,40.001054846997654,SIMPEST
1987-07-17,1987.0,40.258117821866826,SIMPEST
1987-07-18,1987.0,40.25813114600424,SIMPEST
1987-07-19,1987.0,40.25813540900714,SIMPEST
1987-07-20,1987.0,40.25813773115445,SIMPEST
1987-10-07,1987.0,0.0,SIMPEST
1987-10-08,1987.0,0.0,SIMPEST
1987-10-09,1987.0,0.0,SIMPEST
1987-10-10,1987.0,0.0,SIMPEST
1987-10-11,1987.0,0.0,SIMPEST
1987-10-12,1987.0,0.0,SIMPEST
1987-10-13,1987.0,0.0,SIMPEST
1987-10-14,1987.0,0.0,SIMPEST
1987-10-15,1987.0,0.0,SIMPEST
1987-10-16,1987.0,0.0,SIMPEST
1987-10-17,1987.0,0.0,SIMPEST
1987-10-18,1987.0,0.0,SIMPEST
1987-10-19,1987.0,0.0,SIMPEST
1987-10-20,1987.0,0.0,SIMPEST
1987-10-21,1987.0,0.0,SIMPEST
1987-10-22,1987.0,0.0,SIMPEST
1987-10-23,1987.0,0.0,SIMPEST
1987-10-24,1987.0,0.0,SIMPEST
1987-10-25,1987.0,0.0,SIMPEST
1987-10-26,1987.0,0.0,SIMPEST
1987-10-27,1987.0,0.0,SIMPEST
1987-10-28,1987.0,0.0,SIMPEST
1987-10-29,1987.0,0.0,SIMPEST
1987-10-30,1987.0,0.0,SIMPEST
1987-10-31,1987.0,0.0,SIMPEST
1987-11-01,1987.0,0.0,SIMPEST
1987-11-02,1987.0,0.0,SIMPEST
1987-11-03,1987.0,0.0,SIMPEST
1987-11-04,1987.0,0.0,SIMPEST
1987-11-05,1987.0,0.0,SIMPEST
1987-11-06,1987.0,0.0,SIMPEST
1987-11-07,1987.0,0.0,SIMPEST
1987-11-08,1987.0,0.0,SIMPEST
1987-11-09,1987.0,0.0,SIMPEST
1987-11-10,1987.0,0.0,SIMPEST
1987-11-11,1987.0,0.0,SIMPEST
1987-11-12,1987.0,0.0,SIMPEST
1987-11-13,1987.0,0.0,SIMPEST
1987-11-14,1987.0,0.0,SIMPEST
1987-11-15,1987.0,0.0,SIMPEST
1987-11-16,1987.0,0.0,SIMPEST
1987-11-17,1987.0,0.0,SIMPEST
1987-11-18,1987.0,0.0,SIMPEST
1987-11-19,1987.0,0.0,SIMPEST
1987-11-20,1987.0,0.0,SIMPEST
1987-11-21,1987.0,0.0,SIMPEST
1987-11-22,1987.0,0.0,SIMPEST
1987-11-23,1987.0,0.0,SIMPEST
1987-11-24,1987.0,0.0,SIMPEST
1987-11-25,1987.0,0.0,SIMPEST
1987-11-26,1987.0,0.0,SIMPEST
1987-11-27,1987.0,0.0,SIMPEST
1987-11-28,1987.0,0.0,SIMPEST
1987-11-29,1987.0,0.0,SIMPEST
1987-11-30,1987.0,0.0,SIMPEST
1987-12-01,1987.0,0.0,SIMPEST
1987-12-02,1987.0,0.0,SIMPEST
1987-12-03,1987.0,0.0,SIMPEST
1987-12-04,1987.0,0.0,SIMPEST
1987-12-05,1987.0,0.0,SIMPEST
1987-12-06,1987.0,0.0,SIMPEST
1987-12-07,1987.0,0.0,SIMPEST
1987-12-08,1987.0,0.0,SIMPEST
1987-12-09,1987.0,0.0,SIMPEST
1987-12-10,1987.0,0.0,SIMPEST
1987-12-11,1987.0,0.0,SIMPEST
1987-12-12,1987.0,0.0,SIMPEST
1987-12-13,1987.0,0.0,SIMPEST
1987-12-14,1987.0,0.0,SIMPEST
1987-12-15,1987.0,0.0,SIMPEST
1987-12-16,1987.0,0.0,SIMPEST
1987-12-17,1987.0,0.0,SIMPEST
1987-12-18,1987.0,0.0,SIMPEST
1987-12-19,1987.0,0.0,SIMPEST
1987-12-20,1987.0,0.0,SIMPEST
1987-12-21,1987.0,0.0,SIMPEST
1987-12-22,1987.0,0.0,SIMPEST
1987-12-23,1987.0,0.0,SIMPEST
1987-12-24,1987.0,0.0,SIMPEST
1987-12-25,1987.0,0.0,SIMPEST
1987-12-26,1987.0,0.0,SIMPEST
1987-12-27,1987.0,0.0,SIMPEST
1987-12-28,1987.0,0.0,SIMPEST
1987-12-29,1987.0,0.0,SIMPEST
1987-12-30,1987.0,0.0,SIMPEST
1987-12-31,1987.0,0.0,SIMPEST
1988-01-01,1988.0,0.0,SIMPEST
1988-01-02,1988.0,0.0,SIMPEST
1988-01-03,1988.0,0.0,SIMPEST
1988-01-04,1988.0,0.0,SIMPEST
1988-01-05,1988.0,0.0,SIMPEST
1988-01-06,1988.0,0.0,SIMPEST
1988-01-07,1988.0,0.0,SIMPEST
1988-01-08,1988.0,0.0,SIMPEST
1988-01-09,1988.0,0.0,SIMPEST
1988-01-10,1988.0,0.0,SIMPEST
1988-01-11,1988.0,0.0,SIMPEST
1988-01-12,1988.0,0.0,SIMPEST
1988-01-13,1988.0,0.0,SIMPEST
1988-01-14,1988.0,0.0,SIMPEST
1988-01-15,1988.0,0.0,SIMPEST
1988-01-16,1988.0,0.0,SIMPEST
1988-01-17,1988.0,0.0,SIMPEST
1988-01-18,1988.0,0.0,SIMPEST
1988-01-19,1988.0,0.0,SIMPEST
1988-01-20,1988.0,0.0,SIMPEST
1988-01-21,1988.0,0.0,SIMPEST
1988-01-22,1988.0,0.0,SIMPEST
1988-01-23,1988.0,0.0,SIMPEST
1988-01-24,1988.0,0.0,SIMPEST
1988-01-25,1988.0,0.0,SIMPEST
1988-01-26,1988.0,0.0,SIMPEST
1988-01-27,1988.0,0.0,SIMPEST
1988-01-28,1988.0,0.0,SIMPEST
1988-01-29,1988.0,0.0,SIMPEST
1988-01-30,1988.0,0.0,SIMPEST
1988-01-31,1988.0,0.0,SIMPEST
1988-02-01,1988.0,0.0,SIMPEST
1988-02-02,1988.0,0.0,SIMPEST
1988-02-03,1988.0,0.0,SIMPEST
1988-02-04,1988.0,0.0,SIMPEST
1988-02-05,1988.0,0.0,SIMPEST
1988-02-06,1988.0,0.0,SIMPEST
1988-02-07,1988.0,0.0,SIMPEST
1988-02-08,1988.0,0.0,SIMPEST
1988-02-09,1988.0,0.0,SIMPEST
1988-02-10,1988.0,0.0,SIMPEST
1988-02-11,1988.0,0.0,SIMPEST
1988-02-12,1988.0,0.0,SIMPEST
1988-02-13,1988.0,0.0,SIMPEST
1988-02-14,1988.0,0.0,SIMPEST
1988-02-15,1988.0,0.0,SIMPEST
1988-02-16,1988.0,0.0,SIMPEST
1988-02-17,1988.0,0.0,SIMPEST
1988-02-18,1988.0,0.0,SIMPEST
1988-02-19,1988.0,0.0,SIMPEST
1988-02-20,1988.0,0.0,SIMPEST
1988-02-21,1988.0,0.0,SIMPEST
1988-02-22,1988.0,0.0,SIMPEST
1988-02-23,1988.0,0.0,SIMPEST
1988-02-24,1988.0,0.0,SIMPEST
1988-02-25,1988.0,0.0,SIMPEST
1988-02-26,1988.0,0.0,SIMPEST
1988-02-27,1988.0,0.0,SIMPEST
1988-02-28,1988.0,0.0,SIMPEST
1988-02-29,1988.0,0.0,SIMPEST
1988-03-01,1988.0,0.0,SIMPEST
1988-03-02,1988.0,0.0,SIMPEST
1988-03-03,1988.0,0.0,SIMPEST
1988-03-04,1988.0,0.0,SIMPEST
1988-03-05,1988.0,0.0,SIMPEST
1988-03-06,1988.0,0.0,SIMPEST
1988-03-07,1988.0,0.0,SIMPEST
1988-03-08,1988.0,0.0,SIMPEST
1988-03-09,1988.0,0.0,SIMPEST
1988-03-10,1988.0,0.0,SIMPEST
1988-03-11,1988.0,0.0,SIMPEST
1988-03-12,1988.0,0.0,SIMPEST
1988-03-13,1988.0,0.0,SIMPEST
1988-03-14,1988.0,0.0,SIMPEST
1988-03-15,1988.0,0.0,SIMPEST
1988-03-16,1988.0,0.0,SIMPEST
1988-03-17,1988.0,0.0,SIMPEST
1988-03-18,1988.0,0.0,SIMPEST
1988-03-19,1988.0,0.0,SIMPEST
1988-03-20,1988.0,0.0,SIMPEST
1988-03-21,1988.0,0.0,SIMPEST
1988-03-22,1988.0,0.0,SIMPEST
1988-03-23,1988.0,0.0,SIMPEST
1988-03-24,1988.0,0.0,SIMPEST
1988-03-25,1988.0,0.0,SIMPEST
1988-03-26,1988.0,0.0,SIMPEST
1988-03-27,1988.0,0.0,SIMPEST
1988-03-28,1988.0,0.0,SIMPEST
1988-03-29,1988.0,0.0,SIMPEST
1988-03-30,1988.0,0.0,SIMPEST
1988-03-31,1988.0,0.0,SIMPEST
1988-04-01,1988.0,0.0,SIMPEST
1988-04-02,1988.0,0.0,SIMPEST
1988-04-03,1988.0,0.0,SIMPEST
1988-04-04,1988.0,0.0,SIMPEST
1988-04-05,1988.0,0.0,SIMPEST
1988-04-06,1988.0,0.0,SIMPEST
1988-04-07,1988.0,0.0,SIMPEST
1988-04-08,1988.0,0.0,SIMPEST
1988-04-09,1988.0,0.0,SIMPEST
1988-04-10,1988.0,0.0,SIMPEST
1988-04-11,1988.0,0.0,SIMPEST
1988-04-12,1988.0,0.0,SIMPEST
1988-04-13,1988.0,0.0,SIMPEST
1988-04-14,1988.0,0.0,SIMPEST
1988-04-15,1988.0,0.0,SIMPEST
1988-04-16,1988.0,0.0,SIMPEST
1988-04-17,1988.0,0.0,SIMPEST
1988-04-18,1988.0,0.0,SIMPEST
1988-04-19,1988.0,0.0,SIMPEST
1988-04-20,1988.0,0.0,SIMPEST
1988-04-21,1988.0,0.0,SIMPEST
1988-04-22,1988.0,0.0,SIMPEST
1988-04-23,1988.0,0.0,SIMPEST
1988-04-24,1988.0,0.0,SIMPEST
1988-04-25,1988.0,0.0,SIMPEST
1988-04-26,1988.0,0.0,SIMPEST
1988-04-27,1988.0,0.0,SIMPEST
1988-04-28,1988.0,0.0,SIMPEST
1988-04-29,1988.0,0.0,SIMPEST
1988-04-30,1988.0,0.0,SIMPEST
1988-05-01,1988.0,0.0,SIMPEST
1988-05-02,1988.0,0.0,SIMPEST
1988-05-03,1988.0,0.0,SIMPEST
1988-05-04,1988.0,0.0,SIMPEST
1988-05-05,1988.0,0.0,SIMPEST
1988-05-06,1988.0,0.0,SIMPEST
1988-05-07,1988.0,0.0,SIMPEST
1988-05-08,1988.0,0.0,SIMPEST
1988-05-09,1988.0,0.0,SIMPEST
1988-05-10,1988.0,0.0,SIMPEST
1988-05-11,1988.0,0.0,SIMPEST
1988-05-12,1988.0,0.0,SIMPEST
1988-05-13,1988.0,0.0,SIMPEST
1988-05-14,1988.0,0.0,SIMPEST
1988-05-15,1988.0,0.0,SIMPEST
1988-05-16,1988.0,0.0,SIMPEST
1988-05-17,1988.0,1.57163575550625,SIMPEST
1988-05-18,1988.0,1.57654504279864,SIMPEST
1988-05-19,1988.0,1.5819899061259,SIMPEST
1988-05-20,1988.0,1.58827136390896,SIMPEST
1988-05-21,1988.0,1.59558997920582,SIMPEST
1988-05-22,1988.0,1.60379879713636,SIMPEST
1988-05-23,1988.0,1.61248315985921,SIMPEST
1988-05-24,1988.0,3.7374740643149504,SIMPEST
1988-05-25,1988.0,3.7374740643149504,SIMPEST
1988-05-26,1988.0,9.2512552751113,SIMPEST
1988-05-27,1988.0,13.5098670522575,SIMPEST
1988-05-28,1988.0,13.5098670522575,SIMPEST
1988-05-29,1988.0,18.69222751686771,SIMPEST
1988-05-30,1988.0,18.69222751686771,SIMPEST
1988-05-31,1988.0,18.69222751686771,SIMPEST
1988-06-01,1988.0,18.69222751686771,SIMPEST
1988-06-02,1988.0,23.56818163894146,SIMPEST
1988-06-03,1988.0,23.56818163894146,SIMPEST
1988-06-04,1988.0,23.56818163894146,SIMPEST
1988-06-05,1988.0,23.56818163894146,SIMPEST
1988-06-06,1988.0,23.56818163894146,SIMPEST
1988-06-07,1988.0,23.56818163894146,SIMPEST
1988-06-08,1988.0,27.93234286629399,SIMPEST
1988-06-09,1988.0,31.45463825021595,SIMPEST
1988-06-10,1988.0,31.45463825021595,SIMPEST
1988-06-11,1988.0,31.45463825021595,SIMPEST
1988-06-12,1988.0,31.45463825021595,SIMPEST
1988-06-13,1988.0,31.45463825021595,SIMPEST
1988-06-14,1988.0,31.45463825021595,SIMPEST
1988-06-15,1988.0,31.45463825021595,SIMPEST
1988-06-16,1988.0,31.45463825021595,SIMPEST
1988-06-17,1988.0,31.45463825021595,SIMPEST
1988-06-18,1988.0,31.45463825021595,SIMPEST
1988-06-19,1988.0,31.45463825021595,SIMPEST
1988-06-20,1988.0,31.45463825021595,SIMPEST
1988-06-21,1988.0,31.45463825021595,SIMPEST
1988-06-22,1988.0,31.45463825021595,SIMPEST
1988-06-23,1988.0,31.45463825021595,SIMPEST
1988-06-24,1988.0,31.45463825021595,SIMPEST
1988-06-25,1988.0,31.45463825021595,SIMPEST
1988-06-26,1988.0,31.45463825021595,SIMPEST
1988-06-27,1988.0,31.45463825021595,SIMPEST
1988-06-28,1988.0,34.29505806059695,SIMPEST
1988-06-29,1988.0,34.29505806059695,SIMPEST
1988-06-30,1988.0,34.29505806059695,SIMPEST
1988-07-01,1988.0,34.29505806059695,SIMPEST
1988-07-02,1988.0,34.29505806059695,SIMPEST
1988-07-03,1988.0,34.29505806059695,SIMPEST
1988-07-04,1988.0,34.50622194132012,SIMPEST
1988-07-05,1988.0,34.50622194132012,SIMPEST
1988-07-06,1988.0,34.50622194132012,SIMPEST
1988-07-07,1988.0,34.50622194132012,SIMPEST
1988-07-08,1988.0,34.50622194132012,SIMPEST
1988-07-09,1988.0,34.50622194132012,SIMPEST
1988-07-10,1988.0,34.50622194132012,SIMPEST
1988-07-11,1988.0,34.50622194132012,SIMPEST
1988-07-12,1988.0,34.62243823811442,SIMPEST
1988-07-13,1988.0,34.62243823811442,SIMPEST
1988-07-14,1988.0,34.62243823811442,SIMPEST
1988-07-15,1988.0,34.62243823811442,SIMPEST
1988-07-16,1988.0,34.62243823811442,SIMPEST
1988-07-17,1988.0,34.62243823811442,SIMPEST
1988-07-18,1988.0,34.62243823811442,SIMPEST
1988-07-19,1988.0,34.98961328354956,SIMPEST
1988-07-20,1988.0,34.98961328354956,SIMPEST
1988-07-21,1988.0,34.98961328354956,SIMPEST
1988-07-22,1988.0,34.98961328354956,SIMPEST
1988-07-23,1988.0,34.98961328354956,SIMPEST
1988-07-24,1988.0,34.98961328354956,SIMPEST
1988-10-06,1988.0,0.0,SIMPEST
1988-10-07,1988.0,0.0,SIMPEST
1988-10-08,1988.0,0.0,SIMPEST
1988-10-09,1988.0,0.0,SIMPEST
1988-10-10,1988.0,0.0,SIMPEST
1988-10-11,1988.0,0.0,SIMPEST
1988-10-12,1988.0,0.0,SIMPEST
1988-10-13,1988.0,0.0,SIMPEST
1988-10-14,1988.0,0.0,SIMPEST
1988-10-15,1988.0,0.0,SIMPEST
1988-10-16,1988.0,0.0,SIMPEST
1988-10-17,1988.0,0.0,SIMPEST
1988-10-18,1988.0,0.0,SIMPEST
1988-10-19,1988.0,0.0,SIMPEST
1988-10-20,1988.0,0.0,SIMPEST
1988-10-21,1988.0,0.0,SIMPEST
1988-10-22,1988.0,0.0,SIMPEST
1988-10-23,1988.0,0.0,SIMPEST
1988-10-24,1988.0,0.0,SIMPEST
1988-10-25,1988.0,0.0,SIMPEST
1988-10-26,1988.0,0.0,SIMPEST
1988-10-27,1988.0,0.0,SIMPEST
1988-10-28,1988.0,0.0,SIMPEST
1988-10-29,1988.0,0.0,SIMPEST
1988-10-30,1988.0,0.0,SIMPEST
1988-10-31,1988.0,0.0,SIMPEST
1988-11-01,1988.0,0.0,SIMPEST
1988-11-02,1988.0,0.0,SIMPEST
1988-11-03,1988.0,0.0,SIMPEST
1988-11-04,1988.0,0.0,SIMPEST
1988-11-05,1988.0,0.0,SIMPEST
1988-11-06,1988.0,0.0,SIMPEST
1988-11-07,1988.0,0.0,SIMPEST
1988-11-08,1988.0,0.0,SIMPEST
1988-11-09,1988.0,0.0,SIMPEST
1988-11-10,1988.0,0.0,SIMPEST
1988-11-11,1988.0,0.0,SIMPEST
1988-11-12,1988.0,0.0,SIMPEST
1988-11-13,1988.0,0.0,SIMPEST
1988-11-14,1988.0,0.0,SIMPEST
1988-11-15,1988.0,0.0,SIMPEST
1988-11-16,1988.0,0.0,SIMPEST
1988-11-17,1988.0,0.0,SIMPEST
1988-11-18,1988.0,0.0,SIMPEST
1988-11-19,1988.0,0.0,SIMPEST
1988-11-20,1988.0,0.0,SIMPEST
1988-11-21,1988.0,0.0,SIMPEST
1988-11-22,1988.0,0.0,SIMPEST
1988-11-23,1988.0,0.0,SIMPEST
1988-11-24,1988.0,0.0,SIMPEST
1988-11-25,1988.0,0.0,SIMPEST
1988-11-26,1988.0,0.0,SIMPEST
1988-11-27,1988.0,0.0,SIMPEST
1988-11-28,1988.0,0.0,SIMPEST
1988-11-29,1988.0,0.0,SIMPEST
1988-11-30,1988.0,0.0,SIMPEST
1988-12-01,1988.0,0.0,SIMPEST
1988-12-02,1988.0,0.0,SIMPEST
1988-12-03,1988.0,0.0,SIMPEST
1988-12-04,1988.0,0.0,SIMPEST
1988-12-05,1988.0,0.0,SIMPEST
1988-12-06,1988.0,0.0,SIMPEST
1988-12-07,1988.0,0.0,SIMPEST
1988-12-08,1988.0,0.0,SIMPEST
1988-12-09,1988.0,0.0,SIMPEST
1988-12-10,1988.0,0.0,SIMPEST
1988-12-11,1988.0,0.0,SIMPEST
1988-12-12,1988.0,0.0,SIMPEST
1988-12-13,1988.0,0.0,SIMPEST
1988-12-14,1988.0,0.0,SIMPEST
1988-12-15,1988.0,0.0,SIMPEST
1988-12-16,1988.0,0.0,SIMPEST
1988-12-17,1988.0,0.0,SIMPEST
1988-12-18,1988.0,0.0,SIMPEST
1988-12-19,1988.0,0.0,SIMPEST
1988-12-20,1988.0,0.0,SIMPEST
1988-12-21,1988.0,0.0,SIMPEST
1988-12-22,1988.0,0.0,SIMPEST
1988-12-23,1988.0,0.0,SIMPEST
1988-12-24,1988.0,0.0,SIMPEST
1988-12-25,1988.0,0.0,SIMPEST
1988-12-26,1988.0,0.0,SIMPEST
1988-12-27,1988.0,0.0,SIMPEST
1988-12-28,1988.0,0.0,SIMPEST
1988-12-29,1988.0,0.0,SIMPEST
1988-12-30,1988.0,0.0,SIMPEST
1988-12-31,1988.0,0.0,SIMPEST
1989-01-01,1989.0,0.0,SIMPEST
1989-01-02,1989.0,0.0,SIMPEST
1989-01-03,1989.0,0.0,SIMPEST
1989-01-04,1989.0,0.0,SIMPEST
1989-01-05,1989.0,0.0,SIMPEST
1989-01-06,1989.0,0.0,SIMPEST
1989-01-07,1989.0,0.0,SIMPEST
1989-01-08,1989.0,0.0,SIMPEST
1989-01-09,1989.0,0.0,SIMPEST
1989-01-10,1989.0,0.0,SIMPEST
1989-01-11,1989.0,0.0,SIMPEST
1989-01-12,1989.0,0.0,SIMPEST
1989-01-13,1989.0,0.0,SIMPEST
1989-01-14,1989.0,0.0,SIMPEST
1989-01-15,1989.0,0.0,SIMPEST
1989-01-16,1989.0,0.0,SIMPEST
1989-01-17,1989.0,0.0,SIMPEST
1989-01-18,1989.0,0.0,SIMPEST
1989-01-19,1989.0,0.0,SIMPEST
1989-01-20,1989.0,0.0,SIMPEST
1989-01-21,1989.0,0.0,SIMPEST
1989-01-22,1989.0,0.0,SIMPEST
1989-01-23,1989.0,0.0,SIMPEST
1989-01-24,1989.0,0.0,SIMPEST
1989-01-25,1989.0,0.0,SIMPEST
1989-01-26,1989.0,0.0,SIMPEST
1989-01-27,1989.0,0.0,SIMPEST
1989-01-28,1989.0,0.0,SIMPEST
1989-01-29,1989.0,0.0,SIMPEST
1989-01-30,1989.0,0.0,SIMPEST
1989-01-31,1989.0,0.0,SIMPEST
1989-02-01,1989.0,0.0,SIMPEST
1989-02-02,1989.0,0.0,SIMPEST
1989-02-03,1989.0,0.0,SIMPEST
1989-02-04,1989.0,0.0,SIMPEST
1989-02-05,1989.0,0.0,SIMPEST
1989-02-06,1989.0,0.0,SIMPEST
1989-02-07,1989.0,0.0,SIMPEST
1989-02-08,1989.0,0.0,SIMPEST
1989-02-09,1989.0,0.0,SIMPEST
1989-02-10,1989.0,0.0,SIMPEST
1989-02-11,1989.0,0.0,SIMPEST
1989-02-12,1989.0,0.0,SIMPEST
1989-02-13,1989.0,0.0,SIMPEST
1989-02-14,1989.0,0.0,SIMPEST
1989-02-15,1989.0,0.0,SIMPEST
1989-02-16,1989.0,0.0,SIMPEST
1989-02-17,1989.0,0.0,SIMPEST
1989-02-18,1989.0,0.0,SIMPEST
1989-02-19,1989.0,0.0,SIMPEST
1989-02-20,1989.0,0.0,SIMPEST
1989-02-21,1989.0,0.0,SIMPEST
1989-02-22,1989.0,0.0,SIMPEST
1989-02-23,1989.0,0.0,SIMPEST
1989-02-24,1989.0,0.0,SIMPEST
1989-02-25,1989.0,0.0,SIMPEST
1989-02-26,1989.0,0.0,SIMPEST
1989-02-27,1989.0,0.0,SIMPEST
1989-02-28,1989.0,0.0,SIMPEST
1989-03-01,1989.0,0.0,SIMPEST
1989-03-02,1989.0,0.0,SIMPEST
1989-03-03,1989.0,0.0,SIMPEST
1989-03-04,1989.0,0.0,SIMPEST
1989-03-05,1989.0,0.0,SIMPEST
1989-03-06,1989.0,0.0,SIMPEST
1989-03-07,1989.0,0.0,SIMPEST
1989-03-08,1989.0,0.0,SIMPEST
1989-03-09,1989.0,0.0,SIMPEST
1989-03-10,1989.0,0.0,SIMPEST
1989-03-11,1989.0,0.0,SIMPEST
1989-03-12,1989.0,0.0,SIMPEST
1989-03-13,1989.0,0.0,SIMPEST
1989-03-14,1989.0,0.0,SIMPEST
1989-03-15,1989.0,0.0,SIMPEST
1989-03-16,1989.0,0.0,SIMPEST
1989-03-17,1989.0,0.0,SIMPEST
1989-03-18,1989.0,0.0,SIMPEST
1989-03-19,1989.0,0.0,SIMPEST
1989-03-20,1989.0,0.0,SIMPEST
1989-03-21,1989.0,0.0,SIMPEST
1989-03-22,1989.0,0.0,SIMPEST
1989-03-23,1989.0,0.0,SIMPEST
1989-03-24,1989.0,0.0,SIMPEST
1989-03-25,1989.0,0.0,SIMPEST
1989-03-26,1989.0,0.0,SIMPEST
1989-03-27,1989.0,0.0,SIMPEST
1989-03-28,1989.0,0.0,SIMPEST
1989-03-29,1989.0,0.0,SIMPEST
1989-03-30,1989.0,0.0,SIMPEST
1989-03-31,1989.0,0.0,SIMPEST
1989-04-01,1989.0,0.0,SIMPEST
1989-04-02,1989.0,0.0,SIMPEST
1989-04-03,1989.0,0.0,SIMPEST
1989-04-04,1989.0,0.0,SIMPEST
1989-04-05,1989.0,0.0,SIMPEST
1989-04-06,1989.0,0.0,SIMPEST
1989-04-07,1989.0,0.0,SIMPEST
1989-04-08,1989.0,0.0,SIMPEST
1989-04-09,1989.0,0.0,SIMPEST
1989-04-10,1989.0,0.0,SIMPEST
1989-04-11,1989.0,0.0,SIMPEST
1989-04-12,1989.0,0.0,SIMPEST
1989-04-13,1989.0,0.0,SIMPEST
1989-04-14,1989.0,0.0,SIMPEST
1989-04-15,1989.0,0.0,SIMPEST
1989-04-16,1989.0,0.0,SIMPEST
1989-04-17,1989.0,0.0,SIMPEST
1989-04-18,1989.0,0.0,SIMPEST
1989-04-19,1989.0,0.0,SIMPEST
1989-04-20,1989.0,0.0,SIMPEST
1989-04-21,1989.0,0.0,SIMPEST
1989-04-22,1989.0,0.0,SIMPEST
1989-04-23,1989.0,0.0,SIMPEST
1989-04-24,1989.0,0.0,SIMPEST
1989-04-25,1989.0,0.0,SIMPEST
1989-04-26,1989.0,0.0,SIMPEST
1989-04-27,1989.0,0.0,SIMPEST
1989-04-28,1989.0,0.0,SIMPEST
1989-04-29,1989.0,0.0,SIMPEST
1989-04-30,1989.0,0.0,SIMPEST
1989-05-01,1989.0,0.0,SIMPEST
1989-05-02,1989.0,0.0,SIMPEST
1989-05-03,1989.0,0.0,SIMPEST
1989-05-04,1989.0,0.0,SIMPEST
1989-05-05,1989.0,0.0,SIMPEST
1989-05-06,1989.0,0.0,SIMPEST
1989-05-07,1989.0,0.0,SIMPEST
1989-05-08,1989.0,0.0,SIMPEST
1989-05-09,1989.0,0.0,SIMPEST
1989-05-10,1989.0,0.0,SIMPEST
1989-05-11,1989.0,0.0,SIMPEST
1989-05-12,1989.0,0.0,SIMPEST
1989-05-13,1989.0,0.0,SIMPEST
1989-05-14,1989.0,0.0,SIMPEST
1989-05-15,1989.0,0.0,SIMPEST
1989-05-16,1989.0,0.0,SIMPEST
1989-05-17,1989.0,0.0,SIMPEST
1989-05-18,1989.0,0.0,SIMPEST
1989-05-19,1989.0,0.0,SIMPEST
1989-05-20,1989.0,0.0,SIMPEST
1989-05-21,1989.0,0.0,SIMPEST
1989-05-22,1989.0,0.0,SIMPEST
1989-05-23,1989.0,0.0,SIMPEST
1989-05-24,1989.0,0.0,SIMPEST
1989-05-25,1989.0,0.0,SIMPEST
1989-05-26,1989.0,0.0,SIMPEST
1989-05-27,1989.0,0.0,SIMPEST
1989-05-28,1989.0,0.0,SIMPEST
1989-05-29,1989.0,2.18352062517784,SIMPEST
1989-05-30,1989.0,4.07354786726751,SIMPEST
1989-05-31,1989.0,4.09400228543035,SIMPEST
1989-06-01,1989.0,4.11645510299903,SIMPEST
1989-06-02,1989.0,4.11645510299903,SIMPEST
1989-06-03,1989.0,4.11645510299903,SIMPEST
1989-06-04,1989.0,10.034676216866592,SIMPEST
1989-06-05,1989.0,15.569389716356879,SIMPEST
1989-06-06,1989.0,15.569389716356879,SIMPEST
1989-06-07,1989.0,20.64127042535504,SIMPEST
1989-06-08,1989.0,20.64127042535504,SIMPEST
1989-06-09,1989.0,20.64127042535504,SIMPEST
1989-06-10,1989.0,25.824925696754992,SIMPEST
1989-06-11,1989.0,30.32705637471922,SIMPEST
1989-06-12,1989.0,30.32705637471922,SIMPEST
1989-06-13,1989.0,34.25326018553494,SIMPEST
1989-06-14,1989.0,36.47443252204873,SIMPEST
1989-06-15,1989.0,38.82590767964784,SIMPEST
1989-06-16,1989.0,38.82590767964784,SIMPEST
1989-06-17,1989.0,42.3225397994848,SIMPEST
1989-06-18,1989.0,45.71249073813164,SIMPEST
1989-06-19,1989.0,48.89125033383616,SIMPEST
1989-06-20,1989.0,50.588960450431586,SIMPEST
1989-06-21,1989.0,50.588960450431586,SIMPEST
1989-06-22,1989.0,50.588960450431586,SIMPEST
1989-06-23,1989.0,50.588960450431586,SIMPEST
1989-06-24,1989.0,50.588960450431586,SIMPEST
1989-06-25,1989.0,52.1738371065506,SIMPEST
1989-06-26,1989.0,53.41442105894154,SIMPEST
1989-06-27,1989.0,53.41442105894154,SIMPEST
1989-06-28,1989.0,57.851241965507164,SIMPEST
1989-06-29,1989.0,57.851241965507164,SIMPEST
1989-06-30,1989.0,59.23300613381465,SIMPEST
1989-07-01,1989.0,60.342487190387004,SIMPEST
1989-07-02,1989.0,60.94822373004697,SIMPEST
1989-07-03,1989.0,61.45858304742507,SIMPEST
1989-07-04,1989.0,63.1483454212745,SIMPEST
1989-07-05,1989.0,63.53564482290267,SIMPEST
1989-07-06,1989.0,63.7648997474645,SIMPEST
1989-07-07,1989.0,63.76489974746449,SIMPEST
1989-07-08,1989.0,63.76489974746449,SIMPEST
1989-07-09,1989.0,63.76489974746449,SIMPEST
1989-07-10,1989.0,63.98407780620482,SIMPEST
1989-07-11,1989.0,63.98407780620483,SIMPEST
1989-07-12,1989.0,63.98407780620482,SIMPEST
1989-07-13,1989.0,64.3295365599825,SIMPEST
1989-07-14,1989.0,64.33761491866731,SIMPEST
1989-07-15,1989.0,64.33761491866731,SIMPEST
1989-07-16,1989.0,64.33761491866731,SIMPEST
1989-07-17,1989.0,64.33761491866731,SIMPEST
1989-07-18,1989.0,64.47408936095478,SIMPEST
1989-07-19,1989.0,64.57461948431366,SIMPEST
1989-07-20,1989.0,64.57470161082676,SIMPEST
1989-07-21,1989.0,64.57471002876933,SIMPEST
1989-07-22,1989.0,64.57471002876933,SIMPEST
1989-07-23,1989.0,64.57471002876933,SIMPEST
1989-07-24,1989.0,64.57471002876933,SIMPEST
1989-07-25,1989.0,64.57471002876933,SIMPEST
1989-07-26,1989.0,64.57471002876933,SIMPEST
1989-07-27,1989.0,64.57471002876933,SIMPEST
1989-07-28,1989.0,64.57471002876935,SIMPEST
1989-07-29,1989.0,64.57471002876935,SIMPEST
1989-07-30,1989.0,64.57471002876935,SIMPEST
1989-10-02,1989.0,0.0,SIMPEST
1989-10-03,1989.0,0.0,SIMPEST
1989-10-04,1989.0,0.0,SIMPEST
1989-10-05,1989.0,0.0,SIMPEST
1989-10-06,1989.0,0.0,SIMPEST
1989-10-07,1989.0,0.0,SIMPEST
1989-10-08,1989.0,0.0,SIMPEST
1989-10-09,1989.0,0.0,SIMPEST
1989-10-10,1989.0,0.0,SIMPEST
1989-10-11,1989.0,0.0,SIMPEST
1989-10-12,1989.0,0.0,SIMPEST
1989-10-13,1989.0,0.0,SIMPEST
1989-10-14,1989.0,0.0,SIMPEST
1989-10-15,1989.0,0.0,SIMPEST
1989-10-16,1989.0,0.0,SIMPEST
1989-10-17,1989.0,0.0,SIMPEST
1989-10-18,1989.0,0.0,SIMPEST
1989-10-19,1989.0,0.0,SIMPEST
1989-10-20,1989.0,0.0,SIMPEST
1989-10-21,1989.0,0.0,SIMPEST
1989-10-22,1989.0,0.0,SIMPEST
1989-10-23,1989.0,0.0,SIMPEST
1989-10-24,1989.0,0.0,SIMPEST
1989-10-25,1989.0,0.0,SIMPEST
1989-10-26,1989.0,0.0,SIMPEST
1989-10-27,1989.0,0.0,SIMPEST
1989-10-28,1989.0,0.0,SIMPEST
1989-10-29,1989.0,0.0,SIMPEST
1989-10-30,1989.0,0.0,SIMPEST
1989-10-31,1989.0,0.0,SIMPEST
1989-11-01,1989.0,0.0,SIMPEST
1989-11-02,1989.0,0.0,SIMPEST
1989-11-03,1989.0,0.0,SIMPEST
1989-11-04,1989.0,0.0,SIMPEST
1989-11-05,1989.0,0.0,SIMPEST
1989-11-06,1989.0,0.0,SIMPEST
1989-11-07,1989.0,0.0,SIMPEST
1989-11-08,1989.0,0.0,SIMPEST
1989-11-09,1989.0,0.0,SIMPEST
1989-11-10,1989.0,0.0,SIMPEST
1989-11-11,1989.0,0.0,SIMPEST
1989-11-12,1989.0,0.0,SIMPEST
1989-11-13,1989.0,0.0,SIMPEST
1989-11-14,1989.0,0.0,SIMPEST
1989-11-15,1989.0,0.0,SIMPEST
1989-11-16,1989.0,0.0,SIMPEST
1989-11-17,1989.0,0.0,SIMPEST
1989-11-18,1989.0,0.0,SIMPEST
1989-11-19,1989.0,0.0,SIMPEST
1989-11-20,1989.0,0.0,SIMPEST
1989-11-21,1989.0,0.0,SIMPEST
1989-11-22,1989.0,0.0,SIMPEST
1989-11-23,1989.0,0.0,SIMPEST
1989-11-24,1989.0,0.0,SIMPEST
1989-11-25,1989.0,0.0,SIMPEST
1989-11-26,1989.0,0.0,SIMPEST
1989-11-27,1989.0,0.0,SIMPEST
1989-11-28,1989.0,0.0,SIMPEST
1989-11-29,1989.0,0.0,SIMPEST
1989-11-30,1989.0,0.0,SIMPEST
1989-12-01,1989.0,0.0,SIMPEST
1989-12-02,1989.0,0.0,SIMPEST
1989-12-03,1989.0,0.0,SIMPEST
1989-12-04,1989.0,0.0,SIMPEST
1989-12-05,1989.0,0.0,SIMPEST
1989-12-06,1989.0,0.0,SIMPEST
1989-12-07,1989.0,0.0,SIMPEST
1989-12-08,1989.0,0.0,SIMPEST
1989-12-09,1989.0,0.0,SIMPEST
1989-12-10,1989.0,0.0,SIMPEST
1989-12-11,1989.0,0.0,SIMPEST
1989-12-12,1989.0,0.0,SIMPEST
1989-12-13,1989.0,0.0,SIMPEST
1989-12-14,1989.0,0.0,SIMPEST
1989-12-15,1989.0,0.0,SIMPEST
1989-12-16,1989.0,0.0,SIMPEST
1989-12-17,1989.0,0.0,SIMPEST
1989-12-18,1989.0,0.0,SIMPEST
1989-12-19,1989.0,0.0,SIMPEST
1989-12-20,1989.0,0.0,SIMPEST
1989-12-21,1989.0,0.0,SIMPEST
1989-12-22,1989.0,0.0,SIMPEST
1989-12-23,1989.0,0.0,SIMPEST
1989-12-24,1989.0,0.0,SIMPEST
1989-12-25,1989.0,0.0,SIMPEST
1989-12-26,1989.0,0.0,SIMPEST
1989-12-27,1989.0,0.0,SIMPEST
1989-12-28,1989.0,0.0,SIMPEST
1989-12-29,1989.0,0.0,SIMPEST
1989-12-30,1989.0,0.0,SIMPEST
1989-12-31,1989.0,0.0,SIMPEST
1990-01-01,1990.0,0.0,SIMPEST
1990-01-02,1990.0,0.0,SIMPEST
1990-01-03,1990.0,0.0,SIMPEST
1990-01-04,1990.0,0.0,SIMPEST
1990-01-05,1990.0,0.0,SIMPEST
1990-01-06,1990.0,0.0,SIMPEST
1990-01-07,1990.0,0.0,SIMPEST
1990-01-08,1990.0,0.0,SIMPEST
1990-01-09,1990.0,0.0,SIMPEST
1990-01-10,1990.0,0.0,SIMPEST
1990-01-11,1990.0,0.0,SIMPEST
1990-01-12,1990.0,0.0,SIMPEST
1990-01-13,1990.0,0.0,SIMPEST
1990-01-14,1990.0,0.0,SIMPEST
1990-01-15,1990.0,0.0,SIMPEST
1990-01-16,1990.0,0.0,SIMPEST
1990-01-17,1990.0,0.0,SIMPEST
1990-01-18,1990.0,0.0,SIMPEST
1990-01-19,1990.0,0.0,SIMPEST
1990-01-20,1990.0,0.0,SIMPEST
1990-01-21,1990.0,0.0,SIMPEST
1990-01-22,1990.0,0.0,SIMPEST
1990-01-23,1990.0,0.0,SIMPEST
1990-01-24,1990.0,0.0,SIMPEST
1990-01-25,1990.0,0.0,SIMPEST
1990-01-26,1990.0,0.0,SIMPEST
1990-01-27,1990.0,0.0,SIMPEST
1990-01-28,1990.0,0.0,SIMPEST
1990-01-29,1990.0,0.0,SIMPEST
1990-01-30,1990.0,0.0,SIMPEST
1990-01-31,1990.0,0.0,SIMPEST
1990-02-01,1990.0,0.0,SIMPEST
1990-02-02,1990.0,0.0,SIMPEST
1990-02-03,1990.0,0.0,SIMPEST
1990-02-04,1990.0,0.0,SIMPEST
1990-02-05,1990.0,0.0,SIMPEST
1990-02-06,1990.0,0.0,SIMPEST
1990-02-07,1990.0,0.0,SIMPEST
1990-02-08,1990.0,0.0,SIMPEST
1990-02-09,1990.0,0.0,SIMPEST
1990-02-10,1990.0,0.0,SIMPEST
1990-02-11,1990.0,0.0,SIMPEST
1990-02-12,1990.0,0.0,SIMPEST
1990-02-13,1990.0,0.0,SIMPEST
1990-02-14,1990.0,0.0,SIMPEST
1990-02-15,1990.0,0.0,SIMPEST
1990-02-16,1990.0,0.0,SIMPEST
1990-02-17,1990.0,0.0,SIMPEST
1990-02-18,1990.0,0.0,SIMPEST
1990-02-19,1990.0,0.0,SIMPEST
1990-02-20,1990.0,0.0,SIMPEST
1990-02-21,1990.0,0.0,SIMPEST
1990-02-22,1990.0,0.0,SIMPEST
1990-02-23,1990.0,0.0,SIMPEST
1990-02-24,1990.0,0.0,SIMPEST
1990-02-25,1990.0,0.0,SIMPEST
1990-02-26,1990.0,0.0,SIMPEST
1990-02-27,1990.0,0.0,SIMPEST
1990-02-28,1990.0,0.0,SIMPEST
1990-03-01,1990.0,0.0,SIMPEST
1990-03-02,1990.0,0.0,SIMPEST
1990-03-03,1990.0,0.0,SIMPEST
1990-03-04,1990.0,0.0,SIMPEST
1990-03-05,1990.0,0.0,SIMPEST
1990-03-06,1990.0,0.0,SIMPEST
1990-03-07,1990.0,0.0,SIMPEST
1990-03-08,1990.0,0.0,SIMPEST
1990-03-09,1990.0,0.0,SIMPEST
1990-03-10,1990.0,0.0,SIMPEST
1990-03-11,1990.0,0.0,SIMPEST
1990-03-12,1990.0,0.0,SIMPEST
1990-03-13,1990.0,0.0,SIMPEST
1990-03-14,1990.0,0.0,SIMPEST
1990-03-15,1990.0,0.0,SIMPEST
1990-03-16,1990.0,0.0,SIMPEST
1990-03-17,1990.0,0.0,SIMPEST
1990-03-18,1990.0,0.0,SIMPEST
1990-03-19,1990.0,0.0,SIMPEST
1990-03-20,1990.0,0.0,SIMPEST
1990-03-21,1990.0,0.0,SIMPEST
1990-03-22,1990.0,0.0,SIMPEST
1990-03-23,1990.0,0.0,SIMPEST
1990-03-24,1990.0,0.0,SIMPEST
1990-03-25,1990.0,0.0,SIMPEST
1990-03-26,1990.0,0.0,SIMPEST
1990-03-27,1990.0,0.0,SIMPEST
1990-03-28,1990.0,0.0,SIMPEST
1990-03-29,1990.0,0.0,SIMPEST
1990-03-30,1990.0,0.0,SIMPEST
1990-03-31,1990.0,0.0,SIMPEST
1990-04-01,1990.0,0.0,SIMPEST
1990-04-02,1990.0,0.0,SIMPEST
1990-04-03,1990.0,0.0,SIMPEST
1990-04-04,1990.0,0.0,SIMPEST
1990-04-05,1990.0,0.0,SIMPEST
1990-04-06,1990.0,0.0,SIMPEST
1990-04-07,1990.0,0.0,SIMPEST
1990-04-08,1990.0,0.0,SIMPEST
1990-04-09,1990.0,0.0,SIMPEST
1990-04-10,1990.0,0.0,SIMPEST
1990-04-11,1990.0,0.0,SIMPEST
1990-04-12,1990.0,0.0,SIMPEST
1990-04-13,1990.0,0.0,SIMPEST
1990-04-14,1990.0,0.0,SIMPEST
1990-04-15,1990.0,0.0,SIMPEST
1990-04-16,1990.0,0.0,SIMPEST
1990-04-17,1990.0,0.0,SIMPEST
1990-04-18,1990.0,0.0,SIMPEST
1990-04-19,1990.0,0.0,SIMPEST
1990-04-20,1990.0,0.0,SIMPEST
1990-04-21,1990.0,0.0,SIMPEST
1990-04-22,1990.0,0.0,SIMPEST
1990-04-23,1990.0,0.0,SIMPEST
1990-04-24,1990.0,0.0,SIMPEST
1990-04-25,1990.0,0.0,SIMPEST
1990-04-26,1990.0,0.0,SIMPEST
1990-04-27,1990.0,0.0,SIMPEST
1990-04-28,1990.0,0.0,SIMPEST
1990-04-29,1990.0,0.0,SIMPEST
1990-04-30,1990.0,0.0,SIMPEST
1990-05-01,1990.0,0.0,SIMPEST
1990-05-02,1990.0,0.0,SIMPEST
1990-05-03,1990.0,0.0,SIMPEST
1990-05-04,1990.0,0.0,SIMPEST
1990-05-05,1990.0,0.0,SIMPEST
1990-05-06,1990.0,0.0,SIMPEST
1990-05-07,1990.0,0.0,SIMPEST
1990-05-08,1990.0,0.0,SIMPEST
1990-05-09,1990.0,2.56364512910654,SIMPEST
1990-05-10,1990.0,4.173302120271679,SIMPEST
1990-05-11,1990.0,4.18018454813675,SIMPEST
1990-05-12,1990.0,4.19090041902098,SIMPEST
1990-05-13,1990.0,4.20218906270508,SIMPEST
1990-05-14,1990.0,4.21532599050476,SIMPEST
1990-05-15,1990.0,4.23658283117704,SIMPEST
1990-05-16,1990.0,4.23658283117704,SIMPEST
1990-05-17,1990.0,6.339295130646409,SIMPEST
1990-05-18,1990.0,8.54602754869488,SIMPEST
1990-05-19,1990.0,14.3836212060051,SIMPEST
1990-05-20,1990.0,14.3836212060051,SIMPEST
1990-05-21,1990.0,19.04864897407798,SIMPEST
1990-05-22,1990.0,19.04864897407798,SIMPEST
1990-05-23,1990.0,19.04864897407798,SIMPEST
1990-05-24,1990.0,21.42920066438452,SIMPEST
1990-05-25,1990.0,25.061924072823587,SIMPEST
1990-05-26,1990.0,27.88424843158533,SIMPEST
1990-05-27,1990.0,27.88424843158533,SIMPEST
1990-05-28,1990.0,27.88424843158533,SIMPEST
1990-05-29,1990.0,29.805010237005618,SIMPEST
1990-05-30,1990.0,32.55038083209411,SIMPEST
1990-05-31,1990.0,34.88887365912913,SIMPEST
1990-06-01,1990.0,37.18306235590025,SIMPEST
1990-06-02,1990.0,40.98391727493465,SIMPEST
1990-06-03,1990.0,44.602426389792086,SIMPEST
1990-06-04,1990.0,44.602426389792086,SIMPEST
1990-06-05,1990.0,47.48347422952562,SIMPEST
1990-06-06,1990.0,47.48347422952562,SIMPEST
1990-06-07,1990.0,47.54419454341322,SIMPEST
1990-06-08,1990.0,50.786521670619365,SIMPEST
1990-06-09,1990.0,52.24820088261558,SIMPEST
1990-06-10,1990.0,52.24820088261558,SIMPEST
1990-06-11,1990.0,54.666132117381636,SIMPEST
1990-06-12,1990.0,56.63820194805903,SIMPEST
1990-06-13,1990.0,56.63820194805903,SIMPEST
1990-06-14,1990.0,57.43282831005354,SIMPEST
1990-06-15,1990.0,57.43282831005354,SIMPEST
1990-06-16,1990.0,57.43282831005354,SIMPEST
1990-06-17,1990.0,57.43282831005354,SIMPEST
1990-06-18,1990.0,58.92527867828308,SIMPEST
1990-06-19,1990.0,60.81278615420587,SIMPEST
1990-06-20,1990.0,61.184759133350106,SIMPEST
1990-06-21,1990.0,61.606259597078314,SIMPEST
1990-06-22,1990.0,61.78269927247337,SIMPEST
1990-06-23,1990.0,62.79967465650309,SIMPEST
1990-06-24,1990.0,63.63101561854896,SIMPEST
1990-06-25,1990.0,63.72374252059881,SIMPEST
1990-06-26,1990.0,63.72374252059881,SIMPEST
1990-06-27,1990.0,63.72374252059881,SIMPEST
1990-06-28,1990.0,63.72374252059881,SIMPEST
1990-06-29,1990.0,64.0591953329819,SIMPEST
1990-06-30,1990.0,64.05919533298191,SIMPEST
1990-07-01,1990.0,64.05919533298191,SIMPEST
1990-07-02,1990.0,64.11469068997171,SIMPEST
1990-07-03,1990.0,64.17185360964186,SIMPEST
1990-07-04,1990.0,64.17185360964186,SIMPEST
1990-07-05,1990.0,64.17185360964186,SIMPEST
1990-07-06,1990.0,64.2361109622149,SIMPEST
1990-07-07,1990.0,64.2419099679877,SIMPEST
1990-07-08,1990.0,64.2419099679877,SIMPEST
1990-07-09,1990.0,64.2419099679877,SIMPEST
1990-07-10,1990.0,64.2419099679877,SIMPEST
1990-07-11,1990.0,64.2419099679877,SIMPEST
1990-07-12,1990.0,64.2419099679877,SIMPEST
1990-07-13,1990.0,64.2419099679877,SIMPEST
1990-07-14,1990.0,64.2419099679877,SIMPEST
1990-07-15,1990.0,64.2419099679877,SIMPEST
1990-07-16,1990.0,64.2419099679877,SIMPEST
1990-07-17,1990.0,64.2419099679877,SIMPEST
1990-10-01,1990.0,0.0,SIMPEST
1990-10-02,1990.0,0.0,SIMPEST
1990-10-03,1990.0,0.0,SIMPEST
1990-10-04,1990.0,0.0,SIMPEST
1990-10-05,1990.0,0.0,SIMPEST
1990-10-06,1990.0,0.0,SIMPEST
1990-10-07,1990.0,0.0,SIMPEST
1990-10-08,1990.0,0.0,SIMPEST
1990-10-09,1990.0,0.0,SIMPEST
1990-10-10,1990.0,0.0,SIMPEST
1990-10-11,1990.0,0.0,SIMPEST
1990-10-12,1990.0,0.0,SIMPEST
1990-10-13,1990.0,0.0,SIMPEST
1990-10-14,1990.0,0.0,SIMPEST
1990-10-15,1990.0,0.0,SIMPEST
1990-10-16,1990.0,0.0,SIMPEST
1990-10-17,1990.0,0.0,SIMPEST
1990-10-18,1990.0,0.0,SIMPEST
1990-10-19,1990.0,0.0,SIMPEST
1990-10-20,1990.0,0.0,SIMPEST
1990-10-21,1990.0,0.0,SIMPEST
1990-10-22,1990.0,0.0,SIMPEST
1990-10-23,1990.0,0.0,SIMPEST
1990-10-24,1990.0,0.0,SIMPEST
1990-10-25,1990.0,0.0,SIMPEST
1990-10-26,1990.0,0.0,SIMPEST
1990-10-27,1990.0,0.0,SIMPEST
1990-10-28,1990.0,0.0,SIMPEST
1990-10-29,1990.0,0.0,SIMPEST
1990-10-30,1990.0,0.0,SIMPEST
1990-10-31,1990.0,0.0,SIMPEST
1990-11-01,1990.0,0.0,SIMPEST
1990-11-02,1990.0,0.0,SIMPEST
1990-11-03,1990.0,0.0,SIMPEST
1990-11-04,1990.0,0.0,SIMPEST
1990-11-05,1990.0,0.0,SIMPEST
1990-11-06,1990.0,0.0,SIMPEST
1990-11-07,1990.0,0.0,SIMPEST
1990-11-08,1990.0,0.0,SIMPEST
1990-11-09,1990.0,0.0,SIMPEST
1990-11-10,1990.0,0.0,SIMPEST
1990-11-11,1990.0,0.0,SIMPEST
1990-11-12,1990.0,0.0,SIMPEST
1990-11-13,1990.0,0.0,SIMPEST
1990-11-14,1990.0,0.0,SIMPEST
1990-11-15,1990.0,0.0,SIMPEST
1990-11-16,1990.0,0.0,SIMPEST
1990-11-17,1990.0,0.0,SIMPEST
1990-11-18,1990.0,0.0,SIMPEST
1990-11-19,1990.0,0.0,SIMPEST
1990-11-20,1990.0,0.0,SIMPEST
1990-11-21,1990.0,0.0,SIMPEST
1990-11-22,1990.0,0.0,SIMPEST
1990-11-23,1990.0,0.0,SIMPEST
1990-11-24,1990.0,0.0,SIMPEST
1990-11-25,1990.0,0.0,SIMPEST
1990-11-26,1990.0,0.0,SIMPEST
1990-11-27,1990.0,0.0,SIMPEST
1990-11-28,1990.0,0.0,SIMPEST
1990-11-29,1990.0,0.0,SIMPEST
1990-11-30,1990.0,0.0,SIMPEST
1990-12-01,1990.0,0.0,SIMPEST
1990-12-02,1990.0,0.0,SIMPEST
1990-12-03,1990.0,0.0,SIMPEST
1990-12-04,1990.0,0.0,SIMPEST
1990-12-05,1990.0,0.0,SIMPEST
1990-12-06,1990.0,0.0,SIMPEST
1990-12-07,1990.0,0.0,SIMPEST
1990-12-08,1990.0,0.0,SIMPEST
1990-12-09,1990.0,0.0,SIMPEST
1990-12-10,1990.0,0.0,SIMPEST
1990-12-11,1990.0,0.0,SIMPEST
1990-12-12,1990.0,0.0,SIMPEST
1990-12-13,1990.0,0.0,SIMPEST
1990-12-14,1990.0,0.0,SIMPEST
1990-12-15,1990.0,0.0,SIMPEST
1990-12-16,1990.0,0.0,SIMPEST
1990-12-17,1990.0,0.0,SIMPEST
1990-12-18,1990.0,0.0,SIMPEST
1990-12-19,1990.0,0.0,SIMPEST
1990-12-20,1990.0,0.0,SIMPEST
1990-12-21,1990.0,0.0,SIMPEST
1990-12-22,1990.0,0.0,SIMPEST
1990-12-23,1990.0,0.0,SIMPEST
1990-12-24,1990.0,0.0,SIMPEST
1990-12-25,1990.0,0.0,SIMPEST
1990-12-26,1990.0,0.0,SIMPEST
1990-12-27,1990.0,0.0,SIMPEST
1990-12-28,1990.0,0.0,SIMPEST
1990-12-29,1990.0,0.0,SIMPEST
1990-12-30,1990.0,0.0,SIMPEST
1990-12-31,1990.0,0.0,SIMPEST
1973-05-24,1973.0,,Reference
1973-07-06,1973.0,,Reference
1974-05-21,1974.0,,Reference
1974-07-08,1974.0,,Reference
1975-05-23,1975.0,,Reference
1975-07-07,1975.0,,Reference
1976-05-12,1976.0,,Reference
1976-07-07,1976.0,,Reference
1977-05-12,1977.0,,Reference
1977-07-06,1977.0,,Reference
1978-06-04,1978.0,,Reference
1978-07-17,1978.0,,Reference
1979-05-26,1979.0,,Reference
1979-07-17,1979.0,,Reference
1980-05-24,1980.0,,Reference
1980-07-10,1980.0,,Reference
1981-05-22,1981.0,,Reference
1981-07-09,1981.0,,Reference
1982-05-31,1982.0,,Reference
1982-07-08,1982.0,,Reference
1983-05-24,1983.0,,Reference
1983-07-08,1983.0,,Reference
1984-05-31,1984.0,,Reference
1984-07-09,1984.0,,Reference
1985-05-07,1985.0,,Reference
1985-06-29,1985.0,,Reference
1986-05-13,1986.0,,Reference
1986-07-16,1986.0,,Reference
1987-05-14,1987.0,,Reference
1987-07-24,1987.0,,Reference
1988-05-15,1988.0,,Reference
1988-06-26,1988.0,,Reference
1989-05-20,1989.0,,Reference
1989-07-06,1989.0,,Reference
1990-05-15,1990.0,,Reference
1990-07-03,1990.0,,Reference
1991-05-10,1991.0,,Reference
1991-06-21,1991.0,,Reference
1973-05-11,1973.0,8.955414031,Reference
1973-05-17,1973.0,28.00956052,Reference
1973-05-24,1973.0,30.25076132,Reference
1973-06-01,1973.0,46.8118251,Reference
1973-06-06,1973.0,51.85992219,Reference
1973-06-13,1973.0,77.26464635,Reference
1973-06-21,1973.0,95.42077151,Reference
1973-06-23,1973.0,96.27189003,Reference
1974-05-07,1974.0,5.2252825,Reference
1974-05-14,1974.0,10.1217561,Reference
1974-05-21,1974.0,20.88350606,Reference
1974-05-28,1974.0,32.08005486,Reference
1974-06-04,1974.0,46.66284743,Reference
1974-06-11,1974.0,74.23616907,Reference
1974-06-17,1974.0,94.7849001,Reference
1974-06-24,1974.0,97.77039486,Reference
1975-05-14,1975.0,3.7768516,Reference
1975-05-23,1975.0,20.4845237,Reference
1975-05-30,1975.0,37.8851828,Reference
1975-06-06,1975.0,43.58860084,Reference
1975-06-13,1975.0,56.18053182,Reference
1975-06-15,1975.0,64.98439182,Reference
1976-04-16,1976.0,0.313705456,Reference
1976-04-23,1976.0,0.630786871,Reference
1976-04-30,1976.0,1.423573351,Reference
1976-05-07,1976.0,2.731386975,Reference
1976-05-13,1976.0,8.301055191,Reference
1976-05-20,1976.0,16.5222169,Reference
1976-06-03,1976.0,31.83309408,Reference
1976-06-10,1976.0,59.15611244,Reference
1976-06-20,1976.0,89.98015035,Reference
1977-05-25,1977.0,20.2864425,Reference
1977-05-31,1977.0,45.18599559,Reference
1977-06-09,1977.0,74.42368642,Reference
1978-05-30,1978.0,11.80784739,Reference
1978-06-05,1978.0,27.54853868,Reference
1978-06-12,1978.0,23.46233264,Reference
1978-06-20,1978.0,35.8972656,Reference
1978-06-27,1978.0,49.2274276,Reference
1979-05-14,1979.0,1.000742836,Reference
1979-05-21,1979.0,3.599707344,Reference
1979-05-29,1979.0,6.421884016,Reference
1979-06-03,1979.0,26.18803296,Reference
1979-06-11,1979.0,40.89643887,Reference
1979-06-19,1979.0,70.90104152,Reference
1980-05-14,1980.0,0.0,Reference
1980-05-21,1980.0,0.003002164,Reference
1980-06-02,1980.0,12.03693726,Reference
1980-06-06,1980.0,20.88350606,Reference
1980-06-15,1980.0,41.17582938,Reference
1980-06-29,1980.0,86.10477346,Reference
1981-05-04,1981.0,15.12180576,Reference
1981-05-12,1981.0,26.75079788,Reference
1981-05-19,1981.0,36.55402972,Reference
1981-05-26,1981.0,60.672455,Reference
1981-06-02,1981.0,60.8421125,Reference
1981-06-09,1981.0,76.31178476,Reference
1981-06-15,1981.0,87.31941176,Reference
1981-06-30,1981.0,97.77039486,Reference
1982-05-27,1982.0,1.423573351,Reference
1982-06-04,1982.0,1.248096199,Reference
1982-06-10,1982.0,7.062836911,Reference
1982-06-20,1982.0,64.63403192,Reference
1983-05-10,1983.0,0.871549231,Reference
1983-05-17,1983.0,4.523028304,Reference
1983-05-24,1983.0,18.83079578,Reference
1983-05-31,1983.0,29.41518584,Reference
1983-06-07,1983.0,45.0396029,Reference
1983-06-14,1983.0,50.61264128,Reference
1983-06-21,1983.0,71.8198284,Reference
1984-05-28,1984.0,7.4855209,Reference
1984-06-04,1984.0,9.495820959,Reference
1984-06-12,1984.0,22.83001938,Reference
1984-06-18,1984.0,37.6170722,Reference
1985-05-07,1985.0,0.0,Reference
1985-06-02,1985.0,10.8395644,Reference
1985-06-29,1985.0,15.63991,Reference
1986-05-20,1986.0,0.821516775,Reference
1986-05-27,1986.0,4.378537711,Reference
1986-06-03,1986.0,18.9261939,Reference
1986-06-10,1986.0,61.35249498,Reference
1986-06-13,1986.0,88.7471822,Reference
1987-05-12,1987.0,5.122140496,Reference
1987-05-19,1987.0,7.182428775,Reference
1987-05-26,1987.0,30.49161215,Reference
1987-06-01,1987.0,53.75904332,Reference
1987-06-08,1987.0,68.53969038,Reference
1988-05-02,1988.0,0.352928004,Reference
1988-05-09,1988.0,1.108327684,Reference
1988-05-16,1988.0,3.556008775,Reference
1988-05-23,1988.0,9.564429316,Reference
1989-05-04,1989.0,0.166215184,Reference
1989-05-11,1989.0,0.166215184,Reference
1989-05-18,1989.0,0.821516775,Reference
1989-05-22,1989.0,8.559978751,Reference
1989-05-30,1989.0,10.19247944,Reference
1989-06-05,1989.0,36.29061908,Reference
1989-06-12,1989.0,68.9003902,Reference
1989-06-18,1989.0,83.89990887,Reference
1990-05-07,1990.0,5.487249975,Reference
1990-05-15,1990.0,23.14511852,Reference
1990-05-21,1990.0,38.83097234,Reference
1990-05-29,1990.0,46.8118251,Reference
1990-06-06,1990.0,62.72385483,Reference
1990-06-13,1990.0,72.74449024,Reference
1990-06-19,1990.0,87.31941176,Reference
1991-05-08,1991.0,8.559978751,Reference
1991-05-15,1991.0,18.45155324,Reference
1991-05-21,1991.0,34.47306438,Reference
1991-05-29,1991.0,69.0810926,Reference
1991-06-04,1991.0,88.3380728,Reference
