year,doy,agb,yield,fint,lai,gdd
1973,280,10.5,0.0,0.0,0.14469,0.0
1973,281,10.5,0.0,0.0,0.14469,0.0
1973,282,10.5,0.0,0.0,0.14469,0.0
1973,283,10.5,0.0,0.0,0.14469,0.0
1973,284,10.5,0.0,0.0,0.14469,0.0
1973,285,10.5,0.0,0.0,0.14469,0.0
1973,286,10.5,0.0,0.0,0.14469,0.0
1973,287,10.5,0.0,0.08315238656939639,0.14469,0.0
1973,288,11.496824736033997,0.0,0.09348460310174489,0.16357877322692904,15.0185
1973,289,12.563338895987465,0.0,0.1068800353702859,0.18839061372873592,33.435
1973,290,13.84328094738251,0.0,0.1163232001432587,0.206106490363807,46.0055
1973,291,14.785121609637232,0.0,0.12258910957703195,0.2179664636235634,54.781499999999994
1973,292,15.961748665527995,0.0,0.1318756260151963,0.2357004776426768,67.09349999999999
1973,293,17.361140515568568,0.0,0.14229395887267116,0.2558230793448244,80.482
1973,294,18.476718776683484,0.0,0.15311635987432393,0.2769866210061552,94.151
1973,295,19.932462730196555,0.0,0.1617710635648072,0.2941067032899158,105.078
1973,296,21.56585128829647,0.0,0.1712156595355402,0.312992169804435,116.84100000000001
1973,297,23.26094047870945,0.0,0.18206512168034872,0.3349542606744573,130.02800000000002
1973,298,25.022978247374816,0.0,0.19693233152132802,0.3655271649974505,146.90800000000002
1973,299,26.574009989454837,0.0,0.21310255381374468,0.39942891476208015,164.40500000000003
1973,300,28.619099208444283,0.0,0.22484152173247438,0.4244796374108323,177.29850000000002
1973,301,29.073985969098658,0.0,0.23450160937334918,0.4453802771141915,188.383
1973,302,30.391326055220944,0.0,0.24239516031388297,0.4626555815823672,197.336
1973,303,30.670988760520146,0.0,0.2477957793049719,0.47457903637933185,204.145
1973,304,31.220722804931434,0.0,0.25844857013653566,0.4983512676448601,214.6875
1973,305,31.455765769815812,0.0,0.2572877458680648,0.4957443083431652,223.776
1973,306,32.601161220827386,0.0,0.26128905337537534,0.5047476263138166,232.08450000000002
1973,307,33.885610093588696,0.0,0.26595048379115904,0.5152979864466827,243.18850000000003
1973,308,35.224230668683546,0.0,0.27079127458931407,0.5263254508645175,249.71600000000004
1973,309,35.28412518383647,0.0,0.2685469202019375,0.521203671714747,254.25050000000005
1973,310,35.289476981634515,0.0,0.2661868569927859,0.5158347605610407,257.39150000000006
1973,311,35.289476981634515,0.0,0.26397986734283374,0.5108296774560341,257.39150000000006
1973,312,35.289476981634515,0.0,0.2619366956578386,0.5062094663649942,260.26400000000007
1973,313,35.76014482219924,0.0,0.2627885585658781,0.5081342219744264,265.05500000000006
1973,314,35.76014482219924,0.0,0.2609794404912824,0.5040492295091237,265.05500000000006
1973,315,35.76014482219924,0.0,0.25932336960506563,0.5003185752712576,265.05500000000006
1973,316,35.76014482219924,0.0,0.2578154959497204,0.49692901495877995,267.4770000000001
1973,317,36.9326596487996,0.0,0.2634818088364681,0.5097022398486918,276.6305000000001
1973,318,39.28771942781747,0.0,0.2757252857055106,0.5376408648869351,289.4560000000001
1973,319,40.22385682561594,0.0,0.2790947669843651,0.5454126476573905,303.73050000000006
1973,320,41.779096071666494,0.0,0.28576672805920034,0.5609094309990348,318.00000000000006
1973,321,42.78299780040242,0.0,0.2891601593476868,0.5688468897217089,323.16800000000006
1973,322,42.78299780040242,0.0,0.2871889352339684,0.5642314666430265,327.74800000000005
1973,323,43.7788161172587,0.0,0.2907138341440576,0.5724936915057941,337.13000000000005
1973,324,45.422471575830166,0.0,0.29753320316460186,0.5885952386374603,346.4100000000001
1973,325,47.73339517380156,0.0,0.30734513517526585,0.6120390573443032,357.7175000000001
1973,326,49.10334178407363,0.0,0.3118772465251869,0.6229800603593454,370.7505000000001
1973,327,52.06152076453484,0.0,0.3237993813812863,0.65210912310499,381.5730000000001
1973,328,54.68761662725327,0.0,0.3332345056770639,0.6755281293507388,392.1550000000001
1973,329,55.03824341721759,0.0,0.3318540170569644,0.672080986635706,404.8755000000001
1973,330,56.12627128042,0.0,0.3337947425138913,0.6769291025005117,415.0015000000001
1973,331,57.34459633779,0.0,0.33616385382489655,0.6828665462774466,423.4055000000001
1973,332,59.08432070300745,0.0,0.3405299376302474,0.6938645038177995,435.51200000000006
1973,333,60.03580400514698,0.0,0.34130638945301306,0.6958279724636648,442.39050000000003
1973,334,60.035804005146986,0.0,0.3381568858953271,0.6878778981474276,444.77900000000005
1973,335,62.162534913843785,0.0,0.3437193808794844,0.701944680762147,452.93550000000005
1973,336,62.16253491384379,0.0,0.3404331869658561,0.6936200055621179,455.91850000000005
1973,337,64.22934551864701,0.0,0.34542091051024204,0.7062714356269162,464.61050000000006
1973,338,66.74552943963413,0.0,0.3516604417384246,0.7222345170200962,476.76000000000005
1973,339,67.55057971178563,0.0,0.35099087861186606,0.7205141797494,489.31700000000006
1973,340,67.74595856467204,0.0,0.34809654374495114,0.713098002079766,496.1770000000001
1973,341,67.74595856467204,0.0,0.3446034742433135,0.7041914061375263,496.1770000000001
1973,342,67.74595856467204,0.0,0.3412195486103512,0.6956082569608538,496.1770000000001
1973,343,67.74595856467202,0.0,0.33794137538750557,0.6873352835826589,497.49550000000005
1973,344,67.74595856467204,0.0,0.3347726970174074,0.6793774795554831,497.49550000000005
1973,345,67.74595856467202,0.0,0.3317030338445359,0.6717044068668188,497.49550000000005
1973,346,67.74595856467204,0.0,0.3287292603192291,0.6643045608879982,497.49550000000005
1973,347,67.74595856467204,0.0,0.3258483370704226,0.6571669569991667,498.22850000000005
1973,348,67.82339726507892,0.0,0.32336087116833745,0.6510286545840314,502.68250000000006
1973,349,67.82339726507891,0.0,0.3206717327921492,0.6444180189853125,502.68250000000006
1973,350,67.82339726507891,0.0,0.31806637519685954,0.6380382503509442,502.68250000000006
1973,351,67.82339726507891,0.0,0.31554211200981797,0.6318802640659774,502.68250000000006
1973,352,67.82339726507891,0.0,0.31309633780536394,0.6259353771583711,502.68250000000006
1973,353,67.82339726507891,0.0,0.3107265266726613,0.6201952888756637,502.68250000000006
1973,354,67.82339726507891,0.0,0.3084302306825144,0.6146520622539319,502.68250000000006
1973,355,67.82339726507891,0.0,0.30620507827112575,0.609298106626992,502.68250000000006
1973,356,67.82339726507892,0.0,0.30404877255691876,0.6041261610265586,502.68250000000006
1973,357,67.82339726507892,0.0,0.3019590896048504,0.5991292784266867,502.68250000000006
1973,358,67.82339726507891,0.0,0.2999338766510987,0.5943008107882957,502.68250000000006
1973,359,67.82339726507892,0.0,0.2979710502995865,0.5896343948619126,502.68250000000006
1973,360,68.22973203052912,0.0,0.29775497173203114,0.5891214879015646,508.04850000000005
1973,361,68.22973203052912,0.0,0.29586380686062674,0.5846391422840713,508.04850000000005
1973,362,68.2297320305291,0.0,0.2940305867900952,0.5803056108211668,508.04850000000005
1973,363,68.22973203052912,0.0,0.292253442884449,0.5761153659180176,508.04850000000005
1973,364,68.2297320305291,0.0,0.29053056801761157,0.5720631119947901,508.04850000000005
1973,365,68.22973203052912,0.0,0.288860214766993,0.5681437746660448,508.04850000000005
1974,1,68.22973203052912,0.0,0.2872406936253119,0.564352490462484,508.04850000000005
1974,2,68.22973203052912,0.0,0.2856703712350277,0.5606845970668103,508.04850000000005
1974,3,68.22973203052912,0.0,0.28414766864911356,0.5571356240369414,508.04850000000005
1974,4,68.22973203052912,0.0,0.28267105962132255,0.5537012839912391,508.04850000000005
1974,5,68.22973203052912,0.0,0.2812390689285915,0.5503774642317453,508.04850000000005
1974,6,68.22973203052912,0.0,0.2798502707277635,0.5471602187826866,508.04850000000005
1974,7,68.22973203052912,0.0,0.27850328694839754,0.5440457608227058,508.04850000000005
1974,8,68.22973203052912,0.0,0.2771967857230716,0.5410304554904162,508.04850000000005
1974,9,68.2297320305291,0.0,0.27592947985625127,0.5381108130439498,508.04850000000005
1974,10,68.22973203052912,0.0,0.274700125332515,0.5352834823561932,508.04850000000005
1974,11,68.2297320305291,0.0,0.27350751986466326,0.5325452447283648,508.04850000000005
1974,12,68.22973203052912,0.0,0.272350501482021,0.5298930080055099,508.04850000000005
1974,13,68.2297320305291,0.0,0.2712279471590363,0.5273238009783485,508.04850000000005
1974,14,68.2297320305291,0.0,0.2701387714841137,0.5248347680567401,508.04850000000005
1974,15,68.22973203052912,0.0,0.26908192536846254,0.5224231642008,508.04850000000005
1974,16,68.22973203052912,0.0,0.2680563947946166,0.5200863500964441,508.04850000000005
1974,17,68.22973203052912,0.0,0.26706119960416363,0.5178217875628334,509.37100000000004
1974,18,68.22973203052912,0.0,0.2661039703027366,0.5156465155243106,509.37100000000004
1974,19,68.29397636959453,0.0,0.26546494719318403,0.5141959352473858,512.8960000000001
1974,20,68.39421439404154,0.0,0.2650241172656935,0.5131959881900524,515.8580000000001
1974,21,68.66717947307718,0.0,0.2653820196160591,0.5140077824470091,523.9865000000001
1974,22,69.12019111896123,0.0,0.26654613222281476,0.5166509610993396,530.806
1974,23,69.28593909187191,0.0,0.2663967083935781,0.5163114518789079,536.4405
1974,24,69.28593909187191,0.0,0.26555459427337824,0.5143993576954397,541.409
1974,25,69.28593909187191,0.0,0.2647715547191819,0.5126233635913636,542.877
1974,26,69.28593909187191,0.0,0.2640216842744254,0.5109243716944436,546.6099999999999
1974,27,69.28593909187191,0.0,0.2633201054152774,0.509336361416356,552.209
1974,28,70.59079038385947,0.0,0.2681211167080978,0.5202337311576315,560.93
1974,29,70.59079038385947,0.0,0.26728966409861576,0.5183413855362833,561.262
1974,30,70.59079038385946,0.0,0.26648476273735366,0.5165115137510938,562.6489999999999
1974,31,70.94478444688023,0.0,0.2671331621553419,0.5179854348872321,568.5579999999999
1974,32,71.5062834257463,0.0,0.26856435893745184,0.5212434075590082,573.2399999999999
1974,33,71.5062834257463,0.0,0.26772870880072963,0.519340362149451,574.1359999999999
1974,34,71.5062834257463,0.0,0.266923716971863,0.517509188158143,574.7659999999998
1974,35,71.5062834257463,0.0,0.2661465495612385,0.5157432151747848,574.7659999999998
1974,36,71.5062834257463,0.0,0.26539177890733334,0.5140299240143742,574.7659999999998
1974,37,71.5062834257463,0.0,0.2646587270210955,0.5123676175882855,574.7659999999998
1974,38,71.5062834257463,0.0,0.26394673784102873,0.5107546596796847,574.7659999999998
1974,39,71.5062834257463,0.0,0.26325517647536045,0.5091894724730642,574.7659999999998
1974,40,71.5062834257463,0.0,0.2625834284710622,0.5076705341961396,574.7659999999998
1974,41,71.5062834257463,0.0,0.26193089910887424,0.5061963768685418,574.7659999999998
1974,42,71.5062834257463,0.0,0.2612970127234955,0.5047655841520311,574.7659999999998
1974,43,71.5062834257463,0.0,0.260681212048112,0.5033767892972327,574.7659999999998
1974,44,71.5062834257463,0.0,0.2600829575824539,0.5020286731821549,579.6634999999999
1974,45,71.5831681183912,0.0,0.2598381435992684,0.5014773197247735,585.5239999999999
1974,46,71.5831681183912,0.0,0.259337547118492,0.5003504777428949,585.5239999999999
1974,47,71.5831681183912,0.0,0.2588511663941919,0.49925636464360323,585.5239999999999
1974,48,71.5831681183912,0.0,0.25837858256197244,0.4981939751783698,587.7099999999999
1974,49,71.5831681183912,0.0,0.25793619225534514,0.49720007541169675,589.1524999999999
1974,50,71.710662913251,0.0,0.2580055275351717,0.49735580891803666,594.7995
1974,51,72.03056898015294,0.0,0.25882100339141645,0.4991885366364987,599.711
1974,52,72.03056898015294,0.0,0.2584161740630213,0.49827845775694923,600.791
1974,53,72.05823035405396,0.0,0.2581335492401632,0.49764339585493744,606.7675
1974,54,72.27228820982711,0.0,0.2585799385677148,0.4986465496339697,613.4125
1974,55,72.27228820982711,0.0,0.2582680184736674,0.49794551991345654,613.4125
1974,56,72.27228820982711,0.0,0.2579648874568856,0.49726452574617636,613.4125
1974,57,72.27228820982711,0.0,0.25767029175994494,0.4966029729691146,613.4125
1974,58,72.27228820982711,0.0,0.2573839852591131,0.49596028616930155,613.4125
1974,59,72.27228820982711,0.0,0.25710572922006014,0.4953359080346869,617.2365
1974,60,75.56641895527981,0.0,0.2684227958163914,0.5209208696720667,627.762
1974,61,75.56641895527981,0.0,0.2676329963098063,0.5191225325064748,630.5794999999999
1974,62,79.85024386355664,0.0,0.2805807173281285,0.5488515737576637,644.7304999999999
1974,63,85.26015691728735,0.0,0.29475083840707184,0.5820068631817731,663.3839999999999
1974,64,87.8833811781973,0.0,0.2993781710322998,0.5929783519517028,677.7079999999999
1974,65,92.9685781245694,0.0,0.3090296837934605,0.6160973564501926,687.6624999999999
1974,66,97.21422382902907,0.0,0.3155044882107404,0.6317886519894498,700.1574999999999
1974,67,101.96992511856912,0.0,0.32205940128342847,0.6478260123206221,716.8184999999999
1974,68,105.4508688842411,0.0,0.325134456208109,0.6554030038897114,735.8814999999998
1974,69,108.82530420841458,0.0,0.3273623376411763,0.6609141434375265,754.5099999999999
1974,70,112.34566036679308,0.0,0.3292375867405627,0.6655671388517136,764.6579999999999
1974,71,112.49364357733867,0.0,0.32557873988060926,0.6565005804940551,769.3159999999999
1974,72,113.06999850885262,0.0,0.32267460702892903,0.6493391366606166,773.742
1974,73,113.06999850885262,0.0,0.3189835237460338,0.6402812981996155,773.742
1974,74,113.06999850885262,0.0,0.31539105096823017,0.6315124684304981,775.4789999999999
1974,75,113.70398098398422,0.0,0.3128476971221954,0.6253321977338482,780.8694999999999
1974,76,113.70398098398421,0.0,0.30942691351450213,0.6170557766518647,783.2494999999999
1974,77,113.70398098398422,0.0,0.3061092652412891,0.609067955969214,784.8949999999999
1974,78,113.70398098398421,0.0,0.3028876204211459,0.6013477466052112,790.1814999999999
1974,79,114.88379400712472,0.0,0.3014719462932123,0.5979665638408769,796.3074999999999
1974,80,114.88379400712472,0.0,0.2983769698219989,0.5905983553961642,797.4929999999999
1974,81,114.88379400712473,0.0,0.29536843888207565,0.5834670352009586,799.5089999999999
1974,82,114.88379400712473,0.0,0.2924484189069968,0.5765745766395789,801.699
1974,83,114.88379400712472,0.0,0.28961524876165523,0.5699142542844463,802.5575
1974,84,114.88379400712472,0.0,0.2868587045443711,0.5634595130941492,802.5575
1974,85,114.88379400712473,0.0,0.28417153744802914,0.5571911969435545,802.5575
1974,86,114.88379400712473,0.0,0.2815516362481004,0.5511024046320119,807.1075
1974,87,114.88379400712475,0.0,0.27902312147017017,0.5452470180411172,813.5799999999999
1974,88,116.17632638967913,0.0,0.2783409958802814,0.5436709085299853,822.0284999999999
1974,89,122.45252039218957,0.0,0.2839662333044879,0.5567132549070591,834.4919999999998
1974,90,123.5796326345717,0.0,0.2824717136530346,0.5532381810755912,843.6204999999999
1974,91,123.57963263457171,0.0,0.27970422637457015,0.5468222577065245,848.6979999999999
1974,92,130.28410776880003,0.0,0.2882439267696273,0.5667000334106382,864.7054999999999
1974,93,139.71618728897678,0.0,0.29882224765868304,0.591656424028545,876.4514999999999
1974,94,145.17762919178267,0.0,0.30434207225375975,0.604828704313923,893.6629999999999
1974,95,149.4179447997472,0.0,0.3079942257984263,0.613601631962255,905.555
1974,96,149.71342819633648,0.0,0.30821894794538207,0.6141429536568672,908.8085
1974,97,149.71342819633648,0.0,0.30821894794538207,0.6141429536568672,913.379
1974,98,152.1222975610891,0.0,0.30989275690722684,0.6181804478264592,923.2365
1974,99,152.44670280539495,0.0,0.3100914866221396,0.6186604658150332,928.292
1974,100,152.44670280539495,0.0,0.3100914866221396,0.6186604658150332,931.1410000000001
1974,101,159.30867690716514,0.0,0.3138369395741931,0.627733303480156,940.6250000000001
1974,102,167.38432923622966,0.0,0.31759427571427534,0.6368848239649019,955.5335000000001
1974,103,175.94581140916912,0.0,0.32051915175724555,0.6440437181022572,973.4120000000001
1974,104,186.44760525299878,0.0,0.3225709299269026,0.6490840422134749,990.9880000000002
1974,105,191.5888754265568,0.0,0.3228420160091027,0.6497511239513024,1004.6050000000001
1974,106,195.4403822830876,0.5212372612504929,0.3228420160091027,0.6497511239513024,1012.5460000000002
1974,107,196.557419234723,0.8413694131420463,0.3228420160091027,0.6497511239513024,1019.7840000000001
1974,108,200.03569580126188,2.31774874664207,0.3228420160091027,0.6497511239513024,1028.6295
1974,109,208.30517678860383,7.221078430365095,0.3228420160091027,0.6497511239513024,1039.8235
1974,110,216.79828013064173,14.067894797921994,0.3228420160091027,0.6497511239513024,1050.6695
1974,111,229.07121817626813,26.340832843548412,0.31481633144960997,0.6301139123158301,1065.8365
1974,112,233.8592096906094,31.128824357889705,0.3061079292509826,0.609064747036949,1083.3905
1974,113,242.57148761857906,39.84110228585932,0.29789697612817123,0.589458546786665,1100.0335
1974,114,247.2019668811854,44.471581548465714,0.29270844816397235,0.5771871987596602,1110.4425
1974,115,247.32689221777673,44.596506885056996,0.28854727517375633,0.5674105133934697,1117.381
1974,116,250.31777719264372,47.58739185992399,0.28404222916301025,0.5568901550646413,1125.922
1974,117,260.8672425861423,58.136857253422605,0.2765889743877268,0.5396295303384645,1141.6680000000001
1974,118,270.1161781618841,67.38579282916439,0.26837655441839514,0.5208155266397241,1160.3165000000001
1974,119,274.08811360351564,71.35772827079593,0.25994837566012174,0.5017255543262716,1180.3070000000002
1974,120,277.8609699121719,75.13058457945225,0.2517134407493927,0.4832821229492379,1200.3770000000002
1974,121,282.0034625847068,79.27307725198713,0.24473513552340842,0.4678112956293869,1216.8860000000002
1974,122,291.34670920543743,88.61632387271774,0.23882744043370688,0.45482532187401076,1230.7655000000002
1974,123,294.48765540419225,91.75727007147255,0.23289312192165101,0.44188190286412016,1244.9945000000002
1974,124,301.6728175048363,98.94243217211661,0.22750355832987634,0.43021312745518736,1258.1980000000003
1974,125,310.00319181442893,107.27280648170927,0.22311424243435451,0.420769949307546,1269.1730000000002
1974,126,317.84305435026295,115.11266901754327,0.2184975074015737,0.4108948993672472,1280.9075000000003
1974,127,324.40984436820077,121.67945903548106,0.21462434508424422,0.4026552239502358,1290.9340000000002
1974,128,324.40984436820077,121.67945903548106,0.2114523116054979,0.39593732419385,1297.6180000000002
1974,129,327.2623843195329,124.53199898681316,0.20703151331110226,0.3866196624919682,1309.2710000000002
1974,130,330.47452625577756,127.74414092305784,0.2030169587814038,0.3782031311476265,1319.3720000000003
1974,131,337.52540800098143,134.79502266826177,0.19836020190487313,0.36849316926951636,1330.7845000000002
1974,132,341.9324960999088,139.20211076718908,0.19149167581402227,0.3542738402979941,1349.2135000000003
1974,133,348.4156903369461,145.6853050042264,0.1859092053689928,0.3428056298068885,1362.8565000000003
1974,134,353.7953852818498,151.06499994913014,0.18061055673880733,0.33199299575170976,1375.5160000000003
1974,135,357.39328556996435,154.6629002372446,0.1733085001956447,0.31720614809416586,1395.8690000000004
1974,136,363.60987149621025,160.87948616349053,0.167177668643822,0.30489157875334916,1411.1555000000003
1974,137,365.973697060156,163.2433117274363,0.16038770251111664,0.29135840716753003,1429.8270000000002
1974,138,367.2287322717611,164.4983469390414,0.15303567479617852,0.27682784036810903,1451.8505000000002
1974,139,369.1238505200151,166.39346518729536,0.14627591541538165,0.26357870560595265,1471.7045000000003
1974,140,370.93929074432253,168.2089054116028,0.1400490570551447,0.25146655741496665,1489.5325000000003
1974,141,374.0921118851464,171.36172655242666,0.13348051575789965,0.23878447322869933,1510.1765000000003
1974,142,377.12094036227626,174.39055502955654,0.12680657227798542,0.22599696832154229,1532.6970000000003
1974,143,378.56912728933787,175.83874195661815,0.12044806964564314,0.2139044520547355,1554.7615000000003
1974,144,381.28797850183514,178.55759316911542,0.114722956806934,0.2030910663433104,1574.2170000000003
1974,145,383.4971763951294,180.76679106240968,0.10974037517338764,0.19373690917945266,1590.0840000000003
1974,146,385.1240665186023,182.3936811858826,0.10528131918017103,0.18540988870579947,1603.9735000000003
1974,147,386.25697719177435,183.52659185905463,0.10107569983976472,0.17759408758255768,1617.3090000000002
1974,148,388.0519982156792,185.3216128829595,0.09702714456804107,0.17010464407783296,1630.5330000000001
1974,149,388.8035223035369,186.0731369708172,0.0925023113199579,0.16177376625903175,1647.8300000000002
1974,150,389.6293104132325,186.8989250805127,0.08756298347005376,0.1527270314809447,1670.2340000000002
1974,151,390.357226145449,187.62684081272923,0.08292059266039642,0.14426869295850014,1692.1855
1974,152,390.87383393284625,188.14344860012656,0.0785167904969103,0.13628453811750285,1714.1025
1974,153,391.5427818675969,188.81239653487714,0.0748383278625322,0.12964462675487096,1731.0885
1974,154,392.15967840134516,189.42929306862538,0.07130548168551454,0.12329237125658535,1748.343
1974,155,392.6903081360055,189.95992280328576,0.06784026991272396,0.11708515794554487,1766.7040000000002
1974,156,393.12714320883634,190.39675787611662,0.06432050420016333,0.11080380026765277,1787.669
1974,157,393.342721210299,190.61233587757926,0.060945105114743825,0.10480223412664942,1809.1785
1974,158,393.5011260333198,190.7707407006001,0.057674843478271676,0.09900814531818834,1831.71
1974,159,393.57975585328535,190.84937052056563,0.054588191130722,0.09355778305031043,1854.2655
1974,160,393.670850462165,190.94046512944527,0.051750842078344794,0.08856331074605513,1875.7894999999999
1974,161,393.77046868815256,191.0400833554328,0.04885597677494791,0.08348297320525473,1900.5294999999999
1974,162,393.83210116171165,191.10171582899184,0.04634678716612861,0.07909197029830976,1921.9415
1974,163,393.8948769892115,191.1644916564918,0.04425475590103379,0.0754398041852527,1938.7904999999998
1974,164,393.9766101053028,191.24622477258313,0.04232967575601432,0.07208614903159113,1954.6055
1974,165,394.032090284085,191.30170495136528,0.04042720751041551,0.06877850231495192,1971.7565
1974,166,394.07185234058386,191.34146700786414,0.03848654696178033,0.06541120388628106,1991.4835
1974,167,394.10812395203163,191.37773861931188,0.036612919431427526,0.062166658537303854,2011.97
1974,168,394.12877633861234,191.3983910058926,0.035077253088273364,0.05951205976913264,2027.5605
1974,169,394.13988135859995,191.4094960258802,0.0336663925265992,0.057076925062723015,2042.2475
1974,170,394.1541128395049,191.42372750678513,0.032151092412163296,0.05446548515180538,2060.681
1974,280,10.5,0.0,0.0,0.14469,0.0
1974,281,10.5,0.0,0.0,0.14469,0.0
1974,282,10.5,0.0,0.0,0.14469,0.0
1974,283,10.5,0.0,0.0,0.14469,0.0
1974,284,10.5,0.0,0.0,0.14469,0.0
1974,285,10.5,0.0,0.0,0.14469,0.0
1974,286,10.5,0.0,0.0,0.14469,0.0
1974,287,10.5,0.0,0.08315238656939639,0.14469,0.0
1974,288,10.711581245298436,0.0,0.09405723919424813,0.16463192142260444,15.804
1974,289,11.492470945591592,0.0,0.10243542189778942,0.1801170131516544,26.807000000000002
1974,290,12.14966055005903,0.0,0.10948977844262331,0.1932678297848911,35.5865
1974,291,13.420877536120638,0.0,0.12096528871185808,0.21488482092763364,49.1365
1974,292,13.814513256782408,0.0,0.12709840954681273,0.2265540920147111,56.7265
1974,293,14.132970500491407,0.0,0.13287069908517224,0.23761196219666983,63.53
1974,294,14.561740277785166,0.0,0.13814277545615328,0.24777609136137987,69.4395
1974,295,14.561740277785166,0.0,0.14162582115599498,0.254525281136519,73.3535
1974,296,15.917629690568177,0.0,0.15201322245516113,0.27481705971612863,83.3605
1974,297,16.931376727724523,0.0,0.16683933087979708,0.3042146255299777,97.5375
1974,298,17.68228874567353,0.0,0.18384382343400785,0.3385825824680406,112.85
1974,299,18.96332332720482,0.0,0.20435881803934564,0.3810116186655518,129.714
1974,300,20.816962594899966,0.0,0.21621890826358137,0.40604252890795006,139.4565
1974,301,22.559956337841186,0.0,0.22844350851327155,0.43224231155745185,149.797
1974,302,24.816752615184743,0.0,0.24690958853118672,0.4726166500636556,164.8005
1974,303,25.216237382728163,0.0,0.26652380059224967,0.5166002165067914,180.6
1974,304,26.646479578258884,0.0,0.29376887253127193,0.5796878650778374,199.9605
1974,305,28.99380480515077,0.0,0.3229088750982858,0.6499156901521055,219.31799999999998
1974,306,31.707822954758466,0.0,0.3343923814054146,0.6784249055580635,238.82199999999997
1974,307,34.66771616215515,0.0,0.34635572522314306,0.7086533297731881,256.883
1974,308,35.15068017922748,0.0,0.3458509273320526,0.7073666894000572,271.998
1974,309,35.92102247446946,0.0,0.346874507288327,0.7099766490636126,281.7895
1974,310,36.47782762179076,0.0,0.3469213254195388,0.7100961253609229,288.892
1974,311,37.89463728972995,0.0,0.3511407008610741,0.7208989702964848,296.65999999999997
1974,312,37.959579566724486,0.0,0.348850528927442,0.715026768110232,302.5195
1974,313,38.86920976156266,0.0,0.3507503369929774,0.7198965791484196,309.4905
1974,314,38.89172244992603,0.0,0.3484769176148945,0.714070755739613,316.2325
1974,315,39.4611580625105,0.0,0.3490058110114569,0.7154242718304791,326.14250000000004
1974,316,39.942018524681316,0.0,0.3492123432493591,0.7159531168140197,336.01200000000006
1974,317,40.51541420291408,0.0,0.34997467988733766,0.7179066047194365,341.23850000000004
1974,318,40.51541420291408,0.0,0.3481134457216514,0.7131412145003878,343.18500000000006
1974,319,40.51541420291407,0.0,0.3464341198064791,0.7088532328087533,343.18500000000006
1974,320,40.51541420291407,0.0,0.34491890718927143,0.7049937419871446,343.18500000000006
1974,321,40.51541420291408,0.0,0.34356312303720427,0.7015479011974034,343.18500000000006
1974,322,40.85690037487859,0.0,0.34405106019512965,0.7027872145511797,348.44550000000004
1974,323,41.65596082949834,0.0,0.34690664219446465,0.71005865396943,354.98800000000006
1974,324,42.65766332580701,0.0,0.35071786888379125,0.7198132334566678,365.6890000000001
1974,325,44.55503135649982,0.0,0.3587179220118498,0.7404764326587722,374.94700000000006
1974,326,44.57736256607099,0.0,0.35754005868242267,0.7374180205005616,377.53450000000004
1974,327,44.57736256607099,0.0,0.3564485096566167,0.734588731789062,380.46650000000005
1974,328,47.25376482852741,0.0,0.3681363292769627,0.7651360316424803,390.50350000000003
1974,329,47.82936055445996,0.0,0.3693114638408195,0.7682385697574652,400.92800000000005
1974,330,47.880667361681944,0.0,0.36815185340279066,0.7651769801288255,403.56850000000003
1974,331,47.88066736168194,0.0,0.36682633546127763,0.7616842381725102,403.56850000000003
1974,332,47.88066736168194,0.0,0.36554696938750575,0.7583200339919561,405.09150000000005
1974,333,47.88066736168194,0.0,0.3643263025976379,0.7551165028304304,405.09150000000005
1974,334,47.88066736168193,0.0,0.36314820458416186,0.7520305178954686,405.13950000000006
1974,335,47.94960194121332,0.0,0.3623215600625511,0.7498685588860633,407.15650000000005
1974,336,47.94960194121332,0.0,0.361227869143979,0.7470124848861782,407.5425000000001
1974,337,47.94960194121332,0.0,0.3601760496605846,0.7442703634397736,408.51200000000006
1974,338,47.94960194121332,0.0,0.3591702814281307,0.7416525116774274,408.51200000000006
1974,339,47.94960194121332,0.0,0.35819967905543515,0.7391300837284474,408.51200000000006
1974,340,47.949601941213324,0.0,0.3572630228515723,0.7366994903122803,408.51200000000006
1974,341,47.94960194121332,0.0,0.35635913436105404,0.73435728413404,408.51200000000006
1974,342,48.0042178967022,0.0,0.3557374313787506,0.7327482012011233,411.48650000000004
1974,343,48.0042178967022,0.0,0.3549119349234485,0.7306140608400239,411.83400000000006
1974,344,48.0042178967022,0.0,0.3541188070556901,0.728566173273845,411.83400000000006
1974,345,48.00421789670219,0.0,0.3533534763166768,0.7265924417022099,411.83400000000006
1974,346,48.0042178967022,0.0,0.35261497335024106,0.7246901103244267,412.35300000000007
1974,347,48.060841613036885,0.0,0.3521698989736721,0.7235446779696594,414.5610000000001
1974,348,48.48365134961331,0.0,0.3534515479615601,0.7268452307167887,418.9715000000001
1974,349,48.84462936406439,0.0,0.3543976798422681,0.729285947053593,422.6455000000001
1974,350,49.08211735128205,0.0,0.3547360371635838,0.7301596686608633,427.48500000000007
1974,351,49.257284288202804,0.0,0.35478788023264973,0.7302935806586462,430.27400000000006
1974,352,49.25728428820281,0.0,0.3540514265502811,0.7283923100522787,430.27400000000006
1974,353,49.25728428820281,0.0,0.35334064691078604,0.726559375521137,430.27400000000006
1974,354,49.257284288202804,0.0,0.35265464928173107,0.7247922575415771,430.27400000000006
1974,355,49.257284288202804,0.0,0.3519925722497784,0.7230885335300913,430.27400000000006
1974,356,49.257284288202804,0.0,0.3513535840113371,0.7214458738661345,430.27400000000006
1974,357,49.257284288202804,0.0,0.3507368813920899,0.7198620380922245,430.27400000000006
1974,358,49.36520498426466,0.0,0.35063445906238566,0.7195991394076166,433.75000000000006
1974,359,49.51734136661524,0.0,0.35075033684177215,0.719896578760266,436.65950000000004
1974,360,49.51734136661524,0.0,0.3501776693016784,0.7184271514052067,436.65950000000004
1974,361,49.51734136661524,0.0,0.34962496487126093,0.7170101755976972,436.65950000000004
1974,362,49.51734136661524,0.0,0.3490915287403016,0.7156437396693218,436.65950000000004
1974,363,49.51734136661524,0.0,0.34857669012313264,0.7143260041750712,437.34400000000005
1974,364,49.51734136661525,0.0,0.3480846621976117,0.7130676258051026,439.6700000000001
1974,365,49.51734136661525,0.0,0.3476264091977037,0.7118964818744552,441.91600000000005
1975,1,49.52060926602819,0.0,0.34721522987682985,0.7108463428088639,444.06550000000004
1975,2,49.52060926602819,0.0,0.34681881384596636,0.7098345348028614,444.4535
1975,3,49.52060926602819,0.0,0.34643908399319967,0.708865892092548,444.4535
1975,4,49.52060926602819,0.0,0.34607263057452875,0.7079316493607667,445.79650000000004
1975,5,49.520609266028195,0.0,0.34572883173785895,0.7070556384835177,445.79650000000004
1975,6,49.520609266028195,0.0,0.3453970593195609,0.70621070765547,445.79650000000004
1975,7,49.54015937988091,0.0,0.3451664405071435,0.7056236388036614,448.052
1975,8,49.54015937988091,0.0,0.3448692563188236,0.7048674243208232,451.90700000000004
1975,9,49.71261507181042,0.0,0.34539761063625907,0.7062121113484471,460.11800000000005
1975,10,50.011895655345924,0.0,0.3465172525111013,0.7090652440606011,464.1820000000001
1975,11,50.396709630183196,0.0,0.34797027398397545,0.7127752100760874,474.24500000000006
1975,12,50.396709630183196,0.0,0.34769531602197656,0.712072532490838,480.93300000000005
1975,13,50.39670963018319,0.0,0.34748224157125973,0.7115282069548216,480.93300000000005
1975,14,50.396709630183196,0.0,0.3472766408436814,0.7110031424628825,480.93300000000005
1975,15,50.396709630183196,0.0,0.34707825180331076,0.7104966519911606,480.93300000000005
1975,16,50.396709630183196,0.0,0.3468868215895591,0.7100080733903318,480.93300000000005
1975,17,50.396709630183196,0.0,0.34670210619715025,0.7095367684604402,480.93300000000005
1975,18,50.396709630183196,0.0,0.3465238701671257,0.7090821220617363,480.93300000000005
1975,19,50.39670963018319,0.0,0.34635188628851465,0.7086435412600186,483.05950000000007
1975,20,50.396709630183196,0.0,0.34620284754527875,0.7082635667969994,483.05950000000007
1975,21,50.3967096301832,0.0,0.3460590412625485,0.7078970146000442,483.05950000000007
1975,22,50.3967096301832,0.0,0.34592028378204076,0.7075434078523706,483.05950000000007
1975,23,50.3967096301832,0.0,0.3457863978873612,0.7072022868583983,483.13000000000005
1975,24,50.396709630183196,0.0,0.34565777624191907,0.7068746441158839,483.13000000000005
1975,25,50.396709630183196,0.0,0.3455336705179575,0.7065585659952497,486.03850000000006
1975,26,50.55694884327762,0.0,0.34613965395748947,0.7081024808145944,489.1745000000001
1975,27,50.55694884327762,0.0,0.3460317238321211,0.7078273934833734,489.1745000000001
1975,28,50.55694884327762,0.0,0.3459275846436567,0.7075620113502354,489.1745000000001
1975,29,50.6158666917043,0.0,0.34608406066932607,0.7079607815325925,493.04100000000005
1975,30,50.75664264254158,0.0,0.3466146918132835,0.709313775404781,500.44700000000006
1975,31,50.756642642541586,0.0,0.34656281940226,0.7091814636039665,500.44700000000006
1975,32,50.75664264254158,0.0,0.34651277272270464,0.7090538186810766,500.44700000000006
1975,33,50.75664264254158,0.0,0.3464644875211873,0.7089306757036042,500.48650000000004
1975,34,50.75664264254158,0.0,0.3464182301339478,0.7088127128452246,500.48650000000004
1975,35,50.75664264254158,0.0,0.3463736008915608,0.7086989098987018,500.48650000000004
1975,36,50.756642642541586,0.0,0.34633054249206374,0.7085891199091988,500.48650000000004
1975,37,50.79606998894053,0.0,0.3464586163635075,0.7089157029612525,502.172
1975,38,50.79606998894053,0.0,0.34642265445785636,0.7088239951338059,502.172
1975,39,50.79606998894053,0.0,0.3463879585709788,0.708735520611722,502.172
1975,40,50.79606998894053,0.0,0.34635448413622044,0.7086501652442226,502.172
1975,41,50.79606998894053,0.0,0.3463221881555545,0.7085678189212997,502.172
1975,42,50.79606998894052,0.0,0.34629102914438825,0.708488375429941,502.172
1975,43,50.79606998894052,0.0,0.34626096707830856,0.7084117323155222,502.172
1975,44,50.79606998894053,0.0,0.3462319633417009,0.7083377907481758,502.172
1975,45,50.79606998894053,0.0,0.3462039806781755,0.7082664553939555,502.172
1975,46,50.79606998894053,0.0,0.3461769831427356,0.70819763429062,502.172
1975,47,50.79606998894053,0.0,0.3461509360556294,0.7081312387278691,502.74850000000004
1975,48,50.79606998894053,0.0,0.3461306270390646,0.7080794716807909,503.97150000000005
1975,49,50.93546432879389,0.0,0.34671896277908676,0.709579772832487,506.96250000000003
1975,50,50.9354643287939,0.0,0.34669997753369874,0.7095313379108046,508.331
1975,51,50.9354643287939,0.0,0.34669321685255505,0.7095140904850941,508.331
1975,52,50.9354643287939,0.0,0.34668669436266963,0.7094974508871432,509.4535
1975,53,50.9354643287939,0.0,0.34668669436266963,0.7094974508871432,513.7955000000001
1975,54,51.301235675377406,0.0,0.34823062211874756,0.7134408242223526,519.9005000000001
1975,55,51.41122857760477,0.0,0.34868995164616656,0.7146158089986591,523.0330000000001
1975,56,51.53853092665313,0.0,0.34921864611063624,0.7159692585148584,526.0505000000002
1975,57,51.538530926653124,0.0,0.3492134031937121,0.7159558313328676,527.7670000000002
1975,58,51.538530926653124,0.0,0.3492134031937121,0.7159558313328676,528.5595000000002
1975,59,51.538530926653124,0.0,0.3492134031937121,0.7159558313328676,528.5595000000002
1975,60,51.538530926653124,0.0,0.3492134031937121,0.7159558313328676,528.8725000000002
1975,61,51.538530926653124,0.0,0.3492134031937121,0.7159558313328676,528.8725000000002
1975,62,51.538530926653124,0.0,0.3492134031937121,0.7159558313328676,528.8725000000002
1975,63,51.538530926653124,0.0,0.3492134031937121,0.7159558313328676,528.8725000000002
1975,64,51.538530926653124,0.0,0.3492134031937121,0.7159558313328676,528.8725000000002
1975,65,51.538530926653124,0.0,0.3492134031937121,0.7159558313328676,529.8410000000001
1975,66,51.538530926653124,0.0,0.3492134031937121,0.7159558313328676,534.2265000000001
1975,67,52.37033077033219,0.0,0.35256468270862973,0.7245606441224888,540.0680000000001
1975,68,52.37033077033219,0.0,0.3524783298389442,0.7243383642304405,540.0680000000001
1975,69,52.370330770332195,0.0,0.35239500189594275,0.7241238988679438,540.0680000000001
1975,70,52.37033077033219,0.0,0.3523145929358759,0.7239169724009802,540.0680000000001
1975,71,52.370330770332195,0.0,0.35223700072393593,0.7237173189794233,541.238
1975,72,53.788485214699705,0.0,0.3577236552755474,0.7378943740172825,546.0615
1975,73,53.7884852146997,0.0,0.3573681344191728,0.7369720750219256,546.0615
1975,74,53.7884852146997,0.0,0.3570248701185633,0.736082056247452,546.4745
1975,75,53.7884852146997,0.0,0.35669695936633905,0.7352322899298068,547.1935000000001
1975,76,53.788485214699705,0.0,0.35638650020966356,0.734428147747191,551.1320000000001
1975,77,53.788485214699705,0.0,0.3561206847023345,0.7337399484086762,556.427
1975,78,57.28590639584974,0.0,0.36877808617655083,0.7668296538922668,565.304
1975,79,61.432407861480755,0.0,0.381926935158181,0.8019143343557168,574.0849999999999
1975,80,66.69033071254223,0.0,0.39668473835067053,0.842192328177312,583.1094999999999
1975,81,75.58791688948824,0.0,0.4194197951254195,0.9062122037158244,596.5719999999999
1975,82,81.73246481295074,0.0,0.43126699654622297,0.9405736553347148,607.6689999999999
1975,83,85.55374893685936,0.0,0.43605073411294104,0.9546516427185837,617.5094999999999
1975,84,94.7690396469431,0.0,0.45170269226858606,1.0015626779916624,630.0014999999999
1975,85,94.7690396469431,0.0,0.44670487332894393,0.9864395614473864,632.2759999999998
1975,86,94.7690396469431,0.0,0.441857668233973,0.971902123795623,632.2759999999998
1975,87,94.7690396469431,0.0,0.437147646945673,0.957896559306061,632.2759999999998
1975,88,94.84727791738099,0.0,0.4327310547625498,0.9448695958143764,636.0304999999998
1975,89,94.84727791738099,0.0,0.4282928870069428,0.9318807649360477,637.8974999999998
1975,90,94.84727791738099,0.0,0.42398867298253273,0.9193799225311967,637.8974999999998
1975,91,94.84727791738099,0.0,0.4198065115234284,0.907322717087298,642.1179999999998
1975,92,99.83399782268563,0.0,0.4324447429230186,0.9440286084466938,648.8679999999998
1975,93,99.98613811496186,0.0,0.4328162995288906,0.9451200683420276,657.5304999999998
1975,94,99.98613811496186,0.0,0.43281629952889067,0.9451200683420276,659.5989999999998
1975,95,99.98613811496186,0.0,0.43281629952889067,0.9451200683420276,659.5989999999998
1975,96,99.98613811496186,0.0,0.43281629952889067,0.9451200683420276,660.0699999999998
1975,97,99.98613811496186,0.0,0.43281629952889067,0.9451200683420276,661.3764999999999
1975,98,99.98613811496186,0.0,0.4328162995288906,0.9451200683420276,663.4419999999999
1975,99,99.98613811496186,0.0,0.43281629952889067,0.9451200683420276,668.6154999999999
1975,100,100.53432750479386,0.0,0.4340514087651227,0.9487533885183603,673.2964999999999
1975,101,101.05837784413313,0.0,0.43520662488835393,0.9521588708168127,679.3064999999999
1975,102,102.57257259656753,0.0,0.4384504539577434,0.9617587832911785,684.0264999999999
1975,103,102.57257259656753,0.0,0.4384504539577434,0.9617587832911785,686.7199999999999
1975,104,102.57257259656753,0.0,0.4384504539577434,0.9617587832911785,690.2924999999999
1975,105,105.02888028414753,0.0,0.443493474166742,0.9767939696176479,695.7244999999999
1975,106,105.03391701959914,0.0,0.44350358634968146,0.976824254601874,701.1619999999999
1975,107,107.89447681828732,0.0,0.4491146798146971,0.9937143697109168,708.7209999999999
1975,108,120.55740242260624,0.0,0.47267862570578056,1.066575163182251,723.7899999999998
1975,109,125.00951706887865,0.0,0.4803050029362169,1.090855305998437,742.6559999999998
1975,110,139.66601492388642,0.0,0.5030004351270001,1.1652768806548899,755.6309999999999
1975,111,145.6630544564014,0.0,0.5115443832655607,1.1941777797520938,762.6104999999999
1975,112,145.7612901350891,0.0,0.5116791068239754,1.19463753541405,768.8509999999999
1975,113,164.448809864244,0.0,0.5359970421064181,1.2797739200092497,781.2879999999999
1975,114,167.69897842267034,0.0,0.5383747862231407,1.2883365711885877,796.656
1975,115,172.34803167808388,0.0,0.541920567670839,1.3011877947876989,812.2455
1975,116,179.1817272104581,0.0,0.5470051985854146,1.3197910491182405,824.377
1975,117,197.45074830514608,0.0,0.5610681391248222,1.3723518206021805,834.9805
1975,118,204.74727212548723,0.0,0.5638966303049598,1.3831266287952353,845.6295
1975,119,217.65827266400072,0.0,0.569992429556675,1.4065874412789263,861.4295
1975,120,237.99477754836312,0.0,0.5789350783795675,1.441613748440106,877.449
1975,121,247.19441614270292,0.0,0.5794896853598579,1.4438104506745266,895.072
1975,122,267.25618252775206,0.0,0.5839114699300851,1.4614287144903548,908.2495
1975,123,285.1925445530638,0.0,0.5856390190009313,1.468362917151283,921.2915
1975,124,292.1872721919429,0.0,0.5825492870666898,1.4559813241906008,936.1500000000001
1975,125,306.9499269478958,0.0,0.5810088338977218,1.4498424042839566,949.7445000000001
1975,126,323.37628992657284,0.0,0.5787532773959603,1.4408942958571385,966.2155000000001
1975,127,340.3522669859585,0.0,0.5752862065165905,1.4272329400157668,982.4110000000002
1975,128,353.15150798607925,0.0,0.5703066060175901,1.407805603127841,997.2820000000002
1975,129,366.39775924049394,0.0,0.5645242389991567,1.385526903501872,1014.6955000000002
1975,130,382.31132009851717,5.212221633031281,0.5587325936622787,1.3635070395363404,1030.5935000000002
1975,131,397.29918674785205,14.659859060836322,0.5529865426265067,1.3419442980679581,1045.6390000000001
1975,132,412.31827220467653,28.43135915238064,0.5473722642662724,1.3211421112730999,1062.4405000000002
1975,133,423.0480970326229,39.16118398032698,0.5299880236745482,1.2583285050986124,1079.2025
1975,134,440.3683029736579,56.48138992136198,0.5155812397498826,1.2080092320218296,1091.7795
1975,135,453.92508210727743,70.03816905498158,0.49948296314658913,1.1535227352317392,1107.2015000000001
1975,136,469.672925672907,85.78601262061115,0.48325106534238227,1.1003302367381051,1123.5990000000002
1975,137,485.52335686798386,101.63644381568804,0.4688134617814138,1.054403372250032,1137.4795000000001
1975,138,499.5885678911901,115.70165483889423,0.4533400175590476,1.006547123581527,1153.3665
1975,139,513.9294909303801,130.0425778780842,0.43680323163933715,0.9568770202512481,1172.0130000000001
1975,140,527.1586489849718,143.271735932676,0.4187226249797489,0.9042120439675945,1194.698
1975,141,538.1022093634059,154.21529631111,0.3997505756677157,0.8506833382130407,1220.2635
1975,142,546.9894476810664,163.10253462877057,0.38152679197104056,0.8008356762418869,1245.132
1975,143,553.9319387651889,170.04502571289305,0.36441285877280705,0.755343459073851,1268.41
1975,144,562.5265194352319,178.63960638293608,0.3481182248357515,0.713153433220519,1290.7420000000002
1975,145,569.7041839514338,185.81727089913798,0.3313752691872346,0.6708871945483725,1315.4490000000003
1975,146,574.1153462729629,190.22843322066714,0.3153343920247935,0.6313745390839473,1339.7685000000004
1975,147,579.0632099707791,195.17629691848316,0.3004189830846191,0.5954561173389963,1362.5310000000004
1975,148,584.398567674551,200.5116546222551,0.2868552872380685,0.5634515266027001,1382.9350000000004
1975,149,588.8369186952136,204.95000564291772,0.2747772479299362,0.5354607118045596,1400.3265000000004
1975,150,591.3121655768614,207.42525252456545,0.2618241235112613,0.5059552795813137,1421.8655000000003
1975,151,593.3681424881025,209.48122943580677,0.24912268655531167,0.4775216746968971,1444.3490000000004
1975,152,594.241904020925,210.35499096862912,0.23816843444819524,0.4533829838532277,1462.7535000000005
1975,153,595.8925223555444,212.00560930324852,0.22812773917642604,0.4315603465044737,1479.5250000000005
1975,154,597.2389103409473,213.3519972886515,0.21884142034746168,0.4116285047057039,1495.0390000000004
1975,155,598.2847886416791,214.39787558938326,0.20938435536836397,0.3915722333554053,1512.6805000000004
1975,156,599.2223697747522,215.33545672245629,0.19924870978518583,0.37034146539367374,1534.6875000000005
1975,157,599.9649392405997,216.07802618830388,0.18929219358424887,0.34974596301013655,1558.0025000000005
1975,158,600.6660765804979,216.779163528202,0.1803187006162802,0.3313994559326358,1579.2270000000005
1975,159,601.0953571588075,217.20844410651168,0.1727899316989039,0.3161610062636112,1595.8910000000005
1975,160,601.5550088721756,217.66809581987965,0.16596032393758842,0.30245717423106505,1610.8785000000005
1975,161,601.9114292653566,218.02451621306074,0.1590890135198525,0.28878244513994933,1627.5575000000006
1975,162,602.1982181742079,218.31130512191203,0.15182825265136435,0.27445355241061986,1647.8410000000006
1975,163,602.3135600902065,218.4266470379106,0.144459907659943,0.2600372042136016,1670.6090000000006
1975,164,602.4586299986836,218.57171694638768,0.13805978637862337,0.24761561411937785,1690.1110000000006
1975,165,602.5766277360929,218.68971468379698,0.1315820675338124,0.2351369853068057,1711.8820000000005
1975,166,602.6454868565801,218.75857380428423,0.1253391980310049,0.22319853779113608,1734.2335000000005
1975,167,602.6703319193042,218.78341886700835,0.11956380777646469,0.212229702223113,1755.6580000000006
1975,168,602.6954232617857,218.80851020948987,0.11442563448213217,0.20253140649808365,1774.7870000000005
1975,169,602.6974985236399,218.810585471344,0.10913372993701176,0.19260158748663156,1796.6980000000005
1975,170,602.69749852364,218.810585471344,0.10363239545087688,0.18234112868640856,1822.0720000000006
1975,171,602.6974985236399,218.810585471344,0.09831563657646303,0.17248458307475012,1848.3085000000005
1975,172,602.6974985236398,218.810585471344,0.09330513365276426,0.16324884375836057,1874.4320000000005
1975,173,602.69749852364,218.810585471344,0.08862904356972712,0.1546754460744617,1900.0475000000006
1975,174,602.6974985236399,218.810585471344,0.08411705168226657,0.14644451358770438,1926.4415000000006
1975,175,602.69749852364,218.810585471344,0.07992667642599094,0.13883652096320673,1952.1375000000005
1975,176,602.6974985236399,218.810585471344,0.07602518645520218,0.1317841096339357,1977.2090000000005
1975,177,602.6974985236399,218.810585471344,0.07243885682065343,0.125327606846684,2001.1620000000005
1975,178,602.6974985236399,218.810585471344,0.06911718591326899,0.11936980106778182,2024.2500000000005
1975,179,602.6974985236399,218.810585471344,0.06588422476303635,0.11359148679792778,2048.2085000000006
1975,180,602.6974985236399,218.810585471344,0.06278688386789077,0.10807429571183856,2072.5015000000008
1975,280,10.5,0.0,0.0,0.14469,0.0
1975,281,10.5,0.0,0.0,0.14469,0.0
1975,282,10.5,0.0,0.0,0.14469,0.0
1975,283,10.5,0.0,0.0,0.14469,0.0
1975,284,10.5,0.0,0.0,0.14469,0.0
1975,285,10.5,0.0,0.0,0.14469,0.0
1975,286,10.5,0.0,0.0,0.14469,0.0
1975,287,10.5,0.0,0.08315238656939639,0.14469,0.0
1975,288,11.48486032037724,0.0,0.09846382685499609,0.17275851939379988,21.701500000000003
1975,289,12.282384348226255,0.0,0.11357944468888659,0.2009396226699236,41.2145
1975,290,13.440879980201222,0.0,0.12243814316790647,0.21767972335037122,51.9915
1975,291,13.848573143752315,0.0,0.131482056133016,0.23494505459658283,63.059
1975,292,14.098282872793419,0.0,0.13904877947151828,0.2495290509963242,71.7805
1975,293,14.429370608473244,0.0,0.14798096602013389,0.2669106867506796,81.1885
1975,294,16.019981911541922,0.0,0.16141135970427187,0.29339165061902217,93.9895
1975,295,17.721551802358217,0.0,0.17996978502665795,0.33069015312370975,111.382
1975,296,19.59344268556977,0.0,0.20049155499190552,0.3729303065033466,129.9505
1975,297,21.64492115759794,0.0,0.2215620745734107,0.41744337835384004,148.4235
1975,298,23.454389269029118,0.0,0.24568411382543934,0.4699067525448887,168.72299999999998
1975,299,26.111214872276175,0.0,0.2626873547597498,0.507905438990136,183.00699999999998
1975,300,28.003087453512546,0.0,0.2712596088327569,0.527396211277727,191.36299999999997
1975,301,30.59267781194414,0.0,0.2832898804248616,0.5551396940021204,202.42349999999996
1975,302,32.15101793654457,0.0,0.2994148126895094,0.5930655188413733,216.70849999999996
1975,303,34.48957061079085,0.0,0.30788609308772896,0.6133412192431508,228.37699999999995
1975,304,35.60582093209366,0.0,0.3099828211219021,0.6183979746266262,234.84049999999996
1975,305,37.38869007412635,0.0,0.31534591593400996,0.6314025917227472,244.08799999999997
1975,306,38.764034522090725,0.0,0.3185596089299657,0.6392441648661639,258.15399999999994
1975,307,41.100378285444236,0.0,0.32636574255822204,0.6584466001665181,275.65649999999994
1975,308,42.018170827367534,0.0,0.32703694322631494,0.6601080736612116,292.33199999999994
1975,309,44.60252697240948,0.0,0.3354116788535876,0.6809791599532843,309.93049999999994
1975,310,47.36594687480029,0.0,0.3439031424270791,0.7024114203297359,327.45899999999995
1975,311,49.90765802648121,0.0,0.35076076613728424,0.7199233516641036,345.98699999999997
1975,312,52.173856748764486,0.0,0.35596209930159484,0.7333295043222303,363.89649999999995
1975,313,54.86809385735294,0.0,0.3625066302346649,0.7503523372862364,381.30799999999994
1975,314,58.534249593841665,0.0,0.3722744044632308,0.7760869296442108,398.51699999999994
1975,315,62.44134351907315,0.0,0.38203796566370873,0.802213760873891,412.30499999999995
1975,316,64.70943475464908,0.0,0.38515582406117954,0.8106440262284097,420.72749999999996
1975,317,66.99451025062942,0.0,0.38816047069188087,0.818808729774929,429.52599999999995
1975,318,67.16657855155455,0.0,0.38368882371975277,0.8066721444966751,433.15599999999995
1975,319,67.16657855155454,0.0,0.3788546226730711,0.7936502041175321,434.05349999999993
1975,320,67.16657855155455,0.0,0.3742657450888228,0.7813825182243329,439.63699999999994
1975,321,70.4084079673352,0.0,0.38156497226423003,0.8009385679846415,450.5685
1975,322,74.35652759582523,0.0,0.390698669512044,0.8257372301607778,462.657
1975,323,78.31681052092915,0.0,0.3990484972302928,0.8487350698827674,474.241
1975,324,82.21525799807014,0.0,0.40646245136851866,0.8694246674912679,485.7095
1975,325,83.21953396943007,0.0,0.40428312281996315,0.8633162717862486,496.991
1975,326,83.5064506309748,0.0,0.40002521999655727,0.8514460966283521,502.03999999999996
1975,327,83.5064506309748,0.0,0.3951045983371022,0.8378328761864238,504.30699999999996
1975,328,83.50645063097478,0.0,0.39043659088496496,0.8250205013813858,504.72499999999997
1975,329,83.50645063097478,0.0,0.3859097402442994,0.8126889312990149,505.83549999999997
1975,330,83.50645063097478,0.0,0.3815231187337104,0.8008257776012387,506.522
1975,331,83.50645063097478,0.0,0.37727083171403597,0.789405960943346,506.522
1975,332,83.50645063097478,0.0,0.3731458742454068,0.7784023661938676,506.522
1975,333,83.50645063097478,0.0,0.3691444856656749,0.7677973692142249,506.522
1975,334,83.50645063097478,0.0,0.36526297902204563,0.7575741767689612,512.6795
1975,335,84.38815598756207,0.0,0.3645271245109192,0.7556431190346111,521.812
1975,336,84.38815598756207,0.0,0.3608159043724397,0.7459379442061141,521.812
1975,337,84.38815598756207,0.0,0.3572154756779673,0.7365762013757868,523.34
1975,338,84.38815598756207,0.0,0.3537298693925677,0.7275628396142356,523.4305
1975,339,84.38815598756207,0.0,0.35034857167399924,0.7188655400788766,530.0440000000001
1975,340,85.93247787080674,0.0,0.35239672555581675,0.7241283348594636,540.7475000000001
1975,341,87.25034210842037,0.0,0.35343139781784916,0.7267932886706382,548.6355000000001
1975,342,87.25034210842037,0.0,0.35004541973137726,0.7180879917395708,548.6355000000001
1975,343,87.25034210842037,0.0,0.34675926341564356,0.7096825919801852,548.695
1975,344,87.25034210842037,0.0,0.34357013193395436,0.7015656965976265,549.9300000000001
1975,345,87.25034210842037,0.0,0.34048101173490664,0.693740858880945,549.9300000000001
1975,346,87.25034210842037,0.0,0.3374824669230694,0.6861804274169504,553.4970000000001
1975,347,87.53382337685561,0.0,0.3355348210662549,0.6812880068457338,557.3995000000001
1975,348,88.92612819935404,0.0,0.33730549579646496,0.6857352882676975,567.2410000000001
1975,349,91.17013096611343,0.0,0.3415516850537126,0.6964487499182116,582.349
1975,350,91.78578144169296,0.0,0.3403447324160004,0.6933965037694381,591.9455
1975,351,91.78578144169296,0.0,0.33733394209427003,0.6858068318124573,591.9455
1975,352,91.78578144169296,0.0,0.33440977087295987,0.6784684489666712,591.9455
1975,353,91.78578144169296,0.0,0.33156951084185626,0.6713714469389666,591.9455
1975,354,91.78578144169296,0.0,0.3288105340445191,0.6645063638292154,591.9455
1975,355,91.78578144169296,0.0,0.3261302913319054,0.657864162230318,592.6375
1975,356,91.78578144169296,0.0,0.32353010221900336,0.6514455489318378,592.6375
1975,357,91.78578144169296,0.0,0.32100366588528406,0.6452325839756908,592.6375
1975,358,91.78578144169296,0.0,0.31854866536340043,0.6392173993098614,592.6375
1975,359,91.78578144169296,0.0,0.31616285661122695,0.6333924736157177,592.6375
1975,360,91.78578144169296,0.0,0.3138440668648004,0.627750615515819,592.6375
1975,361,91.78578144169296,0.0,0.31159019294179546,0.6222849476396934,592.6375
1975,362,91.78578144169296,0.0,0.3093991995081333,0.616988891502853,592.6375
1975,363,91.78578144169296,0.0,0.3072691173189135,0.6118561531566297,592.6375
1975,364,91.78578144169295,0.0,0.3051980414435711,0.6068807095686134,592.6375
1975,365,91.83407759844363,0.0,0.30333967967542996,0.6024288871913991,594.6395
1976,1,91.83407759844363,0.0,0.30138527285166605,0.5977597764773014,594.8045
1976,2,91.83407759844363,0.0,0.2994853426198919,0.593233315425629,594.8045
1976,3,91.83407759844363,0.0,0.2976372594237602,0.5888421399081069,596.7225
1976,4,91.83407759844363,0.0,0.29585044832423835,0.5846075233780408,596.7225
1976,5,91.83407759844363,0.0,0.29411201193905323,0.5804978520228985,596.7225
1976,6,91.83407759844363,0.0,0.2924204622200628,0.576508724821881,596.7225
1976,7,91.83407759844363,0.0,0.2907743609360556,0.5726359222385584,596.7225
1976,8,91.83407759844363,0.0,0.2891723180557033,0.5688753978124393,596.7225
1976,9,91.83407759844363,0.0,0.2876129901649178,0.5652232701708324,596.7225
1976,10,91.83407759844363,0.0,0.28609507892022934,0.5616758154390918,596.7225
1976,11,91.83407759844363,0.0,0.28461732953946073,0.5582294600284939,596.7225
1976,12,91.83407759844363,0.0,0.28317852933065457,0.5548807737820877,596.7225
1976,13,91.83407759844363,0.0,0.28177750625993037,0.5516264634598987,596.7225
1976,14,91.83407759844363,0.0,0.28041312755871006,0.5484633665458536,596.8185
1976,15,91.83407759844363,0.0,0.2790848624655744,0.5453897494772078,596.8185
1976,16,91.83407759844363,0.0,0.2777910731419182,0.5424013492830132,596.8185
1976,17,91.83407759844363,0.0,0.27653073717819276,0.5394953630314409,596.8185
1976,18,91.83407759844363,0.0,0.2753028662352176,0.5366690965653123,596.8185
1976,19,91.83407759844363,0.0,0.27410650484880406,0.5339199596877318,596.8185
1976,20,91.83407759844363,0.0,0.2729407292726924,0.5312454615814141,596.8185
1976,21,91.83407759844363,0.0,0.27180464635921453,0.5286432064496736,596.8185
1976,22,91.83407759844363,0.0,0.2706973924770185,0.5261108893676788,596.8185
1976,23,91.83407759844363,0.0,0.26961813246513033,0.5236462923331817,596.8185
1976,24,91.83407759844363,0.0,0.2685660586225769,0.5212472805065027,596.8185
1976,25,91.83407759844363,0.0,0.26754038973275485,0.5189117986300956,596.8185
1976,26,91.83407759844363,0.0,0.2665403701216953,0.5166378676185297,596.8185
1976,27,91.83407759844363,0.0,0.2655652687493528,0.5144235813102104,596.8185
1976,28,91.83407759844363,0.0,0.2646143783330279,0.5122671033726222,596.8185
1976,29,91.83407759844363,0.0,0.2636870145020226,0.5101666643533104,596.8185
1976,30,91.83407759844363,0.0,0.26278251498262084,0.5081205588692317,596.8185
1976,31,91.83407759844363,0.0,0.26190023881248514,0.5061271429274911,596.8185
1976,32,91.83407759844363,0.0,0.26103956558356256,0.5041848313708535,596.8185
1976,33,91.83407759844363,0.0,0.26019989471260063,0.502292095441766,596.8185
1976,34,91.83407759844363,0.0,0.25938064473838196,0.5004474604589572,596.8185
1976,35,91.83407759844363,0.0,0.25858125264479637,0.49864950360099064,596.8185
1976,36,91.83407759844363,0.0,0.25780117320888474,0.4968968517914487,596.8185
1976,37,91.83407759844363,0.0,0.2570398783730057,0.4951881796806972,596.8185
1976,38,91.83407759844363,0.0,0.2562968566402877,0.49352220771945066,596.8185
1976,39,91.83407759844363,0.0,0.25557161249255445,0.4918977003196047,596.8185
1976,40,91.83407759844363,0.0,0.2548636658299248,0.4903134640980404,596.8185
1976,41,91.83407759844363,0.0,0.25417255143131134,0.4887683461993285,596.8185
1976,42,95.76535773381747,0.0,0.2677660324839779,0.5194253138946093,607.781
1976,43,95.76535773381747,0.0,0.26656483655442487,0.5166934644998765,614.2125
1976,44,95.76535773381748,0.0,0.26542963691784105,0.5141158178394994,619.8605
1976,45,98.20461631873802,0.0,0.2722496150489282,0.5296619456599183,626.7165
1976,46,98.20461631873803,0.0,0.2708888358573953,0.5265484501047751,628.0135
1976,47,101.06100664732841,0.0,0.2783375021790253,0.5436628398697196,639.057
1976,48,101.2568152863213,0.0,0.27728387033235435,0.5412312705348565,647.3895
1976,49,103.11267692621645,0.0,0.2809207054298639,0.5496394047027081,655.8675
1976,50,104.8304269199191,0.0,0.283794428539077,0.5563134037516974,665.7995
1976,51,105.14480777754557,0.0,0.2827631580355059,0.5539152823440123,670.3725
1976,52,105.14480777754557,0.0,0.2809646854824642,0.5497413438489025,675.3389999999999
1976,53,105.95946248837743,0.0,0.28124741802234654,0.5503968242671564,686.3779999999999
1976,54,105.95946248837743,0.0,0.27952773607326764,0.5464139331241136,687.7434999999999
1976,55,105.95946248837743,0.0,0.27785820192484256,0.5425562719109083,687.7434999999999
1976,56,109.45689220162447,0.0,0.2845352219174313,0.5580381803263772,697.2444999999999
1976,57,114.05458138250745,0.0,0.29286196938614184,0.5775489964875858,710.5514999999999
1976,58,119.21188782946555,0.0,0.3011753885997692,0.5972591363715372,722.2334999999999
1976,59,125.22515633998833,0.0,0.3099371721128821,0.6182877177120198,733.391
1976,60,128.95896570969188,0.0,0.3134035299794793,0.6266808986962105,743.3375
1976,61,131.20124640878973,0.0,0.3138289427455082,0.6277138795692634,755.602
1976,62,132.8911144833864,0.0,0.31313733808008715,0.626034861022586,764.5305
1976,63,134.8496389264032,0.0,0.3127508793438316,0.6250973857474172,781.4285
1976,64,135.81984614558,0.0,0.3107517022904529,0.6202561647557143,795.978
1976,65,138.1655523692031,0.0,0.31059042762679645,0.6198662331952409,808.886
1976,66,143.2605221671454,0.0,0.3136219323689923,0.6272111401181882,820.298
1976,67,143.26052216714544,0.0,0.3100822407385152,0.6186381299509517,820.298
1976,68,143.26052216714544,0.0,0.30663495454746026,0.6103310956123196,823.4575
1976,69,143.26052216714544,0.0,0.3032911831919337,0.6023128698771464,824.4005
1976,70,143.26052216714544,0.0,0.3000379377236606,0.5945485702591929,827.985
1976,71,143.39838176220684,0.0,0.2970417021503581,0.5874295153362811,832.61
1976,72,143.39838176220684,0.0,0.2939800954488194,0.58018641411842,836.155
1976,73,146.2032766645948,0.0,0.2941041659999344,0.5804793271397065,847.208
1976,74,146.2032766645948,0.0,0.29108243517613475,0.5733600480863125,850.9114999999999
1976,75,146.2032766645948,0.0,0.28815350491860026,0.5664883126837972,854.6814999999999
1976,76,146.2032766645948,0.0,0.28531489875396265,0.5598554185637673,857.786
1976,77,146.2032766645948,0.0,0.28256085225345373,0.5534452440802184,858.6774999999999
1976,78,146.2032766645948,0.0,0.2798785863479991,0.5472257518604416,858.6774999999999
1976,79,146.2032766645948,0.0,0.27726183023369266,0.5411804443028728,863.9384999999999
1976,80,152.80880859252858,0.0,0.2809775784180988,0.5497712289161272,879.8469999999999
1976,81,154.0465205502203,0.0,0.2792111451705319,0.5456817250513645,896.3214999999999
1976,82,158.1940314841484,0.0,0.279438762327449,0.546208123090706,905.6614999999999
1976,83,158.1940314841484,0.0,0.27663776973960685,0.5397419537416033,907.1034999999999
1976,84,158.1940314841484,0.0,0.27391224819470494,0.5334740020105572,912.391
1976,85,163.9471145881986,0.0,0.2747079386171698,0.5353014366006198,925.847
1976,86,170.1694320103651,0.0,0.2750167659707685,0.536011249786304,937.798
1976,87,173.84923914436257,0.0,0.2736097305656473,0.532779745645439,954.527
1976,88,176.44863395968133,0.0,0.2714714303639141,0.5278807284083925,966.9540000000001
1976,89,176.44863395968133,0.0,0.2686082799163747,0.5213434899521937,973.3945000000001
1976,90,177.97719969861996,0.0,0.2660978832878942,0.5156326920639634,984.8645000000001
1976,91,183.26010911327634,0.0,0.263867106345844,0.5105743575375317,999.7700000000001
1976,92,187.07106551408626,0.16477849580645126,0.263867106345844,0.5105743575375317,1006.7390000000001
1976,93,188.01153473143643,0.33028316436070115,0.263867106345844,0.5105743575375317,1011.7845000000001
1976,94,192.0079971154188,1.4176634867225422,0.263867106345844,0.5105743575375317,1020.5930000000001
1976,95,200.92003913052025,5.337773701098518,0.263867106345844,0.5105743575375317,1034.9375
1976,96,207.94742541151115,10.348969394328936,0.263867106345844,0.5105743575375317,1045.117
1976,97,207.94742541151115,10.348969394328936,0.263867106345844,0.5105743575375317,1050.704
1976,98,217.0070735100687,19.408617492886506,0.2584085602899727,0.49826134633115654,1062.762
1976,99,222.7160986157093,25.117642598527127,0.2541209879690679,0.4886531236591797,1072.0455
1976,100,222.71609861570934,25.117642598527127,0.2508823496823558,0.4814320521243062,1076.8229999999999
1976,101,222.71609861570929,25.117642598527127,0.24778527323037292,0.47455575812381473,1081.1059999999998
1976,102,225.81410881456645,28.215652797384273,0.24367283336241807,0.46546872718938087,1090.2544999999998
1976,103,231.5001839707923,33.901727953610106,0.23961305258548982,0.4565463898922512,1099.4229999999998
1976,104,231.5001839707923,33.901727953610106,0.23668311861946334,0.450136706851359,1103.4624999999999
1976,105,231.5001839707923,33.901727953610106,0.23299130690788772,0.44209523965181285,1111.3269999999998
1976,106,239.7928139743776,42.19435795719538,0.22715755464515872,0.4294667891311588,1125.6094999999998
1976,107,246.5542250200375,48.955769002855305,0.2196002910506446,0.4132484053064097,1146.4325
1976,108,254.3355260900452,56.73707007286299,0.21194739208683988,0.39698405006929693,1168.4505
1976,109,261.97061774439965,64.37216172721747,0.20466307678152795,0.38164908552718674,1189.922
1976,110,268.6629187260199,71.06446270883767,0.19768657747307827,0.36709324383790354,1211.0265
1976,111,274.6129239467401,77.0144679295579,0.19160149232992474,0.3545002324724589,1229.2549999999999
1976,112,279.3304169060271,81.73196088884491,0.18589598490523684,0.34277856411901286,1246.5539999999999
1976,113,283.9632144920238,86.36475847484157,0.18002756606295955,0.3308075940647632,1265.2465
1976,114,290.20728302351813,92.60882700633591,0.17482870085193014,0.32027379811615697,1281.6285
1976,115,295.8367744135551,98.23831839637286,0.16961388972740754,0.3097741554345823,1298.7160000000001
1976,116,300.09351408563373,102.49505806845153,0.16384096959334615,0.29822742704881006,1319.172
1976,117,302.88098005143286,105.2825240342507,0.16050214907364735,0.29158560402100603,1330.3075000000001
1976,118,304.3468112337389,106.74835521655667,0.15819324732978135,0.2870080016234803,1336.0065000000002
1976,119,304.3468112337389,106.74835521655667,0.1561411885531978,0.2829501389925267,1340.1450000000002
1976,120,304.3468112337389,106.74835521655667,0.153845880875205,0.27842293676864627,1346.1450000000002
1976,121,304.3468112337389,106.74835521655667,0.15128578400450432,0.27338793638012204,1354.2290000000003
1976,122,308.53072185544323,110.93226583826105,0.1480988476508912,0.2671412954217726,1365.6535000000003
1976,123,313.05311665358767,115.45466063640546,0.14432633396799144,0.2597770113308806,1379.4370000000004
1976,124,316.86703222836496,119.26857621118273,0.14095637526242522,0.25322595465913844,1392.0460000000003
1976,125,317.9422867297132,120.34383071253096,0.13890974809138934,0.24925992975726702,1397.7080000000003
1976,126,319.6054871380244,122.00703112084219,0.13647569844558793,0.24455539784302835,1406.5820000000003
1976,127,324.62251804916724,127.02406203198504,0.1321112824170022,0.23615296348393758,1424.8505000000002
1976,128,325.4340486314187,127.83559261423649,0.128462535336477,0.22916071038814168,1439.6550000000002
1976,129,328.1494949464556,130.55103892927335,0.1262837037726533,0.2249992664678482,1447.8145000000002
1976,130,328.680235777142,131.0817797599598,0.1242304163722836,0.2210870917221385,1455.2020000000002
1976,131,333.2047088643127,135.60625284713046,0.12090862527218926,0.21477738942212493,1469.0530000000003
1976,132,337.5616594792034,139.96320346202117,0.11716744573550542,0.20769954855047643,1485.1470000000004
1976,133,341.77507468766134,144.17661867047912,0.1135156507661732,0.20081968030381517,1500.8585000000003
1976,134,345.1699138828488,147.57145786566653,0.11096353295934447,0.19602837336056805,1511.3340000000003
1976,135,347.90293941700355,150.30448339982135,0.10705628723005312,0.1887195528413584,1528.9840000000004
1976,136,349.35079870750855,151.7523426903263,0.10304982138337249,0.18125826783213667,1547.7750000000003
1976,137,350.31154524782886,152.71308923064663,0.0989220271249198,0.17360580791050498,1567.9900000000002
1976,138,352.644976829266,155.04652081208377,0.09521164509908496,0.16675704103354844,1585.3725000000002
1976,139,353.8559464986945,156.25749048151226,0.09185485369860623,0.16058510066849171,1600.478
1976,140,355.9434016019233,158.34494558474108,0.08931103188569645,0.1559230968581172,1611.247
1976,141,358.3183846062565,160.71992858907421,0.08616010129578067,0.1501664806712486,1625.653
1976,142,360.4792335540142,162.88077753683189,0.08252936125882093,0.14355783489579735,1644.653
1976,143,362.3712562140766,164.77280019689437,0.07888919498086788,0.13695823416067748,1664.724
1976,144,364.13666329098,166.53820727379775,0.07597993124253177,0.13170248023637826,1679.0449999999998
1976,145,365.00606184154634,167.4076058243641,0.07328256951968459,0.1268443022868796,1692.3524999999997
1976,146,366.0034883816639,168.40503236448163,0.07067531951779815,0.12216184438099892,1705.4174999999998
1976,147,367.0357063435909,169.43725032640867,0.06823886655955724,0.11779798622902865,1717.6639999999998
1976,148,367.9521582668554,170.35370224967318,0.06565153699987236,0.11317637268155872,1731.4724999999999
1976,149,368.77105152605753,171.1725955088753,0.06289074308327514,0.10825900106986387,1747.6229999999998
1976,150,368.91970924791843,171.32125323073612,0.060108194226655365,0.1033175176395855,1765.2654999999997
1976,151,369.3819911554899,171.78353513830766,0.057448337740458544,0.09860757848954727,1782.7664999999997
1976,152,369.7141199780356,172.1156639608534,0.054796364414556376,0.09392481218410612,1801.6424999999997
1976,153,369.9798884868339,172.38143246965163,0.05215598990524917,0.08927556096649857,1822.0194999999997
1976,154,370.1479040556531,172.5494480384708,0.04971789066184363,0.08499396878758825,1841.2729999999997
1976,155,370.4579483261354,172.85949230895315,0.04744909227148508,0.08101954495892395,1859.6894999999997
1976,156,370.7364788211712,173.13802280398897,0.04532016644957915,0.07729874589663926,1877.5669999999998
1976,157,370.98134211027775,173.38288609309544,0.04313875961463087,0.0734948206908968,1898.0214999999998
1976,158,371.1865879529617,173.58813193577944,0.04108891428643179,0.06992820670700499,1918.1019999999999
1976,159,371.3432724181306,173.74481640094834,0.03916334059478487,0.06658475643286897,1937.8004999999998
1976,160,371.4730174186393,173.87456140145702,0.03729446101635515,0.06334614770352877,1958.2889999999998
1976,161,371.57639491553743,173.97793889835518,0.03542399168502941,0.06011107302676279,1980.7849999999999
1976,162,371.65420974856033,174.05575373137808,0.033634282384545355,0.057021544587619266,2003.7234999999998
1976,163,371.7101447384477,174.11168872126544,0.03188672595646691,0.05401029985282246,2027.927
1976,164,371.7498997617002,174.15144374451796,0.030190803463273075,0.05109321905818078,2053.245
1976,280,10.5,0.0,0.0,0.14469,0.0
1976,281,10.5,0.0,0.0,0.14469,0.0
1976,282,10.5,0.0,0.0,0.14469,0.0
1976,283,10.5,0.0,0.0,0.14469,0.0
1976,284,10.5,0.0,0.0,0.14469,0.0
1976,285,10.5,0.0,0.0,0.14469,0.0
1976,286,10.5,0.0,0.0,0.14469,0.0
1976,287,10.5,0.0,0.08315238656939639,0.14469,0.0
1976,288,11.447026244988058,0.0,0.0936601459110632,0.16390154731451154,16.631999999999998
1976,289,12.25129268275692,0.0,0.09819182421857264,0.17225574494467133,28.2475
1976,290,12.857031162282158,0.0,0.10128618529262778,0.1779843875954544,42.569
1976,291,13.246022767092958,0.0,0.10644809433896807,0.1875847559270219,49.7105
1976,292,13.58778288101637,0.0,0.11060653039294366,0.19535923900439722,55.284000000000006
1976,293,13.587782881016368,0.0,0.11394135660830029,0.20162023606293827,59.63550000000001
1976,294,13.71594863574135,0.0,0.11923173802868912,0.2116012123452161,65.787
1976,295,14.13187186519578,0.0,0.12502102161093998,0.2225923626855624,71.994
1976,296,14.534787791162021,0.0,0.13038978056518835,0.23285031894038666,77.5275
1976,297,14.534787791162021,0.0,0.13199721899065886,0.23593393399851176,79.15100000000001
1976,298,14.534787791162021,0.0,0.13521512859761745,0.2421241776053044,82.32100000000001
1976,299,14.836306008599035,0.0,0.14662338731702385,0.26425718912481594,93.02750000000002
1976,300,15.294611244273115,0.0,0.1560543492888804,0.2827786355860974,101.31900000000002
1976,301,15.608097962664807,0.0,0.16211506156534816,0.2947908214963782,106.41100000000002
1976,302,15.608097962664807,0.0,0.16570461195250075,0.30194626169998096,109.34650000000002
1976,303,15.608097962664807,0.0,0.16800956033710968,0.3065572150279056,111.20150000000002
1976,304,15.608097962664807,0.0,0.17475664489262777,0.3201282670942764,116.50350000000003
1976,305,15.706576096109156,0.0,0.18295034432769253,0.33675901318727575,122.70250000000003
1976,306,16.412220657016675,0.0,0.19393580655717768,0.35931982529493045,130.63950000000003
1976,307,16.412220657016675,0.0,0.19893639136047403,0.3696915392195302,134.12250000000003
1976,308,17.411690586370835,0.0,0.21215661253926998,0.3974265929238033,142.97700000000003
1976,309,18.47823392171595,0.0,0.2226098923831611,0.419688309340036,149.64800000000002
1976,310,18.47823392171595,0.0,0.226515477172703,0.4280826974037549,152.07200000000003
1976,311,18.47823392171595,0.0,0.23016619452564058,0.43596770746143565,154.30600000000004
1976,312,18.815842521346944,0.0,0.24009623395770618,0.4576057955796159,160.23500000000004
1976,313,18.815842521346944,0.0,0.24576009400635046,0.47007463978593944,163.52550000000005
1976,314,18.815842521346944,0.0,0.24576009400635043,0.47007463978593944,163.52550000000005
1976,315,18.815842521346944,0.0,0.25584479297317164,0.4925094238503649,169.23200000000006
1976,316,18.815842521346944,0.0,0.26395990059976937,0.5107844647610849,173.69150000000005
1976,317,18.815842521346944,0.0,0.26395990059976937,0.5107844647610849,173.69150000000005
1976,318,18.815842521346944,0.0,0.26395990059976937,0.5107844647610849,173.69150000000005
1976,319,18.815842521346944,0.0,0.26395990059976937,0.5107844647610849,173.69150000000005
1976,320,18.815842521346944,0.0,0.26395990059976937,0.5107844647610849,173.69150000000005
1976,321,18.815842521346944,0.0,0.26395990059976937,0.5107844647610849,173.69150000000005
1976,322,18.815842521346944,0.0,0.2663710591271371,0.5162531805617164,174.99500000000006
1976,323,18.815842521346944,0.0,0.2742080488088374,0.5341531230553075,179.16700000000006
1976,324,18.815842521346944,0.0,0.2842694885288033,0.5574192724954632,184.38550000000006
1976,325,19.49667866250878,0.0,0.29645223677828725,0.5860325183783632,190.51250000000007
1976,326,19.49667866250878,0.0,0.303048633758762,0.6017327441559922,193.74850000000006
1976,327,19.53274023430426,0.0,0.3067446648900166,0.6105948312011974,195.53800000000007
1976,328,19.53274023430426,0.0,0.3067446648900166,0.6105948312011974,195.53800000000007
1976,329,19.53274023430426,0.0,0.3067446648900166,0.6105948312011974,195.53800000000007
1976,330,19.53274023430426,0.0,0.3067446648900166,0.6105948312011974,195.53800000000007
1976,331,19.53274023430426,0.0,0.3204539295703248,0.6438837453401908,202.03550000000007
1976,332,19.789282676441154,0.0,0.34642331969358287,0.7088256915310002,213.79700000000008
1976,333,20.111344722633078,0.0,0.3482535781755227,0.71349952714661,220.01200000000009
1976,334,20.111344722633078,0.0,0.3482535781755227,0.71349952714661,220.01200000000009
1976,335,20.111344722633078,0.0,0.3482535781755227,0.71349952714661,220.01200000000009
1976,336,20.111344722633078,0.0,0.3482535781755227,0.71349952714661,220.01200000000009
1976,337,20.111344722633078,0.0,0.3482535781755227,0.71349952714661,220.01200000000009
1976,338,20.111344722633078,0.0,0.3482535781755227,0.71349952714661,220.01200000000009
1976,339,20.111344722633078,0.0,0.3482535781755227,0.71349952714661,220.01200000000009
1976,340,20.111344722633078,0.0,0.3482535781755227,0.71349952714661,220.01200000000009
1976,341,20.111344722633078,0.0,0.3482535781755227,0.71349952714661,220.01200000000009
1976,342,20.111344722633078,0.0,0.34825357817552277,0.71349952714661,220.2810000000001
1976,343,20.111344722633078,0.0,0.3482535781755227,0.71349952714661,220.2810000000001
1976,344,20.111344722633078,0.0,0.3482535781755227,0.71349952714661,220.2810000000001
1976,345,20.111344722633078,0.0,0.3482535781755227,0.71349952714661,220.2810000000001
1976,346,20.111344722633078,0.0,0.3482535781755227,0.71349952714661,222.2980000000001
1976,347,20.111344722633078,0.0,0.3482535781755227,0.71349952714661,222.2980000000001
1976,348,20.111344722633078,0.0,0.3482535781755227,0.71349952714661,222.2980000000001
1976,349,20.111344722633078,0.0,0.3482535781755227,0.71349952714661,222.2980000000001
1976,350,20.111344722633078,0.0,0.3482535781755227,0.71349952714661,222.8820000000001
1976,351,20.111344722633078,0.0,0.3482535781755227,0.71349952714661,224.3905000000001
1976,352,20.111344722633078,0.0,0.3482535781755227,0.71349952714661,224.3905000000001
1976,353,20.111344722633078,0.0,0.3482535781755227,0.71349952714661,225.8220000000001
1976,354,20.111344722633078,0.0,0.3482535781755227,0.71349952714661,228.03250000000008
1976,355,21.076901511565755,0.0,0.3537459878352778,0.7276044080001495,235.2535000000001
1976,356,21.076901511565755,0.0,0.3537459878352778,0.7276044080001495,237.4470000000001
1976,357,21.076901511565755,0.0,0.3537459878352778,0.7276044080001495,237.4470000000001
1976,358,21.076901511565755,0.0,0.3537459878352778,0.7276044080001495,237.4470000000001
1976,359,21.076901511565755,0.0,0.3537459878352778,0.7276044080001495,237.4470000000001
1976,360,21.076901511565755,0.0,0.3537459878352778,0.7276044080001495,237.4470000000001
1976,361,21.076901511565755,0.0,0.3537459878352778,0.7276044080001495,237.8190000000001
1976,362,21.076901511565755,0.0,0.3537459878352778,0.7276044080001495,237.8190000000001
1976,363,21.076901511565755,0.0,0.3537459878352778,0.7276044080001495,237.8190000000001
1976,364,21.076901511565755,0.0,0.3537459878352778,0.7276044080001495,237.8190000000001
1976,365,21.076901511565755,0.0,0.3537459878352778,0.7276044080001495,237.8190000000001
1976,366,21.076901511565755,0.0,0.3537459878352778,0.7276044080001495,237.8190000000001
1977,1,21.076901511565755,0.0,0.3537459878352778,0.7276044080001495,237.8190000000001
1977,2,21.076901511565755,0.0,0.3537459878352778,0.7276044080001495,237.8190000000001
1977,3,21.076901511565755,0.0,0.3537459878352778,0.7276044080001495,237.8190000000001
1977,4,21.076901511565755,0.0,0.3537459878352778,0.7276044080001495,237.8190000000001
1977,5,21.076901511565755,0.0,0.3537459878352778,0.7276044080001495,237.8190000000001
1977,6,21.076901511565755,0.0,0.3537459878352778,0.7276044080001495,237.8190000000001
1977,7,21.076901511565755,0.0,0.3537459878352778,0.7276044080001495,237.8190000000001
1977,8,21.076901511565755,0.0,0.3537459878352778,0.7276044080001495,237.8190000000001
1977,9,21.076901511565755,0.0,0.3537459878352778,0.7276044080001495,237.8190000000001
1977,10,21.076901511565755,0.0,0.3537459878352778,0.7276044080001495,237.8190000000001
1977,11,21.076901511565755,0.0,0.3537459878352778,0.7276044080001495,237.8190000000001
1977,12,21.076901511565755,0.0,0.3537459878352778,0.7276044080001495,237.8190000000001
1977,13,21.076901511565755,0.0,0.3537459878352778,0.7276044080001495,237.8190000000001
1977,14,21.076901511565755,0.0,0.3537459878352778,0.7276044080001495,237.8190000000001
1977,15,21.076901511565755,0.0,0.3537459878352778,0.7276044080001495,237.8190000000001
1977,16,21.076901511565755,0.0,0.35374598783527783,0.7276044080001495,237.8190000000001
1977,17,21.076901511565755,0.0,0.35374598783527783,0.7276044080001495,237.8190000000001
1977,18,21.076901511565755,0.0,0.3537459878352778,0.7276044080001495,237.8190000000001
1977,19,21.076901511565755,0.0,0.3537459878352778,0.7276044080001495,237.8190000000001
1977,20,21.076901511565755,0.0,0.3537459878352778,0.7276044080001495,237.8190000000001
1977,21,21.076901511565755,0.0,0.3537459878352778,0.7276044080001495,237.8190000000001
1977,22,21.076901511565755,0.0,0.3537459878352778,0.7276044080001495,237.8190000000001
1977,23,21.076901511565755,0.0,0.3537459878352778,0.7276044080001495,237.8190000000001
1977,24,21.076901511565755,0.0,0.3537459878352778,0.7276044080001495,237.8190000000001
1977,25,21.076901511565755,0.0,0.3537459878352778,0.7276044080001495,237.8190000000001
1977,26,21.076901511565755,0.0,0.3537459878352778,0.7276044080001495,237.8190000000001
1977,27,21.076901511565755,0.0,0.35374598783527783,0.7276044080001495,237.8190000000001
1977,28,21.076901511565755,0.0,0.3537459878352778,0.7276044080001495,237.8190000000001
1977,29,21.076901511565755,0.0,0.3537459878352778,0.7276044080001495,237.8190000000001
1977,30,21.076901511565755,0.0,0.3537459878352778,0.7276044080001495,237.8190000000001
1977,31,21.076901511565755,0.0,0.3537459878352778,0.7276044080001495,237.8190000000001
1977,32,21.076901511565755,0.0,0.3537459878352778,0.7276044080001495,237.8190000000001
1977,33,21.076901511565755,0.0,0.3537459878352778,0.7276044080001495,237.8190000000001
1977,34,21.076901511565755,0.0,0.3537459878352778,0.7276044080001495,237.8190000000001
1977,35,21.076901511565755,0.0,0.3537459878352778,0.7276044080001495,237.8190000000001
1977,36,21.076901511565755,0.0,0.3537459878352778,0.7276044080001495,237.8190000000001
1977,37,21.076901511565755,0.0,0.3537459878352778,0.7276044080001495,237.8190000000001
1977,38,21.076901511565755,0.0,0.3537459878352778,0.7276044080001495,237.8190000000001
1977,39,21.076901511565755,0.0,0.3537459878352778,0.7276044080001495,237.8190000000001
1977,40,21.076901511565755,0.0,0.35374598783527783,0.7276044080001495,237.8190000000001
1977,41,21.076901511565755,0.0,0.3537459878352778,0.7276044080001495,237.8190000000001
1977,42,21.076901511565755,0.0,0.3537459878352778,0.7276044080001495,242.3235000000001
1977,43,22.59358626156717,0.0,0.36233590712772124,0.7499060574790599,249.37000000000012
1977,44,22.832103138182017,0.0,0.36368066496921475,0.7534245709109744,253.79050000000012
1977,45,22.850946311693985,0.0,0.36378699580293505,0.7537030990884513,255.96500000000012
1977,46,22.850946311693985,0.0,0.36378699580293505,0.7537030990884513,255.96500000000012
1977,47,22.850946311693985,0.0,0.36378699580293505,0.7537030990884513,255.96500000000012
1977,48,22.850946311693985,0.0,0.36378699580293505,0.7537030990884513,255.96500000000012
1977,49,22.850946311693985,0.0,0.36378699580293505,0.7537030990884513,255.96500000000012
1977,50,22.850946311693985,0.0,0.36378699580293505,0.7537030990884513,259.08550000000014
1977,51,22.850946311693985,0.0,0.36378699580293505,0.7537030990884513,259.9685000000001
1977,52,22.850946311693985,0.0,0.3637869958029351,0.7537030990884513,259.9685000000001
1977,53,22.850946311693985,0.0,0.36378699580293505,0.7537030990884513,259.9685000000001
1977,54,22.850946311693985,0.0,0.36378699580293505,0.7537030990884513,267.6605000000001
1977,55,24.622400007778683,0.0,0.3736877862021566,0.7798438135458673,280.9210000000001
1977,56,25.733836035019475,0.0,0.3797322842233072,0.7960068241696823,289.7560000000001
1977,57,28.507995745923,0.0,0.3944223114640597,0.8359540324218874,296.5820000000001
1977,58,28.507995745923,0.0,0.3944223114640597,0.8359540324218874,298.86950000000013
1977,59,28.507995745923,0.0,0.3944223114640597,0.8359540324218874,298.86950000000013
1977,60,28.507995745923,0.0,0.3944223114640597,0.8359540324218874,298.86950000000013
1977,61,28.507995745923,0.0,0.3944223114640597,0.8359540324218874,298.86950000000013
1977,62,28.507995745923,0.0,0.3944223114640597,0.8359540324218874,298.86950000000013
1977,63,28.507995745923,0.0,0.3944223114640597,0.8359540324218874,303.1080000000001
1977,64,30.514345757598857,0.0,0.404674736734122,0.8644122697501958,310.54450000000014
1977,65,30.832813179189262,0.0,0.4062724358381933,0.8688911850367872,313.80850000000015
1977,66,30.832813179189262,0.0,0.4062724358381933,0.8688911850367872,315.26500000000016
1977,67,30.832813179189262,0.0,0.4062724358381933,0.8688911850367872,316.9110000000002
1977,68,30.832813179189262,0.0,0.4062724358381933,0.8688911850367872,324.97600000000017
1977,69,37.093625616798576,0.0,0.43633218283800956,0.9554836294368414,337.0885000000002
1977,70,44.82240979410102,0.0,0.4692675472122996,1.0558287335139571,349.1175000000002
1977,71,52.84890963134449,0.0,0.4970214829127055,1.1453463656041343,363.43800000000016
1977,72,56.169324143157894,0.0,0.5048663426991962,1.1715458968529495,380.4660000000002
1977,73,58.91323569425933,0.0,0.5101106006148106,1.189292714825802,391.86600000000016
1977,74,67.84492671280313,0.0,0.5333667664441364,1.2703528283227117,403.36150000000015
1977,75,76.79564640505392,0.0,0.553175203572954,1.3426478591744064,419.11600000000016
1977,76,83.43973887238177,0.0,0.5645103529708044,1.3854737593003321,428.1440000000002
1977,77,83.43973887238175,0.0,0.5587597227631269,1.3636095092800862,433.0500000000002
1977,78,85.02331428493872,0.0,0.5570386135197469,1.35712112739573,440.02900000000017
1977,79,85.02331428493872,0.0,0.5514935295168009,1.3363869510766593,442.09250000000014
1977,80,85.96941855742848,0.0,0.5484387394466981,1.3250737217341804,446.7400000000001
1977,81,86.7992730620042,0.0,0.5451804139442835,1.3130907547116244,453.4335000000001
1977,82,86.7992730620042,0.0,0.5399666191139885,1.294093708313935,456.9575000000001
1977,83,86.79927306200419,0.0,0.5349122757090822,1.275882061331186,456.9575000000001
1977,84,86.79927306200419,0.0,0.5300030800706661,1.2583818960689148,456.9575000000001
1977,85,86.7992730620042,0.0,0.525235708787043,1.2415613785586976,462.2045000000001
1977,86,90.41046375449464,0.0,0.5299207492083582,1.2580899663115803,471.4915000000001
1977,87,92.86607688076319,0.0,0.5312526110056437,1.2628187864306717,483.93500000000006
1977,88,97.25116385469067,0.0,0.5370444301951843,1.2835403184086354,499.66150000000005
1977,89,107.73104648947958,0.0,0.5559757186284642,1.3531267171191745,516.6500000000001
1977,90,116.79383185821246,0.0,0.569191598747552,1.4034863872925873,534.3355000000001
1977,91,120.08545738248202,0.0,0.5693433474379972,1.404073560238423,544.5915000000001
1977,92,128.06547631238135,0.0,0.5876982788752652,1.4766664413840358,553.0925000000001
1977,93,133.78384211812414,0.0,0.5984731882292763,1.5208016146990013,569.6085
1977,94,150.45951961838023,0.0,0.629161114938446,1.6533126379490164,580.6600000000001
1977,95,155.22212404740543,0.0,0.633685595670154,1.6737721435178796,591.291
1977,96,156.49250773187293,0.0,0.6318592124781203,1.6654830653142731,596.2700000000001
1977,97,156.49250773187293,0.0,0.6279622613889848,1.6479333032923427,598.7450000000001
1977,98,159.91087738936528,0.0,0.6298146394306412,1.656252373796537,607.7415000000001
1977,99,159.91087738936528,0.0,0.62593919468211,1.638894856197662,613.58
1977,100,159.91087738936528,0.0,0.6222052621509038,1.6223404206923193,619.341
1977,101,178.81607187409264,0.0,0.6474259905931118,1.7374912050053646,635.519
1977,102,197.12820818198574,0.0,0.666481484071572,1.8300948252372786,655.1485
1977,103,214.84525654318463,0.0,0.6807335828339626,1.9028822687040032,675.0005
1977,104,231.08568889513788,0.0,0.690420290545543,1.9542327955867835,695.3969999999999
1977,105,244.43291493834147,0.0,0.6956135955486609,1.9824288623731932,712.6274999999999
1977,106,259.9483025289166,0.0,0.7013201219222791,2.0139715350306875,729.8309999999999
1977,107,274.01854858220213,0.0,0.7046713787900268,2.0327776207390396,748.5649999999999
1977,108,286.7596593108935,0.0,0.7060979826640278,2.0408480692652353,769.7239999999999
1977,109,300.11859448669327,0.0,0.7069946346631747,2.045940597338247,791.7159999999999
1977,110,308.838814265839,0.0,0.7044958842412778,2.0317875235257943,811.9744999999999
1977,111,320.89483518185693,0.0,0.7031944978626563,2.0244637161035746,832.8625
1977,112,323.938740299571,0.0,0.6972793194534469,1.9915745750257754,853.4414999999999
1977,113,326.3845018900364,0.0,0.6911289621665002,1.9580524041502672,868.1584999999999
1977,114,329.5373068629423,0.0,0.6852827190074614,1.9268009397132302,880.7955
1977,115,341.4899912372414,0.0,0.6823639481537718,1.9114150711359585,891.199
1977,116,344.61636703808307,0.0,0.6763608229181782,1.8802100579031154,899.0065
1977,117,354.5521271370272,0.0,0.6723430152733586,1.859646660130106,908.7779999999999
1977,118,369.9903999912111,0.0,0.6694623904108031,1.8450580502179919,923.8894999999999
1977,119,373.1199483836666,0.0,0.6631631795916102,1.8135944638941455,939.2259999999999
1977,120,373.1199483836666,0.0,0.656321491105025,1.780081042924471,947.0309999999998
1977,121,385.8927601003972,0.0,0.6516210567849803,1.7574407906058493,957.7904999999998
1977,122,395.6003555774535,0.0,0.646095499758256,1.7312136259535655,974.9264999999998
1977,123,398.1565885919947,0.0,0.6396104581828332,1.7009496198905756,992.7354999999998
1977,124,406.4372851842258,0.0,0.6332457665746238,1.6717721982392053,1011.1319999999997
1977,125,413.3787646098508,1.8024047148594227,0.6268583617153611,1.6429953401863773,1030.6889999999996
1977,126,425.47487595475087,9.449220703923908,0.6206310677050706,1.6154101854117362,1053.0999999999997
1977,127,429.9394721664801,13.913816915653047,0.6003121768750053,1.5284524646086972,1073.7249999999997
1977,128,444.1414877474949,28.11583249666799,0.5818725590433356,1.453281683755353,1091.1969999999997
1977,129,460.38427506903,44.35861981820308,0.5672209532098008,1.3958799429471822,1103.2064999999996
1977,130,471.2754375365445,55.249782285717565,0.554943600728594,1.3492571081849671,1111.4594999999995
1977,131,476.3117141391933,60.28605888836636,0.5425908577788005,1.3036283503787007,1120.4039999999995
1977,132,490.4530318597634,74.42737660893646,0.5275726468281983,1.2497854896166931,1133.7489999999996
1977,133,505.85383791402523,89.82818266319836,0.5118040698410797,1.1950640957995622,1148.4789999999996
1977,134,520.7130989759262,104.68744372509921,0.494288836465699,1.136315992884863,1167.3114999999996
1977,135,534.7447358796846,118.71908062885767,0.4766576700947692,1.0791991309232336,1187.1824999999997
1977,136,547.2740592324137,131.24840398158682,0.4594596416684308,1.0253099602948121,1206.9424999999997
1977,137,559.9671300231656,143.94147477233864,0.44150245592137866,0.9708417630584391,1228.9114999999997
1977,138,570.8785890221319,154.852933771305,0.4230804498972226,0.9167540834885721,1252.6324999999997
1977,139,580.7134274999736,164.68777224914666,0.40506349821007825,0.8655009980204357,1276.3064999999997
1977,140,589.768034583572,173.74237933274503,0.38748513140952423,0.8169701026802297,1299.9329999999998
1977,141,597.5908593859629,181.5652041351359,0.37058172412590634,0.7715987629919538,1323.0484999999999
1977,142,604.3781509383282,188.35249568750135,0.3540993721676667,0.7285160231950615,1346.3349999999998
1977,143,609.8239484799576,193.79829322913073,0.33773342570785936,0.6868118731657229,1370.6754999999998
1977,144,614.7486339437513,198.72297869292439,0.3224645489618222,0.6488223355693982,1393.6094999999998
1977,145,618.9315171500947,202.90586189926782,0.30771201345752797,0.6129220740225289,1416.6364999999998
1977,146,622.448418371225,206.422763120398,0.2933531923720002,0.578707171320461,1440.1454999999999
1977,147,625.7395017102457,209.7138464594188,0.2797138605448096,0.5468445500180599,1463.2254999999998
1977,148,628.5099477499567,212.48429249912974,0.26716114375832745,0.5180490711344949,1484.6744999999999
1977,149,630.521068918253,214.49541366742613,0.2546248775338812,0.4897794453958842,1507.7475
1977,150,632.0908951424027,216.06523989157577,0.24236440851470054,0.46258793159416706,1531.743
1977,151,633.3477763480258,217.3221210971989,0.23070695760164117,0.43713885437718886,1555.589
1977,152,634.3396834147205,218.3140281638935,0.21932823921875963,0.4126674969582778,1580.4005
1977,153,635.0723998438971,219.04674459307017,0.20934515000627107,0.391489588076953,1601.9814999999999
1977,154,635.771775943556,219.74612069272897,0.2009342752741452,0.37385346311365736,1619.1264999999999
1977,155,636.4612207452675,220.43556549444054,0.19310760473535193,0.35760826467304896,1635.3419999999999
1977,156,637.0036645597661,220.9780093089391,0.18422975330515667,0.33937087347765654,1657.485
1977,157,637.2465358937492,221.2208806429221,0.1748885211427338,0.3203946264809018,1683.5904999999998
1977,158,637.5450905424547,221.51943529162764,0.16687065371190235,0.3042772853547367,1705.764
1977,159,637.8137864268637,221.78813117603664,0.16083959678067172,0.2922556782916055,1720.33
1977,160,637.9316947176553,221.90603946682825,0.15461223929215107,0.27993311411732547,1736.936
1977,161,638.0734642216727,222.04780897084564,0.14906750354949094,0.26903746029136105,1751.5625
1977,162,638.1529238246038,222.12726857377692,0.14349283278612546,0.2581543220457245,1767.41
1977,163,638.2031707814355,222.17751553060836,0.1372375676121339,0.24602651153662022,1788.41
1977,164,638.2158770485314,222.19022179770437,0.1311296168240439,0.23426886856816187,1810.2740000000001
1977,165,638.2238254296077,222.19817017878063,0.12567827426590983,0.22384477302368272,1829.9185000000002
1977,166,638.2238254296077,222.19817017878063,0.12054486386179841,0.21408787791677766,1849.1260000000002
1977,167,638.2238254296077,222.19817017878063,0.1154658276700199,0.2044902191648056,1869.5040000000001
1977,168,638.2238254296077,222.19817017878063,0.11020209247724455,0.19460152039907275,1892.7605
1977,169,638.2238254296077,222.19817017878063,0.1048739884366302,0.18465129262517038,1918.325
1977,170,638.2238254296077,222.19817017878063,0.09980507631468238,0.17523992872619842,1943.9895000000001
1977,171,638.2238254296078,222.19817017878063,0.09544865889971443,0.1671936898333083,1966.0800000000002
1977,172,638.2238254296078,222.19817017878063,0.09122789329682246,0.15943487322393501,1988.746
1977,173,638.2238254296076,222.19817017878063,0.08760504165314265,0.15280385715343653,2008.0015
1977,174,638.2238254296077,222.19817017878063,0.08397899183471036,0.1461932998212312,2028.7035
1977,175,638.2238254296077,222.19817017878063,0.08071682089160093,0.14026844296611202,2047.5420000000001
1977,176,638.2238254296077,222.19817017878063,0.07711116615156677,0.1337441529449473,2071.0495
1977,280,10.5,0.0,0.0,0.14469,0.0
1977,281,10.5,0.0,0.0,0.14469,0.0
1977,282,10.5,0.0,0.0,0.14469,0.0
1977,283,10.5,0.0,0.0,0.14469,0.0
1977,284,10.5,0.0,0.0,0.14469,0.0
1977,285,10.5,0.0,0.0,0.14469,0.0
1977,286,10.5,0.0,0.0,0.14469,0.0
1977,287,10.5,0.0,0.08315238656939639,0.14469,0.0
1977,288,11.118905651304459,0.0,0.08921001619751334,0.15573823665943004,9.0065
1977,289,11.36762297757735,0.0,0.09621310983262919,0.16860281224421259,19.0535
1977,290,11.832909509194126,0.0,0.10121459475278738,0.17785162807585167,25.6595
1977,291,12.114692150301961,0.0,0.1073793236204401,0.18932260473142082,33.478500000000004
1977,292,12.688646594702702,0.0,0.11610262996302312,0.20569053387923178,43.661
1977,293,13.177331321469827,0.0,0.12471794817686743,0.222015166042947,53.2135
1977,294,14.179678368136837,0.0,0.13366517309707904,0.23913968166272778,62.5625
1977,295,15.642435649398674,0.0,0.1465292640249214,0.26407337402994363,75.7055
1977,296,16.73722265124608,0.0,0.16066698156375736,0.29191288036878626,90.0495
1977,297,17.669051964725544,0.0,0.1740504122547224,0.3187025651817541,103.127
1977,298,19.135101322414204,0.0,0.1912680057427789,0.3538128284740891,118.7765
1977,299,19.906810760858637,0.0,0.20916485590715939,0.3911095791390382,134.464
1977,300,21.300845253112172,0.0,0.2272489208597421,0.4296638357958474,149.1655
1977,301,23.640465596034172,0.0,0.24147075148008998,0.46062319989191264,160.649
1977,302,25.506330513303777,0.0,0.25686949586405206,0.4948060080357418,173.364
1977,303,27.684438147395685,0.0,0.2692889299965828,0.5228952507312403,183.91
1977,304,29.943888944326243,0.0,0.2809203184099719,0.5496385076764904,194.091
1977,305,30.902640851560072,0.0,0.2978949273311865,0.5894536833171413,208.1845
1977,306,32.32888229211854,0.0,0.3173088706490136,0.6361879135377285,223.12750000000003
1977,307,35.029014034249855,0.0,0.3280133379634925,0.6625279780265401,240.23550000000003
1977,308,36.49328632036936,0.0,0.33217705927180985,0.6728869989498593,258.3475
1977,309,37.85257285174222,0.0,0.3358079414960973,0.6819732109901727,275.2305
1977,310,39.09576179215337,0.0,0.3387610824563937,0.6894000930141939,290.6005
1977,311,40.540123767176915,0.0,0.3425480607778495,0.6989726897365887,308.29650000000004
1977,312,41.119282403789434,0.0,0.34219569396285954,0.6980796652158526,324.84200000000004
1977,313,42.81499102332126,0.0,0.34705307214378034,0.7104323789137952,341.62800000000004
1977,314,44.107241559738995,0.0,0.3498641176660445,0.7176231469929341,358.50700000000006
1977,315,45.84480251962089,0.0,0.35452341200522763,0.7296105648662949,367.58900000000006
1977,316,46.00335321233833,0.0,0.35221959439746864,0.7236725338429244,370.29350000000005
1977,317,46.003353212338325,0.0,0.34942166873499536,0.7164892854485397,370.94650000000007
1977,318,46.00335321233833,0.0,0.34682303259034875,0.7098452994474851,371.78600000000006
1977,319,46.807515214209026,0.0,0.3479968270669057,0.7128430843425404,378.27600000000007
1977,320,48.153016013976554,0.0,0.351603548915396,0.7220882707971306,388.43050000000005
1977,321,50.73294815110084,0.0,0.3604086776299178,0.7448764423177806,398.6890000000001
1977,322,52.238696660360475,0.0,0.3641021732198513,0.7545289637738504,404.34150000000005
1977,323,53.67238061961797,0.0,0.3673614493562579,0.7630933832796044,409.51800000000003
1977,324,53.76680314415311,0.0,0.365052991385731,0.7570228909547085,412.949
1977,325,54.92199240898751,0.0,0.3673377135188799,0.7630308531242339,423.34000000000003
1977,326,54.92199240898751,0.0,0.36490207042776257,0.7566267869688282,430.5815
1977,327,54.92199240898751,0.0,0.36270760443012495,0.7508778483239604,431.061
1977,328,55.01526184505921,0.0,0.36110112139538936,0.7466818109540342,435.0825
1977,329,55.01526184505921,0.0,0.35917692995168604,0.7416698032133112,436.96099999999996
1977,330,55.015261845059214,0.0,0.35732847976169,0.7368692337837326,436.96099999999996
1977,331,55.015261845059214,0.0,0.3555418381038168,0.7322422905156818,436.96099999999996
1977,332,55.01526184505921,0.0,0.35381495625919124,0.7277822846633051,436.96099999999996
1977,333,55.01526184505921,0.0,0.35214584964718965,0.7234828076323979,436.96099999999996
1977,334,55.015261845059214,0.0,0.3505325962897241,0.7193377181235061,436.96099999999996
1977,335,55.01526184505921,0.0,0.3489733352589275,0.7153411299144767,436.96099999999996
1977,336,55.05922843558068,0.0,0.34765667057344396,0.7119737946240039,439.51949999999994
1977,337,55.05922843558068,0.0,0.34620683016368503,0.7082737193611944,441.42749999999995
1977,338,55.05922843558068,0.0,0.3448178142486076,0.7047365597283864,441.42749999999995
1977,339,55.05922843558068,0.0,0.3434753273603992,0.7013250064320984,441.42749999999995
1977,340,55.05922843558068,0.0,0.34217780982638546,0.6980343531242961,441.42749999999995
1977,341,55.05922843558068,0.0,0.3409237531109892,0.6948600837977787,441.42749999999995
1977,342,55.05922843558068,0.0,0.33971169831971504,0.691797864353935,441.42749999999995
1977,343,55.05922843558068,0.0,0.33854023472539807,0.6888435345782307,441.42749999999995
1977,344,55.059228435580685,0.0,0.3374079983189513,0.685993100502349,441.42749999999995
1977,345,55.05922843558068,0.0,0.33631367038648863,0.6832427271330387,441.42749999999995
1977,346,55.059228435580685,0.0,0.33525597611437485,0.6805887315288033,441.42749999999995
1977,347,55.059228435580685,0.0,0.3342336832234679,0.6780275762065766,441.42749999999995
1977,348,55.22771027657548,0.0,0.3340064315636745,0.6774587758181523,445.12999999999994
1977,349,55.43623254430534,0.0,0.33397591725911435,0.6773824147065245,448.27849999999995
1977,350,55.43623254430534,0.0,0.33301326172934254,0.6749751931947723,449.71149999999994
1977,351,55.86499216649615,0.0,0.3340159454950894,0.6774825848553092,456.21049999999997
1977,352,57.023964354043464,0.0,0.3381995050677916,0.6879852260620523,467.3585
1977,353,57.65362506282084,0.0,0.3398122037490874,0.6920515744355332,474.198
1977,354,58.60447807980528,0.0,0.3426871526928711,0.6993253305459702,479.3245
1977,355,58.60447807980528,0.0,0.34140365417807317,0.696074095763415,480.128
1977,356,58.604478079805276,0.0,0.3401677066804777,0.692949295469716,480.128
1977,357,58.604478079805276,0.0,0.3389722994333606,0.6899325549142636,480.128
1977,358,58.604478079805276,0.0,0.3378160891742623,0.6870199178540398,481.2055
1977,359,58.604478079805276,0.0,0.3367051820469157,0.6842261916746042,481.255
1977,360,58.604478079805276,0.0,0.3356310255627799,0.6815293324128334,481.255
1977,361,58.604478079805276,0.0,0.33459206039840184,0.6789249723260178,481.255
1977,362,58.604478079805276,0.0,0.3335871204080928,0.6764097686626036,481.255
1977,363,58.604478079805276,0.0,0.33261507826217507,0.6739805091025761,481.255
1977,364,58.604478079805276,0.0,0.33167484420113147,0.6716341061614172,481.255
1977,365,58.604478079805276,0.0,0.33076536482190577,0.6693675918579739,481.256
1978,1,58.604478079805276,0.0,0.32988562893723883,0.6671781301441501,481.2725
1978,2,58.604478079805276,0.0,0.32903476158374056,0.6650632483189524,481.2725
1978,3,58.604478079805276,0.0,0.32821169127803074,0.6630200081166348,481.2725
1978,4,58.604478079805276,0.0,0.3274154986787654,0.6610458714624631,481.2725
1978,5,58.604478079805276,0.0,0.32664529521104513,0.6591383966218602,481.2725
1978,6,58.604478079805276,0.0,0.3259002220445132,0.6572952341947076,481.2725
1978,7,58.604478079805276,0.0,0.32517944910228613,0.6555141232933784,482.65549999999996
1978,8,58.773848250313605,0.0,0.3252358094403578,0.6556533274410768,486.75449999999995
1978,9,58.773848250313605,0.0,0.3245619202852754,0.6539896527313079,486.75449999999995
1978,10,58.773848250313605,0.0,0.3239099864936984,0.6523817595487426,486.75449999999995
1978,11,58.773848250313605,0.0,0.3232792843094783,0.6508277056659536,486.75449999999995
1978,12,58.773848250313605,0.0,0.3226691141876863,0.6493256207074584,486.75449999999995
1978,13,58.773848250313605,0.0,0.3220787999784567,0.6478737032555133,486.75449999999995
1978,14,58.773848250313605,0.0,0.3215076881373484,0.646470218084624,486.75449999999995
1978,15,58.773848250313605,0.0,0.32095514696154437,0.6451134935184958,486.75449999999995
1978,16,58.773848250313605,0.0,0.32042056585120615,0.6438019189034784,486.75449999999995
1978,17,58.773848250313605,0.0,0.3199033545952972,0.6425339421928651,486.75449999999995
1978,18,58.773848250313605,0.0,0.31940294268118685,0.6413080676367008,486.75449999999995
1978,19,58.773848250313605,0.0,0.3189187786273513,0.6401228535720287,486.75449999999995
1978,20,58.773848250313605,0.0,0.3184503293384948,0.6389769103087679,486.75449999999995
1978,21,58.773848250313605,0.0,0.3179970794824164,0.6378688981066616,486.75449999999995
1978,22,58.773848250313605,0.0,0.3175585308879607,0.6367975252389695,486.75449999999995
1978,23,58.773848250313605,0.0,0.31713420196340103,0.6357615461388014,486.75449999999995
1978,24,58.773848250313605,0.0,0.31672362713460944,0.6347597596241964,486.75449999999995
1978,25,58.773848250313605,0.0,0.3163263563023879,0.6337910071982535,486.75449999999995
1978,26,58.773848250313605,0.0,0.3159419543183415,0.632854171420806,486.75449999999995
1978,27,58.773848250313605,0.0,0.31557000047869066,0.6319481743483095,486.75449999999995
1978,28,58.773848250313605,0.0,0.31521008803543626,0.6310719760387841,486.75449999999995
1978,29,58.773848250313605,0.0,0.3148618237242993,0.630224573118808,486.75449999999995
1978,30,58.773848250313605,0.0,0.3145248273088781,0.6294049974097137,486.75449999999995
1978,31,58.773848250313605,0.0,0.3141987311404786,0.6286123146102782,486.75449999999995
1978,32,58.773848250313605,0.0,0.313883179733087,0.6278456230333364,486.75449999999995
1978,33,58.773848250313605,0.0,0.3135778293529703,0.6271040523938725,486.75449999999995
1978,34,58.773848250313605,0.0,0.3132823476224066,0.626386762646269,486.75449999999995
1978,35,58.773848250313605,0.0,0.31299641313705995,0.6256929428685047,486.75449999999995
1978,36,58.773848250313605,0.0,0.3127197150965293,0.6250218101912026,486.75449999999995
1978,37,58.773848250313605,0.0,0.3124519529476182,0.6243726087695343,486.75449999999995
1978,38,58.773848250313605,0.0,0.3121928360398827,0.6237446087960813,486.75449999999995
1978,39,58.773848250313605,0.0,0.31194208329303275,0.62313710555285,486.75449999999995
1978,40,58.773848250313605,0.0,0.31169942287577335,0.6225494185007211,486.75449999999995
1978,41,58.773848250313605,0.0,0.31146459189568654,0.6219808904047016,486.75449999999995
1978,42,58.773848250313605,0.0,0.31123733609976856,0.6214308864934214,486.75449999999995
1978,43,58.773848250313605,0.0,0.3110174095852498,0.620898793651396,486.75449999999995
1978,44,58.773848250313605,0.0,0.3108045745203374,0.6203840196426448,486.75449999999995
1978,45,58.773848250313605,0.0,0.31059860087453106,0.6198859923643213,486.75449999999995
1978,46,58.773848250313605,0.0,0.3103992661581788,0.619404159129078,486.75449999999995
1978,47,58.773848250313605,0.0,0.3102063551709472,0.6189379859749453,486.75449999999995
1978,48,58.773848250313605,0.0,0.3100196597588917,0.6184869570015651,486.75449999999995
1978,49,58.773848250313605,0.0,0.3098389785798281,0.6180505737316699,486.75449999999995
1978,50,58.773848250313605,0.0,0.30966411687671136,0.6176283544967544,486.75449999999995
1978,51,58.773848250313605,0.0,0.30949488625874166,0.6172198338459305,486.75449999999995
1978,52,58.773848250313605,0.0,0.3093311044899263,0.6168245619770083,486.75449999999995
1978,53,58.773848250313605,0.0,0.3091725952848363,0.6164421041888848,486.75449999999995
1978,54,58.773848250313605,0.0,0.3090191881113057,0.6160720403543681,486.75449999999995
1978,55,58.773848250313605,0.0,0.30887071799982846,0.6157139644126016,486.75449999999995
1978,56,58.773848250313605,0.0,0.3087270253594223,0.6153674838802928,486.75449999999995
1978,57,58.773848250313605,0.0,0.30858795579972864,0.6150322193809851,486.75449999999995
1978,58,58.773848250313605,0.0,0.30845335995913514,0.6147078041916471,486.75449999999995
1978,59,58.773848250313605,0.0,0.30832309333870755,0.6143938838058851,486.75449999999995
1978,60,58.773848250313605,0.0,0.3081970161417291,0.6140901155131151,486.75449999999995
1978,61,58.773848250313605,0.0,0.3080749931186535,0.6137961679930617,486.75449999999995
1978,62,58.773848250313605,0.0,0.3079568934172807,0.6135117209249764,486.75449999999995
1978,63,58.773848250313605,0.0,0.307842590437976,0.6132364646109976,486.75449999999995
1978,64,58.773848250313605,0.0,0.30773196169375683,0.6129700996130966,486.75449999999995
1978,65,58.773848250313605,0.0,0.3076248886750774,0.6127123364030804,486.75449999999995
1978,66,58.773848250313605,0.0,0.307521256719151,0.6124628950251442,486.75449999999995
1978,67,58.773848250313605,0.0,0.3074209548836492,0.6122215047704863,486.75449999999995
1978,68,58.773848250313605,0.0,0.30732387582463183,0.6119879038635239,486.75449999999995
1978,69,58.773848250313605,0.0,0.3072299156785572,0.611761839159261,486.75449999999995
1978,70,58.773848250313605,0.0,0.3071389739482343,0.6115430658513856,486.75449999999995
1978,71,58.773848250313605,0.0,0.30705095339258226,0.6113313471906857,487.92549999999994
1978,72,58.773848250313605,0.0,0.3069747702464468,0.6111481231402552,490.16599999999994
1978,73,58.773848250313605,0.0,0.3069183625728467,0.6110124730087808,492.3999999999999
1978,74,59.24532102782952,0.0,0.30905439833433046,0.6161569706436779,497.1259999999999
1978,75,59.33859341773231,0.0,0.3093649215908316,0.6169061686847537,499.5879999999999
1978,76,59.33859341773232,0.0,0.30925152865498484,0.6166325470293207,500.1364999999999
1978,77,59.33859341773232,0.0,0.3091460635574168,0.6163780958761323,500.1364999999999
1978,78,59.33859341773232,0.0,0.3090439839707124,0.6161318497921285,500.1364999999999
1978,79,59.588286000213984,0.0,0.3100764419194658,0.6186241215308614,503.3749999999999
1978,80,59.58828600021398,0.0,0.3099461436869799,0.6183093863486909,507.2889999999999
1978,81,62.327781858556406,0.0,0.3220204486532674,0.6477302529202129,515.9504999999999
1978,82,62.327781858556406,0.0,0.3213655400688449,0.6461210783383654,524.2444999999999
1978,83,64.24769776588148,0.0,0.3287729165919441,0.6644129565267832,532.4554999999999
1978,84,64.24769776588148,0.0,0.3278676577710298,0.6621667000132814,535.0989999999999
1978,85,64.24769776588148,0.0,0.3270101116016857,0.6600416235307691,535.1199999999999
1978,86,64.54212737056402,0.0,0.32734874473818976,0.6608804631804234,538.6139999999999
1978,87,64.63238911724048,0.0,0.3268635333804917,0.6596786605215714,543.0674999999999
1978,88,68.32063221974953,0.0,0.3402871471464268,0.693251016777804,552.0764999999999
1978,89,71.39573746987796,0.0,0.34982603449483474,0.7175255211045506,559.3124999999999
1978,90,71.39573746987796,0.0,0.3479309064219722,0.712674584874419,564.2534999999999
1978,91,81.44791628840906,0.0,0.37914002792849805,0.7944161838040357,578.7119999999999
1978,92,92.92759976555993,0.0,0.41691839507332584,0.8990468804697876,596.4814999999999
1978,93,95.73390126995014,0.0,0.42532308845319394,0.9232454817797879,604.1099999999999
1978,94,106.60721525053506,0.0,0.45601131068824063,1.0147113734144495,618.8199999999999
1978,95,110.2678351079849,0.0,0.46549223471290924,1.0440150341492755,636.135
1978,96,114.80172324211199,0.0,0.47632436842336484,1.078138016740145,644.6659999999999
1978,97,119.45271249161635,0.0,0.4868704593851568,1.1120449164495212,658.93
1978,98,135.29924530470078,0.0,0.5194341826565778,1.2213184719515617,671.8734999999999
1978,99,144.03381148565623,0.0,0.534232859851474,1.273449114999766,684.3865
1978,100,159.57657774548133,0.0,0.5575035236656918,1.3588712960869456,698.7379999999999
1978,101,171.4131129367808,0.0,0.5712158539136415,1.411336071092365,718.467
1978,102,186.5093258940291,0.0,0.5863456535682812,1.4712076098177458,731.7545
1978,103,204.1865479722745,0.0,0.6014736525390816,1.53330277724661,745.324
1978,104,221.68803333984394,0.0,0.6134968975861463,1.584358973404804,757.0645
1978,105,229.7828921832757,0.0,0.6149499720864162,1.5906366841724673,765.627
1978,106,238.08414372098872,0.0,0.6160719412434417,1.595500151556965,773.2684999999999
1978,107,239.7170544560736,0.0,0.6112574614942707,1.5747300153788102,779.387
1978,108,240.77467776177707,0.0,0.606047964134656,1.552543522461756,787.2004999999999
1978,109,248.86886923950652,0.0,0.6065370332200589,1.5546138798829805,800.93
1978,110,254.07437519484364,0.0,0.6043420141440514,1.5453418549803524,810.6534999999999
1978,111,257.5961743272063,0.0,0.6007695551055602,1.5303607878120113,817.5014999999999
1978,112,258.97722758772693,0.0,0.5956850611599056,1.5092685885485202,822.4284999999999
1978,113,258.97722758772693,0.0,0.5897432845916917,1.4849536334706501,827.2289999999998
1978,114,263.6655942314438,0.0,0.5871023080811896,1.4742590600558643,838.7064999999998
1978,115,275.49199101057735,0.0,0.5887573400656931,1.4809530420764874,851.1509999999997
1978,116,282.9132181966964,0.0,0.5870177438056107,1.4739177502562675,861.6449999999998
1978,117,298.9508904402144,0.0,0.5894580126682886,1.4837951198832664,872.5599999999997
1978,118,312.97476020551966,0.0,0.5898050368324415,1.4852045206444637,882.6979999999998
1978,119,317.80524241140216,0.0,0.5853415914792963,1.4671670161540475,892.6234999999998
1978,120,327.5902797260142,0.0,0.582761635345519,1.4568293376969155,904.0734999999999
1978,121,340.7430173715648,0.0,0.5809035763121959,1.449423762337054,915.0194999999999
1978,122,340.7430173715648,0.0,0.5741998006174446,1.4229750971147705,920.2079999999999
1978,123,341.9209777321191,0.0,0.5680075039092534,1.398911768415331,926.9759999999999
1978,124,341.9209777321192,0.0,0.5615949480896827,1.3743533664944447,934.3199999999999
1978,125,343.55938261037204,0.0,0.5557707759699251,1.3523576323893107,943.752
1978,126,344.6944013518672,0.0,0.5499212190059541,1.3305544044414692,952.2305
1978,127,352.3224122674714,0.0,0.5454178883096524,1.3139611964953277,961.587
1978,128,354.52580960226396,0.0,0.5398096425926449,1.2935250910804872,972.5649999999999
1978,129,364.15375668016856,0.0,0.5350431103456559,1.2763509801890378,989.1389999999999
1978,130,376.1493680856342,0.0,0.5297157161682615,1.257363179858623,1003.7974999999999
1978,131,391.0287055314798,1.7848119536230707,0.5239506479690953,1.2370562489799974,1017.3664999999999
1978,132,397.14878547694013,4.100708491460948,0.5181757110042464,1.2169596284106994,1033.5179999999998
1978,133,403.50786763543465,8.46340222831152,0.5125679143301094,1.197673849492257,1053.2224999999999
1978,134,406.468161017688,11.423695610564863,0.4971269940928018,1.1456960235078149,1067.2524999999998
1978,135,407.12700954720214,12.082544140079001,0.48585361577223174,1.1087454330928317,1074.5189999999998
1978,136,409.0797047388811,14.035239331757976,0.4736793382040581,1.0697410480049245,1084.7569999999998
1978,137,415.4046826734607,20.3602172663376,0.4592024130723773,1.024517027175759,1098.6924999999999
1978,138,425.7837851466444,30.739319739521246,0.44464980419213673,0.9802606346407668,1113.2514999999999
1978,139,439.26440391766954,44.219938510546385,0.42975754783563136,0.936156089861442,1129.1719999999998
1978,140,452.7989383155994,57.754472908476245,0.41393883427975064,0.8905518608166106,1148.11
1978,141,461.56117245379426,66.51670704667112,0.39806947461990055,0.8460220777974842,1168.2369999999999
1978,142,473.3049596830569,78.26049427593375,0.38496314484628325,0.8101218098199343,1183.0104999999999
1978,143,480.20577570176965,85.16131029464655,0.3730294376019376,0.7780928156245736,1196.445
1978,144,483.32561971119884,88.28115430407568,0.35970519901255527,0.7430443035689607,1213.369
1978,145,489.55287971056066,94.5084143034376,0.3458916306181997,0.7074703980556882,1232.3139999999999
1978,146,500.17125203829085,105.12678663116769,0.33180509999345076,0.6719589692069708,1252.8754999999999
1978,147,510.7761420970072,115.73167668988407,0.31772137747680773,0.6371952785722184,1274.4744999999998
1978,148,520.718102959433,125.67363755230984,0.3037423106096113,0.6033924063231471,1296.9174999999998
1978,149,529.9489890506911,134.90452364356798,0.29030391826187874,0.5715307574632746,1319.0154999999997
1978,150,537.4046733319585,142.36020792483544,0.27678218296969226,0.5400747230453959,1342.6149999999998
1978,151,543.063611465295,148.0191460581719,0.26375271910623344,0.5103153953441659,1366.0924999999997
1978,152,549.426139527015,154.38167411989195,0.2517008146490862,0.48325400093807064,1387.8579999999997
1978,153,554.4380911901819,159.3936257830588,0.23949432476637822,0.45628617467919186,1411.5704999999998
1978,154,557.9690798092258,162.92461440210263,0.2286405834824685,0.43266807459752066,1432.1444999999999
1978,155,561.5069317031931,166.4624662960699,0.21926118703799768,0.41252435250088626,1448.7359999999999
1978,156,564.5809490081003,169.53648360097725,0.20971682046891715,0.3922732377468586,1467.1979999999999
1978,157,567.6649331119255,172.62046770480237,0.20034230804033445,0.37261921322259606,1486.4434999999999
1978,158,569.8160709566101,174.771605549487,0.19116602945008274,0.35360268497237124,1506.4569999999999
1978,159,570.8311747807566,175.78670937363336,0.1820383494240564,0.3348997090248026,1527.9714999999999
1978,160,571.5148794658578,176.47041405873463,0.17415111756739143,0.31890578874809095,1545.7759999999998
1978,161,573.0094083358813,177.96494292875812,0.1671797630836357,0.30489577020845393,1560.8754999999999
1978,162,574.2679927368906,179.22352732976748,0.1597238509164507,0.29004115376978795,1579.752
1978,163,575.3184102896627,180.2739448825395,0.1520512531960957,0.27489180851090883,1601.4904999999999
1978,164,575.9179702834562,180.87350487633296,0.14445688173157656,0.26003130945183567,1624.8415
1978,165,576.6416056401733,181.59714023305014,0.13882063784715326,0.24908746306256738,1639.59
1978,166,577.2307747628112,182.18630935568794,0.13346489663282257,0.23875443161856735,1654.204
1978,167,577.6229702315497,182.57850482442646,0.1274932155903854,0.22730808184691315,1673.725
1978,168,577.9371077028264,182.89264229570313,0.12125768443443774,0.21543930104809172,1696.7144999999998
1978,169,578.2205798576847,183.1761144505615,0.11483811247529206,0.20330787824330965,1723.0444999999997
1978,170,578.3102575963425,183.2657921892192,0.10892809339979814,0.192216919187773,1748.3279999999997
1978,171,578.4853715323642,183.44090612524096,0.10400948412491207,0.18304241837344506,1768.7649999999996
1978,172,578.5907257425943,183.54626033547103,0.09914601825783431,0.1740201615777716,1790.6384999999996
1978,173,578.6844465290324,183.6399811219091,0.09455224936109796,0.16554284257414462,1812.3449999999996
1978,174,578.760677781441,183.71621237431768,0.09060588857480466,0.1582945214048299,1830.6164999999996
1978,175,578.8079417885698,183.7634763814466,0.08664030078938545,0.15104250155991375,1850.6659999999997
1978,176,578.8358908583842,183.79142545126095,0.08263508915021733,0.14374991004123666,1872.8204999999998
1978,177,578.8466785277794,183.80221312065612,0.07858088105927541,0.136400461356989,1897.359
1978,178,578.8523951707969,183.8079297636736,0.07444416341942073,0.12893469588172865,1924.8495
1978,179,578.8526636976304,183.80819829050705,0.0705705858929554,0.12197402390265022,1952.021
1978,180,578.8526636976303,183.80819829050705,0.06720209450794279,0.11594451464527993,1976.0135
1978,181,578.8526636976304,183.80819829050705,0.06382946773683362,0.10992937751791018,2002.0695
1978,182,578.8526636976303,183.80819829050705,0.06079026270023402,0.10452743718162666,2026.294
1978,183,578.8526636976304,183.80819829050705,0.05782262051039344,0.09926953531298491,2051.6055
1978,280,10.5,0.0,0.0,0.14469,0.0
1978,281,10.5,0.0,0.0,0.14469,0.0
1978,282,10.5,0.0,0.0,0.14469,0.0
1978,283,10.5,0.0,0.0,0.14469,0.0
1978,284,10.5,0.0,0.0,0.14469,0.0
1978,285,10.5,0.0,0.0,0.14469,0.0
1978,286,10.5,0.0,0.0,0.14469,0.0
1978,287,10.5,0.0,0.08315238656939639,0.14469,0.0
1978,288,10.964682085891523,0.0,0.08952727076808487,0.15631888613869865,9.462
1978,289,11.158465913631396,0.0,0.09422815704786892,0.16494638937425896,16.119
1978,290,11.400286499356234,0.0,0.10027318298997323,0.17610683064987823,24.1325
1978,291,11.400286499356234,0.0,0.10539572892827442,0.1856230228564165,30.573999999999998
1978,292,12.118407190724163,0.0,0.11498794851702199,0.20359002762005726,41.8825
1978,293,13.120404234660473,0.0,0.12450252037156528,0.22160501006667216,52.2605
1978,294,14.508810378809954,0.0,0.1364893165412976,0.24458168199636662,64.5975
1978,295,16.006299495896137,0.0,0.15276715742648217,0.27629953237450244,81.12049999999999
1978,296,17.2266185739452,0.0,0.17251663159483288,0.3156104508948773,100.29149999999998
1978,297,18.058509986521003,0.0,0.18790144113673946,0.34688928045957046,114.58999999999999
1978,298,18.807428494161876,0.0,0.19544534880028708,0.3624439716236077,121.72349999999999
1978,299,19.245929701124595,0.0,0.2074897481077399,0.3875830619545324,132.262
1978,300,20.264974135137408,0.0,0.22225819347497255,0.41893446350658126,144.1185
1978,301,22.29403317911114,0.0,0.235438443979072,0.44742123140239165,154.44500000000002
1978,302,23.798811824287476,0.0,0.2466203424098774,0.47197664149704166,163.692
1978,303,25.399802881146538,0.0,0.25654666835719,0.4940821392026784,172.089
1978,304,28.08883942406883,0.0,0.27143500566103984,0.5277974011058264,184.032
1978,305,30.709064530683587,0.0,0.2869160186323165,0.5635934659577152,196.7535
1978,306,32.93479919068597,0.0,0.29759096887912606,0.5887322987092649,206.3415
1978,307,35.715779113918764,0.0,0.3110034713213391,0.6208650769723401,217.963
1978,308,38.54162789516801,0.0,0.32130645918400147,0.645975987186612,232.251
1978,309,41.28182629323356,0.0,0.3306130901496438,0.6689884090747983,248.4215
1978,310,44.08890604244761,0.0,0.3397629134085004,0.6919271439302457,266.0495
1978,311,44.52174399658965,0.0,0.337608504149969,0.6864975239735894,278.2955
1978,312,45.986366676396855,0.0,0.340357473228839,0.6934286946639515,284.922
1978,313,45.986366676396855,0.0,0.3363547958731923,0.6833460057429703,290.6515
1978,314,48.6555151954543,0.0,0.34478788248480374,0.7046604203970561,300.8805
1978,315,51.5506015404265,0.0,0.35357649872688357,0.7271673587809808,311.57
1978,316,54.00576056297731,0.0,0.35981428372055124,0.7433282717272387,323.9375
1978,317,55.00599706993181,0.0,0.35956963694517696,0.7426914772387672,334.596
1978,318,56.94481236737288,0.0,0.3632899204870965,0.7524014353627425,347.7625
1978,319,59.8439632530623,0.0,0.37067731400954385,0.7718518992254795,358.715
1978,320,59.871585170774054,0.0,0.36620044578561395,0.7600375584655424,361.37399999999997
1978,321,60.37765814104806,0.0,0.36389076861119074,0.7539749715370689,366.68499999999995
1978,322,61.149304306839184,0.0,0.36283242491358625,0.75120431466195,377.9094999999999
1978,323,61.7410197531104,0.0,0.3611897654621147,0.7469130687730892,382.8614999999999
1978,324,62.233095845937584,0.0,0.35929882339007513,0.7419868564907515,387.4539999999999
1978,325,62.40496049475081,0.0,0.35627140196797047,0.7341301222205536,390.5689999999999
1978,326,62.48378901584253,0.0,0.3530684806705219,0.7258580557811712,393.0949999999999
1978,327,62.58713103958275,0.0,0.35018065458744096,0.7184348080945273,396.5109999999999
1978,328,63.15052984069724,0.0,0.34944063559665606,0.7165378759031991,404.0549999999999
1978,329,63.15052984069724,0.0,0.34637667154220253,0.7087067396973421,407.4899999999999
1978,330,63.15052984069724,0.0,0.34343624411173135,0.7012257918683511,408.6769999999999
1978,331,63.203671386571685,0.0,0.3408248671011521,0.6946100404157177,411.4849999999999
1978,332,63.275014938868495,0.0,0.3383944866040891,0.6884763364657664,414.0479999999999
1978,333,63.275014938868495,0.0,0.335753458030468,0.6818365004548612,414.0479999999999
1978,334,63.275014938868495,0.0,0.3331973259737997,0.6754351964604767,415.62349999999986
1978,335,63.275014938868495,0.0,0.33073569706966766,0.6692937087157008,415.62349999999986
1978,336,63.275014938868495,0.0,0.32835317461105173,0.6633710567827289,418.99849999999986
1978,337,63.294301025919324,0.0,0.32615900590111735,0.6579351828362421,421.74899999999985
1978,338,63.35472177888118,0.0,0.32423352578788855,0.653179524950881,428.82149999999984
1978,339,63.35472177888118,0.0,0.3221388799049155,0.6480214160695019,428.82149999999984
1978,340,63.35472177888117,0.0,0.3201114983518032,0.6430441040344171,430.84199999999987
1978,341,63.35472177888118,0.0,0.31816062315242655,0.6382686111602652,430.84199999999987
1978,342,63.354721778881185,0.0,0.3162723260701543,0.6336592969447352,433.90949999999987
1978,343,63.35472177888118,0.0,0.3144622364012769,0.629252820611601,433.90949999999987
1978,344,63.35472177888118,0.0,0.3127101419237054,0.6249985952419741,433.90949999999987
1978,345,63.35472177888118,0.0,0.31101413880606676,0.6208908815709239,433.90949999999987
1978,346,63.354721778881185,0.0,0.30937238531365774,0.6169241805200197,433.90949999999987
1978,347,63.354721778881185,0.0,0.3077831000558181,0.6130932220843052,436.95299999999986
1978,348,63.35472177888118,0.0,0.3062626777453733,0.6094364805267226,437.98299999999983
1978,349,63.35472177888118,0.0,0.30479696709773907,0.6059189040129329,437.98299999999983
1978,350,63.35472177888117,0.0,0.30337799392914766,0.6025205514411146,441.2389999999998
1978,351,63.35472177888118,0.0,0.30202406875551224,0.5992844321200869,444.4234999999998
1978,352,63.354721778881185,0.0,0.30073290239372996,0.5962041597488473,445.00649999999985
1978,353,63.354721778881185,0.0,0.2994864554987752,0.5932359631926564,446.22249999999985
1978,354,63.35472177888117,0.0,0.2982872557051677,0.5903852581018808,446.9259999999999
1978,355,63.55242564975515,0.0,0.29805383848584566,0.5898309514952743,455.0019999999999
1978,356,63.55242564975515,0.0,0.2969410881228933,0.5871909833398009,455.0019999999999
1978,357,63.552425649755136,0.0,0.295863646307043,0.5846387622591863,456.4459999999999
1978,358,63.55242564975514,0.0,0.2948297082427701,0.5821932612436952,456.55799999999994
1978,359,63.5599361298156,0.0,0.293864358688978,0.5799132223999397,457.90599999999995
1978,360,63.5599361298156,0.0,0.29290268125798846,0.5776449538115123,457.90599999999995
1978,361,63.5599361298156,0.0,0.2919714214609693,0.5754513682249106,457.90599999999995
1978,362,63.5599361298156,0.0,0.29106959126094356,0.5733298522885704,457.90599999999995
1978,363,63.5599361298156,0.0,0.2901962357129454,0.5712778924619354,457.90599999999995
1978,364,63.5599361298156,0.0,0.2893504318422505,0.5692930707825051,458.29949999999997
1978,365,63.64071263088598,0.0,0.2889171556497505,0.5682772298218539,462.49899999999997
1979,1,63.65195205557154,0.0,0.28818894740615275,0.56657129726488,464.69399999999996
1979,2,63.651952055571535,0.0,0.28744437577964765,0.5648288346756122,464.69399999999996
1979,3,63.65195205557154,0.0,0.28672323281871326,0.5631429352043665,464.69399999999996
1979,4,63.651952055571535,0.0,0.28602476349254247,0.5615116666777968,464.69399999999996
1979,5,63.65195205557153,0.0,0.28534823790179475,0.5599331682501035,464.69399999999996
1979,6,63.651952055571535,0.0,0.2846929504171932,0.5584056474918866,464.69399999999996
1979,7,63.651952055571535,0.0,0.2840582188472509,0.5569273776110111,464.69399999999996
1979,8,63.651952055571535,0.0,0.283443383634316,0.5554966947989526,464.69399999999996
1979,9,63.651952055571535,0.0,0.2828478070781262,0.5541119956964333,464.69399999999996
1979,10,63.65195205557153,0.0,0.2822708725860633,0.552771734972482,464.69399999999996
1979,11,63.65195205557153,0.0,0.2817119839493024,0.5514744230113562,464.69399999999996
1979,12,63.65195205557153,0.0,0.2811705646440601,0.5502186237020572,464.69399999999996
1979,13,63.651952055571535,0.0,0.2806460571571533,0.5490029523254393,464.69399999999996
1979,14,63.65195205557154,0.0,0.2801379223350926,0.5478260735341764,464.69399999999996
1979,15,63.65195205557153,0.0,0.2796456387559463,0.5466866994210944,464.69399999999996
1979,16,63.65195205557153,0.0,0.279168702123227,0.5455835876716082,464.69399999999996
1979,17,63.651952055571535,0.0,0.27870662468106744,0.5445155397962266,464.69399999999996
1979,18,63.65195205557153,0.0,0.2782589346499672,0.5434813994392897,464.69399999999996
1979,19,63.651952055571535,0.0,0.27782517568241144,0.5424800507603084,464.69399999999996
1979,20,63.651952055571535,0.0,0.2774049063376791,0.5415104168844548,464.69399999999996
1979,21,63.651952055571535,0.0,0.27699769957517595,0.5405714584189346,465.64349999999996
1979,22,63.651952055571535,0.0,0.27660978066275266,0.5396774666049927,465.64349999999996
1979,23,63.651952055571535,0.0,0.27623390744018406,0.5388116922862343,465.64349999999996
1979,24,63.65195205557154,0.0,0.27586969969366404,0.5379732166512924,465.64349999999996
1979,25,63.651952055571535,0.0,0.27551678953837877,0.5371611524265613,465.64349999999996
1979,26,63.65195205557153,0.0,0.27517482100282586,0.5363746427037483,465.64349999999996
1979,27,63.651952055571535,0.0,0.27484344962777785,0.535612859815718,465.64349999999996
1979,28,63.65195205557154,0.0,0.274522342079361,0.5348750042584134,465.64349999999996
1979,29,63.65195205557153,0.0,0.27421117577574194,0.5341603036567537,465.64349999999996
1979,30,63.65195205557154,0.0,0.2739096385269295,0.5334680117725104,465.64349999999996
1979,31,63.65195205557154,0.0,0.2736174281872146,0.5327974075522625,465.64349999999996
1979,32,63.65195205557153,0.0,0.27333425231979314,0.5321477942136292,465.64349999999996
1979,33,63.651952055571535,0.0,0.27305982787312577,0.5315184983680625,465.64349999999996
1979,34,63.65195205557153,0.0,0.27279388086860834,0.530908869178571,465.64349999999996
1979,35,63.65195205557153,0.0,0.2725361460991429,0.5303182775508241,465.64349999999996
1979,36,63.651952055571535,0.0,0.2722863668382096,0.5297461153561616,465.64349999999996
1979,37,63.651952055571535,0.0,0.2720442945590589,0.5291917946851071,465.64349999999996
1979,38,63.651952055571535,0.0,0.2718096886636534,0.528654747130049,465.64349999999996
1979,39,63.65195205557154,0.0,0.27158231622100737,0.5281344230958198,465.64349999999996
1979,40,63.65195205557153,0.0,0.2713619517145779,0.5276302911369654,465.64349999999996
1979,41,63.65195205557154,0.0,0.2711483767983802,0.5271418373205518,465.64349999999996
1979,42,63.65195205557154,0.0,0.27094138006151147,0.5266685646134156,465.64349999999996
1979,43,63.65195205557153,0.0,0.2707407568007745,0.5262099922928128,465.64349999999996
1979,44,63.65195205557153,0.0,0.27054630880110975,0.5257656553794717,465.64349999999996
1979,45,63.65195205557153,0.0,0.27035784412355246,0.5253351040921038,465.64349999999996
1979,46,63.65195205557153,0.0,0.2701751769004406,0.5249179033224689,465.64349999999996
1979,47,63.65195205557153,0.0,0.26999812713761506,0.5245136321301341,465.64349999999996
1979,48,63.651952055571535,0.0,0.26982652052335665,0.5241218832561065,465.64349999999996
1979,49,63.651952055571535,0.0,0.269660188243819,0.5237422626545568,465.64349999999996
1979,50,63.651952055571535,0.0,0.2694989668047235,0.5233743890418877,465.64349999999996
1979,51,63.651952055571535,0.0,0.26934269785909115,0.5230178934624355,465.64349999999996
1979,52,63.651952055571535,0.0,0.2691912280407961,0.5226724188701253,465.64349999999996
1979,53,63.76528542595179,0.0,0.26961336640808087,0.5236354166490338,467.65149999999994
1979,54,63.765285425951795,0.0,0.26945761665039036,0.5232800497181872,468.45599999999996
1979,55,64.12869922436232,0.0,0.2711276615880781,0.5270944684751256,473.67199999999997
1979,56,64.12869922436232,0.0,0.2709356115265308,0.5266553774887186,473.67199999999997
1979,57,64.12869922436232,0.0,0.27074945484671986,0.5262298711353935,473.67199999999997
1979,58,64.12869922436232,0.0,0.2705690089702746,0.5258175218713729,473.67199999999997
1979,59,64.12869922436232,0.0,0.27039409707316797,0.5254179160339671,473.67199999999997
1979,60,64.12869922436232,0.0,0.27022454789899264,0.5250306533664587,473.67199999999997
1979,61,64.31694244522579,0.0,0.2709920813389023,0.5267844744526194,476.38699999999994
1979,62,64.31694244522579,0.0,0.27080657917298834,0.5263604311194822,479.04499999999996
1979,63,64.5353441501364,0.0,0.27171834297667385,0.5284456901551955,486.13499999999993
1979,64,65.67042216690703,0.0,0.27705616524244203,0.5407062390673406,495.36549999999994
1979,65,65.67042216690703,0.0,0.27670075341028677,0.5398870779274791,497.23549999999994
1979,66,65.67042216690703,0.0,0.2763698527263234,0.5391247723832108,500.9454999999999
1979,67,66.32177819255114,0.0,0.27912270083225477,0.5454772293985559,505.6024999999999
1979,68,66.32177819255114,0.0,0.2787203603674666,0.544547278655097,510.3419999999999
1979,69,66.32177819255114,0.0,0.2783653124258072,0.5437270683761949,513.8164999999999
1979,70,66.32177819255114,0.0,0.27804710475107663,0.5429923070919457,513.8164999999999
1979,71,66.32177819255114,0.0,0.27773862611281674,0.5422803198438307,513.8164999999999
1979,72,66.32177819255114,0.0,0.2774395745841771,0.5415903811652234,513.8164999999999
1979,73,66.32177819255114,0.0,0.2771496578491526,0.5409217898198475,521.0519999999999
1979,74,66.32177819255114,0.0,0.27692373878566867,0.5404009725464661,527.4859999999999
1979,75,66.32177819255114,0.0,0.27675478502866535,0.5400115852616573,527.4859999999999
1979,76,66.32177819255112,0.0,0.2765909993471789,0.5396341956490892,528.6689999999999
1979,77,66.32177819255114,0.0,0.2764415393606743,0.5392898893878122,534.6969999999999
1979,78,72.02148695546889,0.0,0.3013209754727614,0.5976063909803412,548.4014999999999
1979,79,75.61861653930718,0.0,0.3139482496281799,0.6280036937362466,563.0165
1979,80,78.49742613064042,0.0,0.3223560906231464,0.6485555607003896,575.4865
1979,81,83.83667279974026,0.0,0.33776490726914243,0.686891101859988,585.7015
1979,82,91.96875909948413,0.0,0.3592251147213841,0.7417951279287583,599.395
1979,83,94.56756284301417,0.0,0.3624064836742238,0.7500905340534806,615.0654999999999
1979,84,94.77519302214652,0.0,0.3589960355849807,0.7411993955762882,621.6315
1979,85,94.77519302214652,0.0,0.35517957904698827,0.73130569679787,621.6315
1979,86,94.77519302214651,0.0,0.35147274632186565,0.7217520839844612,621.6315
1979,87,94.77519302214651,0.0,0.34787219642708844,0.7125245308576479,621.7755
1979,88,94.77519302214652,0.0,0.34437539436900344,0.7036115022464536,628.2085
1979,89,99.00493376360444,0.0,0.3516816825802691,0.7222891210968404,644.1329999999999
1979,90,102.12310144793688,0.0,0.3552339319276968,0.7314461885529229,661.069
1979,91,108.40672966316848,0.0,0.36480938120674344,0.7563835634342938,671.6279999999999
1979,92,108.40672966316848,0.0,0.36480938120674344,0.7563835634342938,676.0074999999999
1979,93,110.40459059188126,0.0,0.3696814683997013,0.7692166360955012,684.804
1979,94,110.40459059188126,0.0,0.36968146839970134,0.7692166360955012,689.4839999999999
1979,95,111.494546605842,0.0,0.3722062078713262,0.7759058715295594,695.108
1979,96,115.01391442523808,0.0,0.3801428660974656,0.7971104278089088,703.0574999999999
1979,97,115.01391442523808,0.0,0.3801428660974656,0.7971104278089088,705.3799999999999
1979,98,115.01391442523808,0.0,0.3801428660974656,0.7971104278089088,705.8689999999999
1979,99,117.4610108150793,0.0,0.3854087412138717,0.8113297533220993,714.6664999999999
1979,100,117.4610108150793,0.0,0.3854087412138717,0.8113297533220993,721.021
1979,101,117.4610108150793,0.0,0.3854087412138717,0.8113297533220993,723.8335
1979,102,119.88214344704227,0.0,0.39025775223335146,0.8245315929279377,731.733
1979,103,130.18421058094913,0.0,0.40989266384994005,0.8790847215846228,750.1579999999999
1979,104,140.97380999883825,0.0,0.4284224404508481,0.9322584878472676,764.9804999999999
1979,105,149.75722295875852,0.0,0.442208886740033,0.9729512261389638,775.4039999999999
1979,106,158.78606197138902,0.0,0.4554216757534079,1.0129058346184776,784.1584999999999
1979,107,159.58988437469793,0.0,0.4563793968361146,1.015839493486225,791.2594999999999
1979,108,166.43416484991886,0.0,0.4653283295610161,1.0435040343186257,799.7134999999998
1979,109,172.08750294258215,0.0,0.4715813062285159,1.0631105481518133,808.3259999999998
1979,110,182.88158635996973,0.0,0.48280549824190566,1.0988937715429261,818.2929999999998
1979,111,198.60420753536994,0.0,0.4970890050394652,1.1455701215470162,833.4439999999997
1979,112,208.32817659610762,0.0,0.5028970165722402,1.1649301070572375,849.5529999999998
1979,113,224.59817098795656,0.0,0.5123267298408857,1.196849376209446,861.5814999999998
1979,114,236.1645032911916,0.0,0.5162602110944134,1.210346905110721,876.4779999999997
1979,115,241.24056884714759,0.0,0.5149632092369554,1.2058842227971303,893.7599999999998
1979,116,249.1819864727293,0.0,0.5147513517624653,1.2051564044001197,912.1979999999998
1979,117,252.94909264044603,0.0,0.511972562886305,1.1956394185263994,926.7044999999997
1979,118,260.3481216706707,0.0,0.5103091252614196,1.1899682580646462,935.4899999999997
1979,119,264.0033397564288,0.0,0.50702302494208,1.1788213496109519,941.8039999999996
1979,120,264.54837234912355,0.0,0.5027634661572977,1.1644824047938225,948.2099999999996
1979,121,274.21419299932774,0.0,0.5009111716306325,1.1582853105145783,956.7624999999996
1979,122,274.21419299932774,0.0,0.4964336803901892,1.1433997638304028,964.0894999999996
1979,123,288.9778542947975,0.0,0.4946575743273531,1.1375316814231662,979.3119999999996
1979,124,295.4986323422012,0.0,0.4906772331892043,1.1244555732155008,993.9114999999996
1979,125,301.71688902390065,0.0,0.48624845807591044,1.1100258531068337,1003.3724999999996
1979,126,304.7419601162719,0.338375809332389,0.4817035670734231,1.0953465601107097,1011.7804999999996
1979,127,321.29268146024856,4.840329640811596,0.4772596789578789,1.0811174271783897,1026.8949999999995
1979,128,337.9858643163243,14.186922213275336,0.4727159290258205,1.0666930692681174,1046.1679999999994
1979,129,354.19676009905186,29.214576993347407,0.4682764006665764,1.0527191246309477,1069.0759999999993
1979,130,368.64542070673286,43.663237601028435,0.4502164012871175,0.997050891776264,1091.6474999999994
1979,131,382.2165915497453,57.23440844404085,0.43244444281767025,0.9440277271660745,1114.7969999999993
1979,132,393.27490097195414,68.29271786624972,0.4152190804133882,0.8941966638745407,1137.9804999999994
1979,133,395.946744273317,70.96456116761253,0.4023597419489192,0.8579438020264387,1152.5049999999994
1979,134,409.0737730855385,84.09158997983407,0.3910574789596911,0.8267189970912993,1164.7819999999995
1979,135,420.1456770309582,95.16349392525379,0.3780482660486639,0.7914879790047119,1180.0969999999995
1979,136,433.1838342398184,108.20165113411397,0.36551922629576505,0.7582471562956027,1194.7904999999996
1979,137,446.8279187038088,121.84573559810438,0.35436806465119775,0.7292094951602481,1207.3864999999996
1979,138,458.76738780799235,133.78520470228787,0.3415274546928905,0.696387419073015,1223.3664999999996
1979,139,470.04488487714303,145.06270177143858,0.32754686015865886,0.6613714174454429,1242.8299999999997
1979,140,476.89087034354054,151.9086872378361,0.3139933281719133,0.6281132093443779,1261.8239999999996
1979,141,483.47708170660883,158.49489860090438,0.3013153826478273,0.5975930496071855,1279.0564999999997
1979,142,492.45733768175376,167.4751545760493,0.2892492790382417,0.569055856806602,1295.1984999999997
1979,143,500.4598808727226,175.4776977670181,0.2786004689537145,0.5442702676225109,1308.5764999999997
1979,144,506.22597001479323,181.24378690908875,0.26687796688996657,0.5174051774855353,1325.0969999999998
1979,145,508.91293357606924,183.93075047036479,0.2574917231826551,0.496202101897775,1336.7279999999998
1979,146,514.0888264437656,189.10664333806116,0.24821907147729072,0.47551719321267466,1348.5649999999998
1979,147,518.3276371085153,193.34545400281084,0.23847442176929204,0.45405252989820405,1362.0339999999999
1979,148,521.7857869074475,196.803603801743,0.22856426704580401,0.4325031867817211,1376.6174999999998
1979,149,525.4071659372228,200.42498283151838,0.21885301579876804,0.41165324474712056,1391.5704999999998
1979,150,528.0271329356175,203.04494982991304,0.2087706495281969,0.39027900535717464,1409.3324999999998
1979,151,530.5895221463483,205.6073390406438,0.19809074639199076,0.3679330460538022,1431.1904999999997
1979,152,531.5661712526498,206.58398814694542,0.18804112067055312,0.34717596887110336,1452.5584999999996
1979,153,532.9493977681872,207.96721466248275,0.17849858131906637,0.32770269094440313,1473.8554999999997
1979,154,533.915410292597,208.93322718689257,0.16996009059809805,0.31046915955120685,1492.7274999999997
1979,155,535.0683255045402,210.08614239883585,0.1616364139971429,0.2938389984736456,1512.5544999999997
1979,156,535.9532122933147,210.97102918761018,0.15321034097276276,0.2771715860337126,1534.9964999999997
1979,157,536.5461684649944,211.56398535928997,0.14509390877781514,0.2612727515091954,1558.1844999999998
1979,158,537.0737586820344,212.09157557632994,0.13749862890737719,0.24653090067546587,1580.9524999999999
1979,159,537.2486879878121,212.26650488210763,0.13008849230085928,0.23227297965867064,1605.088
1979,160,537.5162544249023,212.53407131919784,0.12295928086098261,0.21866976275784586,1630.0885
1979,161,537.7586580010252,212.7764748953208,0.11605860526380951,0.20560752348239397,1656.2875000000001
1979,162,537.9032571054724,212.92107399976797,0.10992908423585146,0.1940902313273497,1680.0225
1979,163,538.0707092349727,213.08852612926833,0.10495268793916601,0.18479783244443057,1697.978
1979,164,538.1882893465911,213.20610624088675,0.10013224798021159,0.17584578109187377,1716.679
1979,165,538.2597065825619,213.27752347685748,0.09532966743120541,0.16697445841755215,1737.207
1979,166,538.325977511381,213.3437944056765,0.09046252967340462,0.15803180508803694,1760.3875
1979,167,538.3729304360456,213.3907473303412,0.08565577614556719,0.14924694316080622,1785.4135
1979,168,538.4003727803424,213.41818967463797,0.08124586885503648,0.1412278866348096,1809.3645000000001
1979,169,538.4101102172606,213.42792711155613,0.07691583357372234,0.1333914345708714,1834.9485000000002
1979,170,538.4107019967124,213.4285188910079,0.07345734600227216,0.12715866090383704,1854.2715000000003
1979,171,538.4107019967123,213.4285188910079,0.0699003079076197,0.12077250463606003,1876.5190000000002
1979,172,538.4107019967124,213.4285188910079,0.06623966530017622,0.11422579107456797,1902.0535000000002
1979,173,538.4107019967124,213.4285188910079,0.06294766395401996,0.10836023899757888,1925.7395000000001
1979,174,538.4107019967124,213.4285188910079,0.05994110436338107,0.10302125124708732,1948.152
1979,175,538.4107019967123,213.4285188910079,0.05728531666400061,0.09831934145035277,1968.1205
1979,176,538.4107019967124,213.4285188910079,0.055040593258693704,0.09435551373387967,1984.3665
1979,177,538.4107019967124,213.4285188910079,0.05290614991162612,0.09059514697391208,2000.5275000000001
1979,178,538.4107019967123,213.4285188910079,0.050779300767388125,0.08685657938096107,2018.0035000000003
1979,179,538.4107019967123,213.4285188910079,0.04851960379362375,0.08289365916549406,2038.9970000000003
1979,180,538.4107019967123,213.4285188910079,0.04630527621466141,0.07901942462607586,2061.0660000000003
1979,280,10.5,0.0,0.0,0.14469,0.0
1979,281,10.5,0.0,0.0,0.14469,0.0
1979,282,10.5,0.0,0.0,0.14469,0.0
1979,283,10.5,0.0,0.0,0.14469,0.0
1979,284,10.5,0.0,0.0,0.14469,0.0
1979,285,10.5,0.0,0.0,0.14469,0.0
1979,286,10.5,0.0,0.0,0.14469,0.0
1979,287,10.5,0.0,0.08315238656939639,0.14469,0.0
1979,288,10.5,0.0,0.08734210388440544,0.15232361942604972,6.293
1979,289,10.79737977220804,0.0,0.09528463150458379,0.1668914911677568,17.4725
1979,290,11.25445735878207,0.0,0.10545551465002223,0.18573440864170593,30.566
1979,291,12.010737066250346,0.0,0.11933402792171077,0.21179478545959304,46.637
1979,292,13.036444101524445,0.0,0.13730625353643033,0.24615920287002843,65.041
1979,293,13.788717635354658,0.0,0.1580947230270937,0.2868129478750455,84.29849999999999
1979,294,14.998197948805897,0.0,0.18516322687553965,0.3412791069576026,106.5085
1979,295,16.436420961817465,0.0,0.21627573391253163,0.40616336985370616,129.685
1979,296,17.61634899035075,0.0,0.24595590518221888,0.4705073858224134,150.262
1979,297,18.103479061183606,0.0,0.26123014948446766,0.5046147336877267,160.5895
1979,298,19.562738823221068,0.0,0.2715897857286266,0.5281515138989022,167.3895
1979,299,19.717788317981075,0.0,0.2780985903892458,0.5431111686650228,172.057
1979,300,19.717788317981075,0.0,0.2837134343157065,0.5561249344834512,175.934
1979,301,22.232240136785023,0.0,0.30251497867068766,0.6004570671898133,186.9085
1979,302,25.43762842161236,0.0,0.3214754533659391,0.6463910376106463,198.5935
1979,303,28.93419997086569,0.0,0.33866765223680306,0.6891646168066053,210.032
1979,304,31.370561884515926,0.0,0.3479223380234193,0.7126526844798597,222.81300000000002
1979,305,34.14999391944705,0.0,0.3582098639813235,0.7391565327821759,240.76850000000002
1979,306,37.1962301695696,0.0,0.36911238289130854,0.7677125585699311,255.68
1979,307,37.68109726382265,0.0,0.3679858813370542,0.7647392423804101,261.1215
1979,308,38.00096610529879,0.0,0.3662590520643838,0.760191679191763,266.66200000000003
1979,309,38.00096610529879,0.0,0.36322830317489263,0.7522401523003098,270.30750000000006
1979,310,40.46103513374984,0.0,0.3717266468465117,0.774633219161366,279.47350000000006
1979,311,40.88786409872786,0.0,0.3705476479011034,0.7715085333738234,287.7325000000001
1979,312,40.957579505573584,0.0,0.367908401274079,0.7645349344073077,290.72600000000006
1979,313,41.3418638155259,0.0,0.3668883253208184,0.7618474185070692,296.30150000000003
1979,314,41.49025891684548,0.0,0.36492740364824683,0.7566932694344255,302.764
1979,315,41.58811626146878,0.0,0.36291726356884557,0.7514262455615488,306.284
1979,316,41.58811626146878,0.0,0.3606265944059601,0.7454443932898612,306.284
1979,317,41.58811626146878,0.0,0.35850405665964746,0.7399206977599095,307.082
1979,318,41.588116261468784,0.0,0.35654942105318255,0.7348500921478383,308.5465
1979,319,41.58811626146878,0.0,0.3547621515649396,0.7302271214949244,308.9955
1979,320,42.08828874937728,0.0,0.355583482808862,0.7323499935265213,314.858
1979,321,42.08828874937728,0.0,0.3540276135751057,0.7283308693090815,318.821
1979,322,45.59445762625571,0.0,0.3697604507516101,0.7694254916101397,328.78950000000003
1979,323,49.473282515067396,0.0,0.385517671067825,0.8116251786878029,340.264
1979,324,52.61046748013344,0.0,0.3964799502029155,0.8416266941100444,353.65000000000003
1979,325,56.382315002164624,0.0,0.40905755370223607,0.8767277498484208,364.29100000000005
1979,326,57.062277408744016,0.0,0.4084973161110905,0.8751484302426189,377.36250000000007
1979,327,57.434555248427486,0.0,0.40689233963118776,0.8706322406794316,390.7845000000001
1979,328,58.33559328786171,0.0,0.40756911254424527,0.872535097367965,398.8555000000001
1979,329,58.335593287861705,0.0,0.404726768820859,0.8645579446271952,403.0670000000001
1979,330,58.44087894980997,0.0,0.40241545709148374,0.8580991846305036,407.2615000000001
1979,331,59.38852981219075,0.0,0.403474953408144,0.8610567484476623,414.74400000000014
1979,332,59.89857787321398,0.0,0.402785567481426,0.8591317443871163,420.05550000000017
1979,333,59.89857787321398,0.0,0.40017334044842107,0.8518576104220325,420.81350000000015
1979,334,59.89857787321398,0.0,0.3976499819708667,0.8448609622299186,420.81350000000015
1979,335,59.89857787321399,0.0,0.39520886798107385,0.8381201948190524,420.81350000000015
1979,336,59.898577873213995,0.0,0.3928473572226142,0.8316250812219657,420.81350000000015
1979,337,59.89857787321398,0.0,0.39056288331213085,0.8253658455792059,420.81350000000015
1979,338,59.89857787321399,0.0,0.3883529538715049,0.8193331414169703,420.81350000000015
1979,339,59.89857787321399,0.0,0.38621514951829927,0.8135180310387518,421.80700000000013
1979,340,60.972753872804454,0.0,0.38846041276516274,0.8196259800593689,428.71750000000014
1979,341,61.23694682159779,0.0,0.38734401586721723,0.816586168356247,433.3410000000001
1979,342,62.032480725723374,0.0,0.38836036490484405,0.8193533357384186,438.7885000000001
1979,343,62.03248072572337,0.0,0.3861965310465475,0.8134674753503924,439.6465000000001
1979,344,62.032480725723374,0.0,0.3841071655063464,0.8078038342683069,440.4370000000001
1979,345,62.667684130211754,0.0,0.38459101748343394,0.8091136999603422,446.7760000000001
1979,346,64.93643711736806,0.0,0.3913525883193366,0.8275269028223765,457.95050000000015
1979,347,65.0663947075133,0.0,0.38952019836534757,0.8225167848903686,465.22000000000014
1979,348,65.0663947075133,0.0,0.3872899655720621,0.8164391366547759,465.6390000000001
1979,349,65.0663947075133,0.0,0.3851330702574436,0.8105823483171412,465.6390000000001
1979,350,65.0663947075133,0.0,0.3830449118244421,0.8049317472756777,465.94800000000015
1979,351,65.0663947075133,0.0,0.38102494145079,0.7994838337411578,465.94800000000015
1979,352,65.0663947075133,0.0,0.37906928014934516,0.7942262758490974,465.94800000000015
1979,353,65.0663947075133,0.0,0.37717584194006326,0.7891517505664593,465.94800000000015
1979,354,65.0663947075133,0.0,0.3753426060598193,0.7842532487356386,468.01750000000015
1979,355,65.0663947075133,0.0,0.37357912528313464,0.779554683269326,469.33300000000014
1979,356,65.0663947075133,0.0,0.3718790322623582,0.7750375121291068,473.08700000000016
1979,357,65.48890652201439,0.0,0.3719083826592041,0.7751153927818983,481.20250000000016
1979,358,66.40126240558249,0.0,0.37383228383041056,0.7802283776027109,492.28700000000015
1979,359,67.2566566130137,0.0,0.37541103962324984,0.7844358483306197,502.25100000000015
1979,360,67.39907346636697,0.0,0.3742345403000663,0.7812994051709868,505.16150000000016
1979,361,67.39907346636696,0.0,0.37257281886636506,0.7768794345203864,506.5185000000002
1979,362,67.39907346636696,0.0,0.37097137220366905,0.7726308502127915,508.4140000000002
1979,363,67.39907346636696,0.0,0.36943157853471376,0.7685560168183284,508.4140000000002
1979,364,67.39907346636696,0.0,0.3679400713360722,0.764618442492411,508.4140000000002
1979,365,67.39907346636696,0.0,0.36649528862465286,0.7608130703200204,509.9195000000002
1980,1,67.39907346636696,0.0,0.365104932414874,0.7571592360697051,509.9195000000002
1980,2,67.39907346636697,0.0,0.3637580488857499,0.7536272695091298,509.9195000000002
1980,3,67.39907346636696,0.0,0.36245323360829174,0.7502127426573036,509.9195000000002
1980,4,67.39907346636696,0.0,0.3611891283786275,0.7469114066123642,509.9195000000002
1980,5,67.39907346636696,0.0,0.35996441978701443,0.7437191834848722,509.9195000000002
1980,6,67.39907346636696,0.0,0.3587778378146106,0.7406321587269014,509.9195000000002
1980,7,67.39907346636696,0.0,0.35762815445956875,0.7376465738364544,509.9195000000002
1980,8,67.39907346636696,0.0,0.35651418239370747,0.7347588194178151,509.9195000000002
1980,9,67.39907346636697,0.0,0.3554347736507374,0.7319654285794752,509.9195000000002
1980,10,67.39907346636696,0.0,0.35438881834678093,0.7292630706522468,509.9195000000002
1980,11,67.39907346636696,0.0,0.35337524343370086,0.7266485452110883,509.9195000000002
1980,12,67.39907346636696,0.0,0.352393011485568,0.7241187763850473,515.2315000000002
1980,13,67.39907346636696,0.0,0.3514753059599006,0.7217586620762626,515.2315000000002
1980,14,67.39907346636696,0.0,0.35058593738145416,0.7194746079350937,515.8265000000002
1980,15,67.39907346636697,0.0,0.34972788335529703,0.7172739378438238,517.5240000000002
1980,16,67.39907346636696,0.0,0.34890740860696035,0.7151723623413766,519.9515000000002
1980,17,67.75287583086798,0.0,0.34953326628351555,0.716775203161404,526.4845000000003
1980,18,68.85829767733003,0.0,0.35307632240759124,0.7258782582919522,533.8550000000002
1980,19,68.85829767733003,0.0,0.352150120687817,0.7234937953284809,535.5565000000003
1980,20,68.85829767733003,0.0,0.35126359040305,0.7212146555326898,535.5565000000003
1980,21,68.85829767733003,0.0,0.35040417888377307,0.7190082052768252,535.5565000000003
1980,22,68.85829767733003,0.0,0.34957102760746495,0.7168719604027999,535.5565000000003
1980,23,68.85829767733003,0.0,0.34876330637556696,0.7148035302965183,536.4590000000003
1980,24,68.85829767733003,0.0,0.34798629330267483,0.7128161578909081,536.4590000000003
1980,25,68.85829767733003,0.0,0.3472329488858902,0.7108915829614013,536.4590000000003
1980,26,68.85829767733003,0.0,0.34650252811591953,0.7090276908394069,537.5860000000002
1980,27,68.85829767733003,0.0,0.34580197450679895,0.7072419701382616,537.5860000000002
1980,28,68.85829767733003,0.0,0.34512269784036076,0.7055123097358502,537.5860000000002
1980,29,68.85829767733003,0.0,0.34446403137154835,0.7038368420571528,537.5860000000002
1980,30,68.85829767733003,0.0,0.3438253301599459,0.7022137674669992,537.5860000000002
1980,31,68.85829767733003,0.0,0.3432059703265664,0.7006413515123516,537.5860000000002
1980,32,68.85829767733003,0.0,0.3426053483359476,0.6991179222895252,537.5860000000002
1980,33,68.85829767733003,0.0,0.3420228803028309,0.6976418679301677,537.5860000000002
1980,34,68.85829767733003,0.0,0.34145800132270016,0.696211634200145,537.5860000000002
1980,35,68.85829767733003,0.0,0.34091016482546077,0.6948257222057815,537.5860000000002
1980,36,68.85829767733003,0.0,0.3403788419515452,0.6934826862021959,537.5860000000002
1980,37,68.85829767733003,0.0,0.3398635209497397,0.6921811314987439,537.5860000000002
1980,38,68.85829767733003,0.0,0.3393637065960391,0.6909197124568428,537.5860000000002
1980,39,68.85829767733003,0.0,0.3388789196328419,0.6896971305756907,537.5860000000002
1980,40,68.85829767733003,0.0,0.3384086962278201,0.6885121326616338,537.5860000000002
1980,41,68.85829767733003,0.0,0.33795258745180157,0.6873635090771476,537.5860000000002
1980,42,68.85829767733003,0.0,0.3375101587750259,0.6862500920656098,537.5860000000002
1980,43,68.85829767733003,0.0,0.3370809895811453,0.6851707541482382,537.5860000000002
1980,44,68.85829767733003,0.0,0.3366646726983579,0.6841244065897527,537.5860000000002
1980,45,68.85829767733003,0.0,0.3362608139470804,0.6831099979294981,537.5860000000002
1980,46,68.85829767733003,0.0,0.3358690317035776,0.6821265125749301,537.5860000000002
1980,47,68.85829767733003,0.0,0.33548895647899024,0.6811729694545251,537.5860000000002
1980,48,68.85829767733003,0.0,0.3351202305132104,0.6802484207273253,537.5860000000002
1980,49,68.85829767733003,0.0,0.33476250738308,0.6793519505464699,537.5860000000002
1980,50,68.85829767733003,0.0,0.33441545162439423,0.6784826738742,537.5860000000002
1980,51,68.85829767733003,0.0,0.3340787383672179,0.6776397353459489,538.4240000000002
1980,52,69.04458991512965,0.0,0.3345031377385401,0.6787022600281647,541.4905000000002
1980,53,69.42390474038254,0.0,0.33567769467724456,0.6816464128191824,546.4520000000002
1980,54,70.12760965207913,0.0,0.33805413432563125,0.6876191671576406,553.9040000000002
1980,55,70.28125168992075,0.0,0.33819781513794567,0.6879809701780376,556.8680000000003
1980,56,70.28125168992074,0.0,0.33776400551110775,0.686888832380386,557.7850000000003
1980,57,70.28125168992074,0.0,0.33734962658248013,0.6858462802235189,557.7850000000003
1980,58,70.28125168992074,0.0,0.33694753149119994,0.6848352565086663,557.7850000000003
1980,59,70.28125168992074,0.0,0.3365573470656307,0.6838547668194217,557.7850000000003
1980,60,70.28125168992074,0.0,0.3361787119231925,0.682903850323689,557.7850000000003
1980,61,70.28125168992074,0.0,0.33581127607738936,0.6819815785238806,557.7850000000003
1980,62,70.28125168992074,0.0,0.335454700558682,0.6810870540592469,557.7850000000003
1980,63,70.28125168992075,0.0,0.3351086570487045,0.6802194095579142,557.7850000000003
1980,64,70.28125168992074,0.0,0.3347728275273477,0.6793778065363325,557.7850000000003
1980,65,70.28125168992075,0.0,0.33444690393224075,0.6785614343439471,558.7760000000003
1980,66,70.28125168992075,0.0,0.33413776224372815,0.6777874667566874,559.2600000000003
1980,67,70.28125168992074,0.0,0.3338412434755143,0.6770454394803785,559.2600000000003
1980,68,70.28125168992074,0.0,0.3335534563811585,0.6763255786713832,559.2600000000003
1980,69,70.33667761715819,0.0,0.3334841692655318,0.6761523126762279,560.7960000000003
1980,70,70.33667761715817,0.0,0.33321315759350917,0.6754747679066005,561.8750000000002
1980,71,70.89476965264868,0.0,0.33505839166462037,0.6800934153266852,567.5035000000003
1980,72,70.89476965264868,0.0,0.33474071859913634,0.6792973624548361,567.5035000000003
1980,73,70.89476965264866,0.0,0.3344323706663266,0.6785250407856536,567.5035000000003
1980,74,70.89476965264868,0.0,0.33413306843833146,0.6777757181081264,567.7550000000002
1980,75,70.89476965264868,0.0,0.3338443881878974,0.677053307274091,568.3155000000003
1980,76,70.89476965264866,0.0,0.33356829121478837,0.6763626784179998,574.2390000000003
1980,77,74.76494987002702,0.0,0.34728614201804175,0.7110274029794255,584.3205000000003
1980,78,75.21264026883544,0.0,0.3478998665205302,0.7125952498188043,590.7705000000003
1980,79,75.21264026883544,0.0,0.3470196092861976,0.7103469661522674,592.8450000000003
1980,80,75.30135214832269,0.0,0.346466671322723,0.7089362449117615,598.4050000000002
1980,81,78.30120425765523,0.0,0.3551923052726227,0.7313385905845363,606.4570000000002
1980,82,79.48934059797101,0.0,0.35752070013320336,0.7373678013965493,611.9535000000002
1980,83,79.48934059797101,0.0,0.35618447486544746,0.7339050759455278,613.5995000000001
1980,84,79.48934059797101,0.0,0.3548972605793297,0.7305761482458341,619.6600000000002
1980,85,80.07482304839354,0.0,0.35536259834107276,0.7317788137211331,625.3800000000002
1980,86,80.07482304839354,0.0,0.3541337787204424,0.7286048074128622,626.5090000000002
1980,87,80.07482304839354,0.0,0.3529474824378609,0.7255463614851984,628.6825000000002
1980,88,80.07482304839353,0.0,0.35180961481252104,0.7226180358003819,634.8630000000003
1980,89,81.24382307507821,0.0,0.35395518357070643,0.7281440038805739,643.1320000000003
1980,90,82.99955121328242,0.0,0.35742559654339867,0.7371211097868722,650.1775000000002
1980,91,83.75031724116846,0.0,0.3579869364216315,0.7385777120771471,655.7825000000003
1980,92,85.29704892849536,0.0,0.36213392519181864,0.7493782196102564,661.7285000000003
1980,93,85.29704892849536,0.0,0.36213392519181864,0.7493782196102564,666.7650000000003
1980,94,91.44415164834132,0.0,0.3776551809223474,0.7904349472376568,675.5965000000003
1980,95,95.56180762053029,0.0,0.3874708093337239,0.8169311324470294,686.2105000000004
1980,96,98.30813064759968,0.0,0.39369912986249367,0.8339648845758079,695.3765000000004
1980,97,100.86861034167165,0.0,0.39928039779803637,0.8493783423213543,702.9205000000004
1980,98,112.35818630033384,0.0,0.42310178938899434,0.9168157324262718,713.7590000000004
1980,99,117.75200089189282,0.0,0.43356092629204057,0.9473095881929061,727.4570000000003
1980,100,123.69859760857139,0.0,0.4443314807687222,0.9793055849258337,742.8080000000003
1980,101,126.1747163358994,0.0,0.4485050914072167,0.991871120428741,751.0235000000004
1980,102,127.71009113131416,0.0,0.4509944925427337,0.9994113428743757,755.9895000000004
1980,103,127.71009113131416,0.0,0.45099449254273366,0.9994113428743757,763.1580000000004
1980,104,135.0634462051614,0.0,0.4621886692149433,1.0337457776638201,771.1685000000003
1980,105,135.18094168880268,0.0,0.4623596205802005,1.034275636776585,775.9105000000003
1980,106,135.74111602911577,0.0,0.46315685778247817,1.0367488788273704,780.2030000000003
1980,107,136.5247656248089,0.0,0.4642486162231968,1.0401417695899091,785.4245000000003
1980,108,136.5247656248089,0.0,0.4642486162231968,1.0401417695899091,789.8760000000003
1980,109,136.5247656248089,0.0,0.46424861622319674,1.0401417695899091,796.7700000000003
1980,110,153.5034753311466,0.0,0.48563849727039,1.1080482467198782,808.5815000000003
1980,111,171.7582298645284,0.0,0.5064135704017088,1.1767621657983287,820.7295000000004
1980,112,186.28074724950108,0.0,0.5204724868506725,1.2249233457900535,838.3585000000004
1980,113,203.5685037688795,0.0,0.5337625052306687,1.2717668820897743,853.6350000000004
1980,114,223.06825363827815,0.0,0.5455514471775395,1.314450944802919,873.1700000000004
1980,115,241.6805616470158,0.0,0.5535167010244619,1.3439221394587453,890.0260000000004
1980,116,251.17539491806437,0.0,0.5545594916788021,1.3478193001838428,897.3870000000004
1980,117,251.1753949180644,0.0,0.5506677421535473,1.333321116162759,902.5005000000004
1980,118,255.5913079540434,0.0,0.5488422912204294,1.326563856221669,910.6325000000004
1980,119,261.415723407987,0.0,0.5474106570887102,1.3212834873892698,919.5075000000004
1980,120,263.4068557619885,0.0,0.5443004470414978,1.309869269520563,926.2765000000004
1980,121,269.1502056359346,0.0,0.5424523866392351,1.3031238779367782,935.3720000000004
1980,122,277.9307010598385,0.0,0.541193291834932,1.2985437878737416,945.4425000000005
1980,123,289.6206743090482,0.0,0.5400745980425017,1.2944849538458827,957.0475000000005
1980,124,301.84195979490767,0.0,0.5382063890749815,1.2877286955222007,969.8435000000005
1980,125,318.20662637589436,0.0,0.5359639358147206,1.2796550087317282,984.4240000000005
1980,126,335.8828506568637,0.0,0.5324643967311157,1.2671329607138089,1001.2165000000006
1980,127,352.8482541620802,1.200988992897966,0.5277230747523436,1.2503162656801772,1020.4305000000006
1980,128,366.92796947269136,7.350606362992722,0.5229101374631431,1.2334173579576178,1037.6270000000006
1980,129,379.5182868175938,16.973685679162347,0.5181829093798622,1.2169845283225271,1051.3320000000006
1980,130,388.2410078859912,25.696406747559756,0.5072293385096456,1.1795190047474482,1059.1485000000005
1980,131,402.6518798598224,40.107278721390976,0.49576011525126445,1.1411719372360203,1068.9465000000005
1980,132,413.5874369116042,51.04283577317274,0.4814642700915107,1.0945772392416924,1083.1325000000004
1980,133,427.31476053135714,64.77015939292568,0.46534746736365507,1.0435636913200164,1101.4510000000005
1980,134,432.29133659349816,69.74673545506677,0.45087958212506773,0.9990625352211591,1116.8525000000004
1980,135,444.57102020460496,82.02641906617353,0.43429602046650073,0.9494739032520224,1137.3955000000003
1980,136,453.64127219321836,91.09667105478691,0.4222474290816755,0.9143492999288003,1149.7230000000004
1980,137,464.3990848888023,101.85448375037082,0.41004381942971413,0.8795116917673262,1162.4860000000003
1980,138,471.19959960985045,108.65499847141898,0.39723919864162616,0.8437247365856553,1176.4165000000003
1980,139,472.6519822910111,110.10738115257969,0.38372808066720066,0.8067783089345966,1191.9320000000002
1980,140,478.3100331665096,115.76543202807814,0.36919738848812056,0.7679371398366911,1210.5240000000003
1980,141,484.33650351716244,121.79190237873101,0.3562080275910766,0.7339660487851465,1226.0515000000003
1980,142,491.98420426581697,129.43960312738557,0.34292636003446225,0.6999319693252244,1243.0410000000002
1980,143,500.34329436734197,137.7986932289106,0.330142801001738,0.6678178752288039,1259.5420000000001
1980,144,507.9302064396549,145.38560530122345,0.31707746064115816,0.63562306366993,1277.6660000000002
1980,145,511.6227484431554,149.07814730472393,0.3035807201410572,0.6030056440591829,1298.0040000000001
1980,146,516.1364727335928,153.59187159516128,0.29105967422041124,0.5733065378911644,1316.6930000000002
1980,147,522.1112083516969,159.56660721326546,0.27804616531719417,0.5429901383602612,1338.0290000000002
1980,148,528.2544678812299,165.70986674279845,0.2666343464911516,0.5168514271806878,1355.7670000000003
1980,149,533.703255149415,171.15865401098353,0.2557880958794635,0.49238244555916477,1372.8760000000002
1980,150,538.1178750995888,175.5732739611574,0.24436308426664444,0.4669904806054122,1393.1490000000001
1980,151,541.3921626714263,178.84756153299486,0.23247530246769577,0.44097436807223245,1416.5735000000002
1980,152,543.7253657991748,181.18076466074345,0.2210038614695521,0.41624865013456264,1440.3590000000002
1980,153,546.162998787739,183.6183976493075,0.21054623815275042,0.3940233556268702,1462.2620000000002
1980,154,546.8174736187268,184.27287248029538,0.20068903597561705,0.3733420290189313,1483.6365
1980,155,547.3247087965101,184.78010765807863,0.19094583941549303,0.35314902765678,1506.3870000000002
1980,156,548.5104542133149,185.96585307488343,0.18197133559261092,0.3347631682175432,1527.8185
1980,157,549.391470416809,186.84686927837762,0.17431008961360284,0.3192266451667504,1545.227
1980,158,550.0988864376875,187.55428529925604,0.16613196812410758,0.3028002071744909,1566.6480000000001
1980,159,550.7226014080173,188.17800026958594,0.15744718148696013,0.2855315435393984,1592.4925
1980,160,550.9797622723141,188.43516113388276,0.14933945316770725,0.2695701956235161,1617.759
1980,161,551.3794462427269,188.83484510429543,0.14304771480581968,0.25728839747872645,1635.5425
1980,162,551.7337934574784,189.18919231904707,0.13716655373025843,0.24588933403020286,1652.6525
1980,163,552.0560178792555,189.51141674082407,0.132066177971359,0.23606634855139308,1667.061
1980,164,552.3279832788021,189.78338214037066,0.12721308979470836,0.2267730700817551,1681.3574999999998
1980,165,552.5400384243782,189.9954372859467,0.12222441088472324,0.21727385213221334,1697.4609999999998
1980,166,552.6722548533929,190.12765371496147,0.11700234943580412,0.20738789854069478,1716.5404999999998
1980,167,552.7528468117816,190.2082456733502,0.11153285582794414,0.19709601842652263,1738.9814999999999
1980,168,552.7817512712385,190.23715013280713,0.10637924861238979,0.1874563487725877,1761.1494999999998
1980,169,552.8305709365125,190.28596979808114,0.1024175670394728,0.1800838592127157,1776.3939999999998
1980,170,552.8568533176054,190.31225217917404,0.09896191861114711,0.17367959429094632,1789.8424999999997
1980,171,552.8666742282845,190.32207308985315,0.09503645959066631,0.16643437155710467,1807.3774999999998
1980,172,552.8666742282845,190.32207308985315,0.09110361245370224,0.159206960665059,1826.4384999999997
1980,173,552.8666742282845,190.32207308985315,0.08791330327648716,0.15336705204849282,1840.9334999999996
1980,174,552.8666742282845,190.32207308985315,0.08447469782718865,0.1470954628401403,1858.5659999999996
1980,175,552.8666742282845,190.32207308985315,0.0809766649588084,0.1407396086230867,1878.1624999999997
1980,176,552.8666742282845,190.32207308985315,0.07742316179486253,0.13430768848142988,1899.8489999999997
1980,177,552.8666742282845,190.32207308985315,0.07393087816089361,0.12801066917869525,1922.6389999999997
1980,178,552.8666742282846,190.32207308985315,0.07059227022800774,0.12201290902880679,1945.6144999999997
1980,179,552.8666742282846,190.32207308985315,0.06727169422917612,0.11606887584132472,1970.1894999999997
1980,180,552.8666742282846,190.32207308985315,0.06399259727838102,0.11021982274200266,1996.2179999999996
1980,181,552.8666742282845,190.32207308985315,0.060786979115335926,0.10452161033410473,2023.4154999999996
1980,182,552.8666742282845,190.32207308985315,0.057931598542161455,0.09946232338233954,2048.3254999999995
1980,183,552.8666742282845,190.32207308985315,0.05567245956010747,0.09547033702019164,2067.2099999999996
1980,280,10.5,0.0,0.0,0.14469,0.0
1980,281,10.5,0.0,0.0,0.14469,0.0
1980,282,10.5,0.0,0.0,0.14469,0.0
1980,283,10.5,0.0,0.0,0.14469,0.0
1980,284,10.5,0.0,0.0,0.14469,0.0
1980,285,10.5,0.0,0.0,0.14469,0.0
1980,286,10.5,0.0,0.0,0.14469,0.0
1980,287,10.5,0.0,0.08315238656939639,0.14469,0.0
1980,288,10.67461868056796,0.0,0.0880996015564347,0.15370751184138107,7.4
1980,289,11.094649472965127,0.0,0.09083751881835113,0.1587190893391663,22.33
1980,290,11.559617447081127,0.0,0.09634311262582285,0.16884256666983316,39.184
1980,291,11.969662743603754,0.0,0.10224692517054335,0.17976703473672798,58.9985
1980,292,12.16659371353818,0.0,0.10862934431313619,0.19165823061105916,78.99000000000001
1980,293,13.422766464022338,0.0,0.11966529288115535,0.2124218247092372,91.58000000000001
1980,294,14.002915137884257,0.0,0.12760811859990995,0.22752758458355174,99.98850000000002
1980,295,14.581596083691652,0.0,0.13889783634792485,0.24923687437089415,111.14300000000001
1980,296,15.973529805736264,0.0,0.1533814921759119,0.27750848296358893,124.29450000000001
1980,297,17.29583498556858,0.0,0.16412841950722845,0.2988004825794931,134.03
1980,298,19.09289175826284,0.0,0.1783320687444081,0.3273649035353031,146.792
1980,299,19.664794200619582,0.0,0.19158949195061914,0.35447549160080155,158.957
1980,300,20.192839841876165,0.0,0.19806277149614004,0.3678749047953432,164.96699999999998
1980,301,20.192839841876165,0.0,0.2013121387031741,0.37464178541687765,168.2525
1980,302,20.192839841876165,0.0,0.20471297509405761,0.38175365311444265,171.3905
1980,303,20.496547617605295,0.0,0.21039169767626986,0.3936971272062558,175.92600000000002
1980,304,20.496547617605298,0.0,0.21265204739871657,0.3984750049763227,177.872
1980,305,20.496547617605298,0.0,0.21608882406509544,0.4057659350860054,180.4505
1980,306,21.460536780603356,0.0,0.22898357364332378,0.43340933397363995,188.893
1980,307,22.795990862912042,0.0,0.23959926803751494,0.4565161762773765,195.7945
1980,308,22.79599086291205,0.0,0.24858739076700642,0.4763339416615284,201.8365
1980,309,25.51162920055187,0.0,0.2716703222852819,0.5283357988152427,215.489
1980,310,27.61939882486496,0.0,0.283024968257106,0.5545237703675459,227.7575
1980,311,28.820755698334274,0.0,0.28851543895350407,0.5673359347488273,233.787
1980,312,28.820755698334267,0.0,0.28705198317748337,0.5639112815134005,241.2375
1980,313,30.88747362168281,0.0,0.297624835346028,0.5888126585420191,257.2615
1980,314,32.9713890491026,0.0,0.30772740090994577,0.6129591193556068,268.2155
1980,315,36.40704130545866,0.0,0.3243625872495727,0.6534978641814683,282.6575
1980,316,38.60090861269451,0.0,0.3330400726830387,0.6750421897606556,291.59650000000005
1980,317,38.60090861269452,0.0,0.3303887080549408,0.6684298270530491,293.76000000000005
1980,318,38.60090861269451,0.0,0.3279510135194237,0.6623734076122252,296.81300000000005
1980,319,41.514201597394354,0.0,0.3403144142708461,0.6933199045467187,307.64450000000005
1980,320,41.73472650885815,0.0,0.3387587502001158,0.6893942145233212,317.0040000000001
1980,321,41.99867180843992,0.0,0.3376306404128322,0.686553222738073,320.7585000000001
1980,322,41.99867180843992,0.0,0.33538984319504905,0.6809244009916428,322.9120000000001
1980,323,41.99867180843993,0.0,0.3333593788461108,0.6758402952341921,323.8280000000001
1980,324,41.99867180843992,0.0,0.33152601323088793,0.6712629933888268,325.2145000000001
1980,325,41.99867180843992,0.0,0.3298890196014288,0.6671865632139725,326.0015000000001
1980,326,41.99867180843993,0.0,0.32843921975255363,0.6635845882856242,328.32700000000006
1980,327,41.99867180843993,0.0,0.3271853951364998,0.6604757716225683,331.50900000000007
1980,328,41.99867180843993,0.0,0.32613158945582554,0.6578673728538598,335.59600000000006
1980,329,42.2319058904212,0.0,0.32637371677993554,0.6584663296384675,340.87350000000004
1980,330,42.534447506148055,0.0,0.32699243864699934,0.6599978568438645,345.3
1980,331,42.534447506148055,0.0,0.3260328185646416,0.6576231024795687,345.461
1980,332,42.534447506148055,0.0,0.325109479980769,0.6553413230472429,345.461
1980,333,42.534447506148055,0.0,0.3242196156334991,0.6531452182000603,345.695
1980,334,42.534447506148055,0.0,0.323364247331937,0.6510369706170999,345.9
1980,335,42.534447506148055,0.0,0.3225418762864669,0.6490125635925403,347.263
1980,336,42.53444750614805,0.0,0.32176242519126386,0.6470960784945489,351.1935
1980,337,43.18020346114037,0.0,0.32443048404656727,0.6536653608483602,360.66499999999996
1980,338,43.18020346114037,0.0,0.32366250846192324,0.6517717994741993,365.09149999999994
1980,339,43.180203461140366,0.0,0.32296665113728684,0.6500579125256896,365.09149999999994
1980,340,43.18020346114037,0.0,0.322296139273862,0.6484081167487437,366.09849999999994
1980,341,43.87774757372512,0.0,0.32525937116468645,0.6557115258854059,373.99399999999997
1980,342,45.16726475597859,0.0,0.33105763840593083,0.6700956310470537,387.183
1980,343,46.40284830799044,0.0,0.33619956506676196,0.6829562074653102,401.175
1980,344,46.62764126589799,0.0,0.33623252360422323,0.6830389616435504,411.385
1980,345,46.73953565433783,0.0,0.33581275135495503,0.6819852804817502,414.9295
1980,346,46.73953565433783,0.0,0.3349094694135779,0.679720185619656,414.9295
1980,347,46.73953565433783,0.0,0.3340385613013479,0.6775391832831378,414.9295
1980,348,46.739535654337836,0.0,0.3331988817248833,0.675439085049408,420.071
1980,349,46.73953565433783,0.0,0.33244583940310124,0.6735579208805865,422.5215
1980,350,46.739535654337836,0.0,0.3317382322265945,0.6717921904690235,422.5215
1980,351,46.73953565433783,0.0,0.331056123884091,0.670091857627468,422.898
1980,352,46.73953565433783,0.0,0.3304014473077338,0.668461535434038,422.898
1980,353,46.739535654337836,0.0,0.3297703825984135,0.6668915212832874,422.898
1980,354,46.73953565433783,0.0,0.32916208580015327,0.6653795495999227,424.99600000000004
1980,355,46.73953565433783,0.0,0.3285917521814271,0.6639631833396714,424.99600000000004
1980,356,46.73953565433783,0.0,0.32804202467411425,0.6625991285532025,424.99600000000004
1980,357,46.73953565433783,0.0,0.32751216445584586,0.6612854267998665,424.99600000000004
1980,358,46.73953565433783,0.0,0.3270014587394795,0.6600201947625975,424.99600000000004
1980,359,46.73953565433783,0.0,0.3265092198932509,0.6588016212461564,425.83900000000006
1980,360,46.73953565433783,0.0,0.3260413096049214,0.6576441002719482,425.83900000000006
1980,361,46.739535654337836,0.0,0.32559033249240166,0.6565292290359275,425.83900000000006
1980,362,46.739535654337836,0.0,0.32515567942505486,0.655455418159148,425.83900000000006
1980,363,46.739535654337836,0.0,0.3247367628945448,0.6544211387257037,425.83900000000006
1980,364,46.739535654337836,0.0,0.32433301627090916,0.6534249198995205,425.83900000000006
1980,365,46.73953565433783,0.0,0.3239438930822358,0.6524653466404835,425.83900000000006
1980,366,46.73953565433783,0.0,0.3235688663173695,0.6515410575154302,425.83900000000006
1981,1,46.73953565433783,0.0,0.32320742775107325,0.6506507425997542,426.232
1981,2,46.73953565433783,0.0,0.32286217373651716,0.6498007382410398,426.232
1981,3,46.73953565433783,0.0,0.3225294353254342,0.6489819569115648,426.232
1981,4,46.73953565433783,0.0,0.3222087607004517,0.648193241820929,426.232
1981,5,46.73953565433783,0.0,0.3218997142090996,0.6474334797234821,426.232
1981,6,46.739535654337836,0.0,0.32160187579710137,0.6467015992322853,426.232
1981,7,46.739535654337836,0.0,0.3213148404605757,0.6459965692014717,426.232
1981,8,46.73953565433783,0.0,0.3210382177165958,0.6453173971740312,426.232
1981,9,46.739535654337836,0.0,0.32077163109157214,0.6446631278921902,426.232
1981,10,46.73953565433783,0.0,0.3205147176269225,0.6440328418676867,426.232
1981,11,46.73953565433783,0.0,0.32026712740151064,0.6434256540093708,426.232
1981,12,46.739535654337836,0.0,0.32002852307034024,0.6428407123056777,426.232
1981,13,46.73953565433783,0.0,0.3197985794190056,0.6422771965596377,426.232
1981,14,46.739535654337836,0.0,0.3195769829334054,0.6417343171741928,426.232
1981,15,46.739535654337836,0.0,0.31936343138424383,0.6412113139856955,426.232
1981,16,46.739535654337836,0.0,0.3191576334258476,0.6407074551435585,426.232
1981,17,46.739535654337836,0.0,0.3189593082088451,0.6402220360341221,426.232
1981,18,46.739535654337836,0.0,0.31876818500625936,0.6397543782468886,426.232
1981,19,46.739535654337836,0.0,0.3185840028525838,0.6393038285813619,426.232
1981,20,46.739535654337836,0.0,0.3184065101954141,0.6388697580928043,427.42800000000005
1981,21,46.739535654337836,0.0,0.31824505616592946,0.6384750093348792,429.14750000000004
1981,22,46.739535654337836,0.0,0.3181033227695773,0.6381285537967414,429.74500000000006
1981,23,46.739535654337836,0.0,0.31797157581391056,0.6378065738582543,431.0880000000001
1981,24,46.739535654337836,0.0,0.31785551575145055,0.6375229830660548,431.9030000000001
1981,25,46.739535654337836,0.0,0.3177503139483701,0.6372659659332768,434.67100000000005
1981,26,47.13637449160611,0.0,0.3196195560721009,0.6418386014932971,440.73550000000006
1981,27,48.254930625680586,0.0,0.32488462510382576,0.6547861282394044,446.89750000000004
1981,28,48.26715559697958,0.0,0.3245598922679972,0.6539846485365131,449.31850000000003
1981,29,48.26715559697958,0.0,0.3242075311459717,0.6531154146826276,449.31850000000003
1981,30,48.267155596979585,0.0,0.3238678277949496,0.6522778350625449,449.31850000000003
1981,31,48.267155596979585,0.0,0.32354032912192854,0.651470745865372,449.31850000000003
1981,32,48.26715559697958,0.0,0.3232245981252464,0.6506930268305241,449.31850000000003
1981,33,48.267155596979585,0.0,0.32292021333351395,0.6499435995667188,451.7825
1981,34,48.267155596979585,0.0,0.3226468115613581,0.6492707429029724,451.7825
1981,35,48.267155596979585,0.0,0.3223832468852974,0.6486223529244642,451.7825
1981,36,48.26715559697958,0.0,0.32212916630562916,0.6479975332774811,451.7825
1981,37,48.26715559697958,0.0,0.32188422941671135,0.647395420909485,451.7825
1981,38,48.267155596979585,0.0,0.32164810796348386,0.6468151848003633,451.7825
1981,39,48.267155596979585,0.0,0.32142048541312396,0.6462560247441169,451.7825
1981,40,48.267155596979585,0.0,0.32120105654136055,0.6457171701788478,451.7825
1981,41,48.267155596979585,0.0,0.32098952703298433,0.6451978790630043,451.7825
1981,42,48.267155596979585,0.0,0.320785613096099,0.6446974367959392,451.7825
1981,43,48.267155596979585,0.0,0.3205890410896751,0.6442151551809202,451.7825
1981,44,48.267155596979585,0.0,0.3203995471639748,0.6437503714288227,451.7825
1981,45,48.267155596979585,0.0,0.3202168769134285,0.6433024472008092,451.7825
1981,46,48.267155596979585,0.0,0.3200407850415582,0.6428707676883808,451.7825
1981,47,48.267155596979585,0.0,0.31987103503754966,0.6424547407292566,452.67650000000003
1981,48,49.9602194184488,0.0,0.3277308221609664,0.6618274273369436,460.86100000000005
1981,49,52.063527037553925,0.0,0.33673632778445295,0.6843044536780609,469.90950000000004
1981,50,54.32526011788448,0.0,0.34555153191578336,0.7066040525256694,481.7685
1981,51,57.41881651394867,0.0,0.3568863868742861,0.7357231301480275,493.50800000000004
1981,52,58.670932766710095,0.0,0.3598779034153097,0.7434939081837522,499.65450000000004
1981,53,59.214156261440365,0.0,0.3599306103794143,0.7436311453723613,506.09000000000003
1981,54,60.42732119781779,0.0,0.3624913375956178,0.7503123565942794,515.8580000000001
1981,55,61.357671694166164,0.0,0.3638057599414626,0.7537522556212453,521.9435000000001
1981,56,62.94032376989411,0.0,0.3673679876270639,0.7631106082405393,527.8720000000001
1981,57,62.94032376989411,0.0,0.3650028742043697,0.7568913440096388,532.4505
1981,58,62.94032376989411,0.0,0.3627438292779027,0.7509725873522081,535.3605
1981,59,62.94032376989411,0.0,0.3605768371147541,0.7453146950708283,541.0765
1981,60,65.42242853998475,0.0,0.36718522052541125,0.762629178534971,550.751
1981,61,66.34209680412758,0.0,0.3678755715823947,0.7644483730101337,554.938
1981,62,66.34209680412758,0.0,0.36544777865040257,0.7580594867715991,557.0415
1981,63,66.34209680412758,0.0,0.36311048402526636,0.7519318046047628,557.0415
1981,64,66.37134453789997,0.0,0.36094376217004354,0.7462713655893591,559.5955
1981,65,66.37134453789997,0.0,0.35876366524790715,0.7405953217539106,561.1355
1981,66,66.37134453789997,0.0,0.3566628167378504,0.735143835706519,561.1355
1981,67,66.37134453789997,0.0,0.3546281278725184,0.7298809706517282,561.1355
1981,68,66.37134453789997,0.0,0.35265748604113845,0.7247995611279852,561.1355
1981,69,66.37134453789997,0.0,0.35074884336255097,0.7198927449051039,562.458
1981,70,66.37134453789997,0.0,0.3489095484661948,0.715177839961557,565.8805
1981,71,66.37134453789997,0.0,0.3471525119626693,0.7106862213713592,568.4075
1981,72,66.37134453789997,0.0,0.3454689966682003,0.7063938754386213,575.0210000000001
1981,73,66.37134453789997,0.0,0.343887152709793,0.702370802540197,580.5920000000001
1981,74,66.37134453789997,0.0,0.34239706316510576,0.6985899487672278,581.6485000000001
1981,75,67.63703667378743,0.0,0.34513471050147526,0.705542882310928,589.3810000000001
1981,76,67.63703667378743,0.0,0.34357005376714655,0.7015654981331574,592.0255000000001
1981,77,67.63703667378743,0.0,0.34207442075041017,0.6977724258294381,593.6095
1981,78,67.63703667378743,0.0,0.34063766584228095,0.694136785604216,593.6095
1981,79,67.63703667378743,0.0,0.3392456940639924,0.6906220146314879,593.6095
1981,80,67.63703667378743,0.0,0.3378970741287892,0.6872237633060063,594.321
1981,81,67.63703667378743,0.0,0.3365959998395389,0.6839518711678633,597.2090000000001
1981,82,67.63703667378743,0.0,0.33535823556446465,0.6808451392904175,600.8000000000001
1981,83,67.63703667378743,0.0,0.33418774719677824,0.6779125848027461,605.0475
1981,84,67.63703667378743,0.0,0.3330882315000564,0.6751625382099345,610.3765
1981,85,67.63703667378743,0.0,0.33206707922753953,0.6726125474883592,614.572
1981,86,74.09546454862004,0.0,0.3508043977891748,0.720035362552636,625.3665
1981,87,78.37099738001446,0.0,0.36050185807167123,0.7451192724572906,633.1419999999999
1981,88,87.32501078671697,0.0,0.3805969569018425,0.7983318307962906,646.04
1981,89,91.51954595519499,0.0,0.3865046079581764,0.814304209656085,663.049
1981,90,97.68013508392144,0.0,0.39532524010285375,0.8384409207497207,676.987
1981,91,107.41487436643006,0.0,0.4091366466152403,0.8769508347611976,692.0055
1981,92,117.50898692643337,0.0,0.43052234736569434,0.9383928953181458,708.5975
1981,93,128.5548137542863,0.0,0.4518387473135875,1.0019762976535183,720.8245
1981,94,134.98657850146216,0.0,0.4633770864786475,1.0374327343254297,739.237
1981,95,141.1272411598946,0.0,0.4734552561705761,1.0690316124788888,758.1005
1981,96,145.79301660826295,0.0,0.4804396931935466,1.0912873148852564,767.8975
1981,97,145.79301660826295,0.0,0.48043969319354657,1.0912873148852564,773.2325000000001
1981,98,161.4864916686789,0.0,0.5018470147665114,1.161413416449139,784.7345
1981,99,172.10461510793758,0.0,0.5138733702244211,1.2021435565440717,801.7370000000001
1981,100,189.42359690137272,0.0,0.5307028431670096,1.2608651908577466,813.6945000000001
1981,101,197.02783808050134,0.0,0.5351808094227339,1.2768446441331942,828.964
1981,102,201.91117159808928,0.0,0.5364290973546709,1.281326555682015,848.0875000000001
1981,103,207.34495277593788,0.0,0.5376278182506268,1.2856418733505073,865.3495
1981,104,217.38971360044673,0.0,0.5413442619668447,1.2990922940057033,883.3040000000001
1981,105,231.36519654521067,0.0,0.5459957514532434,1.3160812049201194,899.0755
1981,106,234.57783525962844,0.0,0.5439083650889831,1.3084358931733693,906.1155
1981,107,244.39118237020227,0.0,0.5446154140671374,1.311021622066803,915.9905
1981,108,256.43423926365637,0.0,0.5453853966308125,1.3138420742037653,935.05
1981,109,275.33189657171033,0.0,0.5468124916202459,1.3190821889327098,951.963
1981,110,278.5858865866745,0.0,0.5429088752385383,1.3047875170625496,962.3354999999999
1981,111,289.0506630499326,0.0,0.5401293694242413,1.2946834448876172,970.3559999999999
1981,112,290.914620005437,0.0,0.5356768650855421,1.2786242628070668,977.2569999999998
1981,113,294.7972936983971,0.0,0.5314642382072208,1.263571412802598,989.7319999999999
1981,114,308.6437152625765,0.0,0.5275047845036993,1.249546096722271,1004.6784999999999
1981,115,313.4859970972977,0.6621013362008721,0.5228596123216689,1.233240862674255,1014.0489999999999
1981,116,325.1548727748937,4.340353214077715,0.5182887460806762,1.2173506711621558,1023.3169999999999
1981,117,339.3966862125249,11.34379888111238,0.5136776329328738,1.2014726137497238,1039.4509999999998
1981,118,355.27367662072817,24.03057268329395,0.5091447256101895,1.186009919134194,1058.4099999999999
1981,119,366.1268457651725,34.88374182773828,0.4910204974081257,1.1255792219991596,1079.7375
1981,120,373.5188808240023,42.27577688656811,0.4762867932235594,1.0780184330082154,1094.9085
1981,121,383.7540221787268,52.51091824129256,0.4633013511029862,1.037197528715608,1108.01
1981,122,394.4128491411737,63.16974520373944,0.45270328492166684,1.0046069714995538,1117.8735
1981,123,402.6423470012957,71.39924306386152,0.44258211042962387,0.974066782961579,1126.5169999999998
1981,124,418.63522386588664,87.3921199284524,0.42931886632835314,0.9348744336829387,1140.6079999999997
1981,125,431.2040641112302,99.96096017379604,0.41425962062845567,0.8914643769847342,1158.7009999999998
1981,126,435.0580715555287,103.81496761809451,0.4004577853033502,0.8526481508092013,1174.3679999999997
1981,127,446.6988501389362,115.45574620150204,0.38926480851966483,0.8218196926479552,1185.8909999999996
1981,128,457.33294012579813,126.08983618836392,0.3793072285089847,0.7948650856123144,1195.1044999999997
1981,129,469.4872601828535,138.2441562454193,0.3679561693731753,0.7646608916373372,1207.0369999999996
1981,130,475.97179540237425,144.72869146494008,0.3544408036140563,0.7293972777462849,1223.1184999999996
1981,131,477.09423233386894,145.85112839643475,0.3413431094849335,0.6959208863133458,1238.6349999999995
1981,132,478.5025956616411,147.25949172420695,0.33096952844083694,0.669876119950271,1249.4924999999996
1981,133,485.2164423080429,153.97333837060867,0.3213582504123448,0.6461031756780005,1258.8249999999996
1981,134,488.31339925617874,157.07029531874454,0.31080073876012526,0.6203747437309649,1270.4734999999996
1981,135,488.9648414956818,157.72173755824767,0.3008989744966323,0.5966000309574333,1281.2104999999997
1981,136,494.2451750211774,163.00207108374315,0.2902557862970714,0.5714177270785044,1293.7569999999996
1981,137,500.48966435147514,169.2465604140409,0.27947889156369676,0.5463009450735867,1307.0879999999995
1981,138,503.6311924429465,172.3880885055123,0.26837350922106107,0.5208085895761861,1321.7014999999994
1981,139,504.4915229788347,173.24841904140047,0.25962236819468854,0.5009915161650432,1331.9504999999995
1981,140,508.8846456180314,177.64154168059727,0.24972814522390085,0.47886610849077016,1345.2149999999995
1981,141,513.2727495758082,182.029645638374,0.24036729210853713,0.45820040268153106,1357.9744999999994
1981,142,517.0124626112994,185.76935867386516,0.23043466311328206,0.43654903512142046,1372.8044999999993
1981,143,519.8197100814966,188.57660614406237,0.22043291414514668,0.41502755252147006,1389.1674999999993
1981,144,521.6306992181644,190.3875952807302,0.20984273496817452,0.39253880612044495,1409.3214999999993
1981,145,522.9148522861905,191.67174834875627,0.19935324112941055,0.3705590489075142,1430.9964999999993
1981,146,524.4796583160726,193.23655437863835,0.18988849508589034,0.3509723006703077,1450.5149999999992
1981,147,524.9393696720107,193.69626573457646,0.18091251911579698,0.33260731094479834,1469.8529999999992
1981,148,525.5824819576668,194.33937802023263,0.1725776620660413,0.31573337929094314,1488.2349999999992
1981,149,526.4663739213884,195.2232699839542,0.16507495802841354,0.30068888042461006,1504.5614999999991
1981,150,527.1333320957228,195.89022815828864,0.15712481719448254,0.28489399174017904,1524.817999999999
1981,151,527.410116223311,196.1670122858768,0.14947939936219512,0.26984440940533794,1545.583499999999
1981,152,527.8883425608534,196.64523862341917,0.14327269804415899,0.2577260196210043,1560.7089999999992
1981,153,528.14553866777,196.90243473033584,0.137084892050355,0.24573160212933245,1577.3579999999993
1981,154,528.3234324339943,197.08032849656016,0.13041076218400227,0.23289053211380473,1598.6119999999992
1981,155,528.4718921058655,197.22878816843146,0.12384181093115798,0.22034770536623324,1621.388499999999
1981,156,528.6231148669042,197.38001092947007,0.11789340084941123,0.20907061593910048,1642.4789999999991
1981,157,528.6977333856794,197.45462944824519,0.11210621281102551,0.19817192027520253,1664.6029999999992
1981,158,528.7626808018894,197.51957686445527,0.10651726236989456,0.18771377418868182,1687.528999999999
1981,159,528.8116492797577,197.5685453423236,0.10173219290474843,0.17881171496090548,1706.759499999999
1981,160,528.8276872730071,197.58458333557294,0.09652149932962328,0.1691716080642227,1731.166999999999
1981,161,528.8316126860286,197.58850874859442,0.09189688680514274,0.16066224340182345,1753.174999999999
1981,162,528.8316126860286,197.58850874859442,0.08769652312915377,0.15297097422206593,1773.664999999999
1981,163,528.8316126860286,197.58850874859442,0.0838449209821217,0.14594938066636046,1792.9734999999991
1981,164,528.8316126860286,197.58850874859442,0.08004041828630182,0.13904257137337228,1813.638499999999
1981,165,528.8316126860286,197.58850874859442,0.07605220955348302,0.13183285463769356,1837.9849999999992
1981,166,528.8316126860286,197.58850874859442,0.07201578042286949,0.12456758517757048,1865.0539999999992
1981,167,528.8316126860286,197.58850874859442,0.06818975962572238,0.11771014962572632,1892.3519999999992
1981,168,528.8316126860286,197.58850874859442,0.06490881188402575,0.11185204508695591,1915.9544999999991
1981,169,528.8316126860286,197.58850874859442,0.06232308069467252,0.10724970836020259,1933.3489999999993
1981,170,528.8316126860286,197.58850874859442,0.0596405790281036,0.10248852344004974,1953.4259999999992
1981,171,528.8316126860286,197.58850874859442,0.057040500972965424,0.09788657723495002,1974.1254999999992
1981,172,528.8316126860286,197.58850874859442,0.054494614212483465,0.09339282444613095,1995.8129999999992
1981,173,528.8316126860286,197.58850874859442,0.05202176473717923,0.08903955929031657,2018.2554999999993
1981,174,528.8316126860286,197.58850874859442,0.049711917336435985,0.08498349241330015,2040.1229999999994
1981,175,528.8316126860286,197.58850874859442,0.04768168730075462,0.08142656333045875,2059.4274999999993
1981,280,10.5,0.0,0.0,0.14469,0.0
1981,281,10.5,0.0,0.0,0.14469,0.0
1981,282,10.5,0.0,0.0,0.14469,0.0
1981,283,10.5,0.0,0.0,0.14469,0.0
1981,284,10.5,0.0,0.0,0.14469,0.0
1981,285,10.5,0.0,0.0,0.14469,0.0
1981,286,10.5,0.0,0.0,0.14469,0.0
1981,287,10.5,0.0,0.08315238656939639,0.14469,0.0
1981,288,10.732991252263158,0.0,0.09339632411746246,0.16341647650544427,14.897
1981,289,11.013782433241724,0.0,0.10524029775167332,0.1853334764415832,30.3015
1981,290,12.204180911691516,0.0,0.1158596188294081,0.2052323778717609,42.7845
1981,291,12.728271673399924,0.0,0.12782048110537736,0.22793334328256581,56.166000000000004
1981,292,13.624362268599677,0.0,0.14021390167081083,0.25178607257380525,68.91250000000001
1981,293,14.163849125213456,0.0,0.14590830337426552,0.26286119643265987,74.83200000000001
1981,294,15.775347532446476,0.0,0.15903660902683814,0.2886785838493681,87.43050000000001
1981,295,16.73511165455636,0.0,0.1733327656732795,0.3172550696765095,101.278
1981,296,16.83140203082079,0.0,0.1807933209107926,0.3323647859084384,108.6495
1981,297,16.843054280754355,0.0,0.18364166653066583,0.338169810426031,111.64150000000001
1981,298,16.84305428075436,0.0,0.18309632895983208,0.3370568279619115,111.64150000000001
1981,299,16.84305428075436,0.0,0.1896832842351719,0.3505501677032382,117.15200000000002
1981,300,17.2450437277101,0.0,0.20315405067797498,0.37848984508771005,127.18500000000002
1981,301,17.717228504773253,0.0,0.2191977574763642,0.41238895300467354,138.27450000000002
1981,302,18.701211744530106,0.0,0.2330459784375134,0.44221404203887327,147.27650000000003
1981,303,21.143903203035634,0.0,0.2519443753517031,0.48379656544915284,159.19700000000003
1981,304,23.75059841698907,0.0,0.2748803966758748,0.5356977793854861,174.20750000000004
1981,305,25.92476566985056,0.0,0.29912547009241985,0.5923773254345375,190.33300000000003
1981,306,27.12997117374635,0.0,0.3251983233257729,0.6555607393589765,207.32300000000004
1981,307,28.623300200295727,0.0,0.35225606733209214,0.7237663772738704,223.92600000000004
1981,308,30.6929634910193,0.0,0.3605975361081133,0.7453686482002401,240.28650000000005
1981,309,33.6014930843971,0.0,0.3725241020601475,0.7767500306191226,257.3575000000001
1981,310,36.220598392821046,0.0,0.3823210259511237,0.8029773599301582,271.5520000000001
1981,311,38.426950716494325,0.0,0.38954831189300765,0.8225935392043255,280.8370000000001
1981,312,38.79207749079659,0.0,0.3882520390536843,0.8190581830225954,287.1470000000001
1981,313,40.41469144761641,0.0,0.3926245683360423,0.8310136259202203,296.7265000000001
1981,314,42.01397353244143,0.0,0.39667517379795203,0.842165906178974,305.24450000000013
1981,315,42.013973532441426,0.0,0.39375866698010853,0.8341285548038287,307.4010000000001
1981,316,42.01397353244143,0.0,0.3910391727893353,0.8266688941270988,312.59750000000014
1981,317,42.03994672787008,0.0,0.38864143408545104,0.820119401693717,317.76100000000014
1981,318,42.03994672787008,0.0,0.3863302041011294,0.8138304786541112,323.20600000000013
1981,319,42.03994672787009,0.0,0.3842230802628243,0.8081175405368961,329.7230000000001
1981,320,42.03994672787008,0.0,0.3823241697891866,0.8029858428859645,336.7425000000001
1981,321,44.843031639429555,0.0,0.3932498186704453,0.8327302258694199,346.2690000000001
1981,322,47.821097170764745,0.0,0.4039795620870779,0.8624672011742215,355.16450000000015
1981,323,48.7033219533031,0.0,0.40522586081824463,0.8659559058598797,361.85450000000014
1981,324,50.22804028053691,0.0,0.4091387449040449,0.8769567534803011,374.43300000000016
1981,325,50.494642771373,0.0,0.4078549770666323,0.873339504879067,381.3165000000002
1981,326,50.494642771373,0.0,0.4056799251777048,0.8672287637382613,381.3165000000002
1981,327,50.49464277137301,0.0,0.4036875984013216,0.861650975810753,381.3165000000002
1981,328,50.49464277137301,0.0,0.4018735104569875,0.8565883773732924,381.3165000000002
1981,329,50.566304569890185,0.0,0.40042208487540276,0.8525489101880432,383.43050000000017
1981,330,50.566304569890185,0.0,0.39873192472691066,0.8478573253162981,386.03900000000016
1981,331,51.15203107095046,0.0,0.39959073948565127,0.8502395923896692,395.5070000000002
1981,332,52.459640109967765,0.0,0.40342553188770625,0.860918672453562,403.06550000000016
1981,333,52.459640109967765,0.0,0.40167923182897647,0.8560471120327436,403.06550000000016
1981,334,52.459640109967765,0.0,0.39999214579372555,0.8513542225131296,403.06550000000016
1981,335,52.459640109967765,0.0,0.3983622971135258,0.8468330621480892,403.06550000000016
1981,336,52.90393325511454,0.0,0.3986275263440988,0.8475679665294543,408.59750000000014
1981,337,53.07863521837255,0.0,0.3977818045905983,0.8452257474942906,411.72450000000015
1981,338,53.078635218372554,0.0,0.39626106123978033,0.8410223251287173,413.97950000000014
1981,339,53.244830404563515,0.0,0.3954975419851404,0.8389159045676439,416.68200000000013
1981,340,53.244830404563515,0.0,0.3940862867467647,0.8350294840362757,416.68200000000013
1981,341,53.244830404563515,0.0,0.39272292611069537,0.831283546122139,417.60150000000016
1981,342,54.89077413149029,0.0,0.3982349676225002,0.846480369216705,424.91450000000015
1981,343,54.94403152775297,0.0,0.3968996540323393,0.8427861414607423,429.4855000000002
1981,344,54.94403152775297,0.0,0.3954171701918483,0.8386943271646821,429.4855000000002
1981,345,54.94403152775297,0.0,0.39398450335119484,0.8347495353534168,429.4855000000002
1981,346,54.94403152775297,0.0,0.3925999869818292,0.8309461748964552,429.4855000000002
1981,347,54.94403152775297,0.0,0.39126200821843526,0.827278884676792,429.4855000000002
1981,348,54.94403152775297,0.0,0.3899690064077126,0.8237425232297297,429.4855000000002
1981,349,54.94403152775297,0.0,0.3887194716649064,0.8203321588895468,430.07800000000015
1981,350,54.944031527752976,0.0,0.387515490478209,0.8170527124328913,430.07800000000015
1981,351,54.94403152775297,0.0,0.3863519896793536,0.8138896471870862,430.07800000000015
1981,352,54.94403152775297,0.0,0.38522760683660684,0.8108386201566107,430.07800000000015
1981,353,54.94403152775297,0.0,0.38414102454749144,0.807895462686955,430.07800000000015
1981,354,54.94403152775297,0.0,0.3830909690854052,0.8050561728107967,430.07800000000015
1981,355,54.94403152775297,0.0,0.38207620907070416,0.8023169079613911,430.07800000000015
1981,356,54.94403152775297,0.0,0.38109555416771346,0.7996739780342818,430.07800000000015
1981,357,54.9444328812311,0.0,0.38014956273219835,0.7971284337615182,431.0095000000002
1981,358,54.9444328812311,0.0,0.3792393850012936,0.7946829241003934,431.0095000000002
1981,359,54.944432881231094,0.0,0.37835979132316366,0.7923229937453126,431.0095000000002
1981,360,54.9444328812311,0.0,0.3775097490999526,0.7900455199510925,431.0095000000002
1981,361,54.9444328812311,0.0,0.3766882604891092,0.7878475014959612,431.0095000000002
1981,362,54.944432881231094,0.0,0.3758943612789255,0.7857260535314791,431.0095000000002
1981,363,54.944432881231094,0.0,0.37512711979406677,0.7836784026718887,431.0095000000002
1981,364,54.9444328812311,0.0,0.3743856358310462,0.7817018823108397,431.0095000000002
1981,365,54.944432881231094,0.0,0.37366903962350284,0.7797939281540769,431.0095000000002
1982,1,54.9444328812311,0.0,0.37297649083704765,0.7779520739572822,431.0095000000002
1982,2,54.944432881231094,0.0,0.3723071775933742,0.7761739474588359,431.0095000000002
1982,3,54.9444328812311,0.0,0.37166031552326095,0.7744572664978012,431.0095000000002
1982,4,55.13340142405801,0.0,0.37186549593368706,0.7750015949955421,434.37500000000017
1982,5,55.13340142405801,0.0,0.37124065396965755,0.7733444886948099,435.14300000000014
1982,6,55.13340142405801,0.0,0.37064169373900113,0.7717575669555041,435.14300000000014
1982,7,55.13340142405801,0.0,0.3700627990043488,0.7702252425405326,435.90900000000016
1982,8,55.13340142405801,0.0,0.36950826089652855,0.7687587096644142,435.90900000000016
1982,9,55.13340142405801,0.0,0.368972295839049,0.7673425203946966,435.90900000000016
1982,10,55.133401424058,0.0,0.36845427788072477,0.7659748956778321,435.90900000000016
1982,11,55.133401424058,0.0,0.3679536023126846,0.7646541224462535,435.90900000000016
1982,12,55.13340142405801,0.0,0.3674696849477772,0.7633785509878265,435.90900000000016
1982,13,55.13340142405801,0.0,0.3670019614235157,0.7621465924301838,435.90900000000016
1982,14,55.13340142405801,0.0,0.36654988652792997,0.7609567163344377,435.90900000000016
1982,15,55.13340142405801,0.0,0.36611293354769725,0.7598074483930449,435.90900000000016
1982,16,55.13340142405801,0.0,0.36569059363792533,0.7586973682268703,435.90900000000016
1982,17,55.13340142405801,0.0,0.3652823752129615,0.7576251072767508,435.90900000000016
1982,18,55.13340142405801,0.0,0.3648878033576135,0.7565893467851001,435.90900000000016
1982,19,55.13340142405801,0.0,0.3645064192581685,0.7555888158633225,435.90900000000016
1982,20,55.13340142405801,0.0,0.3641377796526115,0.7546222896410213,435.90900000000016
1982,21,55.13340142405801,0.0,0.36378145629944914,0.7536885874931908,435.90900000000016
1982,22,55.13340142405801,0.0,0.3634370354645595,0.7527865713417728,435.90900000000016
1982,23,55.13340142405801,0.0,0.36310411742549753,0.7519151440281433,435.90900000000016
1982,24,55.13340142405801,0.0,0.3627823159926973,0.7510732477532654,435.90900000000016
1982,25,55.13340142405801,0.0,0.36247125804702884,0.7502598625824123,435.90900000000016
1982,26,55.13340142405801,0.0,0.36217058309317535,0.749474005011514,435.90900000000016
1982,27,55.13340142405801,0.0,0.3618799428283124,0.7487147265923335,435.90900000000016
1982,28,55.13340142405801,0.0,0.36159900072558315,0.7479811126138134,435.90900000000016
1982,29,55.13340142405801,0.0,0.36132743163187997,0.7472722808370663,436.47950000000014
1982,30,55.13340142405801,0.0,0.3610687489412765,0.7465973645335796,436.47950000000014
1982,31,55.13340142405801,0.0,0.36081869530353294,0.7459452215492288,438.25350000000014
1982,32,55.13340142405801,0.0,0.36058894381280593,0.7453462516710287,438.25350000000014
1982,33,55.13340142405801,0.0,0.3603668579825563,0.7447674709617219,438.25350000000014
1982,34,55.13340142405801,0.0,0.3601521810387262,0.744208189627098,438.25350000000014
1982,35,55.13340142405801,0.0,0.35994466486586096,0.7436677420314614,438.25350000000014
1982,36,55.13340142405801,0.0,0.35974406971217476,0.7431454858146983,438.25350000000014
1982,37,55.13340142405801,0.0,0.3595501639047811,0.7426408010438343,438.25350000000014
1982,38,55.13340142405801,0.0,0.3593627235747363,0.742153089397607,438.25350000000014
1982,39,55.13340142405801,0.0,0.3591815323915575,0.7416817733826506,438.25350000000014
1982,40,55.13340142405801,0.0,0.359006381306886,0.741226295579954,438.25350000000014
1982,41,55.13340142405801,0.0,0.35883706830697926,0.7407861179203177,438.25350000000014
1982,42,55.13340142405801,0.0,0.3586733981737239,0.7403607209875911,438.25350000000014
1982,43,55.13340142405801,0.0,0.3585151822538747,0.7399496033485329,438.25350000000014
1982,44,55.13340142405801,0.0,0.3583622382362327,0.7395522809081865,438.25350000000014
1982,45,55.13340142405801,0.0,0.358214389936486,0.7391682862897151,438.25350000000014
1982,46,55.13340142405801,0.0,0.35807146708944704,0.7387971682376893,438.25350000000014
1982,47,56.09034539439801,0.0,0.36230301744623683,0.7498200957277162,441.51450000000017
1982,48,56.21701432342157,0.0,0.36253509655503,0.7504267614745097,444.2400000000002
1982,49,56.21701432342158,0.0,0.3622006359973462,0.7495525359671915,445.0755000000002
1982,50,56.21701432342158,0.0,0.3618828225879054,0.7487222480768847,445.0755000000002
1982,51,56.21701432342157,0.0,0.3615755217247738,0.7479198173644499,445.7170000000002
1982,52,56.95499315934235,0.0,0.3645712269016175,0.7557587912183846,450.78600000000023
1982,53,56.95499315934235,0.0,0.3641541889547756,0.7546653008295435,452.70650000000023
1982,54,56.95499315934236,0.0,0.36376367250260533,0.7536420009114908,452.70650000000023
1982,55,58.18739997064513,0.0,0.3687697915760729,0.7668077531264693,458.5050000000002
1982,56,58.18739997064513,0.0,0.368170268825873,0.7652255563876112,460.94400000000024
1982,57,58.18739997064513,0.0,0.36760628232594406,0.7637385129965157,460.94400000000024
1982,58,58.18739997064513,0.0,0.3670607346029495,0.762301347802064,460.94400000000024
1982,59,58.18739997064513,0.0,0.36653301616756373,0.7609123294249256,460.94400000000024
1982,60,58.18739997064513,0.0,0.3660225379744384,0.7595697900539462,461.96700000000027
1982,61,58.18739997064513,0.0,0.3655354985197057,0.7582899010439637,466.73950000000025
1982,62,58.18739997064513,0.0,0.3650962429842187,0.7571364255517785,470.02850000000024
1982,63,58.18739997064513,0.0,0.3646935939156918,0.7560797786710477,470.02850000000024
1982,64,58.18739997064513,0.0,0.364304111939457,0.7550583223757018,470.02850000000024
1982,65,58.18739997064513,0.0,0.3639273627754913,0.7540708544848705,470.02850000000024
1982,66,58.18739997064513,0.0,0.3635629266564472,0.7531162157213277,470.02850000000024
1982,67,58.18739997064513,0.0,0.3632103978348791,0.7521932880726022,470.02850000000024
1982,68,58.18739997064513,0.0,0.36286938410731784,0.7513009932206622,470.02850000000024
1982,69,58.18739997064513,0.0,0.3625395063546417,0.7504382910370023,470.02850000000024
1982,70,58.18739997064513,0.0,0.36222039809820816,0.7496041781401228,474.38100000000026
1982,71,63.42388666425694,0.0,0.3840323591380428,0.8076014131611225,485.05950000000024
1982,72,63.42388666425694,0.0,0.3827532352114007,0.8041439868355439,492.20550000000026
1982,73,70.7576983666471,0.0,0.40905177600264075,0.8767114547721206,501.67750000000024
1982,74,71.07427972800023,0.0,0.4077555200503641,0.8730595941001102,507.2645000000002
1982,75,71.72743090637474,0.0,0.4076430295233904,0.872743058590013,512.3475000000002
1982,76,77.11885385346139,0.0,0.4231482804777687,0.9169500512175027,525.4320000000002
1982,77,82.07142423829816,0.0,0.43531556842623687,0.952480386764495,533.6715000000003
1982,78,84.89257768777834,0.0,0.4399048297521342,0.9660809380351447,542.1620000000003
1982,79,85.80064493801751,0.0,0.43869245652577277,0.9624771963882555,549.4540000000003
1982,80,92.61677800256531,0.0,0.4533080938989543,1.0064497970012591,560.0985000000003
1982,81,97.75752041332252,0.0,0.46174265151303295,1.0323641504621253,569.3635000000003
1982,82,98.6517404182558,0.0,0.4591591148259768,1.024383593046148,574.4395000000003
1982,83,98.6517404182558,0.0,0.45452668226961634,1.0101689805391503,579.4340000000003
1982,84,102.99073355737616,0.0,0.4601179158615565,1.0273408766250167,588.6510000000003
1982,85,104.27798281901387,0.0,0.45823535515714275,1.021539344094857,595.2190000000003
1982,86,104.27798281901387,0.0,0.4535300866981703,1.0071267105143589,595.3205000000003
1982,87,104.27798281901386,0.0,0.4489595927477532,0.9932452302032763,595.3205000000003
1982,88,104.27798281901387,0.0,0.4445198057668533,0.9798705408063334,595.3205000000003
1982,89,104.27798281901387,0.0,0.44020706302778845,0.9669805317268221,600.7750000000003
1982,90,107.70592607776722,0.0,0.44372354104120015,0.9774831332757332,613.3605000000003
1982,91,115.97897059067093,0.0,0.45677858651665304,1.0170638042028846,625.9175000000004
1982,92,129.34954107407432,0.0,0.4897646498201088,1.1214719812796181,636.7395000000004
1982,93,141.29188364255765,0.0,0.5164940780816722,1.21115286023739,649.9620000000003
1982,94,142.81056070541527,0.0,0.5189793140289407,1.2197416727071277,659.4650000000004
1982,95,142.81056070541524,0.0,0.5183498772186415,1.2175621914338692,659.4650000000004
1982,96,142.81056070541527,0.0,0.5177376437607342,1.2154450091046918,659.4650000000004
1982,97,142.81056070541524,0.0,0.5171421411576056,1.2133882612529878,659.4650000000004
1982,98,142.81056070541527,0.0,0.5165629099055129,1.2113901435212437,659.4650000000004
1982,99,142.81056070541527,0.0,0.5159995031448132,1.2094489095095484,659.4650000000004
1982,100,142.81056070541527,0.0,0.5154514863185289,1.2075628687110482,659.4650000000004
1982,101,142.81056070541527,0.0,0.5149184368391637,1.205730384530413,660.6350000000003
1982,102,142.81056070541527,0.0,0.514416239425219,1.2040058029591498,660.6400000000003
1982,103,142.81056070541527,0.0,0.513927834258364,1.2023302948745822,666.8465000000003
1982,104,148.94019595207624,0.0,0.5251654761648554,1.2413148441935087,680.3190000000003
1982,105,151.8877417166122,0.0,0.5293385254751977,1.2560269685346517,687.8230000000003
1982,106,170.50244642322025,0.0,0.5583194237283733,1.3619472271343995,700.7560000000003
1982,107,175.64059379789947,0.0,0.5628334974166789,1.3790685727950072,718.2240000000003
1982,108,186.30478385734324,0.0,0.5737450864909849,1.4211962052616203,732.8855000000003
1982,109,202.5882843286128,0.0,0.5892246864151003,1.4828481604105392,742.6815000000004
1982,110,215.4090660644904,0.0,0.5984012192884711,1.5205029111434951,754.4080000000004
1982,111,231.2939341433492,0.0,0.6088330353874796,1.5643679844571277,766.8050000000004
1982,112,231.29393414334922,0.0,0.6035122850993774,1.5418503704073965,772.7555000000004
1982,113,231.67710410911567,0.0,0.5986736588594336,1.5216339405674648,779.4760000000005
1982,114,243.0193444009698,0.0,0.6033065362890792,1.5409857137544947,788.9615000000005
1982,115,261.2673556399428,0.0,0.6123771990572903,1.5795376245568693,801.5335000000005
1982,116,271.62533513894505,0.0,0.6139413925674398,1.5862768138598138,815.3240000000004
1982,117,283.38996537217974,0.0,0.6156693227468946,1.5937532638027274,829.2950000000004
1982,118,295.8724822673397,0.0,0.6169656339303381,1.5993842753090828,838.7575000000004
1982,119,305.6489975264333,0.0,0.616047769817891,1.5953952245003782,847.2860000000004
1982,120,315.0594055727096,0.0,0.6145176076064334,1.5887662695778912,858.9275000000004
1982,121,321.8106633866823,0.0,0.6112434444313685,1.5746699207197052,872.6295000000003
1982,122,331.39494672113045,0.0,0.6089407076800522,1.5648268128855962,887.7280000000003
1982,123,345.87758040789504,0.0,0.6080077561843977,1.5608553759535193,902.5740000000003
1982,124,359.7036124005858,0.0,0.6059456600332318,1.5521107674945522,917.4070000000003
1982,125,372.7831218470697,0.0,0.6028620040263277,1.5391191029695732,936.0035000000003
1982,126,385.81428247411264,0.0,0.5988936989094984,1.5225479946741054,957.5265000000003
1982,127,395.8750988314941,0.0,0.5935322817504922,1.5004179450801207,979.2230000000003
1982,128,397.76729392906594,0.0,0.5869398812513317,1.47360355106233,997.0060000000003
1982,129,411.340951698561,0.0,0.5804453612033746,1.4476025235449255,1010.6445000000003
1982,130,425.0787826614509,3.4395603636514256,0.5739466226487598,1.4219844026924182,1027.6795000000004
1982,131,438.9589509984986,11.418542084183336,0.5675391072019642,1.397105629957785,1046.3735000000004
1982,132,453.1433736754645,24.623158878520222,0.5612906213264961,1.3731968211802985,1066.3020000000004
1982,133,466.87055102238253,38.35033622543827,0.5407796593708798,1.2970418986044794,1087.8225000000004
1982,134,480.1982265745826,51.678011777638304,0.5205596713107623,1.225226395438944,1109.5800000000004
1982,135,492.53975374017637,64.01953894323208,0.5002465508813057,1.1560673398953525,1132.4305000000004
1982,136,504.38234884052395,75.86213404357966,0.4807056356097484,1.0921406341844957,1154.6905000000004
1982,137,516.3328281799128,87.81261338296848,0.461873312252972,1.032768779095842,1176.5020000000004
1982,138,528.1798322573653,99.65961746042103,0.44325462833382656,0.9760788100114627,1198.9445000000005
1982,139,538.2313368539355,109.71112205699127,0.4249149845580451,0.9220623269523757,1221.9470000000006
1982,140,548.3474543555013,119.82723955855698,0.40771645046616384,0.872949649933202,1243.5385000000006
1982,141,556.966560186801,128.44634538985673,0.39072398682286524,0.8258064838987712,1265.5685000000005
1982,142,561.568627840158,133.0484130432137,0.3758010198767535,0.785476805068305,1283.6000000000006
1982,143,568.0009185686929,139.48070377174855,0.36005630253030085,0.7439584653363999,1304.5170000000005
1982,144,571.6627719347659,143.1425571378216,0.3460067248268668,0.7077636836461547,1322.1890000000005
1982,145,575.6791772004707,147.15896240352637,0.3330295677393341,0.6750159391556187,1337.9950000000006
1982,146,579.4904765619531,150.97026176500884,0.3195537016393576,0.6416772916298438,1356.0930000000005
1982,147,581.8637597619246,153.3435449649803,0.3059867994839818,0.6087738295662919,1375.5960000000005
1982,148,583.491557371663,154.97134257471873,0.29272528251362395,0.5772268678087945,1395.5285000000003
1982,149,586.3169211710525,157.79670637410828,0.2802999319999009,0.5482012099740541,1414.3740000000003
1982,150,587.477447464112,158.95723266716763,0.2676199792933911,0.5190929096064136,1435.4310000000003
1982,151,589.350324894743,160.8301100977987,0.2553815425097684,0.491472215644723,1456.7100000000003
1982,152,591.2499408360899,162.72972603914553,0.24342310029370062,0.4649184982697349,1478.7705000000003
1982,153,592.9021436226868,164.38192882574248,0.23309562131402473,0.4423219243929867,1496.9540000000004
1982,154,594.2467924200488,165.72657762310445,0.22369471388867168,0.42201571037839786,1513.3250000000005
1982,155,594.9951032920711,166.47488849512686,0.21490645716013382,0.40325400907620795,1528.8330000000005
1982,156,595.4076435998275,166.88742880288316,0.20694648192554196,0.38644095251739785,1542.9495000000006
1982,157,596.2762830756802,167.75606827873602,0.19857562035990328,0.3689410998833136,1559.5685000000005
1982,158,596.9429904695675,168.42277567262312,0.19063355335457444,0.3525058366688106,1575.8975000000005
1982,159,597.2787359936603,168.75852119671606,0.1820157414867303,0.33485364405977347,1596.6540000000005
1982,160,597.6614339556222,169.1412191586779,0.17330526407603244,0.317199623868222,1619.6805000000004
1982,161,597.8532221275859,169.33300733064158,0.16512722837095795,0.30079322507866685,1642.2460000000003
1982,162,598.1469428968343,169.62672809988996,0.1580808186370053,0.28678542246006955,1661.2340000000004
1982,163,598.3452877112951,169.8250729143508,0.15171541442841951,0.2742318388285652,1678.4085000000005
1982,164,598.4661686620906,169.94595386514624,0.14526011895902824,0.2615968150569187,1697.5890000000004
1982,165,598.5789732490867,170.05875845214229,0.1392665748104882,0.24995072198520765,1715.8820000000003
1982,166,598.6528709269772,170.13265613003293,0.13353094589663517,0.23888147356008047,1734.2745000000002
1982,167,598.6766613705574,170.15644657361307,0.1273895651778083,0.22711010008852156,1756.6810000000003
1982,168,598.6847797735273,170.16456497658294,0.12238146109809922,0.2175720761630989,1773.8955000000003
1982,169,598.6847797735273,170.16456497658294,0.11806151424119027,0.20938828240867477,1788.3535000000004
1982,170,598.6847797735273,170.16456497658294,0.11319720958947489,0.20022109106427574,1807.4185000000004
1982,171,598.6847797735273,170.16456497658294,0.10871201081464221,0.191812805916887,1825.3935000000004
1982,172,598.6847797735273,170.16456497658294,0.10427681807352673,0.1835397708074613,1844.4630000000004
1982,173,598.6847797735273,170.16456497658294,0.10032178312126859,0.1761968606512617,1861.4265000000005
1982,174,598.6847797735273,170.16456497658294,0.09635141370536358,0.16885787690130155,1879.8530000000005
1982,175,598.6847797735273,170.16456497658294,0.09293333457630126,0.162565550916095,1895.2115000000006
1982,176,598.6847797735273,170.16456497658294,0.08942274809365636,0.15612756304556402,1912.5390000000007
1982,177,598.6847797735273,170.16456497658294,0.08573504980170843,0.14939144944699684,1932.7325000000008
1982,178,598.6847797735273,170.16456497658294,0.0821762053881111,0.14291641942107275,1953.2775000000008
1982,179,598.6847797735273,170.16456497658294,0.07842915615452761,0.13612604332224798,1977.1465000000007
1982,180,598.6847797735273,170.16456497658294,0.07496292284749184,0.12986909810818875,2000.0445000000007
1982,181,598.6847797735272,170.16456497658294,0.07163746830069095,0.1238882722076998,2023.1920000000007
1982,182,598.6847797735272,170.16456497658294,0.06874738306733652,0.11870783193880256,2043.3380000000006
1982,183,598.6847797735273,170.16456497658294,0.06627767208367896,0.11429363067538259,2060.180500000001
1982,280,10.5,0.0,0.0,0.14469,0.0
1982,281,10.5,0.0,0.0,0.14469,0.0
1982,282,10.5,0.0,0.0,0.14469,0.0
1982,283,10.5,0.0,0.0,0.14469,0.0
1982,284,10.5,0.0,0.0,0.14469,0.0
1982,285,10.5,0.0,0.0,0.14469,0.0
1982,286,10.5,0.0,0.0,0.14469,0.0
1982,287,10.5,0.0,0.08315238656939639,0.14469,0.0
1982,288,11.07562566901701,0.0,0.09026830609873193,0.1576759413539808,10.52
1982,289,11.844432053052934,0.0,0.0996800308208855,0.17500842921737558,23.578
1982,290,12.61943507573492,0.0,0.10663482729210873,0.18793308948258305,32.938
1982,291,12.993010673022448,0.0,0.11233576717638294,0.1986028728058982,40.5955
1982,292,14.245048344119757,0.0,0.12301272806097274,0.21877133316280054,53.549
1982,293,15.015179625213065,0.0,0.13576352743564413,0.24318142088019648,68.6645
1982,294,15.739687536670425,0.0,0.14598612644298314,0.263013066570997,80.19500000000001
1982,295,16.204801672768273,0.0,0.15051758322244901,0.27188006067317216,85.55850000000001
1982,296,16.82436065545514,0.0,0.1558826176981435,0.28243952583333953,91.56850000000001
1982,297,16.869759794972833,0.0,0.160631687533219,0.2918427983557962,96.88300000000001
1982,298,16.86975979497283,0.0,0.16706677249783497,0.30466966514871663,103.30050000000001
1982,299,16.869759794972833,0.0,0.17511139215800287,0.32084487093527303,110.52800000000002
1982,300,17.60836001991712,0.0,0.18646546118645926,0.34394482695030404,119.69250000000002
1982,301,19.422173578254338,0.0,0.20039535453228277,0.37272977772208693,130.44550000000004
1982,302,21.333374759822284,0.0,0.22015770768786003,0.41443928180821793,145.74350000000004
1982,303,23.272232378074992,0.0,0.2380427525766089,0.45310805102176344,159.60900000000004
1982,304,24.71940653842746,0.0,0.2536482193213433,0.48759705676065346,171.86250000000004
1982,305,24.98657410211873,0.0,0.27471028964842925,0.5353068391025798,187.47700000000003
1982,306,25.823354631606716,0.0,0.3036839232709534,0.6032526475060258,206.42050000000003
1982,307,26.552922443592305,0.0,0.3325039860298509,0.6737031005097721,223.78650000000005
1982,308,27.96250578100068,0.0,0.3386142371984876,0.6890300075301518,234.26950000000005
1982,309,27.96250578100068,0.0,0.33718735644033176,0.6854381960524765,236.40850000000006
1982,310,27.96250578100068,0.0,0.33591716180623665,0.6822473016186944,236.63200000000006
1982,311,27.962505781000676,0.0,0.3347902527439416,0.6794214644162778,239.87000000000006
1982,312,29.56472122746832,0.0,0.3424753213284123,0.6987883025555502,248.03400000000005
1982,313,31.524642433015526,0.0,0.35161969903125745,0.7221297842800457,261.11150000000004
1982,314,34.56767264953409,0.0,0.3657784715817065,0.7589282861112576,274.55150000000003
1982,315,37.97322054951957,0.0,0.3802592526098513,0.7974233962709241,287.5115
1982,316,38.830179512280786,0.0,0.3817511874876355,0.8014404888441542,302.5775
1982,317,40.96320496366317,0.0,0.38900371839813397,0.8211073426450892,312.902
1982,318,40.96320496366317,0.0,0.386468841892631,0.8142070477662271,312.902
1982,319,40.96320496366318,0.0,0.3841199324096891,0.8078383831241921,312.902
1982,320,40.96320496366318,0.0,0.38195233299904063,0.8019828223823013,312.902
1982,321,40.96320496366318,0.0,0.3799614418886166,0.7966226872908627,314.4545
1982,322,40.96320496366317,0.0,0.37815258223060655,0.7917675423142781,318.5535
1982,323,42.93531894474587,0.0,0.3857523244025216,0.8122617528651628,328.0755
1982,324,43.912027998519555,0.0,0.3883705376029667,0.8193810557174586,340.6515
1982,325,44.57754015194287,0.0,0.3895885239458914,0.8227033305226832,355.7835
1982,326,46.01847647624036,0.0,0.3943408453140147,0.8357298369349251,368.091
1982,327,46.82136691245283,0.0,0.39616245149448925,0.8407501277522635,376.23650000000004
1982,328,47.05869265933395,0.0,0.39560409301435395,0.8392097010592108,383.401
1982,329,47.05869265933396,0.0,0.39408748262705195,0.8350327735075905,383.401
1982,330,47.05869265933396,0.0,0.392623903273289,0.8310118009578367,383.401
1982,331,47.05869265933395,0.0,0.3912115424484479,0.8271407199301619,384.3355
1982,332,47.05869265933396,0.0,0.3898566314888976,0.8234355318066926,385.291
1982,333,47.06766872595907,0.0,0.38859670455450335,0.8199974659012537,391.641
1982,334,48.06790668161873,0.0,0.39175314708940756,0.8286241188971909,398.2305
1982,335,50.85876720502595,0.0,0.402276548474642,0.8577118127338492,408.302
1982,336,52.288024553549604,0.0,0.40628352145731855,0.8689223040305447,421.711
1982,337,55.27095092987665,0.0,0.41604681245322017,0.8965574294617794,439.7735
1982,338,55.72245630524857,0.0,0.4154408347271805,0.8948287990971385,458.1795
1982,339,56.602935530997826,0.0,0.41645719662561176,0.8977291228194295,471.92600000000004
1982,340,58.65526590190121,0.0,0.4215463303729208,0.912328037717674,485.47200000000004
1982,341,60.9663144807607,0.0,0.4270344676420109,0.9282161950492626,492.97700000000003
1982,342,60.96631448076069,0.0,0.42437003485137426,0.9204837439073359,496.37350000000004
1982,343,60.9663144807607,0.0,0.42181031369156285,0.9130888119063959,498.951
1982,344,60.966314480760694,0.0,0.4193477770906954,0.9060054749763307,498.951
1982,345,60.966314480760694,0.0,0.4169649730974151,0.8991800233099996,498.951
1982,346,60.9663144807607,0.0,0.4146593711468267,0.8926022161011572,498.951
1982,347,60.9663144807607,0.0,0.41242851085909527,0.8862622612043066,498.951
1982,348,60.966314480760694,0.0,0.4102700013229567,0.8801507936459813,498.951
1982,349,60.9663144807607,0.0,0.4081815202384253,0.8742588552344046,500.6575
1982,350,61.14280331216272,0.0,0.4067877115721053,0.8703382557403774,506.70000000000005
1982,351,61.189069427691734,0.0,0.40500856792125783,0.8653471223464112,508.95700000000005
1982,352,61.18906942769174,0.0,0.4031365951806583,0.8601116573608717,508.9965
1982,353,61.189069427691734,0.0,0.40132564993884223,0.8550624744876314,512.2255
1982,354,61.50654368833544,0.0,0.40071181087534935,0.8533544658281047,515.789
1982,355,61.50654368833544,0.0,0.3990007101297559,0.8486025433798673,515.789
1982,356,61.50654368833544,0.0,0.39734510980669335,0.8440176124958277,515.789
1982,357,61.50654368833544,0.0,0.3957432006691711,0.8395933449151736,518.076
1982,358,61.949930290314846,0.0,0.3957851992824495,0.8397091899028801,528.6410000000001
1982,359,63.1407071322164,0.0,0.398438456547644,0.84704405362062,541.5210000000001
1982,360,64.89058421907859,0.0,0.4026923573380659,0.8588716399612936,556.8545
1982,361,65.5901347268543,0.0,0.4031632142777072,0.8601859895292118,563.839
1982,362,65.98859457918934,0.0,0.40263961458929154,0.8587244784414702,572.739
1982,363,66.27258812051082,0.0,0.4017904151046724,0.8563568500340432,580.9415
1982,364,66.27258812051082,0.0,0.4001442640209252,0.8517768211853423,580.9415
1982,365,66.2725881205108,0.0,0.39855028805108383,0.847353919116502,580.9415
1983,1,66.2725881205108,0.0,0.39700680897140594,0.843082290242081,580.9415
1983,2,66.2725881205108,0.0,0.39551220146324484,0.8389563225335886,582.112
1983,3,66.27258812051082,0.0,0.3940730594008113,0.8349931004135284,582.112
1983,4,66.2725881205108,0.0,0.3926794440208242,0.8311642141754365,582.112
1983,5,66.2725881205108,0.0,0.39132988820965975,0.8274647439929781,582.112
1983,6,66.2725881205108,0.0,0.39002297196623215,0.8238899691415548,582.928
1983,7,66.27258812051082,0.0,0.3887631293469882,0.8204511965466972,585.3935
1983,8,66.27258812051082,0.0,0.3875607511021453,0.8171758782589159,588.427
1983,9,66.2725881205108,0.0,0.38641836099733107,0.8140699212922053,588.427
1983,10,66.27258812051082,0.0,0.3853120170081354,0.8110674744119635,589.653
1983,11,67.56029804898895,0.0,0.3881746933826392,0.818847473201891,595.8875
1983,12,67.56029804898895,0.0,0.38696500183624083,0.8155554190387025,597.6115000000001
1983,13,67.56029804898895,0.0,0.3858056879010847,0.8124065528072337,597.6115000000001
1983,14,67.56029804898895,0.0,0.3846825831723988,0.8093616989989114,597.6115000000001
1983,15,67.56029804898895,0.0,0.38359452865326515,0.8064171654716817,598.9795000000001
1983,16,67.56029804898895,0.0,0.38255053277555573,0.8035967471382794,598.9795000000001
1983,17,67.56029804898895,0.0,0.3815390749010773,0.8008687767110447,598.9795000000001
1983,18,67.56029804898895,0.0,0.3805591155443231,0.7982300117893667,598.9795000000001
1983,19,67.56029804898895,0.0,0.37960964917580986,0.795677334922005,598.9795000000001
1983,20,67.56029804898895,0.0,0.3786897031303824,0.7932077482427607,598.9795000000001
1983,21,67.56029804898895,0.0,0.377798336544574,0.7908183683603099,598.9795000000001
1983,22,67.56029804898895,0.0,0.3769346393230586,0.78850642148928,598.9795000000001
1983,23,67.56029804898895,0.0,0.3760977311341127,0.7862692388103301,600.2835000000001
1983,24,67.56029804898895,0.0,0.37529667406942435,0.7841307007538718,601.2235000000002
1983,25,67.56029804898895,0.0,0.3745276191951508,0.7820801757299669,602.0600000000002
1983,26,67.56029804898895,0.0,0.3737888025859261,0.7801126478662065,602.0600000000002
1983,27,67.56029804898895,0.0,0.3730728457175503,0.7782082107774968,602.0600000000002
1983,28,67.56029804898895,0.0,0.37237902483016594,0.7763647290705967,602.0600000000002
1983,29,67.56029804898895,0.0,0.371706639765797,0.7745801457603724,602.0600000000002
1983,30,67.56029804898895,0.0,0.37105501318207934,0.7728524790757023,604.4950000000001
1983,31,67.56029804898895,0.0,0.3704424945639362,0.7712301311654469,606.0515000000001
1983,32,67.56029804898895,0.0,0.36986111669815247,0.7696917236775798,606.0515000000001
1983,33,67.56029804898895,0.0,0.3692976663451364,0.7682021086942217,606.0515000000001
1983,34,68.19226989607638,0.0,0.3706831529923179,0.771867362966609,611.2700000000001
1983,35,68.19226989607638,0.0,0.37007843410137853,0.7702666098679434,611.2700000000001
1983,36,68.1922698960764,0.0,0.36949226456032014,0.7687164248563917,611.2700000000001
1983,37,68.19226989607638,0.0,0.36892406279612855,0.7672151324334042,611.2700000000001
1983,38,68.1922698960764,0.0,0.36837326604709997,0.7657611169143002,611.2700000000001
1983,39,68.1922698960764,0.0,0.36783932973420996,0.7643528200681792,611.2700000000001
1983,40,68.19226989607638,0.0,0.36732172685354914,0.7629887388617663,611.2700000000001
1983,41,68.19226989607638,0.0,0.36681994738920276,0.7616674233021508,612.8160000000001
1983,42,68.19226989607638,0.0,0.36634586854945084,0.7604200123206477,613.5155000000001
1983,43,68.19226989607638,0.0,0.36589189425107416,0.7592263754686153,613.5155000000001
1983,44,68.1922698960764,0.0,0.36545177924492267,0.7580699944624207,613.5155000000001
1983,45,68.1922698960764,0.0,0.3650250925832548,0.7569496612489329,613.7085000000001
1983,46,68.1922698960764,0.0,0.36461297725188446,0.7558683018451239,616.7285
1983,47,68.19226989607638,0.0,0.3642379904567072,0.7548849741719481,620.668
1983,48,68.19226989607638,0.0,0.3639068796776921,0.7540171845976998,624.075
1983,49,68.52536834796646,0.0,0.3645951922499131,0.755821651136105,627.7775
1983,50,68.52536834796646,0.0,0.3642800358373555,0.7549952008773023,631.2105
1983,51,70.12747918779904,0.0,0.36859183055725336,0.7663379405416533,639.0995
1983,52,73.988645287326,0.0,0.37857937289828336,0.7929118133511422,648.4350000000001
1983,53,79.60075698351565,0.0,0.3914913796268763,0.8279070000996528,658.5435000000001
1983,54,86.10713819620975,0.0,0.40433473361583877,0.8634606721260466,669.7010000000001
1983,55,89.4978658205203,0.0,0.40876521516843756,0.8759034556787044,677.5210000000002
1983,56,89.60856360185811,0.0,0.40624584015002174,0.8688165293245119,680.7525000000002
1983,57,89.60856360185811,0.0,0.40359516075586743,0.8613926367217276,680.7525000000002
1983,58,89.6085636018581,0.0,0.4010184309680229,0.8542074181712048,680.7525000000002
1983,59,89.60856360185811,0.0,0.3985133860651121,0.8472516638122956,683.1555000000002
1983,60,89.60856360185811,0.0,0.39609183019185057,0.8405552155792559,688.3310000000002
1983,61,90.70967444462235,0.0,0.395904593852759,0.8400385605397132,695.1520000000003
1983,62,90.70967444462235,0.0,0.39356310774921355,0.8335910139335053,704.0540000000003
1983,63,98.75160731230457,0.0,0.40613412655073555,0.8685029789843824,716.4095000000003
1983,64,104.71278307447739,0.0,0.41315298731739125,0.8883185314608039,733.5165000000003
1983,65,108.95030418112857,0.0,0.41630928907761033,0.8973067350481696,751.4375000000003
1983,66,115.09665554504939,0.0,0.4214168996858482,0.9119551579297684,768.6160000000003
1983,67,121.30617870202889,0.0,0.42552123548909615,0.9238202430066443,782.5940000000003
1983,68,123.80735780544481,0.0,0.4244163260245333,0.9206177797677264,791.9140000000003
1983,69,123.80735780544481,0.0,0.4203765737897178,0.9089610857670907,794.1415000000003
1983,70,123.8073578054448,0.0,0.41645459680573016,0.8977216974455603,795.1740000000003
1983,71,123.8073578054448,0.0,0.41264160337430533,0.8868668150593293,796.1445000000003
1983,72,123.80735780544481,0.0,0.4089341398317936,0.8763797154332771,797.5120000000003
1983,73,123.80735780544481,0.0,0.40533092196714904,0.8662503325508925,800.9800000000002
1983,74,126.98128032182542,0.0,0.4053949100988763,0.8664296804072412,808.2220000000002
1983,75,126.98128032182544,0.0,0.40182213407289924,0.8564452243262022,814.5430000000002
1983,76,131.2228660504039,0.0,0.4028125626553989,0.8592070824416932,822.9885000000003
1983,77,136.36714117018758,0.0,0.4043072153834103,0.8633836781095394,832.4700000000003
1983,78,136.93398664418868,0.0,0.4010865985944745,0.8543971054370822,843.0880000000003
1983,79,137.9572271844986,0.0,0.3983476432186067,0.8467924681815665,847.9215000000003
1983,80,137.9572271844986,0.0,0.39477601790506267,0.8369277852107598,851.0460000000003
1983,81,137.9572271844986,0.0,0.3913110103333506,0.8274130532024023,851.0460000000003
1983,82,137.9572271844986,0.0,0.3879358852651987,0.8181970655307812,851.0460000000003
1983,83,137.9572271844986,0.0,0.3846479992355241,0.8092680265731854,851.0460000000003
1983,84,137.9572271844986,0.0,0.3814447777635649,0.8006146783365052,851.0460000000003
1983,85,137.9572271844986,0.0,0.3783237152337236,0.7922262736968497,851.0460000000003
1983,86,137.9572271844986,0.0,0.3752823745514924,0.7840925510336174,854.3700000000002
1983,87,140.94391256064918,0.0,0.37489727914294124,0.7830654822982952,862.8055000000003
1983,88,141.2000022879842,0.0,0.37210555290563074,0.7756386741930261,866.7040000000003
1983,89,141.2000022879842,0.0,0.3691866980425913,0.7679088944586397,868.7340000000003
1983,90,141.32925485876265,0.0,0.36645099834895,0.7606965525663647,872.9300000000003
1983,91,141.32925485876265,0.0,0.36369650295540845,0.7534660547551929,877.5995000000003
1983,92,144.3176539382967,0.0,0.3664163191157054,0.7606053249895127,886.7330000000003
1983,93,145.53290517095746,0.0,0.3674350900212233,0.7632873986226973,895.5785000000003
1983,94,148.06188781124595,0.0,0.36938131604496804,0.7684231724276314,902.1515000000003
1983,95,149.09023780164577,0.0,0.3701200917694806,0.7703768327058873,907.7395000000002
1983,96,153.67568694028057,0.0,0.3732118273177478,0.778577730071544,916.8260000000002
1983,97,156.7757193142132,0.0,0.3750830136062625,0.78356076639558,929.9485000000002
1983,98,164.7163486460196,0.0,0.37907754644264957,0.7942484639077223,939.9620000000002
1983,99,169.58377117482064,0.0,0.38115298475157466,0.7998286417819682,947.4070000000003
1983,100,171.82880354088928,0.0,0.38198443548556626,0.8020693942385901,956.0510000000003
1983,101,175.62448979503725,0.0,0.38314572607606157,0.8052041131017681,962.8000000000003
1983,102,178.80224927947273,0.0,0.38395835511605525,0.8074011873377926,969.7420000000003
1983,103,180.07635248891606,0.0,0.3842187644393309,0.8081058593359316,977.9915000000003
1983,104,187.2400708484945,0.0,0.3852467134433466,0.8108904195538809,992.8175000000003
1983,105,193.25008355597583,0.0,0.38545350198261896,0.8114511413127709,1004.4725000000003
1983,106,194.6103768354808,0.18065990269235851,0.38545350198261896,0.8114511413127709,1009.1385000000004
1983,107,194.6103768354808,0.18065990269235851,0.38545350198261896,0.8114511413127709,1013.3165000000004
1983,108,194.6103768354808,0.18065990269235851,0.38545350198261896,0.8114511413127709,1017.3905000000003
1983,109,194.6103768354808,0.18065990269235851,0.38545350198261896,0.8114511413127709,1017.3905000000003
1983,110,194.6103768354808,0.18065990269235851,0.385453501982619,0.8114511413127709,1017.7470000000003
1983,111,194.6103768354808,0.18065990269235851,0.38545350198261896,0.8114511413127709,1020.3600000000004
1983,112,199.16742165129085,2.1649274167765404,0.38545350198261896,0.8114511413127709,1028.4100000000003
1983,113,210.26364068867275,8.697958472880922,0.38545350198261896,0.8114511413127709,1038.9435000000003
1983,114,220.17993492600073,16.525881143827693,0.385453501982619,0.8114511413127709,1049.8160000000003
1983,115,230.30768634673979,26.61813720720652,0.38545350198261896,0.8114511413127709,1059.1330000000003
1983,116,232.70551068699683,29.015961547463576,0.3796200726583029,0.7957053376411672,1068.5375000000004
1983,117,247.53014064407967,43.8405915045464,0.3717018444566388,0.7745674253467296,1081.8200000000004
1983,118,259.90098466992083,56.211435530387575,0.36118569879535734,0.7469024588047622,1101.1075000000003
1983,119,266.3031253594058,62.61357621987251,0.351824190966054,0.722655515317097,1117.9550000000004
1983,120,271.248122402086,67.55857326255273,0.34521994761256025,0.7057598293689833,1129.6450000000004
1983,121,275.695802492501,72.00625335296775,0.33674411484429434,0.6843240213248356,1144.9245000000005
1983,122,277.3914865825209,73.70193744298764,0.3287037260572113,0.6642411642710156,1159.5980000000006
1983,123,289.4883923777828,85.79884323824955,0.3192674650403796,0.6409763389061448,1178.3665000000005
1983,124,294.94368567448913,91.25413653495589,0.31282595731705154,0.6252794693426722,1190.6110000000006
1983,125,307.10928296751723,103.41973382798399,0.30681590418740123,0.6107661075797595,1202.2165000000005
1983,126,318.5314717107725,114.84192257123931,0.30151252829503394,0.5980633940743156,1212.6155000000003
1983,127,328.64975147950554,124.96020233997226,0.29330556182835443,0.5785948357614791,1229.5300000000004
1983,128,334.35092847081506,130.66137933128184,0.2844876768024738,0.5579274282280791,1248.8200000000004
1983,129,345.6593581881861,141.9698090486529,0.2787604118888456,0.5446398285973991,1260.7280000000003
1983,130,346.5204581344751,142.8309089949419,0.2745383343502106,0.5349117442989066,1268.5895000000003
1983,131,358.5498715772328,154.86032243769952,0.2689582028444326,0.5221410713592822,1280.2780000000002
1983,132,369.95543891546913,166.26588977593585,0.2615912343215696,0.5054295411419176,1295.4395000000002
1983,133,376.7518790904796,173.06232995094635,0.25310759496233226,0.48639023386277863,1313.8690000000001
1983,134,381.73426514663686,178.0447160071036,0.24408758740006076,0.4663829431062601,1333.9170000000001
1983,135,383.95679315300197,180.2672440134687,0.2352448003829577,0.4469991614454749,1353.3695000000002
1983,136,388.89914268251715,185.20959354298387,0.22839879846902986,0.43214573459612043,1366.6075000000003
1983,137,395.4469336289941,191.75738448946086,0.22280861184065426,0.42011440356349855,1376.6335000000004
1983,138,401.3392337871968,197.64968464766358,0.21640232127431758,0.40643259206100935,1388.5410000000004
1983,139,404.67048065272195,200.98093151318864,0.20875925041862398,0.3902549941408431,1403.6770000000004
1983,140,408.81319336892045,205.1236442293872,0.20044312379311846,0.37282934919585103,1421.9370000000004
1983,141,412.6234172795618,208.93386814002852,0.19274294755157506,0.35685522165815126,1438.4520000000005
1983,142,416.0608577255505,212.3713085860172,0.18529005826814604,0.34153854800687555,1454.7210000000005
1983,143,418.2340455416853,214.54449640215205,0.17731384869544586,0.3253008302923967,1474.2350000000004
1983,144,421.01928518527507,217.32973604574178,0.17023666883248845,0.3110246033736836,1490.8640000000003
1983,145,424.11730103063815,220.4277518911049,0.16368459604660268,0.297915765987438,1506.1005000000002
1983,146,425.74157525323324,222.05202611369992,0.157118935417917,0.2848823613980609,1522.5010000000002
1983,147,427.4855432024857,223.79599406295242,0.15254999909982392,0.27587239575976047,1532.2625000000003
1983,148,428.978662056787,225.2891129172537,0.14761038920942648,0.2661859450292936,1543.9135000000003
1983,149,429.4653989278457,225.77584978831246,0.1419142038253456,0.25508531491973396,1558.9140000000004
1983,150,430.6793308640782,226.98978172454497,0.13594802440704368,0.24353725841857551,1576.7075000000004
1983,151,431.28358677558117,227.5940376360479,0.13129989833727473,0.23459553447948603,1589.4030000000005
1983,152,431.95083683768485,228.26128769815153,0.12680353487159157,0.22599117082579348,1602.1955000000005
1983,153,432.5950712559304,228.90552211639718,0.12237740479958426,0.21756437295082368,1615.4180000000006
1983,154,432.95589257203903,229.26634343250572,0.11764324061765363,0.20859802610562705,1630.8925000000006
1983,155,433.0569517465458,229.3674026070125,0.11291891506884477,0.19969814341104666,1647.6645000000005
1983,156,433.55829449693465,229.86874535740137,0.1081727787931982,0.19080477227116543,1666.0530000000006
1983,157,433.8789590679732,230.18940992843991,0.103483926823417,0.18206509548238886,1685.6145000000006
1983,158,434.0743516734293,230.38480253389605,0.09946730242325086,0.17461467426164237,1701.7380000000005
1983,159,434.37295698010837,230.683407840575,0.09558484700015968,0.1674446399405413,1718.1900000000005
1983,160,434.6126446923359,230.92309555280258,0.09175383884703592,0.16039972421856794,1735.6245000000006
1983,161,434.78556983111713,231.09602069158382,0.08785385969724169,0.1532584336417851,1755.1200000000006
1983,162,434.9222989590086,231.23274981947532,0.08394024541826617,0.14612280362688967,1776.3680000000006
1983,163,435.0171938578213,231.32764471828807,0.08019095356852879,0.1393153145148375,1797.8600000000006
1983,164,435.0911687653446,231.4016196258113,0.07655559745113438,0.13274114022357442,1820.0235000000007
1983,165,435.1498548549697,231.46030571543642,0.07298284534463585,0.12630534671027596,1843.3750000000007
1983,166,435.1926844026107,231.5031352630774,0.06960174593856128,0.1202375905426969,1866.6075000000008
1983,167,435.2184478438737,231.5288987043404,0.06649245072943444,0.11467704828833394,1888.7035000000008
1983,168,435.234012845949,231.54446370641574,0.06364358404809267,0.10959848118638925,1909.5330000000008
1983,169,435.2417425097948,231.55219337026153,0.06085642728413798,0.10464485311819649,1931.2450000000008
1983,170,435.2429403853877,231.55339124585447,0.05817457560761197,0.09989224334113933,1953.3145000000009
1983,171,435.2429403853878,231.55339124585447,0.055604383623046094,0.09535019247201712,1975.6120000000008
1983,172,435.2429403853877,231.55339124585447,0.05313146651925249,0.0909916993916441,1998.2730000000008
1983,173,435.2429403853877,231.55339124585447,0.05072957207091222,0.0867692667149957,2021.6320000000007
1983,174,435.2429403853878,231.55339124585447,0.048479060505286276,0.08282264277052719,2044.4725000000008
1983,175,435.2429403853878,231.55339124585447,0.046255285295009,0.07893206332090574,2068.5970000000007
1983,280,10.5,0.0,0.0,0.14469,0.0
1983,281,10.5,0.0,0.0,0.14469,0.0
1983,282,10.5,0.0,0.0,0.14469,0.0
1983,283,10.5,0.0,0.0,0.14469,0.0
1983,284,10.5,0.0,0.0,0.14469,0.0
1983,285,10.5,0.0,0.0,0.14469,0.0
1983,286,10.5,0.0,0.0,0.14469,0.0
1983,287,10.5,0.0,0.08315238656939639,0.14469,0.0
1983,288,11.180626991860759,0.0,0.08912070965544872,0.1555748214456962,8.878
1983,289,12.202214532487234,0.0,0.09921560659209616,0.17414891167408456,23.207
1983,290,12.987598165429148,0.0,0.110337564429,0.19485529013052152,38.3935
1983,291,14.02277817221161,0.0,0.12025849123247423,0.21354525782807032,51.188
1983,292,14.981066698386032,0.0,0.13012332752825317,0.2323397219356818,63.597
1983,293,15.375452376631955,0.0,0.13889200279777447,0.2492255835495938,74.41
1983,294,15.42895464536819,0.0,0.14685653774396312,0.2647126001721551,83.625
1983,295,15.715644974501044,0.0,0.15816761882704022,0.28695726133076577,95.13550000000001
1983,296,15.920838407009455,0.0,0.17371104234056275,0.31801789826954946,109.28250000000001
1983,297,16.391795362343213,0.0,0.19045735432519395,0.3521430429189697,122.87
1983,298,16.705438359714446,0.0,0.20684389899750544,0.38622538006731344,135.101
1983,299,17.712918954350368,0.0,0.22340679622950452,0.4213976883068925,146.42
1983,300,19.39153401304609,0.0,0.23628361020802746,0.44926462713946963,155.09699999999998
1983,301,20.160456144824835,0.0,0.24762754954352784,0.47420632963425935,163.12149999999997
1983,302,22.77738296493398,0.0,0.27253732953838605,0.5303209888887584,179.23299999999998
1983,303,25.419537451213227,0.0,0.28953888757259016,0.5697351093795429,190.86999999999998
1983,304,27.028719735129844,0.0,0.3012065696525825,0.5973335035016281,199.62049999999996
1983,305,28.43752961238952,0.0,0.3150806531432565,0.6307569824449941,209.78049999999996
1983,306,31.07793125052573,0.0,0.3385882339438824,0.6889644816174774,225.55199999999996
1983,307,31.48176013043276,0.0,0.3381793068973419,0.68793436012288,241.30349999999996
1983,308,32.424967609561364,0.0,0.340621085437649,0.6940948759305052,253.87849999999995
1983,309,32.424967609561364,0.0,0.3384102698693519,0.6885160969504484,257.85499999999996
1983,310,32.424967609561364,0.0,0.33638605960042556,0.6834245227564413,263.28
1983,311,32.424967609561364,0.0,0.33455210009236713,0.678824885587694,269.68699999999995
1983,312,34.57605786063585,0.0,0.34407479369758864,0.7028475188685617,280.90299999999996
1983,313,38.045770253026426,0.0,0.35933323749439494,0.7420763808791742,292.2845
1983,314,40.778236545190914,0.0,0.3696112658143519,0.769031019160925,305.29949999999997
1983,315,41.60146356847035,0.0,0.3705385021008769,0.771484317260262,318.46649999999994
1983,316,42.56922263307663,0.0,0.37216880274225933,0.7758065713685663,324.98599999999993
1983,317,42.56922263307663,0.0,0.3695248008387687,0.7688024325719153,325.83849999999995
1983,318,42.57198418322419,0.0,0.3670867572592045,0.7623698725211535,328.32249999999993
1983,319,42.57198418322418,0.0,0.36483441457151056,0.7564492493804537,333.38899999999995
1983,320,43.170559135760115,0.0,0.36554817250213456,0.758323194498491,340.83399999999995
1983,321,43.857593239176374,0.0,0.366755303287964,0.7614972747498859,345.93249999999995
1983,322,43.9568544035342,0.0,0.36532712219213426,0.7577426098080832,349.12149999999997
1983,323,45.28550418969777,0.0,0.3697383571543347,0.7693670661800638,357.07099999999997
1983,324,47.65044371927209,0.0,0.3786260769144405,0.7930370794732917,371.78099999999995
1983,325,49.28740475305517,0.0,0.38373916506880046,0.8068082862355695,384.51899999999995
1983,326,52.612428998081384,0.0,0.395685881954241,0.8394352554059057,394.52349999999996
1983,327,54.52518633029529,0.0,0.4009561912211068,0.8540342450255581,404.727
1983,328,55.15798816244665,0.0,0.40094860707385527,0.8540131444562522,420.23749999999995
1983,329,55.15798816244665,0.0,0.3985317400207211,0.8473025217898984,423.30899999999997
1983,330,55.15798816244665,0.0,0.39621200746900964,0.8408869140127511,426.88949999999994
1983,331,57.762331824906134,0.0,0.4041318139847492,0.8628930013019704,435.16299999999995
1983,332,58.06733211690117,0.0,0.40269702763374116,0.858884671531627,441.6664999999999
1983,333,59.19533318554234,0.0,0.4044004184680433,0.8636444679527709,448.1049999999999
1983,334,59.19533318554234,0.0,0.40179981376340135,0.8563830357633699,449.1754999999999
1983,335,59.195333185542346,0.0,0.3992897757923499,0.8494043613033695,449.1754999999999
1983,336,59.19533318554234,0.0,0.3968616554453117,0.8426811357452106,449.1754999999999
1983,337,59.19533318554234,0.0,0.3945128342678448,0.8362031872700212,449.1754999999999
1983,338,59.19533318554234,0.0,0.39224076713748596,0.829960790042509,449.1754999999999
1983,339,59.20253511852826,0.0,0.3900705905537395,0.8240200845505965,450.8169999999999
1983,340,59.52190538155034,0.0,0.38918187833452056,0.8215933955654368,455.3374999999999
1983,341,59.52190538155034,0.0,0.387099397337894,0.815920841991591,457.49099999999993
1983,342,59.52190538155035,0.0,0.3850973575392196,0.810485547748316,457.49099999999993
1983,343,59.52190538155034,0.0,0.38316079069315123,0.8052448163971847,457.49099999999993
1983,344,59.52190538155034,0.0,0.381287561204064,0.8001911198635393,457.49099999999993
1983,345,59.52190538155034,0.0,0.3794755989174482,0.795317250399204,457.49099999999993
1983,346,59.60126477904601,0.0,0.37803638695840036,0.7914561464787749,462.3284999999999
1983,347,60.03622706753905,0.0,0.378069556464761,0.7915450326830653,467.6089999999999
1983,348,60.11048688957338,0.0,0.37668093705408745,0.7878279195555625,470.6069999999999
1983,349,60.132498762042204,0.0,0.37514629889324147,0.7837295581258444,473.4564999999999
1983,350,60.13249876204221,0.0,0.37359144796591276,0.7795874695436457,473.4564999999999
1983,351,60.13249876204222,0.0,0.37208735204963517,0.775590363015116,473.4564999999999
1983,352,60.13249876204221,0.0,0.3706323408587945,0.7717327988421792,473.4564999999999
1983,353,60.13249876204221,0.0,0.3692247979303481,0.768009560900581,473.4564999999999
1983,354,60.13249876204221,0.0,0.3678631591277566,0.7644156465082629,473.4564999999999
1983,355,60.13249876204222,0.0,0.366545911156669,0.7609462567925781,473.4564999999999
1983,356,60.13249876204222,0.0,0.36527159009604315,0.7575967875303841,473.4564999999999
1983,357,60.13249876204221,0.0,0.36403877994787637,0.7543628204364384,473.4564999999999
1983,358,60.13249876204222,0.0,0.36284611120826127,0.7512401148768449,473.4564999999999
1983,359,60.13249876204222,0.0,0.36169225946207306,0.7482245999855415,473.4564999999999
1983,360,60.13249876204222,0.0,0.36057594400321813,0.7453123671629991,473.4564999999999
1983,361,60.13249876204221,0.0,0.35949592648204987,0.7424996629374159,473.4564999999999
1983,362,60.13249876204222,0.0,0.35845100958124987,0.7397828821697403,473.4564999999999
1983,363,60.13249876204222,0.0,0.3574400357212144,0.737158561584855,473.4564999999999
1983,364,60.13249876204222,0.0,0.35646188579574667,0.7346233736121933,473.4564999999999
1983,365,60.13249876204222,0.0,0.3555154779386409,0.7321741205199492,473.4564999999999
1984,1,60.13249876204222,0.0,0.354599766321565,0.7298077288278866,473.4564999999999
1984,2,60.13249876204222,0.0,0.35371373998347555,0.7275212439845463,473.4564999999999
1984,3,60.13249876204222,0.0,0.3528564216916601,0.7253118252954058,473.4564999999999
1984,4,60.13249876204222,0.0,0.352026866834372,0.7231767410892576,473.4564999999999
1984,5,60.13249876204222,0.0,0.3512241623449079,0.7211133641107458,473.86149999999986
1984,6,60.13249876204221,0.0,0.3504501342482498,0.7191261170321178,473.86149999999986
1984,7,60.13249876204222,0.0,0.34970113557693205,0.7172053839067245,474.83349999999984
1984,8,60.13249876204222,0.0,0.3489828898054901,0.7153655902968046,474.83349999999984
1984,9,60.13249876204222,0.0,0.34828785102984994,0.7135871730836144,474.83349999999984
1984,10,60.13249876204222,0.0,0.34761525817277283,0.7118679937765643,474.83349999999984
1984,11,60.13249876204222,0.0,0.34696437557442183,0.7102059936292958,474.83349999999984
1984,12,60.13249876204221,0.0,0.3463344921361935,0.7085991903814047,474.83349999999984
1984,13,60.13249876204222,0.0,0.34572492049203807,0.7070456751474172,474.83349999999984
1984,14,60.13249876204222,0.0,0.3451349962066277,0.7055436094457533,474.83349999999984
1984,15,60.13249876204221,0.0,0.3445640769997105,0.7040912223607914,474.83349999999984
1984,16,60.13249876204222,0.0,0.34401154199598283,0.7026868078315076,474.83349999999984
1984,17,60.13249876204222,0.0,0.34347679099980233,0.7013287220605068,474.83349999999984
1984,18,60.13249876204222,0.0,0.3429592437940592,0.7000153810375774,474.83349999999984
1984,19,60.13249876204221,0.0,0.3424583394625287,0.6987452581722157,474.83349999999984
1984,20,60.13249876204222,0.0,0.34197353573502354,0.697516882029846,474.83349999999984
1984,21,60.13249876204222,0.0,0.3415043083546748,0.6963288341667417,474.83349999999984
1984,22,60.13249876204221,0.0,0.341050150466672,0.6951797470589065,474.83349999999984
1984,23,60.13249876204222,0.0,0.34061057202780576,0.694068302120422,474.83349999999984
1984,24,60.13249876204222,0.0,0.340185099236164,0.6929932278069985,474.83349999999984
1984,25,60.13249876204222,0.0,0.3397732739803425,0.6919532978006846,476.43249999999983
1984,26,60.13249876204222,0.0,0.3393858122018072,0.6909754818613698,476.6419999999998
1984,27,60.13249876204222,0.0,0.33901224139775477,0.6900332646907124,480.46149999999983
1984,28,60.13249876204222,0.0,0.33867758474095067,0.6891896485443534,480.46149999999983
1984,29,60.13249876204222,0.0,0.3383536612858624,0.6883734955788142,480.46149999999983
1984,30,60.13249876204222,0.0,0.33804012346822154,0.6875838905842825,480.46149999999983
1984,31,60.13249876204222,0.0,0.33773663515919694,0.6868199501225429,480.46149999999983
1984,32,60.13249876204222,0.0,0.33744287128034767,0.6860808213497729,480.46149999999983
1984,33,60.13249876204222,0.0,0.3371585174318702,0.6853656808870757,480.46149999999983
1984,34,60.13249876204221,0.0,0.3368832695336781,0.6846737337366052,483.41799999999984
1984,35,60.13249876204221,0.0,0.3366380313772075,0.6840574701422908,486.5364999999998
1984,36,60.13249876204222,0.0,0.3364232182039618,0.6835178492164204,487.1829999999998
1984,37,60.13249876204222,0.0,0.3362199965842564,0.6830075076022756,487.1829999999998
1984,38,60.13249876204221,0.0,0.3360232873907265,0.6825136691538237,487.1829999999998
1984,39,60.13249876204222,0.0,0.3358328806265669,0.6820357922831644,487.1829999999998
1984,40,60.13249876204222,0.0,0.3356485731416765,0.6815733536603449,487.1829999999998
1984,41,60.13249876204221,0.0,0.3354701684052923,0.6811258475687327,490.39649999999983
1984,42,60.3965280678854,0.0,0.3364840366831327,0.6836706104042056,494.96149999999983
1984,43,60.66743621267787,0.0,0.337494561822147,0.6862108543085097,500.46049999999985
1984,44,65.44658979858929,0.0,0.35764094913204014,0.7376797706003512,514.0019999999998
1984,45,69.47328945091363,0.0,0.37203187045751485,0.7754431048964825,524.0034999999998
1984,46,69.47328945091364,0.0,0.37028437688175286,0.7708115889672296,530.4004999999999
1984,47,69.47328945091364,0.0,0.36862953587898395,0.7664374705799875,536.9124999999998
1984,48,71.41859682236979,0.0,0.3739444235255798,0.7805268858536695,544.2869999999998
1984,49,72.1162517503419,0.0,0.3745116543585219,0.7820376355278849,551.7889999999998
1984,50,73.47683553946587,0.0,0.3772081800895595,0.7892382891414171,558.7934999999998
1984,51,74.81424244904477,0.0,0.3795677005484487,0.7955646445565504,566.0649999999997
1984,52,74.81424244904477,0.0,0.3775066369368797,0.7900371874101713,569.3674999999997
1984,53,74.81424244904477,0.0,0.3755275005910941,0.7847466442680262,572.3469999999998
1984,54,76.29556196931559,0.0,0.37823560263885203,0.7919900672944977,579.9774999999997
1984,55,81.45912382029087,0.0,0.39159911463633124,0.8282021056086726,589.1274999999997
1984,56,82.7364695057789,0.0,0.3924711311905882,0.8305926403709603,595.4304999999997
1984,57,82.7364695057789,0.0,0.3897439427015475,0.8231277397147837,596.5694999999997
1984,58,82.7364695057789,0.0,0.38710279397820585,0.8159300785347574,597.4934999999997
1984,59,82.7364695057789,0.0,0.38454388241363,0.8089860524225168,597.4934999999997
1984,60,82.7364695057789,0.0,0.3820595455160978,0.8022719635573184,597.4934999999997
1984,61,82.7364695057789,0.0,0.3796474559653439,0.7957789052250398,597.4934999999997
1984,62,82.7364695057789,0.0,0.3773053563317783,0.7894983648769034,597.4934999999997
1984,63,82.7364695057789,0.0,0.37503105782847557,0.7834222050100182,597.4934999999997
1984,64,82.7364695057789,0.0,0.3728224389761884,0.7775426450246709,597.4934999999997
1984,65,82.7364695057789,0.0,0.3706774441970049,0.7718522440074636,597.4934999999997
1984,66,82.7364695057789,0.0,0.3685940823506544,0.7663438843920429,597.9319999999997
1984,67,82.7364695057789,0.0,0.36657294483720493,0.7610173860132574,597.9319999999997
1984,68,82.7364695057789,0.0,0.36460957154043483,0.7558593684386585,597.9319999999997
1984,69,82.7364695057789,0.0,0.36270215794885685,0.7508636045795595,597.9319999999997
1984,70,82.7364695057789,0.0,0.3608489577141696,0.7460241327200047,597.9319999999997
1984,71,82.7364695057789,0.0,0.35904828106401343,0.7413352439516523,597.9319999999997
1984,72,82.7364695057789,0.0,0.357298493214637,0.7367914702436864,597.9319999999997
1984,73,82.7364695057789,0.0,0.35559801278943226,0.7323875731146511,597.9319999999997
1984,74,82.7364695057789,0.0,0.3539453102485228,0.7281185328748282,597.9319999999997
1984,75,82.7364695057789,0.0,0.35233890633390413,0.7239795384094249,598.4819999999996
1984,76,82.85026245615633,0.0,0.3511237906601099,0.7208555351464234,605.4129999999997
1984,77,84.43256877499759,0.0,0.3543108160096097,0.7290617171966101,612.8944999999997
1984,78,84.43256877499759,0.0,0.35267462617044065,0.7248436911824053,612.8944999999997
1984,79,84.43256877499759,0.0,0.351083746072577,0.720752682061463,613.4769999999996
1984,80,84.43256877499759,0.0,0.34954027608881844,0.7167931642210317,614.8039999999996
1984,81,85.97975536434404,0.0,0.3524858635195661,0.7243577554075886,622.3784999999996
1984,82,85.97975536434404,0.0,0.3508576379287518,0.7201720504851351,624.4114999999996
1984,83,86.20922921294589,0.0,0.3499204097738545,0.7177674618110883,627.1409999999996
1984,84,86.20922921294589,0.0,0.34837598032474004,0.7138125672097158,629.2279999999996
1984,85,86.20922921294587,0.0,0.3468862108774645,0.7100065149268853,630.7394999999996
1984,86,86.54059279143418,0.0,0.3463532579530383,0.7086470387227819,634.3614999999995
1984,87,86.5405927914342,0.0,0.3449275332322519,0.7050156886333157,637.7669999999995
1984,88,87.315829144605,0.0,0.3456432238015078,0.7068375781941495,643.3274999999995
1984,89,89.29628166331845,0.0,0.34941911395310443,0.7164827405618548,649.8109999999996
1984,90,89.76104603400537,0.0,0.34899297756857783,0.7153914161445116,653.9954999999995
1984,91,89.76104603400537,0.0,0.3474047618276952,0.7113303192524864,656.0144999999995
1984,92,89.76104603400537,0.0,0.3474047618276952,0.7113303192524864,659.1199999999995
1984,93,89.76104603400537,0.0,0.3474047618276952,0.7113303192524864,663.0429999999996
1984,94,89.76104603400537,0.0,0.3474047618276952,0.7113303192524864,668.2234999999996
1984,95,90.87575466386352,0.0,0.3502959449741069,0.7187305328885287,676.3019999999996
1984,96,93.75256331408934,0.0,0.357450618521572,0.7371860113900481,686.4724999999995
1984,97,97.87160178751733,0.0,0.36721680671782075,0.7627123702833145,693.7849999999995
1984,98,98.12785830866628,0.0,0.36780529735912615,0.7642630974690287,697.9889999999995
1984,99,98.12785830866628,0.0,0.36780529735912615,0.7642630974690287,703.3009999999995
1984,100,100.69234274210828,0.0,0.37348179535018133,0.77929574561159,710.3449999999995
1984,101,104.63563487415175,0.0,0.38190579456561224,0.8018573286060929,720.9699999999995
1984,102,115.65057456495822,0.0,0.4040082895469302,0.8625475344155035,730.7609999999995
1984,103,119.02059689473063,0.0,0.41037878967710584,0.8804582744417147,739.5559999999995
1984,104,124.11279502231173,0.0,0.41956516010282213,0.9066295539727303,750.9499999999995
1984,105,137.7392908031651,0.0,0.44241566934201293,0.9735692022218949,763.3424999999995
1984,106,149.00202400956502,0.0,0.4597209906635287,1.0261159815043057,773.2424999999995
1984,107,150.57343602875622,0.0,0.461992351450663,1.0331375038115878,781.9564999999996
1984,108,152.7797051914767,0.0,0.46504230649151324,1.0426126879452593,788.9594999999996
1984,109,154.52239920693995,0.0,0.46736148073585204,1.0498538085883349,793.5299999999996
1984,110,156.70322001064494,0.0,0.47018642639359187,1.0587168037103578,798.7999999999996
1984,111,156.70322001064494,0.0,0.4701864263935919,1.0587168037103578,804.2889999999996
1984,112,156.70322001064494,0.0,0.47018642639359187,1.0587168037103578,811.0074999999996
1984,113,159.83825180839705,0.0,0.4738766697654935,1.070366042668907,820.7149999999996
1984,114,163.4727118509755,0.0,0.47790246299256806,1.083168093415991,829.9574999999995
1984,115,166.82564926023568,0.0,0.48139700343142733,1.0943610461762248,838.3699999999995
1984,116,172.7178279981441,0.0,0.4871776539484345,1.1130429963024873,847.1469999999996
1984,117,183.70707663903062,0.0,0.49720787136686195,1.145964095756574,858.2529999999996
1984,118,200.17395355389988,0.0,0.5103161981688904,1.189992330933591,876.7544999999996
1984,119,208.43449907374634,0.0,0.5146020449455955,1.2046436643443634,896.8299999999996
1984,120,228.65924298824453,0.0,0.5241986764801014,1.2379248324073167,913.4784999999996
1984,121,234.14101981577593,0.0,0.5242625282006349,1.2381485112208461,926.7794999999996
1984,122,252.01702913240268,0.0,0.5284113329826661,1.2527469025489202,941.0819999999997
1984,123,267.28353923542676,0.0,0.5297896394497592,1.2576251812855368,950.7574999999997
1984,124,284.9835428609998,0.0,0.5304342445954192,1.2599115600510291,962.7354999999997
1984,125,292.13487661346664,0.0,0.5277746667393697,1.2504983439004342,975.3324999999996
1984,126,296.8006975454255,0.0,0.5243961920861955,1.2386168460840907,985.8314999999997
1984,127,308.5445254189467,0.0,0.5212266646851654,1.2275466625052736,998.6794999999996
1984,128,321.5416275611202,0.292001561460753,0.5172558989379195,1.2137809619915387,1013.0134999999996
1984,129,331.5115619508594,3.2380696977505656,0.5131709691891035,1.199737139390663,1030.7574999999995
1984,130,345.73517127973537,12.248387550228403,0.5091764203655997,1.1861175400575783,1043.5109999999995
1984,131,350.2535169760524,16.20826571848068,0.505263184486867,1.1728822394008902,1053.2824999999996
1984,132,362.99358566491253,28.948334407340745,0.49271295216234623,1.131130443832148,1065.6684999999995
1984,133,371.6164634469387,37.57121218936693,0.4772135717597388,1.0809704288728255,1083.5384999999994
1984,134,389.5197260965213,55.47447483894956,0.4630533542904043,1.0364275760498678,1099.3199999999995
1984,135,398.11298055244185,64.0677292948701,0.448817256818574,0.9928147791646509,1115.8659999999995
1984,136,413.333181367001,79.28793010942925,0.4377862488920403,0.9597886022493964,1127.4194999999995
1984,137,427.2946369229129,93.24938566534115,0.4275435056971726,0.9296975648757695,1137.8869999999995
1984,138,437.0191849669428,102.97393370937107,0.4177327755270416,0.9013763134136454,1147.5514999999996
1984,139,451.80569262558186,117.76044136801008,0.4054353787215499,0.8665431170409663,1161.2419999999995
1984,140,466.06774140472385,132.02249014715213,0.3905937824602134,0.8254503495982254,1180.5339999999994
1984,141,478.0194783886355,143.97422713106374,0.3752756851217558,0.7840747045868138,1201.5149999999994
1984,142,480.13446353986865,146.0892122822969,0.36090255382880976,0.7461638971845711,1220.7964999999995
1984,143,487.7426376911884,153.69738643361666,0.3468289781286656,0.7098604703370331,1239.9134999999994
1984,144,493.0885564920573,159.0433052344856,0.3316423348378589,0.671553036409817,1262.6874999999995
1984,145,502.28638454606164,168.24113328848986,0.318860335082052,0.6399798431250856,1279.9599999999996
1984,146,511.1934084413694,177.14815718379765,0.3068539431357289,0.6108575695552584,1295.8264999999997
1984,147,514.0978104484126,180.0525591908408,0.2933553781746553,0.5787123266682531,1316.7704999999996
1984,148,520.5380222399442,186.49277098237246,0.2817309108345407,0.5515183402473892,1333.2979999999995
1984,149,525.4280647321798,191.38281347460804,0.27090939337741027,0.5265954429613845,1348.3414999999995
1984,150,526.1498498891984,192.1045986316266,0.26079771724946677,0.5036394508714784,1362.5239999999994
1984,151,528.3865063508294,194.3412550932577,0.252779269912325,0.4856577479316635,1372.7499999999995
1984,152,532.2926895402758,198.24743828270402,0.24405575583038175,0.46631276103456437,1385.0569999999996
1984,153,535.7607620407966,201.71551078322491,0.23460858206994992,0.4456131976378784,1399.6919999999996
1984,154,538.6270374176818,204.58178616010994,0.22448558535066587,0.42371451497122237,1417.8254999999995
1984,155,540.9262235900432,206.88097233247137,0.21362781523409025,0.40054180185515076,1440.2719999999995
1984,156,542.9264614518551,208.8812101942833,0.20404839813566766,0.38036149444037576,1459.6729999999995
1984,157,544.4681370925391,210.42288583496727,0.19489169712392462,0.36129745479784653,1479.0809999999994
1984,158,545.5982188795812,211.55296762200936,0.185207696885616,0.3413700683727609,1502.4869999999994
1984,159,546.576378152006,212.5311268944342,0.1756254322951375,0.32188379983677956,1527.5804999999993
1984,160,547.2443331758834,213.19908191831166,0.16658809057274415,0.30371211654399,1552.4584999999993
1984,161,547.5943007029488,213.54904944537694,0.1577956521247904,0.2862210012443461,1578.4544999999994
1984,162,548.0762623934335,214.0310111358617,0.14955307167005616,0.26998878274316374,1604.0759999999993
1984,163,548.4129876394933,214.36773638192142,0.14180663045911956,0.2548763874357602,1629.4304999999993
1984,164,548.7588316442061,214.71358038663433,0.13510762439895263,0.24191700176948583,1651.2259999999992
1984,165,549.0049888307468,214.95973757317506,0.12823555846960344,0.2287267123767632,1676.0649999999991
1984,166,549.1827148172348,215.13746355966296,0.12148552546434799,0.21587149178323922,1702.4494999999993
1984,167,549.3273254013327,215.28207414376084,0.1155740869285562,0.2046942170947473,1725.7994999999992
1984,168,549.4260197915457,215.38076853397388,0.11056125102489789,0.1952743905148798,1745.1109999999992
1984,169,549.480310927391,215.43505966981917,0.1053047335072207,0.18545350508475633,1767.9024999999992
1984,170,549.5238596960172,215.47860843844543,0.0996897286675138,0.17502638190677322,1795.4159999999993
1984,171,549.5458602378386,215.5006089802668,0.09439306936474733,0.16524986412645445,1822.9244999999992
1984,172,549.5541997743003,215.50894851672848,0.08979357710986802,0.15680644475727215,1847.1264999999992
1984,173,549.5541997743003,215.50894851672848,0.08538531027552221,0.14875401087018547,1871.779999999999
1984,174,549.5541997743003,215.50894851672848,0.08118559684645232,0.14111855373559926,1896.668499999999
1984,175,549.5541997743003,215.50894851672848,0.07730815581258377,0.13409993918268703,1920.607999999999
1984,176,549.5541997743003,215.50894851672848,0.0736287776603335,0.12746706102384942,1944.581999999999
1984,177,549.5541997743003,215.50894851672848,0.0702378254264686,0.12137741967232046,1967.522999999999
1984,178,549.5541997743003,215.50894851672848,0.06723737315470713,0.11600754958153109,1988.039999999999
1984,179,549.5541997743003,215.50894851672848,0.06434391549423435,0.11084550184578165,2008.967499999999
1984,180,549.5541997743002,215.50894851672848,0.06144641268890039,0.10569220948772157,2031.601499999999
1984,181,549.5541997743003,215.50894851672848,0.05884802498582764,0.10108441450428864,2052.269999999999
1984,280,10.5,0.0,0.0,0.14469,0.0
1984,281,10.5,0.0,0.0,0.14469,0.0
1984,282,10.5,0.0,0.0,0.14469,0.0
1984,283,10.5,0.0,0.0,0.14469,0.0
1984,284,10.5,0.0,0.0,0.14469,0.0
1984,285,10.5,0.0,0.0,0.14469,0.0
1984,286,10.5,0.0,0.0,0.14469,0.0
1984,287,10.5,0.0,0.08315238656939639,0.14469,0.0
1984,288,10.872786003621052,0.0,0.09619428800972118,0.16856810342231263,18.695999999999998
1984,289,11.3229812786974,0.0,0.11198762022546127,0.19794932483266803,38.361999999999995
1984,290,11.754650388022899,0.0,0.1291999921091066,0.2305715676001415,57.03399999999999
1984,291,12.76144535295812,0.0,0.15019769324611065,0.27125256139717807,76.92249999999999
1984,292,14.450891510800195,0.0,0.17034840172456378,0.31124904571630635,94.15249999999999
1984,293,15.692020522371944,0.0,0.18632383065735147,0.3436546974897994,107.9395
1984,294,17.729085198185967,0.0,0.20724617649799182,0.38707090414762946,125.1575
1984,295,18.418080477591467,0.0,0.21723058678783969,0.40819519631681067,134.0505
1984,296,19.060255112011188,0.0,0.23080657217703537,0.4373546824598783,145.278
1984,297,20.378347206241767,0.0,0.24401683473484737,0.4662269520305516,155.6515
1984,298,21.57032691073725,0.0,0.2547819290365184,0.49013065121987126,164.253
1984,299,23.558360546727226,0.0,0.2664799565707471,0.5165005933897595,173.433
1984,300,23.971484539831494,0.0,0.28135968231123776,0.5506571666531194,185.055
1984,301,24.56836669563645,0.0,0.306173598284857,0.6092224856446624,202.1365
1984,302,26.956640454336316,0.0,0.33956205141036544,0.6914201759168358,222.73700000000002
1984,303,28.462856303502154,0.0,0.34521547595290614,0.7057484473169267,239.17150000000004
1984,304,31.70905094406079,0.0,0.35915079356167945,0.7416018285043061,250.10300000000004
1984,305,33.960182022650926,0.0,0.36729348703494047,0.7629143482655272,264.20500000000004
1984,306,35.654069504370725,0.0,0.372456266990196,0.7765698606086442,278.89050000000003
1984,307,36.08996324782548,0.0,0.3716748491427687,0.7744958172688574,293.735
1984,308,36.08996324782548,0.0,0.36908106130195256,0.7676298158567999,297.622
1984,309,36.08996324782549,0.0,0.36668078169346385,0.7613011493808131,303.473
1984,310,39.55930166817996,0.0,0.3802849243033728,0.7974924364982212,316.6785
1984,311,42.083211095011556,0.0,0.388491621433117,0.8197110371430748,325.832
1984,312,42.083211095011556,0.0,0.3855795333833806,0.8117929769216746,329.43
1984,313,42.821270241431776,0.0,0.3860043522606351,0.8129457320541453,335.7555
1984,314,45.2490182468352,0.0,0.39359781960773244,0.8336864150445882,347.0455
1984,315,46.08060210936625,0.0,0.3941606370655706,0.835234009530125,359.9175
1984,316,47.27880995930332,0.0,0.39628479392547356,0.8410878422770572,374.273
1984,317,48.312498621584325,0.0,0.39773073570323914,0.8450844179825046,381.7665
1984,318,48.312498621584325,0.0,0.39509168512851967,0.8377972968374584,384.0545
1984,319,48.31249862158433,0.0,0.3926564958835641,0.8311012389105965,387.4135
1984,320,48.76198306957804,0.0,0.3922632948505802,0.8300225692510121,393.406
1984,321,51.442034887968376,0.0,0.4010533184379965,0.8543044954098076,403.7545
1984,322,51.442034887968376,0.0,0.39870743653966867,0.8477894474162664,405.817
1984,323,51.442034887968376,0.0,0.39656451952537575,0.8418602551111957,406.4695
1984,324,51.58212622940063,0.0,0.39517711839514447,0.8380327024851917,409.3005
1984,325,51.58212622940063,0.0,0.3933973946945495,0.8331356480089587,411.099
1984,326,51.58212622940063,0.0,0.3918086695557837,0.8287762638155118,411.099
1984,327,51.58212622940063,0.0,0.3903916024053673,0.8248974985380608,411.099
1984,328,51.58212622940063,0.0,0.38914178521110787,0.8214840018244197,411.099
1984,329,51.58212622940063,0.0,0.3879348902469294,0.8181943560720918,414.8895
1984,330,51.58212622940063,0.0,0.38680427981120913,0.8151185191319485,419.3835
1984,331,51.91657070306667,0.0,0.3871794062057598,0.8161384250988826,425.4195
1984,332,54.220203325474166,0.0,0.39580008892432217,0.839750262010902,436.13750000000005
1984,333,54.67098796168791,0.0,0.3961843059773801,0.8408104499322946,449.05850000000004
1984,334,54.83463860348962,0.0,0.3954402322746362,0.8387579041236439,454.1965
1984,335,54.834638603489616,0.0,0.3940937922264691,0.8350501292371407,458.4765
1984,336,55.909752553871364,0.0,0.39705482306800244,0.84321500597034,465.211
1984,337,55.90975255387136,0.0,0.3956499286253351,0.8393361009585657,467.5625
1984,338,56.30531334129732,0.0,0.3958395568500408,0.8398591366127391,473.421
1984,339,56.30531334129732,0.0,0.3945004092374087,0.8361689864268664,474.4785
1984,340,56.30531334129732,0.0,0.3932130707733088,0.8326292870605223,474.4785
1984,341,56.30531334129732,0.0,0.39196897031110667,0.8292156044095396,474.4785
1984,342,56.30531334129732,0.0,0.390766660164486,0.8259232203618734,474.4785
1984,343,56.30531334129733,0.0,0.3896047397885877,0.822747606825709,474.4785
1984,344,56.30531334129733,0.0,0.38848185442385275,0.8196844173626321,475.7665
1984,345,56.30531334129732,0.0,0.3874052476134451,0.8167527512562576,477.8465
1984,346,57.36872340335218,0.0,0.3905540124600131,0.8253415860690385,484.162
1984,347,57.36872340335218,0.0,0.38938625338497446,0.8221511427408863,487.484
1984,348,57.71211898736672,0.0,0.3896025360881692,0.8227415896960877,496.7935
1984,349,58.45059312831443,0.0,0.3913337295816184,0.8274752625097846,506.078
1984,350,60.3477733236581,0.0,0.3972605442101474,0.8437837592981399,516.5325
1984,351,61.49277594016981,0.0,0.39997563901703165,0.8513083715865573,525.22
1984,352,62.814242218061295,0.0,0.4030989947817277,0.8600066662402708,539.5415
1984,353,65.08791218957403,0.0,0.4090637435978467,0.8767452076343357,548.3445
1984,354,65.08791218957403,0.0,0.40718166966035785,0.8714454730879108,551.2195
1984,355,65.08791218957404,0.0,0.405378244277813,0.8663829670849801,552.489
1984,356,65.08791218957403,0.0,0.4036406698546391,0.8615198177688049,552.489
1984,357,65.18948768180145,0.0,0.40228448879998624,0.8577339533466057,560.1320000000001
1984,358,65.18948768180145,0.0,0.4006896717692998,0.8532928964042276,565.4625000000001
1984,359,65.18948768180145,0.0,0.3991822849539951,0.8491061553409726,567.1740000000001
1984,360,65.18948768180145,0.0,0.39773493932850135,0.8450960507636689,567.3190000000001
1984,361,65.18948768180145,0.0,0.3963348187538728,0.8412259507222862,567.3190000000001
1984,362,65.18948768180145,0.0,0.39497938071713656,0.8374879001212949,567.3190000000001
1984,363,65.79870825934205,0.0,0.3956020958978239,0.8392041938709384,573.431
1984,364,67.56295611577293,0.0,0.39974203735065933,0.8506596306897356,587.3385000000001
1984,365,68.18728661947243,0.0,0.4000781515319658,0.8515931413381125,598.6225000000001
1984,366,68.6790537715175,0.0,0.39999903378218526,0.8513733556737714,602.4595
1985,1,68.76378902802175,0.0,0.3987545608145149,0.8479200719087056,606.5095
1985,2,68.76378902802175,0.0,0.397334242781489,0.8439875595655748,612.5595
1985,3,68.76378902802175,0.0,0.396003147698199,0.8403104874696016,612.5595
1985,4,68.76378902802175,0.0,0.39471365960732363,0.8367560716873094,612.5595
1985,5,68.76378902802175,0.0,0.3934644499540608,0.8333198953932702,612.5595
1985,6,68.76378902802175,0.0,0.39225423283498206,0.8299977176226679,612.5595
1985,7,68.76378902802175,0.0,0.3910817637312453,0.826785465476982,613.0649999999999
1985,8,68.76378902802175,0.0,0.38994969544224356,0.8236897645447145,613.3095
1985,9,68.76378902802175,0.0,0.3888547632874443,0.8207010746060361,613.3095
1985,10,68.76378902802175,0.0,0.3877939126353054,0.8178105151590134,613.3095
1985,11,68.76378902802175,0.0,0.3867660576583605,0.8150146345145945,613.3095
1985,12,68.76378902802175,0.0,0.38577014776233576,0.8123101145144714,613.3095
1985,13,68.76378902802175,0.0,0.38480516647375285,0.809693764775378,613.3095
1985,14,68.76378902802175,0.0,0.3838701303552259,0.8071625172069441,613.3095
1985,15,68.76378902802175,0.0,0.38296408794872006,0.8047134207891724,613.3095
1985,16,68.76378902802175,0.0,0.3820861187469048,0.8023436365963457,613.3095
1985,17,68.76378902802175,0.0,0.3812353321926142,0.8000504330548647,613.3095
1985,18,68.76378902802175,0.0,0.3804108667063215,0.7978311814231791,613.3095
1985,19,68.76378902802175,0.0,0.3796118887414488,0.7956833514825956,613.3095
1985,20,68.76378902802175,0.0,0.37883759186724575,0.7936045074283383,613.3095
1985,21,68.76378902802175,0.0,0.37808719587891293,0.7915923039507977,613.3095
1985,22,68.76378902802175,0.0,0.3773599459345811,0.7896444824974305,613.3095
1985,23,68.76378902802175,0.0,0.3766551117187099,0.7877588677062763,613.3095
1985,24,68.76378902802175,0.0,0.3759719866314307,0.7859333640025313,613.3095
1985,25,68.76378902802175,0.0,0.37530988700332235,0.7841659523500647,613.3095
1985,26,68.76378902802175,0.0,0.37466815133508113,0.7824546871501946,613.3095
1985,27,68.76378902802175,0.0,0.3740461395615253,0.780797693280436,613.3095
1985,28,68.76378902802175,0.0,0.3734432323393553,0.7791931632663183,613.3095
1985,29,68.76378902802175,0.0,0.3728588303580812,0.7776393545797287,613.3095
1985,30,68.76378902802175,0.0,0.37229235367351887,0.7761345870575795,613.3095
1985,31,68.76378902802175,0.0,0.3717432410632484,0.7746772404349191,613.3095
1985,32,68.76378902802175,0.0,0.3712109494034316,0.7732657519869128,613.3095
1985,33,68.76378902802175,0.0,0.3706949530663811,0.7718986142744094,613.3095
1985,34,68.76378902802175,0.0,0.370194743338278,0.7705743729880821,613.3095
1985,35,68.76378902802175,0.0,0.36970982785644035,0.7692916248863912,613.3095
1985,36,68.76378902802175,0.0,0.3692397300655489,0.7680490158228639,613.3095
1985,37,68.76378902802175,0.0,0.3687839886922484,0.7668452388584134,613.3095
1985,38,68.76378902802175,0.0,0.3683421572375458,0.7656790324546467,613.3095
1985,39,68.76378902802175,0.0,0.3679138034864433,0.7645491787443112,613.3095
1985,40,68.76378902802175,0.0,0.3674985090342507,0.7634545018752305,613.3095
1985,41,68.76378902802175,0.0,0.36709586882903333,0.7623938664242679,613.3095
1985,42,68.76378902802175,0.0,0.3667054907296695,0.7613661758780285,613.3095
1985,43,68.76378902802175,0.0,0.3663269950789934,0.7603703711771809,613.3095
1985,44,68.76378902802175,0.0,0.3659600142915255,0.759405429321436,613.3095
1985,45,68.76378902802175,0.0,0.36560419245529396,0.7584703620323716,613.3095
1985,46,68.76378902802175,0.0,0.36525918494727283,0.7575642144714317,613.3095
1985,47,68.76378902802175,0.0,0.3649246580619685,0.7566860640105647,613.3095
1985,48,68.76378902802175,0.0,0.3646002886527082,0.7558350190530914,613.3095
1985,49,68.76378902802175,0.0,0.3642857637851883,0.7550102179025144,613.3095
1985,50,68.76378902802175,0.0,0.36398078040286047,0.7542108276770947,613.3095
1985,51,68.76378902802175,0.0,0.3636850450037449,0.7534360432681273,613.3095
1985,52,68.76378902802175,0.0,0.3633982733282708,0.7526850863399543,613.3095
1985,53,68.91051698730053,0.0,0.3635695528704105,0.7531335681790836,617.6075
1985,54,69.54542350875488,0.0,0.3652232349285934,0.7574698216110995,627.8275
1985,55,71.20235068200134,0.0,0.36972848226845645,0.7693409531928845,641.1745
1985,56,72.20871743067464,0.0,0.3719886191211752,0.7753283170993945,650.4295
1985,57,72.48256577251671,0.0,0.3721483442845294,0.7757522623852557,653.9665
1985,58,72.4825657725167,0.0,0.37159564314047144,0.7742857322773091,658.85
1985,59,72.48256577251671,0.0,0.3711009442751927,0.7729741981748919,661.4590000000001
1985,60,72.48256577251671,0.0,0.3706434690984879,0.7717622684691281,662.421
1985,61,72.70127970206838,0.0,0.37075493850703856,0.772057488734529,665.792
1985,62,72.70127970206838,0.0,0.37032416023423465,0.7709168867867652,669.0565
1985,63,72.70127970206838,0.0,0.36993494617924183,0.7698870081575989,672.3255
1985,64,73.44780967243557,0.0,0.3713878458389257,0.773734699198542,681.6825
1985,65,73.44780967243557,0.0,0.3710058837626876,0.7727222941319388,683.216
1985,66,73.44780967243557,0.0,0.37064915040168045,0.7717773138065926,683.216
1985,67,73.44780967243557,0.0,0.37030294395914565,0.7708607311261143,685.706
1985,68,77.33197853105187,0.0,0.3788766858015691,0.7937094052888801,694.971
1985,69,77.33197853105186,0.0,0.37802846882005425,0.7914349284959807,700.4685
1985,70,79.25262163383097,0.0,0.3812919582625169,0.8002029645531502,709.0985
1985,71,80.90323956289379,0.0,0.38364387383793463,0.8065505926885245,720.2764999999999
1985,72,85.93052638361578,0.0,0.39213183362902604,0.829662086923389,728.5889999999999
1985,73,86.31549504581724,0.0,0.3911730770320889,0.8270354173390285,732.2099999999999
1985,74,86.31549504581723,0.0,0.38955639241333806,0.8226156009387456,736.9704999999999
1985,75,86.31549504581724,0.0,0.38802084564340844,0.8184284309312577,739.5639999999999
1985,76,86.31549504581723,0.0,0.3865476474930475,0.8144211381209958,745.9584999999998
1985,77,86.31549504581723,0.0,0.38516583167086776,0.8106711542160796,749.4209999999998
1985,78,86.31549504581723,0.0,0.3838498806108426,0.8071077413860662,749.4209999999998
1985,79,89.1134055577051,0.0,0.38729285962332893,0.8164470089432949,758.8904999999999
1985,80,94.90235425486694,0.0,0.3949697172053963,0.837461279996682,767.3124999999999
1985,81,94.90235425486694,0.0,0.3929222483971012,0.8318306742047819,771.5214999999998
1985,82,95.80313681988885,0.0,0.3922736179798021,0.8300508798028536,776.9699999999998
1985,83,97.09282695918786,0.0,0.3921455284728359,0.8296996361784126,785.1089999999998
1985,84,98.56435567005096,0.0,0.39217599081740473,0.8297831624974148,790.8984999999998
1985,85,101.73410902711615,0.0,0.3943393567778215,0.835725740752134,797.4949999999998
1985,86,101.73410902711613,0.0,0.3921007632574125,0.8295768996539035,805.6919999999998
1985,87,105.64086680916814,0.0,0.39475403962579714,0.836867262492828,821.1174999999998
1985,88,111.1361876361653,0.0,0.3985207465892847,0.8472720593041724,841.2874999999998
1985,89,118.95197778804034,0.0,0.4034397109400445,0.8609582853367777,856.7184999999998
1985,90,120.06962439358668,0.0,0.4014086231340204,0.8552934819502882,864.6564999999998
1985,91,123.94869658881207,0.0,0.4015716346917334,0.8557474192106838,873.6119999999999
1985,92,123.94869658881207,0.0,0.40157163469173346,0.8557474192106838,876.3229999999999
1985,93,123.94869658881207,0.0,0.4015716346917334,0.8557474192106838,880.4024999999999
1985,94,134.81091883869652,0.0,0.41060243479270697,0.8810905660922663,891.4944999999999
1985,95,144.4030508417335,0.0,0.4177237532691409,0.9013504885357027,904.2944999999999
1985,96,145.8154475523366,0.0,0.41863940663963795,0.9039734533873328,916.2904999999998
1985,97,149.499000163242,0.0,0.4207147428400677,0.9099337510132847,922.0809999999998
1985,98,151.45111693741788,0.0,0.4217334336354388,0.9128672152368009,927.7744999999998
1985,99,151.45111693741788,0.0,0.4217334336354388,0.9128672152368009,930.2084999999997
1985,100,151.45111693741788,0.0,0.4217334336354388,0.9128672152368009,930.4694999999997
1985,101,151.45111693741788,0.0,0.4217334336354388,0.9128672152368009,933.6934999999997
1985,102,165.01469446835353,0.0,0.4276855033926056,0.9301110324231037,945.1534999999998
1985,103,178.02137051675106,0.0,0.432324968625558,0.9436769197508008,959.8599999999998
1985,104,190.8382839058761,0.0,0.43558954303262176,0.9532892193215652,976.2809999999998
1985,105,200.78146988167305,0.0,0.4370113590933564,0.9574930450924987,992.2094999999998
1985,106,211.01776846892506,0.0,0.437375730427236,0.9585720760311529,1007.6779999999998
1985,107,227.0967970186033,3.117187668164277,0.437375730427236,0.9585720760311529,1022.4299999999997
1985,108,243.542122556952,10.926367966660166,0.43737573042723593,0.9585720760311529,1035.6144999999997
1985,109,257.6682650764977,21.181812901159677,0.437375730427236,0.9585720760311529,1056.5149999999996
1985,110,273.1293335478511,36.64288137251312,0.4246263739505085,0.9212261079489792,1078.2349999999997
1985,111,286.30831131543306,49.821859140095036,0.41253792692336244,0.8865726525216318,1098.9474999999998
1985,112,301.0590886403178,64.57263646497982,0.40034108232228616,0.8523237599062861,1120.4204999999997
1985,113,313.5197102408334,77.03325806549539,0.38816587768584143,0.8188234586310894,1142.3989999999997
1985,114,322.70291523370247,86.21646305836444,0.37675088205823587,0.7880149530589418,1163.1179999999997
1985,115,329.5644066304718,93.0779544551338,0.366634104259664,0.7611783158175665,1181.1599999999996
1985,116,342.7211481819873,106.23469600664927,0.3577166907352365,0.737876301571758,1196.3724999999997
1985,117,354.71973142468573,118.23327924934769,0.3476598142620676,0.711981826427853,1214.2744999999998
1985,118,360.08061027564645,123.59415810030848,0.33728917087120763,0.6856942318329913,1232.8204999999998
1985,119,372.24362134535784,135.75716917001984,0.3281923643598844,0.6629720598768661,1247.7674999999997
1985,120,385.8582126447534,149.37176046941542,0.3193402985198279,0.6411546697784396,1262.0699999999997
1985,121,395.80332090637035,159.3168687310323,0.3097543355457959,0.617846182192557,1277.7539999999997
1985,122,397.20345547254976,160.71700329721176,0.29956918659003684,0.5934328092008285,1294.9184999999998
1985,123,406.15192531950095,169.66547314416295,0.2904817083532639,0.5719483361266289,1309.1304999999998
1985,124,417.18201670094595,180.69556452560795,0.28218220611381073,0.5525658518324055,1321.6729999999998
1985,125,426.9785110971891,190.49205892185114,0.2729025931986184,0.5311580430460481,1336.1369999999997
1985,126,434.85354859937905,198.36709642404105,0.2623214886965184,0.5070786180538165,1354.5434999999998
1985,127,440.42883018300876,203.94237800767073,0.25136361861226986,0.4825031424286108,1374.6354999999999
1985,128,447.56248149265184,211.07602931731384,0.24212110645910212,0.462052795264574,1389.6409999999998
1985,129,452.7878161325991,216.30136395726112,0.232733250516032,0.4415345919629469,1405.7285
1985,130,458.55113862645834,222.06468645112034,0.22312327066894255,0.4207893178503882,1423.4199999999998
1985,131,462.81613855372996,226.32968637839193,0.2134108676521813,0.4000820584380173,1442.5439999999999
1985,132,465.4830255547639,228.9965733794259,0.2037062962978972,0.3796453111532934,1462.9129999999998
1985,133,468.2155643687022,231.72911219336416,0.193723643617306,0.3588812021990028,1485.9004999999997
1985,134,470.86312905592274,234.3766768805847,0.1849685581391476,0.3408809791917544,1505.4559999999997
1985,135,472.67176045738154,236.18530828204354,0.17561739365142914,0.32186754791111727,1529.2394999999997
1985,136,474.1274006746595,237.64094849932155,0.16709189349278208,0.3047199320307542,1551.2089999999996
1985,137,474.5257765176593,238.0393243423213,0.16017988571045638,0.290945932888991,1567.2194999999997
1985,138,475.21524884944046,238.72879667410243,0.15466438905655722,0.28003592960505697,1579.1409999999996
1985,139,476.2627666537213,239.77631447838328,0.14879836190003515,0.26851039322843945,1593.0014999999996
1985,140,477.35222235332503,240.86577017798697,0.1425705606539589,0.2563606496744665,1609.5464999999997
1985,141,478.12782165416405,241.64136947882602,0.13591853668317966,0.24348038062738403,1630.0414999999996
1985,142,478.93476845167044,242.44831627633238,0.1302792477380904,0.23263848878069607,1646.4719999999995
1985,143,479.35334459295194,242.86689241761394,0.12521270639241444,0.22295752532720398,1661.1194999999996
1985,144,479.94135321610486,243.4549010407668,0.12019785404025163,0.21343038487586358,1676.6624999999995
1985,145,480.43154381394754,243.9450916386095,0.11528349004559846,0.20414668837539152,1693.0224999999994
1985,146,480.8336971875123,244.34724501217428,0.11027619850542614,0.1947403330321696,1711.5644999999993
1985,147,481.13461222891533,244.64816005357724,0.10498902966652335,0.18486550571093768,1733.8329999999992
1985,148,481.2905112631629,244.80405908782484,0.09992376128213709,0.1754596825982913,1756.4879999999991
1985,149,481.4886707647519,245.00221858941384,0.09575879859400915,0.16776523077391906,1774.1319999999992
1985,150,481.63428296001183,245.14783078467383,0.09178211238546619,0.16045160805748698,1791.836999999999
1985,151,481.7254933693604,245.2390411940223,0.08751072925603554,0.15263158613903904,1813.653499999999
1985,152,481.8177497535733,245.33129757823536,0.08330219195901922,0.14496234193056057,1836.856499999999
1985,153,481.8835353029791,245.3970831276411,0.07972940879421475,0.13847921884710507,1856.168999999999
1985,154,481.9208453619426,245.4343931866046,0.07603192196577724,0.1317962591987407,1878.380999999999
1985,155,481.9523406668866,245.46588849154853,0.07288208961868536,0.1261242097335267,1896.919999999999
1985,156,481.9572095416622,245.47075736632422,0.06998262798991717,0.12092002238093728,1914.366499999999
1985,157,481.9630042519811,245.47655207664306,0.06718371566325432,0.1159116767648843,1932.1629999999989
1985,158,481.96500182013784,245.4785496447998,0.06450890233165918,0.11113941572461168,1950.0019999999988
1985,159,481.9650018201378,245.4785496447998,0.06171078712660738,0.10616174701714703,1970.7754999999988
1985,160,481.96500182013784,245.4785496447998,0.058861811205085934,0.1011088284151079,1993.8734999999988
1985,161,481.9650018201378,245.4785496447998,0.05596212878515783,0.09598165971500244,2019.5189999999989
1985,162,481.9650018201378,245.4785496447998,0.05350218454341493,0.09164436059674741,2041.231499999999
1985,163,481.96500182013784,245.4785496447998,0.0514072587654667,0.08795952941740108,2059.407999999999
1985,280,10.5,0.0,0.0,0.14469,0.0
1985,281,10.5,0.0,0.0,0.14469,0.0
1985,282,10.5,0.0,0.0,0.14469,0.0
1985,283,10.5,0.0,0.0,0.14469,0.0
1985,284,10.5,0.0,0.0,0.14469,0.0
1985,285,10.5,0.0,0.0,0.14469,0.0
1985,286,10.5,0.0,0.0,0.14469,0.0
1985,287,10.5,0.0,0.08315238656939639,0.14469,0.0
1985,288,11.176304337650356,0.0,0.09505950807549657,0.1664768203728425,17.168
1985,289,12.30741805029637,0.0,0.106704986944824,0.1880639848319252,32.488
1985,290,13.38216577761346,0.0,0.1155979626521686,0.20473921058626282,44.0895
1985,291,14.611249174064648,0.0,0.1273288460303701,0.22699413189203743,58.879000000000005
1985,292,15.05667226380244,0.0,0.1418906969338244,0.25503965792822403,76.3415
1985,293,15.766281375054264,0.0,0.16137854164545207,0.2933264271091581,96.674
1985,294,16.267041970329103,0.0,0.17827041340124583,0.32723984687165086,112.70850000000002
1985,295,17.547969152475236,0.0,0.1931862355484354,0.3577706874963788,125.70950000000002
1985,296,18.549026110418136,0.0,0.21075133272617896,0.3944564002395409,140.47700000000003
1985,297,20.049099419899044,0.0,0.23155445692537002,0.43897596639250785,156.79500000000002
1985,298,21.97603992116215,0.0,0.25837689992328206,0.4981901937414127,176.60350000000003
1985,299,24.853897254785508,0.0,0.27366895658954715,0.5329156423780262,188.18550000000002
1985,300,27.83555632790666,0.0,0.2892297324348716,0.5690100218558016,200.56750000000002
1985,301,30.059515464141924,0.0,0.30519262345488163,0.6068677131372842,213.6895
1985,302,32.07905903084925,0.0,0.312372399459689,0.624179776461998,223.104
1985,303,33.192000198499684,0.0,0.3148262001700949,0.630137917537613,232.0535
1985,304,34.72686531906674,0.0,0.31931680884594327,0.641097153840772,242.848
1985,305,35.586170819804586,0.0,0.3204275138044591,0.6438189588265585,254.22250000000003
1985,306,36.44031284301625,0.0,0.3216031365646371,0.6467046966482476,269.432
1985,307,37.34344687278332,0.0,0.3230918146255929,0.650366058496786,281.76550000000003
1985,308,38.32238080807466,0.0,0.32495019707173123,0.6549480145257,290.55800000000005
1985,309,39.07898832555689,0.0,0.3257192837093291,0.6568479362768418,298.08600000000007
1985,310,39.904626890529315,0.0,0.32686730457889546,0.6596879979272703,307.28800000000007
1985,311,42.44101269653964,0.0,0.33612963191117573,0.682780628912023,318.5155000000001
1985,312,44.32235592416156,0.0,0.3416982397015276,0.6968197508423185,327.0565000000001
1985,313,46.101555029973916,0.0,0.3464878991049053,0.7089903817247185,334.8390000000001
1985,314,46.87758436943196,0.0,0.3466284051895273,0.709348756091734,346.8755000000001
1985,315,47.14179034625584,0.0,0.3446232008156124,0.7042415713642287,357.0635000000001
1985,316,47.47277539104921,0.0,0.3431206540359244,0.7004248687540441,362.0510000000001
1985,317,48.04400153664331,0.0,0.34284969399420984,0.699737517330508,372.9140000000001
1985,318,48.61871832365505,0.0,0.342733109623504,0.6994418619091486,388.2680000000001
1985,319,49.39550609782716,0.0,0.34365929822162067,0.7017921039883559,401.0245000000001
1985,320,49.828523153924635,0.0,0.34318984652118556,0.7006004365863578,407.9425000000001
1985,321,51.22600457643027,0.0,0.34705385348221396,0.7104343733048342,416.6710000000001
1985,322,52.96424032202662,0.0,0.3522329093247977,0.7237067920165738,424.3210000000001
1985,323,54.24307617373071,0.0,0.35523878880299353,0.7314587432189487,438.4605000000001
1985,324,55.885407342808996,0.0,0.3596380394725156,0.7428694986248116,456.89850000000007
1985,325,55.885407342809,0.0,0.3573108314116138,0.7368234662150632,464.77850000000007
1985,326,55.885407342809,0.0,0.35523751630424405,0.7314554538939715,464.77850000000007
1985,327,55.885407342808996,0.0,0.35336605499705087,0.7266248623067089,467.6285000000001
1985,328,55.885407342808996,0.0,0.3517111049852224,0.7223647605674943,468.05000000000007
1985,329,55.885407342808996,0.0,0.350114595840071,0.7182653882129514,468.05000000000007
1985,330,55.885407342808996,0.0,0.34857174311577865,0.7143133473038402,470.49550000000005
1985,331,56.19086970091384,0.0,0.3483662637445306,0.7137877151798303,481.26300000000003
1985,332,56.514646012313946,0.0,0.348279668130153,0.7135662465433259,485.3935
1985,333,56.58738713588442,0.0,0.3471682650223463,0.7107264381397663,487.711
1985,334,56.662732906639704,0.0,0.34611586393920135,0.7080418420108722,490.03950000000003
1985,335,57.217082150888665,0.0,0.3470659541721556,0.710465261002937,494.87
1985,336,57.21708215088866,0.0,0.34571086768195125,0.7070098781266307,499.3295
1985,337,57.21708215088866,0.0,0.3444335434430875,0.7037593298611039,499.3295
1985,338,57.217082150888665,0.0,0.3431990433723803,0.7006237739123088,499.3295
1985,339,57.21708215088866,0.0,0.3420059334954818,0.6975989419463576,499.3295
1985,340,57.217082150888665,0.0,0.34085282685245133,0.6946807357006141,499.3295
1985,341,57.21708215088866,0.0,0.33973838210092605,0.6918652195792571,499.3295
1985,342,57.21708215088866,0.0,0.3386613021440099,0.6891486136015395,499.3295
1985,343,57.21708215088866,0.0,0.3376203327843854,0.6865272866846813,501.284
1985,344,57.217082150888665,0.0,0.3366289765124826,0.6840347203632499,501.284
1985,345,57.2209636146067,0.0,0.33568700168181964,0.6816697626041075,505.531
1985,346,57.24518782679544,0.0,0.33489312978456987,0.6796792402456862,508.1495
1985,347,57.24518782679544,0.0,0.3340435490519237,0.67755166591092,508.1495
1985,348,57.245187826795444,0.0,0.33322250872994275,0.6754981416981694,508.1495
1985,349,57.24518782679544,0.0,0.3324290474245,0.6735159972724879,508.1495
1985,350,57.24518782679544,0.0,0.3316622360164345,0.6716026642161799,508.1495
1985,351,57.24518782679544,0.0,0.33092117661090004,0.6697556718171215,508.1495
1985,352,57.245187826795444,0.0,0.33020500151642795,0.6679726430480225,508.1495
1985,353,57.24518782679544,0.0,0.32951287225338777,0.6662512907271957,508.1495
1985,354,57.24518782679543,0.0,0.3288439785914623,0.6645894138518934,508.1495
1985,355,57.24518782679543,0.0,0.32819753761570924,0.6629848940957428,508.1495
1985,356,57.24518782679543,0.0,0.3275727928207294,0.6614356924622531,508.1495
1985,357,57.24518782679544,0.0,0.3269690132324324,0.6599398460867877,508.1495
1985,358,57.245187826795444,0.0,0.32638549255685434,0.6584954651797919,508.18149999999997
1985,359,57.24518782679543,0.0,0.32582180399285265,0.6571013620771784,508.18149999999997
1985,360,57.24518782679544,0.0,0.32527702414184745,0.6557551308088748,508.18149999999997
1985,361,57.24518782679543,0.0,0.32475051618246253,0.6544550845689013,508.18149999999997
1985,362,57.245187826795444,0.0,0.324241664818379,0.6531995986494522,508.18149999999997
1985,363,57.24518782679544,0.0,0.32374987555387635,0.6519871079960334,508.18149999999997
1985,364,57.24518782679544,0.0,0.32327457399280213,0.6508161048677366,508.18149999999997
1985,365,57.245187826795444,0.0,0.32281520516034456,0.6496851365976805,508.18149999999997
1986,1,57.24518782679544,0.0,0.3223712328469842,0.6485928034489046,508.18149999999997
1986,2,57.24518782679544,0.0,0.3219421389740006,0.64753775656124,508.18149999999997
1986,3,57.24518782679544,0.0,0.32152742297991976,0.6465186959849105,510.17049999999995
1986,4,57.245187826795444,0.0,0.32114279861396733,0.6455741346302903,511.3879999999999
1986,5,57.24518782679544,0.0,0.320781040726721,0.6446862170836855,512.1484999999999
1986,6,57.24518782679544,0.0,0.3204376680602492,0.6438438625512289,512.1484999999999
1986,7,57.245187826795444,0.0,0.32010581042749675,0.6430301608155407,512.1484999999999
1986,8,57.245187826795444,0.0,0.3197850803976796,0.6422441208486029,512.1484999999999
1986,9,57.245187826795444,0.0,0.3194751036380312,0.6414847869397652,512.1484999999999
1986,10,57.245187826795444,0.0,0.31917551846885794,0.6407512373727586,512.1484999999999
1986,11,57.24518782679544,0.0,0.3188859754336629,0.6400425831560891,513.5729999999999
1986,12,57.245187826795444,0.0,0.3186179660237045,0.6393869007372064,515.2864999999998
1986,13,57.7860528280121,0.0,0.32071609399587897,0.6445268584923235,519.1329999999998
1986,14,57.78605282801209,0.0,0.320380721347824,0.6437042032346356,519.1329999999998
1986,15,57.786052828012096,0.0,0.3200565524272301,0.6429094160076244,519.1329999999998
1986,16,57.786052828012096,0.0,0.31974321160967123,0.6421415368507742,519.1329999999998
1986,17,57.786052828012096,0.0,0.3194403359322554,0.6413996398769151,522.8599999999998
1986,18,59.420983508668115,0.0,0.32614181119528385,0.6578926542906722,533.2519999999998
1986,19,60.30757272756777,0.0,0.3291886746699213,0.6654456097617696,542.4909999999999
1986,20,60.30757272756777,0.0,0.3285298531698624,0.6638095357424524,545.7249999999999
1986,21,60.30757272756777,0.0,0.32791932265420165,0.662294816818294,545.9205
1986,22,60.30757272756777,0.0,0.32733048372161855,0.66083521742452,551.1324999999999
1986,23,60.544852527880124,0.0,0.3277236424977297,0.6618096278573721,557.1315
1986,24,60.544852527880124,0.0,0.32721282647150174,0.6605437247011244,557.1315
1986,25,60.544852527880124,0.0,0.32671881330995867,0.659320376273157,557.2075
1986,26,60.563974272672,0.0,0.32631479810037245,0.6583205611203201,559.1125
1986,27,60.56397427267201,0.0,0.32586546971789043,0.6572093136035609,559.1125
1986,28,60.563974272672006,0.0,0.3254309192608482,0.6561353181298618,559.1125
1986,29,60.563974272672006,0.0,0.32501065787945294,0.655097296142172,559.1125
1986,30,60.56397427267201,0.0,0.32460421302771736,0.6540940147936329,559.1125
1986,31,60.563974272672,0.0,0.32421112791562134,0.6531242852047355,559.1125
1986,32,60.563974272672006,0.0,0.32383096097954184,0.6521869607930386,559.4559999999999
1986,33,60.56397427267201,0.0,0.3234662751894487,0.6512883011892691,565.3915
1986,34,60.56397427267201,0.0,0.3231657915200179,0.6505482125383883,569.1165
1986,35,60.563974272672006,0.0,0.32290849076226835,0.6499147441053718,570.9594999999999
1986,36,60.92861312410893,0.0,0.32403971025487255,0.6527015794086501,579.6215
1986,37,61.40406364406515,0.0,0.3255397132174114,0.6564041384620165,587.135
1986,38,61.40406364406515,0.0,0.3252797553246092,0.6557618772524455,588.015
1986,39,61.40406364406515,0.0,0.3250364959470563,0.6551610960684184,588.015
1986,40,61.404063644065154,0.0,0.3248012321244158,0.6545802675514493,588.015
1986,41,61.40406364406515,0.0,0.32457370014875386,0.6540187202026173,588.015
1986,42,61.404063644065154,0.0,0.32435364506033393,0.6534758056781577,588.015
1986,43,61.40406364406515,0.0,0.3241408203548728,0.6529508979566719,588.015
1986,44,61.40406364406515,0.0,0.3239349877006895,0.6524433925383449,588.015
1986,45,61.40406364406515,0.0,0.32373591666541,0.6519527056748192,588.015
1986,46,61.40406364406515,0.0,0.32354338445190745,0.651478273628446,588.015
1986,47,61.404063644065154,0.0,0.3233571756431616,0.6510195519596862,588.015
1986,48,61.40406364406515,0.0,0.323177081955738,0.6505760148414954,588.015
1986,49,61.700487325808965,0.0,0.32405836247794184,0.6527475694879952,592.7645
1986,50,64.30139167119754,0.0,0.33291718877387755,0.6747351433521251,601.602
1986,51,66.59044161313932,0.0,0.33971396986908864,0.6918035980949768,608.4685
1986,52,66.59044161313932,0.0,0.33867750613532577,0.6891894504422417,613.0264999999999
1986,53,66.59044161313932,0.0,0.337712315189973,0.686758747072566,613.0264999999999
1986,54,66.59044161313932,0.0,0.33677748184905343,0.6844078699189349,613.0264999999999
1986,55,66.59044161313932,0.0,0.33587203355655515,0.6821340458776094,613.0264999999999
1986,56,66.59044161313932,0.0,0.3349950294880738,0.6799346065003202,613.0264999999999
1986,57,66.59044161313932,0.0,0.33414555952259706,0.6778069836178847,613.0264999999999
1986,58,66.59044161313932,0.0,0.3333227432437216,0.6757487051665235,613.0264999999999
1986,59,66.59044161313932,0.0,0.3325257289699972,0.6737573912067076,613.0264999999999
1986,60,66.59044161313932,0.0,0.3317536928140288,0.6718307501249022,613.0264999999999
1986,61,66.59044161313932,0.0,0.331005837769909,0.6699665750090795,613.0264999999999
1986,62,66.59044161313932,0.0,0.3302813928285071,0.6681627401893517,613.0264999999999
1986,63,66.59044161313932,0.0,0.329579612120098,0.6664171979355294,614.3389999999999
1986,64,66.59044161313932,0.0,0.32891131153742303,0.6647566286315382,616.885
1986,65,66.59044161313932,0.0,0.3282864635802929,0.6632055240567126,620.374
1986,66,66.59044161313932,0.0,0.3277124248066874,0.6617818178718696,622.905
1986,67,66.59044161313932,0.0,0.32717928593565093,0.6604606382483595,622.905
1986,68,66.59044161313932,0.0,0.32666282712387895,0.659181791633309,622.905
1986,69,69.69479681936531,0.0,0.3357289327413143,0.6817749649785626,632.629
1986,70,72.6374394667409,0.0,0.3431592230827717,0.700522730914552,647.1080000000001
1986,71,72.63743946674089,0.0,0.3417995208711055,0.6970761908916767,651.5630000000001
1986,72,72.94514002197354,0.0,0.34132340575476594,0.6958710287022525,655.7
1986,73,77.20285838582876,0.0,0.3509680404669173,0.7204555320294198,666.5600000000001
1986,74,82.36034150223163,0.0,0.3612552037466254,0.7470838071052699,675.2105
1986,75,84.3028677849565,0.0,0.36305757321840715,0.75179334885532,680.9425
1986,76,84.7825722935829,0.0,0.3615119581545788,0.7477538869940035,684.794
1986,77,86.31016512630934,0.0,0.36218211799280864,0.7495041463095655,691.6419999999999
1986,78,90.3681592054609,0.0,0.3678031217677712,0.764257361926897,703.3915
1986,79,91.9481059796913,0.0,0.36789435305048734,0.7644978931844016,712.228
1986,80,91.94810597969129,0.0,0.36493771478301906,0.7567203299063013,712.228
1986,81,91.94810597969129,0.0,0.36206263179595377,0.7491919490256834,712.228
1986,82,91.94810597969129,0.0,0.35926663799925684,0.7419031341991704,714.0469999999999
1986,83,99.378637768042,0.0,0.37036623497628385,0.771028256651398,723.6714999999999
1986,84,99.378637768042,0.0,0.36700939352971607,0.7621661610791063,728.5859999999999
1986,85,108.93489776964107,0.0,0.37992098996796286,0.7965139558777903,743.3994999999999
1986,86,112.72510935826679,0.0,0.38174901397418537,0.8014346295267145,758.1359999999999
1986,87,112.7251093582668,0.0,0.377673446603097,0.7904838642480818,764.4594999999998
1986,88,118.74262997392766,0.0,0.3821441382214783,0.8025001368261102,774.8289999999998
1986,89,127.78698898588834,0.0,0.38966225731499216,0.8229046641737958,792.3554999999999
1986,90,136.2994199832288,0.0,0.3948567135241153,0.8371500197376054,811.6144999999999
1986,91,144.54896182314087,0.0,0.3983251209881091,0.8467300794152902,829.5664999999999
1986,92,151.91545631687165,0.0,0.4071579149886845,0.8713786898522586,844.4749999999999
1986,93,159.75186014248732,0.0,0.41559620457276947,0.8952718409263137,853.2624999999999
1986,94,167.19255421528723,0.0,0.4230463896026724,0.9166556893850546,865.2259999999999
1986,95,178.84697796150346,0.0,0.4335819084133462,0.94737132625354,883.8324999999999
1986,96,186.85852598923802,0.0,0.4397149154876789,0.9655159088394248,901.3079999999999
1986,97,201.48029199690748,0.0,0.4490570737428683,0.9935400955078144,916.5529999999999
1986,98,215.53079407785467,0.0,0.45578240526016456,1.0140102029507025,930.8769999999998
1986,99,229.95453548813725,0.0,0.4604686472192995,1.0284239690963233,943.6089999999998
1986,100,234.61175888051017,0.0,0.46011702945444766,1.0273381402053208,949.9839999999998
1986,101,234.61175888051014,0.0,0.4581439968585189,1.0212583161692934,955.9869999999999
1986,102,234.61175888051017,0.0,0.45630072463406846,1.0155983126901011,964.0434999999999
1986,103,245.98751418520203,0.0,0.45694232912653227,1.01756626136292,975.4414999999999
1986,104,259.59833034873924,0.0,0.4567125121477011,1.0168610926590516,986.9184999999999
1986,105,265.6576980614748,0.0,0.45466669511607904,1.0105968377606749,1000.4424999999999
1986,106,269.4877789955168,0.21466691711273375,0.45224068727354044,1.0031988314473599,1007.8609999999999
1986,107,271.25027090331986,0.562498891526971,0.4498262727828859,0.9958686382730492,1013.4324999999999
1986,108,282.67518356590926,4.029687862892786,0.4474810109793829,0.9887791281879227,1023.3889999999999
1986,109,296.6273210223329,10.909819036404244,0.4450218876687797,0.9813776720906925,1036.4415
1986,110,306.9808349078318,18.589464007302432,0.4425266487597497,0.9739009620937678,1052.4669999999999
1986,111,309.4157598789359,21.024388978406467,0.43158252586202595,0.9414985675901529,1065.4575
1986,112,316.1348065102894,27.743435609760006,0.42366527530163794,0.9184444463377865,1072.802
1986,113,316.13480651028937,27.743435609760006,0.417447976400405,0.9005613110494503,1075.138
1986,114,316.13480651028937,27.743435609760006,0.4103119662114023,0.8802693970229806,1080.3745
1986,115,331.4982729242623,43.10690202373296,0.3997506852965994,0.8506836426112049,1093.492
1986,116,344.9749749651903,56.58360406466094,0.38675195321557176,0.814976301453274,1112.0165
1986,117,359.18001276203205,70.78864186150268,0.3728798183235923,0.7776951323368684,1133.356
1986,118,373.31931539266986,84.92794449214048,0.35944537187154535,0.7423681191071295,1154.3445
1986,119,377.41631598147916,89.02494508094978,0.3469482648468195,0.7101648766052697,1173.5455
1986,120,390.54728220487067,102.15591130434132,0.3362488181498937,0.6830798764374029,1188.461
1986,121,395.7973692528694,107.40599835233999,0.32436931614009856,0.653514463134069,1206.759
1986,122,407.7835663909525,119.39219549042318,0.3129737641598931,0.6256379974886332,1224.1045
1986,123,414.3235391599107,125.93216825938133,0.30467597202129815,0.6056288579334038,1235.012
1986,124,414.61156251942504,126.22019161889567,0.2974622166354418,0.5884268251195239,1242.4389999999999
1986,125,424.282998966986,135.8916280664566,0.2884511173234603,0.5671852668677796,1254.5929999999998
1986,126,433.7908614390148,145.39949053848545,0.27652372260354063,0.5394792035320974,1274.4109999999998
1986,127,438.948293080216,150.5569221796866,0.2639982729209569,0.5108713561353788,1296.927
1986,128,443.39734421116003,155.00597331063068,0.25219276720242756,0.4843500739738394,1318.166
1986,129,451.2552286099836,162.8638577094542,0.24151953692616646,0.4607303964064778,1336.6235
1986,130,458.67932940203406,170.2879585015047,0.23172881951535684,0.43935418095012474,1352.906
1986,131,465.2985190202904,176.90714811976108,0.22179908848722404,0.4179509118720431,1370.527
1986,132,469.5995603536616,181.2081894531322,0.21161845876137153,0.39628852819498966,1390.1090000000002
1986,133,472.07737779079315,183.6860068902638,0.2017731328450295,0.37560404542664866,1409.6280000000002
1986,134,476.3139389236794,187.92256802315,0.19274060493437495,0.35685038508679734,1427.1745
1986,135,479.522506568056,191.13113566752662,0.18351827746876093,0.3379179199409294,1446.8685
1986,136,480.67047010523265,192.27909920470327,0.17495741083265992,0.32053378457791637,1465.238
1986,137,483.03839887218567,194.6470279716563,0.1662605766143599,0.3030572790453352,1485.8595
1986,138,484.694593698482,196.30322279795257,0.1575571290081249,0.28574904661078243,1508.4270000000001
1986,139,485.02724273143934,196.63587183091,0.15003711617072923,0.27093766089062815,1527.092
1986,140,485.2340984827315,196.8427275822021,0.14450879286396745,0.2601324395726366,1538.6205
1986,141,485.4072371537714,197.01586625324205,0.13962469013826972,0.25064429686062845,1548.43
1986,142,485.8141945812183,197.422823680689,0.13456866044395444,0.24087872982128095,1559.68
1986,143,486.3572559008286,197.96588500029927,0.12939038585360918,0.23093601132981084,1572.211
1986,144,487.09806350304234,198.706692602513,0.123881163391795,0.2204225650299109,1587.023
1986,145,487.72147598596683,199.33010508543745,0.11842481342832846,0.21007497813811116,1603.0584999999999
1986,146,488.1323100704207,199.74093916989136,0.11276088860328592,0.1994012663943284,1622.2595
1986,147,488.2228772507283,199.83150635019896,0.10747802630463621,0.18950690874076234,1640.849
1986,148,488.4794437303438,200.0880728298145,0.10222684178508068,0.17972975061523766,1661.205
1986,149,488.6741709672898,200.28280006676042,0.09748344546026244,0.17094707660502145,1679.811
1986,150,488.84675972782935,200.4553888273,0.09267905148367127,0.1620983903668254,1700.8874999999998
1986,151,489.0129108317045,200.6215399311752,0.08821200480984381,0.15391296224241768,1721.3174999999999
1986,152,489.155475268516,200.7641043679866,0.0838138754203982,0.1458929036272852,1743.26
1986,153,489.25508078001513,200.86370987948578,0.07950569131520213,0.1380741019667484,1766.622
1986,154,489.340577792309,200.94920689177957,0.07615819862648232,0.13202405438897968,1782.9585000000002
1986,155,489.4048942710216,201.0135233704922,0.07301759209038539,0.12636781840022882,1798.8635000000002
1986,156,489.42937917972034,201.03800827919096,0.06956771575527765,0.12017663177081724,1819.679
1986,157,489.4383738229406,201.04700292241125,0.06612819252418478,0.1140268354494094,1842.4265
1986,158,489.44273460306624,201.05136370253683,0.06289292777169797,0.10826288658437443,1865.0005
1986,159,489.4447192071801,201.0533483066508,0.059818090500403875,0.10280316949426678,1887.775
1986,160,489.4447192071802,201.0533483066508,0.05692237412525869,0.09767780289305682,1910.4035000000001
1986,161,489.4447192071801,201.0533483066508,0.05434033829492679,0.09312090050149957,1930.9080000000001
1986,162,489.4447192071801,201.0533483066508,0.05166073152730055,0.08840493769076976,1954.6775000000002
1986,163,489.4447192071801,201.0533483066508,0.04902368095395281,0.08377686309173661,1979.9945000000002
1986,164,489.4447192071801,201.0533483066508,0.04683357395785536,0.07994292790397783,2000.6320000000003
1986,165,489.4447192071802,201.0533483066508,0.04477447957076741,0.07634636555569138,2020.9405000000004
1986,166,489.4447192071802,201.0533483066508,0.04273940002212395,0.07279935886974503,2042.5965000000003
1986,167,489.4447192071801,201.0533483066508,0.04073844767409951,0.06931917807687027,2065.5000000000005
1986,280,10.5,0.0,0.0,0.14469,0.0
1986,281,10.5,0.0,0.0,0.14469,0.0
1986,282,10.5,0.0,0.0,0.14469,0.0
1986,283,10.5,0.0,0.0,0.14469,0.0
1986,284,10.5,0.0,0.0,0.14469,0.0
1986,285,10.5,0.0,0.0,0.14469,0.0
1986,286,10.5,0.0,0.0,0.14469,0.0
1986,287,10.5,0.0,0.08315238656939639,0.14469,0.0
1986,288,10.71863048064598,0.0,0.08728521853178406,0.15221974045138262,6.2095
1986,289,11.296921880209858,0.0,0.09291418761275327,0.16253037018426028,14.2315
1986,290,11.820428403677587,0.0,0.09961545342687828,0.17488888823870125,23.256999999999998
1986,291,12.408140139646349,0.0,0.10652880082663807,0.18773529769954952,32.135999999999996
1986,292,13.330135252649013,0.0,0.11431296331432139,0.20231937084969853,41.710499999999996
1986,293,14.444256408926115,0.0,0.12245203139201699,0.21770610009312455,51.641999999999996
1986,294,15.627651955317198,0.0,0.13181175159895486,0.23557785299654105,62.995
1986,295,16.911057517576836,0.0,0.14650812334110652,0.26403209079062046,79.87899999999999
1986,296,17.976607480596588,0.0,0.16048160201008765,0.29154481215141387,95.291
1986,297,18.535949002333993,0.0,0.1751848577955436,0.32099331301684314,110.5715
1986,298,18.809879894647366,0.0,0.1907650925107367,0.35277672724586284,125.334
1986,299,19.019628451204916,0.0,0.2052667405965367,0.38291457231850073,137.8415
1986,300,20.06676630716611,0.0,0.22296827147228993,0.42045682465367323,151.523
1986,301,20.64992846465174,0.0,0.23940129158673829,0.4560823026750609,163.742
1986,302,23.266317178227208,0.0,0.25842766930786687,0.49830429285371086,176.8415
1986,303,24.76946256002915,0.0,0.27760240085420496,0.5419660005441241,190.5755
1986,304,26.907101652135125,0.0,0.29236613533636535,0.5763807655953068,201.191
1986,305,29.98350308011661,0.0,0.3095893020493691,0.6174477400657863,213.5445
1986,306,32.41981112951816,0.0,0.31940737593468504,0.6413189239573612,229.1095
1986,307,34.47595475425821,0.0,0.3268249304006168,0.6595830833864457,239.402
1986,308,34.475954754258204,0.0,0.32392474239707036,0.6524181355344495,242.5665
1986,309,34.84412210495134,0.0,0.32304878565599104,0.6502601169944772,249.083
1986,310,35.9600515601967,0.0,0.3260715153971263,0.657718799383195,256.904
1986,311,37.44136944857775,0.0,0.33088506759908454,0.6696657271643187,265.9255
1986,312,39.39697206906807,0.0,0.3378495577548146,0.6871041578610586,279.118
1986,313,42.002237147428474,0.0,0.347439510517997,0.7114190664917975,294.991
1986,314,44.378568556481525,0.0,0.3552067223482943,0.7313758555369803,302.9745
1986,315,44.37856855648153,0.0,0.3518263787139121,0.7226611407238661,303.914
1986,316,44.378568556481525,0.0,0.34865228355936395,0.7145194212191744,306.09499999999997
1986,317,44.378568556481525,0.0,0.34568549692996986,0.7069452526197203,306.09499999999997
1986,318,44.378568556481525,0.0,0.34290972439736145,0.6998897735815917,306.09499999999997
1986,319,44.378568556481525,0.0,0.34031971398655314,0.6933332940995349,306.09499999999997
1986,320,44.378568556481525,0.0,0.3379103083648983,0.6872570772814671,307.2845
1986,321,44.37856855648152,0.0,0.33568359690239613,0.6816612205195102,310.63899999999995
1986,322,44.378568556481525,0.0,0.3336486017118754,0.6765635375494367,314.70899999999995
1986,323,44.44731102480067,0.0,0.33215097914623204,0.6728219127951466,318.65849999999995
1986,324,44.44731102480067,0.0,0.3304810748699337,0.6686597444874195,318.65849999999995
1986,325,44.54460805729887,0.0,0.32946542454046457,0.6661333515150523,322.2099999999999
1986,326,44.54460805729887,0.0,0.3281071850306161,0.6627607545239413,323.9409999999999
1986,327,44.54460805729887,0.0,0.32691020262667414,0.6597942162480973,327.8769999999999
1986,328,44.71966090191322,0.0,0.3268057932935261,0.659535703846452,333.3699999999999
1986,329,44.71966090191322,0.0,0.32582115769027553,0.6570997643238664,334.8794999999999
1986,330,44.719660901913215,0.0,0.3248839687776327,0.6547845079586386,339.1219999999999
1986,331,44.929423248587696,0.0,0.325114160002553,0.655352880571197,345.5364999999999
1986,332,45.36351479716856,0.0,0.32653568041559966,0.6588671035634168,349.6654999999999
1986,333,45.36351479716857,0.0,0.3256548945966309,0.6566887888154992,352.2874999999999
1986,334,45.36351479716857,0.0,0.3248284280409943,0.6546473995467248,355.2104999999999
1986,335,45.36351479716857,0.0,0.324057421694836,0.6527452498043643,358.9279999999999
1986,336,45.46763414113387,0.0,0.323885708399556,0.6523219113585114,362.1654999999999
1986,337,45.65370642964519,0.0,0.32416322512434337,0.6530061489653465,368.0464999999999
1986,338,45.858859656262595,0.0,0.32456374180173925,0.6539941473918224,372.2974999999999
1986,339,45.858859656262595,0.0,0.32392254619854277,0.6524127214553318,372.8849999999999
1986,340,45.858859656262595,0.0,0.3233096867069951,0.6509025841196552,372.8849999999999
1986,341,45.858859656262595,0.0,0.3227185391857912,0.6494472422135421,372.8849999999999
1986,342,46.073122439617016,0.0,0.3232474968685054,0.6507494195682885,377.0169999999999
1986,343,46.16576305749443,0.0,0.3231540237085847,0.6505192352078837,382.14999999999986
1986,344,46.26637768090598,0.0,0.3231455074507401,0.6504982648922175,386.72049999999984
1986,345,46.26637768090598,0.0,0.32266282846110494,0.6493101538764336,386.72049999999984
1986,346,46.266377680905975,0.0,0.3221972913225575,0.6481650392314255,386.72049999999984
1986,347,46.266377680905975,0.0,0.32174828875740547,0.6470613406999485,386.72049999999984
1986,348,46.266377680905975,0.0,0.32131523485350266,0.6459975377238073,386.72049999999984
1986,349,46.266377680905975,0.0,0.3208975643272183,0.6449721670834833,386.72049999999984
1986,350,46.26637768090598,0.0,0.3204947318103818,0.6439838206375931,388.87249999999983
1986,351,46.30340671847867,0.0,0.3203173122276979,0.6435487089153983,392.35299999999984
1986,352,46.37607030579219,0.0,0.3203601737765873,0.6436538140896358,395.99749999999983
1986,353,46.37607030579219,0.0,0.3200627412099917,0.6429245859234677,397.8734999999998
1986,354,46.37607030579219,0.0,0.3197957145753765,0.6422701769781102,398.4339999999998
1986,355,46.37607030579218,0.0,0.31954416886295955,0.641653942470019,398.9734999999998
1986,356,46.37607030579218,0.0,0.31930734964578433,0.6410739929573218,399.46499999999975
1986,357,46.37607030579218,0.0,0.3190842381812332,0.6405277970893732,399.7039999999997
1986,358,46.37607030579219,0.0,0.31887165630507697,0.6400075450235705,399.7864999999997
1986,359,46.37607030579218,0.0,0.31866755499615695,0.6395082002298468,399.7864999999997
1986,360,46.37607030579218,0.0,0.31847074731453184,0.6390268413281408,399.7864999999997
1986,361,46.37607030579218,0.0,0.31828097286375256,0.6385628161640918,399.7864999999997
1986,362,46.37607030579218,0.0,0.3180979805235489,0.638115496527509,399.7864999999997
1986,363,46.37607030579218,0.0,0.31792152812116015,0.6376842772530121,399.7864999999997
1986,364,46.37607030579218,0.0,0.31775138211415266,0.637268575355801,400.3704999999997
1986,365,46.376070305792176,0.0,0.31759361458428237,0.636883209261583,401.4894999999997
1987,1,46.376070305792176,0.0,0.31745360175958215,0.6365412857731717,402.0234999999997
1987,2,46.376070305792176,0.0,0.31732440089977465,0.6362258282616342,402.0234999999997
1987,3,46.376070305792176,0.0,0.3171998237647836,0.6359217165920683,402.26449999999966
1987,4,46.376070305792176,0.0,0.317082330511532,0.6356349485896601,402.26449999999966
1987,5,46.37607030579218,0.0,0.31696904272899085,0.6353584916751965,402.71649999999966
1987,6,46.376070305792176,0.0,0.31686474543107357,0.6351040148352728,402.71649999999966
1987,7,46.4367662372523,0.0,0.31707514935771275,0.6356174230118244,407.4584999999997
1987,8,46.73242776715783,0.0,0.3185208452273126,0.6391493593124495,411.84849999999966
1987,9,46.73242776715782,0.0,0.31842879942489744,0.638924261728456,412.08649999999966
1987,10,46.73242776715783,0.0,0.31834271226951705,0.6387137634976426,412.08649999999966
1987,11,46.73242776715783,0.0,0.31825970959730876,0.6385108325413266,412.08649999999966
1987,12,46.73242776715782,0.0,0.31817968093605187,0.6383151960564913,412.08649999999966
1987,13,46.73242776715782,0.0,0.31810251976678416,0.638126591128136,412.08649999999966
1987,14,46.73242776715782,0.0,0.3180281233825961,0.6379447643671681,412.08649999999966
1987,15,47.00913601316244,0.0,0.31935586900778734,0.6411927961873243,415.73099999999965
1987,16,47.222256477222345,0.0,0.3203205110121714,0.6435565527520841,419.2854999999997
1987,17,47.222256477222345,0.0,0.32020175257252415,0.6432653663237271,419.2854999999997
1987,18,47.222256477222345,0.0,0.3200872401910527,0.64298463906837,419.2854999999997
1987,19,47.22225647722235,0.0,0.3199768221384056,0.6427139938371469,419.2854999999997
1987,20,47.22225647722235,0.0,0.31987035210065473,0.642453067182554,419.2854999999997
1987,21,47.22225647722235,0.0,0.31976768898653685,0.6422015088536835,419.2854999999997
1987,22,47.22225647722235,0.0,0.3196686967415101,0.6419589813105316,419.2854999999997
1987,23,47.22225647722235,0.0,0.3195732441683934,0.6417251592566265,419.2854999999997
1987,24,47.22225647722235,0.0,0.31948120475435404,0.641499729189257,419.2854999999997
1987,25,47.22225647722235,0.0,0.3193924565040259,0.64128238896661,419.2854999999997
1987,26,47.22225647722235,0.0,0.3193068817785417,0.641072847391156,419.2854999999997
1987,27,47.22225647722235,0.0,0.319224367140273,0.6408708238086483,419.2854999999997
1987,28,47.22225647722235,0.0,0.31914480320307814,0.6406760477221287,419.2854999999997
1987,29,47.22225647722236,0.0,0.31906808448786395,0.6404882584203553,419.2854999999997
1987,30,47.22225647722236,0.0,0.31899410928327643,0.6403072046200963,419.2854999999997
1987,31,47.22225647722235,0.0,0.3189227795113383,0.6401326441217524,421.1964999999997
1987,32,47.22225647722236,0.0,0.31887124084393603,0.6400065284236447,421.1964999999997
1987,33,47.22225647722235,0.0,0.3188215469058333,0.6398849358350375,422.84649999999965
1987,34,47.22225647722235,0.0,0.3187862438885545,0.6397985607636782,424.6554999999997
1987,35,47.22225647722235,0.0,0.31876609921532006,0.6397492752660326,426.7244999999997
1987,36,47.22225647722235,0.0,0.31876265184692176,0.6397408411592556,426.7244999999997
1987,37,47.222256477222345,0.0,0.3187593281409693,0.6397327096373675,426.7244999999997
1987,38,47.22225647722235,0.0,0.31875612366156947,0.6397248698435045,429.1179999999997
1987,39,47.22225647722235,0.0,0.31875612366156947,0.6397248698435045,432.9134999999997
1987,40,47.22225647722235,0.0,0.31875612366156947,0.6397248698435045,433.3119999999997
1987,41,47.22225647722235,0.0,0.31875612366156947,0.6397248698435045,433.3119999999997
1987,42,47.22225647722235,0.0,0.31875612366156947,0.6397248698435045,435.2139999999997
1987,43,47.22225647722235,0.0,0.31875612366156947,0.6397248698435045,439.6299999999997
1987,44,48.113640792521664,0.0,0.32310669583866614,0.6504026990559543,444.1109999999997
1987,45,48.11364079252167,0.0,0.322996833096995,0.6501322137215627,444.8579999999997
1987,46,48.113640792521664,0.0,0.322896742318054,0.6498858254581635,448.2959999999997
1987,47,48.11364079252167,0.0,0.32282731848588564,0.6497149498135483,448.2959999999997
1987,48,48.11364079252167,0.0,0.32276037666637114,0.649550199834709,448.2959999999997
1987,49,48.113640792521664,0.0,0.32269582815357833,0.6493913554250723,448.2959999999997
1987,50,48.11364079252167,0.0,0.322633587409646,0.6492382044310441,448.2959999999997
1987,51,48.113640792521664,0.0,0.3225735719518088,0.649090542352936,448.2959999999997
1987,52,48.11364079252167,0.0,0.3225157022434382,0.6489481720665802,450.2579999999997
1987,53,48.17620069324787,0.0,0.32277501885919824,0.6495862342273866,453.8164999999997
1987,54,48.17620069324787,0.0,0.3227478041958489,0.6495192596440904,457.2034999999997
1987,55,48.17620069324787,0.0,0.322747804195849,0.6495192596440904,458.7684999999997
1987,56,48.17620069324787,0.0,0.3227478041958489,0.6495192596440904,460.7414999999997
1987,57,48.17620069324787,0.0,0.3227478041958489,0.6495192596440904,464.0149999999997
1987,58,48.17620069324787,0.0,0.3227478041958489,0.6495192596440904,466.6769999999997
1987,59,48.272149411230956,0.0,0.32319766662138705,0.6506267050543859,470.3249999999997
1987,60,48.70983137540605,0.0,0.32523554107248875,0.6556526645729238,476.5819999999997
1987,61,49.69949742706524,0.0,0.3297806722553098,0.6669171088720174,483.9334999999997
1987,62,49.69949742706524,0.0,0.329597272552964,0.6664611023915936,488.9744999999997
1987,63,49.69949742706524,0.0,0.3294621164176976,0.6661251289348216,492.1504999999997
1987,64,49.69949742706524,0.0,0.3293583845613415,0.6658673164231759,494.6959999999997
1987,65,53.55398932379378,0.0,0.3461892975788299,0.7082290254360994,503.24949999999967
1987,66,56.177303038566514,0.0,0.3558751869359209,0.7331046042510483,512.7489999999997
1987,67,64.49743783173791,0.0,0.3859088540507093,0.8126865261342567,526.1714999999997
1987,68,72.79364012970538,0.0,0.4104881115545095,0.8807673203496251,538.5764999999997
1987,69,72.79364012970538,0.0,0.40658358997291266,0.8697648621099694,546.0244999999996
1987,70,72.79364012970538,0.0,0.40283455774732846,0.8592684687994098,546.0244999999996
1987,71,72.79364012970538,0.0,0.399199566292361,0.8491540944148649,546.0244999999996
1987,72,72.79364012970538,0.0,0.3956752151004458,0.8394058370418006,546.0244999999996
1987,73,72.79364012970538,0.0,0.39225817660770823,0.8300085329606354,547.9429999999996
1987,74,78.69903047624908,0.0,0.4068207028511154,0.8704309493597513,557.7024999999996
1987,75,78.96093867729171,0.0,0.4035986412627335,0.8614023631044151,562.9349999999996
1987,76,78.96093867729171,0.0,0.39974461790744603,0.8506667958378727,566.4404999999996
1987,77,78.96093867729171,0.0,0.39602251693671486,0.8403639357312918,570.4949999999995
1987,78,80.07866892135577,0.0,0.39557178809222615,0.8391206202143618,576.8729999999996
1987,79,84.59232384272202,0.0,0.4043177729138465,0.8634132168926898,586.3224999999995
1987,80,84.59232384272204,0.0,0.4003048508124854,0.8522230626203807,592.2884999999995
1987,81,84.59232384272204,0.0,0.39643785213216753,0.8415104411300721,598.4869999999995
1987,82,87.30881610221897,0.0,0.399629819888386,0.8503480785985051,606.5819999999995
1987,83,96.7584246958098,0.0,0.41852907600776984,0.9036571833443305,617.7694999999995
1987,84,101.69902555554486,0.0,0.4245899603998702,0.9211206333008841,630.8439999999996
1987,85,105.41541760434839,0.0,0.4271584340838909,0.9285768329569595,640.0859999999996
1987,86,107.97586874221524,0.0,0.42697410208007824,0.9280406103680466,648.9119999999996
1987,87,110.23736903931217,0.0,0.4260041827040247,0.9252219493832164,657.8934999999996
1987,88,113.79674446029037,0.0,0.4272330876927919,0.9287940497182575,668.0044999999996
1987,89,118.43318106206893,0.0,0.42990326758091035,0.9365820442559538,681.4379999999995
1987,90,118.43318106206891,0.0,0.4243719662433778,0.9204893360277392,685.9869999999995
1987,91,118.43318106206891,0.0,0.4190112461872708,0.905039798203607,685.9869999999995
1987,92,118.43318106206891,0.0,0.4190112461872708,0.905039798203607,691.7609999999995
1987,93,118.43318106206891,0.0,0.4190112461872708,0.905039798203607,693.8484999999995
1987,94,118.43318106206891,0.0,0.41901124618727076,0.905039798203607,693.8484999999995
1987,95,118.43318106206891,0.0,0.4190112461872708,0.905039798203607,695.1529999999995
1987,96,120.7296099047629,0.0,0.42381378277700266,0.9188739612408273,701.3774999999995
1987,97,123.14311212733499,0.0,0.42871578450225756,0.9331140712148466,709.6574999999995
1987,98,136.68695642415506,0.0,0.4547301661392986,1.01079083140522,720.5969999999994
1987,99,140.3181204863205,0.0,0.4612452934252813,1.0308248358346215,728.8759999999994
1987,100,140.3181204863205,0.0,0.4612452934252813,1.0308248358346215,736.8164999999995
1987,101,156.2415164748787,0.0,0.4873281151000257,1.1135320650465446,749.1549999999994
1987,102,169.33369600114295,0.0,0.5059329508109759,1.1751400731683612,761.1994999999994
1987,103,176.2972985460611,0.0,0.5133957910789052,1.2005069983620598,770.8414999999994
1987,104,180.7499681638768,0.0,0.5167821171176243,1.212146039616531,780.2369999999994
1987,105,185.93348853657903,0.0,0.5205363864765058,1.2251454529057173,796.2964999999994
1987,106,197.98583012249472,0.0,0.5308196826623687,1.2612801874850095,808.3774999999994
1987,107,200.1228147950145,0.0,0.5298853045753708,1.257964302051396,819.1939999999994
1987,108,214.0108584745575,0.0,0.5393833378066268,1.291981862125156,832.3394999999994
1987,109,227.36180658573429,0.0,0.5464780603532549,1.3178527201729557,847.1384999999993
1987,110,245.3235453810914,0.0,0.5549820354134429,1.3494010462888433,863.1289999999993
1987,111,263.1314839519954,0.0,0.5609855337825145,1.3720381896507874,881.6524999999993
1987,112,278.99653712942654,0.0,0.5638043780209774,1.3827741033224827,901.6129999999994
1987,113,288.6235205084682,0.0,0.5623075277714342,1.3770645556762178,919.3314999999993
1987,114,300.48471701130944,0.0,0.5607672903371217,1.3712098600116347,930.5639999999993
1987,115,313.5276422883704,0.0,0.5588089624823316,1.3637955094761065,942.3004999999993
1987,116,328.46790914157634,0.0,0.5564602444892809,1.3549464014417103,952.7294999999992
1987,117,344.738615689401,0.0,0.5534913511264445,1.3438275141261378,964.8019999999992
1987,118,355.9701479747587,0.0,0.5488253647007941,1.3265013274510957,979.6759999999992
1987,119,370.1266944613012,0.0,0.5436741810379514,1.3075803489076752,990.2834999999992
1987,120,385.0237688226278,0.0,0.5378347394012203,1.286387908230836,1008.4979999999993
1987,121,400.03831561715447,3.145333059927678,0.5315327537829431,1.2638151529516286,1023.8629999999993
1987,122,413.22202280303776,9.765563013097976,0.5252711441776905,1.2416857796344174,1035.6744999999992
1987,123,424.16508728952607,17.722629970039844,0.5191111875847365,1.2201986580293545,1053.0204999999992
1987,124,433.9678525271378,27.525395207651528,0.5016156872881815,1.1606396455026096,1069.4679999999992
1987,125,448.668113387209,42.225656067722774,0.4871929428709967,1.113092685863895,1081.6969999999992
1987,126,463.1838525198204,56.741395200334196,0.47323356549898155,1.0683300449540876,1093.7059999999992
1987,127,476.70134567883116,70.2588883593449,0.4576999558222863,1.019893072785865,1108.4179999999992
1987,128,488.99528522860703,82.55282790912084,0.44189891470549414,0.9720252942765101,1124.3939999999993
1987,129,502.4370303715252,95.99457305203902,0.42656126585512133,0.9268402935236816,1140.2354999999993
1987,130,515.3559461408126,108.91348882132637,0.410271768534785,0.8801557880628618,1158.9689999999994
1987,131,525.8545745638904,119.41211724440423,0.3926006642198514,0.8309480331951745,1181.7094999999995
1987,132,534.8503428571664,128.4078855376802,0.3749703209745737,0.7832602398874982,1205.4014999999995
1987,133,543.9126568503635,137.4701995308773,0.3594471519186203,0.7423727506391129,1225.0339999999994
1987,134,551.5071959736722,145.06473865418596,0.34507760314104674,0.7053975474065016,1242.6869999999994
1987,135,558.7917608387354,152.3493035192492,0.3285283490136771,0.6638058022567875,1267.0244999999995
1987,136,566.5191465099806,160.07668919049433,0.31435293159202526,0.6289871019743765,1286.3399999999995
1987,137,573.3988554394249,166.95639811993868,0.3010086657446984,0.5968615569515866,1304.4879999999994
1987,138,578.8503014505676,172.40784413108133,0.2867586293428925,0.5632256459746161,1326.4899999999993
1987,139,581.5074751513886,175.06501783190234,0.27261899032368553,0.5305080898272763,1349.7574999999993
1987,140,584.4295840881931,177.98712676870687,0.25905927008763996,0.4997244058469108,1372.9969999999992
1987,141,586.8446858957104,180.40222857622422,0.245725845093127,0.46999896064773516,1397.393999999999
1987,142,589.5678130470218,183.12535572753555,0.23240581554772263,0.4408234852517202,1423.8419999999992
1987,143,591.2689916649509,184.82653434546475,0.22075136237170112,0.41570851441278944,1446.6079999999993
1987,144,593.2186350704561,186.7761777509699,0.2107474501893276,0.3944482014561858,1465.1714999999992
1987,145,594.9474939980868,188.5050366786006,0.20193705512939897,0.3759463439318256,1480.7499999999993
1987,146,595.538684333414,189.09622701392777,0.192257099078734,0.35585243837326824,1501.4494999999993
1987,147,596.517865063151,190.07540774366478,0.18229744939394432,0.3354277309579677,1525.3499999999992
1987,148,597.3972228199128,190.95476550042656,0.1725877726879944,0.3157537451171623,1550.4534999999992
1987,149,598.0349444891528,191.59248716966664,0.16331629400437964,0.29718194999996456,1575.9549999999992
1987,150,598.5530562139463,192.11059889446014,0.15452098401146197,0.27975321569277095,1601.6279999999992
1987,151,598.887456530596,192.4449992111096,0.14627707064946527,0.2635809608913274,1626.9769999999992
1987,152,599.1908035115412,192.74834619205492,0.1387179620025022,0.24888876321601114,1651.0819999999992
1987,153,599.421450271911,192.97899295242482,0.13147298299351318,0.2349276435341035,1675.7599999999993
1987,154,599.5632643338829,193.12080701439672,0.12459692267542712,0.22178473149360373,1700.6354999999994
1987,155,599.7279198350611,193.28546251557486,0.1185035371879446,0.21022381640700413,1722.9569999999994
1987,156,599.8532544200037,193.41079710051744,0.11330999144723686,0.20043306797593843,1741.4194999999995
1987,157,599.943841227347,193.50138390786066,0.10838292669561334,0.19119754765161784,1759.8124999999995
1987,158,600.0050715494068,193.56261422992046,0.10319045314737563,0.1815196030271361,1781.9094999999995
1987,159,600.041727951699,193.59927063221278,0.09800161226022708,0.17190424391550077,1806.0699999999995
1987,160,600.0583200761529,193.6158627566666,0.09289130259799007,0.16248832211161082,1831.8774999999994
1987,161,600.061092301167,193.61863498168074,0.0883475990500151,0.15416083478180048,1855.3324999999993
1987,162,600.061092301167,193.61863498168074,0.0846790006209287,0.14746742705948315,1873.1979999999994
1987,163,600.061092301167,193.61863498168074,0.08063111510894094,0.14011306504116341,1896.1784999999993
1987,164,600.061092301167,193.61863498168074,0.07653558622283962,0.13270502360875908,1921.6814999999992
1987,165,600.061092301167,193.61863498168074,0.07269865071528969,0.12579447684808226,1946.8529999999992
1987,166,600.061092301167,193.61863498168074,0.06895479893761258,0.1190790863270276,1973.2659999999992
1987,167,600.061092301167,193.61863498168074,0.0652878508667194,0.11252776497031602,2001.1564999999991
1987,168,600.061092301167,193.61863498168074,0.06195123451168616,0.10658890422295224,2027.6134999999992
1987,169,600.061092301167,193.61863498168074,0.058914899684418875,0.10120284573964483,2052.6244999999994
1987,280,10.5,0.0,0.0,0.14469,0.0
1987,281,10.5,0.0,0.0,0.14469,0.0
1987,282,10.5,0.0,0.0,0.14469,0.0
1987,283,10.5,0.0,0.0,0.14469,0.0
1987,284,10.5,0.0,0.0,0.14469,0.0
1987,285,10.5,0.0,0.0,0.14469,0.0
1987,286,10.5,0.0,0.0,0.14469,0.0
1987,287,10.5,0.0,0.08315238656939639,0.14469,0.0
1987,288,11.429254628112115,0.0,0.09093263806159413,0.15889347001256265,11.4615
1987,289,12.502734151807406,0.0,0.10079248360176729,0.17706906815641135,25.616999999999997
1987,290,13.584261426396113,0.0,0.11197625126764266,0.19792798713268867,41.1035
1987,291,14.373364282237661,0.0,0.12248783178852962,0.21777409471767042,55.1675
1987,292,15.754896969741141,0.0,0.13152042329640667,0.23501868195824677,66.744
1987,293,16.60147039625677,0.0,0.1408990640215524,0.25311476641921116,78.82
1987,294,17.279032638028827,0.0,0.14879506468274473,0.26850393723580346,88.8005
1987,295,17.370924813671543,0.0,0.1515731481760686,0.27395234472495444,93.0005
1987,296,17.370924813671543,0.0,0.15584029681811018,0.28235596751145414,98.4115
1987,297,18.536470593206165,0.0,0.1643888703701828,0.2993198834353618,107.4375
1987,298,18.757839033417184,0.0,0.17234668501317119,0.3152681899727348,115.946
1987,299,18.757839033417184,0.0,0.17712214133899362,0.32491249868054306,121.06099999999999
1987,300,19.23609954778111,0.0,0.18674795340008965,0.344523661771054,129.8155
1987,301,20.408939635454132,0.0,0.19602738272840992,0.3636501141717907,137.8515
1987,302,20.606156282944845,0.0,0.20121253668044237,0.3744339532596272,142.742
1987,303,21.689819330694505,0.0,0.2110260777933951,0.3950366839752297,150.83849999999998
1987,304,23.78680123835945,0.0,0.22518829591163422,0.42522540269262776,162.0365
1987,305,25.75305856159863,0.0,0.2421423211265481,0.46209944951798754,175.53549999999998
1987,306,27.304012003080757,0.0,0.264010748289925,0.510899606691141,192.34249999999997
1987,307,28.67187792254924,0.0,0.2882445756814356,0.5667015529202204,209.92449999999997
1987,308,31.612877947939367,0.0,0.31650625661895715,0.6342296277585637,228.96749999999997
1987,309,34.39585712126875,0.0,0.32825981545638006,0.6631394056051908,247.61549999999997
1987,310,37.89683721107609,0.0,0.3427845338648964,0.6995722661988772,259.633
1987,311,37.926512394246224,0.0,0.33978325656010266,0.6919784978691748,264.5755
1987,312,38.70179540475288,0.0,0.34060180815396657,0.6940461507805409,273.166
1987,313,40.618137043594004,0.0,0.34692967984513556,0.7101174461179232,285.9605
1987,314,41.830764695089954,0.0,0.3495849236418471,0.7169075681412166,294.44300000000004
1987,315,41.830764695089954,0.0,0.3465519504818376,0.7091537414031891,296.47650000000004
1987,316,41.830764695089954,0.0,0.3437212065903541,0.7019493172782855,297.27350000000007
1987,317,41.830764695089954,0.0,0.34108162042748424,0.6952593452061853,303.04850000000005
1987,318,44.57620715240513,0.0,0.35179522239512995,0.7225810295494982,313.07400000000007
1987,319,47.67590874299513,0.0,0.3632296280202474,0.7522436199134268,323.4125000000001
1987,320,51.02742533986013,0.0,0.37476676522193514,0.7827175386892415,334.60300000000007
1987,321,52.26123422341128,0.0,0.3764664641938853,0.7872545482189879,349.08600000000007
1987,322,54.53005153424057,0.0,0.3824258043248624,0.803260104597562,362.83400000000006
1987,323,55.52248913245042,0.0,0.38288341081567434,0.8044955192114235,369.5205000000001
1987,324,55.52248913245042,0.0,0.3794062314316867,0.7951309466624341,373.53350000000006
1987,325,55.52248913245041,0.0,0.37616439886610503,0.7864473417427349,375.18450000000007
1987,326,55.52248913245042,0.0,0.3731388197565443,0.7783836099716513,375.18450000000007
1987,327,55.52248913245042,0.0,0.3703136304922272,0.7708890162188164,379.02900000000005
1987,328,57.67613277441954,0.0,0.3768328930362246,0.7882342778090224,389.86800000000005
1987,329,57.8747889032189,0.0,0.37480348677325703,0.7828154291715363,394.81700000000006
1987,330,58.04523582147662,0.0,0.37275059994939186,0.7773517503529622,402.4240000000001
1987,331,58.2739409073928,0.0,0.3710513114408633,0.7728426697113431,406.5215000000001
1987,332,58.8100741077989,0.0,0.3706922996928612,0.7718915870307881,412.7265000000001
1987,333,59.57495460611755,0.0,0.37128466086390516,0.773461142850382,423.5165000000001
1987,334,60.02312519249074,0.0,0.37057115896685655,0.7715707872382976,429.1780000000001
1987,335,60.14582891960455,0.0,0.3685689601986806,0.7662775729762292,432.6495000000001
1987,336,60.145828919604554,0.0,0.36614987843847424,0.7599045896910381,434.4095000000001
1987,337,60.145828919604554,0.0,0.3638191405291859,0.7537873097173967,434.4095000000001
1987,338,60.16606249748074,0.0,0.3616469699423408,0.7481063500405956,437.3255000000001
1987,339,60.16606249748074,0.0,0.359477892371894,0.742452736729811,437.3255000000001
1987,340,60.16606249748074,0.0,0.3573795356164592,0.7370016443057695,437.3255000000001
1987,341,60.16606249748073,0.0,0.35534958999196586,0.7317451818483277,437.3255000000001
1987,342,60.23757868225607,0.0,0.35368441224568065,0.72744561425667,440.7860000000001
1987,343,61.11277189757848,0.0,0.35543970302693106,0.7319781746260638,449.5515000000001
1987,344,61.965583104024816,0.0,0.3569782769077091,0.7359612855763915,459.16050000000007
1987,345,62.14030677028546,0.0,0.3556788996550131,0.7325967901980006,462.6645000000001
1987,346,62.27004931304357,0.0,0.35424913584069795,0.7289025146354924,466.95400000000006
1987,347,62.89187446770417,0.0,0.35486178246205446,0.7304844906447406,471.7150000000001
1987,348,62.89187446770417,0.0,0.3529398262986245,0.72552664105104,472.1475000000001
1987,349,62.89187446770417,0.0,0.3510823008621443,0.7207489702090358,472.1475000000001
1987,350,62.89187446770417,0.0,0.34928454097025635,0.7161380253762709,474.3055000000001
1987,351,62.89187446770417,0.0,0.3475575873384843,0.7117206668959435,474.3055000000001
1987,352,62.89187446770418,0.0,0.34588615579092097,0.7074564482663688,474.3055000000001
1987,353,62.89187446770417,0.0,0.344268428980104,0.703339607162974,474.3055000000001
1987,354,62.89187446770417,0.0,0.3427026482280293,0.6993646211158285,475.59300000000013
1987,355,62.980165909315005,0.0,0.3415595861425109,0.6964687493016714,480.9060000000001
1987,356,62.980165909315005,0.0,0.3401155794072751,0.6928176326851192,481.3030000000001
1987,357,62.980165909315005,0.0,0.33872037786018805,0.6892974993768846,483.85950000000014
1987,358,62.980165909315005,0.0,0.337386152854821,0.6859381518965617,486.34500000000014
1987,359,63.314226045563785,0.0,0.33749569487252473,0.6862137047287509,493.02100000000013
1987,360,63.454025675593265,0.0,0.3368101706668065,0.6844900183745585,498.62850000000014
1987,361,63.45402567559326,0.0,0.3355981179280152,0.6814467808461976,499.49050000000017
1987,362,63.45402567559326,0.0,0.33443054427910157,0.6785204672841822,499.7475000000002
1987,363,63.46044347676154,0.0,0.33332843683483115,0.6757629389789728,501.22150000000016
1987,364,63.46044347676154,0.0,0.33224448207803614,0.6730552726189621,501.22150000000016
1987,365,63.46044347676154,0.0,0.3311951106596287,0.6704381777029729,501.22150000000016
1988,1,63.46044347676154,0.0,0.33017919443057686,0.6679084279057004,501.8840000000002
1988,2,63.46044347676154,0.0,0.32920015758151144,0.6654741399148336,501.8840000000002
1988,3,63.46044347676154,0.0,0.32825229121885435,0.663120737188544,501.8840000000002
1988,4,63.46044347676154,0.0,0.3273345806854884,0.6608453684626527,501.8840000000002
1988,5,63.46044347676154,0.0,0.3264460451180625,0.658645291928617,501.8840000000002
1988,6,63.46044347676154,0.0,0.3255857363241812,0.6565178705773618,501.8840000000002
1988,7,63.46044347676154,0.0,0.3247527376927063,0.6544605677617835,501.8840000000002
1988,8,63.46044347676154,0.0,0.32394616313679925,0.6524709429668619,501.8840000000002
1988,9,63.46044347676154,0.0,0.3231651560692578,0.6505466477769004,501.8840000000002
1988,10,63.46044347676154,0.0,0.3224088884096331,0.648685422029966,501.8840000000002
1988,11,63.46044347676154,0.0,0.3216765596225677,0.6468850901501257,501.8840000000002
1988,12,63.46044347676154,0.0,0.32096739578674094,0.6451435576485681,501.8840000000002
1988,13,63.46044347676154,0.0,0.3202806486937826,0.6434588077851703,504.1850000000002
1988,14,63.46044347676154,0.0,0.31963181485195613,0.6418686309922401,504.1850000000002
1988,15,63.46044347676154,0.0,0.3190034725047326,0.6403301199525293,504.1850000000002
1988,16,63.46044347676154,0.0,0.3183949617113886,0.6388415193983227,504.1850000000002
1988,17,63.46044347676154,0.0,0.3178056443745625,0.6374011380242104,508.8065000000002
1988,18,63.63217444902719,0.0,0.3180070236139303,0.6378931995764258,514.8100000000002
1988,19,63.8075707886434,0.0,0.3182406088889089,0.6384641372403544,517.8575000000002
1988,20,63.80757078864341,0.0,0.31772496181593035,0.6372040344001639,520.3600000000002
1988,21,63.999448669746144,0.0,0.31805838768148853,0.6380187287330483,526.4665000000002
1988,22,63.999448669746144,0.0,0.3175954022640731,0.6368875753845915,526.4665000000002
1988,23,63.999448669746144,0.0,0.317146998220881,0.6357927781842321,526.4665000000002
1988,24,63.999448669746144,0.0,0.316712709363131,0.6347331289061644,526.4665000000002
1988,25,63.999448669746144,0.0,0.3162920847620335,0.6337074617773536,526.4665000000002
1988,26,63.999448669746144,0.0,0.3158846882337198,0.6327146518578711,526.4665000000002
1988,27,63.999448669746144,0.0,0.31549009784198223,0.6317536134896938,526.4665000000002
1988,28,63.999448669746144,0.0,0.3151079054182263,0.6308232988107578,526.4665000000002
1988,29,63.999448669746144,0.0,0.3147377160980517,0.6299226963312233,526.4665000000002
1988,30,63.999448669746144,0.0,0.3143791478738952,0.629050829569061,530.5295000000002
1988,31,66.4255687354468,0.0,0.32421793186593817,0.653141065555448,541.4080000000002
1988,32,66.92653031728963,0.0,0.3254345636359117,0.6561443223594063,552.4975000000003
1988,33,67.11750956067178,0.0,0.325410601662777,0.6560851199300511,558.6425000000003
1988,34,67.11750956067178,0.0,0.3246890712618722,0.6543034316697011,558.6425000000003
1988,35,67.11750956067178,0.0,0.3239899053104558,0.6525787834632835,558.6425000000003
1988,36,67.11750956067178,0.0,0.32331239366405007,0.6509092512819107,558.6425000000003
1988,37,67.11750956067178,0.0,0.3226558494770342,0.6492929813651886,558.6425000000003
1988,38,67.11750956067178,0.0,0.32201960841524513,0.6477281873773317,558.6425000000003
1988,39,67.11750956067178,0.0,0.32140302789481545,0.6462131476914502,558.6425000000003
1988,40,67.11750956067178,0.0,0.32080548634653133,0.644746202795695,558.6425000000003
1988,41,67.11750956067179,0.0,0.3202263825049998,0.6433257528152736,558.6425000000003
1988,42,67.11750956067179,0.0,0.31966513472190716,0.6419502551446646,558.6425000000003
1988,43,67.11750956067178,0.0,0.3191211803026581,0.6406182221846491,558.6425000000003
1988,44,67.11750956067178,0.0,0.3185939748656885,0.6393282191790625,558.6425000000003
1988,45,67.11750956067178,0.0,0.31808299172375387,0.6380788621464301,558.6425000000003
1988,46,67.11750956067178,0.0,0.31758772128650326,0.6368688159019033,558.6425000000003
1988,47,67.11750956067179,0.0,0.3171076704836613,0.6356967921651467,560.4900000000002
1988,48,67.11750956067179,0.0,0.3166566296673272,0.6345963455565807,560.4900000000002
1988,49,67.11750956067179,0.0,0.3162194369351493,0.6335303784402597,561.6875000000002
1988,50,67.11750956067178,0.0,0.3158049726637988,0.6325204571937584,562.0885000000002
1988,51,67.11750956067178,0.0,0.3154063515968033,0.63154971791815,562.0885000000002
1988,52,67.11750956067178,0.0,0.3150199520390792,0.6306092803474368,562.0885000000002
1988,53,67.11750956067179,0.0,0.31464539290656957,0.6296981667970447,562.0885000000002
1988,54,67.11750956067178,0.0,0.31428230532959667,0.6288154329324788,568.6310000000002
1988,55,67.11750956067178,0.0,0.31398216216044694,0.6280860815212523,571.5175000000002
1988,56,67.11750956067178,0.0,0.3137144340133958,0.6274357682117676,571.5175000000002
1988,57,67.11750956067178,0.0,0.31345491033827777,0.6268056257220105,571.5175000000002
1988,58,67.11750956067179,0.0,0.3132033367444764,0.6261950139397623,574.1320000000002
1988,59,67.11750956067179,0.0,0.312980723421014,0.6256548801441641,576.8205000000002
1988,60,67.11750956067178,0.0,0.3127869807896315,0.6251849386520799,578.0300000000002
1988,61,67.11750956067178,0.0,0.312609160664581,0.624753735327726,580.9555000000003
1988,62,67.11750956067178,0.0,0.31246111208115446,0.6243948113258562,584.3265000000002
1988,63,68.45486993584544,0.0,0.31723724737458814,0.6360130674653309,590.5080000000003
1988,64,68.45486993584544,0.0,0.31689374673981086,0.6351747717465397,590.5080000000003
1988,65,68.45486993584544,0.0,0.31656070451063867,0.6343624016159559,590.5080000000003
1988,66,68.45486993584544,0.0,0.3162377974026326,0.6335751313794862,590.5080000000003
1988,67,68.45486993584544,0.0,0.31592471238178665,0.632812162999219,590.5080000000003
1988,68,68.45486993584544,0.0,0.31562114632694316,0.6320727250922085,594.7480000000003
1988,69,74.97339546739747,0.0,0.3378398625965571,0.6870797548285006,606.0795000000003
1988,70,78.60487114954446,0.0,0.3474901848881764,0.7115484959690868,615.3880000000003
1988,71,78.60487114954446,0.0,0.3456175784565372,0.7067722599982905,618.1680000000002
1988,72,78.81036945056749,0.0,0.3444021118049251,0.7036794221610146,625.8980000000003
1988,73,83.94576987563951,0.0,0.3568186395300209,0.7355475681768401,636.9540000000003
1988,74,83.94576987563951,0.0,0.3544650778554552,0.7294599487296349,638.7835000000003
1988,75,83.9457698756395,0.0,0.35219033121651877,0.7235972446457898,638.7835000000003
1988,76,83.94576987563951,0.0,0.3499806246033398,0.7179218470569313,638.7835000000003
1988,77,83.94576987563951,0.0,0.3478339329567087,0.7124267423882118,638.7835000000003
1988,78,83.9457698756395,0.0,0.34574829507608673,0.7071052194235431,639.4005000000003
1988,79,83.9457698756395,0.0,0.3437257125035773,0.7019607604046342,641.3470000000003
1988,80,83.9457698756395,0.0,0.3417727324194857,0.697008359718285,641.7860000000003
1988,81,83.94576987563951,0.0,0.33987763877494537,0.6922167755830085,641.7860000000003
1988,82,83.94576987563951,0.0,0.33803582805056953,0.6875730757200489,641.7860000000003
1988,83,83.9457698756395,0.0,0.33624565242856874,0.6830719273899732,648.1080000000003
1988,84,92.07143362630077,0.0,0.3552653010529071,0.7315272771054822,664.6045000000003
1988,85,98.73278400851575,0.0,0.36740825278309663,0.7632166900192001,680.7860000000003
1988,86,107.43757252739456,0.0,0.38136239997104826,0.8003927301994114,694.8615000000003
1988,87,113.46311844595633,0.0,0.38823931653067584,0.819023521714542,704.7350000000004
1988,88,113.46311844595633,0.0,0.38395651158553323,0.8073961997751852,708.3590000000004
1988,89,117.02169671608316,0.0,0.38580386076102435,0.8124015947201195,718.4535000000004
1988,90,120.31185856823315,0.0,0.3868154847810119,0.8151489745309067,733.9920000000004
1988,91,120.52440758633807,0.0,0.38277498003023647,0.8042027024176699,741.4870000000004
1988,92,122.19613984850508,0.0,0.3859249555962577,0.8127302269126362,748.4260000000004
1988,93,123.89515120328483,0.0,0.3890237553283237,0.8211619999846519,757.9670000000004
1988,94,126.69740926979978,0.0,0.3939069265576419,0.8345361969458046,772.5020000000004
1988,95,133.54084479646338,0.0,0.40496161744492043,0.8652156117019315,788.6915000000004
1988,96,144.10574008246348,0.0,0.4204494129288942,0.9091705427840059,801.4000000000003
1988,97,158.0143051898022,0.0,0.43904181755770655,0.9635148622314132,820.7150000000004
1988,98,160.6132088829416,0.0,0.4421145122073258,0.9726692611177882,834.6185000000004
1988,99,171.9550123012662,0.0,0.4543004099976818,1.0094777601909226,843.9025000000004
1988,100,182.87258326260414,0.0,0.4651312799254699,1.0428899087262262,853.4915000000004
1988,101,197.65406652781581,0.0,0.47769761304521274,1.0825142891108188,863.9655000000005
1988,102,211.5235283351417,0.0,0.4869672375022095,1.1123592855541815,874.5080000000005
1988,103,226.51262723165345,0.0,0.49500550205940136,1.1386795748887688,886.0540000000005
1988,104,243.13169026852552,0.0,0.5020501376761948,1.1620931418175149,897.9530000000005
1988,105,257.6931456529462,0.0,0.5060739860240501,1.175615903817011,908.5700000000005
1988,106,272.4673716092616,0.0,0.5088105725648837,1.1848757105535974,921.2935000000004
1988,107,275.6250310770282,0.0,0.5057556378590091,1.1745420398230126,927.5745000000004
1988,108,275.6250310770282,0.0,0.5015277429302689,1.160345573246524,934.1980000000004
1988,109,292.4364721235194,0.0,0.5028293540993938,1.1647032665076642,947.1070000000004
1988,110,306.5983063717486,0.0,0.5019022364220005,1.1615981813643692,958.4740000000004
1988,111,306.5983063717486,0.0,0.49718335038406036,1.145882815032775,962.9850000000004
1988,112,311.1028340768911,0.0,0.49336952222474173,1.1332889696740205,972.2285000000004
1988,113,313.3090491933037,0.0,0.4891050179386603,1.1193187074275137,979.1315000000004
1988,114,320.1932228125779,0.0,0.48529171097970103,1.1069249464779303,989.5335000000005
1988,115,334.1079421936141,0.0,0.48139913234633425,1.0943678880163565,1003.2965000000005
1988,116,340.4939892711979,0.7050804168612564,0.47680708000662775,1.079675018422446,1011.2015000000005
1988,117,347.1125145497648,2.4323894474191117,0.4722430728423041,1.0651991108468652,1020.2365000000004
1988,118,359.8899412625007,7.965988732259538,0.46773858894268805,1.0510342269289448,1032.9780000000005
1988,119,365.1377388124474,11.512300379440676,0.4632786202531605,1.0371269417157303,1044.1365000000005
1988,120,373.4799418741822,18.922798533509155,0.4589709122349663,1.023803724862304,1052.3945000000006
1988,121,383.90623838366974,29.349095042996694,0.44825320801794566,0.9911100802036286,1061.7630000000006
1988,122,393.68634452746704,39.12920118679396,0.43698861741905093,0.9574257221977851,1072.5995000000007
1988,123,405.8166640349519,51.25952069427889,0.42549306237786755,0.9237385097260589,1084.1575000000007
1988,124,420.82991000130244,66.27276666062942,0.4128783341403045,0.88753868901379,1097.7335000000007
1988,125,434.8929536040059,80.33581026333292,0.40050159218924974,0.8527699339667715,1111.2510000000007
1988,126,446.49753862211384,91.94039528144076,0.38913256822387277,0.8214588543693665,1123.4315000000006
1988,127,459.6980142205585,105.14087087988545,0.3773727028630376,0.7896786302608123,1136.4385000000007
1988,128,472.49937929469604,117.94223595402298,0.36417361649596297,0.7547162247004181,1152.3730000000007
1988,129,483.8330474857962,129.27590414512315,0.35072753411348323,0.7198380436821151,1169.4770000000008
1988,130,492.0645182545752,137.50737491390214,0.3359164621452415,0.6822455456614894,1190.7810000000009
1988,131,499.2720120285752,144.71486868790214,0.32199082177360816,0.6476574232105018,1210.6425000000008
1988,132,504.97216686012763,150.41502351945465,0.30963708881986274,0.6175631023771667,1227.0400000000009
1988,133,513.3650513110184,158.80790797034538,0.2981393534023048,0.5900340063032691,1241.8410000000008
1988,134,520.4193074656375,165.86216412496438,0.28506366040217146,0.559269626299233,1261.9695000000008
1988,135,526.419338136628,171.86219479595496,0.27212425153730857,0.529374867567882,1282.8770000000009
1988,136,532.4503545772479,177.89321123657493,0.2607923272038406,0.5036272980726648,1300.0110000000009
1988,137,536.4369550909717,181.87981175029864,0.24782702241471566,0.474648263498222,1323.719000000001
1988,138,539.5216015336383,184.9644581929653,0.23710832687247715,0.4510653878470622,1341.5065000000009
1988,139,542.1274953670974,187.57035202642433,0.22759104851670675,0.43040189885679275,1356.4350000000009
1988,140,545.335379010455,190.77823566978196,0.2180030723345806,0.4098407787685718,1372.8525000000009
1988,141,547.6812657979139,193.12412245724082,0.20859543175565465,0.38990996281531665,1390.0120000000009
1988,142,549.5044930786798,194.9473497380069,0.19921921982301471,0.3702800867452331,1408.5920000000008
1988,143,551.1506413512197,196.59349801054674,0.18975480918040358,0.3506972873432173,1429.2460000000008
1988,144,552.4481706866137,197.89102734594064,0.18022040460829936,0.3311996016016341,1452.1290000000008
1988,145,553.2033019306048,198.64615858993182,0.17122440107422235,0.3130097489348072,1474.725500000001
1988,146,554.1400067014447,199.58286336077163,0.16350559044247348,0.297559069521076,1493.3905000000009
1988,147,555.0839466589666,200.5268033182936,0.15777315551874083,0.28617648254439754,1505.4460000000008
1988,148,555.8546321968932,201.29748885622018,0.15183427176470987,0.2744653800754803,1519.0070000000007
1988,149,556.4589913945421,201.90184805386903,0.14504048576191853,0.2611686048913882,1537.7600000000007
1988,150,556.867591708437,202.3104483677639,0.13820787044082627,0.2479019773380315,1558.5580000000007
1988,151,557.2096058173253,202.6524624766522,0.13131517863612352,0.234624851143181,1581.7155000000007
1988,152,557.4794551234928,202.92231178281983,0.12474838942432198,0.22207313169481568,1605.1295000000007
1988,153,557.6794994587365,203.12235611806344,0.11825141917663663,0.20974719894547353,1630.3505000000007
1988,154,557.8158829786204,203.25873963794734,0.1121334713501001,0.19822308810236475,1655.4520000000007
1988,155,557.9038759061492,203.34673256547615,0.10646330335642118,0.1876131242601755,1679.7890000000007
1988,156,557.9718809463268,203.41473760565376,0.10202372130417925,0.17935271122508553,1697.2985000000006
1988,157,558.0139486434791,203.45680530280603,0.09792538556052965,0.17176340205442558,1713.8095000000005
1988,158,558.0321015454567,203.47495820478366,0.09344822190930846,0.16351188621736643,1734.8965000000005
1988,159,558.0322360009101,203.47509266023698,0.08880624269877468,0.15499952991132246,1759.2780000000005
1988,160,558.03223600091,203.47509266023698,0.08436359970077223,0.14689322669244814,1784.1150000000005
1988,161,558.0322360009101,203.47509266023698,0.08015668096778916,0.13925321473738875,1809.0060000000005
1988,162,558.0322360009101,203.47509266023698,0.07695152966865937,0.13345588659385685,1826.3765000000005
1988,163,558.0322360009101,203.47509266023698,0.07407051766810202,0.1282620003750914,1841.9660000000006
1988,164,558.0322360009101,203.47509266023698,0.07103621676161498,0.12280920933608179,1860.4980000000005
1988,165,558.0322360009101,203.47509266023698,0.06781800404966698,0.11704534789222139,1882.5865000000006
1988,166,558.0322360009101,203.47509266023698,0.06450165634358973,0.11112650635535946,1907.6370000000006
1988,167,558.0322360009101,203.47509266023698,0.06120952223556686,0.10527159673839878,1934.5055000000007
1988,168,558.03223600091,203.47509266023698,0.05808346670628073,0.09973102362802067,1961.5550000000007
1988,169,558.0322360009101,203.47509266023698,0.05532904556644902,0.09486434748239578,1985.9450000000008
1988,170,558.03223600091,203.47509266023698,0.05289066407980758,0.0905678957055277,2007.9115000000008
1988,171,558.0322360009101,203.47509266023698,0.05040952786995567,0.08620744883078041,2032.2185000000009
1988,172,558.0322360009101,203.47509266023698,0.0479396315263535,0.0818780565650176,2058.274500000001
1988,280,10.5,0.0,0.0,0.14469,0.0
1988,281,10.5,0.0,0.0,0.14469,0.0
1988,282,10.5,0.0,0.0,0.14469,0.0
1988,283,10.5,0.0,0.0,0.14469,0.0
1988,284,10.5,0.0,0.0,0.14469,0.0
1988,285,10.5,0.0,0.0,0.14469,0.0
1988,286,10.5,0.0,0.0,0.14469,0.0
1988,287,10.5,0.0,0.08315238656939639,0.14469,0.0
1988,288,10.529978425363042,0.0,0.0870688999093201,0.15182477772310218,5.891500000000001
1988,289,11.301811871752475,0.0,0.09282039248757079,0.16235804125480824,18.5875
1988,290,11.990190540907992,0.0,0.10046975253918577,0.1764709986424647,35.7175
1988,291,12.322630971434283,0.0,0.10978750137986015,0.1938251371010675,52.2275
1988,292,12.656027018962412,0.0,0.12419981162974891,0.22102884921870516,68.303
1988,293,13.535445769249886,0.0,0.13906951463929418,0.24956919151566792,83.16749999999999
1988,294,14.406100943771841,0.0,0.14830937966012725,0.26755323294045713,91.7575
1988,295,14.86088736099793,0.0,0.1559232816680831,0.28251981669944354,98.84349999999999
1988,296,15.101608208353385,0.0,0.1663863128237535,0.3033086479342155,108.0255
1988,297,16.03199203365227,0.0,0.17545871544016808,0.3215467766642337,115.40549999999999
1988,298,16.29915068938718,0.0,0.184653863564599,0.3402375810353069,122.90449999999998
1988,299,16.993999227490356,0.0,0.1924944797051369,0.35634231271704075,128.932
1988,300,17.398156849337052,0.0,0.19917067587120318,0.3701790551818586,134.0495
1988,301,17.39815684933705,0.0,0.20375814090908873,0.37975382701613336,137.516
1988,302,17.473157299317812,0.0,0.21462494414375885,0.4026564952309265,144.9075
1988,303,18.299101822643713,0.0,0.226022005745967,0.4270197283215396,152.098
1988,304,18.299101822643713,0.0,0.22930717061152128,0.4341089837762725,154.2015
1988,305,18.299101822643713,0.0,0.23122619690365687,0.43826416160568005,155.3675
1988,306,18.299101822643713,0.0,0.23653045393160155,0.4498034039837018,158.54850000000002
1988,307,19.298594579248086,0.0,0.24752424981567045,0.47397751424504897,164.95600000000002
1988,308,19.872205800261597,0.0,0.2575626330144378,0.49636127681916575,170.604
1988,309,21.275309805961495,0.0,0.27512631546573585,0.5362631125592741,180.068
1988,310,21.69729930978568,0.0,0.3025840147170261,0.6006220395810858,194.269
1988,311,22.011591872436533,0.0,0.32172133593463825,0.646995110894701,203.428
1988,312,22.038793524236333,0.0,0.3264919729425474,0.6587589413006539,205.6335
1988,313,22.038793524236333,0.0,0.3367369913275534,0.6843061210477164,210.2905
1988,314,23.55337566567772,0.0,0.3454126208234629,0.7062503288464373,216.6955
1988,315,24.133851147319568,0.0,0.34871724041149194,0.7146856409143147,223.5345
1988,316,26.15795899364416,0.0,0.3601461926450038,0.7441925912157201,235.358
1988,317,26.15795899364416,0.0,0.3598556872912983,0.7434360657330135,238.8285
1988,318,26.309039783494626,0.0,0.3605769672222763,0.7453150341981933,244.54
1988,319,28.37759916850532,0.0,0.3721521711900961,0.7757624211470023,252.09949999999998
1988,320,31.588607583974756,0.0,0.3889237346501946,0.8208891784336623,262.169
1988,321,33.06657965158882,0.0,0.39537775993402335,0.8385856875886479,274.49699999999996
1988,322,36.79243959462445,0.0,0.41236147396099454,0.8860721195918643,285.643
1988,323,36.79243959462445,0.0,0.4105994461285921,0.8810821149303966,289.25149999999996
1988,324,38.22815857494234,0.0,0.4156500860398832,0.895425513072176,295.777
1988,325,38.51415283061523,0.0,0.4152819500218381,0.8943758563040812,303.238
1988,326,38.70999462497637,0.0,0.4146705895822089,0.892634159162271,308.6045
1988,327,38.725652106996364,0.0,0.413406805061869,0.8890395389360543,310.53499999999997
1988,328,38.725652106996364,0.0,0.4122505114743556,0.8857574363111277,313.47099999999995
1988,329,38.725652106996364,0.0,0.41116003015073344,0.882668050493226,317.17199999999997
1988,330,40.39185756995959,0.0,0.41782947402572523,0.9016531236850083,324.55649999999997
1988,331,43.81602508017469,0.0,0.43167288063308523,0.9417635194294254,334.69449999999995
1988,332,44.29720766201126,0.0,0.43177829295731596,0.9420726785319163,347.8804999999999
1988,333,45.38954026706168,0.0,0.43444402273382765,0.9499100018613115,357.32649999999995
1988,334,45.38954026706169,0.0,0.43252357384086393,0.9442601171617846,358.98849999999993
1988,335,45.38954026706168,0.0,0.43068302875925946,0.9388632212553627,360.96599999999995
1988,336,45.53223700757568,0.0,0.42950724151253916,0.9354246717234667,364.73099999999994
1988,337,45.532237007575674,0.0,0.42780919200032896,0.9304712713481863,364.73099999999994
1988,338,45.53223700757568,0.0,0.4261709787467061,0.9257063323606358,364.7584999999999
1988,339,46.458752683703594,0.0,0.42842547901952244,0.9322673480526772,371.39199999999994
1988,340,46.458752683703594,0.0,0.42676510624784336,0.927432849213781,371.39199999999994
1988,341,46.458752683703594,0.0,0.4251630480992017,0.9227814005128706,374.60799999999995
1988,342,46.78442179460944,0.0,0.42498479466871497,0.922264657466693,380.227
1988,343,47.01571963863201,0.0,0.42444654675556515,0.9207052895593468,384.42049999999995
1988,344,47.01571963863201,0.0,0.4229995969545215,0.9165205232587575,384.42049999999995
1988,345,47.015719638632,0.0,0.4216036699269208,0.9124932552021127,384.42049999999995
1988,346,47.01571963863201,0.0,0.42025701723900677,0.9086173447081535,384.42049999999995
1988,347,47.01571963863201,0.0,0.4189579458552304,0.9048869040011676,384.42049999999995
1988,348,47.015719638632,0.0,0.41770481679608873,0.9012962869854811,384.42049999999995
1988,349,47.01571963863201,0.0,0.4164960437880755,0.8978400785635159,385.02049999999997
1988,350,47.015719638632,0.0,0.41533531444570415,0.8945279719524531,390.14149999999995
1988,351,47.01571963863201,0.0,0.41426102218878036,0.8914683649916251,390.14149999999995
1988,352,47.01571963863201,0.0,0.41322494505049023,0.888522906546486,390.14149999999995
1988,353,47.015719638632,0.0,0.412225748692323,0.8856872185826455,390.14149999999995
1988,354,47.015719638632,0.0,0.411262143188838,0.8829570987300633,390.14149999999995
1988,355,47.01571963863201,0.0,0.41033288174396226,0.8803285127539402,394.44649999999996
1988,356,49.36770100642218,0.0,0.41945279850044526,0.9063069489173514,406.60549999999995
1988,357,49.36770100642218,0.0,0.4182286548383866,0.9027963102942682,410.16749999999996
1988,358,49.36770100642218,0.0,0.4170796440632242,0.8995078545113947,411.1905
1988,359,52.47351009123247,0.0,0.428530892526536,0.9325747539547454,419.8555
1988,360,52.66084311838344,0.0,0.4276403076578378,0.9299794207813296,423.639
1988,361,52.660843118383454,0.0,0.42606970822910983,0.9254122215753576,423.639
1988,362,52.66084311838345,0.0,0.4245528307000819,0.9210130911444404,423.639
1988,363,52.66084311838345,0.0,0.42308787491837874,0.9167755338188526,428.546
1988,364,52.660843118383454,0.0,0.42170216404230165,0.9127770931675587,428.546
1988,365,52.660843118383454,0.0,0.420364009274548,0.9089249577731126,428.546
1988,366,52.660843118383454,0.0,0.41907180430972457,0.9052135286999634,428.546
1989,1,52.66084311838345,0.0,0.4178239942236258,0.901637435909505,428.546
1989,2,52.660843118383454,0.0,0.41661907412961785,0.8981915280906213,428.546
1989,3,52.66084311838345,0.0,0.4154555878389311,0.8948708629827691,428.546
1989,4,52.660843118383454,0.0,0.4143321265286761,0.8916706981659195,428.546
1989,5,52.66084311838345,0.0,0.4132473274209212,0.8885864822930962,428.546
1989,6,52.66084311838345,0.0,0.4121998724757352,0.8856138467425819,428.546
1989,7,52.77247531296034,0.0,0.41163955922866136,0.8840258739647002,430.9395
1989,8,53.273066457209744,0.0,0.4126731937329028,0.8869564571141463,438.6215
1989,9,53.27306645720975,0.0,0.41166616370568027,0.8841012389867001,441.98900000000003
1989,10,53.27306645720975,0.0,0.41071514513516294,0.8814093128015303,441.98900000000003
1989,11,53.273066457209744,0.0,0.40979684017559226,0.8788141044464906,441.98900000000003
1989,12,53.273066457209744,0.0,0.4089101300792155,0.876312014954763,443.33750000000003
1989,13,53.27306645720975,0.0,0.4080626573990004,0.8739241498343581,446.646
1989,14,53.27306645720975,0.0,0.4072659751416051,0.8716825088207197,446.646
1989,15,53.27306645720975,0.0,0.4064967573319982,0.869521002185466,446.646
1989,16,53.273066457209744,0.0,0.40575406079818566,0.8674366770828641,446.646
1989,17,53.273066457209744,0.0,0.4050369742661106,0.8654266949851555,446.646
1989,18,53.273066457209744,0.0,0.4043446173373697,0.8634883269295317,449.41900000000004
1989,19,54.37528643654182,0.0,0.4081587668206988,0.8741947787731253,454.51800000000003
1989,20,54.37528643654183,0.0,0.4073299823621104,0.871862495891999,458.08000000000004
1989,21,54.37528643654182,0.0,0.4065530740412015,0.8696791574047107,461.30600000000004
1989,22,54.37528643654182,0.0,0.40582434223060626,0.8676338053093051,461.30600000000004
1989,23,54.37528643654182,0.0,0.4051205868247908,0.8656609348477445,463.81050000000005
1989,24,54.37528643654181,0.0,0.4044579318511081,0.8638054154581183,468.03600000000006
1989,25,56.33361839884856,0.0,0.41157250235631504,0.8838359307295884,475.14850000000007
1989,26,57.603742104420256,0.0,0.41544161451551676,0.8948310223932071,484.5205000000001
1989,27,58.856163649792315,0.0,0.4189510308314992,0.9048670689980208,492.45400000000006
1989,28,58.856163649792315,0.0,0.41769025978168806,0.9012546218848432,495.50500000000005
1989,29,58.85616364979232,0.0,0.41649101014107326,0.8978257009823611,500.86750000000006
1989,30,59.249353970295985,0.0,0.416782961041518,0.8986598039889148,507.47150000000005
1989,31,61.139423944223395,0.0,0.42237554083906814,0.9147189101789106,513.5355000000001
1989,32,65.49002991695073,0.0,0.4358100240895075,0.9539404124668323,523.0300000000001
1989,33,69.25524906617754,0.0,0.4457473444418757,0.9835577320551664,531.8815000000001
1989,34,69.25524906617754,0.0,0.4432509812437585,0.9760678921595202,533.291
1989,35,69.25524906617753,0.0,0.440840110815688,0.9688663659360994,533.291
1989,36,69.25524906617754,0.0,0.43850438768852035,0.9619188651021287,533.291
1989,37,69.25524906617754,0.0,0.4362414591224819,0.9552153969411324,533.291
1989,38,69.25524906617754,0.0,0.43404903849900855,0.9487464083167797,533.291
1989,39,69.25524906617754,0.0,0.4319249045511705,0.9425027645046031,533.291
1989,40,69.25524906617754,0.0,0.4298669004686033,0.9364757291041007,533.291
1989,41,69.25524906617754,0.0,0.42787293289508255,0.9306569449743883,533.291
1989,42,69.25524906617754,0.0,0.4259409708351449,0.9250384161396078,533.291
1989,43,69.25524906617754,0.0,0.4240690444845585,0.9196124906131653,533.291
1989,44,69.25524906617754,0.0,0.42225524399797515,0.9143718440925921,533.291
1989,45,69.25524906617753,0.0,0.42049771820574017,0.909309464479388,533.291
1989,46,69.25524906617754,0.0,0.4187946732905935,0.9044186371806366,535.033
1989,47,69.28103615328268,0.0,0.4172388645165386,0.8999631545668458,536.545
1989,48,69.28103615328268,0.0,0.4156543858544377,0.8954377769294743,536.545
1989,49,69.2810361532827,0.0,0.4141188960019583,0.8910640069870523,536.545
1989,50,69.2810361532827,0.0,0.4126308311262138,0.8868362484031157,536.545
1989,51,69.2810361532827,0.0,0.41118867738823583,0.8827491362885753,536.661
1989,52,69.28103615328268,0.0,0.4097916742351553,0.8787995164814743,537.6239999999999
1989,53,69.2810361532827,0.0,0.40844356120967623,0.8749969728882036,538.3219999999999
1989,54,69.28103615328268,0.0,0.4071411994252734,0.8713316977774573,538.3219999999999
1989,55,69.2810361532827,0.0,0.4058788480344887,0.8677867014641886,538.3219999999999
1989,56,69.2810361532827,0.0,0.4046552328128754,0.8643576676613175,538.3219999999999
1989,57,69.28103615328268,0.0,0.4034691210624749,0.8610404531912417,539.8149999999999
1989,58,69.2810361532827,0.0,0.4023286635539953,0.857857134541369,541.3525
1989,59,69.28103615328268,0.0,0.40123278124225414,0.8548039547146069,541.3525
1989,60,69.2810361532827,0.0,0.4001703821742796,0.8518493906394239,541.3525
1989,61,69.28103615328268,0.0,0.39914040522247024,0.8489899851312183,541.3525
1989,62,69.28103615328268,0.0,0.39814182404587384,0.8462224159077084,541.3525
1989,63,69.2810361532827,0.0,0.39717364596370963,0.8435434896922837,547.0564999999999
1989,64,70.00686194751916,0.0,0.3987443360808225,0.8478917289445667,556.8159999999999
1989,65,70.00686194751916,0.0,0.39780654694475315,0.8452942245087449,557.329
1989,66,70.00686194751916,0.0,0.3969005835835051,0.8427887102756124,557.329
1989,67,70.00686194751916,0.0,0.3960220631012521,0.8403626833797141,557.329
1989,68,70.00686194751916,0.0,0.395170124063275,0.8380134288222171,557.329
1989,69,70.00686194751916,0.0,0.3943439331945948,0.8357383342567487,557.329
1989,70,70.00686194751917,0.0,0.3935426844433615,0.8335348856366254,560.5029999999999
1989,71,76.40832466190582,0.0,0.4137670945350258,0.8900635312806044,570.4435
1989,72,76.40832466190582,0.0,0.412060339642695,0.8852182579818336,576.0235
1989,73,78.07450440145323,0.0,0.41530348109248194,0.8944372290947041,582.496
1989,74,84.34769985335316,0.0,0.43103464671093905,0.9398928953976681,594.582
1989,75,85.7424504547533,0.0,0.4320795552049204,0.9429565534184573,603.333
1989,76,85.7424504547533,0.0,0.42952129075188406,0.9354657163938576,606.512
1989,77,86.75388226301375,0.0,0.429540811029679,0.9355227463099977,616.2795
1989,78,86.75388226301375,0.0,0.427071923513804,0.9283251518538538,623.415
1989,79,86.75388226301375,0.0,0.42471180311944834,0.9214735863056213,623.415
1989,80,86.89602621019324,0.0,0.4227553735482531,0.9158152327768937,625.8075
1989,81,86.89602621019324,0.0,0.4205237118109189,0.9093842245766444,625.8075
1989,82,86.89602621019324,0.0,0.41835541139928256,0.903159483824098,625.8075
1989,83,86.89602621019324,0.0,0.4162485119330337,0.8971332014185984,629.453
1989,84,86.89602621019324,0.0,0.4142214126640734,0.8913556635238864,636.6125
1989,85,98.40322856794211,0.0,0.4386190567270263,0.9622592677294526,650.4544999999999
1989,86,109.1200049939452,0.0,0.45654623729329413,1.0163510820942279,665.8214999999999
1989,87,117.03643531325258,0.0,0.4662818905929975,1.0464791073464976,683.4724999999999
1989,88,120.96894484229911,0.0,0.4680484267201519,1.0520047024220347,701.9414999999999
1989,89,124.90565228914767,0.0,0.4693184905312594,1.0559887192211066,715.4364999999999
1989,90,128.89771220094536,0.0,0.4702611642172938,1.058951927595889,725.1639999999999
1989,91,130.31696671389122,0.0,0.46748671800991376,1.0502457316753893,730.4219999999999
1989,92,130.31696671389122,0.0,0.4674867180099137,1.0502457316753893,733.5999999999999
1989,93,131.52005328672522,0.0,0.46950410052301805,1.0565717508363883,741.2939999999999
1989,94,135.81683233804344,0.0,0.47644003792860046,1.0785061908371283,751.6549999999999
1989,95,148.347833806733,0.0,0.4953715913162462,1.1398882415783724,763.4954999999999
1989,96,154.446580541934,0.0,0.503908142642524,1.168323621864485,771.4459999999999
1989,97,154.446580541934,0.0,0.503908142642524,1.168323621864485,777.1339999999999
1989,98,154.446580541934,0.0,0.503908142642524,1.168323621864485,781.0154999999999
1989,99,156.4672676231708,0.0,0.5064957498258166,1.1770396797288514,786.1294999999999
1989,100,156.4672676231708,0.0,0.5064957498258166,1.1770396797288514,787.1839999999999
1989,101,156.4672676231708,0.0,0.5064957498258166,1.1770396797288514,787.1839999999999
1989,102,156.4672676231708,0.0,0.5064957498258166,1.1770396797288514,789.1434999999999
1989,103,160.99708148873123,0.0,0.5120327683377921,1.1958450393611901,796.0679999999999
1989,104,160.99708148873123,0.0,0.5120327683377921,1.1958450393611901,800.3359999999999
1989,105,174.49981903117094,0.0,0.5273187306967497,1.2488899448030444,810.6114999999999
1989,106,190.48167339870665,0.0,0.5435131412731729,1.3069922772971265,821.5739999999998
1989,107,205.45503000769068,0.0,0.5556513265237942,1.3519095401917083,832.6789999999999
1989,108,213.9734580965433,0.0,0.5603444243186385,1.3696060685773694,845.6414999999998
1989,109,216.98570602526078,0.0,0.560084900593059,1.3686225443025497,852.2254999999998
1989,110,219.69516585414317,0.0,0.5594749741957186,1.3663133715852374,860.0024999999998
1989,111,228.54921808882807,0.0,0.5627605666041581,1.3787905523711246,869.8219999999998
1989,112,247.89210219312088,0.0,0.5713633497171547,1.411909479954512,882.4534999999997
1989,113,261.2910258041547,0.0,0.5746354859622662,1.4246813292772162,897.5269999999997
1989,114,273.7374351723933,0.0,0.5761541392010248,1.4306423761613827,909.4329999999997
1989,115,287.99874443549845,0.0,0.5773617930347223,1.4353979476640908,924.3134999999996
1989,116,302.4559198150165,0.0,0.5774002710447156,1.4355496919575599,945.8179999999996
1989,117,318.9327048511551,0.0,0.5763863693268716,1.4315558126697419,965.5544999999996
1989,118,334.80583118075856,0.0,0.5737399298260538,1.4211760427032691,985.6889999999996
1989,119,344.4709111615033,0.0,0.5693507674022289,1.4041022761853732,1002.8269999999997
1989,120,352.038070778871,0.7678144625088952,0.5645188281413324,1.3855061950235676,1019.3784999999997
1989,121,368.74450993426854,7.729944539868203,0.5597837794420689,1.367482104022375,1032.4044999999996
1989,122,383.6339172412069,17.629131536916415,0.5550551763153624,1.3496749937057018,1044.8719999999996
1989,123,392.0969331962676,25.26551233354758,0.5504239930484843,1.3324172452466618,1053.9229999999995
1989,124,403.9372469323813,37.105826069661234,0.5384960359507585,1.2887743926449537,1064.0439999999996
1989,125,413.65103651586065,46.81961565314063,0.5249630270567974,1.2406044003358916,1076.6099999999997
1989,126,429.78051295897774,62.94909209625767,0.51019851932445,1.1895918524131939,1091.1839999999997
1989,127,439.76955708452573,72.93813622180568,0.49946357950141396,1.1534581910756632,1099.8654999999997
1989,128,439.76955708452573,72.93813622180568,0.4900936881349139,1.1225471206073456,1105.1059999999998
1989,129,446.49545548596103,79.66403462324098,0.47928250674309114,1.0875793728730878,1114.4544999999998
1989,130,450.3850662614158,83.55364539869572,0.46677166924757246,1.048009264408254,1126.667
1989,131,463.40791684084786,96.57649597812784,0.4557604482542307,1.0139429609650847,1136.87
1989,132,475.69096057123227,108.85953970851216,0.4450755449873848,0.9815388193247698,1146.5825
1989,133,483.4053857699224,116.57396490720237,0.43461428253298073,0.9504118249621611,1155.8405
1989,134,487.33124396381544,120.49982310109539,0.42306469126323415,0.9167085588893882,1167.219
1989,135,495.9297965316956,129.0983756689755,0.4120753825848885,0.8852609016283796,1177.9045
1989,136,506.64478811525527,139.81336725253522,0.39990300476391427,0.8511066301742419,1190.6295
1989,137,516.4854670673805,149.65404620466043,0.38724940198046653,0.8163288010238675,1204.403
1989,138,526.5667614551396,159.73534059241953,0.37367645465931687,0.7798136596809538,1220.323
1989,139,531.9187571448872,165.08733628216714,0.35912599282802826,0.7415373300920879,1239.3745000000001
1989,140,535.4116028562596,168.58018199353958,0.3443828074544706,0.7036303471955127,1259.8315000000002
1989,141,540.5725667987075,173.74114593598745,0.3301879052944723,0.6679301026592682,1279.9135000000003
1989,142,547.4351684660578,180.60374760333772,0.3173505024283816,0.6362895530811509,1297.4185000000004
1989,143,549.1411256331803,182.3097047704602,0.3046281093311656,0.6055141367363642,1315.6515000000004
1989,144,554.0645946023246,187.23317373960444,0.2922353926345864,0.5760728600720343,1334.1055000000003
1989,145,557.4776716592138,190.6462507964937,0.2798448480274325,0.5471476688927256,1353.8225000000004
1989,146,558.9325277315066,192.1011068687866,0.26681734976162463,0.5172673772746497,1376.9480000000005
1989,147,562.1267481343752,195.2953272716552,0.25530459811772377,0.49130000123509426,1396.9090000000006
1989,148,564.8421089939712,198.01068813125113,0.24545457140244342,0.4693996539743322,1412.8160000000005
1989,149,567.1489096948351,200.317488832115,0.2369242626068495,0.45066331664237086,1426.2120000000004
1989,150,568.2113667811975,201.37994591847746,0.2265198407894589,0.42809209993850905,1446.6320000000005
1989,151,569.5063668749876,202.67494601226753,0.21522205443575282,0.4039241218470127,1472.0525000000005
1989,152,570.4809462914362,203.64952542871617,0.2042595301599528,0.3808036486930244,1498.3005000000005
1989,153,571.1772205549357,204.34579969221568,0.1943305824768553,0.36013628761204153,1522.5725000000004
1989,154,571.9378292772174,205.10640841449725,0.1857467987769189,0.34247317222416246,1543.1785000000004
1989,155,572.2269860498691,205.395565187149,0.17756832723232296,0.3258164540270276,1563.7350000000004
1989,156,572.6371789307823,205.80575806806223,0.17055654303192325,0.3116672281220172,1580.6455000000003
1989,157,572.8944634828781,206.06304262015803,0.16355807431406344,0.2976636438763608,1598.9525000000003
1989,158,573.1475610222396,206.31614015951965,0.15666903600014537,0.2839929923649431,1618.2740000000003
1989,159,573.3452597191676,206.51383885644756,0.14989074150548443,0.2706506639215734,1638.6530000000002
1989,160,573.4772986037584,206.64587774103836,0.14337243658426313,0.2579200610349821,1659.3380000000002
1989,161,573.5629627593938,206.7315418966739,0.13717567301665679,0.24590694912271963,1679.9385000000002
1989,162,573.6040629445332,206.77264208181313,0.13202935288417106,0.23599563596736162,1696.0915000000002
1989,163,573.6344674908831,206.80304662816312,0.1270429660977901,0.22644823493428873,1712.6070000000002
1989,164,573.6365976537644,206.8051767910443,0.12170610227468859,0.21629000984698574,1732.6695000000002
1989,165,573.6365976537644,206.8051767910443,0.11644133832051806,0.2063293208430246,1753.8680000000002
1989,166,573.6365976537644,206.8051767910443,0.11162258330208563,0.19726434580152913,1773.7135
1989,167,573.6365976537643,206.8051767910443,0.10726979151291127,0.1891181031801297,1791.809
1989,168,573.6365976537643,206.8051767910443,0.10357998656823897,0.18224368475397784,1806.5475
1989,169,573.6365976537643,206.8051767910443,0.09964287182825937,0.1749396421433612,1824.166
1989,170,573.6365976537643,206.8051767910443,0.09539961270640163,0.16710332300087688,1845.5304999999998
1989,171,573.6365976537644,206.8051767910443,0.09127870738319521,0.15952806766855682,1867.5024999999998
1989,172,573.6365976537643,206.8051767910443,0.08739678090873691,0.15242347185061927,1889.0734999999997
1989,173,573.6365976537643,206.8051767910443,0.08363117620217664,0.14556058213448145,1911.2024999999996
1989,174,573.6365976537643,206.8051767910443,0.0798010758272759,0.13860901730794808,1935.5644999999997
1989,175,573.6365976537643,206.8051767910443,0.07606027780161517,0.1318474086407142,1960.8729999999998
1989,176,573.6365976537643,206.8051767910443,0.0725078722274477,0.12545162018888256,1986.1484999999998
1989,177,573.6365976537643,206.8051767910443,0.06920134917500076,0.11952049505665763,2010.6659999999997
1989,178,573.6365976537643,206.8051767910443,0.06588135508550341,0.11358636667398972,2037.1204999999998
1989,179,573.6365976537643,206.8051767910443,0.06281778324314935,0.10812924565528477,2062.5235
1989,280,10.5,0.0,0.0,0.14469,0.0
1989,281,10.5,0.0,0.0,0.14469,0.0
1989,282,10.5,0.0,0.0,0.14469,0.0
1989,283,10.5,0.0,0.0,0.14469,0.0
1989,284,10.5,0.0,0.0,0.14469,0.0
1989,285,10.5,0.0,0.0,0.14469,0.0
1989,286,10.5,0.0,0.0,0.14469,0.0
1989,287,10.5,0.0,0.08315238656939639,0.14469,0.0
1989,288,11.47730384733087,0.0,0.09845428382974852,0.17274087733086996,21.689
1989,289,12.471203429168998,0.0,0.11503977468737714,0.20368763022293299,42.9235
1989,290,13.31526933695974,0.0,0.13304120723828972,0.23793971977386313,63.802
1989,291,13.456216025797865,0.0,0.1437208092422555,0.2585979976514908,75.458
1989,292,13.976089350468344,0.0,0.14946505913605446,0.26981630876274454,81.3275
1989,293,14.02047237802661,0.0,0.15287767029200827,0.27651694618771555,84.891
1989,294,14.035458636021952,0.0,0.15437981197836348,0.27947495085553437,86.4585
1989,295,14.76830492399276,0.0,0.16274833465709282,0.2960509637448472,93.733
1989,296,15.481365081987818,0.0,0.17330934981465784,0.3172078609851495,102.7
1989,297,17.003377747238755,0.0,0.19233234267325672,0.3560077004400184,117.83250000000001
1989,298,18.861704113724713,0.0,0.21589371398584245,0.40535116487458733,135.947
1989,299,20.39881469872654,0.0,0.24094604916132087,0.45947070439798304,154.653
1989,300,22.970866136136443,0.0,0.2641463257448722,0.5112066536206264,171.27249999999998
1989,301,25.795978802883862,0.0,0.2869582205942597,0.5636921060709421,187.80849999999998
1989,302,28.54224084580747,0.0,0.3079208894300478,0.6134250137763475,203.34099999999998
1989,303,31.516726345748715,0.0,0.32999948830298687,0.6674613381175529,219.67
1989,304,34.70099534662696,0.0,0.342182966136503,0.698047417268385,236.355
1989,305,36.25475591136745,0.0,0.34612322610880597,0.7080606073411111,248.03449999999998
1989,306,37.31070691725519,0.0,0.34769888527339377,0.7120816521074579,255.16049999999998
1989,307,38.28940944363028,0.0,0.34894913218702284,0.7152791697743616,261.88349999999997
1989,308,38.28940944363028,0.0,0.3456889027900625,0.7069539280322851,262.94899999999996
1989,309,39.255411497983324,0.0,0.34719660954209064,0.7107988027159448,269.4865
1989,310,40.745681696687036,0.0,0.3511490247765102,0.7209203513283958,281.373
1989,311,43.814505325047264,0.0,0.36210464648199203,0.7493017196493138,293.077
1989,312,45.09923067154117,0.0,0.36431517658945056,0.7550873319133748,301.4585
1989,313,45.90279012201607,0.0,0.3643638646392472,0.7552149892907518,309.915
1989,314,47.0295421349581,0.0,0.36589254009435446,0.759228072980452,315.6845
1989,315,48.13491490417799,0.0,0.3673132465070277,0.7629663992039258,320.8345
1989,316,50.50142239930166,0.0,0.3741171292445775,0.780986721347114,330.78499999999997
1989,317,52.24010264599704,0.0,0.3778509118460831,0.7909592056643481,338.407
1989,318,56.04296330343149,0.0,0.3897947467639544,0.8232664961614861,352.623
1989,319,56.940534252898416,0.0,0.38934367543608583,0.8220349305289422,367.67
1989,320,57.227931590717255,0.0,0.3866276169513314,0.8146384184330063,376.85900000000004
1989,321,57.227931590717255,0.0,0.3830020926650157,0.8048160779333302,377.098
1989,322,57.227931590717255,0.0,0.3795853670653553,0.7956121027789594,377.098
1989,323,57.227931590717255,0.0,0.37637071551876944,0.7869986375665681,377.098
1989,324,57.22793159071726,0.0,0.3733528543890825,0.7789527715538647,379.647
1989,325,60.15686584937377,0.0,0.38264474072470267,0.8038510598170592,390.251
1989,326,60.156865849373766,0.0,0.3795628205528686,0.7955515354808496,393.5025
1989,327,60.156865849373766,0.0,0.37669844844264444,0.7878747431797789,394.133
1989,328,60.156865849373766,0.0,0.3740290587673383,0.7807522145260004,394.133
1989,329,60.156865849373766,0.0,0.37144636865507086,0.7738898705022851,394.133
1989,330,60.68124511163021,0.0,0.3711390584693355,0.7730752089512921,399.83799999999997
1989,331,60.74181961971895,0.0,0.3689163498542948,0.7671947627381847,404.55499999999995
1989,332,61.493477958720476,0.0,0.3696753895859868,0.7692005627820419,414.9145
1989,333,61.57481142907942,0.0,0.3676523292588597,0.7638598735986588,423.205
1989,334,61.574811429079425,0.0,0.36541175358725364,0.7579648687628664,423.205
1989,335,61.57481142907942,0.0,0.36324380233446263,0.7522807198178803,424.0385
1989,336,61.57481142907942,0.0,0.36115057919769833,0.7468108342845204,425.648
1989,337,61.57481142907942,0.0,0.35913389758808023,0.7415578874577947,425.648
1989,338,61.57481142907942,0.0,0.3571825596368903,0.7364908560356571,425.648
1989,339,61.57481142907942,0.0,0.35529442522394006,0.7316025660289821,425.648
1989,340,61.57481142907942,0.0,0.35346742147812416,0.7268861498244336,428.98600000000005
1989,341,61.65939492850238,0.0,0.35207928070989636,0.7233115614822849,431.52250000000004
1989,342,61.65939492850238,0.0,0.3503838735647946,0.718956108775767,431.52250000000004
1989,343,61.65939492850238,0.0,0.3487432948139628,0.7147523168274801,431.52250000000004
1989,344,61.65939492850238,0.0,0.3471557401832243,0.7106944627768835,431.52250000000004
1989,345,61.65939492850238,0.0,0.3456194639788943,0.7067770622999507,431.52250000000004
1989,346,61.65939492850238,0.0,0.3441327774526661,0.702994858630148,431.52250000000004
1989,347,61.65939492850238,0.0,0.34269404717689067,0.6993428121257228,431.52250000000004
1989,348,61.65939492850238,0.0,0.34130169343474703,0.6958160903547668,431.52250000000004
1989,349,61.65939492850238,0.0,0.33995418862919946,0.6924100586710499,431.52250000000004
1989,350,61.65939492850238,0.0,0.33865005571407836,0.6891202712550657,431.52250000000004
1989,351,61.65939492850238,0.0,0.3373878666501262,0.6859424625960965,431.52250000000004
1989,352,61.65939492850238,0.0,0.3361662408884041,0.6828725393923967,431.52250000000004
1989,353,61.65939492850238,0.0,0.33498384388304836,0.679906572847817,431.52250000000004
1989,354,61.65939492850238,0.0,0.33383938563501236,0.677040791344347,431.52250000000004
1989,355,61.65939492850238,0.0,0.33273161926810135,0.6742715734711451,431.52250000000004
1989,356,61.65939492850238,0.0,0.3316593396383253,0.6715954413916609,431.52250000000004
1989,357,61.65939492850238,0.0,0.3306213819773385,0.6690090545314327,431.52250000000004
1989,358,61.65939492850238,0.0,0.3296166205705087,0.6665092035700657,431.52250000000004
1989,359,61.65939492850238,0.0,0.3286439674699593,0.6640928047217775,431.52250000000004
1989,360,61.65939492850238,0.0,0.32770237124275037,0.6617568942897181,431.52250000000004
1989,361,61.65939492850238,0.0,0.3267908157542143,0.6594986234800648,431.52250000000004
1989,362,61.65939492850238,0.0,0.32590831898631956,0.6573152534626252,431.52250000000004
1989,363,61.65939492850238,0.0,0.32505393189082876,0.6552041506653905,431.52250000000004
1989,364,61.692388409832816,0.0,0.3243805221277931,0.6535421066403373,433.17
1989,365,61.729970568265024,0.0,0.32375770896654166,0.652006414112099,436.447
1990,1,61.72997056826503,0.0,0.3229969836407224,0.6501325843346594,438.6735
1990,2,61.72997056826503,0.0,0.3222744012185593,0.6483546575415233,438.6735
1990,3,61.72997056826503,0.0,0.3215747668918123,0.6466350002773398,439.20099999999996
1990,4,61.86679665581583,0.0,0.32154069471663127,0.6465512983011727,444.013
1990,5,62.19720746417311,0.0,0.3224243858287107,0.6487235413717505,449.71849999999995
1990,6,62.19720746417312,0.0,0.32175433703123024,0.6470762031782198,449.71849999999995
1990,7,62.19720746417312,0.0,0.3211055116455286,0.6454825936690336,450.0635
1990,8,62.19720746417311,0.0,0.32047945196758776,0.6439463431969827,452.76349999999996
1990,9,62.19720746417312,0.0,0.31989074523045735,0.6425030415651524,456.02049999999997
1990,10,62.75469288691919,0.0,0.3219131480558953,0.6474664983888822,461.147
1990,11,62.75469288691919,0.0,0.3212898669502655,0.6459352421622289,462.048
1990,12,62.928507253957235,0.0,0.32148427815654723,0.6464127141735144,465.108
1990,13,62.928507253957235,0.0,0.32088675972217917,0.6449456504184435,465.108
1990,14,62.928507253957235,0.0,0.32030807827026675,0.6435260662546561,465.108
1990,15,62.928507253957235,0.0,0.319747627887655,0.6421523570106381,466.4115
1990,16,64.62453814003166,0.0,0.32690298780456495,0.6597763514117609,473.6315
1990,17,66.24496106876705,0.0,0.33312926857522906,0.6752650963486314,484.74100000000004
1990,18,66.68882575195849,0.0,0.3339135154865084,0.677226267075876,497.29550000000006
1990,19,67.19903195531705,0.0,0.33496210884043,0.6798521012703529,504.4945000000001
1990,20,67.19903195531705,0.0,0.33387550203033434,0.6771311533722053,504.4945000000001
1990,21,67.21653551613441,0.0,0.33289446341802853,0.6746783663713525,507.5300000000001
1990,22,67.32383661813459,0.0,0.33233066171595294,0.6732703842808326,510.5065000000001
1990,23,67.32383661813459,0.0,0.3313557118510544,0.670838445104782,513.8560000000001
1990,24,67.32383661813459,0.0,0.33043331816017585,0.6685408655809738,517.2480000000002
1990,25,69.58533802687636,0.0,0.3387481727919751,0.68936755424982,524.3055000000002
1990,26,69.58533802687636,0.0,0.33749962270739875,0.6862235860394266,527.4570000000002
1990,27,69.58533802687636,0.0,0.33630989755383167,0.6832332527228017,527.4570000000002
1990,28,69.87360808355098,0.0,0.3362848776802487,0.6831704236958671,533.6455000000002
1990,29,69.87360808355098,0.0,0.335151651767716,0.6803271868402189,534.8595000000003
1990,30,69.87360808355098,0.0,0.3340611711801854,0.6775957687983127,535.9090000000002
1990,31,69.87360808355098,0.0,0.3330110382823228,0.6749696372539363,538.0870000000002
1990,32,69.87360808355098,0.0,0.3320076638033752,0.6724642971180794,539.9340000000002
1990,33,70.0683741032127,0.0,0.3317978930332537,0.6719409931111459,545.5415000000002
1990,34,70.37713718757315,0.0,0.3320408805491013,0.6725471762416495,550.2475000000002
1990,35,70.44402120679314,0.0,0.33136178827396234,0.6708535913009137,553.0125000000002
1990,36,70.44402120679314,0.0,0.33046620220172473,0.6686227216280133,554.4110000000002
1990,37,70.44402120679314,0.0,0.32960765232322053,0.666486907404478,556.8010000000002
1990,38,70.44402120679314,0.0,0.3287921204167227,0.6644606405867423,560.7445000000001
1990,39,72.32047397612718,0.0,0.33493257534922694,0.679778088356095,566.6000000000001
1990,40,76.19915805754917,0.0,0.3474698294169404,0.7114965040213028,575.5655000000002
1990,41,79.66536919942196,0.0,0.35706424930012215,0.7361841348133562,586.2405000000001
1990,42,79.66536919942197,0.0,0.35496750810592714,0.7307576473759556,588.4905000000001
1990,43,79.66536919942197,0.0,0.352946071018182,0.7255427259788029,590.9535000000001
1990,44,79.66536919942196,0.0,0.3509990506503662,0.7205351658179587,594.9975000000001
1990,45,82.51288318123719,0.0,0.35770223894707165,0.7378388009201204,607.613
1990,46,82.51288318123719,0.0,0.3555368804292503,0.7322294692657526,610.8415000000001
1990,47,82.51288318123719,0.0,0.3534540134945541,0.7268515863572341,611.6520000000002
1990,48,82.51288318123719,0.0,0.35143643493514976,0.7216587690415116,612.5425000000001
1990,49,82.51288318123719,0.0,0.3494826383800437,0.7166454862194908,612.5425000000001
1990,50,82.51288318123719,0.0,0.34758513097201793,0.7117910286995527,614.8245000000002
1990,51,82.51288318123719,0.0,0.34575644704682007,0.7071259862055506,614.8460000000001
1990,52,82.51288318123719,0.0,0.34398031175045585,0.7026074631881529,614.8460000000001
1990,53,82.51288318123719,0.0,0.3422549525126708,0.6982298142763764,618.9885000000002
1990,54,82.90477205617037,0.0,0.3417256430820472,0.6968891312606253,627.2115000000001
1990,55,82.90477205617037,0.0,0.34011675728591273,0.6928206076497547,629.8610000000001
1990,56,82.90477205617037,0.0,0.3385709449433335,0.6889209162837553,629.8610000000001
1990,57,82.90477205617037,0.0,0.33706881883476103,0.6851401555520522,629.8610000000001
1990,58,82.90477205617037,0.0,0.33560903469337144,0.6814741660160735,629.8610000000001
1990,59,82.90477205617037,0.0,0.33419029244552423,0.6779189561023639,632.7290000000002
1990,60,82.90477205617037,0.0,0.3328306338575785,0.6745189050780103,632.7290000000002
1990,61,82.90477205617037,0.0,0.3315089982882201,0.671220571578195,632.7290000000002
1990,62,82.90477205617037,0.0,0.3302242278695545,0.6680204851218907,637.2810000000002
1990,63,82.90477205617037,0.0,0.3290064219899468,0.6649928547185648,639.3020000000001
1990,64,82.90477205617037,0.0,0.32783644151681934,0.6620892957895052,639.3020000000001
1990,65,83.93815283574695,0.0,0.32958088530825247,0.6664203630872918,645.5400000000002
1990,66,83.93815283574695,0.0,0.32835816964947007,0.6633834518312466,648.2965000000002
1990,67,83.93815283574695,0.0,0.3271883354124464,0.6604830551603859,649.4640000000002
1990,68,84.43087903128266,0.0,0.32738427871568376,0.6609685100839297,656.0460000000002
1990,69,91.716671968461,0.0,0.3451064391915024,0.7054709318905114,668.6895000000002
1990,70,93.86544697354194,0.0,0.34800891324779326,0.7128739796239628,682.4395000000002
1990,71,100.59071738996195,0.0,0.3602016293734198,0.7443369969362866,702.2185000000002
1990,72,105.28887805148594,0.0,0.36641916415413633,0.7606128089912438,722.6245000000001
1990,73,111.30564881874807,0.0,0.3737910179931872,0.7801185442027487,742.3110000000001
1990,74,116.20362639058305,0.0,0.3780215780048619,0.7914164636181001,761.7990000000002
1990,75,118.08880927196508,0.0,0.3770588661392158,0.7888387547398513,778.0740000000002
1990,76,125.30770983453769,0.0,0.38297087106964944,0.8047317426784953,789.2365000000002
1990,77,129.49959061882817,0.0,0.38407893327448195,0.8077274368194136,798.1140000000003
1990,78,129.49959061882817,0.0,0.3799386469715842,0.7965614155690437,802.6165000000003
1990,79,129.49959061882817,0.0,0.37592978160763635,0.7858206457812236,803.7680000000004
1990,80,129.49959061882817,0.0,0.3720330535647335,0.7754462449399484,803.7680000000004
1990,81,129.49959061882817,0.0,0.3682398077496203,0.7654089991394312,809.5820000000003
1990,82,132.15810517644485,0.0,0.3675895164110784,0.7636943271985613,819.8255000000004
1990,83,132.15810517644485,0.0,0.3638918648421645,0.7539778437689233,824.7915000000004
1990,84,132.15810517644485,0.0,0.36031477132700285,0.7446317563583426,824.7915000000004
1990,85,132.15810517644485,0.0,0.3568310657172439,0.7355797682892409,825.7230000000004
1990,86,132.15810517644488,0.0,0.35344238620080826,0.7268216137813236,827.7395000000004
1990,87,132.15810517644488,0.0,0.350151042934875,0.7183588614022965,828.8630000000004
1990,88,132.15810517644485,0.0,0.3469498160899436,0.7101688355692205,832.5290000000005
1990,89,132.81039671713668,0.0,0.34453170353007145,0.7040089039397487,839.4555000000005
1990,90,133.4543022415317,0.0,0.34215067890994033,0.6979656153068475,848.6395000000005
1990,91,135.06593721332894,0.0,0.34074311231474197,0.6944033434068504,858.8080000000004
1990,92,140.9036613418437,0.0,0.3470934236352597,0.7105353804918483,870.6975000000004
1990,93,142.94388028135856,0.0,0.3491096054818694,0.7156900262400157,879.4970000000004
1990,94,142.94388028135856,0.0,0.3491096054818694,0.7156900262400157,883.0510000000004
1990,95,142.94388028135856,0.0,0.3491096054818694,0.7156900262400157,887.8640000000004
1990,96,143.36279862983275,0.0,0.34946689204795545,0.7166051436079952,893.5685000000004
1990,97,143.36279862983275,0.0,0.34946689204795545,0.7166051436079952,894.7490000000005
1990,98,143.36279862983275,0.0,0.3494668920479554,0.7166051436079952,895.3120000000005
1990,99,143.36279862983275,0.0,0.34946689204795545,0.7166051436079952,901.2235000000005
1990,100,145.96553228531135,0.0,0.3514127653875185,0.7215979445852243,910.2725000000005
1990,101,146.532865825677,0.0,0.35179636424443883,0.7225839654795059,917.8100000000005
1990,102,146.532865825677,0.0,0.35179636424443883,0.7225839654795059,920.8005000000005
1990,103,146.532865825677,0.0,0.35179636424443883,0.7225839654795059,922.2270000000005
1990,104,146.7073097496341,0.0,0.35189811038189833,0.7228455965422371,927.8410000000006
1990,105,148.57715762012936,0.0,0.35290651353483693,0.7254408378350844,935.8080000000006
1990,106,151.37869846160316,0.0,0.35424215449277185,0.7288844960502674,943.4760000000006
1990,107,159.45853684328512,0.0,0.3576031808883744,0.7375817798859046,953.5380000000006
1990,108,166.71485864895956,0.0,0.3600483842491783,0.7439378431260234,961.7750000000005
1990,109,166.71485864895956,0.0,0.3600483842491783,0.7439378431260234,965.7550000000006
1990,110,174.11497173659055,0.0,0.3618431038974286,0.748618512023859,974.9990000000006
1990,111,177.6391994150538,0.0,0.3624477940368913,0.7501985226594358,988.9250000000006
1990,112,186.88563435195954,0.0,0.3630518314922955,0.7517783247338531,1004.6315000000006
1990,113,200.85606593925883,1.8977168164729996,0.3630518314922955,0.7517783247338531,1017.4185000000007
1990,114,214.02743874950417,6.894935660680211,0.3630518314922955,0.7517783247338531,1033.9315000000006
1990,115,226.53671330687925,15.575538251861476,0.3630518314922955,0.7517783247338531,1055.0385000000006
1990,116,239.08816849724235,28.126993442224563,0.3514554728066663,0.7217076929300488,1077.5380000000005
1990,117,251.6223224493667,40.66114739434891,0.34059302385345797,0.694023948106176,1098.8070000000005
1990,118,263.79029052955883,52.829115474541055,0.329949080829819,0.6673359512057011,1120.1475000000005
1990,119,269.0581597791844,58.09698472416661,0.31986696420340344,0.6424447651163626,1140.6220000000005
1990,120,279.92564884200686,68.96447378698909,0.31181284072677173,0.6228240736931988,1156.0275000000006
1990,121,284.66007346312267,73.69889840810494,0.30355545891177804,0.6029451901251084,1172.4655000000007
1990,122,294.6992798378123,83.73810478279455,0.2974853645023465,0.5884817409043873,1184.4595000000006
1990,123,303.679050776114,92.71787572109622,0.29198126048070727,0.5754745289851776,1195.5110000000006
1990,124,304.8931974394062,93.93202238438845,0.2861939124614381,0.5619065660152941,1207.2995000000005
1990,125,311.65226657125197,100.69109151623422,0.2788423139740407,0.5448291016609573,1222.5935000000006
1990,126,318.7199257933398,107.75875073832209,0.27302793328865493,0.5314453747786559,1234.8760000000007
1990,127,328.68728688626544,117.72611183124766,0.26681318458853687,0.517257909053565,1248.2240000000006
1990,128,339.547855958057,128.58668090303922,0.25957626251833044,0.5008877307478378,1264.4600000000007
1990,129,349.67931048199375,138.718135426976,0.25157158591227535,0.48296619809587804,1283.7655000000007
1990,130,358.79881353612467,147.8376384811069,0.24346333848537316,0.46500714152100453,1303.1355000000005
1990,131,365.5866623003876,154.62548724536984,0.2368214685162446,0.4504388147515732,1317.4260000000006
1990,132,373.37289104148226,162.41171598646446,0.23172303932336302,0.4393416416055186,1327.6200000000006
1990,133,374.7451601260302,163.7839850710125,0.22532795746884204,0.4255258501973545,1340.4685000000006
1990,134,377.19935755520794,166.2381825001902,0.21874031411318692,0.41141280012209797,1353.4790000000007
1990,135,381.46714943633157,170.50597438131382,0.21170482438578378,0.39647111820340303,1367.4680000000008
1990,136,384.07752885997206,173.1163538049543,0.20314532791332376,0.3784716008316809,1386.9865000000007
1990,137,386.5579078043455,175.59673274932769,0.19405716160874187,0.35957076516760045,1409.2415000000008
1990,138,392.15491657013905,181.19374151512125,0.18627143165244997,0.34354737117712064,1426.8905000000009
1990,139,397.82590377586564,186.86472872084784,0.17884307099955266,0.328401740112728,1443.657500000001
1990,140,399.5915084166178,188.6303333616,0.17144047651991579,0.31344433303309144,1461.023000000001
1990,141,402.8627909401281,191.90161588511037,0.1636958977166728,0.29793828888247004,1480.908000000001
1990,142,403.64105664202265,192.67988158700493,0.1577267187626048,0.2860845922650226,1494.112500000001
1990,143,405.7965246246994,194.83534956968163,0.15188767672545256,0.2745703254502728,1507.381500000001
1990,144,407.3818088546014,196.42063379958358,0.14636957575729626,0.263761562264259,1520.096500000001
1990,145,409.24151452917675,198.280339474159,0.14056173012550777,0.2524604628509474,1534.483500000001
1990,146,409.59167768730566,198.63050263228791,0.13458536354882122,0.24091089733762627,1550.7030000000009
1990,147,410.20582735102755,199.24465229600978,0.12869668961152003,0.22960855064183117,1567.815000000001
1990,148,411.2702252010012,200.30905014598343,0.12299639691633257,0.21874029699860081,1585.341000000001
1990,149,411.95760742635827,200.99643237134046,0.11749249483241853,0.20831330961943667,1603.245000000001
1990,150,413.05056333757443,202.0893882825567,0.11240714309908817,0.19873689268609254,1620.027000000001
1990,151,413.97916546367344,203.01799040865566,0.1081357265391183,0.1907355296280364,1633.4730000000009
1990,152,414.81197456628996,203.8507995112721,0.10386242667189395,0.18276889355448045,1647.7945000000009
1990,153,415.38812577954803,204.4269507245303,0.09897379849038956,0.17370156886635468,1667.8590000000008
1990,154,415.6142055009531,204.6530304459354,0.09391433160875262,0.16436903447688622,1691.230000000001
1990,155,416.0352425169306,205.07406746191288,0.08943611813755048,0.1561520349616361,1712.0310000000009
1990,156,416.2627142975039,205.30153924248614,0.08621513566065575,0.15026685569717405,1724.9055000000008
1990,157,416.48774522328966,205.5265701682719,0.08330861409566925,0.1449740181868826,1736.7050000000008
1990,158,416.6398992822791,205.67872422726128,0.07936244574791262,0.13781475866012602,1757.7660000000008
1990,159,416.8101613082931,205.84898625327534,0.07560686518110593,0.13102971207362896,1778.9680000000008
1990,160,416.90358617961914,205.94241112460136,0.07178484018290754,0.12415286636428426,1802.8630000000007
1990,161,417.02810571474663,206.0669306597289,0.06823749275839774,0.11779552887506853,1826.0580000000007
1990,162,417.1199143504981,206.15873929548036,0.06522380706018926,0.11241357364299946,1845.3725000000006
1990,163,417.19422209622104,206.2330470412033,0.06246553136577315,0.1075029254504477,1863.4365000000007
1990,164,417.2517909160639,206.29061586104612,0.05956049039591005,0.10234658263865239,1884.9620000000007
1990,165,417.2948463784095,206.33367132339174,0.056591107245661965,0.09709246982418285,1909.2665000000006
1990,166,417.3111593204793,206.34998426546156,0.05374529490381985,0.09207250313713407,1934.0940000000007
1990,167,417.32741367483055,206.36623861981278,0.05113823626989744,0.08748692696207995,1957.7415000000008
1990,168,417.337219431673,206.37604437665524,0.04865759410248682,0.08313538829366504,1981.5795000000007
1990,169,417.3424506248753,206.38127556985754,0.046117000269430886,0.07869042807804381,2008.4470000000008
1990,170,417.34462750213345,206.38345244711573,0.04385392805152366,0.07474097112917821,2033.087000000001
1990,171,417.3446275021335,206.38345244711573,0.041962054376229796,0.07144648764180755,2053.367000000001
1990,280,10.5,0.0,0.0,0.14469,0.0
1990,281,10.5,0.0,0.0,0.14469,0.0
1990,282,10.5,0.0,0.0,0.14469,0.0
1990,283,10.5,0.0,0.0,0.14469,0.0
1990,284,10.5,0.0,0.0,0.14469,0.0
1990,285,10.5,0.0,0.0,0.14469,0.0
1990,286,10.5,0.0,0.0,0.14469,0.0
1990,287,10.5,0.0,0.08315238656939639,0.14469,0.0
1990,288,11.361437927286486,0.0,0.0931475346699947,0.16295917393022222,14.554
1990,289,12.455675007230754,0.0,0.10196532922290469,0.17924433757010258,26.884999999999998
1990,290,13.265567953577358,0.0,0.11087750601255554,0.19586710741314434,39.269
1990,291,14.437967893564785,0.0,0.12721456380633633,0.22677588484454828,59.811499999999995
1990,292,14.83520628974741,0.0,0.13883396696814707,0.24911325951630894,73.865
1990,293,15.024230224645745,0.0,0.1436772088496352,0.2585131357608504,79.741
1990,294,16.569439079865063,0.0,0.15431771448727083,0.27935256491906973,90.887
1990,295,17.148021861128992,0.0,0.16711552270825122,0.3047672152593719,104.313
1990,296,18.313968702272298,0.0,0.17758052265959046,0.32584116837532784,114.7265
1990,297,18.703008989724896,0.0,0.18461695201099818,0.3401621310383369,122.0385
1990,298,19.976119542767044,0.0,0.1954730913215399,0.36250144234054205,132.163
1990,299,20.644886282535527,0.0,0.2018421185763415,0.3757480911763055,138.565
1990,300,20.644886282535527,0.0,0.20687213900336276,0.3862847221240465,143.73
1990,301,22.532623395643874,0.0,0.21950321444762474,0.4130410958029993,154.2865
1990,302,23.91144715052067,0.0,0.22833022199410902,0.43199761527493974,162.243
1990,303,23.91144715052067,0.0,0.23504768622935912,0.44656963673140515,168.6775
1990,304,26.3652119818505,0.0,0.25293655264284354,0.4860086020585055,182.497
1990,305,28.907674161523133,0.0,0.2724881669305421,0.5302083578019976,197.6665
1990,306,31.70888411735391,0.0,0.2920132608711834,0.5755498591797851,212.859
1990,307,34.0027465756794,0.0,0.30108082759786003,0.5970336277026158,229.63600000000002
1990,308,36.680717659975755,0.0,0.3116149480374377,0.6223448817576503,246.38500000000002
1990,309,37.75096464991394,0.0,0.313702630972175,0.6274071043913648,259.7825
1990,310,37.9867302064014,0.0,0.31170411206757587,0.6225607730550429,269.3115
1990,311,38.20553467192927,0.0,0.30981501234955333,0.6179926987976084,273.45700000000005
1990,312,38.84145178471275,0.0,0.310210046077547,0.6189469038991732,277.96150000000006
1990,313,38.841451784712746,0.0,0.30744831909504144,0.6122873570660657,278.68600000000004
1990,314,39.061237141979944,0.0,0.30600706930408106,0.6088225080738884,282.5425
1990,315,39.06123714197995,0.0,0.3035826012979833,0.6030101460393388,288.024
1990,316,39.06123714197995,0.0,0.3013634307980446,0.5977076692825536,292.0395
1990,317,39.06123714197995,0.0,0.29933770568977025,0.5928820941886301,296.45099999999996
1990,318,39.06123714197995,0.0,0.29750408550612883,0.5885261557637244,300.0685
1990,319,41.087571008300294,0.0,0.30674473449364204,0.6105949985364377,309.666
1990,320,44.5120747339233,0.0,0.32246458716713056,0.6488224295504815,324.8265
1990,321,46.78102694661882,0.0,0.33103429400271533,0.6700374695939032,338.55400000000003
1990,322,47.80460304287575,0.0,0.3331893824382657,0.6754153417905008,344.68
1990,323,48.53159355312156,0.0,0.33394710929523774,0.6773103268706226,350.45550000000003
1990,324,49.27650757942529,0.0,0.33486094078926754,0.6795985809866311,358.333
1990,325,51.756100408477266,0.0,0.3438222065075942,0.702205833489812,368.649
1990,326,54.79701117485154,0.0,0.35460876797019547,0.729830974639648,383.494
1990,327,57.19165561748445,0.0,0.36178398383317956,0.748464116016958,396.79900000000004
1990,328,59.58625085090807,0.0,0.36849590968369783,0.7660847667812997,404.7825
1990,329,61.972144538773804,0.0,0.37458293806976906,0.7822275878373425,413.32300000000004
1990,330,65.08183114368796,0.0,0.38290802906939725,0.8045620078490865,424.32050000000004
1990,331,65.92614970010905,0.0,0.38204746921783517,0.8022393925111007,434.9485
1990,332,66.59279997811844,0.0,0.3805353904533907,0.798166178319555,453.435
1990,333,68.2300050158737,0.0,0.38258358632430456,0.8036859701847332,464.257
1990,334,68.23000501587372,0.0,0.3786262550515167,0.7930375572776516,464.8035
1990,335,68.2300050158737,0.0,0.37479498611494866,0.7827927680286308,467.851
1990,336,68.88468012599668,0.0,0.3734589389861811,0.7792349441139298,474.003
1990,337,69.0235353733994,0.0,0.3703008803664131,0.7708552692686187,477.543
1990,338,69.62341441947162,0.0,0.3689143324361356,0.7671894348260709,485.1945
1990,339,69.6234144194716,0.0,0.36541800253926127,0.7579812809346186,485.1945
1990,340,69.6234144194716,0.0,0.3620306824924533,0.7491084807912506,485.1945
1990,341,69.6234144194716,0.0,0.3587490091460679,0.7405572288450576,486.801
1990,342,69.6234144194716,0.0,0.35557796930644703,0.7323357339116039,486.801
1990,343,69.62341441947162,0.0,0.35250584984301025,0.7244091999263922,489.10699999999997
1990,344,69.6234144194716,0.0,0.34954166674488507,0.7167967274894455,494.00649999999996
1990,345,69.69575341551351,0.0,0.34696668892516047,0.7102118977350586,499.1665
1990,346,70.63777000966081,0.0,0.34774383233744316,0.7121964983843617,506.3175
1990,347,72.69901931817597,0.0,0.35253522534764836,0.7244848149493356,515.829
1990,348,73.08428665292583,0.0,0.3509230581179217,0.720340024645397,522.4019999999999
1990,349,73.08428665292583,0.0,0.34799642649124374,0.7128420603814218,522.4019999999999
1990,350,73.91717239020046,0.0,0.3481456564329837,0.7132235690832448,529.079
1990,351,73.91717239020046,0.0,0.3452941331912937,0.7059486708518005,531.1125
1990,352,73.9621230944826,0.0,0.34270069284658194,0.6993596629880914,534.891
1990,353,74.04938817359763,0.0,0.3403547446917836,0.693421800699161,539.6569999999999
1990,354,74.04938817359763,0.0,0.3377935265167118,0.6869631303241696,540.0889999999999
1990,355,74.04938817359763,0.0,0.33531295986497767,0.6807316090653673,544.6469999999999
1990,356,74.42946189559855,0.0,0.33427551638756214,0.6781323038399326,555.7719999999999
1990,357,74.42946189559855,0.0,0.3319714105182735,0.6723738462266455,559.8154999999999
1990,358,74.42946189559855,0.0,0.32976209444885773,0.6668709111866508,559.8154999999999
1990,359,74.42946189559855,0.0,0.3276197779728116,0.6615521531318401,559.8154999999999
1990,360,74.42946189559855,0.0,0.3255423264484766,0.6564105960602349,559.8154999999999
1990,361,74.42946189559855,0.0,0.3235276728080868,0.6514395634313199,559.8154999999999
1990,362,74.42946189559855,0.0,0.3215738158799868,0.6466326639571073,559.8154999999999
1990,363,74.42946189559855,0.0,0.31967881869032233,0.6419837781118881,559.8154999999999
1990,364,74.56271063256308,0.0,0.3183137351932962,0.6386429154315741,567.819
1990,365,74.56271063256308,0.0,0.31655874932156725,0.634357633608303,567.819
