Date,Year,DiseaseSeverity,Source
1972-10-04,1972.0,0.0,FraNchEstYN
1972-10-05,1972.0,0.0,FraNchEstYN
1972-10-06,1972.0,0.0,FraNchEstYN
1972-10-07,1972.0,0.0,FraNchEstYN
1972-10-08,1972.0,0.0,FraNchEstYN
1972-10-09,1972.0,0.0,FraNchEstYN
1972-10-10,1972.0,0.0,FraNchEstYN
1972-10-11,1972.0,0.0,FraNchEstYN
1972-10-12,1972.0,0.0,FraNchEstYN
1972-10-13,1972.0,0.0,FraNchEstYN
1972-10-14,1972.0,0.0,FraNchEstYN
1972-10-15,1972.0,0.0,FraNchEstYN
1972-10-16,1972.0,0.0,FraNchEstYN
1972-10-17,1972.0,0.0,FraNchEstYN
1972-10-18,1972.0,0.0,FraNchEstYN
1972-10-19,1972.0,0.0,FraNchEstYN
1972-10-20,1972.0,0.0,FraNchEstYN
1972-10-21,1972.0,0.0,FraNchEstYN
1972-10-22,1972.0,0.0,FraNchEstYN
1972-10-23,1972.0,0.0,FraNchEstYN
1972-10-24,1972.0,0.0,FraNchEstYN
1972-10-25,1972.0,0.0,FraNchEstYN
1972-10-26,1972.0,0.0,FraNchEstYN
1972-10-27,1972.0,0.0,FraNchEstYN
1972-10-28,1972.0,0.0,FraNchEstYN
1972-10-29,1972.0,0.0,FraNchEstYN
1972-10-30,1972.0,0.0,FraNchEstYN
1972-10-31,1972.0,0.0,FraNchEstYN
1972-11-01,1972.0,0.0,FraNchEstYN
1972-11-02,1972.0,0.0,FraNchEstYN
1972-11-03,1972.0,0.0,FraNchEstYN
1972-11-04,1972.0,0.0,FraNchEstYN
1972-11-05,1972.0,0.0,FraNchEstYN
1972-11-06,1972.0,0.0,FraNchEstYN
1972-11-07,1972.0,0.0,FraNchEstYN
1972-11-08,1972.0,0.0,FraNchEstYN
1972-11-09,1972.0,0.0,FraNchEstYN
1972-11-10,1972.0,0.0,FraNchEstYN
1972-11-11,1972.0,0.0,FraNchEstYN
1972-11-12,1972.0,0.0,FraNchEstYN
1972-11-13,1972.0,0.0,FraNchEstYN
1972-11-14,1972.0,0.0,FraNchEstYN
1972-11-15,1972.0,0.0,FraNchEstYN
1972-11-16,1972.0,0.0,FraNchEstYN
1972-11-17,1972.0,0.0,FraNchEstYN
1972-11-18,1972.0,0.0,FraNchEstYN
1972-11-19,1972.0,0.0,FraNchEstYN
1972-11-20,1972.0,0.0,FraNchEstYN
1972-11-21,1972.0,0.0,FraNchEstYN
1972-11-22,1972.0,0.0,FraNchEstYN
1972-11-23,1972.0,0.0,FraNchEstYN
1972-11-24,1972.0,0.0,FraNchEstYN
1972-11-25,1972.0,0.0,FraNchEstYN
1972-11-26,1972.0,0.0,FraNchEstYN
1972-11-27,1972.0,0.0,FraNchEstYN
1972-11-28,1972.0,0.0,FraNchEstYN
1972-11-29,1972.0,0.0,FraNchEstYN
1972-11-30,1972.0,0.0,FraNchEstYN
1972-12-01,1972.0,0.0,FraNchEstYN
1972-12-02,1972.0,0.0,FraNchEstYN
1972-12-03,1972.0,0.0,FraNchEstYN
1972-12-04,1972.0,0.0,FraNchEstYN
1972-12-05,1972.0,0.0,FraNchEstYN
1972-12-06,1972.0,0.0,FraNchEstYN
1972-12-07,1972.0,0.0,FraNchEstYN
1972-12-08,1972.0,0.0,FraNchEstYN
1972-12-09,1972.0,0.0,FraNchEstYN
1972-12-10,1972.0,0.0,FraNchEstYN
1972-12-11,1972.0,0.0,FraNchEstYN
1972-12-12,1972.0,0.0,FraNchEstYN
1972-12-13,1972.0,0.0,FraNchEstYN
1972-12-14,1972.0,0.0,FraNchEstYN
1972-12-15,1972.0,0.0,FraNchEstYN
1972-12-16,1972.0,0.0,FraNchEstYN
1972-12-17,1972.0,0.0,FraNchEstYN
1972-12-18,1972.0,0.0,FraNchEstYN
1972-12-19,1972.0,0.0,FraNchEstYN
1972-12-20,1972.0,0.0,FraNchEstYN
1972-12-21,1972.0,0.0,FraNchEstYN
1972-12-22,1972.0,0.0,FraNchEstYN
1972-12-23,1972.0,0.0,FraNchEstYN
1972-12-24,1972.0,0.0,FraNchEstYN
1972-12-25,1972.0,0.0,FraNchEstYN
1972-12-26,1972.0,0.0,FraNchEstYN
1972-12-27,1972.0,0.0,FraNchEstYN
1972-12-28,1972.0,0.0,FraNchEstYN
1972-12-29,1972.0,0.0,FraNchEstYN
1972-12-30,1972.0,0.0,FraNchEstYN
1972-12-31,1972.0,0.0,FraNchEstYN
1973-01-01,1973.0,0.0,FraNchEstYN
1973-01-02,1973.0,0.0,FraNchEstYN
1973-01-03,1973.0,0.0,FraNchEstYN
1973-01-04,1973.0,0.0,FraNchEstYN
1973-01-05,1973.0,0.0,FraNchEstYN
1973-01-06,1973.0,0.0,FraNchEstYN
1973-01-07,1973.0,0.0,FraNchEstYN
1973-01-08,1973.0,0.0,FraNchEstYN
1973-01-09,1973.0,0.0,FraNchEstYN
1973-01-10,1973.0,0.0,FraNchEstYN
1973-01-11,1973.0,0.0,FraNchEstYN
1973-01-12,1973.0,0.0,FraNchEstYN
1973-01-13,1973.0,0.0,FraNchEstYN
1973-01-14,1973.0,0.0,FraNchEstYN
1973-01-15,1973.0,0.0,FraNchEstYN
1973-01-16,1973.0,0.0,FraNchEstYN
1973-01-17,1973.0,0.0,FraNchEstYN
1973-01-18,1973.0,0.0,FraNchEstYN
1973-01-19,1973.0,0.0,FraNchEstYN
1973-01-20,1973.0,0.0,FraNchEstYN
1973-01-21,1973.0,0.0,FraNchEstYN
1973-01-22,1973.0,0.0,FraNchEstYN
1973-01-23,1973.0,0.0,FraNchEstYN
1973-01-24,1973.0,0.0,FraNchEstYN
1973-01-25,1973.0,0.0,FraNchEstYN
1973-01-26,1973.0,0.0,FraNchEstYN
1973-01-27,1973.0,0.0,FraNchEstYN
1973-01-28,1973.0,0.0,FraNchEstYN
1973-01-29,1973.0,0.0,FraNchEstYN
1973-01-30,1973.0,0.0,FraNchEstYN
1973-01-31,1973.0,0.0,FraNchEstYN
1973-02-01,1973.0,0.0,FraNchEstYN
1973-02-02,1973.0,0.0,FraNchEstYN
1973-02-03,1973.0,0.0,FraNchEstYN
1973-02-04,1973.0,0.0,FraNchEstYN
1973-02-05,1973.0,0.0,FraNchEstYN
1973-02-06,1973.0,0.0,FraNchEstYN
1973-02-07,1973.0,0.0,FraNchEstYN
1973-02-08,1973.0,0.0,FraNchEstYN
1973-02-09,1973.0,0.0,FraNchEstYN
1973-02-10,1973.0,0.0,FraNchEstYN
1973-02-11,1973.0,0.0,FraNchEstYN
1973-02-12,1973.0,0.0,FraNchEstYN
1973-02-13,1973.0,0.0,FraNchEstYN
1973-02-14,1973.0,0.0,FraNchEstYN
1973-02-15,1973.0,0.0,FraNchEstYN
1973-02-16,1973.0,0.0,FraNchEstYN
1973-02-17,1973.0,0.0,FraNchEstYN
1973-02-18,1973.0,0.0,FraNchEstYN
1973-02-19,1973.0,0.0,FraNchEstYN
1973-02-20,1973.0,0.0,FraNchEstYN
1973-02-21,1973.0,0.0,FraNchEstYN
1973-02-22,1973.0,0.0,FraNchEstYN
1973-02-23,1973.0,0.0,FraNchEstYN
1973-02-24,1973.0,0.0,FraNchEstYN
1973-02-25,1973.0,0.0,FraNchEstYN
1973-02-26,1973.0,0.0,FraNchEstYN
1973-02-27,1973.0,0.0,FraNchEstYN
1973-02-28,1973.0,0.0,FraNchEstYN
1973-03-01,1973.0,0.0,FraNchEstYN
1973-03-02,1973.0,0.0,FraNchEstYN
1973-03-03,1973.0,0.0,FraNchEstYN
1973-03-04,1973.0,0.0,FraNchEstYN
1973-03-05,1973.0,0.0,FraNchEstYN
1973-03-06,1973.0,0.0,FraNchEstYN
1973-03-07,1973.0,0.0,FraNchEstYN
1973-03-08,1973.0,0.0,FraNchEstYN
1973-03-09,1973.0,0.0,FraNchEstYN
1973-03-10,1973.0,0.0,FraNchEstYN
1973-03-11,1973.0,0.0,FraNchEstYN
1973-03-12,1973.0,0.0,FraNchEstYN
1973-03-13,1973.0,0.0,FraNchEstYN
1973-03-14,1973.0,0.0,FraNchEstYN
1973-03-15,1973.0,0.0,FraNchEstYN
1973-03-16,1973.0,0.0,FraNchEstYN
1973-03-17,1973.0,0.0,FraNchEstYN
1973-03-18,1973.0,0.0,FraNchEstYN
1973-03-19,1973.0,0.0,FraNchEstYN
1973-03-20,1973.0,0.0,FraNchEstYN
1973-03-21,1973.0,0.0,FraNchEstYN
1973-03-22,1973.0,0.0,FraNchEstYN
1973-03-23,1973.0,0.0,FraNchEstYN
1973-03-24,1973.0,0.0,FraNchEstYN
1973-03-25,1973.0,0.0,FraNchEstYN
1973-03-26,1973.0,0.0,FraNchEstYN
1973-03-27,1973.0,0.0,FraNchEstYN
1973-03-28,1973.0,0.0,FraNchEstYN
1973-03-29,1973.0,0.0,FraNchEstYN
1973-03-30,1973.0,0.0,FraNchEstYN
1973-03-31,1973.0,0.0,FraNchEstYN
1973-04-01,1973.0,0.0,FraNchEstYN
1973-04-02,1973.0,0.0,FraNchEstYN
1973-04-03,1973.0,0.0,FraNchEstYN
1973-04-04,1973.0,0.0,FraNchEstYN
1973-04-05,1973.0,0.0,FraNchEstYN
1973-04-06,1973.0,0.0,FraNchEstYN
1973-04-07,1973.0,0.0,FraNchEstYN
1973-04-08,1973.0,0.0,FraNchEstYN
1973-04-09,1973.0,0.0,FraNchEstYN
1973-04-10,1973.0,0.0,FraNchEstYN
1973-04-11,1973.0,0.0,FraNchEstYN
1973-04-12,1973.0,0.0,FraNchEstYN
1973-04-13,1973.0,0.0,FraNchEstYN
1973-04-14,1973.0,0.0,FraNchEstYN
1973-04-15,1973.0,0.0,FraNchEstYN
1973-04-16,1973.0,0.0,FraNchEstYN
1973-04-17,1973.0,0.0,FraNchEstYN
1973-04-18,1973.0,0.0,FraNchEstYN
1973-04-19,1973.0,0.0,FraNchEstYN
1973-04-20,1973.0,0.0,FraNchEstYN
1973-04-21,1973.0,0.0,FraNchEstYN
1973-04-22,1973.0,0.0,FraNchEstYN
1973-04-23,1973.0,0.0,FraNchEstYN
1973-04-24,1973.0,0.0,FraNchEstYN
1973-04-25,1973.0,0.0,FraNchEstYN
1973-04-26,1973.0,0.0,FraNchEstYN
1973-04-27,1973.0,0.0,FraNchEstYN
1973-04-28,1973.0,0.0,FraNchEstYN
1973-04-29,1973.0,0.0,FraNchEstYN
1973-04-30,1973.0,0.0,FraNchEstYN
1973-05-01,1973.0,0.0,FraNchEstYN
1973-05-02,1973.0,0.0,FraNchEstYN
1973-05-03,1973.0,0.0,FraNchEstYN
1973-05-04,1973.0,0.0,FraNchEstYN
1973-05-05,1973.0,0.0,FraNchEstYN
1973-05-06,1973.0,0.0,FraNchEstYN
1973-05-07,1973.0,0.0,FraNchEstYN
1973-05-08,1973.0,0.0,FraNchEstYN
1973-05-09,1973.0,0.0,FraNchEstYN
1973-05-10,1973.0,0.0,FraNchEstYN
1973-05-11,1973.0,0.0,FraNchEstYN
1973-05-12,1973.0,0.0,FraNchEstYN
1973-05-13,1973.0,0.0,FraNchEstYN
1973-05-14,1973.0,0.0,FraNchEstYN
1973-05-15,1973.0,0.0,FraNchEstYN
1973-05-16,1973.0,0.0,FraNchEstYN
1973-05-17,1973.0,0.0,FraNchEstYN
1973-05-18,1973.0,0.0,FraNchEstYN
1973-05-19,1973.0,2.5149124,FraNchEstYN
1973-05-20,1973.0,5.152511,FraNchEstYN
1973-05-21,1973.0,5.152511,FraNchEstYN
1973-05-22,1973.0,5.152511,FraNchEstYN
1973-05-23,1973.0,5.152511,FraNchEstYN
1973-05-24,1973.0,5.152511,FraNchEstYN
1973-05-25,1973.0,12.761603,FraNchEstYN
1973-05-26,1973.0,12.761603,FraNchEstYN
1973-05-27,1973.0,16.255302999999998,FraNchEstYN
1973-05-28,1973.0,16.255302999999998,FraNchEstYN
1973-05-29,1973.0,19.442118999999998,FraNchEstYN
1973-05-30,1973.0,23.640938,FraNchEstYN
1973-05-31,1973.0,23.640938,FraNchEstYN
1973-06-01,1973.0,23.640938,FraNchEstYN
1973-06-02,1973.0,23.640938,FraNchEstYN
1973-06-03,1973.0,23.640938,FraNchEstYN
1973-06-04,1973.0,23.640938,FraNchEstYN
1973-06-05,1973.0,27.24498,FraNchEstYN
1973-06-06,1973.0,27.24498,FraNchEstYN
1973-06-07,1973.0,31.766033,FraNchEstYN
1973-06-08,1973.0,36.11098,FraNchEstYN
1973-06-09,1973.0,37.685373,FraNchEstYN
1973-06-10,1973.0,39.790526,FraNchEstYN
1973-06-11,1973.0,39.790526,FraNchEstYN
1973-06-12,1973.0,43.67208,FraNchEstYN
1973-06-13,1973.0,46.89695,FraNchEstYN
1973-06-14,1973.0,49.631724,FraNchEstYN
1973-06-15,1973.0,51.44684,FraNchEstYN
1973-06-16,1973.0,51.44684,FraNchEstYN
1973-06-17,1973.0,51.44684,FraNchEstYN
1973-06-18,1973.0,54.376704,FraNchEstYN
1973-06-19,1973.0,57.165563,FraNchEstYN
1973-06-20,1973.0,59.85287,FraNchEstYN
1973-06-21,1973.0,61.214420000000004,FraNchEstYN
1973-06-22,1973.0,61.214420000000004,FraNchEstYN
1973-06-23,1973.0,61.214420000000004,FraNchEstYN
1973-06-24,1973.0,61.214420000000004,FraNchEstYN
1973-06-25,1973.0,61.214420000000004,FraNchEstYN
1973-06-26,1973.0,61.741406,FraNchEstYN
1973-06-27,1973.0,62.510940000000005,FraNchEstYN
1973-06-28,1973.0,62.934785999999995,FraNchEstYN
1973-06-29,1973.0,62.934785999999995,FraNchEstYN
1973-06-30,1973.0,63.598710000000004,FraNchEstYN
1973-07-01,1973.0,63.744897,FraNchEstYN
1973-07-02,1973.0,64.35833600000001,FraNchEstYN
1973-07-03,1973.0,64.35833600000001,FraNchEstYN
1973-07-04,1973.0,64.85274,FraNchEstYN
1973-07-05,1973.0,65.15136,FraNchEstYN
1973-07-06,1973.0,65.15996,FraNchEstYN
1973-07-07,1973.0,65.165627,FraNchEstYN
1973-07-08,1973.0,65.165627,FraNchEstYN
1973-07-09,1973.0,65.167475,FraNchEstYN
1973-07-10,1973.0,65.167475,FraNchEstYN
1973-07-11,1973.0,65.16804,FraNchEstYN
1973-07-12,1973.0,65.22542999999999,FraNchEstYN
1973-07-13,1973.0,65.24319,FraNchEstYN
1973-07-14,1973.0,65.243185,FraNchEstYN
1973-07-15,1973.0,65.243185,FraNchEstYN
1973-07-16,1973.0,65.243185,FraNchEstYN
1973-07-17,1973.0,65.24319,FraNchEstYN
1973-07-18,1973.0,65.24319,FraNchEstYN
1973-07-19,1973.0,65.243185,FraNchEstYN
1973-07-20,1973.0,65.24319,FraNchEstYN
1973-07-21,1973.0,65.24319,FraNchEstYN
1973-07-22,1973.0,65.24319,FraNchEstYN
1973-07-23,1973.0,65.24319,FraNchEstYN
1973-07-24,1973.0,65.24319,FraNchEstYN
1973-09-28,1973.0,0.0,FraNchEstYN
1973-09-29,1973.0,0.0,FraNchEstYN
1973-09-30,1973.0,0.0,FraNchEstYN
1973-10-01,1973.0,0.0,FraNchEstYN
1973-10-02,1973.0,0.0,FraNchEstYN
1973-10-03,1973.0,0.0,FraNchEstYN
1973-10-04,1973.0,0.0,FraNchEstYN
1973-10-05,1973.0,0.0,FraNchEstYN
1973-10-06,1973.0,0.0,FraNchEstYN
1973-10-07,1973.0,0.0,FraNchEstYN
1973-10-08,1973.0,0.0,FraNchEstYN
1973-10-09,1973.0,0.0,FraNchEstYN
1973-10-10,1973.0,0.0,FraNchEstYN
1973-10-11,1973.0,0.0,FraNchEstYN
1973-10-12,1973.0,0.0,FraNchEstYN
1973-10-13,1973.0,0.0,FraNchEstYN
1973-10-14,1973.0,0.0,FraNchEstYN
1973-10-15,1973.0,0.0,FraNchEstYN
1973-10-16,1973.0,0.0,FraNchEstYN
1973-10-17,1973.0,0.0,FraNchEstYN
1973-10-18,1973.0,0.0,FraNchEstYN
1973-10-19,1973.0,0.0,FraNchEstYN
1973-10-20,1973.0,0.0,FraNchEstYN
1973-10-21,1973.0,0.0,FraNchEstYN
1973-10-22,1973.0,0.0,FraNchEstYN
1973-10-23,1973.0,0.0,FraNchEstYN
1973-10-24,1973.0,0.0,FraNchEstYN
1973-10-25,1973.0,0.0,FraNchEstYN
1973-10-26,1973.0,0.0,FraNchEstYN
1973-10-27,1973.0,0.0,FraNchEstYN
1973-10-28,1973.0,0.0,FraNchEstYN
1973-10-29,1973.0,0.0,FraNchEstYN
1973-10-30,1973.0,0.0,FraNchEstYN
1973-10-31,1973.0,0.0,FraNchEstYN
1973-11-01,1973.0,0.0,FraNchEstYN
1973-11-02,1973.0,0.0,FraNchEstYN
1973-11-03,1973.0,0.0,FraNchEstYN
1973-11-04,1973.0,0.0,FraNchEstYN
1973-11-05,1973.0,0.0,FraNchEstYN
1973-11-06,1973.0,0.0,FraNchEstYN
1973-11-07,1973.0,0.0,FraNchEstYN
1973-11-08,1973.0,0.0,FraNchEstYN
1973-11-09,1973.0,0.0,FraNchEstYN
1973-11-10,1973.0,0.0,FraNchEstYN
1973-11-11,1973.0,0.0,FraNchEstYN
1973-11-12,1973.0,0.0,FraNchEstYN
1973-11-13,1973.0,0.0,FraNchEstYN
1973-11-14,1973.0,0.0,FraNchEstYN
1973-11-15,1973.0,0.0,FraNchEstYN
1973-11-16,1973.0,0.0,FraNchEstYN
1973-11-17,1973.0,0.0,FraNchEstYN
1973-11-18,1973.0,0.0,FraNchEstYN
1973-11-19,1973.0,0.0,FraNchEstYN
1973-11-20,1973.0,0.0,FraNchEstYN
1973-11-21,1973.0,0.0,FraNchEstYN
1973-11-22,1973.0,0.0,FraNchEstYN
1973-11-23,1973.0,0.0,FraNchEstYN
1973-11-24,1973.0,0.0,FraNchEstYN
1973-11-25,1973.0,0.0,FraNchEstYN
1973-11-26,1973.0,0.0,FraNchEstYN
1973-11-27,1973.0,0.0,FraNchEstYN
1973-11-28,1973.0,0.0,FraNchEstYN
1973-11-29,1973.0,0.0,FraNchEstYN
1973-11-30,1973.0,0.0,FraNchEstYN
1973-12-01,1973.0,0.0,FraNchEstYN
1973-12-02,1973.0,0.0,FraNchEstYN
1973-12-03,1973.0,0.0,FraNchEstYN
1973-12-04,1973.0,0.0,FraNchEstYN
1973-12-05,1973.0,0.0,FraNchEstYN
1973-12-06,1973.0,0.0,FraNchEstYN
1973-12-07,1973.0,0.0,FraNchEstYN
1973-12-08,1973.0,0.0,FraNchEstYN
1973-12-09,1973.0,0.0,FraNchEstYN
1973-12-10,1973.0,0.0,FraNchEstYN
1973-12-11,1973.0,0.0,FraNchEstYN
1973-12-12,1973.0,0.0,FraNchEstYN
1973-12-13,1973.0,0.0,FraNchEstYN
1973-12-14,1973.0,0.0,FraNchEstYN
1973-12-15,1973.0,0.0,FraNchEstYN
1973-12-16,1973.0,0.0,FraNchEstYN
1973-12-17,1973.0,0.0,FraNchEstYN
1973-12-18,1973.0,0.0,FraNchEstYN
1973-12-19,1973.0,0.0,FraNchEstYN
1973-12-20,1973.0,0.0,FraNchEstYN
1973-12-21,1973.0,0.0,FraNchEstYN
1973-12-22,1973.0,0.0,FraNchEstYN
1973-12-23,1973.0,0.0,FraNchEstYN
1973-12-24,1973.0,0.0,FraNchEstYN
1973-12-25,1973.0,0.0,FraNchEstYN
1973-12-26,1973.0,0.0,FraNchEstYN
1973-12-27,1973.0,0.0,FraNchEstYN
1973-12-28,1973.0,0.0,FraNchEstYN
1973-12-29,1973.0,0.0,FraNchEstYN
1973-12-30,1973.0,0.0,FraNchEstYN
1973-12-31,1973.0,0.0,FraNchEstYN
1974-01-01,1974.0,0.0,FraNchEstYN
1974-01-02,1974.0,0.0,FraNchEstYN
1974-01-03,1974.0,0.0,FraNchEstYN
1974-01-04,1974.0,0.0,FraNchEstYN
1974-01-05,1974.0,0.0,FraNchEstYN
1974-01-06,1974.0,0.0,FraNchEstYN
1974-01-07,1974.0,0.0,FraNchEstYN
1974-01-08,1974.0,0.0,FraNchEstYN
1974-01-09,1974.0,0.0,FraNchEstYN
1974-01-10,1974.0,0.0,FraNchEstYN
1974-01-11,1974.0,0.0,FraNchEstYN
1974-01-12,1974.0,0.0,FraNchEstYN
1974-01-13,1974.0,0.0,FraNchEstYN
1974-01-14,1974.0,0.0,FraNchEstYN
1974-01-15,1974.0,0.0,FraNchEstYN
1974-01-16,1974.0,0.0,FraNchEstYN
1974-01-17,1974.0,0.0,FraNchEstYN
1974-01-18,1974.0,0.0,FraNchEstYN
1974-01-19,1974.0,0.0,FraNchEstYN
1974-01-20,1974.0,0.0,FraNchEstYN
1974-01-21,1974.0,0.0,FraNchEstYN
1974-01-22,1974.0,0.0,FraNchEstYN
1974-01-23,1974.0,0.0,FraNchEstYN
1974-01-24,1974.0,0.0,FraNchEstYN
1974-01-25,1974.0,0.0,FraNchEstYN
1974-01-26,1974.0,0.0,FraNchEstYN
1974-01-27,1974.0,0.0,FraNchEstYN
1974-01-28,1974.0,0.0,FraNchEstYN
1974-01-29,1974.0,0.0,FraNchEstYN
1974-01-30,1974.0,0.0,FraNchEstYN
1974-01-31,1974.0,0.0,FraNchEstYN
1974-02-01,1974.0,0.0,FraNchEstYN
1974-02-02,1974.0,0.0,FraNchEstYN
1974-02-03,1974.0,0.0,FraNchEstYN
1974-02-04,1974.0,0.0,FraNchEstYN
1974-02-05,1974.0,0.0,FraNchEstYN
1974-02-06,1974.0,0.0,FraNchEstYN
1974-02-07,1974.0,0.0,FraNchEstYN
1974-02-08,1974.0,0.0,FraNchEstYN
1974-02-09,1974.0,0.0,FraNchEstYN
1974-02-10,1974.0,0.0,FraNchEstYN
1974-02-11,1974.0,0.0,FraNchEstYN
1974-02-12,1974.0,0.0,FraNchEstYN
1974-02-13,1974.0,0.0,FraNchEstYN
1974-02-14,1974.0,0.0,FraNchEstYN
1974-02-15,1974.0,0.0,FraNchEstYN
1974-02-16,1974.0,0.0,FraNchEstYN
1974-02-17,1974.0,0.0,FraNchEstYN
1974-02-18,1974.0,0.0,FraNchEstYN
1974-02-19,1974.0,0.0,FraNchEstYN
1974-02-20,1974.0,0.0,FraNchEstYN
1974-02-21,1974.0,0.0,FraNchEstYN
1974-02-22,1974.0,0.0,FraNchEstYN
1974-02-23,1974.0,0.0,FraNchEstYN
1974-02-24,1974.0,0.0,FraNchEstYN
1974-02-25,1974.0,0.0,FraNchEstYN
1974-02-26,1974.0,0.0,FraNchEstYN
1974-02-27,1974.0,0.0,FraNchEstYN
1974-02-28,1974.0,0.0,FraNchEstYN
1974-03-01,1974.0,0.0,FraNchEstYN
1974-03-02,1974.0,0.0,FraNchEstYN
1974-03-03,1974.0,0.0,FraNchEstYN
1974-03-04,1974.0,0.0,FraNchEstYN
1974-03-05,1974.0,0.0,FraNchEstYN
1974-03-06,1974.0,0.0,FraNchEstYN
1974-03-07,1974.0,0.0,FraNchEstYN
1974-03-08,1974.0,0.0,FraNchEstYN
1974-03-09,1974.0,0.0,FraNchEstYN
1974-03-10,1974.0,0.0,FraNchEstYN
1974-03-11,1974.0,0.0,FraNchEstYN
1974-03-12,1974.0,0.0,FraNchEstYN
1974-03-13,1974.0,0.0,FraNchEstYN
1974-03-14,1974.0,0.0,FraNchEstYN
1974-03-15,1974.0,0.0,FraNchEstYN
1974-03-16,1974.0,0.0,FraNchEstYN
1974-03-17,1974.0,0.0,FraNchEstYN
1974-03-18,1974.0,0.0,FraNchEstYN
1974-03-19,1974.0,0.0,FraNchEstYN
1974-03-20,1974.0,0.0,FraNchEstYN
1974-03-21,1974.0,0.0,FraNchEstYN
1974-03-22,1974.0,0.0,FraNchEstYN
1974-03-23,1974.0,0.0,FraNchEstYN
1974-03-24,1974.0,0.0,FraNchEstYN
1974-03-25,1974.0,0.0,FraNchEstYN
1974-03-26,1974.0,0.0,FraNchEstYN
1974-03-27,1974.0,0.0,FraNchEstYN
1974-03-28,1974.0,0.0,FraNchEstYN
1974-03-29,1974.0,0.0,FraNchEstYN
1974-03-30,1974.0,0.0,FraNchEstYN
1974-03-31,1974.0,0.0,FraNchEstYN
1974-04-01,1974.0,0.0,FraNchEstYN
1974-04-02,1974.0,0.0,FraNchEstYN
1974-04-03,1974.0,0.0,FraNchEstYN
1974-04-04,1974.0,0.0,FraNchEstYN
1974-04-05,1974.0,0.0,FraNchEstYN
1974-04-06,1974.0,0.0,FraNchEstYN
1974-04-07,1974.0,0.0,FraNchEstYN
1974-04-08,1974.0,0.0,FraNchEstYN
1974-04-09,1974.0,0.0,FraNchEstYN
1974-04-10,1974.0,0.0,FraNchEstYN
1974-04-11,1974.0,0.0,FraNchEstYN
1974-04-12,1974.0,0.0,FraNchEstYN
1974-04-13,1974.0,0.0,FraNchEstYN
1974-04-14,1974.0,0.0,FraNchEstYN
1974-04-15,1974.0,0.0,FraNchEstYN
1974-04-16,1974.0,0.0,FraNchEstYN
1974-04-17,1974.0,0.0,FraNchEstYN
1974-04-18,1974.0,0.0,FraNchEstYN
1974-04-19,1974.0,0.0,FraNchEstYN
1974-04-20,1974.0,0.0,FraNchEstYN
1974-04-21,1974.0,0.0,FraNchEstYN
1974-04-22,1974.0,1.628338,FraNchEstYN
1974-04-23,1974.0,1.628338,FraNchEstYN
1974-04-24,1974.0,1.628338,FraNchEstYN
1974-04-25,1974.0,1.628338,FraNchEstYN
1974-04-26,1974.0,5.0234713,FraNchEstYN
1974-04-27,1974.0,5.0234713,FraNchEstYN
1974-04-28,1974.0,7.469175999999999,FraNchEstYN
1974-04-29,1974.0,11.626916,FraNchEstYN
1974-04-30,1974.0,11.626916,FraNchEstYN
1974-05-01,1974.0,11.626916,FraNchEstYN
1974-05-02,1974.0,14.994973,FraNchEstYN
1974-05-03,1974.0,14.994973,FraNchEstYN
1974-05-04,1974.0,14.994973,FraNchEstYN
1974-05-05,1974.0,14.994973,FraNchEstYN
1974-05-06,1974.0,17.393604,FraNchEstYN
1974-05-07,1974.0,17.393604,FraNchEstYN
1974-05-08,1974.0,17.393604,FraNchEstYN
1974-05-09,1974.0,17.393604,FraNchEstYN
1974-05-10,1974.0,17.393604,FraNchEstYN
1974-05-11,1974.0,21.959609999999998,FraNchEstYN
1974-05-12,1974.0,26.273699999999998,FraNchEstYN
1974-05-13,1974.0,26.273699999999998,FraNchEstYN
1974-05-14,1974.0,26.273699999999998,FraNchEstYN
1974-05-15,1974.0,26.273699999999998,FraNchEstYN
1974-05-16,1974.0,30.45183,FraNchEstYN
1974-05-17,1974.0,34.174198,FraNchEstYN
1974-05-18,1974.0,34.174198,FraNchEstYN
1974-05-19,1974.0,34.174198,FraNchEstYN
1974-05-20,1974.0,38.364175,FraNchEstYN
1974-05-21,1974.0,42.327653999999995,FraNchEstYN
1974-05-22,1974.0,45.494564999999994,FraNchEstYN
1974-05-23,1974.0,45.494564999999994,FraNchEstYN
1974-05-24,1974.0,47.33643,FraNchEstYN
1974-05-25,1974.0,47.33643,FraNchEstYN
1974-05-26,1974.0,47.33643,FraNchEstYN
1974-05-27,1974.0,48.816720000000004,FraNchEstYN
1974-05-28,1974.0,48.816720000000004,FraNchEstYN
1974-05-29,1974.0,53.31977,FraNchEstYN
1974-05-30,1974.0,53.31977,FraNchEstYN
1974-05-31,1974.0,57.778890000000004,FraNchEstYN
1974-06-01,1974.0,57.778890000000004,FraNchEstYN
1974-06-02,1974.0,60.25193,FraNchEstYN
1974-06-03,1974.0,60.25193,FraNchEstYN
1974-06-04,1974.0,61.767286,FraNchEstYN
1974-06-05,1974.0,63.55217,FraNchEstYN
1974-06-06,1974.0,63.679534000000004,FraNchEstYN
1974-06-07,1974.0,65.052617,FraNchEstYN
1974-06-08,1974.0,65.16883999999999,FraNchEstYN
1974-06-09,1974.0,65.31985,FraNchEstYN
1974-06-10,1974.0,65.31985,FraNchEstYN
1974-06-11,1974.0,65.31985,FraNchEstYN
1974-06-12,1974.0,65.85011,FraNchEstYN
1974-06-13,1974.0,66.33395,FraNchEstYN
1974-06-14,1974.0,66.48999500000001,FraNchEstYN
1974-06-15,1974.0,66.87391000000001,FraNchEstYN
1974-06-16,1974.0,66.87391000000001,FraNchEstYN
1974-06-17,1974.0,66.87391000000001,FraNchEstYN
1974-06-18,1974.0,66.87391000000001,FraNchEstYN
1974-06-19,1974.0,66.87391000000001,FraNchEstYN
1974-06-20,1974.0,66.87391000000001,FraNchEstYN
1974-06-21,1974.0,66.95888599999999,FraNchEstYN
1974-06-22,1974.0,67.03793999999999,FraNchEstYN
1974-06-23,1974.0,67.073274,FraNchEstYN
1974-06-24,1974.0,67.073274,FraNchEstYN
1974-06-25,1974.0,67.073274,FraNchEstYN
1974-06-26,1974.0,67.073274,FraNchEstYN
1974-06-27,1974.0,67.073274,FraNchEstYN
1974-06-28,1974.0,67.073274,FraNchEstYN
1974-06-29,1974.0,67.07328,FraNchEstYN
1974-06-30,1974.0,67.07328,FraNchEstYN
1974-07-01,1974.0,67.073274,FraNchEstYN
1974-07-02,1974.0,67.073274,FraNchEstYN
1974-07-03,1974.0,67.073274,FraNchEstYN
1974-07-04,1974.0,67.073274,FraNchEstYN
1974-07-05,1974.0,67.073274,FraNchEstYN
1974-07-06,1974.0,67.073274,FraNchEstYN
1974-07-07,1974.0,67.07328,FraNchEstYN
1974-10-02,1974.0,0.0,FraNchEstYN
1974-10-03,1974.0,0.0,FraNchEstYN
1974-10-04,1974.0,0.0,FraNchEstYN
1974-10-05,1974.0,0.0,FraNchEstYN
1974-10-06,1974.0,0.0,FraNchEstYN
1974-10-07,1974.0,0.0,FraNchEstYN
1974-10-08,1974.0,0.0,FraNchEstYN
1974-10-09,1974.0,0.0,FraNchEstYN
1974-10-10,1974.0,0.0,FraNchEstYN
1974-10-11,1974.0,0.0,FraNchEstYN
1974-10-12,1974.0,0.0,FraNchEstYN
1974-10-13,1974.0,0.0,FraNchEstYN
1974-10-14,1974.0,0.0,FraNchEstYN
1974-10-15,1974.0,0.0,FraNchEstYN
1974-10-16,1974.0,0.0,FraNchEstYN
1974-10-17,1974.0,0.0,FraNchEstYN
1974-10-18,1974.0,0.0,FraNchEstYN
1974-10-19,1974.0,0.0,FraNchEstYN
1974-10-20,1974.0,0.0,FraNchEstYN
1974-10-21,1974.0,0.0,FraNchEstYN
1974-10-22,1974.0,0.0,FraNchEstYN
1974-10-23,1974.0,0.0,FraNchEstYN
1974-10-24,1974.0,0.0,FraNchEstYN
1974-10-25,1974.0,0.0,FraNchEstYN
1974-10-26,1974.0,0.0,FraNchEstYN
1974-10-27,1974.0,0.0,FraNchEstYN
1974-10-28,1974.0,0.0,FraNchEstYN
1974-10-29,1974.0,0.0,FraNchEstYN
1974-10-30,1974.0,0.0,FraNchEstYN
1974-10-31,1974.0,0.0,FraNchEstYN
1974-11-01,1974.0,0.0,FraNchEstYN
1974-11-02,1974.0,0.0,FraNchEstYN
1974-11-03,1974.0,0.0,FraNchEstYN
1974-11-04,1974.0,0.0,FraNchEstYN
1974-11-05,1974.0,0.0,FraNchEstYN
1974-11-06,1974.0,0.0,FraNchEstYN
1974-11-07,1974.0,0.0,FraNchEstYN
1974-11-08,1974.0,0.0,FraNchEstYN
1974-11-09,1974.0,0.0,FraNchEstYN
1974-11-10,1974.0,0.0,FraNchEstYN
1974-11-11,1974.0,0.0,FraNchEstYN
1974-11-12,1974.0,0.0,FraNchEstYN
1974-11-13,1974.0,0.0,FraNchEstYN
1974-11-14,1974.0,0.0,FraNchEstYN
1974-11-15,1974.0,0.0,FraNchEstYN
1974-11-16,1974.0,0.0,FraNchEstYN
1974-11-17,1974.0,0.0,FraNchEstYN
1974-11-18,1974.0,0.0,FraNchEstYN
1974-11-19,1974.0,0.0,FraNchEstYN
1974-11-20,1974.0,0.0,FraNchEstYN
1974-11-21,1974.0,0.0,FraNchEstYN
1974-11-22,1974.0,0.0,FraNchEstYN
1974-11-23,1974.0,0.0,FraNchEstYN
1974-11-24,1974.0,0.0,FraNchEstYN
1974-11-25,1974.0,0.0,FraNchEstYN
1974-11-26,1974.0,0.0,FraNchEstYN
1974-11-27,1974.0,0.0,FraNchEstYN
1974-11-28,1974.0,0.0,FraNchEstYN
1974-11-29,1974.0,0.0,FraNchEstYN
1974-11-30,1974.0,0.0,FraNchEstYN
1974-12-01,1974.0,0.0,FraNchEstYN
1974-12-02,1974.0,0.0,FraNchEstYN
1974-12-03,1974.0,0.0,FraNchEstYN
1974-12-04,1974.0,0.0,FraNchEstYN
1974-12-05,1974.0,0.0,FraNchEstYN
1974-12-06,1974.0,0.0,FraNchEstYN
1974-12-07,1974.0,0.0,FraNchEstYN
1974-12-08,1974.0,0.0,FraNchEstYN
1974-12-09,1974.0,0.0,FraNchEstYN
1974-12-10,1974.0,0.0,FraNchEstYN
1974-12-11,1974.0,0.0,FraNchEstYN
1974-12-12,1974.0,0.0,FraNchEstYN
1974-12-13,1974.0,0.0,FraNchEstYN
1974-12-14,1974.0,0.0,FraNchEstYN
1974-12-15,1974.0,0.0,FraNchEstYN
1974-12-16,1974.0,0.0,FraNchEstYN
1974-12-17,1974.0,0.0,FraNchEstYN
1974-12-18,1974.0,0.0,FraNchEstYN
1974-12-19,1974.0,0.0,FraNchEstYN
1974-12-20,1974.0,0.0,FraNchEstYN
1974-12-21,1974.0,0.0,FraNchEstYN
1974-12-22,1974.0,0.0,FraNchEstYN
1974-12-23,1974.0,0.0,FraNchEstYN
1974-12-24,1974.0,0.0,FraNchEstYN
1974-12-25,1974.0,0.0,FraNchEstYN
1974-12-26,1974.0,0.0,FraNchEstYN
1974-12-27,1974.0,0.0,FraNchEstYN
1974-12-28,1974.0,0.0,FraNchEstYN
1974-12-29,1974.0,0.0,FraNchEstYN
1974-12-30,1974.0,0.0,FraNchEstYN
1974-12-31,1974.0,0.0,FraNchEstYN
1975-01-01,1975.0,0.0,FraNchEstYN
1975-01-02,1975.0,0.0,FraNchEstYN
1975-01-03,1975.0,0.0,FraNchEstYN
1975-01-04,1975.0,0.0,FraNchEstYN
1975-01-05,1975.0,0.0,FraNchEstYN
1975-01-06,1975.0,0.0,FraNchEstYN
1975-01-07,1975.0,0.0,FraNchEstYN
1975-01-08,1975.0,0.0,FraNchEstYN
1975-01-09,1975.0,0.0,FraNchEstYN
1975-01-10,1975.0,0.0,FraNchEstYN
1975-01-11,1975.0,0.0,FraNchEstYN
1975-01-12,1975.0,0.0,FraNchEstYN
1975-01-13,1975.0,0.0,FraNchEstYN
1975-01-14,1975.0,0.0,FraNchEstYN
1975-01-15,1975.0,0.0,FraNchEstYN
1975-01-16,1975.0,0.0,FraNchEstYN
1975-01-17,1975.0,0.0,FraNchEstYN
1975-01-18,1975.0,0.0,FraNchEstYN
1975-01-19,1975.0,0.0,FraNchEstYN
1975-01-20,1975.0,0.0,FraNchEstYN
1975-01-21,1975.0,0.0,FraNchEstYN
1975-01-22,1975.0,0.0,FraNchEstYN
1975-01-23,1975.0,0.0,FraNchEstYN
1975-01-24,1975.0,0.0,FraNchEstYN
1975-01-25,1975.0,0.0,FraNchEstYN
1975-01-26,1975.0,0.0,FraNchEstYN
1975-01-27,1975.0,0.0,FraNchEstYN
1975-01-28,1975.0,0.0,FraNchEstYN
1975-01-29,1975.0,0.0,FraNchEstYN
1975-01-30,1975.0,0.0,FraNchEstYN
1975-01-31,1975.0,0.0,FraNchEstYN
1975-02-01,1975.0,0.0,FraNchEstYN
1975-02-02,1975.0,0.0,FraNchEstYN
1975-02-03,1975.0,0.0,FraNchEstYN
1975-02-04,1975.0,0.0,FraNchEstYN
1975-02-05,1975.0,0.0,FraNchEstYN
1975-02-06,1975.0,0.0,FraNchEstYN
1975-02-07,1975.0,0.0,FraNchEstYN
1975-02-08,1975.0,0.0,FraNchEstYN
1975-02-09,1975.0,0.0,FraNchEstYN
1975-02-10,1975.0,0.0,FraNchEstYN
1975-02-11,1975.0,0.0,FraNchEstYN
1975-02-12,1975.0,0.0,FraNchEstYN
1975-02-13,1975.0,0.0,FraNchEstYN
1975-02-14,1975.0,0.0,FraNchEstYN
1975-02-15,1975.0,0.0,FraNchEstYN
1975-02-16,1975.0,0.0,FraNchEstYN
1975-02-17,1975.0,0.0,FraNchEstYN
1975-02-18,1975.0,0.0,FraNchEstYN
1975-02-19,1975.0,0.0,FraNchEstYN
1975-02-20,1975.0,0.0,FraNchEstYN
1975-02-21,1975.0,0.0,FraNchEstYN
1975-02-22,1975.0,0.0,FraNchEstYN
1975-02-23,1975.0,0.0,FraNchEstYN
1975-02-24,1975.0,0.0,FraNchEstYN
1975-02-25,1975.0,0.0,FraNchEstYN
1975-02-26,1975.0,0.0,FraNchEstYN
1975-02-27,1975.0,0.0,FraNchEstYN
1975-02-28,1975.0,0.0,FraNchEstYN
1975-03-01,1975.0,0.0,FraNchEstYN
1975-03-02,1975.0,0.0,FraNchEstYN
1975-03-03,1975.0,0.0,FraNchEstYN
1975-03-04,1975.0,0.0,FraNchEstYN
1975-03-05,1975.0,0.0,FraNchEstYN
1975-03-06,1975.0,0.0,FraNchEstYN
1975-03-07,1975.0,0.0,FraNchEstYN
1975-03-08,1975.0,0.0,FraNchEstYN
1975-03-09,1975.0,0.0,FraNchEstYN
1975-03-10,1975.0,0.0,FraNchEstYN
1975-03-11,1975.0,0.0,FraNchEstYN
1975-03-12,1975.0,0.0,FraNchEstYN
1975-03-13,1975.0,0.0,FraNchEstYN
1975-03-14,1975.0,0.0,FraNchEstYN
1975-03-15,1975.0,0.0,FraNchEstYN
1975-03-16,1975.0,0.0,FraNchEstYN
1975-03-17,1975.0,0.0,FraNchEstYN
1975-03-18,1975.0,0.0,FraNchEstYN
1975-03-19,1975.0,0.0,FraNchEstYN
1975-03-20,1975.0,0.0,FraNchEstYN
1975-03-21,1975.0,0.0,FraNchEstYN
1975-03-22,1975.0,0.0,FraNchEstYN
1975-03-23,1975.0,0.0,FraNchEstYN
1975-03-24,1975.0,0.0,FraNchEstYN
1975-03-25,1975.0,0.0,FraNchEstYN
1975-03-26,1975.0,0.0,FraNchEstYN
1975-03-27,1975.0,0.0,FraNchEstYN
1975-03-28,1975.0,0.0,FraNchEstYN
1975-03-29,1975.0,0.0,FraNchEstYN
1975-03-30,1975.0,0.0,FraNchEstYN
1975-03-31,1975.0,0.0,FraNchEstYN
1975-04-01,1975.0,0.0,FraNchEstYN
1975-04-02,1975.0,0.0,FraNchEstYN
1975-04-03,1975.0,0.0,FraNchEstYN
1975-04-04,1975.0,0.0,FraNchEstYN
1975-04-05,1975.0,0.0,FraNchEstYN
1975-04-06,1975.0,0.0,FraNchEstYN
1975-04-07,1975.0,0.0,FraNchEstYN
1975-04-08,1975.0,0.0,FraNchEstYN
1975-04-09,1975.0,0.0,FraNchEstYN
1975-04-10,1975.0,0.0,FraNchEstYN
1975-04-11,1975.0,0.0,FraNchEstYN
1975-04-12,1975.0,0.0,FraNchEstYN
1975-04-13,1975.0,0.0,FraNchEstYN
1975-04-14,1975.0,0.0,FraNchEstYN
1975-04-15,1975.0,0.0,FraNchEstYN
1975-04-16,1975.0,0.0,FraNchEstYN
1975-04-17,1975.0,0.0,FraNchEstYN
1975-04-18,1975.0,0.0,FraNchEstYN
1975-04-19,1975.0,0.0,FraNchEstYN
1975-04-20,1975.0,0.0,FraNchEstYN
1975-04-21,1975.0,0.0,FraNchEstYN
1975-04-22,1975.0,0.0,FraNchEstYN
1975-04-23,1975.0,0.0,FraNchEstYN
1975-04-24,1975.0,0.0,FraNchEstYN
1975-04-25,1975.0,0.0,FraNchEstYN
1975-04-26,1975.0,0.0,FraNchEstYN
1975-04-27,1975.0,0.0,FraNchEstYN
1975-04-28,1975.0,0.0,FraNchEstYN
1975-04-29,1975.0,0.0,FraNchEstYN
1975-04-30,1975.0,0.0,FraNchEstYN
1975-05-01,1975.0,0.0,FraNchEstYN
1975-05-02,1975.0,0.0,FraNchEstYN
1975-05-03,1975.0,0.0,FraNchEstYN
1975-05-04,1975.0,0.0,FraNchEstYN
1975-05-05,1975.0,0.0,FraNchEstYN
1975-05-06,1975.0,0.0,FraNchEstYN
1975-05-07,1975.0,0.0,FraNchEstYN
1975-05-08,1975.0,0.0,FraNchEstYN
1975-05-09,1975.0,0.0,FraNchEstYN
1975-05-10,1975.0,0.0,FraNchEstYN
1975-05-11,1975.0,0.0,FraNchEstYN
1975-05-12,1975.0,0.0,FraNchEstYN
1975-05-13,1975.0,0.0,FraNchEstYN
1975-05-14,1975.0,0.0,FraNchEstYN
1975-05-15,1975.0,0.0,FraNchEstYN
1975-05-16,1975.0,0.0,FraNchEstYN
1975-05-17,1975.0,0.0,FraNchEstYN
1975-05-18,1975.0,0.0,FraNchEstYN
1975-05-19,1975.0,0.0,FraNchEstYN
1975-05-20,1975.0,1.6967567,FraNchEstYN
1975-05-21,1975.0,1.6967567,FraNchEstYN
1975-05-22,1975.0,3.957007,FraNchEstYN
1975-05-23,1975.0,3.957007,FraNchEstYN
1975-05-24,1975.0,3.957007,FraNchEstYN
1975-05-25,1975.0,3.957007,FraNchEstYN
1975-05-26,1975.0,3.957007,FraNchEstYN
1975-05-27,1975.0,3.957007,FraNchEstYN
1975-05-28,1975.0,3.957007,FraNchEstYN
1975-05-29,1975.0,8.4415525,FraNchEstYN
1975-05-30,1975.0,8.4415525,FraNchEstYN
1975-05-31,1975.0,10.438108399999999,FraNchEstYN
1975-06-01,1975.0,10.438108399999999,FraNchEstYN
1975-06-02,1975.0,10.438108399999999,FraNchEstYN
1975-06-03,1975.0,10.438108399999999,FraNchEstYN
1975-06-04,1975.0,10.438108399999999,FraNchEstYN
1975-06-05,1975.0,13.553861000000001,FraNchEstYN
1975-06-06,1975.0,18.589711,FraNchEstYN
1975-06-07,1975.0,18.589711,FraNchEstYN
1975-06-08,1975.0,18.589711,FraNchEstYN
1975-06-09,1975.0,18.589711,FraNchEstYN
1975-06-10,1975.0,23.17636,FraNchEstYN
1975-06-11,1975.0,25.474632000000003,FraNchEstYN
1975-06-12,1975.0,27.505619999999997,FraNchEstYN
1975-06-13,1975.0,27.505619999999997,FraNchEstYN
1975-06-14,1975.0,27.53661,FraNchEstYN
1975-06-15,1975.0,32.002023,FraNchEstYN
1975-06-16,1975.0,35.974196000000006,FraNchEstYN
1975-06-17,1975.0,36.111498,FraNchEstYN
1975-06-18,1975.0,36.179784,FraNchEstYN
1975-06-19,1975.0,36.179784,FraNchEstYN
1975-06-20,1975.0,36.179784,FraNchEstYN
1975-06-21,1975.0,39.63229,FraNchEstYN
1975-06-22,1975.0,40.977764,FraNchEstYN
1975-06-23,1975.0,40.977764,FraNchEstYN
1975-06-24,1975.0,40.977764,FraNchEstYN
1975-06-25,1975.0,40.977764,FraNchEstYN
1975-06-26,1975.0,44.061065,FraNchEstYN
1975-06-27,1975.0,45.01368,FraNchEstYN
1975-06-28,1975.0,45.154786,FraNchEstYN
1975-06-29,1975.0,45.154786,FraNchEstYN
1975-06-30,1975.0,46.024597,FraNchEstYN
1975-07-01,1975.0,47.855219999999996,FraNchEstYN
1975-07-02,1975.0,47.855219999999996,FraNchEstYN
1975-07-03,1975.0,49.157158,FraNchEstYN
1975-07-04,1975.0,49.157158,FraNchEstYN
1975-07-05,1975.0,49.218014,FraNchEstYN
1975-07-06,1975.0,49.218014,FraNchEstYN
1975-07-07,1975.0,49.218014,FraNchEstYN
1975-07-08,1975.0,49.643788,FraNchEstYN
1975-07-09,1975.0,49.890268,FraNchEstYN
1975-07-10,1975.0,50.29881,FraNchEstYN
1975-07-11,1975.0,50.66207,FraNchEstYN
1975-07-12,1975.0,50.662870000000005,FraNchEstYN
1975-07-13,1975.0,50.662870000000005,FraNchEstYN
1975-07-14,1975.0,50.66314,FraNchEstYN
1975-07-15,1975.0,50.66314,FraNchEstYN
1975-07-16,1975.0,50.66314,FraNchEstYN
1975-07-17,1975.0,50.66314,FraNchEstYN
1975-07-18,1975.0,50.66314,FraNchEstYN
1975-07-19,1975.0,50.762904,FraNchEstYN
1975-07-20,1975.0,50.762904,FraNchEstYN
1975-07-21,1975.0,50.808215000000004,FraNchEstYN
1975-07-22,1975.0,50.81827,FraNchEstYN
1975-07-23,1975.0,50.81827,FraNchEstYN
1975-07-24,1975.0,50.81827,FraNchEstYN
1975-10-03,1975.0,0.0,FraNchEstYN
1975-10-04,1975.0,0.0,FraNchEstYN
1975-10-05,1975.0,0.0,FraNchEstYN
1975-10-06,1975.0,0.0,FraNchEstYN
1975-10-07,1975.0,0.0,FraNchEstYN
1975-10-08,1975.0,0.0,FraNchEstYN
1975-10-09,1975.0,0.0,FraNchEstYN
1975-10-10,1975.0,0.0,FraNchEstYN
1975-10-11,1975.0,0.0,FraNchEstYN
1975-10-12,1975.0,0.0,FraNchEstYN
1975-10-13,1975.0,0.0,FraNchEstYN
1975-10-14,1975.0,0.0,FraNchEstYN
1975-10-15,1975.0,0.0,FraNchEstYN
1975-10-16,1975.0,0.0,FraNchEstYN
1975-10-17,1975.0,0.0,FraNchEstYN
1975-10-18,1975.0,0.0,FraNchEstYN
1975-10-19,1975.0,0.0,FraNchEstYN
1975-10-20,1975.0,0.0,FraNchEstYN
1975-10-21,1975.0,0.0,FraNchEstYN
1975-10-22,1975.0,0.0,FraNchEstYN
1975-10-23,1975.0,0.0,FraNchEstYN
1975-10-24,1975.0,0.0,FraNchEstYN
1975-10-25,1975.0,0.0,FraNchEstYN
1975-10-26,1975.0,0.0,FraNchEstYN
1975-10-27,1975.0,0.0,FraNchEstYN
1975-10-28,1975.0,0.0,FraNchEstYN
1975-10-29,1975.0,0.0,FraNchEstYN
1975-10-30,1975.0,0.0,FraNchEstYN
1975-10-31,1975.0,0.0,FraNchEstYN
1975-11-01,1975.0,0.0,FraNchEstYN
1975-11-02,1975.0,0.0,FraNchEstYN
1975-11-03,1975.0,0.0,FraNchEstYN
1975-11-04,1975.0,0.0,FraNchEstYN
1975-11-05,1975.0,0.0,FraNchEstYN
1975-11-06,1975.0,0.0,FraNchEstYN
1975-11-07,1975.0,0.0,FraNchEstYN
1975-11-08,1975.0,0.0,FraNchEstYN
1975-11-09,1975.0,0.0,FraNchEstYN
1975-11-10,1975.0,0.0,FraNchEstYN
1975-11-11,1975.0,0.0,FraNchEstYN
1975-11-12,1975.0,0.0,FraNchEstYN
1975-11-13,1975.0,0.0,FraNchEstYN
1975-11-14,1975.0,0.0,FraNchEstYN
1975-11-15,1975.0,0.0,FraNchEstYN
1975-11-16,1975.0,0.0,FraNchEstYN
1975-11-17,1975.0,0.0,FraNchEstYN
1975-11-18,1975.0,0.0,FraNchEstYN
1975-11-19,1975.0,0.0,FraNchEstYN
1975-11-20,1975.0,0.0,FraNchEstYN
1975-11-21,1975.0,0.0,FraNchEstYN
1975-11-22,1975.0,0.0,FraNchEstYN
1975-11-23,1975.0,0.0,FraNchEstYN
1975-11-24,1975.0,0.0,FraNchEstYN
1975-11-25,1975.0,0.0,FraNchEstYN
1975-11-26,1975.0,0.0,FraNchEstYN
1975-11-27,1975.0,0.0,FraNchEstYN
1975-11-28,1975.0,0.0,FraNchEstYN
1975-11-29,1975.0,0.0,FraNchEstYN
1975-11-30,1975.0,0.0,FraNchEstYN
1975-12-01,1975.0,0.0,FraNchEstYN
1975-12-02,1975.0,0.0,FraNchEstYN
1975-12-03,1975.0,0.0,FraNchEstYN
1975-12-04,1975.0,0.0,FraNchEstYN
1975-12-05,1975.0,0.0,FraNchEstYN
1975-12-06,1975.0,0.0,FraNchEstYN
1975-12-07,1975.0,0.0,FraNchEstYN
1975-12-08,1975.0,0.0,FraNchEstYN
1975-12-09,1975.0,0.0,FraNchEstYN
1975-12-10,1975.0,0.0,FraNchEstYN
1975-12-11,1975.0,0.0,FraNchEstYN
1975-12-12,1975.0,0.0,FraNchEstYN
1975-12-13,1975.0,0.0,FraNchEstYN
1975-12-14,1975.0,0.0,FraNchEstYN
1975-12-15,1975.0,0.0,FraNchEstYN
1975-12-16,1975.0,0.0,FraNchEstYN
1975-12-17,1975.0,0.0,FraNchEstYN
1975-12-18,1975.0,0.0,FraNchEstYN
1975-12-19,1975.0,0.0,FraNchEstYN
1975-12-20,1975.0,0.0,FraNchEstYN
1975-12-21,1975.0,0.0,FraNchEstYN
1975-12-22,1975.0,0.0,FraNchEstYN
1975-12-23,1975.0,0.0,FraNchEstYN
1975-12-24,1975.0,0.0,FraNchEstYN
1975-12-25,1975.0,0.0,FraNchEstYN
1975-12-26,1975.0,0.0,FraNchEstYN
1975-12-27,1975.0,0.0,FraNchEstYN
1975-12-28,1975.0,0.0,FraNchEstYN
1975-12-29,1975.0,0.0,FraNchEstYN
1975-12-30,1975.0,0.0,FraNchEstYN
1975-12-31,1975.0,0.0,FraNchEstYN
1976-01-01,1976.0,0.0,FraNchEstYN
1976-01-02,1976.0,0.0,FraNchEstYN
1976-01-03,1976.0,0.0,FraNchEstYN
1976-01-04,1976.0,0.0,FraNchEstYN
1976-01-05,1976.0,0.0,FraNchEstYN
1976-01-06,1976.0,0.0,FraNchEstYN
1976-01-07,1976.0,0.0,FraNchEstYN
1976-01-08,1976.0,0.0,FraNchEstYN
1976-01-09,1976.0,0.0,FraNchEstYN
1976-01-10,1976.0,0.0,FraNchEstYN
1976-01-11,1976.0,0.0,FraNchEstYN
1976-01-12,1976.0,0.0,FraNchEstYN
1976-01-13,1976.0,0.0,FraNchEstYN
1976-01-14,1976.0,0.0,FraNchEstYN
1976-01-15,1976.0,0.0,FraNchEstYN
1976-01-16,1976.0,0.0,FraNchEstYN
1976-01-17,1976.0,0.0,FraNchEstYN
1976-01-18,1976.0,0.0,FraNchEstYN
1976-01-19,1976.0,0.0,FraNchEstYN
1976-01-20,1976.0,0.0,FraNchEstYN
1976-01-21,1976.0,0.0,FraNchEstYN
1976-01-22,1976.0,0.0,FraNchEstYN
1976-01-23,1976.0,0.0,FraNchEstYN
1976-01-24,1976.0,0.0,FraNchEstYN
1976-01-25,1976.0,0.0,FraNchEstYN
1976-01-26,1976.0,0.0,FraNchEstYN
1976-01-27,1976.0,0.0,FraNchEstYN
1976-01-28,1976.0,0.0,FraNchEstYN
1976-01-29,1976.0,0.0,FraNchEstYN
1976-01-30,1976.0,0.0,FraNchEstYN
1976-01-31,1976.0,0.0,FraNchEstYN
1976-02-01,1976.0,0.0,FraNchEstYN
1976-02-02,1976.0,0.0,FraNchEstYN
1976-02-03,1976.0,0.0,FraNchEstYN
1976-02-04,1976.0,0.0,FraNchEstYN
1976-02-05,1976.0,0.0,FraNchEstYN
1976-02-06,1976.0,0.0,FraNchEstYN
1976-02-07,1976.0,0.0,FraNchEstYN
1976-02-08,1976.0,0.0,FraNchEstYN
1976-02-09,1976.0,0.0,FraNchEstYN
1976-02-10,1976.0,0.0,FraNchEstYN
1976-02-11,1976.0,0.0,FraNchEstYN
1976-02-12,1976.0,0.0,FraNchEstYN
1976-02-13,1976.0,0.0,FraNchEstYN
1976-02-14,1976.0,0.0,FraNchEstYN
1976-02-15,1976.0,0.0,FraNchEstYN
1976-02-16,1976.0,0.0,FraNchEstYN
1976-02-17,1976.0,0.0,FraNchEstYN
1976-02-18,1976.0,0.0,FraNchEstYN
1976-02-19,1976.0,0.0,FraNchEstYN
1976-02-20,1976.0,0.0,FraNchEstYN
1976-02-21,1976.0,0.0,FraNchEstYN
1976-02-22,1976.0,0.0,FraNchEstYN
1976-02-23,1976.0,0.0,FraNchEstYN
1976-02-24,1976.0,0.0,FraNchEstYN
1976-02-25,1976.0,0.0,FraNchEstYN
1976-02-26,1976.0,0.0,FraNchEstYN
1976-02-27,1976.0,0.0,FraNchEstYN
1976-02-28,1976.0,0.0,FraNchEstYN
1976-02-29,1976.0,0.0,FraNchEstYN
1976-03-01,1976.0,0.0,FraNchEstYN
1976-03-02,1976.0,0.0,FraNchEstYN
1976-03-03,1976.0,0.0,FraNchEstYN
1976-03-04,1976.0,0.0,FraNchEstYN
1976-03-05,1976.0,0.0,FraNchEstYN
1976-03-06,1976.0,0.0,FraNchEstYN
1976-03-07,1976.0,0.0,FraNchEstYN
1976-03-08,1976.0,0.0,FraNchEstYN
1976-03-09,1976.0,0.0,FraNchEstYN
1976-03-10,1976.0,0.0,FraNchEstYN
1976-03-11,1976.0,0.0,FraNchEstYN
1976-03-12,1976.0,0.0,FraNchEstYN
1976-03-13,1976.0,0.0,FraNchEstYN
1976-03-14,1976.0,0.0,FraNchEstYN
1976-03-15,1976.0,0.0,FraNchEstYN
1976-03-16,1976.0,0.0,FraNchEstYN
1976-03-17,1976.0,0.0,FraNchEstYN
1976-03-18,1976.0,0.0,FraNchEstYN
1976-03-19,1976.0,0.0,FraNchEstYN
1976-03-20,1976.0,0.0,FraNchEstYN
1976-03-21,1976.0,0.0,FraNchEstYN
1976-03-22,1976.0,0.0,FraNchEstYN
1976-03-23,1976.0,0.0,FraNchEstYN
1976-03-24,1976.0,0.0,FraNchEstYN
1976-03-25,1976.0,0.0,FraNchEstYN
1976-03-26,1976.0,0.0,FraNchEstYN
1976-03-27,1976.0,0.0,FraNchEstYN
1976-03-28,1976.0,0.0,FraNchEstYN
1976-03-29,1976.0,0.0,FraNchEstYN
1976-03-30,1976.0,0.0,FraNchEstYN
1976-03-31,1976.0,0.0,FraNchEstYN
1976-04-01,1976.0,0.0,FraNchEstYN
1976-04-02,1976.0,0.0,FraNchEstYN
1976-04-03,1976.0,0.0,FraNchEstYN
1976-04-04,1976.0,0.0,FraNchEstYN
1976-04-05,1976.0,0.0,FraNchEstYN
1976-04-06,1976.0,0.0,FraNchEstYN
1976-04-07,1976.0,0.0,FraNchEstYN
1976-04-08,1976.0,0.0,FraNchEstYN
1976-04-09,1976.0,0.0,FraNchEstYN
1976-04-10,1976.0,0.0,FraNchEstYN
1976-04-11,1976.0,0.0,FraNchEstYN
1976-04-12,1976.0,0.0,FraNchEstYN
1976-04-13,1976.0,0.0,FraNchEstYN
1976-04-14,1976.0,0.0,FraNchEstYN
1976-04-15,1976.0,0.0,FraNchEstYN
1976-04-16,1976.0,0.0,FraNchEstYN
1976-04-17,1976.0,0.0,FraNchEstYN
1976-04-18,1976.0,0.0,FraNchEstYN
1976-04-19,1976.0,2.9613633,FraNchEstYN
1976-04-20,1976.0,5.0062507,FraNchEstYN
1976-04-21,1976.0,8.3502665,FraNchEstYN
1976-04-22,1976.0,8.3502665,FraNchEstYN
1976-04-23,1976.0,12.1318415,FraNchEstYN
1976-04-24,1976.0,14.280330999999999,FraNchEstYN
1976-04-25,1976.0,14.280330999999999,FraNchEstYN
1976-04-26,1976.0,14.280330999999999,FraNchEstYN
1976-04-27,1976.0,14.280330999999999,FraNchEstYN
1976-04-28,1976.0,14.280330999999999,FraNchEstYN
1976-04-29,1976.0,14.280330999999999,FraNchEstYN
1976-04-30,1976.0,14.280330999999999,FraNchEstYN
1976-05-01,1976.0,16.738236,FraNchEstYN
1976-05-02,1976.0,16.738236,FraNchEstYN
1976-05-03,1976.0,16.738236,FraNchEstYN
1976-05-04,1976.0,16.738236,FraNchEstYN
1976-05-05,1976.0,16.738236,FraNchEstYN
1976-05-06,1976.0,16.738236,FraNchEstYN
1976-05-07,1976.0,16.738236,FraNchEstYN
1976-05-08,1976.0,16.738236,FraNchEstYN
1976-05-09,1976.0,16.738236,FraNchEstYN
1976-05-10,1976.0,16.738236,FraNchEstYN
1976-05-11,1976.0,18.765923,FraNchEstYN
1976-05-12,1976.0,18.765923,FraNchEstYN
1976-05-13,1976.0,21.35888,FraNchEstYN
1976-05-14,1976.0,23.642046999999998,FraNchEstYN
1976-05-15,1976.0,25.31522,FraNchEstYN
1976-05-16,1976.0,25.31522,FraNchEstYN
1976-05-17,1976.0,28.837933999999997,FraNchEstYN
1976-05-18,1976.0,28.837933999999997,FraNchEstYN
1976-05-19,1976.0,33.002773000000005,FraNchEstYN
1976-05-20,1976.0,33.002773000000005,FraNchEstYN
1976-05-21,1976.0,33.02602,FraNchEstYN
1976-05-22,1976.0,34.957139999999995,FraNchEstYN
1976-05-23,1976.0,34.957139999999995,FraNchEstYN
1976-05-24,1976.0,36.829332,FraNchEstYN
1976-05-25,1976.0,36.829332,FraNchEstYN
1976-05-26,1976.0,36.898988,FraNchEstYN
1976-05-27,1976.0,36.898988,FraNchEstYN
1976-05-28,1976.0,39.47186,FraNchEstYN
1976-05-29,1976.0,39.47186,FraNchEstYN
1976-05-30,1976.0,39.47186,FraNchEstYN
1976-05-31,1976.0,39.47186,FraNchEstYN
1976-06-01,1976.0,42.05825,FraNchEstYN
1976-06-02,1976.0,45.223236,FraNchEstYN
1976-06-03,1976.0,48.375663,FraNchEstYN
1976-06-04,1976.0,49.44618,FraNchEstYN
1976-06-05,1976.0,50.631519999999995,FraNchEstYN
1976-06-06,1976.0,50.631519999999995,FraNchEstYN
1976-06-07,1976.0,51.907754,FraNchEstYN
1976-06-08,1976.0,51.907754,FraNchEstYN
1976-06-09,1976.0,51.907754,FraNchEstYN
1976-06-10,1976.0,51.907754,FraNchEstYN
1976-06-11,1976.0,51.907754,FraNchEstYN
1976-06-12,1976.0,52.74095,FraNchEstYN
1976-06-13,1976.0,52.838826000000005,FraNchEstYN
1976-06-14,1976.0,52.838826000000005,FraNchEstYN
1976-06-15,1976.0,52.950779999999995,FraNchEstYN
1976-06-16,1976.0,53.595483,FraNchEstYN
1976-06-17,1976.0,53.962123,FraNchEstYN
1976-06-18,1976.0,53.977996,FraNchEstYN
1976-06-19,1976.0,53.977996,FraNchEstYN
1976-06-20,1976.0,53.977996,FraNchEstYN
1976-06-21,1976.0,53.977996,FraNchEstYN
1976-06-22,1976.0,53.977996,FraNchEstYN
1976-06-23,1976.0,53.977996,FraNchEstYN
1976-06-24,1976.0,53.977996,FraNchEstYN
1976-06-25,1976.0,53.978,FraNchEstYN
1976-06-26,1976.0,53.977996,FraNchEstYN
1976-06-27,1976.0,53.977996,FraNchEstYN
1976-06-28,1976.0,53.977996,FraNchEstYN
1976-06-29,1976.0,54.01061,FraNchEstYN
1976-06-30,1976.0,54.02274,FraNchEstYN
1976-07-01,1976.0,54.03102,FraNchEstYN
1976-07-02,1976.0,54.03102,FraNchEstYN
1976-07-03,1976.0,54.03102,FraNchEstYN
1976-07-04,1976.0,54.03102,FraNchEstYN
1976-07-05,1976.0,54.03102,FraNchEstYN
1976-10-03,1976.0,0.0,FraNchEstYN
1976-10-04,1976.0,0.0,FraNchEstYN
1976-10-05,1976.0,0.0,FraNchEstYN
1976-10-06,1976.0,0.0,FraNchEstYN
1976-10-07,1976.0,0.0,FraNchEstYN
1976-10-08,1976.0,0.0,FraNchEstYN
1976-10-09,1976.0,0.0,FraNchEstYN
1976-10-10,1976.0,0.0,FraNchEstYN
1976-10-11,1976.0,0.0,FraNchEstYN
1976-10-12,1976.0,0.0,FraNchEstYN
1976-10-13,1976.0,0.0,FraNchEstYN
1976-10-14,1976.0,0.0,FraNchEstYN
1976-10-15,1976.0,0.0,FraNchEstYN
1976-10-16,1976.0,0.0,FraNchEstYN
1976-10-17,1976.0,0.0,FraNchEstYN
1976-10-18,1976.0,0.0,FraNchEstYN
1976-10-19,1976.0,0.0,FraNchEstYN
1976-10-20,1976.0,0.0,FraNchEstYN
1976-10-21,1976.0,0.0,FraNchEstYN
1976-10-22,1976.0,0.0,FraNchEstYN
1976-10-23,1976.0,0.0,FraNchEstYN
1976-10-24,1976.0,0.0,FraNchEstYN
1976-10-25,1976.0,0.0,FraNchEstYN
1976-10-26,1976.0,0.0,FraNchEstYN
1976-10-27,1976.0,0.0,FraNchEstYN
1976-10-28,1976.0,0.0,FraNchEstYN
1976-10-29,1976.0,0.0,FraNchEstYN
1976-10-30,1976.0,0.0,FraNchEstYN
1976-10-31,1976.0,0.0,FraNchEstYN
1976-11-01,1976.0,0.0,FraNchEstYN
1976-11-02,1976.0,0.0,FraNchEstYN
1976-11-03,1976.0,0.0,FraNchEstYN
1976-11-04,1976.0,0.0,FraNchEstYN
1976-11-05,1976.0,0.0,FraNchEstYN
1976-11-06,1976.0,0.0,FraNchEstYN
1976-11-07,1976.0,0.0,FraNchEstYN
1976-11-08,1976.0,0.0,FraNchEstYN
1976-11-09,1976.0,0.0,FraNchEstYN
1976-11-10,1976.0,0.0,FraNchEstYN
1976-11-11,1976.0,0.0,FraNchEstYN
1976-11-12,1976.0,0.0,FraNchEstYN
1976-11-13,1976.0,0.0,FraNchEstYN
1976-11-14,1976.0,0.0,FraNchEstYN
1976-11-15,1976.0,0.0,FraNchEstYN
1976-11-16,1976.0,0.0,FraNchEstYN
1976-11-17,1976.0,0.0,FraNchEstYN
1976-11-18,1976.0,0.0,FraNchEstYN
1976-11-19,1976.0,0.0,FraNchEstYN
1976-11-20,1976.0,0.0,FraNchEstYN
1976-11-21,1976.0,0.0,FraNchEstYN
1976-11-22,1976.0,0.0,FraNchEstYN
1976-11-23,1976.0,0.0,FraNchEstYN
1976-11-24,1976.0,0.0,FraNchEstYN
1976-11-25,1976.0,0.0,FraNchEstYN
1976-11-26,1976.0,0.0,FraNchEstYN
1976-11-27,1976.0,0.0,FraNchEstYN
1976-11-28,1976.0,0.0,FraNchEstYN
1976-11-29,1976.0,0.0,FraNchEstYN
1976-11-30,1976.0,0.0,FraNchEstYN
1976-12-01,1976.0,0.0,FraNchEstYN
1976-12-02,1976.0,0.0,FraNchEstYN
1976-12-03,1976.0,0.0,FraNchEstYN
1976-12-04,1976.0,0.0,FraNchEstYN
1976-12-05,1976.0,0.0,FraNchEstYN
1976-12-06,1976.0,0.0,FraNchEstYN
1976-12-07,1976.0,0.0,FraNchEstYN
1976-12-08,1976.0,0.0,FraNchEstYN
1976-12-09,1976.0,0.0,FraNchEstYN
1976-12-10,1976.0,0.0,FraNchEstYN
1976-12-11,1976.0,0.0,FraNchEstYN
1976-12-12,1976.0,0.0,FraNchEstYN
1976-12-13,1976.0,0.0,FraNchEstYN
1976-12-14,1976.0,0.0,FraNchEstYN
1976-12-15,1976.0,0.0,FraNchEstYN
1976-12-16,1976.0,0.0,FraNchEstYN
1976-12-17,1976.0,0.0,FraNchEstYN
1976-12-18,1976.0,0.0,FraNchEstYN
1976-12-19,1976.0,0.0,FraNchEstYN
1976-12-20,1976.0,0.0,FraNchEstYN
1976-12-21,1976.0,0.0,FraNchEstYN
1976-12-22,1976.0,0.0,FraNchEstYN
1976-12-23,1976.0,0.0,FraNchEstYN
1976-12-24,1976.0,0.0,FraNchEstYN
1976-12-25,1976.0,0.0,FraNchEstYN
1976-12-26,1976.0,0.0,FraNchEstYN
1976-12-27,1976.0,0.0,FraNchEstYN
1976-12-28,1976.0,0.0,FraNchEstYN
1976-12-29,1976.0,0.0,FraNchEstYN
1976-12-30,1976.0,0.0,FraNchEstYN
1976-12-31,1976.0,0.0,FraNchEstYN
1977-01-01,1977.0,0.0,FraNchEstYN
1977-01-02,1977.0,0.0,FraNchEstYN
1977-01-03,1977.0,0.0,FraNchEstYN
1977-01-04,1977.0,0.0,FraNchEstYN
1977-01-05,1977.0,0.0,FraNchEstYN
1977-01-06,1977.0,0.0,FraNchEstYN
1977-01-07,1977.0,0.0,FraNchEstYN
1977-01-08,1977.0,0.0,FraNchEstYN
1977-01-09,1977.0,0.0,FraNchEstYN
1977-01-10,1977.0,0.0,FraNchEstYN
1977-01-11,1977.0,0.0,FraNchEstYN
1977-01-12,1977.0,0.0,FraNchEstYN
1977-01-13,1977.0,0.0,FraNchEstYN
1977-01-14,1977.0,0.0,FraNchEstYN
1977-01-15,1977.0,0.0,FraNchEstYN
1977-01-16,1977.0,0.0,FraNchEstYN
1977-01-17,1977.0,0.0,FraNchEstYN
1977-01-18,1977.0,0.0,FraNchEstYN
1977-01-19,1977.0,0.0,FraNchEstYN
1977-01-20,1977.0,0.0,FraNchEstYN
1977-01-21,1977.0,0.0,FraNchEstYN
1977-01-22,1977.0,0.0,FraNchEstYN
1977-01-23,1977.0,0.0,FraNchEstYN
1977-01-24,1977.0,0.0,FraNchEstYN
1977-01-25,1977.0,0.0,FraNchEstYN
1977-01-26,1977.0,0.0,FraNchEstYN
1977-01-27,1977.0,0.0,FraNchEstYN
1977-01-28,1977.0,0.0,FraNchEstYN
1977-01-29,1977.0,0.0,FraNchEstYN
1977-01-30,1977.0,0.0,FraNchEstYN
1977-01-31,1977.0,0.0,FraNchEstYN
1977-02-01,1977.0,0.0,FraNchEstYN
1977-02-02,1977.0,0.0,FraNchEstYN
1977-02-03,1977.0,0.0,FraNchEstYN
1977-02-04,1977.0,0.0,FraNchEstYN
1977-02-05,1977.0,0.0,FraNchEstYN
1977-02-06,1977.0,0.0,FraNchEstYN
1977-02-07,1977.0,0.0,FraNchEstYN
1977-02-08,1977.0,0.0,FraNchEstYN
1977-02-09,1977.0,0.0,FraNchEstYN
1977-02-10,1977.0,0.0,FraNchEstYN
1977-02-11,1977.0,0.0,FraNchEstYN
1977-02-12,1977.0,0.0,FraNchEstYN
1977-02-13,1977.0,0.0,FraNchEstYN
1977-02-14,1977.0,0.0,FraNchEstYN
1977-02-15,1977.0,0.0,FraNchEstYN
1977-02-16,1977.0,0.0,FraNchEstYN
1977-02-17,1977.0,0.0,FraNchEstYN
1977-02-18,1977.0,0.0,FraNchEstYN
1977-02-19,1977.0,0.0,FraNchEstYN
1977-02-20,1977.0,0.0,FraNchEstYN
1977-02-21,1977.0,0.0,FraNchEstYN
1977-02-22,1977.0,0.0,FraNchEstYN
1977-02-23,1977.0,0.0,FraNchEstYN
1977-02-24,1977.0,0.0,FraNchEstYN
1977-02-25,1977.0,0.0,FraNchEstYN
1977-02-26,1977.0,0.0,FraNchEstYN
1977-02-27,1977.0,0.0,FraNchEstYN
1977-02-28,1977.0,0.0,FraNchEstYN
1977-03-01,1977.0,0.0,FraNchEstYN
1977-03-02,1977.0,0.0,FraNchEstYN
1977-03-03,1977.0,0.0,FraNchEstYN
1977-03-04,1977.0,0.0,FraNchEstYN
1977-03-05,1977.0,0.0,FraNchEstYN
1977-03-06,1977.0,0.0,FraNchEstYN
1977-03-07,1977.0,0.0,FraNchEstYN
1977-03-08,1977.0,0.0,FraNchEstYN
1977-03-09,1977.0,0.0,FraNchEstYN
1977-03-10,1977.0,0.0,FraNchEstYN
1977-03-11,1977.0,0.0,FraNchEstYN
1977-03-12,1977.0,0.0,FraNchEstYN
1977-03-13,1977.0,0.0,FraNchEstYN
1977-03-14,1977.0,0.0,FraNchEstYN
1977-03-15,1977.0,0.0,FraNchEstYN
1977-03-16,1977.0,0.0,FraNchEstYN
1977-03-17,1977.0,0.0,FraNchEstYN
1977-03-18,1977.0,0.0,FraNchEstYN
1977-03-19,1977.0,0.0,FraNchEstYN
1977-03-20,1977.0,0.0,FraNchEstYN
1977-03-21,1977.0,0.0,FraNchEstYN
1977-03-22,1977.0,0.0,FraNchEstYN
1977-03-23,1977.0,0.0,FraNchEstYN
1977-03-24,1977.0,0.0,FraNchEstYN
1977-03-25,1977.0,0.0,FraNchEstYN
1977-03-26,1977.0,0.0,FraNchEstYN
1977-03-27,1977.0,0.0,FraNchEstYN
1977-03-28,1977.0,0.0,FraNchEstYN
1977-03-29,1977.0,0.0,FraNchEstYN
1977-03-30,1977.0,0.0,FraNchEstYN
1977-03-31,1977.0,0.0,FraNchEstYN
1977-04-01,1977.0,0.0,FraNchEstYN
1977-04-02,1977.0,0.0,FraNchEstYN
1977-04-03,1977.0,0.0,FraNchEstYN
1977-04-04,1977.0,0.0,FraNchEstYN
1977-04-05,1977.0,0.0,FraNchEstYN
1977-04-06,1977.0,0.0,FraNchEstYN
1977-04-07,1977.0,0.0,FraNchEstYN
1977-04-08,1977.0,0.0,FraNchEstYN
1977-04-09,1977.0,0.0,FraNchEstYN
1977-04-10,1977.0,0.0,FraNchEstYN
1977-04-11,1977.0,0.0,FraNchEstYN
1977-04-12,1977.0,0.0,FraNchEstYN
1977-04-13,1977.0,0.0,FraNchEstYN
1977-04-14,1977.0,0.0,FraNchEstYN
1977-04-15,1977.0,0.0,FraNchEstYN
1977-04-16,1977.0,0.0,FraNchEstYN
1977-04-17,1977.0,0.0,FraNchEstYN
1977-04-18,1977.0,0.0,FraNchEstYN
1977-04-19,1977.0,0.0,FraNchEstYN
1977-04-20,1977.0,0.0,FraNchEstYN
1977-04-21,1977.0,0.0,FraNchEstYN
1977-04-22,1977.0,0.0,FraNchEstYN
1977-04-23,1977.0,0.0,FraNchEstYN
1977-04-24,1977.0,0.0,FraNchEstYN
1977-04-25,1977.0,0.0,FraNchEstYN
1977-04-26,1977.0,0.0,FraNchEstYN
1977-04-27,1977.0,0.0,FraNchEstYN
1977-04-28,1977.0,0.0,FraNchEstYN
1977-04-29,1977.0,0.0,FraNchEstYN
1977-04-30,1977.0,0.0,FraNchEstYN
1977-05-01,1977.0,0.0,FraNchEstYN
1977-05-02,1977.0,0.0,FraNchEstYN
1977-05-03,1977.0,0.0,FraNchEstYN
1977-05-04,1977.0,0.0,FraNchEstYN
1977-05-05,1977.0,0.0,FraNchEstYN
1977-05-06,1977.0,0.0,FraNchEstYN
1977-05-07,1977.0,0.0,FraNchEstYN
1977-05-08,1977.0,0.0,FraNchEstYN
1977-05-09,1977.0,0.0,FraNchEstYN
1977-05-10,1977.0,0.0,FraNchEstYN
1977-05-11,1977.0,0.0,FraNchEstYN
1977-05-12,1977.0,0.0,FraNchEstYN
1977-05-13,1977.0,0.0,FraNchEstYN
1977-05-14,1977.0,2.4328059,FraNchEstYN
1977-05-15,1977.0,4.5213394,FraNchEstYN
1977-05-16,1977.0,6.119523200000001,FraNchEstYN
1977-05-17,1977.0,6.119523200000001,FraNchEstYN
1977-05-18,1977.0,8.833423,FraNchEstYN
1977-05-19,1977.0,8.833423,FraNchEstYN
1977-05-20,1977.0,13.031791,FraNchEstYN
1977-05-21,1977.0,14.814971,FraNchEstYN
1977-05-22,1977.0,19.382207,FraNchEstYN
1977-05-23,1977.0,23.764011,FraNchEstYN
1977-05-24,1977.0,28.202108,FraNchEstYN
1977-05-25,1977.0,30.651830000000004,FraNchEstYN
1977-05-26,1977.0,30.651830000000004,FraNchEstYN
1977-05-27,1977.0,30.651830000000004,FraNchEstYN
1977-05-28,1977.0,30.651830000000004,FraNchEstYN
1977-05-29,1977.0,30.651830000000004,FraNchEstYN
1977-05-30,1977.0,30.651830000000004,FraNchEstYN
1977-05-31,1977.0,30.651830000000004,FraNchEstYN
1977-06-01,1977.0,30.651830000000004,FraNchEstYN
1977-06-02,1977.0,30.651830000000004,FraNchEstYN
1977-06-03,1977.0,30.651830000000004,FraNchEstYN
1977-06-04,1977.0,30.651830000000004,FraNchEstYN
1977-06-05,1977.0,30.736902,FraNchEstYN
1977-06-06,1977.0,33.011687,FraNchEstYN
1977-06-07,1977.0,34.375262,FraNchEstYN
1977-06-08,1977.0,34.375262,FraNchEstYN
1977-06-09,1977.0,34.375262,FraNchEstYN
1977-06-10,1977.0,34.375262,FraNchEstYN
1977-06-11,1977.0,35.787819999999996,FraNchEstYN
1977-06-12,1977.0,35.787819999999996,FraNchEstYN
1977-06-13,1977.0,35.787818,FraNchEstYN
1977-06-14,1977.0,35.787819999999996,FraNchEstYN
1977-06-15,1977.0,35.787818,FraNchEstYN
1977-06-16,1977.0,37.132278,FraNchEstYN
1977-06-17,1977.0,38.61076,FraNchEstYN
1977-06-18,1977.0,38.61076,FraNchEstYN
1977-06-19,1977.0,38.610762,FraNchEstYN
1977-06-20,1977.0,38.610762,FraNchEstYN
1977-06-21,1977.0,38.843286,FraNchEstYN
1977-06-22,1977.0,40.274537,FraNchEstYN
1977-06-23,1977.0,40.274537,FraNchEstYN
1977-06-24,1977.0,41.943908,FraNchEstYN
1977-06-25,1977.0,41.943908,FraNchEstYN
1977-06-26,1977.0,42.995644,FraNchEstYN
1977-06-27,1977.0,43.19775,FraNchEstYN
1977-06-28,1977.0,43.313748000000004,FraNchEstYN
1977-06-29,1977.0,43.313748000000004,FraNchEstYN
1977-06-30,1977.0,43.313748000000004,FraNchEstYN
1977-07-01,1977.0,43.313748000000004,FraNchEstYN
1977-07-02,1977.0,43.49497,FraNchEstYN
1977-07-03,1977.0,43.685395,FraNchEstYN
1977-07-04,1977.0,43.685395,FraNchEstYN
1977-07-05,1977.0,43.686783,FraNchEstYN
1977-07-06,1977.0,43.686783,FraNchEstYN
1977-07-07,1977.0,43.686783,FraNchEstYN
1977-07-08,1977.0,43.686783,FraNchEstYN
1977-07-09,1977.0,43.826994,FraNchEstYN
1977-07-10,1977.0,43.826994,FraNchEstYN
1977-07-11,1977.0,43.859118,FraNchEstYN
1977-07-12,1977.0,43.936998,FraNchEstYN
1977-07-13,1977.0,43.936998,FraNchEstYN
1977-07-14,1977.0,44.006124,FraNchEstYN
1977-07-15,1977.0,44.006124,FraNchEstYN
1977-07-16,1977.0,44.026336,FraNchEstYN
1977-07-17,1977.0,44.026336,FraNchEstYN
1977-07-18,1977.0,44.042045,FraNchEstYN
1977-10-13,1977.0,0.0,FraNchEstYN
1977-10-14,1977.0,0.0,FraNchEstYN
1977-10-15,1977.0,0.0,FraNchEstYN
1977-10-16,1977.0,0.0,FraNchEstYN
1977-10-17,1977.0,0.0,FraNchEstYN
1977-10-18,1977.0,0.0,FraNchEstYN
1977-10-19,1977.0,0.0,FraNchEstYN
1977-10-20,1977.0,0.0,FraNchEstYN
1977-10-21,1977.0,0.0,FraNchEstYN
1977-10-22,1977.0,0.0,FraNchEstYN
1977-10-23,1977.0,0.0,FraNchEstYN
1977-10-24,1977.0,0.0,FraNchEstYN
1977-10-25,1977.0,0.0,FraNchEstYN
1977-10-26,1977.0,0.0,FraNchEstYN
1977-10-27,1977.0,0.0,FraNchEstYN
1977-10-28,1977.0,0.0,FraNchEstYN
1977-10-29,1977.0,0.0,FraNchEstYN
1977-10-30,1977.0,0.0,FraNchEstYN
1977-10-31,1977.0,0.0,FraNchEstYN
1977-11-01,1977.0,0.0,FraNchEstYN
1977-11-02,1977.0,0.0,FraNchEstYN
1977-11-03,1977.0,0.0,FraNchEstYN
1977-11-04,1977.0,0.0,FraNchEstYN
1977-11-05,1977.0,0.0,FraNchEstYN
1977-11-06,1977.0,0.0,FraNchEstYN
1977-11-07,1977.0,0.0,FraNchEstYN
1977-11-08,1977.0,0.0,FraNchEstYN
1977-11-09,1977.0,0.0,FraNchEstYN
1977-11-10,1977.0,0.0,FraNchEstYN
1977-11-11,1977.0,0.0,FraNchEstYN
1977-11-12,1977.0,0.0,FraNchEstYN
1977-11-13,1977.0,0.0,FraNchEstYN
1977-11-14,1977.0,0.0,FraNchEstYN
1977-11-15,1977.0,0.0,FraNchEstYN
1977-11-16,1977.0,0.0,FraNchEstYN
1977-11-17,1977.0,0.0,FraNchEstYN
1977-11-18,1977.0,0.0,FraNchEstYN
1977-11-19,1977.0,0.0,FraNchEstYN
1977-11-20,1977.0,0.0,FraNchEstYN
1977-11-21,1977.0,0.0,FraNchEstYN
1977-11-22,1977.0,0.0,FraNchEstYN
1977-11-23,1977.0,0.0,FraNchEstYN
1977-11-24,1977.0,0.0,FraNchEstYN
1977-11-25,1977.0,0.0,FraNchEstYN
1977-11-26,1977.0,0.0,FraNchEstYN
1977-11-27,1977.0,0.0,FraNchEstYN
1977-11-28,1977.0,0.0,FraNchEstYN
1977-11-29,1977.0,0.0,FraNchEstYN
1977-11-30,1977.0,0.0,FraNchEstYN
1977-12-01,1977.0,0.0,FraNchEstYN
1977-12-02,1977.0,0.0,FraNchEstYN
1977-12-03,1977.0,0.0,FraNchEstYN
1977-12-04,1977.0,0.0,FraNchEstYN
1977-12-05,1977.0,0.0,FraNchEstYN
1977-12-06,1977.0,0.0,FraNchEstYN
1977-12-07,1977.0,0.0,FraNchEstYN
1977-12-08,1977.0,0.0,FraNchEstYN
1977-12-09,1977.0,0.0,FraNchEstYN
1977-12-10,1977.0,0.0,FraNchEstYN
1977-12-11,1977.0,0.0,FraNchEstYN
1977-12-12,1977.0,0.0,FraNchEstYN
1977-12-13,1977.0,0.0,FraNchEstYN
1977-12-14,1977.0,0.0,FraNchEstYN
1977-12-15,1977.0,0.0,FraNchEstYN
1977-12-16,1977.0,0.0,FraNchEstYN
1977-12-17,1977.0,0.0,FraNchEstYN
1977-12-18,1977.0,0.0,FraNchEstYN
1977-12-19,1977.0,0.0,FraNchEstYN
1977-12-20,1977.0,0.0,FraNchEstYN
1977-12-21,1977.0,0.0,FraNchEstYN
1977-12-22,1977.0,0.0,FraNchEstYN
1977-12-23,1977.0,0.0,FraNchEstYN
1977-12-24,1977.0,0.0,FraNchEstYN
1977-12-25,1977.0,0.0,FraNchEstYN
1977-12-26,1977.0,0.0,FraNchEstYN
1977-12-27,1977.0,0.0,FraNchEstYN
1977-12-28,1977.0,0.0,FraNchEstYN
1977-12-29,1977.0,0.0,FraNchEstYN
1977-12-30,1977.0,0.0,FraNchEstYN
1977-12-31,1977.0,0.0,FraNchEstYN
1978-01-01,1978.0,0.0,FraNchEstYN
1978-01-02,1978.0,0.0,FraNchEstYN
1978-01-03,1978.0,0.0,FraNchEstYN
1978-01-04,1978.0,0.0,FraNchEstYN
1978-01-05,1978.0,0.0,FraNchEstYN
1978-01-06,1978.0,0.0,FraNchEstYN
1978-01-07,1978.0,0.0,FraNchEstYN
1978-01-08,1978.0,0.0,FraNchEstYN
1978-01-09,1978.0,0.0,FraNchEstYN
1978-01-10,1978.0,0.0,FraNchEstYN
1978-01-11,1978.0,0.0,FraNchEstYN
1978-01-12,1978.0,0.0,FraNchEstYN
1978-01-13,1978.0,0.0,FraNchEstYN
1978-01-14,1978.0,0.0,FraNchEstYN
1978-01-15,1978.0,0.0,FraNchEstYN
1978-01-16,1978.0,0.0,FraNchEstYN
1978-01-17,1978.0,0.0,FraNchEstYN
1978-01-18,1978.0,0.0,FraNchEstYN
1978-01-19,1978.0,0.0,FraNchEstYN
1978-01-20,1978.0,0.0,FraNchEstYN
1978-01-21,1978.0,0.0,FraNchEstYN
1978-01-22,1978.0,0.0,FraNchEstYN
1978-01-23,1978.0,0.0,FraNchEstYN
1978-01-24,1978.0,0.0,FraNchEstYN
1978-01-25,1978.0,0.0,FraNchEstYN
1978-01-26,1978.0,0.0,FraNchEstYN
1978-01-27,1978.0,0.0,FraNchEstYN
1978-01-28,1978.0,0.0,FraNchEstYN
1978-01-29,1978.0,0.0,FraNchEstYN
1978-01-30,1978.0,0.0,FraNchEstYN
1978-01-31,1978.0,0.0,FraNchEstYN
1978-02-01,1978.0,0.0,FraNchEstYN
1978-02-02,1978.0,0.0,FraNchEstYN
1978-02-03,1978.0,0.0,FraNchEstYN
1978-02-04,1978.0,0.0,FraNchEstYN
1978-02-05,1978.0,0.0,FraNchEstYN
1978-02-06,1978.0,0.0,FraNchEstYN
1978-02-07,1978.0,0.0,FraNchEstYN
1978-02-08,1978.0,0.0,FraNchEstYN
1978-02-09,1978.0,0.0,FraNchEstYN
1978-02-10,1978.0,0.0,FraNchEstYN
1978-02-11,1978.0,0.0,FraNchEstYN
1978-02-12,1978.0,0.0,FraNchEstYN
1978-02-13,1978.0,0.0,FraNchEstYN
1978-02-14,1978.0,0.0,FraNchEstYN
1978-02-15,1978.0,0.0,FraNchEstYN
1978-02-16,1978.0,0.0,FraNchEstYN
1978-02-17,1978.0,0.0,FraNchEstYN
1978-02-18,1978.0,0.0,FraNchEstYN
1978-02-19,1978.0,0.0,FraNchEstYN
1978-02-20,1978.0,0.0,FraNchEstYN
1978-02-21,1978.0,0.0,FraNchEstYN
1978-02-22,1978.0,0.0,FraNchEstYN
1978-02-23,1978.0,0.0,FraNchEstYN
1978-02-24,1978.0,0.0,FraNchEstYN
1978-02-25,1978.0,0.0,FraNchEstYN
1978-02-26,1978.0,0.0,FraNchEstYN
1978-02-27,1978.0,0.0,FraNchEstYN
1978-02-28,1978.0,0.0,FraNchEstYN
1978-03-01,1978.0,0.0,FraNchEstYN
1978-03-02,1978.0,0.0,FraNchEstYN
1978-03-03,1978.0,0.0,FraNchEstYN
1978-03-04,1978.0,0.0,FraNchEstYN
1978-03-05,1978.0,0.0,FraNchEstYN
1978-03-06,1978.0,0.0,FraNchEstYN
1978-03-07,1978.0,0.0,FraNchEstYN
1978-03-08,1978.0,0.0,FraNchEstYN
1978-03-09,1978.0,0.0,FraNchEstYN
1978-03-10,1978.0,0.0,FraNchEstYN
1978-03-11,1978.0,0.0,FraNchEstYN
1978-03-12,1978.0,0.0,FraNchEstYN
1978-03-13,1978.0,0.0,FraNchEstYN
1978-03-14,1978.0,0.0,FraNchEstYN
1978-03-15,1978.0,0.0,FraNchEstYN
1978-03-16,1978.0,0.0,FraNchEstYN
1978-03-17,1978.0,0.0,FraNchEstYN
1978-03-18,1978.0,0.0,FraNchEstYN
1978-03-19,1978.0,0.0,FraNchEstYN
1978-03-20,1978.0,0.0,FraNchEstYN
1978-03-21,1978.0,0.0,FraNchEstYN
1978-03-22,1978.0,0.0,FraNchEstYN
1978-03-23,1978.0,0.0,FraNchEstYN
1978-03-24,1978.0,0.0,FraNchEstYN
1978-03-25,1978.0,0.0,FraNchEstYN
1978-03-26,1978.0,0.0,FraNchEstYN
1978-03-27,1978.0,0.0,FraNchEstYN
1978-03-28,1978.0,0.0,FraNchEstYN
1978-03-29,1978.0,0.0,FraNchEstYN
1978-03-30,1978.0,0.0,FraNchEstYN
1978-03-31,1978.0,0.0,FraNchEstYN
1978-04-01,1978.0,0.0,FraNchEstYN
1978-04-02,1978.0,0.0,FraNchEstYN
1978-04-03,1978.0,0.0,FraNchEstYN
1978-04-04,1978.0,0.0,FraNchEstYN
1978-04-05,1978.0,0.0,FraNchEstYN
1978-04-06,1978.0,0.0,FraNchEstYN
1978-04-07,1978.0,0.0,FraNchEstYN
1978-04-08,1978.0,0.0,FraNchEstYN
1978-04-09,1978.0,0.0,FraNchEstYN
1978-04-10,1978.0,0.0,FraNchEstYN
1978-04-11,1978.0,0.0,FraNchEstYN
1978-04-12,1978.0,0.0,FraNchEstYN
1978-04-13,1978.0,0.0,FraNchEstYN
1978-04-14,1978.0,0.0,FraNchEstYN
1978-04-15,1978.0,0.0,FraNchEstYN
1978-04-16,1978.0,0.0,FraNchEstYN
1978-04-17,1978.0,0.0,FraNchEstYN
1978-04-18,1978.0,0.0,FraNchEstYN
1978-04-19,1978.0,0.0,FraNchEstYN
1978-04-20,1978.0,0.0,FraNchEstYN
1978-04-21,1978.0,0.0,FraNchEstYN
1978-04-22,1978.0,0.0,FraNchEstYN
1978-04-23,1978.0,0.0,FraNchEstYN
1978-04-24,1978.0,0.0,FraNchEstYN
1978-04-25,1978.0,0.0,FraNchEstYN
1978-04-26,1978.0,0.0,FraNchEstYN
1978-04-27,1978.0,0.0,FraNchEstYN
1978-04-28,1978.0,0.0,FraNchEstYN
1978-04-29,1978.0,0.0,FraNchEstYN
1978-04-30,1978.0,0.0,FraNchEstYN
1978-05-01,1978.0,0.0,FraNchEstYN
1978-05-02,1978.0,0.0,FraNchEstYN
1978-05-03,1978.0,0.0,FraNchEstYN
1978-05-04,1978.0,0.0,FraNchEstYN
1978-05-05,1978.0,0.0,FraNchEstYN
1978-05-06,1978.0,0.0,FraNchEstYN
1978-05-07,1978.0,0.0,FraNchEstYN
1978-05-08,1978.0,0.0,FraNchEstYN
1978-05-09,1978.0,0.0,FraNchEstYN
1978-05-10,1978.0,0.0,FraNchEstYN
1978-05-11,1978.0,0.0,FraNchEstYN
1978-05-12,1978.0,0.0,FraNchEstYN
1978-05-13,1978.0,0.0,FraNchEstYN
1978-05-14,1978.0,0.0,FraNchEstYN
1978-05-15,1978.0,0.0,FraNchEstYN
1978-05-16,1978.0,0.0,FraNchEstYN
1978-05-17,1978.0,0.0,FraNchEstYN
1978-05-18,1978.0,0.0,FraNchEstYN
1978-05-19,1978.0,0.0,FraNchEstYN
1978-05-20,1978.0,0.0,FraNchEstYN
1978-05-21,1978.0,0.0,FraNchEstYN
1978-05-22,1978.0,0.0,FraNchEstYN
1978-05-23,1978.0,0.0,FraNchEstYN
1978-05-24,1978.0,0.0,FraNchEstYN
1978-05-25,1978.0,0.0,FraNchEstYN
1978-05-26,1978.0,0.0,FraNchEstYN
1978-05-27,1978.0,0.8968858,FraNchEstYN
1978-05-28,1978.0,0.8968858,FraNchEstYN
1978-05-29,1978.0,0.8968858,FraNchEstYN
1978-05-30,1978.0,7.602033,FraNchEstYN
1978-05-31,1978.0,10.059695,FraNchEstYN
1978-06-01,1978.0,11.67746,FraNchEstYN
1978-06-02,1978.0,11.67746,FraNchEstYN
1978-06-03,1978.0,11.67746,FraNchEstYN
1978-06-04,1978.0,11.67746,FraNchEstYN
1978-06-05,1978.0,16.469438,FraNchEstYN
1978-06-06,1978.0,16.469438,FraNchEstYN
1978-06-07,1978.0,20.9114,FraNchEstYN
1978-06-08,1978.0,23.183337,FraNchEstYN
1978-06-09,1978.0,23.183337,FraNchEstYN
1978-06-10,1978.0,23.183337,FraNchEstYN
1978-06-11,1978.0,23.183337,FraNchEstYN
1978-06-12,1978.0,23.183337,FraNchEstYN
1978-06-13,1978.0,23.183337,FraNchEstYN
1978-06-14,1978.0,25.268456,FraNchEstYN
1978-06-15,1978.0,28.832263,FraNchEstYN
1978-06-16,1978.0,28.832263,FraNchEstYN
1978-06-17,1978.0,30.696788,FraNchEstYN
1978-06-18,1978.0,35.237038,FraNchEstYN
1978-06-19,1978.0,35.237038,FraNchEstYN
1978-06-20,1978.0,35.237038,FraNchEstYN
1978-06-21,1978.0,36.731085,FraNchEstYN
1978-06-22,1978.0,36.731085,FraNchEstYN
1978-06-23,1978.0,41.03083,FraNchEstYN
1978-06-24,1978.0,41.03083,FraNchEstYN
1978-06-25,1978.0,41.03083,FraNchEstYN
1978-06-26,1978.0,41.03083,FraNchEstYN
1978-06-27,1978.0,41.03083,FraNchEstYN
1978-06-28,1978.0,44.825047,FraNchEstYN
1978-06-29,1978.0,44.825047,FraNchEstYN
1978-06-30,1978.0,44.825047,FraNchEstYN
1978-07-01,1978.0,45.878112,FraNchEstYN
1978-07-02,1978.0,45.878112,FraNchEstYN
1978-07-03,1978.0,45.878112,FraNchEstYN
1978-07-04,1978.0,48.396802,FraNchEstYN
1978-07-05,1978.0,48.396802,FraNchEstYN
1978-07-06,1978.0,48.396802,FraNchEstYN
1978-07-07,1978.0,49.353449999999995,FraNchEstYN
1978-07-08,1978.0,49.353449999999995,FraNchEstYN
1978-07-09,1978.0,49.353449999999995,FraNchEstYN
1978-07-10,1978.0,49.353449999999995,FraNchEstYN
1978-07-11,1978.0,49.576235000000004,FraNchEstYN
1978-07-12,1978.0,50.653946000000005,FraNchEstYN
1978-07-13,1978.0,50.653946000000005,FraNchEstYN
1978-07-14,1978.0,50.839597000000005,FraNchEstYN
1978-07-15,1978.0,50.839597000000005,FraNchEstYN
1978-07-16,1978.0,51.223207,FraNchEstYN
1978-07-17,1978.0,51.58033400000001,FraNchEstYN
1978-07-18,1978.0,51.583534,FraNchEstYN
1978-07-19,1978.0,51.583534,FraNchEstYN
1978-07-20,1978.0,51.583534,FraNchEstYN
1978-07-21,1978.0,51.583540000000006,FraNchEstYN
1978-07-22,1978.0,51.583540000000006,FraNchEstYN
1978-07-23,1978.0,51.583540000000006,FraNchEstYN
1978-07-24,1978.0,51.583650000000006,FraNchEstYN
1978-07-25,1978.0,51.62559,FraNchEstYN
1978-07-26,1978.0,51.62561,FraNchEstYN
1978-07-27,1978.0,51.62561,FraNchEstYN
1978-07-28,1978.0,51.62561,FraNchEstYN
1978-07-29,1978.0,51.661587,FraNchEstYN
1978-07-30,1978.0,51.661587,FraNchEstYN
1978-07-31,1978.0,51.661587,FraNchEstYN
1978-09-28,1978.0,0.0,FraNchEstYN
1978-09-29,1978.0,0.0,FraNchEstYN
1978-09-30,1978.0,0.0,FraNchEstYN
1978-10-01,1978.0,0.0,FraNchEstYN
1978-10-02,1978.0,0.0,FraNchEstYN
1978-10-03,1978.0,0.0,FraNchEstYN
1978-10-04,1978.0,0.0,FraNchEstYN
1978-10-05,1978.0,0.0,FraNchEstYN
1978-10-06,1978.0,0.0,FraNchEstYN
1978-10-07,1978.0,0.0,FraNchEstYN
1978-10-08,1978.0,0.0,FraNchEstYN
1978-10-09,1978.0,0.0,FraNchEstYN
1978-10-10,1978.0,0.0,FraNchEstYN
1978-10-11,1978.0,0.0,FraNchEstYN
1978-10-12,1978.0,0.0,FraNchEstYN
1978-10-13,1978.0,0.0,FraNchEstYN
1978-10-14,1978.0,0.0,FraNchEstYN
1978-10-15,1978.0,0.0,FraNchEstYN
1978-10-16,1978.0,0.0,FraNchEstYN
1978-10-17,1978.0,0.0,FraNchEstYN
1978-10-18,1978.0,0.0,FraNchEstYN
1978-10-19,1978.0,0.0,FraNchEstYN
1978-10-20,1978.0,0.0,FraNchEstYN
1978-10-21,1978.0,0.0,FraNchEstYN
1978-10-22,1978.0,0.0,FraNchEstYN
1978-10-23,1978.0,0.0,FraNchEstYN
1978-10-24,1978.0,0.0,FraNchEstYN
1978-10-25,1978.0,0.0,FraNchEstYN
1978-10-26,1978.0,0.0,FraNchEstYN
1978-10-27,1978.0,0.0,FraNchEstYN
1978-10-28,1978.0,0.0,FraNchEstYN
1978-10-29,1978.0,0.0,FraNchEstYN
1978-10-30,1978.0,0.0,FraNchEstYN
1978-10-31,1978.0,0.0,FraNchEstYN
1978-11-01,1978.0,0.0,FraNchEstYN
1978-11-02,1978.0,0.0,FraNchEstYN
1978-11-03,1978.0,0.0,FraNchEstYN
1978-11-04,1978.0,0.0,FraNchEstYN
1978-11-05,1978.0,0.0,FraNchEstYN
1978-11-06,1978.0,0.0,FraNchEstYN
1978-11-07,1978.0,0.0,FraNchEstYN
1978-11-08,1978.0,0.0,FraNchEstYN
1978-11-09,1978.0,0.0,FraNchEstYN
1978-11-10,1978.0,0.0,FraNchEstYN
1978-11-11,1978.0,0.0,FraNchEstYN
1978-11-12,1978.0,0.0,FraNchEstYN
1978-11-13,1978.0,0.0,FraNchEstYN
1978-11-14,1978.0,0.0,FraNchEstYN
1978-11-15,1978.0,0.0,FraNchEstYN
1978-11-16,1978.0,0.0,FraNchEstYN
1978-11-17,1978.0,0.0,FraNchEstYN
1978-11-18,1978.0,0.0,FraNchEstYN
1978-11-19,1978.0,0.0,FraNchEstYN
1978-11-20,1978.0,0.0,FraNchEstYN
1978-11-21,1978.0,0.0,FraNchEstYN
1978-11-22,1978.0,0.0,FraNchEstYN
1978-11-23,1978.0,0.0,FraNchEstYN
1978-11-24,1978.0,0.0,FraNchEstYN
1978-11-25,1978.0,0.0,FraNchEstYN
1978-11-26,1978.0,0.0,FraNchEstYN
1978-11-27,1978.0,0.0,FraNchEstYN
1978-11-28,1978.0,0.0,FraNchEstYN
1978-11-29,1978.0,0.0,FraNchEstYN
1978-11-30,1978.0,0.0,FraNchEstYN
1978-12-01,1978.0,0.0,FraNchEstYN
1978-12-02,1978.0,0.0,FraNchEstYN
1978-12-03,1978.0,0.0,FraNchEstYN
1978-12-04,1978.0,0.0,FraNchEstYN
1978-12-05,1978.0,0.0,FraNchEstYN
1978-12-06,1978.0,0.0,FraNchEstYN
1978-12-07,1978.0,0.0,FraNchEstYN
1978-12-08,1978.0,0.0,FraNchEstYN
1978-12-09,1978.0,0.0,FraNchEstYN
1978-12-10,1978.0,0.0,FraNchEstYN
1978-12-11,1978.0,0.0,FraNchEstYN
1978-12-12,1978.0,0.0,FraNchEstYN
1978-12-13,1978.0,0.0,FraNchEstYN
1978-12-14,1978.0,0.0,FraNchEstYN
1978-12-15,1978.0,0.0,FraNchEstYN
1978-12-16,1978.0,0.0,FraNchEstYN
1978-12-17,1978.0,0.0,FraNchEstYN
1978-12-18,1978.0,0.0,FraNchEstYN
1978-12-19,1978.0,0.0,FraNchEstYN
1978-12-20,1978.0,0.0,FraNchEstYN
1978-12-21,1978.0,0.0,FraNchEstYN
1978-12-22,1978.0,0.0,FraNchEstYN
1978-12-23,1978.0,0.0,FraNchEstYN
1978-12-24,1978.0,0.0,FraNchEstYN
1978-12-25,1978.0,0.0,FraNchEstYN
1978-12-26,1978.0,0.0,FraNchEstYN
1978-12-27,1978.0,0.0,FraNchEstYN
1978-12-28,1978.0,0.0,FraNchEstYN
1978-12-29,1978.0,0.0,FraNchEstYN
1978-12-30,1978.0,0.0,FraNchEstYN
1978-12-31,1978.0,0.0,FraNchEstYN
1979-01-01,1979.0,0.0,FraNchEstYN
1979-01-02,1979.0,0.0,FraNchEstYN
1979-01-03,1979.0,0.0,FraNchEstYN
1979-01-04,1979.0,0.0,FraNchEstYN
1979-01-05,1979.0,0.0,FraNchEstYN
1979-01-06,1979.0,0.0,FraNchEstYN
1979-01-07,1979.0,0.0,FraNchEstYN
1979-01-08,1979.0,0.0,FraNchEstYN
1979-01-09,1979.0,0.0,FraNchEstYN
1979-01-10,1979.0,0.0,FraNchEstYN
1979-01-11,1979.0,0.0,FraNchEstYN
1979-01-12,1979.0,0.0,FraNchEstYN
1979-01-13,1979.0,0.0,FraNchEstYN
1979-01-14,1979.0,0.0,FraNchEstYN
1979-01-15,1979.0,0.0,FraNchEstYN
1979-01-16,1979.0,0.0,FraNchEstYN
1979-01-17,1979.0,0.0,FraNchEstYN
1979-01-18,1979.0,0.0,FraNchEstYN
1979-01-19,1979.0,0.0,FraNchEstYN
1979-01-20,1979.0,0.0,FraNchEstYN
1979-01-21,1979.0,0.0,FraNchEstYN
1979-01-22,1979.0,0.0,FraNchEstYN
1979-01-23,1979.0,0.0,FraNchEstYN
1979-01-24,1979.0,0.0,FraNchEstYN
1979-01-25,1979.0,0.0,FraNchEstYN
1979-01-26,1979.0,0.0,FraNchEstYN
1979-01-27,1979.0,0.0,FraNchEstYN
1979-01-28,1979.0,0.0,FraNchEstYN
1979-01-29,1979.0,0.0,FraNchEstYN
1979-01-30,1979.0,0.0,FraNchEstYN
1979-01-31,1979.0,0.0,FraNchEstYN
1979-02-01,1979.0,0.0,FraNchEstYN
1979-02-02,1979.0,0.0,FraNchEstYN
1979-02-03,1979.0,0.0,FraNchEstYN
1979-02-04,1979.0,0.0,FraNchEstYN
1979-02-05,1979.0,0.0,FraNchEstYN
1979-02-06,1979.0,0.0,FraNchEstYN
1979-02-07,1979.0,0.0,FraNchEstYN
1979-02-08,1979.0,0.0,FraNchEstYN
1979-02-09,1979.0,0.0,FraNchEstYN
1979-02-10,1979.0,0.0,FraNchEstYN
1979-02-11,1979.0,0.0,FraNchEstYN
1979-02-12,1979.0,0.0,FraNchEstYN
1979-02-13,1979.0,0.0,FraNchEstYN
1979-02-14,1979.0,0.0,FraNchEstYN
1979-02-15,1979.0,0.0,FraNchEstYN
1979-02-16,1979.0,0.0,FraNchEstYN
1979-02-17,1979.0,0.0,FraNchEstYN
1979-02-18,1979.0,0.0,FraNchEstYN
1979-02-19,1979.0,0.0,FraNchEstYN
1979-02-20,1979.0,0.0,FraNchEstYN
1979-02-21,1979.0,0.0,FraNchEstYN
1979-02-22,1979.0,0.0,FraNchEstYN
1979-02-23,1979.0,0.0,FraNchEstYN
1979-02-24,1979.0,0.0,FraNchEstYN
1979-02-25,1979.0,0.0,FraNchEstYN
1979-02-26,1979.0,0.0,FraNchEstYN
1979-02-27,1979.0,0.0,FraNchEstYN
1979-02-28,1979.0,0.0,FraNchEstYN
1979-03-01,1979.0,0.0,FraNchEstYN
1979-03-02,1979.0,0.0,FraNchEstYN
1979-03-03,1979.0,0.0,FraNchEstYN
1979-03-04,1979.0,0.0,FraNchEstYN
1979-03-05,1979.0,0.0,FraNchEstYN
1979-03-06,1979.0,0.0,FraNchEstYN
1979-03-07,1979.0,0.0,FraNchEstYN
1979-03-08,1979.0,0.0,FraNchEstYN
1979-03-09,1979.0,0.0,FraNchEstYN
1979-03-10,1979.0,0.0,FraNchEstYN
1979-03-11,1979.0,0.0,FraNchEstYN
1979-03-12,1979.0,0.0,FraNchEstYN
1979-03-13,1979.0,0.0,FraNchEstYN
1979-03-14,1979.0,0.0,FraNchEstYN
1979-03-15,1979.0,0.0,FraNchEstYN
1979-03-16,1979.0,0.0,FraNchEstYN
1979-03-17,1979.0,0.0,FraNchEstYN
1979-03-18,1979.0,0.0,FraNchEstYN
1979-03-19,1979.0,0.0,FraNchEstYN
1979-03-20,1979.0,0.0,FraNchEstYN
1979-03-21,1979.0,0.0,FraNchEstYN
1979-03-22,1979.0,0.0,FraNchEstYN
1979-03-23,1979.0,0.0,FraNchEstYN
1979-03-24,1979.0,0.0,FraNchEstYN
1979-03-25,1979.0,0.0,FraNchEstYN
1979-03-26,1979.0,0.0,FraNchEstYN
1979-03-27,1979.0,0.0,FraNchEstYN
1979-03-28,1979.0,0.0,FraNchEstYN
1979-03-29,1979.0,0.0,FraNchEstYN
1979-03-30,1979.0,0.0,FraNchEstYN
1979-03-31,1979.0,0.0,FraNchEstYN
1979-04-01,1979.0,0.0,FraNchEstYN
1979-04-02,1979.0,0.0,FraNchEstYN
1979-04-03,1979.0,0.0,FraNchEstYN
1979-04-04,1979.0,0.0,FraNchEstYN
1979-04-05,1979.0,0.0,FraNchEstYN
1979-04-06,1979.0,0.0,FraNchEstYN
1979-04-07,1979.0,0.0,FraNchEstYN
1979-04-08,1979.0,0.0,FraNchEstYN
1979-04-09,1979.0,0.0,FraNchEstYN
1979-04-10,1979.0,0.0,FraNchEstYN
1979-04-11,1979.0,0.0,FraNchEstYN
1979-04-12,1979.0,0.0,FraNchEstYN
1979-04-13,1979.0,0.0,FraNchEstYN
1979-04-14,1979.0,0.0,FraNchEstYN
1979-04-15,1979.0,0.0,FraNchEstYN
1979-04-16,1979.0,0.0,FraNchEstYN
1979-04-17,1979.0,0.0,FraNchEstYN
1979-04-18,1979.0,0.0,FraNchEstYN
1979-04-19,1979.0,0.0,FraNchEstYN
1979-04-20,1979.0,0.0,FraNchEstYN
1979-04-21,1979.0,0.0,FraNchEstYN
1979-04-22,1979.0,0.0,FraNchEstYN
1979-04-23,1979.0,0.0,FraNchEstYN
1979-04-24,1979.0,0.0,FraNchEstYN
1979-04-25,1979.0,0.0,FraNchEstYN
1979-04-26,1979.0,0.0,FraNchEstYN
1979-04-27,1979.0,0.0,FraNchEstYN
1979-04-28,1979.0,0.0,FraNchEstYN
1979-04-29,1979.0,0.0,FraNchEstYN
1979-04-30,1979.0,0.0,FraNchEstYN
1979-05-01,1979.0,0.0,FraNchEstYN
1979-05-02,1979.0,0.0,FraNchEstYN
1979-05-03,1979.0,0.0,FraNchEstYN
1979-05-04,1979.0,0.0,FraNchEstYN
1979-05-05,1979.0,0.0,FraNchEstYN
1979-05-06,1979.0,0.0,FraNchEstYN
1979-05-07,1979.0,0.0,FraNchEstYN
1979-05-08,1979.0,0.0,FraNchEstYN
1979-05-09,1979.0,0.0,FraNchEstYN
1979-05-10,1979.0,0.0,FraNchEstYN
1979-05-11,1979.0,0.0,FraNchEstYN
1979-05-12,1979.0,0.0,FraNchEstYN
1979-05-13,1979.0,0.0,FraNchEstYN
1979-05-14,1979.0,0.0,FraNchEstYN
1979-05-15,1979.0,0.0,FraNchEstYN
1979-05-16,1979.0,2.517804,FraNchEstYN
1979-05-17,1979.0,2.517804,FraNchEstYN
1979-05-18,1979.0,2.517804,FraNchEstYN
1979-05-19,1979.0,10.297285,FraNchEstYN
1979-05-20,1979.0,10.297285,FraNchEstYN
1979-05-21,1979.0,13.270229,FraNchEstYN
1979-05-22,1979.0,13.270229,FraNchEstYN
1979-05-23,1979.0,16.59874,FraNchEstYN
1979-05-24,1979.0,16.59874,FraNchEstYN
1979-05-25,1979.0,16.59874,FraNchEstYN
1979-05-26,1979.0,16.59874,FraNchEstYN
1979-05-27,1979.0,16.59874,FraNchEstYN
1979-05-28,1979.0,16.59874,FraNchEstYN
1979-05-29,1979.0,18.903043999999998,FraNchEstYN
1979-05-30,1979.0,21.188249,FraNchEstYN
1979-05-31,1979.0,24.866743,FraNchEstYN
1979-06-01,1979.0,28.023386,FraNchEstYN
1979-06-02,1979.0,28.023386,FraNchEstYN
1979-06-03,1979.0,28.023386,FraNchEstYN
1979-06-04,1979.0,28.023386,FraNchEstYN
1979-06-05,1979.0,28.023386,FraNchEstYN
1979-06-06,1979.0,30.12093,FraNchEstYN
1979-06-07,1979.0,30.12093,FraNchEstYN
1979-06-08,1979.0,30.12093,FraNchEstYN
1979-06-09,1979.0,30.12093,FraNchEstYN
1979-06-10,1979.0,31.931815000000004,FraNchEstYN
1979-06-11,1979.0,31.982625,FraNchEstYN
1979-06-12,1979.0,32.016096,FraNchEstYN
1979-06-13,1979.0,32.016096,FraNchEstYN
1979-06-14,1979.0,32.016096,FraNchEstYN
1979-06-15,1979.0,33.552215000000004,FraNchEstYN
1979-06-16,1979.0,35.990703,FraNchEstYN
1979-06-17,1979.0,35.990703,FraNchEstYN
1979-06-18,1979.0,35.990703,FraNchEstYN
1979-06-19,1979.0,35.990703,FraNchEstYN
1979-06-20,1979.0,37.39069,FraNchEstYN
1979-06-21,1979.0,40.274262,FraNchEstYN
1979-06-22,1979.0,43.15135,FraNchEstYN
1979-06-23,1979.0,44.012278,FraNchEstYN
1979-06-24,1979.0,44.24489,FraNchEstYN
1979-06-25,1979.0,44.24489,FraNchEstYN
1979-06-26,1979.0,44.24489,FraNchEstYN
1979-06-27,1979.0,44.24489,FraNchEstYN
1979-06-28,1979.0,44.670336999999996,FraNchEstYN
1979-06-29,1979.0,44.670336999999996,FraNchEstYN
1979-06-30,1979.0,44.734353,FraNchEstYN
1979-07-01,1979.0,44.734353,FraNchEstYN
1979-07-02,1979.0,44.909,FraNchEstYN
1979-07-03,1979.0,45.46252,FraNchEstYN
1979-07-04,1979.0,45.911837,FraNchEstYN
1979-07-05,1979.0,46.280854999999995,FraNchEstYN
1979-07-06,1979.0,46.599218,FraNchEstYN
1979-07-07,1979.0,46.60042,FraNchEstYN
1979-07-08,1979.0,46.60042,FraNchEstYN
1979-07-09,1979.0,46.60042,FraNchEstYN
1979-07-10,1979.0,46.60042,FraNchEstYN
1979-07-11,1979.0,46.600416,FraNchEstYN
1979-07-12,1979.0,46.600416,FraNchEstYN
1979-07-13,1979.0,46.60046,FraNchEstYN
1979-07-14,1979.0,46.72944,FraNchEstYN
1979-07-15,1979.0,46.81629,FraNchEstYN
1979-07-16,1979.0,46.816295000000004,FraNchEstYN
1979-07-17,1979.0,46.816295000000004,FraNchEstYN
1979-07-18,1979.0,46.816295000000004,FraNchEstYN
1979-07-19,1979.0,46.845895,FraNchEstYN
1979-07-20,1979.0,46.845895,FraNchEstYN
1979-10-05,1979.0,0.0,FraNchEstYN
1979-10-06,1979.0,0.0,FraNchEstYN
1979-10-07,1979.0,0.0,FraNchEstYN
1979-10-08,1979.0,0.0,FraNchEstYN
1979-10-09,1979.0,0.0,FraNchEstYN
1979-10-10,1979.0,0.0,FraNchEstYN
1979-10-11,1979.0,0.0,FraNchEstYN
1979-10-12,1979.0,0.0,FraNchEstYN
1979-10-13,1979.0,0.0,FraNchEstYN
1979-10-14,1979.0,0.0,FraNchEstYN
1979-10-15,1979.0,0.0,FraNchEstYN
1979-10-16,1979.0,0.0,FraNchEstYN
1979-10-17,1979.0,0.0,FraNchEstYN
1979-10-18,1979.0,0.0,FraNchEstYN
1979-10-19,1979.0,0.0,FraNchEstYN
1979-10-20,1979.0,0.0,FraNchEstYN
1979-10-21,1979.0,0.0,FraNchEstYN
1979-10-22,1979.0,0.0,FraNchEstYN
1979-10-23,1979.0,0.0,FraNchEstYN
1979-10-24,1979.0,0.0,FraNchEstYN
1979-10-25,1979.0,0.0,FraNchEstYN
1979-10-26,1979.0,0.0,FraNchEstYN
1979-10-27,1979.0,0.0,FraNchEstYN
1979-10-28,1979.0,0.0,FraNchEstYN
1979-10-29,1979.0,0.0,FraNchEstYN
1979-10-30,1979.0,0.0,FraNchEstYN
1979-10-31,1979.0,0.0,FraNchEstYN
1979-11-01,1979.0,0.0,FraNchEstYN
1979-11-02,1979.0,0.0,FraNchEstYN
1979-11-03,1979.0,0.0,FraNchEstYN
1979-11-04,1979.0,0.0,FraNchEstYN
1979-11-05,1979.0,0.0,FraNchEstYN
1979-11-06,1979.0,0.0,FraNchEstYN
1979-11-07,1979.0,0.0,FraNchEstYN
1979-11-08,1979.0,0.0,FraNchEstYN
1979-11-09,1979.0,0.0,FraNchEstYN
1979-11-10,1979.0,0.0,FraNchEstYN
1979-11-11,1979.0,0.0,FraNchEstYN
1979-11-12,1979.0,0.0,FraNchEstYN
1979-11-13,1979.0,0.0,FraNchEstYN
1979-11-14,1979.0,0.0,FraNchEstYN
1979-11-15,1979.0,0.0,FraNchEstYN
1979-11-16,1979.0,0.0,FraNchEstYN
1979-11-17,1979.0,0.0,FraNchEstYN
1979-11-18,1979.0,0.0,FraNchEstYN
1979-11-19,1979.0,0.0,FraNchEstYN
1979-11-20,1979.0,0.0,FraNchEstYN
1979-11-21,1979.0,0.0,FraNchEstYN
1979-11-22,1979.0,0.0,FraNchEstYN
1979-11-23,1979.0,0.0,FraNchEstYN
1979-11-24,1979.0,0.0,FraNchEstYN
1979-11-25,1979.0,0.0,FraNchEstYN
1979-11-26,1979.0,0.0,FraNchEstYN
1979-11-27,1979.0,0.0,FraNchEstYN
1979-11-28,1979.0,0.0,FraNchEstYN
1979-11-29,1979.0,0.0,FraNchEstYN
1979-11-30,1979.0,0.0,FraNchEstYN
1979-12-01,1979.0,0.0,FraNchEstYN
1979-12-02,1979.0,0.0,FraNchEstYN
1979-12-03,1979.0,0.0,FraNchEstYN
1979-12-04,1979.0,0.0,FraNchEstYN
1979-12-05,1979.0,0.0,FraNchEstYN
1979-12-06,1979.0,0.0,FraNchEstYN
1979-12-07,1979.0,0.0,FraNchEstYN
1979-12-08,1979.0,0.0,FraNchEstYN
1979-12-09,1979.0,0.0,FraNchEstYN
1979-12-10,1979.0,0.0,FraNchEstYN
1979-12-11,1979.0,0.0,FraNchEstYN
1979-12-12,1979.0,0.0,FraNchEstYN
1979-12-13,1979.0,0.0,FraNchEstYN
1979-12-14,1979.0,0.0,FraNchEstYN
1979-12-15,1979.0,0.0,FraNchEstYN
1979-12-16,1979.0,0.0,FraNchEstYN
1979-12-17,1979.0,0.0,FraNchEstYN
1979-12-18,1979.0,0.0,FraNchEstYN
1979-12-19,1979.0,0.0,FraNchEstYN
1979-12-20,1979.0,0.0,FraNchEstYN
1979-12-21,1979.0,0.0,FraNchEstYN
1979-12-22,1979.0,0.0,FraNchEstYN
1979-12-23,1979.0,0.0,FraNchEstYN
1979-12-24,1979.0,0.0,FraNchEstYN
1979-12-25,1979.0,0.0,FraNchEstYN
1979-12-26,1979.0,0.0,FraNchEstYN
1979-12-27,1979.0,0.0,FraNchEstYN
1979-12-28,1979.0,0.0,FraNchEstYN
1979-12-29,1979.0,0.0,FraNchEstYN
1979-12-30,1979.0,0.0,FraNchEstYN
1979-12-31,1979.0,0.0,FraNchEstYN
1980-01-01,1980.0,0.0,FraNchEstYN
1980-01-02,1980.0,0.0,FraNchEstYN
1980-01-03,1980.0,0.0,FraNchEstYN
1980-01-04,1980.0,0.0,FraNchEstYN
1980-01-05,1980.0,0.0,FraNchEstYN
1980-01-06,1980.0,0.0,FraNchEstYN
1980-01-07,1980.0,0.0,FraNchEstYN
1980-01-08,1980.0,0.0,FraNchEstYN
1980-01-09,1980.0,0.0,FraNchEstYN
1980-01-10,1980.0,0.0,FraNchEstYN
1980-01-11,1980.0,0.0,FraNchEstYN
1980-01-12,1980.0,0.0,FraNchEstYN
1980-01-13,1980.0,0.0,FraNchEstYN
1980-01-14,1980.0,0.0,FraNchEstYN
1980-01-15,1980.0,0.0,FraNchEstYN
1980-01-16,1980.0,0.0,FraNchEstYN
1980-01-17,1980.0,0.0,FraNchEstYN
1980-01-18,1980.0,0.0,FraNchEstYN
1980-01-19,1980.0,0.0,FraNchEstYN
1980-01-20,1980.0,0.0,FraNchEstYN
1980-01-21,1980.0,0.0,FraNchEstYN
1980-01-22,1980.0,0.0,FraNchEstYN
1980-01-23,1980.0,0.0,FraNchEstYN
1980-01-24,1980.0,0.0,FraNchEstYN
1980-01-25,1980.0,0.0,FraNchEstYN
1980-01-26,1980.0,0.0,FraNchEstYN
1980-01-27,1980.0,0.0,FraNchEstYN
1980-01-28,1980.0,0.0,FraNchEstYN
1980-01-29,1980.0,0.0,FraNchEstYN
1980-01-30,1980.0,0.0,FraNchEstYN
1980-01-31,1980.0,0.0,FraNchEstYN
1980-02-01,1980.0,0.0,FraNchEstYN
1980-02-02,1980.0,0.0,FraNchEstYN
1980-02-03,1980.0,0.0,FraNchEstYN
1980-02-04,1980.0,0.0,FraNchEstYN
1980-02-05,1980.0,0.0,FraNchEstYN
1980-02-06,1980.0,0.0,FraNchEstYN
1980-02-07,1980.0,0.0,FraNchEstYN
1980-02-08,1980.0,0.0,FraNchEstYN
1980-02-09,1980.0,0.0,FraNchEstYN
1980-02-10,1980.0,0.0,FraNchEstYN
1980-02-11,1980.0,0.0,FraNchEstYN
1980-02-12,1980.0,0.0,FraNchEstYN
1980-02-13,1980.0,0.0,FraNchEstYN
1980-02-14,1980.0,0.0,FraNchEstYN
1980-02-15,1980.0,0.0,FraNchEstYN
1980-02-16,1980.0,0.0,FraNchEstYN
1980-02-17,1980.0,0.0,FraNchEstYN
1980-02-18,1980.0,0.0,FraNchEstYN
1980-02-19,1980.0,0.0,FraNchEstYN
1980-02-20,1980.0,0.0,FraNchEstYN
1980-02-21,1980.0,0.0,FraNchEstYN
1980-02-22,1980.0,0.0,FraNchEstYN
1980-02-23,1980.0,0.0,FraNchEstYN
1980-02-24,1980.0,0.0,FraNchEstYN
1980-02-25,1980.0,0.0,FraNchEstYN
1980-02-26,1980.0,0.0,FraNchEstYN
1980-02-27,1980.0,0.0,FraNchEstYN
1980-02-28,1980.0,0.0,FraNchEstYN
1980-02-29,1980.0,0.0,FraNchEstYN
1980-03-01,1980.0,0.0,FraNchEstYN
1980-03-02,1980.0,0.0,FraNchEstYN
1980-03-03,1980.0,0.0,FraNchEstYN
1980-03-04,1980.0,0.0,FraNchEstYN
1980-03-05,1980.0,0.0,FraNchEstYN
1980-03-06,1980.0,0.0,FraNchEstYN
1980-03-07,1980.0,0.0,FraNchEstYN
1980-03-08,1980.0,0.0,FraNchEstYN
1980-03-09,1980.0,0.0,FraNchEstYN
1980-03-10,1980.0,0.0,FraNchEstYN
1980-03-11,1980.0,0.0,FraNchEstYN
1980-03-12,1980.0,0.0,FraNchEstYN
1980-03-13,1980.0,0.0,FraNchEstYN
1980-03-14,1980.0,0.0,FraNchEstYN
1980-03-15,1980.0,0.0,FraNchEstYN
1980-03-16,1980.0,0.0,FraNchEstYN
1980-03-17,1980.0,0.0,FraNchEstYN
1980-03-18,1980.0,0.0,FraNchEstYN
1980-03-19,1980.0,0.0,FraNchEstYN
1980-03-20,1980.0,0.0,FraNchEstYN
1980-03-21,1980.0,0.0,FraNchEstYN
1980-03-22,1980.0,0.0,FraNchEstYN
1980-03-23,1980.0,0.0,FraNchEstYN
1980-03-24,1980.0,0.0,FraNchEstYN
1980-03-25,1980.0,0.0,FraNchEstYN
1980-03-26,1980.0,0.0,FraNchEstYN
1980-03-27,1980.0,0.0,FraNchEstYN
1980-03-28,1980.0,0.0,FraNchEstYN
1980-03-29,1980.0,0.0,FraNchEstYN
1980-03-30,1980.0,0.0,FraNchEstYN
1980-03-31,1980.0,0.0,FraNchEstYN
1980-04-01,1980.0,0.0,FraNchEstYN
1980-04-02,1980.0,0.0,FraNchEstYN
1980-04-03,1980.0,0.0,FraNchEstYN
1980-04-04,1980.0,0.0,FraNchEstYN
1980-04-05,1980.0,0.0,FraNchEstYN
1980-04-06,1980.0,0.0,FraNchEstYN
1980-04-07,1980.0,0.0,FraNchEstYN
1980-04-08,1980.0,0.0,FraNchEstYN
1980-04-09,1980.0,0.0,FraNchEstYN
1980-04-10,1980.0,0.0,FraNchEstYN
1980-04-11,1980.0,0.0,FraNchEstYN
1980-04-12,1980.0,0.0,FraNchEstYN
1980-04-13,1980.0,0.0,FraNchEstYN
1980-04-14,1980.0,0.0,FraNchEstYN
1980-04-15,1980.0,0.0,FraNchEstYN
1980-04-16,1980.0,0.0,FraNchEstYN
1980-04-17,1980.0,0.0,FraNchEstYN
1980-04-18,1980.0,0.0,FraNchEstYN
1980-04-19,1980.0,0.0,FraNchEstYN
1980-04-20,1980.0,0.0,FraNchEstYN
1980-04-21,1980.0,0.0,FraNchEstYN
1980-04-22,1980.0,0.0,FraNchEstYN
1980-04-23,1980.0,0.0,FraNchEstYN
1980-04-24,1980.0,0.0,FraNchEstYN
1980-04-25,1980.0,0.0,FraNchEstYN
1980-04-26,1980.0,0.0,FraNchEstYN
1980-04-27,1980.0,0.0,FraNchEstYN
1980-04-28,1980.0,0.0,FraNchEstYN
1980-04-29,1980.0,0.0,FraNchEstYN
1980-04-30,1980.0,0.0,FraNchEstYN
1980-05-01,1980.0,0.0,FraNchEstYN
1980-05-02,1980.0,0.0,FraNchEstYN
1980-05-03,1980.0,0.0,FraNchEstYN
1980-05-04,1980.0,0.0,FraNchEstYN
1980-05-05,1980.0,0.0,FraNchEstYN
1980-05-06,1980.0,0.0,FraNchEstYN
1980-05-07,1980.0,0.0,FraNchEstYN
1980-05-08,1980.0,0.0,FraNchEstYN
1980-05-09,1980.0,0.0,FraNchEstYN
1980-05-10,1980.0,0.0,FraNchEstYN
1980-05-11,1980.0,0.0,FraNchEstYN
1980-05-12,1980.0,0.0,FraNchEstYN
1980-05-13,1980.0,0.0,FraNchEstYN
1980-05-14,1980.0,0.0,FraNchEstYN
1980-05-15,1980.0,0.0,FraNchEstYN
1980-05-16,1980.0,0.0,FraNchEstYN
1980-05-17,1980.0,0.0,FraNchEstYN
1980-05-18,1980.0,0.0,FraNchEstYN
1980-05-19,1980.0,0.0,FraNchEstYN
1980-05-20,1980.0,0.0,FraNchEstYN
1980-05-21,1980.0,0.0,FraNchEstYN
1980-05-22,1980.0,0.0,FraNchEstYN
1980-05-23,1980.0,0.0,FraNchEstYN
1980-05-24,1980.0,0.0,FraNchEstYN
1980-05-25,1980.0,0.0,FraNchEstYN
1980-05-26,1980.0,0.0,FraNchEstYN
1980-05-27,1980.0,0.0,FraNchEstYN
1980-05-28,1980.0,4.3025807,FraNchEstYN
1980-05-29,1980.0,7.735778,FraNchEstYN
1980-05-30,1980.0,12.512259,FraNchEstYN
1980-05-31,1980.0,12.512259,FraNchEstYN
1980-06-01,1980.0,12.512259,FraNchEstYN
1980-06-02,1980.0,21.235915,FraNchEstYN
1980-06-03,1980.0,23.087564,FraNchEstYN
1980-06-04,1980.0,23.087564,FraNchEstYN
1980-06-05,1980.0,23.087564,FraNchEstYN
1980-06-06,1980.0,23.087564,FraNchEstYN
1980-06-07,1980.0,27.99972,FraNchEstYN
1980-06-08,1980.0,32.276872,FraNchEstYN
1980-06-09,1980.0,32.276872,FraNchEstYN
1980-06-10,1980.0,32.276872,FraNchEstYN
1980-06-11,1980.0,32.276872,FraNchEstYN
1980-06-12,1980.0,32.276872,FraNchEstYN
1980-06-13,1980.0,32.276872,FraNchEstYN
1980-06-14,1980.0,32.276872,FraNchEstYN
1980-06-15,1980.0,35.190377,FraNchEstYN
1980-06-16,1980.0,37.98531,FraNchEstYN
1980-06-17,1980.0,37.98531,FraNchEstYN
1980-06-18,1980.0,42.112884,FraNchEstYN
1980-06-19,1980.0,45.931926000000004,FraNchEstYN
1980-06-20,1980.0,49.81567,FraNchEstYN
1980-06-21,1980.0,49.81567,FraNchEstYN
1980-06-22,1980.0,49.81567,FraNchEstYN
1980-06-23,1980.0,51.08973,FraNchEstYN
1980-06-24,1980.0,53.79686,FraNchEstYN
1980-06-25,1980.0,53.897220000000004,FraNchEstYN
1980-06-26,1980.0,53.897220000000004,FraNchEstYN
1980-06-27,1980.0,54.03008500000001,FraNchEstYN
1980-06-28,1980.0,54.03008500000001,FraNchEstYN
1980-06-29,1980.0,54.03008500000001,FraNchEstYN
1980-06-30,1980.0,54.85021,FraNchEstYN
1980-07-01,1980.0,57.144505,FraNchEstYN
1980-07-02,1980.0,58.65374,FraNchEstYN
1980-07-03,1980.0,58.65374,FraNchEstYN
1980-07-04,1980.0,58.65374,FraNchEstYN
1980-07-05,1980.0,58.816979999999994,FraNchEstYN
1980-07-06,1980.0,58.816979999999994,FraNchEstYN
1980-07-07,1980.0,58.816979999999994,FraNchEstYN
1980-07-08,1980.0,58.816979999999994,FraNchEstYN
1980-07-09,1980.0,59.7397,FraNchEstYN
1980-07-10,1980.0,60.527770000000004,FraNchEstYN
1980-07-11,1980.0,60.563433,FraNchEstYN
1980-07-12,1980.0,60.563433,FraNchEstYN
1980-07-13,1980.0,60.563433,FraNchEstYN
1980-07-14,1980.0,60.563433,FraNchEstYN
1980-07-15,1980.0,60.778475,FraNchEstYN
1980-07-16,1980.0,60.778475,FraNchEstYN
1980-07-17,1980.0,60.929449999999996,FraNchEstYN
1980-07-18,1980.0,60.931575,FraNchEstYN
1980-07-19,1980.0,60.931575,FraNchEstYN
1980-07-20,1980.0,60.932463000000006,FraNchEstYN
1980-07-21,1980.0,60.932463000000006,FraNchEstYN
1980-07-22,1980.0,60.93274400000001,FraNchEstYN
1980-07-23,1980.0,60.980517,FraNchEstYN
1980-07-24,1980.0,61.02393000000001,FraNchEstYN
1980-07-25,1980.0,61.02393000000001,FraNchEstYN
1980-07-26,1980.0,61.023927,FraNchEstYN
1980-07-27,1980.0,61.02393000000001,FraNchEstYN
1980-07-28,1980.0,61.023927,FraNchEstYN
1980-07-29,1980.0,61.023927,FraNchEstYN
1980-07-30,1980.0,61.023927,FraNchEstYN
1980-09-29,1980.0,0.0,FraNchEstYN
1980-09-30,1980.0,0.0,FraNchEstYN
1980-10-01,1980.0,0.0,FraNchEstYN
1980-10-02,1980.0,0.0,FraNchEstYN
1980-10-03,1980.0,0.0,FraNchEstYN
1980-10-04,1980.0,0.0,FraNchEstYN
1980-10-05,1980.0,0.0,FraNchEstYN
1980-10-06,1980.0,0.0,FraNchEstYN
1980-10-07,1980.0,0.0,FraNchEstYN
1980-10-08,1980.0,0.0,FraNchEstYN
1980-10-09,1980.0,0.0,FraNchEstYN
1980-10-10,1980.0,0.0,FraNchEstYN
1980-10-11,1980.0,0.0,FraNchEstYN
1980-10-12,1980.0,0.0,FraNchEstYN
1980-10-13,1980.0,0.0,FraNchEstYN
1980-10-14,1980.0,0.0,FraNchEstYN
1980-10-15,1980.0,0.0,FraNchEstYN
1980-10-16,1980.0,0.0,FraNchEstYN
1980-10-17,1980.0,0.0,FraNchEstYN
1980-10-18,1980.0,0.0,FraNchEstYN
1980-10-19,1980.0,0.0,FraNchEstYN
1980-10-20,1980.0,0.0,FraNchEstYN
1980-10-21,1980.0,0.0,FraNchEstYN
1980-10-22,1980.0,0.0,FraNchEstYN
1980-10-23,1980.0,0.0,FraNchEstYN
1980-10-24,1980.0,0.0,FraNchEstYN
1980-10-25,1980.0,0.0,FraNchEstYN
1980-10-26,1980.0,0.0,FraNchEstYN
1980-10-27,1980.0,0.0,FraNchEstYN
1980-10-28,1980.0,0.0,FraNchEstYN
1980-10-29,1980.0,0.0,FraNchEstYN
1980-10-30,1980.0,0.0,FraNchEstYN
1980-10-31,1980.0,0.0,FraNchEstYN
1980-11-01,1980.0,0.0,FraNchEstYN
1980-11-02,1980.0,0.0,FraNchEstYN
1980-11-03,1980.0,0.0,FraNchEstYN
1980-11-04,1980.0,0.0,FraNchEstYN
1980-11-05,1980.0,0.0,FraNchEstYN
1980-11-06,1980.0,0.0,FraNchEstYN
1980-11-07,1980.0,0.0,FraNchEstYN
1980-11-08,1980.0,0.0,FraNchEstYN
1980-11-09,1980.0,0.0,FraNchEstYN
1980-11-10,1980.0,0.0,FraNchEstYN
1980-11-11,1980.0,0.0,FraNchEstYN
1980-11-12,1980.0,0.0,FraNchEstYN
1980-11-13,1980.0,0.0,FraNchEstYN
1980-11-14,1980.0,0.0,FraNchEstYN
1980-11-15,1980.0,0.0,FraNchEstYN
1980-11-16,1980.0,0.0,FraNchEstYN
1980-11-17,1980.0,0.0,FraNchEstYN
1980-11-18,1980.0,0.0,FraNchEstYN
1980-11-19,1980.0,0.0,FraNchEstYN
1980-11-20,1980.0,0.0,FraNchEstYN
1980-11-21,1980.0,0.0,FraNchEstYN
1980-11-22,1980.0,0.0,FraNchEstYN
1980-11-23,1980.0,0.0,FraNchEstYN
1980-11-24,1980.0,0.0,FraNchEstYN
1980-11-25,1980.0,0.0,FraNchEstYN
1980-11-26,1980.0,0.0,FraNchEstYN
1980-11-27,1980.0,0.0,FraNchEstYN
1980-11-28,1980.0,0.0,FraNchEstYN
1980-11-29,1980.0,0.0,FraNchEstYN
1980-11-30,1980.0,0.0,FraNchEstYN
1980-12-01,1980.0,0.0,FraNchEstYN
1980-12-02,1980.0,0.0,FraNchEstYN
1980-12-03,1980.0,0.0,FraNchEstYN
1980-12-04,1980.0,0.0,FraNchEstYN
1980-12-05,1980.0,0.0,FraNchEstYN
1980-12-06,1980.0,0.0,FraNchEstYN
1980-12-07,1980.0,0.0,FraNchEstYN
1980-12-08,1980.0,0.0,FraNchEstYN
1980-12-09,1980.0,0.0,FraNchEstYN
1980-12-10,1980.0,0.0,FraNchEstYN
1980-12-11,1980.0,0.0,FraNchEstYN
1980-12-12,1980.0,0.0,FraNchEstYN
1980-12-13,1980.0,0.0,FraNchEstYN
1980-12-14,1980.0,0.0,FraNchEstYN
1980-12-15,1980.0,0.0,FraNchEstYN
1980-12-16,1980.0,0.0,FraNchEstYN
1980-12-17,1980.0,0.0,FraNchEstYN
1980-12-18,1980.0,0.0,FraNchEstYN
1980-12-19,1980.0,0.0,FraNchEstYN
1980-12-20,1980.0,0.0,FraNchEstYN
1980-12-21,1980.0,0.0,FraNchEstYN
1980-12-22,1980.0,0.0,FraNchEstYN
1980-12-23,1980.0,0.0,FraNchEstYN
1980-12-24,1980.0,0.0,FraNchEstYN
1980-12-25,1980.0,0.0,FraNchEstYN
1980-12-26,1980.0,0.0,FraNchEstYN
1980-12-27,1980.0,0.0,FraNchEstYN
1980-12-28,1980.0,0.0,FraNchEstYN
1980-12-29,1980.0,0.0,FraNchEstYN
1980-12-30,1980.0,0.0,FraNchEstYN
1980-12-31,1980.0,0.0,FraNchEstYN
1981-01-01,1981.0,0.0,FraNchEstYN
1981-01-02,1981.0,0.0,FraNchEstYN
1981-01-03,1981.0,0.0,FraNchEstYN
1981-01-04,1981.0,0.0,FraNchEstYN
1981-01-05,1981.0,0.0,FraNchEstYN
1981-01-06,1981.0,0.0,FraNchEstYN
1981-01-07,1981.0,0.0,FraNchEstYN
1981-01-08,1981.0,0.0,FraNchEstYN
1981-01-09,1981.0,0.0,FraNchEstYN
1981-01-10,1981.0,0.0,FraNchEstYN
1981-01-11,1981.0,0.0,FraNchEstYN
1981-01-12,1981.0,0.0,FraNchEstYN
1981-01-13,1981.0,0.0,FraNchEstYN
1981-01-14,1981.0,0.0,FraNchEstYN
1981-01-15,1981.0,0.0,FraNchEstYN
1981-01-16,1981.0,0.0,FraNchEstYN
1981-01-17,1981.0,0.0,FraNchEstYN
1981-01-18,1981.0,0.0,FraNchEstYN
1981-01-19,1981.0,0.0,FraNchEstYN
1981-01-20,1981.0,0.0,FraNchEstYN
1981-01-21,1981.0,0.0,FraNchEstYN
1981-01-22,1981.0,0.0,FraNchEstYN
1981-01-23,1981.0,0.0,FraNchEstYN
1981-01-24,1981.0,0.0,FraNchEstYN
1981-01-25,1981.0,0.0,FraNchEstYN
1981-01-26,1981.0,0.0,FraNchEstYN
1981-01-27,1981.0,0.0,FraNchEstYN
1981-01-28,1981.0,0.0,FraNchEstYN
1981-01-29,1981.0,0.0,FraNchEstYN
1981-01-30,1981.0,0.0,FraNchEstYN
1981-01-31,1981.0,0.0,FraNchEstYN
1981-02-01,1981.0,0.0,FraNchEstYN
1981-02-02,1981.0,0.0,FraNchEstYN
1981-02-03,1981.0,0.0,FraNchEstYN
1981-02-04,1981.0,0.0,FraNchEstYN
1981-02-05,1981.0,0.0,FraNchEstYN
1981-02-06,1981.0,0.0,FraNchEstYN
1981-02-07,1981.0,0.0,FraNchEstYN
1981-02-08,1981.0,0.0,FraNchEstYN
1981-02-09,1981.0,0.0,FraNchEstYN
1981-02-10,1981.0,0.0,FraNchEstYN
1981-02-11,1981.0,0.0,FraNchEstYN
1981-02-12,1981.0,0.0,FraNchEstYN
1981-02-13,1981.0,0.0,FraNchEstYN
1981-02-14,1981.0,0.0,FraNchEstYN
1981-02-15,1981.0,0.0,FraNchEstYN
1981-02-16,1981.0,0.0,FraNchEstYN
1981-02-17,1981.0,0.0,FraNchEstYN
1981-02-18,1981.0,0.0,FraNchEstYN
1981-02-19,1981.0,0.0,FraNchEstYN
1981-02-20,1981.0,0.0,FraNchEstYN
1981-02-21,1981.0,0.0,FraNchEstYN
1981-02-22,1981.0,0.0,FraNchEstYN
1981-02-23,1981.0,0.0,FraNchEstYN
1981-02-24,1981.0,0.0,FraNchEstYN
1981-02-25,1981.0,0.0,FraNchEstYN
1981-02-26,1981.0,0.0,FraNchEstYN
1981-02-27,1981.0,0.0,FraNchEstYN
1981-02-28,1981.0,0.0,FraNchEstYN
1981-03-01,1981.0,0.0,FraNchEstYN
1981-03-02,1981.0,0.0,FraNchEstYN
1981-03-03,1981.0,0.0,FraNchEstYN
1981-03-04,1981.0,0.0,FraNchEstYN
1981-03-05,1981.0,0.0,FraNchEstYN
1981-03-06,1981.0,0.0,FraNchEstYN
1981-03-07,1981.0,0.0,FraNchEstYN
1981-03-08,1981.0,0.0,FraNchEstYN
1981-03-09,1981.0,0.0,FraNchEstYN
1981-03-10,1981.0,0.0,FraNchEstYN
1981-03-11,1981.0,0.0,FraNchEstYN
1981-03-12,1981.0,0.0,FraNchEstYN
1981-03-13,1981.0,0.0,FraNchEstYN
1981-03-14,1981.0,0.0,FraNchEstYN
1981-03-15,1981.0,0.0,FraNchEstYN
1981-03-16,1981.0,0.0,FraNchEstYN
1981-03-17,1981.0,0.0,FraNchEstYN
1981-03-18,1981.0,0.0,FraNchEstYN
1981-03-19,1981.0,0.0,FraNchEstYN
1981-03-20,1981.0,0.0,FraNchEstYN
1981-03-21,1981.0,0.0,FraNchEstYN
1981-03-22,1981.0,0.0,FraNchEstYN
1981-03-23,1981.0,0.0,FraNchEstYN
1981-03-24,1981.0,0.0,FraNchEstYN
1981-03-25,1981.0,0.0,FraNchEstYN
1981-03-26,1981.0,0.0,FraNchEstYN
1981-03-27,1981.0,0.0,FraNchEstYN
1981-03-28,1981.0,0.0,FraNchEstYN
1981-03-29,1981.0,0.0,FraNchEstYN
1981-03-30,1981.0,0.0,FraNchEstYN
1981-03-31,1981.0,0.0,FraNchEstYN
1981-04-01,1981.0,0.0,FraNchEstYN
1981-04-02,1981.0,0.0,FraNchEstYN
1981-04-03,1981.0,0.0,FraNchEstYN
1981-04-04,1981.0,0.0,FraNchEstYN
1981-04-05,1981.0,0.0,FraNchEstYN
1981-04-06,1981.0,0.0,FraNchEstYN
1981-04-07,1981.0,0.0,FraNchEstYN
1981-04-08,1981.0,0.0,FraNchEstYN
1981-04-09,1981.0,0.0,FraNchEstYN
1981-04-10,1981.0,0.0,FraNchEstYN
1981-04-11,1981.0,0.0,FraNchEstYN
1981-04-12,1981.0,0.0,FraNchEstYN
1981-04-13,1981.0,0.0,FraNchEstYN
1981-04-14,1981.0,0.0,FraNchEstYN
1981-04-15,1981.0,0.0,FraNchEstYN
1981-04-16,1981.0,0.0,FraNchEstYN
1981-04-17,1981.0,0.0,FraNchEstYN
1981-04-18,1981.0,0.0,FraNchEstYN
1981-04-19,1981.0,0.0,FraNchEstYN
1981-04-20,1981.0,0.0,FraNchEstYN
1981-04-21,1981.0,0.0,FraNchEstYN
1981-04-22,1981.0,0.0,FraNchEstYN
1981-04-23,1981.0,0.0,FraNchEstYN
1981-04-24,1981.0,0.0,FraNchEstYN
1981-04-25,1981.0,0.0,FraNchEstYN
1981-04-26,1981.0,0.0,FraNchEstYN
1981-04-27,1981.0,0.0,FraNchEstYN
1981-04-28,1981.0,0.0,FraNchEstYN
1981-04-29,1981.0,0.0,FraNchEstYN
1981-04-30,1981.0,0.0,FraNchEstYN
1981-05-01,1981.0,0.0,FraNchEstYN
1981-05-02,1981.0,0.0,FraNchEstYN
1981-05-03,1981.0,0.0,FraNchEstYN
1981-05-04,1981.0,0.0,FraNchEstYN
1981-05-05,1981.0,1.117114,FraNchEstYN
1981-05-06,1981.0,1.117114,FraNchEstYN
1981-05-07,1981.0,1.117114,FraNchEstYN
1981-05-08,1981.0,4.148462,FraNchEstYN
1981-05-09,1981.0,7.0141196,FraNchEstYN
1981-05-10,1981.0,7.0141196,FraNchEstYN
1981-05-11,1981.0,7.0141196,FraNchEstYN
1981-05-12,1981.0,7.0141196,FraNchEstYN
1981-05-13,1981.0,7.0141196,FraNchEstYN
1981-05-14,1981.0,9.648023,FraNchEstYN
1981-05-15,1981.0,9.648023,FraNchEstYN
1981-05-16,1981.0,9.648023,FraNchEstYN
1981-05-17,1981.0,9.648023,FraNchEstYN
1981-05-18,1981.0,9.648023,FraNchEstYN
1981-05-19,1981.0,9.648023,FraNchEstYN
1981-05-20,1981.0,12.036793,FraNchEstYN
1981-05-21,1981.0,14.941543,FraNchEstYN
1981-05-22,1981.0,14.941543,FraNchEstYN
1981-05-23,1981.0,14.941543,FraNchEstYN
1981-05-24,1981.0,18.023565,FraNchEstYN
1981-05-25,1981.0,21.615201,FraNchEstYN
1981-05-26,1981.0,24.429479,FraNchEstYN
1981-05-27,1981.0,24.429479,FraNchEstYN
1981-05-28,1981.0,24.429479,FraNchEstYN
1981-05-29,1981.0,28.028202,FraNchEstYN
1981-05-30,1981.0,31.683612,FraNchEstYN
1981-05-31,1981.0,31.683612,FraNchEstYN
1981-06-01,1981.0,36.785796,FraNchEstYN
1981-06-02,1981.0,36.920621999999995,FraNchEstYN
1981-06-03,1981.0,39.049947,FraNchEstYN
1981-06-04,1981.0,39.287227,FraNchEstYN
1981-06-05,1981.0,39.313053999999994,FraNchEstYN
1981-06-06,1981.0,39.313053999999994,FraNchEstYN
1981-06-07,1981.0,39.432907,FraNchEstYN
1981-06-08,1981.0,43.342495,FraNchEstYN
1981-06-09,1981.0,46.75654,FraNchEstYN
1981-06-10,1981.0,49.584236999999995,FraNchEstYN
1981-06-11,1981.0,52.68275,FraNchEstYN
1981-06-12,1981.0,52.682759999999995,FraNchEstYN
1981-06-13,1981.0,52.68275,FraNchEstYN
1981-06-14,1981.0,55.54086,FraNchEstYN
1981-06-15,1981.0,55.54086,FraNchEstYN
1981-06-16,1981.0,55.54086,FraNchEstYN
1981-06-17,1981.0,56.35417700000001,FraNchEstYN
1981-06-18,1981.0,57.620853000000004,FraNchEstYN
1981-06-19,1981.0,58.14111,FraNchEstYN
1981-06-20,1981.0,59.96631,FraNchEstYN
1981-06-21,1981.0,61.34154000000001,FraNchEstYN
1981-06-22,1981.0,61.34154000000001,FraNchEstYN
1981-06-23,1981.0,61.49269,FraNchEstYN
1981-06-24,1981.0,62.417860000000005,FraNchEstYN
1981-06-25,1981.0,63.164246,FraNchEstYN
1981-06-26,1981.0,63.164246,FraNchEstYN
1981-06-27,1981.0,63.73176,FraNchEstYN
1981-06-28,1981.0,64.169765,FraNchEstYN
1981-06-29,1981.0,64.18499399999999,FraNchEstYN
1981-06-30,1981.0,64.1919,FraNchEstYN
1981-07-01,1981.0,64.42189,FraNchEstYN
1981-07-02,1981.0,64.42189,FraNchEstYN
1981-07-03,1981.0,64.42189,FraNchEstYN
1981-07-04,1981.0,64.42234,FraNchEstYN
1981-07-05,1981.0,64.42234,FraNchEstYN
1981-07-06,1981.0,64.46469,FraNchEstYN
1981-07-07,1981.0,64.47278,FraNchEstYN
1981-07-08,1981.0,64.47278,FraNchEstYN
1981-07-09,1981.0,64.47278,FraNchEstYN
1981-07-10,1981.0,64.47278,FraNchEstYN
1981-07-11,1981.0,64.47278,FraNchEstYN
1981-07-12,1981.0,64.47278,FraNchEstYN
1981-07-13,1981.0,64.47278,FraNchEstYN
1981-07-14,1981.0,64.47278,FraNchEstYN
1981-07-15,1981.0,64.47278,FraNchEstYN
1981-07-16,1981.0,64.47278,FraNchEstYN
1981-07-17,1981.0,64.47278,FraNchEstYN
1981-09-30,1981.0,0.0,FraNchEstYN
1981-10-01,1981.0,0.0,FraNchEstYN
1981-10-02,1981.0,0.0,FraNchEstYN
1981-10-03,1981.0,0.0,FraNchEstYN
1981-10-04,1981.0,0.0,FraNchEstYN
1981-10-05,1981.0,0.0,FraNchEstYN
1981-10-06,1981.0,0.0,FraNchEstYN
1981-10-07,1981.0,0.0,FraNchEstYN
1981-10-08,1981.0,0.0,FraNchEstYN
1981-10-09,1981.0,0.0,FraNchEstYN
1981-10-10,1981.0,0.0,FraNchEstYN
1981-10-11,1981.0,0.0,FraNchEstYN
1981-10-12,1981.0,0.0,FraNchEstYN
1981-10-13,1981.0,0.0,FraNchEstYN
1981-10-14,1981.0,0.0,FraNchEstYN
1981-10-15,1981.0,0.0,FraNchEstYN
1981-10-16,1981.0,0.0,FraNchEstYN
1981-10-17,1981.0,0.0,FraNchEstYN
1981-10-18,1981.0,0.0,FraNchEstYN
1981-10-19,1981.0,0.0,FraNchEstYN
1981-10-20,1981.0,0.0,FraNchEstYN
1981-10-21,1981.0,0.0,FraNchEstYN
1981-10-22,1981.0,0.0,FraNchEstYN
1981-10-23,1981.0,0.0,FraNchEstYN
1981-10-24,1981.0,0.0,FraNchEstYN
1981-10-25,1981.0,0.0,FraNchEstYN
1981-10-26,1981.0,0.0,FraNchEstYN
1981-10-27,1981.0,0.0,FraNchEstYN
1981-10-28,1981.0,0.0,FraNchEstYN
1981-10-29,1981.0,0.0,FraNchEstYN
1981-10-30,1981.0,0.0,FraNchEstYN
1981-10-31,1981.0,0.0,FraNchEstYN
1981-11-01,1981.0,0.0,FraNchEstYN
1981-11-02,1981.0,0.0,FraNchEstYN
1981-11-03,1981.0,0.0,FraNchEstYN
1981-11-04,1981.0,0.0,FraNchEstYN
1981-11-05,1981.0,0.0,FraNchEstYN
1981-11-06,1981.0,0.0,FraNchEstYN
1981-11-07,1981.0,0.0,FraNchEstYN
1981-11-08,1981.0,0.0,FraNchEstYN
1981-11-09,1981.0,0.0,FraNchEstYN
1981-11-10,1981.0,0.0,FraNchEstYN
1981-11-11,1981.0,0.0,FraNchEstYN
1981-11-12,1981.0,0.0,FraNchEstYN
1981-11-13,1981.0,0.0,FraNchEstYN
1981-11-14,1981.0,0.0,FraNchEstYN
1981-11-15,1981.0,0.0,FraNchEstYN
1981-11-16,1981.0,0.0,FraNchEstYN
1981-11-17,1981.0,0.0,FraNchEstYN
1981-11-18,1981.0,0.0,FraNchEstYN
1981-11-19,1981.0,0.0,FraNchEstYN
1981-11-20,1981.0,0.0,FraNchEstYN
1981-11-21,1981.0,0.0,FraNchEstYN
1981-11-22,1981.0,0.0,FraNchEstYN
1981-11-23,1981.0,0.0,FraNchEstYN
1981-11-24,1981.0,0.0,FraNchEstYN
1981-11-25,1981.0,0.0,FraNchEstYN
1981-11-26,1981.0,0.0,FraNchEstYN
1981-11-27,1981.0,0.0,FraNchEstYN
1981-11-28,1981.0,0.0,FraNchEstYN
1981-11-29,1981.0,0.0,FraNchEstYN
1981-11-30,1981.0,0.0,FraNchEstYN
1981-12-01,1981.0,0.0,FraNchEstYN
1981-12-02,1981.0,0.0,FraNchEstYN
1981-12-03,1981.0,0.0,FraNchEstYN
1981-12-04,1981.0,0.0,FraNchEstYN
1981-12-05,1981.0,0.0,FraNchEstYN
1981-12-06,1981.0,0.0,FraNchEstYN
1981-12-07,1981.0,0.0,FraNchEstYN
1981-12-08,1981.0,0.0,FraNchEstYN
1981-12-09,1981.0,0.0,FraNchEstYN
1981-12-10,1981.0,0.0,FraNchEstYN
1981-12-11,1981.0,0.0,FraNchEstYN
1981-12-12,1981.0,0.0,FraNchEstYN
1981-12-13,1981.0,0.0,FraNchEstYN
1981-12-14,1981.0,0.0,FraNchEstYN
1981-12-15,1981.0,0.0,FraNchEstYN
1981-12-16,1981.0,0.0,FraNchEstYN
1981-12-17,1981.0,0.0,FraNchEstYN
1981-12-18,1981.0,0.0,FraNchEstYN
1981-12-19,1981.0,0.0,FraNchEstYN
1981-12-20,1981.0,0.0,FraNchEstYN
1981-12-21,1981.0,0.0,FraNchEstYN
1981-12-22,1981.0,0.0,FraNchEstYN
1981-12-23,1981.0,0.0,FraNchEstYN
1981-12-24,1981.0,0.0,FraNchEstYN
1981-12-25,1981.0,0.0,FraNchEstYN
1981-12-26,1981.0,0.0,FraNchEstYN
1981-12-27,1981.0,0.0,FraNchEstYN
1981-12-28,1981.0,0.0,FraNchEstYN
1981-12-29,1981.0,0.0,FraNchEstYN
1981-12-30,1981.0,0.0,FraNchEstYN
1981-12-31,1981.0,0.0,FraNchEstYN
1982-01-01,1982.0,0.0,FraNchEstYN
1982-01-02,1982.0,0.0,FraNchEstYN
1982-01-03,1982.0,0.0,FraNchEstYN
1982-01-04,1982.0,0.0,FraNchEstYN
1982-01-05,1982.0,0.0,FraNchEstYN
1982-01-06,1982.0,0.0,FraNchEstYN
1982-01-07,1982.0,0.0,FraNchEstYN
1982-01-08,1982.0,0.0,FraNchEstYN
1982-01-09,1982.0,0.0,FraNchEstYN
1982-01-10,1982.0,0.0,FraNchEstYN
1982-01-11,1982.0,0.0,FraNchEstYN
1982-01-12,1982.0,0.0,FraNchEstYN
1982-01-13,1982.0,0.0,FraNchEstYN
1982-01-14,1982.0,0.0,FraNchEstYN
1982-01-15,1982.0,0.0,FraNchEstYN
1982-01-16,1982.0,0.0,FraNchEstYN
1982-01-17,1982.0,0.0,FraNchEstYN
1982-01-18,1982.0,0.0,FraNchEstYN
1982-01-19,1982.0,0.0,FraNchEstYN
1982-01-20,1982.0,0.0,FraNchEstYN
1982-01-21,1982.0,0.0,FraNchEstYN
1982-01-22,1982.0,0.0,FraNchEstYN
1982-01-23,1982.0,0.0,FraNchEstYN
1982-01-24,1982.0,0.0,FraNchEstYN
1982-01-25,1982.0,0.0,FraNchEstYN
1982-01-26,1982.0,0.0,FraNchEstYN
1982-01-27,1982.0,0.0,FraNchEstYN
1982-01-28,1982.0,0.0,FraNchEstYN
1982-01-29,1982.0,0.0,FraNchEstYN
1982-01-30,1982.0,0.0,FraNchEstYN
1982-01-31,1982.0,0.0,FraNchEstYN
1982-02-01,1982.0,0.0,FraNchEstYN
1982-02-02,1982.0,0.0,FraNchEstYN
1982-02-03,1982.0,0.0,FraNchEstYN
1982-02-04,1982.0,0.0,FraNchEstYN
1982-02-05,1982.0,0.0,FraNchEstYN
1982-02-06,1982.0,0.0,FraNchEstYN
1982-02-07,1982.0,0.0,FraNchEstYN
1982-02-08,1982.0,0.0,FraNchEstYN
1982-02-09,1982.0,0.0,FraNchEstYN
1982-02-10,1982.0,0.0,FraNchEstYN
1982-02-11,1982.0,0.0,FraNchEstYN
1982-02-12,1982.0,0.0,FraNchEstYN
1982-02-13,1982.0,0.0,FraNchEstYN
1982-02-14,1982.0,0.0,FraNchEstYN
1982-02-15,1982.0,0.0,FraNchEstYN
1982-02-16,1982.0,0.0,FraNchEstYN
1982-02-17,1982.0,0.0,FraNchEstYN
1982-02-18,1982.0,0.0,FraNchEstYN
1982-02-19,1982.0,0.0,FraNchEstYN
1982-02-20,1982.0,0.0,FraNchEstYN
1982-02-21,1982.0,0.0,FraNchEstYN
1982-02-22,1982.0,0.0,FraNchEstYN
1982-02-23,1982.0,0.0,FraNchEstYN
1982-02-24,1982.0,0.0,FraNchEstYN
1982-02-25,1982.0,0.0,FraNchEstYN
1982-02-26,1982.0,0.0,FraNchEstYN
1982-02-27,1982.0,0.0,FraNchEstYN
1982-02-28,1982.0,0.0,FraNchEstYN
1982-03-01,1982.0,0.0,FraNchEstYN
1982-03-02,1982.0,0.0,FraNchEstYN
1982-03-03,1982.0,0.0,FraNchEstYN
1982-03-04,1982.0,0.0,FraNchEstYN
1982-03-05,1982.0,0.0,FraNchEstYN
1982-03-06,1982.0,0.0,FraNchEstYN
1982-03-07,1982.0,0.0,FraNchEstYN
1982-03-08,1982.0,0.0,FraNchEstYN
1982-03-09,1982.0,0.0,FraNchEstYN
1982-03-10,1982.0,0.0,FraNchEstYN
1982-03-11,1982.0,0.0,FraNchEstYN
1982-03-12,1982.0,0.0,FraNchEstYN
1982-03-13,1982.0,0.0,FraNchEstYN
1982-03-14,1982.0,0.0,FraNchEstYN
1982-03-15,1982.0,0.0,FraNchEstYN
1982-03-16,1982.0,0.0,FraNchEstYN
1982-03-17,1982.0,0.0,FraNchEstYN
1982-03-18,1982.0,0.0,FraNchEstYN
1982-03-19,1982.0,0.0,FraNchEstYN
1982-03-20,1982.0,0.0,FraNchEstYN
1982-03-21,1982.0,0.0,FraNchEstYN
1982-03-22,1982.0,0.0,FraNchEstYN
1982-03-23,1982.0,0.0,FraNchEstYN
1982-03-24,1982.0,0.0,FraNchEstYN
1982-03-25,1982.0,0.0,FraNchEstYN
1982-03-26,1982.0,0.0,FraNchEstYN
1982-03-27,1982.0,0.0,FraNchEstYN
1982-03-28,1982.0,0.0,FraNchEstYN
1982-03-29,1982.0,0.0,FraNchEstYN
1982-03-30,1982.0,0.0,FraNchEstYN
1982-03-31,1982.0,0.0,FraNchEstYN
1982-04-01,1982.0,0.0,FraNchEstYN
1982-04-02,1982.0,0.0,FraNchEstYN
1982-04-03,1982.0,0.0,FraNchEstYN
1982-04-04,1982.0,0.0,FraNchEstYN
1982-04-05,1982.0,0.0,FraNchEstYN
1982-04-06,1982.0,0.0,FraNchEstYN
1982-04-07,1982.0,0.0,FraNchEstYN
1982-04-08,1982.0,0.0,FraNchEstYN
1982-04-09,1982.0,0.0,FraNchEstYN
1982-04-10,1982.0,0.0,FraNchEstYN
1982-04-11,1982.0,0.0,FraNchEstYN
1982-04-12,1982.0,0.0,FraNchEstYN
1982-04-13,1982.0,0.0,FraNchEstYN
1982-04-14,1982.0,0.0,FraNchEstYN
1982-04-15,1982.0,0.0,FraNchEstYN
1982-04-16,1982.0,0.0,FraNchEstYN
1982-04-17,1982.0,0.0,FraNchEstYN
1982-04-18,1982.0,0.0,FraNchEstYN
1982-04-19,1982.0,0.0,FraNchEstYN
1982-04-20,1982.0,0.0,FraNchEstYN
1982-04-21,1982.0,0.0,FraNchEstYN
1982-04-22,1982.0,0.0,FraNchEstYN
1982-04-23,1982.0,0.0,FraNchEstYN
1982-04-24,1982.0,0.0,FraNchEstYN
1982-04-25,1982.0,0.0,FraNchEstYN
1982-04-26,1982.0,0.0,FraNchEstYN
1982-04-27,1982.0,0.0,FraNchEstYN
1982-04-28,1982.0,0.0,FraNchEstYN
1982-04-29,1982.0,0.0,FraNchEstYN
1982-04-30,1982.0,0.0,FraNchEstYN
1982-05-01,1982.0,0.0,FraNchEstYN
1982-05-02,1982.0,0.0,FraNchEstYN
1982-05-03,1982.0,0.0,FraNchEstYN
1982-05-04,1982.0,0.0,FraNchEstYN
1982-05-05,1982.0,0.0,FraNchEstYN
1982-05-06,1982.0,0.0,FraNchEstYN
1982-05-07,1982.0,0.0,FraNchEstYN
1982-05-08,1982.0,0.0,FraNchEstYN
1982-05-09,1982.0,0.0,FraNchEstYN
1982-05-10,1982.0,0.0,FraNchEstYN
1982-05-11,1982.0,0.0,FraNchEstYN
1982-05-12,1982.0,0.0,FraNchEstYN
1982-05-13,1982.0,0.0,FraNchEstYN
1982-05-14,1982.0,0.0,FraNchEstYN
1982-05-15,1982.0,0.0,FraNchEstYN
1982-05-16,1982.0,0.0,FraNchEstYN
1982-05-17,1982.0,0.0,FraNchEstYN
1982-05-18,1982.0,0.0,FraNchEstYN
1982-05-19,1982.0,0.0,FraNchEstYN
1982-05-20,1982.0,0.0,FraNchEstYN
1982-05-21,1982.0,2.3326771,FraNchEstYN
1982-05-22,1982.0,6.9294356,FraNchEstYN
1982-05-23,1982.0,6.9294356,FraNchEstYN
1982-05-24,1982.0,6.9294356,FraNchEstYN
1982-05-25,1982.0,6.9294356,FraNchEstYN
1982-05-26,1982.0,6.9294356,FraNchEstYN
1982-05-27,1982.0,6.9294356,FraNchEstYN
1982-05-28,1982.0,6.9294356,FraNchEstYN
1982-05-29,1982.0,6.9294356,FraNchEstYN
1982-05-30,1982.0,6.9294356,FraNchEstYN
1982-05-31,1982.0,6.9294356,FraNchEstYN
1982-06-01,1982.0,6.9294356,FraNchEstYN
1982-06-02,1982.0,9.0152286,FraNchEstYN
1982-06-03,1982.0,9.0152286,FraNchEstYN
1982-06-04,1982.0,9.0152286,FraNchEstYN
1982-06-05,1982.0,14.255441999999999,FraNchEstYN
1982-06-06,1982.0,18.605682,FraNchEstYN
1982-06-07,1982.0,23.52004,FraNchEstYN
1982-06-08,1982.0,25.83443,FraNchEstYN
1982-06-09,1982.0,27.556160000000002,FraNchEstYN
1982-06-10,1982.0,29.849797,FraNchEstYN
1982-06-11,1982.0,33.91978,FraNchEstYN
1982-06-12,1982.0,37.821501000000005,FraNchEstYN
1982-06-13,1982.0,37.821501000000005,FraNchEstYN
1982-06-14,1982.0,41.329858,FraNchEstYN
1982-06-15,1982.0,42.934850000000004,FraNchEstYN
1982-06-16,1982.0,45.75865,FraNchEstYN
1982-06-17,1982.0,45.75865,FraNchEstYN
1982-06-18,1982.0,48.236245,FraNchEstYN
1982-06-19,1982.0,50.029576,FraNchEstYN
1982-06-20,1982.0,50.074209999999994,FraNchEstYN
1982-06-21,1982.0,50.074209999999994,FraNchEstYN
1982-06-22,1982.0,50.074209999999994,FraNchEstYN
1982-06-23,1982.0,50.183690000000006,FraNchEstYN
1982-06-24,1982.0,51.91829,FraNchEstYN
1982-06-25,1982.0,53.381449999999994,FraNchEstYN
1982-06-26,1982.0,53.710100000000004,FraNchEstYN
1982-06-27,1982.0,53.710100000000004,FraNchEstYN
1982-06-28,1982.0,53.957975000000005,FraNchEstYN
1982-06-29,1982.0,54.104096,FraNchEstYN
1982-06-30,1982.0,54.104096,FraNchEstYN
1982-07-01,1982.0,54.76885,FraNchEstYN
1982-07-02,1982.0,55.30048600000001,FraNchEstYN
1982-07-03,1982.0,55.30047999999999,FraNchEstYN
1982-07-04,1982.0,55.30047999999999,FraNchEstYN
1982-07-05,1982.0,56.171040000000005,FraNchEstYN
1982-07-06,1982.0,56.171035999999994,FraNchEstYN
1982-07-07,1982.0,56.171035999999994,FraNchEstYN
1982-07-08,1982.0,56.173503000000004,FraNchEstYN
1982-07-09,1982.0,56.1735,FraNchEstYN
1982-07-10,1982.0,56.1735,FraNchEstYN
1982-07-11,1982.0,56.1735,FraNchEstYN
1982-07-12,1982.0,56.23666000000001,FraNchEstYN
1982-07-13,1982.0,56.37294000000001,FraNchEstYN
1982-07-14,1982.0,56.45534,FraNchEstYN
1982-07-15,1982.0,56.455344,FraNchEstYN
1982-07-16,1982.0,56.455344,FraNchEstYN
1982-07-17,1982.0,56.455344,FraNchEstYN
1982-07-18,1982.0,56.455344,FraNchEstYN
1982-07-19,1982.0,56.455344,FraNchEstYN
1982-07-20,1982.0,56.455344,FraNchEstYN
1982-07-21,1982.0,56.455344,FraNchEstYN
1982-10-13,1982.0,0.0,FraNchEstYN
1982-10-14,1982.0,0.0,FraNchEstYN
1982-10-15,1982.0,0.0,FraNchEstYN
1982-10-16,1982.0,0.0,FraNchEstYN
1982-10-17,1982.0,0.0,FraNchEstYN
1982-10-18,1982.0,0.0,FraNchEstYN
1982-10-19,1982.0,0.0,FraNchEstYN
1982-10-20,1982.0,0.0,FraNchEstYN
1982-10-21,1982.0,0.0,FraNchEstYN
1982-10-22,1982.0,0.0,FraNchEstYN
1982-10-23,1982.0,0.0,FraNchEstYN
1982-10-24,1982.0,0.0,FraNchEstYN
1982-10-25,1982.0,0.0,FraNchEstYN
1982-10-26,1982.0,0.0,FraNchEstYN
1982-10-27,1982.0,0.0,FraNchEstYN
1982-10-28,1982.0,0.0,FraNchEstYN
1982-10-29,1982.0,0.0,FraNchEstYN
1982-10-30,1982.0,0.0,FraNchEstYN
1982-10-31,1982.0,0.0,FraNchEstYN
1982-11-01,1982.0,0.0,FraNchEstYN
1982-11-02,1982.0,0.0,FraNchEstYN
1982-11-03,1982.0,0.0,FraNchEstYN
1982-11-04,1982.0,0.0,FraNchEstYN
1982-11-05,1982.0,0.0,FraNchEstYN
1982-11-06,1982.0,0.0,FraNchEstYN
1982-11-07,1982.0,0.0,FraNchEstYN
1982-11-08,1982.0,0.0,FraNchEstYN
1982-11-09,1982.0,0.0,FraNchEstYN
1982-11-10,1982.0,0.0,FraNchEstYN
1982-11-11,1982.0,0.0,FraNchEstYN
1982-11-12,1982.0,0.0,FraNchEstYN
1982-11-13,1982.0,0.0,FraNchEstYN
1982-11-14,1982.0,0.0,FraNchEstYN
1982-11-15,1982.0,0.0,FraNchEstYN
1982-11-16,1982.0,0.0,FraNchEstYN
1982-11-17,1982.0,0.0,FraNchEstYN
1982-11-18,1982.0,0.0,FraNchEstYN
1982-11-19,1982.0,0.0,FraNchEstYN
1982-11-20,1982.0,0.0,FraNchEstYN
1982-11-21,1982.0,0.0,FraNchEstYN
1982-11-22,1982.0,0.0,FraNchEstYN
1982-11-23,1982.0,0.0,FraNchEstYN
1982-11-24,1982.0,0.0,FraNchEstYN
1982-11-25,1982.0,0.0,FraNchEstYN
1982-11-26,1982.0,0.0,FraNchEstYN
1982-11-27,1982.0,0.0,FraNchEstYN
1982-11-28,1982.0,0.0,FraNchEstYN
1982-11-29,1982.0,0.0,FraNchEstYN
1982-11-30,1982.0,0.0,FraNchEstYN
1982-12-01,1982.0,0.0,FraNchEstYN
1982-12-02,1982.0,0.0,FraNchEstYN
1982-12-03,1982.0,0.0,FraNchEstYN
1982-12-04,1982.0,0.0,FraNchEstYN
1982-12-05,1982.0,0.0,FraNchEstYN
1982-12-06,1982.0,0.0,FraNchEstYN
1982-12-07,1982.0,0.0,FraNchEstYN
1982-12-08,1982.0,0.0,FraNchEstYN
1982-12-09,1982.0,0.0,FraNchEstYN
1982-12-10,1982.0,0.0,FraNchEstYN
1982-12-11,1982.0,0.0,FraNchEstYN
1982-12-12,1982.0,0.0,FraNchEstYN
1982-12-13,1982.0,0.0,FraNchEstYN
1982-12-14,1982.0,0.0,FraNchEstYN
1982-12-15,1982.0,0.0,FraNchEstYN
1982-12-16,1982.0,0.0,FraNchEstYN
1982-12-17,1982.0,0.0,FraNchEstYN
1982-12-18,1982.0,0.0,FraNchEstYN
1982-12-19,1982.0,0.0,FraNchEstYN
1982-12-20,1982.0,0.0,FraNchEstYN
1982-12-21,1982.0,0.0,FraNchEstYN
1982-12-22,1982.0,0.0,FraNchEstYN
1982-12-23,1982.0,0.0,FraNchEstYN
1982-12-24,1982.0,0.0,FraNchEstYN
1982-12-25,1982.0,0.0,FraNchEstYN
1982-12-26,1982.0,0.0,FraNchEstYN
1982-12-27,1982.0,0.0,FraNchEstYN
1982-12-28,1982.0,0.0,FraNchEstYN
1982-12-29,1982.0,0.0,FraNchEstYN
1982-12-30,1982.0,0.0,FraNchEstYN
1982-12-31,1982.0,0.0,FraNchEstYN
1983-01-01,1983.0,0.0,FraNchEstYN
1983-01-02,1983.0,0.0,FraNchEstYN
1983-01-03,1983.0,0.0,FraNchEstYN
1983-01-04,1983.0,0.0,FraNchEstYN
1983-01-05,1983.0,0.0,FraNchEstYN
1983-01-06,1983.0,0.0,FraNchEstYN
1983-01-07,1983.0,0.0,FraNchEstYN
1983-01-08,1983.0,0.0,FraNchEstYN
1983-01-09,1983.0,0.0,FraNchEstYN
1983-01-10,1983.0,0.0,FraNchEstYN
1983-01-11,1983.0,0.0,FraNchEstYN
1983-01-12,1983.0,0.0,FraNchEstYN
1983-01-13,1983.0,0.0,FraNchEstYN
1983-01-14,1983.0,0.0,FraNchEstYN
1983-01-15,1983.0,0.0,FraNchEstYN
1983-01-16,1983.0,0.0,FraNchEstYN
1983-01-17,1983.0,0.0,FraNchEstYN
1983-01-18,1983.0,0.0,FraNchEstYN
1983-01-19,1983.0,0.0,FraNchEstYN
1983-01-20,1983.0,0.0,FraNchEstYN
1983-01-21,1983.0,0.0,FraNchEstYN
1983-01-22,1983.0,0.0,FraNchEstYN
1983-01-23,1983.0,0.0,FraNchEstYN
1983-01-24,1983.0,0.0,FraNchEstYN
1983-01-25,1983.0,0.0,FraNchEstYN
1983-01-26,1983.0,0.0,FraNchEstYN
1983-01-27,1983.0,0.0,FraNchEstYN
1983-01-28,1983.0,0.0,FraNchEstYN
1983-01-29,1983.0,0.0,FraNchEstYN
1983-01-30,1983.0,0.0,FraNchEstYN
1983-01-31,1983.0,0.0,FraNchEstYN
1983-02-01,1983.0,0.0,FraNchEstYN
1983-02-02,1983.0,0.0,FraNchEstYN
1983-02-03,1983.0,0.0,FraNchEstYN
1983-02-04,1983.0,0.0,FraNchEstYN
1983-02-05,1983.0,0.0,FraNchEstYN
1983-02-06,1983.0,0.0,FraNchEstYN
1983-02-07,1983.0,0.0,FraNchEstYN
1983-02-08,1983.0,0.0,FraNchEstYN
1983-02-09,1983.0,0.0,FraNchEstYN
1983-02-10,1983.0,0.0,FraNchEstYN
1983-02-11,1983.0,0.0,FraNchEstYN
1983-02-12,1983.0,0.0,FraNchEstYN
1983-02-13,1983.0,0.0,FraNchEstYN
1983-02-14,1983.0,0.0,FraNchEstYN
1983-02-15,1983.0,0.0,FraNchEstYN
1983-02-16,1983.0,0.0,FraNchEstYN
1983-02-17,1983.0,0.0,FraNchEstYN
1983-02-18,1983.0,0.0,FraNchEstYN
1983-02-19,1983.0,0.0,FraNchEstYN
1983-02-20,1983.0,0.0,FraNchEstYN
1983-02-21,1983.0,0.0,FraNchEstYN
1983-02-22,1983.0,0.0,FraNchEstYN
1983-02-23,1983.0,0.0,FraNchEstYN
1983-02-24,1983.0,0.0,FraNchEstYN
1983-02-25,1983.0,0.0,FraNchEstYN
1983-02-26,1983.0,0.0,FraNchEstYN
1983-02-27,1983.0,0.0,FraNchEstYN
1983-02-28,1983.0,0.0,FraNchEstYN
1983-03-01,1983.0,0.0,FraNchEstYN
1983-03-02,1983.0,0.0,FraNchEstYN
1983-03-03,1983.0,0.0,FraNchEstYN
1983-03-04,1983.0,0.0,FraNchEstYN
1983-03-05,1983.0,0.0,FraNchEstYN
1983-03-06,1983.0,0.0,FraNchEstYN
1983-03-07,1983.0,0.0,FraNchEstYN
1983-03-08,1983.0,0.0,FraNchEstYN
1983-03-09,1983.0,0.0,FraNchEstYN
1983-03-10,1983.0,0.0,FraNchEstYN
1983-03-11,1983.0,0.0,FraNchEstYN
1983-03-12,1983.0,0.0,FraNchEstYN
1983-03-13,1983.0,0.0,FraNchEstYN
1983-03-14,1983.0,0.0,FraNchEstYN
1983-03-15,1983.0,0.0,FraNchEstYN
1983-03-16,1983.0,0.0,FraNchEstYN
1983-03-17,1983.0,0.0,FraNchEstYN
1983-03-18,1983.0,0.0,FraNchEstYN
1983-03-19,1983.0,0.0,FraNchEstYN
1983-03-20,1983.0,0.0,FraNchEstYN
1983-03-21,1983.0,0.0,FraNchEstYN
1983-03-22,1983.0,0.0,FraNchEstYN
1983-03-23,1983.0,0.0,FraNchEstYN
1983-03-24,1983.0,0.0,FraNchEstYN
1983-03-25,1983.0,0.0,FraNchEstYN
1983-03-26,1983.0,0.0,FraNchEstYN
1983-03-27,1983.0,0.0,FraNchEstYN
1983-03-28,1983.0,0.0,FraNchEstYN
1983-03-29,1983.0,0.0,FraNchEstYN
1983-03-30,1983.0,0.0,FraNchEstYN
1983-03-31,1983.0,0.0,FraNchEstYN
1983-04-01,1983.0,0.0,FraNchEstYN
1983-04-02,1983.0,0.0,FraNchEstYN
1983-04-03,1983.0,0.0,FraNchEstYN
1983-04-04,1983.0,0.0,FraNchEstYN
1983-04-05,1983.0,0.0,FraNchEstYN
1983-04-06,1983.0,0.0,FraNchEstYN
1983-04-07,1983.0,0.0,FraNchEstYN
1983-04-08,1983.0,0.0,FraNchEstYN
1983-04-09,1983.0,0.0,FraNchEstYN
1983-04-10,1983.0,0.0,FraNchEstYN
1983-04-11,1983.0,0.0,FraNchEstYN
1983-04-12,1983.0,0.0,FraNchEstYN
1983-04-13,1983.0,0.0,FraNchEstYN
1983-04-14,1983.0,0.0,FraNchEstYN
1983-04-15,1983.0,0.0,FraNchEstYN
1983-04-16,1983.0,0.0,FraNchEstYN
1983-04-17,1983.0,0.0,FraNchEstYN
1983-04-18,1983.0,0.0,FraNchEstYN
1983-04-19,1983.0,0.0,FraNchEstYN
1983-04-20,1983.0,0.0,FraNchEstYN
1983-04-21,1983.0,0.0,FraNchEstYN
1983-04-22,1983.0,0.0,FraNchEstYN
1983-04-23,1983.0,0.0,FraNchEstYN
1983-04-24,1983.0,0.0,FraNchEstYN
1983-04-25,1983.0,0.0,FraNchEstYN
1983-04-26,1983.0,0.0,FraNchEstYN
1983-04-27,1983.0,0.0,FraNchEstYN
1983-04-28,1983.0,0.0,FraNchEstYN
1983-04-29,1983.0,0.0,FraNchEstYN
1983-04-30,1983.0,0.0,FraNchEstYN
1983-05-01,1983.0,0.0,FraNchEstYN
1983-05-02,1983.0,0.0,FraNchEstYN
1983-05-03,1983.0,0.0,FraNchEstYN
1983-05-04,1983.0,0.0,FraNchEstYN
1983-05-05,1983.0,0.0,FraNchEstYN
1983-05-06,1983.0,0.0,FraNchEstYN
1983-05-07,1983.0,0.0,FraNchEstYN
1983-05-08,1983.0,0.0,FraNchEstYN
1983-05-09,1983.0,0.0,FraNchEstYN
1983-05-10,1983.0,0.0,FraNchEstYN
1983-05-11,1983.0,0.0,FraNchEstYN
1983-05-12,1983.0,0.0,FraNchEstYN
1983-05-13,1983.0,0.0,FraNchEstYN
1983-05-14,1983.0,0.0,FraNchEstYN
1983-05-15,1983.0,0.0,FraNchEstYN
1983-05-16,1983.0,0.0,FraNchEstYN
1983-05-17,1983.0,0.0,FraNchEstYN
1983-05-18,1983.0,0.0,FraNchEstYN
1983-05-19,1983.0,0.0,FraNchEstYN
1983-05-20,1983.0,0.0,FraNchEstYN
1983-05-21,1983.0,3.1338774,FraNchEstYN
1983-05-22,1983.0,6.1529186,FraNchEstYN
1983-05-23,1983.0,8.985645,FraNchEstYN
1983-05-24,1983.0,13.161394000000001,FraNchEstYN
1983-05-25,1983.0,13.161394000000001,FraNchEstYN
1983-05-26,1983.0,13.161394000000001,FraNchEstYN
1983-05-27,1983.0,13.161394000000001,FraNchEstYN
1983-05-28,1983.0,13.161394000000001,FraNchEstYN
1983-05-29,1983.0,17.967364,FraNchEstYN
1983-05-30,1983.0,17.967364,FraNchEstYN
1983-05-31,1983.0,17.967364,FraNchEstYN
1983-06-01,1983.0,17.967364,FraNchEstYN
1983-06-02,1983.0,17.967364,FraNchEstYN
1983-06-03,1983.0,23.110767,FraNchEstYN
1983-06-04,1983.0,28.038034,FraNchEstYN
1983-06-05,1983.0,28.038034,FraNchEstYN
1983-06-06,1983.0,28.038034,FraNchEstYN
1983-06-07,1983.0,28.038034,FraNchEstYN
1983-06-08,1983.0,32.213547999999996,FraNchEstYN
1983-06-09,1983.0,32.213547999999996,FraNchEstYN
1983-06-10,1983.0,36.471215,FraNchEstYN
1983-06-11,1983.0,37.957278,FraNchEstYN
1983-06-12,1983.0,37.957278,FraNchEstYN
1983-06-13,1983.0,41.40355,FraNchEstYN
1983-06-14,1983.0,44.189447,FraNchEstYN
1983-06-15,1983.0,47.17716,FraNchEstYN
1983-06-16,1983.0,47.296,FraNchEstYN
1983-06-17,1983.0,47.296,FraNchEstYN
1983-06-18,1983.0,50.21603,FraNchEstYN
1983-06-19,1983.0,51.234215000000006,FraNchEstYN
1983-06-20,1983.0,52.517663999999996,FraNchEstYN
1983-06-21,1983.0,55.034479999999995,FraNchEstYN
1983-06-22,1983.0,55.034479999999995,FraNchEstYN
1983-06-23,1983.0,55.034477,FraNchEstYN
1983-06-24,1983.0,55.034479999999995,FraNchEstYN
1983-06-25,1983.0,55.034479999999995,FraNchEstYN
1983-06-26,1983.0,55.034479999999995,FraNchEstYN
1983-06-27,1983.0,55.034479999999995,FraNchEstYN
1983-06-28,1983.0,55.034479999999995,FraNchEstYN
1983-06-29,1983.0,55.034479999999995,FraNchEstYN
1983-06-30,1983.0,57.00363000000001,FraNchEstYN
1983-07-01,1983.0,57.00363000000001,FraNchEstYN
1983-07-02,1983.0,57.00363000000001,FraNchEstYN
1983-07-03,1983.0,57.246244000000004,FraNchEstYN
1983-07-04,1983.0,57.43958,FraNchEstYN
1983-07-05,1983.0,58.014213999999996,FraNchEstYN
1983-07-06,1983.0,58.095220000000005,FraNchEstYN
1983-07-07,1983.0,58.136224999999996,FraNchEstYN
1983-07-08,1983.0,58.13622000000001,FraNchEstYN
1983-07-09,1983.0,58.13622000000001,FraNchEstYN
1983-07-10,1983.0,58.13622000000001,FraNchEstYN
1983-07-11,1983.0,58.13622000000001,FraNchEstYN
1983-07-12,1983.0,58.13622000000001,FraNchEstYN
1983-07-13,1983.0,58.274525,FraNchEstYN
1983-07-14,1983.0,58.48472,FraNchEstYN
1983-07-15,1983.0,58.48472,FraNchEstYN
1983-07-16,1983.0,58.667046,FraNchEstYN
1983-07-17,1983.0,58.782285,FraNchEstYN
1983-07-18,1983.0,58.782285,FraNchEstYN
1983-07-19,1983.0,58.809465,FraNchEstYN
1983-07-20,1983.0,58.809465,FraNchEstYN
1983-07-21,1983.0,58.80948,FraNchEstYN
1983-07-22,1983.0,58.80948,FraNchEstYN
1983-07-23,1983.0,58.80948,FraNchEstYN
1983-07-24,1983.0,58.81758,FraNchEstYN
1983-07-25,1983.0,58.81758,FraNchEstYN
1983-07-26,1983.0,58.81758,FraNchEstYN
1983-07-27,1983.0,58.81758,FraNchEstYN
1983-09-30,1983.0,0.0,FraNchEstYN
1983-10-01,1983.0,0.0,FraNchEstYN
1983-10-02,1983.0,0.0,FraNchEstYN
1983-10-03,1983.0,0.0,FraNchEstYN
1983-10-04,1983.0,0.0,FraNchEstYN
1983-10-05,1983.0,0.0,FraNchEstYN
1983-10-06,1983.0,0.0,FraNchEstYN
1983-10-07,1983.0,0.0,FraNchEstYN
1983-10-08,1983.0,0.0,FraNchEstYN
1983-10-09,1983.0,0.0,FraNchEstYN
1983-10-10,1983.0,0.0,FraNchEstYN
1983-10-11,1983.0,0.0,FraNchEstYN
1983-10-12,1983.0,0.0,FraNchEstYN
1983-10-13,1983.0,0.0,FraNchEstYN
1983-10-14,1983.0,0.0,FraNchEstYN
1983-10-15,1983.0,0.0,FraNchEstYN
1983-10-16,1983.0,0.0,FraNchEstYN
1983-10-17,1983.0,0.0,FraNchEstYN
1983-10-18,1983.0,0.0,FraNchEstYN
1983-10-19,1983.0,0.0,FraNchEstYN
1983-10-20,1983.0,0.0,FraNchEstYN
1983-10-21,1983.0,0.0,FraNchEstYN
1983-10-22,1983.0,0.0,FraNchEstYN
1983-10-23,1983.0,0.0,FraNchEstYN
1983-10-24,1983.0,0.0,FraNchEstYN
1983-10-25,1983.0,0.0,FraNchEstYN
1983-10-26,1983.0,0.0,FraNchEstYN
1983-10-27,1983.0,0.0,FraNchEstYN
1983-10-28,1983.0,0.0,FraNchEstYN
1983-10-29,1983.0,0.0,FraNchEstYN
1983-10-30,1983.0,0.0,FraNchEstYN
1983-10-31,1983.0,0.0,FraNchEstYN
1983-11-01,1983.0,0.0,FraNchEstYN
1983-11-02,1983.0,0.0,FraNchEstYN
1983-11-03,1983.0,0.0,FraNchEstYN
1983-11-04,1983.0,0.0,FraNchEstYN
1983-11-05,1983.0,0.0,FraNchEstYN
1983-11-06,1983.0,0.0,FraNchEstYN
1983-11-07,1983.0,0.0,FraNchEstYN
1983-11-08,1983.0,0.0,FraNchEstYN
1983-11-09,1983.0,0.0,FraNchEstYN
1983-11-10,1983.0,0.0,FraNchEstYN
1983-11-11,1983.0,0.0,FraNchEstYN
1983-11-12,1983.0,0.0,FraNchEstYN
1983-11-13,1983.0,0.0,FraNchEstYN
1983-11-14,1983.0,0.0,FraNchEstYN
1983-11-15,1983.0,0.0,FraNchEstYN
1983-11-16,1983.0,0.0,FraNchEstYN
1983-11-17,1983.0,0.0,FraNchEstYN
1983-11-18,1983.0,0.0,FraNchEstYN
1983-11-19,1983.0,0.0,FraNchEstYN
1983-11-20,1983.0,0.0,FraNchEstYN
1983-11-21,1983.0,0.0,FraNchEstYN
1983-11-22,1983.0,0.0,FraNchEstYN
1983-11-23,1983.0,0.0,FraNchEstYN
1983-11-24,1983.0,0.0,FraNchEstYN
1983-11-25,1983.0,0.0,FraNchEstYN
1983-11-26,1983.0,0.0,FraNchEstYN
1983-11-27,1983.0,0.0,FraNchEstYN
1983-11-28,1983.0,0.0,FraNchEstYN
1983-11-29,1983.0,0.0,FraNchEstYN
1983-11-30,1983.0,0.0,FraNchEstYN
1983-12-01,1983.0,0.0,FraNchEstYN
1983-12-02,1983.0,0.0,FraNchEstYN
1983-12-03,1983.0,0.0,FraNchEstYN
1983-12-04,1983.0,0.0,FraNchEstYN
1983-12-05,1983.0,0.0,FraNchEstYN
1983-12-06,1983.0,0.0,FraNchEstYN
1983-12-07,1983.0,0.0,FraNchEstYN
1983-12-08,1983.0,0.0,FraNchEstYN
1983-12-09,1983.0,0.0,FraNchEstYN
1983-12-10,1983.0,0.0,FraNchEstYN
1983-12-11,1983.0,0.0,FraNchEstYN
1983-12-12,1983.0,0.0,FraNchEstYN
1983-12-13,1983.0,0.0,FraNchEstYN
1983-12-14,1983.0,0.0,FraNchEstYN
1983-12-15,1983.0,0.0,FraNchEstYN
1983-12-16,1983.0,0.0,FraNchEstYN
1983-12-17,1983.0,0.0,FraNchEstYN
1983-12-18,1983.0,0.0,FraNchEstYN
1983-12-19,1983.0,0.0,FraNchEstYN
1983-12-20,1983.0,0.0,FraNchEstYN
1983-12-21,1983.0,0.0,FraNchEstYN
1983-12-22,1983.0,0.0,FraNchEstYN
1983-12-23,1983.0,0.0,FraNchEstYN
1983-12-24,1983.0,0.0,FraNchEstYN
1983-12-25,1983.0,0.0,FraNchEstYN
1983-12-26,1983.0,0.0,FraNchEstYN
1983-12-27,1983.0,0.0,FraNchEstYN
1983-12-28,1983.0,0.0,FraNchEstYN
1983-12-29,1983.0,0.0,FraNchEstYN
1983-12-30,1983.0,0.0,FraNchEstYN
1983-12-31,1983.0,0.0,FraNchEstYN
1984-01-01,1984.0,0.0,FraNchEstYN
1984-01-02,1984.0,0.0,FraNchEstYN
1984-01-03,1984.0,0.0,FraNchEstYN
1984-01-04,1984.0,0.0,FraNchEstYN
1984-01-05,1984.0,0.0,FraNchEstYN
1984-01-06,1984.0,0.0,FraNchEstYN
1984-01-07,1984.0,0.0,FraNchEstYN
1984-01-08,1984.0,0.0,FraNchEstYN
1984-01-09,1984.0,0.0,FraNchEstYN
1984-01-10,1984.0,0.0,FraNchEstYN
1984-01-11,1984.0,0.0,FraNchEstYN
1984-01-12,1984.0,0.0,FraNchEstYN
1984-01-13,1984.0,0.0,FraNchEstYN
1984-01-14,1984.0,0.0,FraNchEstYN
1984-01-15,1984.0,0.0,FraNchEstYN
1984-01-16,1984.0,0.0,FraNchEstYN
1984-01-17,1984.0,0.0,FraNchEstYN
1984-01-18,1984.0,0.0,FraNchEstYN
1984-01-19,1984.0,0.0,FraNchEstYN
1984-01-20,1984.0,0.0,FraNchEstYN
1984-01-21,1984.0,0.0,FraNchEstYN
1984-01-22,1984.0,0.0,FraNchEstYN
1984-01-23,1984.0,0.0,FraNchEstYN
1984-01-24,1984.0,0.0,FraNchEstYN
1984-01-25,1984.0,0.0,FraNchEstYN
1984-01-26,1984.0,0.0,FraNchEstYN
1984-01-27,1984.0,0.0,FraNchEstYN
1984-01-28,1984.0,0.0,FraNchEstYN
1984-01-29,1984.0,0.0,FraNchEstYN
1984-01-30,1984.0,0.0,FraNchEstYN
1984-01-31,1984.0,0.0,FraNchEstYN
1984-02-01,1984.0,0.0,FraNchEstYN
1984-02-02,1984.0,0.0,FraNchEstYN
1984-02-03,1984.0,0.0,FraNchEstYN
1984-02-04,1984.0,0.0,FraNchEstYN
1984-02-05,1984.0,0.0,FraNchEstYN
1984-02-06,1984.0,0.0,FraNchEstYN
1984-02-07,1984.0,0.0,FraNchEstYN
1984-02-08,1984.0,0.0,FraNchEstYN
1984-02-09,1984.0,0.0,FraNchEstYN
1984-02-10,1984.0,0.0,FraNchEstYN
1984-02-11,1984.0,0.0,FraNchEstYN
1984-02-12,1984.0,0.0,FraNchEstYN
1984-02-13,1984.0,0.0,FraNchEstYN
1984-02-14,1984.0,0.0,FraNchEstYN
1984-02-15,1984.0,0.0,FraNchEstYN
1984-02-16,1984.0,0.0,FraNchEstYN
1984-02-17,1984.0,0.0,FraNchEstYN
1984-02-18,1984.0,0.0,FraNchEstYN
1984-02-19,1984.0,0.0,FraNchEstYN
1984-02-20,1984.0,0.0,FraNchEstYN
1984-02-21,1984.0,0.0,FraNchEstYN
1984-02-22,1984.0,0.0,FraNchEstYN
1984-02-23,1984.0,0.0,FraNchEstYN
1984-02-24,1984.0,0.0,FraNchEstYN
1984-02-25,1984.0,0.0,FraNchEstYN
1984-02-26,1984.0,0.0,FraNchEstYN
1984-02-27,1984.0,0.0,FraNchEstYN
1984-02-28,1984.0,0.0,FraNchEstYN
1984-02-29,1984.0,0.0,FraNchEstYN
1984-03-01,1984.0,0.0,FraNchEstYN
1984-03-02,1984.0,0.0,FraNchEstYN
1984-03-03,1984.0,0.0,FraNchEstYN
1984-03-04,1984.0,0.0,FraNchEstYN
1984-03-05,1984.0,0.0,FraNchEstYN
1984-03-06,1984.0,0.0,FraNchEstYN
1984-03-07,1984.0,0.0,FraNchEstYN
1984-03-08,1984.0,0.0,FraNchEstYN
1984-03-09,1984.0,0.0,FraNchEstYN
1984-03-10,1984.0,0.0,FraNchEstYN
1984-03-11,1984.0,0.0,FraNchEstYN
1984-03-12,1984.0,0.0,FraNchEstYN
1984-03-13,1984.0,0.0,FraNchEstYN
1984-03-14,1984.0,0.0,FraNchEstYN
1984-03-15,1984.0,0.0,FraNchEstYN
1984-03-16,1984.0,0.0,FraNchEstYN
1984-03-17,1984.0,0.0,FraNchEstYN
1984-03-18,1984.0,0.0,FraNchEstYN
1984-03-19,1984.0,0.0,FraNchEstYN
1984-03-20,1984.0,0.0,FraNchEstYN
1984-03-21,1984.0,0.0,FraNchEstYN
1984-03-22,1984.0,0.0,FraNchEstYN
1984-03-23,1984.0,0.0,FraNchEstYN
1984-03-24,1984.0,0.0,FraNchEstYN
1984-03-25,1984.0,0.0,FraNchEstYN
1984-03-26,1984.0,0.0,FraNchEstYN
1984-03-27,1984.0,0.0,FraNchEstYN
1984-03-28,1984.0,0.0,FraNchEstYN
1984-03-29,1984.0,0.0,FraNchEstYN
1984-03-30,1984.0,0.0,FraNchEstYN
1984-03-31,1984.0,0.0,FraNchEstYN
1984-04-01,1984.0,0.0,FraNchEstYN
1984-04-02,1984.0,0.0,FraNchEstYN
1984-04-03,1984.0,0.0,FraNchEstYN
1984-04-04,1984.0,0.0,FraNchEstYN
1984-04-05,1984.0,0.0,FraNchEstYN
1984-04-06,1984.0,0.0,FraNchEstYN
1984-04-07,1984.0,0.0,FraNchEstYN
1984-04-08,1984.0,0.0,FraNchEstYN
1984-04-09,1984.0,0.0,FraNchEstYN
1984-04-10,1984.0,0.0,FraNchEstYN
1984-04-11,1984.0,0.0,FraNchEstYN
1984-04-12,1984.0,0.0,FraNchEstYN
1984-04-13,1984.0,0.0,FraNchEstYN
1984-04-14,1984.0,0.0,FraNchEstYN
1984-04-15,1984.0,0.0,FraNchEstYN
1984-04-16,1984.0,0.0,FraNchEstYN
1984-04-17,1984.0,0.0,FraNchEstYN
1984-04-18,1984.0,0.0,FraNchEstYN
1984-04-19,1984.0,0.0,FraNchEstYN
1984-04-20,1984.0,0.0,FraNchEstYN
1984-04-21,1984.0,0.0,FraNchEstYN
1984-04-22,1984.0,0.0,FraNchEstYN
1984-04-23,1984.0,0.0,FraNchEstYN
1984-04-24,1984.0,0.0,FraNchEstYN
1984-04-25,1984.0,0.0,FraNchEstYN
1984-04-26,1984.0,0.0,FraNchEstYN
1984-04-27,1984.0,0.0,FraNchEstYN
1984-04-28,1984.0,0.0,FraNchEstYN
1984-04-29,1984.0,0.0,FraNchEstYN
1984-04-30,1984.0,0.0,FraNchEstYN
1984-05-01,1984.0,0.0,FraNchEstYN
1984-05-02,1984.0,0.0,FraNchEstYN
1984-05-03,1984.0,0.0,FraNchEstYN
1984-05-04,1984.0,0.0,FraNchEstYN
1984-05-05,1984.0,0.0,FraNchEstYN
1984-05-06,1984.0,0.0,FraNchEstYN
1984-05-07,1984.0,0.0,FraNchEstYN
1984-05-08,1984.0,0.0,FraNchEstYN
1984-05-09,1984.0,0.0,FraNchEstYN
1984-05-10,1984.0,0.0,FraNchEstYN
1984-05-11,1984.0,0.0,FraNchEstYN
1984-05-12,1984.0,0.0,FraNchEstYN
1984-05-13,1984.0,0.0,FraNchEstYN
1984-05-14,1984.0,0.0,FraNchEstYN
1984-05-15,1984.0,0.0,FraNchEstYN
1984-05-16,1984.0,0.0,FraNchEstYN
1984-05-17,1984.0,0.0,FraNchEstYN
1984-05-18,1984.0,0.0,FraNchEstYN
1984-05-19,1984.0,0.0,FraNchEstYN
1984-05-20,1984.0,0.0,FraNchEstYN
1984-05-21,1984.0,1.9320978,FraNchEstYN
1984-05-22,1984.0,1.9320978,FraNchEstYN
1984-05-23,1984.0,4.504492,FraNchEstYN
1984-05-24,1984.0,4.504492,FraNchEstYN
1984-05-25,1984.0,4.504492,FraNchEstYN
1984-05-26,1984.0,7.318190500000001,FraNchEstYN
1984-05-27,1984.0,9.9910535,FraNchEstYN
1984-05-28,1984.0,9.9910535,FraNchEstYN
1984-05-29,1984.0,9.9910535,FraNchEstYN
1984-05-30,1984.0,9.9910535,FraNchEstYN
1984-05-31,1984.0,15.172663,FraNchEstYN
1984-06-01,1984.0,15.172663,FraNchEstYN
1984-06-02,1984.0,15.172663,FraNchEstYN
1984-06-03,1984.0,15.172663,FraNchEstYN
1984-06-04,1984.0,15.172663,FraNchEstYN
1984-06-05,1984.0,15.172663,FraNchEstYN
1984-06-06,1984.0,15.172663,FraNchEstYN
1984-06-07,1984.0,20.209745,FraNchEstYN
1984-06-08,1984.0,20.209745,FraNchEstYN
1984-06-09,1984.0,25.238672,FraNchEstYN
1984-06-10,1984.0,29.259005,FraNchEstYN
1984-06-11,1984.0,29.259005,FraNchEstYN
1984-06-12,1984.0,32.392552,FraNchEstYN
1984-06-13,1984.0,35.798076,FraNchEstYN
1984-06-14,1984.0,38.422334,FraNchEstYN
1984-06-15,1984.0,38.422334,FraNchEstYN
1984-06-16,1984.0,38.422334,FraNchEstYN
1984-06-17,1984.0,38.422334,FraNchEstYN
1984-06-18,1984.0,38.54997,FraNchEstYN
1984-06-19,1984.0,38.65954,FraNchEstYN
1984-06-20,1984.0,38.65954,FraNchEstYN
1984-06-21,1984.0,40.067708,FraNchEstYN
1984-06-22,1984.0,41.615412,FraNchEstYN
1984-06-23,1984.0,44.05478,FraNchEstYN
1984-06-24,1984.0,46.49136,FraNchEstYN
1984-06-25,1984.0,47.591418000000004,FraNchEstYN
1984-06-26,1984.0,48.724705,FraNchEstYN
1984-06-27,1984.0,48.724702,FraNchEstYN
1984-06-28,1984.0,48.724702,FraNchEstYN
1984-06-29,1984.0,49.350932,FraNchEstYN
1984-06-30,1984.0,49.350932,FraNchEstYN
1984-07-01,1984.0,50.35187,FraNchEstYN
1984-07-02,1984.0,50.467740000000006,FraNchEstYN
1984-07-03,1984.0,50.909775,FraNchEstYN
1984-07-04,1984.0,50.946769999999994,FraNchEstYN
1984-07-05,1984.0,50.970423,FraNchEstYN
1984-07-06,1984.0,50.984894999999995,FraNchEstYN
1984-07-07,1984.0,51.4444,FraNchEstYN
1984-07-08,1984.0,51.84098,FraNchEstYN
1984-07-09,1984.0,52.026236000000004,FraNchEstYN
1984-07-10,1984.0,52.027214,FraNchEstYN
1984-07-11,1984.0,52.027214,FraNchEstYN
1984-07-12,1984.0,52.02722,FraNchEstYN
1984-07-13,1984.0,52.3228,FraNchEstYN
1984-07-14,1984.0,52.3228,FraNchEstYN
1984-07-15,1984.0,52.32295,FraNchEstYN
1984-07-16,1984.0,52.323,FraNchEstYN
1984-07-17,1984.0,52.323,FraNchEstYN
1984-07-18,1984.0,52.322995999999996,FraNchEstYN
1984-07-19,1984.0,52.322995999999996,FraNchEstYN
1984-07-20,1984.0,52.369772999999995,FraNchEstYN
1984-07-21,1984.0,52.377456,FraNchEstYN
1984-07-22,1984.0,52.377456,FraNchEstYN
1984-07-23,1984.0,52.377456,FraNchEstYN
1984-10-05,1984.0,0.0,FraNchEstYN
1984-10-06,1984.0,0.0,FraNchEstYN
1984-10-07,1984.0,0.0,FraNchEstYN
1984-10-08,1984.0,0.0,FraNchEstYN
1984-10-09,1984.0,0.0,FraNchEstYN
1984-10-10,1984.0,0.0,FraNchEstYN
1984-10-11,1984.0,0.0,FraNchEstYN
1984-10-12,1984.0,0.0,FraNchEstYN
1984-10-13,1984.0,0.0,FraNchEstYN
1984-10-14,1984.0,0.0,FraNchEstYN
1984-10-15,1984.0,0.0,FraNchEstYN
1984-10-16,1984.0,0.0,FraNchEstYN
1984-10-17,1984.0,0.0,FraNchEstYN
1984-10-18,1984.0,0.0,FraNchEstYN
1984-10-19,1984.0,0.0,FraNchEstYN
1984-10-20,1984.0,0.0,FraNchEstYN
1984-10-21,1984.0,0.0,FraNchEstYN
1984-10-22,1984.0,0.0,FraNchEstYN
1984-10-23,1984.0,0.0,FraNchEstYN
1984-10-24,1984.0,0.0,FraNchEstYN
1984-10-25,1984.0,0.0,FraNchEstYN
1984-10-26,1984.0,0.0,FraNchEstYN
1984-10-27,1984.0,0.0,FraNchEstYN
1984-10-28,1984.0,0.0,FraNchEstYN
1984-10-29,1984.0,0.0,FraNchEstYN
1984-10-30,1984.0,0.0,FraNchEstYN
1984-10-31,1984.0,0.0,FraNchEstYN
1984-11-01,1984.0,0.0,FraNchEstYN
1984-11-02,1984.0,0.0,FraNchEstYN
1984-11-03,1984.0,0.0,FraNchEstYN
1984-11-04,1984.0,0.0,FraNchEstYN
1984-11-05,1984.0,0.0,FraNchEstYN
1984-11-06,1984.0,0.0,FraNchEstYN
1984-11-07,1984.0,0.0,FraNchEstYN
1984-11-08,1984.0,0.0,FraNchEstYN
1984-11-09,1984.0,0.0,FraNchEstYN
1984-11-10,1984.0,0.0,FraNchEstYN
1984-11-11,1984.0,0.0,FraNchEstYN
1984-11-12,1984.0,0.0,FraNchEstYN
1984-11-13,1984.0,0.0,FraNchEstYN
1984-11-14,1984.0,0.0,FraNchEstYN
1984-11-15,1984.0,0.0,FraNchEstYN
1984-11-16,1984.0,0.0,FraNchEstYN
1984-11-17,1984.0,0.0,FraNchEstYN
1984-11-18,1984.0,0.0,FraNchEstYN
1984-11-19,1984.0,0.0,FraNchEstYN
1984-11-20,1984.0,0.0,FraNchEstYN
1984-11-21,1984.0,0.0,FraNchEstYN
1984-11-22,1984.0,0.0,FraNchEstYN
1984-11-23,1984.0,0.0,FraNchEstYN
1984-11-24,1984.0,0.0,FraNchEstYN
1984-11-25,1984.0,0.0,FraNchEstYN
1984-11-26,1984.0,0.0,FraNchEstYN
1984-11-27,1984.0,0.0,FraNchEstYN
1984-11-28,1984.0,0.0,FraNchEstYN
1984-11-29,1984.0,0.0,FraNchEstYN
1984-11-30,1984.0,0.0,FraNchEstYN
1984-12-01,1984.0,0.0,FraNchEstYN
1984-12-02,1984.0,0.0,FraNchEstYN
1984-12-03,1984.0,0.0,FraNchEstYN
1984-12-04,1984.0,0.0,FraNchEstYN
1984-12-05,1984.0,0.0,FraNchEstYN
1984-12-06,1984.0,0.0,FraNchEstYN
1984-12-07,1984.0,0.0,FraNchEstYN
1984-12-08,1984.0,0.0,FraNchEstYN
1984-12-09,1984.0,0.0,FraNchEstYN
1984-12-10,1984.0,0.0,FraNchEstYN
1984-12-11,1984.0,0.0,FraNchEstYN
1984-12-12,1984.0,0.0,FraNchEstYN
1984-12-13,1984.0,0.0,FraNchEstYN
1984-12-14,1984.0,0.0,FraNchEstYN
1984-12-15,1984.0,0.0,FraNchEstYN
1984-12-16,1984.0,0.0,FraNchEstYN
1984-12-17,1984.0,0.0,FraNchEstYN
1984-12-18,1984.0,0.0,FraNchEstYN
1984-12-19,1984.0,0.0,FraNchEstYN
1984-12-20,1984.0,0.0,FraNchEstYN
1984-12-21,1984.0,0.0,FraNchEstYN
1984-12-22,1984.0,0.0,FraNchEstYN
1984-12-23,1984.0,0.0,FraNchEstYN
1984-12-24,1984.0,0.0,FraNchEstYN
1984-12-25,1984.0,0.0,FraNchEstYN
1984-12-26,1984.0,0.0,FraNchEstYN
1984-12-27,1984.0,0.0,FraNchEstYN
1984-12-28,1984.0,0.0,FraNchEstYN
1984-12-29,1984.0,0.0,FraNchEstYN
1984-12-30,1984.0,0.0,FraNchEstYN
1984-12-31,1984.0,0.0,FraNchEstYN
1985-01-01,1985.0,0.0,FraNchEstYN
1985-01-02,1985.0,0.0,FraNchEstYN
1985-01-03,1985.0,0.0,FraNchEstYN
1985-01-04,1985.0,0.0,FraNchEstYN
1985-01-05,1985.0,0.0,FraNchEstYN
1985-01-06,1985.0,0.0,FraNchEstYN
1985-01-07,1985.0,0.0,FraNchEstYN
1985-01-08,1985.0,0.0,FraNchEstYN
1985-01-09,1985.0,0.0,FraNchEstYN
1985-01-10,1985.0,0.0,FraNchEstYN
1985-01-11,1985.0,0.0,FraNchEstYN
1985-01-12,1985.0,0.0,FraNchEstYN
1985-01-13,1985.0,0.0,FraNchEstYN
1985-01-14,1985.0,0.0,FraNchEstYN
1985-01-15,1985.0,0.0,FraNchEstYN
1985-01-16,1985.0,0.0,FraNchEstYN
1985-01-17,1985.0,0.0,FraNchEstYN
1985-01-18,1985.0,0.0,FraNchEstYN
1985-01-19,1985.0,0.0,FraNchEstYN
1985-01-20,1985.0,0.0,FraNchEstYN
1985-01-21,1985.0,0.0,FraNchEstYN
1985-01-22,1985.0,0.0,FraNchEstYN
1985-01-23,1985.0,0.0,FraNchEstYN
1985-01-24,1985.0,0.0,FraNchEstYN
1985-01-25,1985.0,0.0,FraNchEstYN
1985-01-26,1985.0,0.0,FraNchEstYN
1985-01-27,1985.0,0.0,FraNchEstYN
1985-01-28,1985.0,0.0,FraNchEstYN
1985-01-29,1985.0,0.0,FraNchEstYN
1985-01-30,1985.0,0.0,FraNchEstYN
1985-01-31,1985.0,0.0,FraNchEstYN
1985-02-01,1985.0,0.0,FraNchEstYN
1985-02-02,1985.0,0.0,FraNchEstYN
1985-02-03,1985.0,0.0,FraNchEstYN
1985-02-04,1985.0,0.0,FraNchEstYN
1985-02-05,1985.0,0.0,FraNchEstYN
1985-02-06,1985.0,0.0,FraNchEstYN
1985-02-07,1985.0,0.0,FraNchEstYN
1985-02-08,1985.0,0.0,FraNchEstYN
1985-02-09,1985.0,0.0,FraNchEstYN
1985-02-10,1985.0,0.0,FraNchEstYN
1985-02-11,1985.0,0.0,FraNchEstYN
1985-02-12,1985.0,0.0,FraNchEstYN
1985-02-13,1985.0,0.0,FraNchEstYN
1985-02-14,1985.0,0.0,FraNchEstYN
1985-02-15,1985.0,0.0,FraNchEstYN
1985-02-16,1985.0,0.0,FraNchEstYN
1985-02-17,1985.0,0.0,FraNchEstYN
1985-02-18,1985.0,0.0,FraNchEstYN
1985-02-19,1985.0,0.0,FraNchEstYN
1985-02-20,1985.0,0.0,FraNchEstYN
1985-02-21,1985.0,0.0,FraNchEstYN
1985-02-22,1985.0,0.0,FraNchEstYN
1985-02-23,1985.0,0.0,FraNchEstYN
1985-02-24,1985.0,0.0,FraNchEstYN
1985-02-25,1985.0,0.0,FraNchEstYN
1985-02-26,1985.0,0.0,FraNchEstYN
1985-02-27,1985.0,0.0,FraNchEstYN
1985-02-28,1985.0,0.0,FraNchEstYN
1985-03-01,1985.0,0.0,FraNchEstYN
1985-03-02,1985.0,0.0,FraNchEstYN
1985-03-03,1985.0,0.0,FraNchEstYN
1985-03-04,1985.0,0.0,FraNchEstYN
1985-03-05,1985.0,0.0,FraNchEstYN
1985-03-06,1985.0,0.0,FraNchEstYN
1985-03-07,1985.0,0.0,FraNchEstYN
1985-03-08,1985.0,0.0,FraNchEstYN
1985-03-09,1985.0,0.0,FraNchEstYN
1985-03-10,1985.0,0.0,FraNchEstYN
1985-03-11,1985.0,0.0,FraNchEstYN
1985-03-12,1985.0,0.0,FraNchEstYN
1985-03-13,1985.0,0.0,FraNchEstYN
1985-03-14,1985.0,0.0,FraNchEstYN
1985-03-15,1985.0,0.0,FraNchEstYN
1985-03-16,1985.0,0.0,FraNchEstYN
1985-03-17,1985.0,0.0,FraNchEstYN
1985-03-18,1985.0,0.0,FraNchEstYN
1985-03-19,1985.0,0.0,FraNchEstYN
1985-03-20,1985.0,0.0,FraNchEstYN
1985-03-21,1985.0,0.0,FraNchEstYN
1985-03-22,1985.0,0.0,FraNchEstYN
1985-03-23,1985.0,0.0,FraNchEstYN
1985-03-24,1985.0,0.0,FraNchEstYN
1985-03-25,1985.0,0.0,FraNchEstYN
1985-03-26,1985.0,0.0,FraNchEstYN
1985-03-27,1985.0,0.0,FraNchEstYN
1985-03-28,1985.0,0.0,FraNchEstYN
1985-03-29,1985.0,0.0,FraNchEstYN
1985-03-30,1985.0,0.0,FraNchEstYN
1985-03-31,1985.0,0.0,FraNchEstYN
1985-04-01,1985.0,0.0,FraNchEstYN
1985-04-02,1985.0,0.0,FraNchEstYN
1985-04-03,1985.0,0.0,FraNchEstYN
1985-04-04,1985.0,0.0,FraNchEstYN
1985-04-05,1985.0,0.0,FraNchEstYN
1985-04-06,1985.0,0.0,FraNchEstYN
1985-04-07,1985.0,0.0,FraNchEstYN
1985-04-08,1985.0,0.0,FraNchEstYN
1985-04-09,1985.0,0.0,FraNchEstYN
1985-04-10,1985.0,0.0,FraNchEstYN
1985-04-11,1985.0,0.0,FraNchEstYN
1985-04-12,1985.0,0.0,FraNchEstYN
1985-04-13,1985.0,0.0,FraNchEstYN
1985-04-14,1985.0,0.0,FraNchEstYN
1985-04-15,1985.0,0.0,FraNchEstYN
1985-04-16,1985.0,0.0,FraNchEstYN
1985-04-17,1985.0,0.0,FraNchEstYN
1985-04-18,1985.0,0.0,FraNchEstYN
1985-04-19,1985.0,0.0,FraNchEstYN
1985-04-20,1985.0,0.0,FraNchEstYN
1985-04-21,1985.0,0.0,FraNchEstYN
1985-04-22,1985.0,0.0,FraNchEstYN
1985-04-23,1985.0,0.0,FraNchEstYN
1985-04-24,1985.0,0.0,FraNchEstYN
1985-04-25,1985.0,1.35733895,FraNchEstYN
1985-04-26,1985.0,1.35733895,FraNchEstYN
1985-04-27,1985.0,1.35733895,FraNchEstYN
1985-04-28,1985.0,3.1351723,FraNchEstYN
1985-04-29,1985.0,3.1351723,FraNchEstYN
1985-04-30,1985.0,3.1351723,FraNchEstYN
1985-05-01,1985.0,3.1351723,FraNchEstYN
1985-05-02,1985.0,3.1351723,FraNchEstYN
1985-05-03,1985.0,3.1351723,FraNchEstYN
1985-05-04,1985.0,3.1351723,FraNchEstYN
1985-05-05,1985.0,3.1351723,FraNchEstYN
1985-05-06,1985.0,5.403752600000001,FraNchEstYN
1985-05-07,1985.0,5.403752600000001,FraNchEstYN
1985-05-08,1985.0,7.497629999999999,FraNchEstYN
1985-05-09,1985.0,7.497629999999999,FraNchEstYN
1985-05-10,1985.0,10.55255,FraNchEstYN
1985-05-11,1985.0,15.536271,FraNchEstYN
1985-05-12,1985.0,20.482686,FraNchEstYN
1985-05-13,1985.0,20.482686,FraNchEstYN
1985-05-14,1985.0,20.482686,FraNchEstYN
1985-05-15,1985.0,25.099123000000002,FraNchEstYN
1985-05-16,1985.0,25.099123000000002,FraNchEstYN
1985-05-17,1985.0,25.099123000000002,FraNchEstYN
1985-05-18,1985.0,25.099123000000002,FraNchEstYN
1985-05-19,1985.0,29.232287,FraNchEstYN
1985-05-20,1985.0,29.254386,FraNchEstYN
1985-05-21,1985.0,29.254386,FraNchEstYN
1985-05-22,1985.0,29.254386,FraNchEstYN
1985-05-23,1985.0,31.555193999999997,FraNchEstYN
1985-05-24,1985.0,31.555193999999997,FraNchEstYN
1985-05-25,1985.0,31.555193999999997,FraNchEstYN
1985-05-26,1985.0,31.555193999999997,FraNchEstYN
1985-05-27,1985.0,31.555193999999997,FraNchEstYN
1985-05-28,1985.0,33.15173,FraNchEstYN
1985-05-29,1985.0,35.097134000000004,FraNchEstYN
1985-05-30,1985.0,35.097134000000004,FraNchEstYN
1985-05-31,1985.0,36.62368,FraNchEstYN
1985-06-01,1985.0,40.438455,FraNchEstYN
1985-06-02,1985.0,42.67452,FraNchEstYN
1985-06-03,1985.0,43.831998,FraNchEstYN
1985-06-04,1985.0,43.831998,FraNchEstYN
1985-06-05,1985.0,46.750554,FraNchEstYN
1985-06-06,1985.0,46.91553,FraNchEstYN
1985-06-07,1985.0,46.91553,FraNchEstYN
1985-06-08,1985.0,46.91553,FraNchEstYN
1985-06-09,1985.0,46.91553,FraNchEstYN
1985-06-10,1985.0,46.91553,FraNchEstYN
1985-06-11,1985.0,48.173946,FraNchEstYN
1985-06-12,1985.0,48.173946,FraNchEstYN
1985-06-13,1985.0,48.571008,FraNchEstYN
1985-06-14,1985.0,48.571008,FraNchEstYN
1985-06-15,1985.0,49.297857,FraNchEstYN
1985-06-16,1985.0,49.96317,FraNchEstYN
1985-06-17,1985.0,49.96317,FraNchEstYN
1985-06-18,1985.0,49.97729,FraNchEstYN
1985-06-19,1985.0,50.449336,FraNchEstYN
1985-06-20,1985.0,50.898784,FraNchEstYN
1985-06-21,1985.0,51.04269,FraNchEstYN
1985-06-22,1985.0,51.04269,FraNchEstYN
1985-06-23,1985.0,51.043749999999996,FraNchEstYN
1985-06-24,1985.0,51.043749999999996,FraNchEstYN
1985-06-25,1985.0,51.044214,FraNchEstYN
1985-06-26,1985.0,51.044369999999994,FraNchEstYN
1985-06-27,1985.0,51.22074,FraNchEstYN
1985-06-28,1985.0,51.2208,FraNchEstYN
1985-06-29,1985.0,51.2208,FraNchEstYN
1985-06-30,1985.0,51.305073,FraNchEstYN
1985-07-01,1985.0,51.370984,FraNchEstYN
1985-07-02,1985.0,51.41241600000001,FraNchEstYN
1985-07-03,1985.0,51.42232,FraNchEstYN
1985-07-04,1985.0,51.42232,FraNchEstYN
1985-07-05,1985.0,51.422316,FraNchEstYN
1985-07-06,1985.0,51.422316,FraNchEstYN
1985-10-07,1985.0,0.0,FraNchEstYN
1985-10-08,1985.0,0.0,FraNchEstYN
1985-10-09,1985.0,0.0,FraNchEstYN
1985-10-10,1985.0,0.0,FraNchEstYN
1985-10-11,1985.0,0.0,FraNchEstYN
1985-10-12,1985.0,0.0,FraNchEstYN
1985-10-13,1985.0,0.0,FraNchEstYN
1985-10-14,1985.0,0.0,FraNchEstYN
1985-10-15,1985.0,0.0,FraNchEstYN
1985-10-16,1985.0,0.0,FraNchEstYN
1985-10-17,1985.0,0.0,FraNchEstYN
1985-10-18,1985.0,0.0,FraNchEstYN
1985-10-19,1985.0,0.0,FraNchEstYN
1985-10-20,1985.0,0.0,FraNchEstYN
1985-10-21,1985.0,0.0,FraNchEstYN
1985-10-22,1985.0,0.0,FraNchEstYN
1985-10-23,1985.0,0.0,FraNchEstYN
1985-10-24,1985.0,0.0,FraNchEstYN
1985-10-25,1985.0,0.0,FraNchEstYN
1985-10-26,1985.0,0.0,FraNchEstYN
1985-10-27,1985.0,0.0,FraNchEstYN
1985-10-28,1985.0,0.0,FraNchEstYN
1985-10-29,1985.0,0.0,FraNchEstYN
1985-10-30,1985.0,0.0,FraNchEstYN
1985-10-31,1985.0,0.0,FraNchEstYN
1985-11-01,1985.0,0.0,FraNchEstYN
1985-11-02,1985.0,0.0,FraNchEstYN
1985-11-03,1985.0,0.0,FraNchEstYN
1985-11-04,1985.0,0.0,FraNchEstYN
1985-11-05,1985.0,0.0,FraNchEstYN
1985-11-06,1985.0,0.0,FraNchEstYN
1985-11-07,1985.0,0.0,FraNchEstYN
1985-11-08,1985.0,0.0,FraNchEstYN
1985-11-09,1985.0,0.0,FraNchEstYN
1985-11-10,1985.0,0.0,FraNchEstYN
1985-11-11,1985.0,0.0,FraNchEstYN
1985-11-12,1985.0,0.0,FraNchEstYN
1985-11-13,1985.0,0.0,FraNchEstYN
1985-11-14,1985.0,0.0,FraNchEstYN
1985-11-15,1985.0,0.0,FraNchEstYN
1985-11-16,1985.0,0.0,FraNchEstYN
1985-11-17,1985.0,0.0,FraNchEstYN
1985-11-18,1985.0,0.0,FraNchEstYN
1985-11-19,1985.0,0.0,FraNchEstYN
1985-11-20,1985.0,0.0,FraNchEstYN
1985-11-21,1985.0,0.0,FraNchEstYN
1985-11-22,1985.0,0.0,FraNchEstYN
1985-11-23,1985.0,0.0,FraNchEstYN
1985-11-24,1985.0,0.0,FraNchEstYN
1985-11-25,1985.0,0.0,FraNchEstYN
1985-11-26,1985.0,0.0,FraNchEstYN
1985-11-27,1985.0,0.0,FraNchEstYN
1985-11-28,1985.0,0.0,FraNchEstYN
1985-11-29,1985.0,0.0,FraNchEstYN
1985-11-30,1985.0,0.0,FraNchEstYN
1985-12-01,1985.0,0.0,FraNchEstYN
1985-12-02,1985.0,0.0,FraNchEstYN
1985-12-03,1985.0,0.0,FraNchEstYN
1985-12-04,1985.0,0.0,FraNchEstYN
1985-12-05,1985.0,0.0,FraNchEstYN
1985-12-06,1985.0,0.0,FraNchEstYN
1985-12-07,1985.0,0.0,FraNchEstYN
1985-12-08,1985.0,0.0,FraNchEstYN
1985-12-09,1985.0,0.0,FraNchEstYN
1985-12-10,1985.0,0.0,FraNchEstYN
1985-12-11,1985.0,0.0,FraNchEstYN
1985-12-12,1985.0,0.0,FraNchEstYN
1985-12-13,1985.0,0.0,FraNchEstYN
1985-12-14,1985.0,0.0,FraNchEstYN
1985-12-15,1985.0,0.0,FraNchEstYN
1985-12-16,1985.0,0.0,FraNchEstYN
1985-12-17,1985.0,0.0,FraNchEstYN
1985-12-18,1985.0,0.0,FraNchEstYN
1985-12-19,1985.0,0.0,FraNchEstYN
1985-12-20,1985.0,0.0,FraNchEstYN
1985-12-21,1985.0,0.0,FraNchEstYN
1985-12-22,1985.0,0.0,FraNchEstYN
1985-12-23,1985.0,0.0,FraNchEstYN
1985-12-24,1985.0,0.0,FraNchEstYN
1985-12-25,1985.0,0.0,FraNchEstYN
1985-12-26,1985.0,0.0,FraNchEstYN
1985-12-27,1985.0,0.0,FraNchEstYN
1985-12-28,1985.0,0.0,FraNchEstYN
1985-12-29,1985.0,0.0,FraNchEstYN
1985-12-30,1985.0,0.0,FraNchEstYN
1985-12-31,1985.0,0.0,FraNchEstYN
1986-01-01,1986.0,0.0,FraNchEstYN
1986-01-02,1986.0,0.0,FraNchEstYN
1986-01-03,1986.0,0.0,FraNchEstYN
1986-01-04,1986.0,0.0,FraNchEstYN
1986-01-05,1986.0,0.0,FraNchEstYN
1986-01-06,1986.0,0.0,FraNchEstYN
1986-01-07,1986.0,0.0,FraNchEstYN
1986-01-08,1986.0,0.0,FraNchEstYN
1986-01-09,1986.0,0.0,FraNchEstYN
1986-01-10,1986.0,0.0,FraNchEstYN
1986-01-11,1986.0,0.0,FraNchEstYN
1986-01-12,1986.0,0.0,FraNchEstYN
1986-01-13,1986.0,0.0,FraNchEstYN
1986-01-14,1986.0,0.0,FraNchEstYN
1986-01-15,1986.0,0.0,FraNchEstYN
1986-01-16,1986.0,0.0,FraNchEstYN
1986-01-17,1986.0,0.0,FraNchEstYN
1986-01-18,1986.0,0.0,FraNchEstYN
1986-01-19,1986.0,0.0,FraNchEstYN
1986-01-20,1986.0,0.0,FraNchEstYN
1986-01-21,1986.0,0.0,FraNchEstYN
1986-01-22,1986.0,0.0,FraNchEstYN
1986-01-23,1986.0,0.0,FraNchEstYN
1986-01-24,1986.0,0.0,FraNchEstYN
1986-01-25,1986.0,0.0,FraNchEstYN
1986-01-26,1986.0,0.0,FraNchEstYN
1986-01-27,1986.0,0.0,FraNchEstYN
1986-01-28,1986.0,0.0,FraNchEstYN
1986-01-29,1986.0,0.0,FraNchEstYN
1986-01-30,1986.0,0.0,FraNchEstYN
1986-01-31,1986.0,0.0,FraNchEstYN
1986-02-01,1986.0,0.0,FraNchEstYN
1986-02-02,1986.0,0.0,FraNchEstYN
1986-02-03,1986.0,0.0,FraNchEstYN
1986-02-04,1986.0,0.0,FraNchEstYN
1986-02-05,1986.0,0.0,FraNchEstYN
1986-02-06,1986.0,0.0,FraNchEstYN
1986-02-07,1986.0,0.0,FraNchEstYN
1986-02-08,1986.0,0.0,FraNchEstYN
1986-02-09,1986.0,0.0,FraNchEstYN
1986-02-10,1986.0,0.0,FraNchEstYN
1986-02-11,1986.0,0.0,FraNchEstYN
1986-02-12,1986.0,0.0,FraNchEstYN
1986-02-13,1986.0,0.0,FraNchEstYN
1986-02-14,1986.0,0.0,FraNchEstYN
1986-02-15,1986.0,0.0,FraNchEstYN
1986-02-16,1986.0,0.0,FraNchEstYN
1986-02-17,1986.0,0.0,FraNchEstYN
1986-02-18,1986.0,0.0,FraNchEstYN
1986-02-19,1986.0,0.0,FraNchEstYN
1986-02-20,1986.0,0.0,FraNchEstYN
1986-02-21,1986.0,0.0,FraNchEstYN
1986-02-22,1986.0,0.0,FraNchEstYN
1986-02-23,1986.0,0.0,FraNchEstYN
1986-02-24,1986.0,0.0,FraNchEstYN
1986-02-25,1986.0,0.0,FraNchEstYN
1986-02-26,1986.0,0.0,FraNchEstYN
1986-02-27,1986.0,0.0,FraNchEstYN
1986-02-28,1986.0,0.0,FraNchEstYN
1986-03-01,1986.0,0.0,FraNchEstYN
1986-03-02,1986.0,0.0,FraNchEstYN
1986-03-03,1986.0,0.0,FraNchEstYN
1986-03-04,1986.0,0.0,FraNchEstYN
1986-03-05,1986.0,0.0,FraNchEstYN
1986-03-06,1986.0,0.0,FraNchEstYN
1986-03-07,1986.0,0.0,FraNchEstYN
1986-03-08,1986.0,0.0,FraNchEstYN
1986-03-09,1986.0,0.0,FraNchEstYN
1986-03-10,1986.0,0.0,FraNchEstYN
1986-03-11,1986.0,0.0,FraNchEstYN
1986-03-12,1986.0,0.0,FraNchEstYN
1986-03-13,1986.0,0.0,FraNchEstYN
1986-03-14,1986.0,0.0,FraNchEstYN
1986-03-15,1986.0,0.0,FraNchEstYN
1986-03-16,1986.0,0.0,FraNchEstYN
1986-03-17,1986.0,0.0,FraNchEstYN
1986-03-18,1986.0,0.0,FraNchEstYN
1986-03-19,1986.0,0.0,FraNchEstYN
1986-03-20,1986.0,0.0,FraNchEstYN
1986-03-21,1986.0,0.0,FraNchEstYN
1986-03-22,1986.0,0.0,FraNchEstYN
1986-03-23,1986.0,0.0,FraNchEstYN
1986-03-24,1986.0,0.0,FraNchEstYN
1986-03-25,1986.0,0.0,FraNchEstYN
1986-03-26,1986.0,0.0,FraNchEstYN
1986-03-27,1986.0,0.0,FraNchEstYN
1986-03-28,1986.0,0.0,FraNchEstYN
1986-03-29,1986.0,0.0,FraNchEstYN
1986-03-30,1986.0,0.0,FraNchEstYN
1986-03-31,1986.0,0.0,FraNchEstYN
1986-04-01,1986.0,0.0,FraNchEstYN
1986-04-02,1986.0,0.0,FraNchEstYN
1986-04-03,1986.0,0.0,FraNchEstYN
1986-04-04,1986.0,0.0,FraNchEstYN
1986-04-05,1986.0,0.0,FraNchEstYN
1986-04-06,1986.0,0.0,FraNchEstYN
1986-04-07,1986.0,0.0,FraNchEstYN
1986-04-08,1986.0,0.0,FraNchEstYN
1986-04-09,1986.0,0.0,FraNchEstYN
1986-04-10,1986.0,0.0,FraNchEstYN
1986-04-11,1986.0,0.0,FraNchEstYN
1986-04-12,1986.0,0.0,FraNchEstYN
1986-04-13,1986.0,0.0,FraNchEstYN
1986-04-14,1986.0,0.0,FraNchEstYN
1986-04-15,1986.0,0.0,FraNchEstYN
1986-04-16,1986.0,0.0,FraNchEstYN
1986-04-17,1986.0,0.0,FraNchEstYN
1986-04-18,1986.0,0.0,FraNchEstYN
1986-04-19,1986.0,0.0,FraNchEstYN
1986-04-20,1986.0,0.0,FraNchEstYN
1986-04-21,1986.0,0.0,FraNchEstYN
1986-04-22,1986.0,0.0,FraNchEstYN
1986-04-23,1986.0,0.0,FraNchEstYN
1986-04-24,1986.0,0.0,FraNchEstYN
1986-04-25,1986.0,0.0,FraNchEstYN
1986-04-26,1986.0,0.0,FraNchEstYN
1986-04-27,1986.0,0.0,FraNchEstYN
1986-04-28,1986.0,0.0,FraNchEstYN
1986-04-29,1986.0,0.0,FraNchEstYN
1986-04-30,1986.0,0.0,FraNchEstYN
1986-05-01,1986.0,1.8185832,FraNchEstYN
1986-05-02,1986.0,1.8185832,FraNchEstYN
1986-05-03,1986.0,1.8185832,FraNchEstYN
1986-05-04,1986.0,1.8185832,FraNchEstYN
1986-05-05,1986.0,3.245409,FraNchEstYN
1986-05-06,1986.0,3.245409,FraNchEstYN
1986-05-07,1986.0,3.245409,FraNchEstYN
1986-05-08,1986.0,3.245409,FraNchEstYN
1986-05-09,1986.0,6.108944999999999,FraNchEstYN
1986-05-10,1986.0,6.108944999999999,FraNchEstYN
1986-05-11,1986.0,8.006749000000001,FraNchEstYN
1986-05-12,1986.0,10.9445535,FraNchEstYN
1986-05-13,1986.0,10.9445535,FraNchEstYN
1986-05-14,1986.0,10.9445535,FraNchEstYN
1986-05-15,1986.0,10.9445535,FraNchEstYN
1986-05-16,1986.0,10.9445535,FraNchEstYN
1986-05-17,1986.0,14.835538000000001,FraNchEstYN
1986-05-18,1986.0,16.824521,FraNchEstYN
1986-05-19,1986.0,16.824521,FraNchEstYN
1986-05-20,1986.0,16.824521,FraNchEstYN
1986-05-21,1986.0,16.824521,FraNchEstYN
1986-05-22,1986.0,16.824521,FraNchEstYN
1986-05-23,1986.0,16.824521,FraNchEstYN
1986-05-24,1986.0,22.064576,FraNchEstYN
1986-05-25,1986.0,26.916235999999998,FraNchEstYN
1986-05-26,1986.0,26.916235999999998,FraNchEstYN
1986-05-27,1986.0,26.916235999999998,FraNchEstYN
1986-05-28,1986.0,26.916235999999998,FraNchEstYN
1986-05-29,1986.0,26.916235999999998,FraNchEstYN
1986-05-30,1986.0,31.247866000000002,FraNchEstYN
1986-05-31,1986.0,31.247866000000002,FraNchEstYN
1986-06-01,1986.0,33.99238,FraNchEstYN
1986-06-02,1986.0,37.533024,FraNchEstYN
1986-06-03,1986.0,39.004096,FraNchEstYN
1986-06-04,1986.0,42.263398,FraNchEstYN
1986-06-05,1986.0,45.163599999999995,FraNchEstYN
1986-06-06,1986.0,46.402007,FraNchEstYN
1986-06-07,1986.0,46.402007,FraNchEstYN
1986-06-08,1986.0,46.402007,FraNchEstYN
1986-06-09,1986.0,46.56008,FraNchEstYN
1986-06-10,1986.0,49.21915,FraNchEstYN
1986-06-11,1986.0,51.603734,FraNchEstYN
1986-06-12,1986.0,51.603734,FraNchEstYN
1986-06-13,1986.0,53.334004,FraNchEstYN
1986-06-14,1986.0,53.334004,FraNchEstYN
1986-06-15,1986.0,53.334004,FraNchEstYN
1986-06-16,1986.0,53.334004,FraNchEstYN
1986-06-17,1986.0,53.475004000000006,FraNchEstYN
1986-06-18,1986.0,53.475004000000006,FraNchEstYN
1986-06-19,1986.0,54.111904,FraNchEstYN
1986-06-20,1986.0,54.813219999999994,FraNchEstYN
1986-06-21,1986.0,55.400879999999994,FraNchEstYN
1986-06-22,1986.0,55.92289,FraNchEstYN
1986-06-23,1986.0,55.931425000000004,FraNchEstYN
1986-06-24,1986.0,55.931425000000004,FraNchEstYN
1986-06-25,1986.0,56.258050000000004,FraNchEstYN
1986-06-26,1986.0,56.514966,FraNchEstYN
1986-06-27,1986.0,56.514966,FraNchEstYN
1986-06-28,1986.0,56.77613,FraNchEstYN
1986-06-29,1986.0,56.77613,FraNchEstYN
1986-06-30,1986.0,56.77613,FraNchEstYN
1986-07-01,1986.0,56.863457,FraNchEstYN
1986-07-02,1986.0,56.89414000000001,FraNchEstYN
1986-07-03,1986.0,56.89414000000001,FraNchEstYN
1986-07-04,1986.0,56.89414000000001,FraNchEstYN
1986-07-05,1986.0,56.89414000000001,FraNchEstYN
1986-07-06,1986.0,56.89414000000001,FraNchEstYN
1986-07-07,1986.0,56.89414000000001,FraNchEstYN
1986-07-08,1986.0,56.89414000000001,FraNchEstYN
1986-07-09,1986.0,56.89414000000001,FraNchEstYN
1986-10-11,1986.0,0.0,FraNchEstYN
1986-10-12,1986.0,0.0,FraNchEstYN
1986-10-13,1986.0,0.0,FraNchEstYN
1986-10-14,1986.0,0.0,FraNchEstYN
1986-10-15,1986.0,0.0,FraNchEstYN
1986-10-16,1986.0,0.0,FraNchEstYN
1986-10-17,1986.0,0.0,FraNchEstYN
1986-10-18,1986.0,0.0,FraNchEstYN
1986-10-19,1986.0,0.0,FraNchEstYN
1986-10-20,1986.0,0.0,FraNchEstYN
1986-10-21,1986.0,0.0,FraNchEstYN
1986-10-22,1986.0,0.0,FraNchEstYN
1986-10-23,1986.0,0.0,FraNchEstYN
1986-10-24,1986.0,0.0,FraNchEstYN
1986-10-25,1986.0,0.0,FraNchEstYN
1986-10-26,1986.0,0.0,FraNchEstYN
1986-10-27,1986.0,0.0,FraNchEstYN
1986-10-28,1986.0,0.0,FraNchEstYN
1986-10-29,1986.0,0.0,FraNchEstYN
1986-10-30,1986.0,0.0,FraNchEstYN
1986-10-31,1986.0,0.0,FraNchEstYN
1986-11-01,1986.0,0.0,FraNchEstYN
1986-11-02,1986.0,0.0,FraNchEstYN
1986-11-03,1986.0,0.0,FraNchEstYN
1986-11-04,1986.0,0.0,FraNchEstYN
1986-11-05,1986.0,0.0,FraNchEstYN
1986-11-06,1986.0,0.0,FraNchEstYN
1986-11-07,1986.0,0.0,FraNchEstYN
1986-11-08,1986.0,0.0,FraNchEstYN
1986-11-09,1986.0,0.0,FraNchEstYN
1986-11-10,1986.0,0.0,FraNchEstYN
1986-11-11,1986.0,0.0,FraNchEstYN
1986-11-12,1986.0,0.0,FraNchEstYN
1986-11-13,1986.0,0.0,FraNchEstYN
1986-11-14,1986.0,0.0,FraNchEstYN
1986-11-15,1986.0,0.0,FraNchEstYN
1986-11-16,1986.0,0.0,FraNchEstYN
1986-11-17,1986.0,0.0,FraNchEstYN
1986-11-18,1986.0,0.0,FraNchEstYN
1986-11-19,1986.0,0.0,FraNchEstYN
1986-11-20,1986.0,0.0,FraNchEstYN
1986-11-21,1986.0,0.0,FraNchEstYN
1986-11-22,1986.0,0.0,FraNchEstYN
1986-11-23,1986.0,0.0,FraNchEstYN
1986-11-24,1986.0,0.0,FraNchEstYN
1986-11-25,1986.0,0.0,FraNchEstYN
1986-11-26,1986.0,0.0,FraNchEstYN
1986-11-27,1986.0,0.0,FraNchEstYN
1986-11-28,1986.0,0.0,FraNchEstYN
1986-11-29,1986.0,0.0,FraNchEstYN
1986-11-30,1986.0,0.0,FraNchEstYN
1986-12-01,1986.0,0.0,FraNchEstYN
1986-12-02,1986.0,0.0,FraNchEstYN
1986-12-03,1986.0,0.0,FraNchEstYN
1986-12-04,1986.0,0.0,FraNchEstYN
1986-12-05,1986.0,0.0,FraNchEstYN
1986-12-06,1986.0,0.0,FraNchEstYN
1986-12-07,1986.0,0.0,FraNchEstYN
1986-12-08,1986.0,0.0,FraNchEstYN
1986-12-09,1986.0,0.0,FraNchEstYN
1986-12-10,1986.0,0.0,FraNchEstYN
1986-12-11,1986.0,0.0,FraNchEstYN
1986-12-12,1986.0,0.0,FraNchEstYN
1986-12-13,1986.0,0.0,FraNchEstYN
1986-12-14,1986.0,0.0,FraNchEstYN
1986-12-15,1986.0,0.0,FraNchEstYN
1986-12-16,1986.0,0.0,FraNchEstYN
1986-12-17,1986.0,0.0,FraNchEstYN
1986-12-18,1986.0,0.0,FraNchEstYN
1986-12-19,1986.0,0.0,FraNchEstYN
1986-12-20,1986.0,0.0,FraNchEstYN
1986-12-21,1986.0,0.0,FraNchEstYN
1986-12-22,1986.0,0.0,FraNchEstYN
1986-12-23,1986.0,0.0,FraNchEstYN
1986-12-24,1986.0,0.0,FraNchEstYN
1986-12-25,1986.0,0.0,FraNchEstYN
1986-12-26,1986.0,0.0,FraNchEstYN
1986-12-27,1986.0,0.0,FraNchEstYN
1986-12-28,1986.0,0.0,FraNchEstYN
1986-12-29,1986.0,0.0,FraNchEstYN
1986-12-30,1986.0,0.0,FraNchEstYN
1986-12-31,1986.0,0.0,FraNchEstYN
1987-01-01,1987.0,0.0,FraNchEstYN
1987-01-02,1987.0,0.0,FraNchEstYN
1987-01-03,1987.0,0.0,FraNchEstYN
1987-01-04,1987.0,0.0,FraNchEstYN
1987-01-05,1987.0,0.0,FraNchEstYN
1987-01-06,1987.0,0.0,FraNchEstYN
1987-01-07,1987.0,0.0,FraNchEstYN
1987-01-08,1987.0,0.0,FraNchEstYN
1987-01-09,1987.0,0.0,FraNchEstYN
1987-01-10,1987.0,0.0,FraNchEstYN
1987-01-11,1987.0,0.0,FraNchEstYN
1987-01-12,1987.0,0.0,FraNchEstYN
1987-01-13,1987.0,0.0,FraNchEstYN
1987-01-14,1987.0,0.0,FraNchEstYN
1987-01-15,1987.0,0.0,FraNchEstYN
1987-01-16,1987.0,0.0,FraNchEstYN
1987-01-17,1987.0,0.0,FraNchEstYN
1987-01-18,1987.0,0.0,FraNchEstYN
1987-01-19,1987.0,0.0,FraNchEstYN
1987-01-20,1987.0,0.0,FraNchEstYN
1987-01-21,1987.0,0.0,FraNchEstYN
1987-01-22,1987.0,0.0,FraNchEstYN
1987-01-23,1987.0,0.0,FraNchEstYN
1987-01-24,1987.0,0.0,FraNchEstYN
1987-01-25,1987.0,0.0,FraNchEstYN
1987-01-26,1987.0,0.0,FraNchEstYN
1987-01-27,1987.0,0.0,FraNchEstYN
1987-01-28,1987.0,0.0,FraNchEstYN
1987-01-29,1987.0,0.0,FraNchEstYN
1987-01-30,1987.0,0.0,FraNchEstYN
1987-01-31,1987.0,0.0,FraNchEstYN
1987-02-01,1987.0,0.0,FraNchEstYN
1987-02-02,1987.0,0.0,FraNchEstYN
1987-02-03,1987.0,0.0,FraNchEstYN
1987-02-04,1987.0,0.0,FraNchEstYN
1987-02-05,1987.0,0.0,FraNchEstYN
1987-02-06,1987.0,0.0,FraNchEstYN
1987-02-07,1987.0,0.0,FraNchEstYN
1987-02-08,1987.0,0.0,FraNchEstYN
1987-02-09,1987.0,0.0,FraNchEstYN
1987-02-10,1987.0,0.0,FraNchEstYN
1987-02-11,1987.0,0.0,FraNchEstYN
1987-02-12,1987.0,0.0,FraNchEstYN
1987-02-13,1987.0,0.0,FraNchEstYN
1987-02-14,1987.0,0.0,FraNchEstYN
1987-02-15,1987.0,0.0,FraNchEstYN
1987-02-16,1987.0,0.0,FraNchEstYN
1987-02-17,1987.0,0.0,FraNchEstYN
1987-02-18,1987.0,0.0,FraNchEstYN
1987-02-19,1987.0,0.0,FraNchEstYN
1987-02-20,1987.0,0.0,FraNchEstYN
1987-02-21,1987.0,0.0,FraNchEstYN
1987-02-22,1987.0,0.0,FraNchEstYN
1987-02-23,1987.0,0.0,FraNchEstYN
1987-02-24,1987.0,0.0,FraNchEstYN
1987-02-25,1987.0,0.0,FraNchEstYN
1987-02-26,1987.0,0.0,FraNchEstYN
1987-02-27,1987.0,0.0,FraNchEstYN
1987-02-28,1987.0,0.0,FraNchEstYN
1987-03-01,1987.0,0.0,FraNchEstYN
1987-03-02,1987.0,0.0,FraNchEstYN
1987-03-03,1987.0,0.0,FraNchEstYN
1987-03-04,1987.0,0.0,FraNchEstYN
1987-03-05,1987.0,0.0,FraNchEstYN
1987-03-06,1987.0,0.0,FraNchEstYN
1987-03-07,1987.0,0.0,FraNchEstYN
1987-03-08,1987.0,0.0,FraNchEstYN
1987-03-09,1987.0,0.0,FraNchEstYN
1987-03-10,1987.0,0.0,FraNchEstYN
1987-03-11,1987.0,0.0,FraNchEstYN
1987-03-12,1987.0,0.0,FraNchEstYN
1987-03-13,1987.0,0.0,FraNchEstYN
1987-03-14,1987.0,0.0,FraNchEstYN
1987-03-15,1987.0,0.0,FraNchEstYN
1987-03-16,1987.0,0.0,FraNchEstYN
1987-03-17,1987.0,0.0,FraNchEstYN
1987-03-18,1987.0,0.0,FraNchEstYN
1987-03-19,1987.0,0.0,FraNchEstYN
1987-03-20,1987.0,0.0,FraNchEstYN
1987-03-21,1987.0,0.0,FraNchEstYN
1987-03-22,1987.0,0.0,FraNchEstYN
1987-03-23,1987.0,0.0,FraNchEstYN
1987-03-24,1987.0,0.0,FraNchEstYN
1987-03-25,1987.0,0.0,FraNchEstYN
1987-03-26,1987.0,0.0,FraNchEstYN
1987-03-27,1987.0,0.0,FraNchEstYN
1987-03-28,1987.0,0.0,FraNchEstYN
1987-03-29,1987.0,0.0,FraNchEstYN
1987-03-30,1987.0,0.0,FraNchEstYN
1987-03-31,1987.0,0.0,FraNchEstYN
1987-04-01,1987.0,0.0,FraNchEstYN
1987-04-02,1987.0,0.0,FraNchEstYN
1987-04-03,1987.0,0.0,FraNchEstYN
1987-04-04,1987.0,0.0,FraNchEstYN
1987-04-05,1987.0,0.0,FraNchEstYN
1987-04-06,1987.0,0.0,FraNchEstYN
1987-04-07,1987.0,0.0,FraNchEstYN
1987-04-08,1987.0,0.0,FraNchEstYN
1987-04-09,1987.0,0.0,FraNchEstYN
1987-04-10,1987.0,0.0,FraNchEstYN
1987-04-11,1987.0,0.0,FraNchEstYN
1987-04-12,1987.0,0.0,FraNchEstYN
1987-04-13,1987.0,0.0,FraNchEstYN
1987-04-14,1987.0,0.0,FraNchEstYN
1987-04-15,1987.0,0.0,FraNchEstYN
1987-04-16,1987.0,0.0,FraNchEstYN
1987-04-17,1987.0,0.0,FraNchEstYN
1987-04-18,1987.0,0.0,FraNchEstYN
1987-04-19,1987.0,0.0,FraNchEstYN
1987-04-20,1987.0,0.0,FraNchEstYN
1987-04-21,1987.0,0.0,FraNchEstYN
1987-04-22,1987.0,0.0,FraNchEstYN
1987-04-23,1987.0,0.0,FraNchEstYN
1987-04-24,1987.0,0.0,FraNchEstYN
1987-04-25,1987.0,0.0,FraNchEstYN
1987-04-26,1987.0,0.0,FraNchEstYN
1987-04-27,1987.0,0.0,FraNchEstYN
1987-04-28,1987.0,0.0,FraNchEstYN
1987-04-29,1987.0,0.0,FraNchEstYN
1987-04-30,1987.0,0.0,FraNchEstYN
1987-05-01,1987.0,0.0,FraNchEstYN
1987-05-02,1987.0,0.0,FraNchEstYN
1987-05-03,1987.0,0.0,FraNchEstYN
1987-05-04,1987.0,0.0,FraNchEstYN
1987-05-05,1987.0,0.0,FraNchEstYN
1987-05-06,1987.0,0.0,FraNchEstYN
1987-05-07,1987.0,0.0,FraNchEstYN
1987-05-08,1987.0,0.0,FraNchEstYN
1987-05-09,1987.0,0.0,FraNchEstYN
1987-05-10,1987.0,0.0,FraNchEstYN
1987-05-11,1987.0,0.0,FraNchEstYN
1987-05-12,1987.0,0.0,FraNchEstYN
1987-05-13,1987.0,0.0,FraNchEstYN
1987-05-14,1987.0,0.0,FraNchEstYN
1987-05-15,1987.0,0.0,FraNchEstYN
1987-05-16,1987.0,0.0,FraNchEstYN
1987-05-17,1987.0,0.0,FraNchEstYN
1987-05-18,1987.0,0.0,FraNchEstYN
1987-05-19,1987.0,0.0,FraNchEstYN
1987-05-20,1987.0,0.0,FraNchEstYN
1987-05-21,1987.0,0.0,FraNchEstYN
1987-05-22,1987.0,0.0,FraNchEstYN
1987-05-23,1987.0,0.0,FraNchEstYN
1987-05-24,1987.0,0.0,FraNchEstYN
1987-05-25,1987.0,0.0,FraNchEstYN
1987-05-26,1987.0,2.231939,FraNchEstYN
1987-05-27,1987.0,2.231939,FraNchEstYN
1987-05-28,1987.0,2.231939,FraNchEstYN
1987-05-29,1987.0,2.231939,FraNchEstYN
1987-05-30,1987.0,2.231939,FraNchEstYN
1987-05-31,1987.0,2.231939,FraNchEstYN
1987-06-01,1987.0,2.231939,FraNchEstYN
1987-06-02,1987.0,2.231939,FraNchEstYN
1987-06-03,1987.0,8.126736399999999,FraNchEstYN
1987-06-04,1987.0,10.588177,FraNchEstYN
1987-06-05,1987.0,10.588177,FraNchEstYN
1987-06-06,1987.0,14.056315,FraNchEstYN
1987-06-07,1987.0,14.056315,FraNchEstYN
1987-06-08,1987.0,14.056315,FraNchEstYN
1987-06-09,1987.0,18.955466,FraNchEstYN
1987-06-10,1987.0,21.186532,FraNchEstYN
1987-06-11,1987.0,21.186532,FraNchEstYN
1987-06-12,1987.0,21.186532,FraNchEstYN
1987-06-13,1987.0,21.186532,FraNchEstYN
1987-06-14,1987.0,23.285179,FraNchEstYN
1987-06-15,1987.0,23.285179,FraNchEstYN
1987-06-16,1987.0,25.115344,FraNchEstYN
1987-06-17,1987.0,27.119895999999997,FraNchEstYN
1987-06-18,1987.0,30.49204,FraNchEstYN
1987-06-19,1987.0,34.112978,FraNchEstYN
1987-06-20,1987.0,35.444385,FraNchEstYN
1987-06-21,1987.0,35.444385,FraNchEstYN
1987-06-22,1987.0,35.444385,FraNchEstYN
1987-06-23,1987.0,35.444385,FraNchEstYN
1987-06-24,1987.0,35.444385,FraNchEstYN
1987-06-25,1987.0,35.560298,FraNchEstYN
1987-06-26,1987.0,35.560298,FraNchEstYN
1987-06-27,1987.0,35.676622,FraNchEstYN
1987-06-28,1987.0,37.164970000000004,FraNchEstYN
1987-06-29,1987.0,37.164970000000004,FraNchEstYN
1987-06-30,1987.0,37.164970000000004,FraNchEstYN
1987-07-01,1987.0,37.299022,FraNchEstYN
1987-07-02,1987.0,37.299022,FraNchEstYN
1987-07-03,1987.0,37.299022,FraNchEstYN
1987-07-04,1987.0,37.455496,FraNchEstYN
1987-07-05,1987.0,38.08015,FraNchEstYN
1987-07-06,1987.0,38.6989,FraNchEstYN
1987-07-07,1987.0,39.03501,FraNchEstYN
1987-07-08,1987.0,39.03501,FraNchEstYN
1987-07-09,1987.0,39.03501,FraNchEstYN
1987-07-10,1987.0,39.174426000000004,FraNchEstYN
1987-07-11,1987.0,39.344484,FraNchEstYN
1987-07-12,1987.0,39.344484,FraNchEstYN
1987-07-13,1987.0,39.344704,FraNchEstYN
1987-07-14,1987.0,39.344704,FraNchEstYN
1987-07-15,1987.0,39.594036,FraNchEstYN
1987-07-16,1987.0,39.889497,FraNchEstYN
1987-07-17,1987.0,40.152234,FraNchEstYN
1987-07-18,1987.0,40.15225,FraNchEstYN
1987-07-19,1987.0,40.152252,FraNchEstYN
1987-07-20,1987.0,40.152258,FraNchEstYN
1987-10-07,1987.0,0.0,FraNchEstYN
1987-10-08,1987.0,0.0,FraNchEstYN
1987-10-09,1987.0,0.0,FraNchEstYN
1987-10-10,1987.0,0.0,FraNchEstYN
1987-10-11,1987.0,0.0,FraNchEstYN
1987-10-12,1987.0,0.0,FraNchEstYN
1987-10-13,1987.0,0.0,FraNchEstYN
1987-10-14,1987.0,0.0,FraNchEstYN
1987-10-15,1987.0,0.0,FraNchEstYN
1987-10-16,1987.0,0.0,FraNchEstYN
1987-10-17,1987.0,0.0,FraNchEstYN
1987-10-18,1987.0,0.0,FraNchEstYN
1987-10-19,1987.0,0.0,FraNchEstYN
1987-10-20,1987.0,0.0,FraNchEstYN
1987-10-21,1987.0,0.0,FraNchEstYN
1987-10-22,1987.0,0.0,FraNchEstYN
1987-10-23,1987.0,0.0,FraNchEstYN
1987-10-24,1987.0,0.0,FraNchEstYN
1987-10-25,1987.0,0.0,FraNchEstYN
1987-10-26,1987.0,0.0,FraNchEstYN
1987-10-27,1987.0,0.0,FraNchEstYN
1987-10-28,1987.0,0.0,FraNchEstYN
1987-10-29,1987.0,0.0,FraNchEstYN
1987-10-30,1987.0,0.0,FraNchEstYN
1987-10-31,1987.0,0.0,FraNchEstYN
1987-11-01,1987.0,0.0,FraNchEstYN
1987-11-02,1987.0,0.0,FraNchEstYN
1987-11-03,1987.0,0.0,FraNchEstYN
1987-11-04,1987.0,0.0,FraNchEstYN
1987-11-05,1987.0,0.0,FraNchEstYN
1987-11-06,1987.0,0.0,FraNchEstYN
1987-11-07,1987.0,0.0,FraNchEstYN
1987-11-08,1987.0,0.0,FraNchEstYN
1987-11-09,1987.0,0.0,FraNchEstYN
1987-11-10,1987.0,0.0,FraNchEstYN
1987-11-11,1987.0,0.0,FraNchEstYN
1987-11-12,1987.0,0.0,FraNchEstYN
1987-11-13,1987.0,0.0,FraNchEstYN
1987-11-14,1987.0,0.0,FraNchEstYN
1987-11-15,1987.0,0.0,FraNchEstYN
1987-11-16,1987.0,0.0,FraNchEstYN
1987-11-17,1987.0,0.0,FraNchEstYN
1987-11-18,1987.0,0.0,FraNchEstYN
1987-11-19,1987.0,0.0,FraNchEstYN
1987-11-20,1987.0,0.0,FraNchEstYN
1987-11-21,1987.0,0.0,FraNchEstYN
1987-11-22,1987.0,0.0,FraNchEstYN
1987-11-23,1987.0,0.0,FraNchEstYN
1987-11-24,1987.0,0.0,FraNchEstYN
1987-11-25,1987.0,0.0,FraNchEstYN
1987-11-26,1987.0,0.0,FraNchEstYN
1987-11-27,1987.0,0.0,FraNchEstYN
1987-11-28,1987.0,0.0,FraNchEstYN
1987-11-29,1987.0,0.0,FraNchEstYN
1987-11-30,1987.0,0.0,FraNchEstYN
1987-12-01,1987.0,0.0,FraNchEstYN
1987-12-02,1987.0,0.0,FraNchEstYN
1987-12-03,1987.0,0.0,FraNchEstYN
1987-12-04,1987.0,0.0,FraNchEstYN
1987-12-05,1987.0,0.0,FraNchEstYN
1987-12-06,1987.0,0.0,FraNchEstYN
1987-12-07,1987.0,0.0,FraNchEstYN
1987-12-08,1987.0,0.0,FraNchEstYN
1987-12-09,1987.0,0.0,FraNchEstYN
1987-12-10,1987.0,0.0,FraNchEstYN
1987-12-11,1987.0,0.0,FraNchEstYN
1987-12-12,1987.0,0.0,FraNchEstYN
1987-12-13,1987.0,0.0,FraNchEstYN
1987-12-14,1987.0,0.0,FraNchEstYN
1987-12-15,1987.0,0.0,FraNchEstYN
1987-12-16,1987.0,0.0,FraNchEstYN
1987-12-17,1987.0,0.0,FraNchEstYN
1987-12-18,1987.0,0.0,FraNchEstYN
1987-12-19,1987.0,0.0,FraNchEstYN
1987-12-20,1987.0,0.0,FraNchEstYN
1987-12-21,1987.0,0.0,FraNchEstYN
1987-12-22,1987.0,0.0,FraNchEstYN
1987-12-23,1987.0,0.0,FraNchEstYN
1987-12-24,1987.0,0.0,FraNchEstYN
1987-12-25,1987.0,0.0,FraNchEstYN
1987-12-26,1987.0,0.0,FraNchEstYN
1987-12-27,1987.0,0.0,FraNchEstYN
1987-12-28,1987.0,0.0,FraNchEstYN
1987-12-29,1987.0,0.0,FraNchEstYN
1987-12-30,1987.0,0.0,FraNchEstYN
1987-12-31,1987.0,0.0,FraNchEstYN
1988-01-01,1988.0,0.0,FraNchEstYN
1988-01-02,1988.0,0.0,FraNchEstYN
1988-01-03,1988.0,0.0,FraNchEstYN
1988-01-04,1988.0,0.0,FraNchEstYN
1988-01-05,1988.0,0.0,FraNchEstYN
1988-01-06,1988.0,0.0,FraNchEstYN
1988-01-07,1988.0,0.0,FraNchEstYN
1988-01-08,1988.0,0.0,FraNchEstYN
1988-01-09,1988.0,0.0,FraNchEstYN
1988-01-10,1988.0,0.0,FraNchEstYN
1988-01-11,1988.0,0.0,FraNchEstYN
1988-01-12,1988.0,0.0,FraNchEstYN
1988-01-13,1988.0,0.0,FraNchEstYN
1988-01-14,1988.0,0.0,FraNchEstYN
1988-01-15,1988.0,0.0,FraNchEstYN
1988-01-16,1988.0,0.0,FraNchEstYN
1988-01-17,1988.0,0.0,FraNchEstYN
1988-01-18,1988.0,0.0,FraNchEstYN
1988-01-19,1988.0,0.0,FraNchEstYN
1988-01-20,1988.0,0.0,FraNchEstYN
1988-01-21,1988.0,0.0,FraNchEstYN
1988-01-22,1988.0,0.0,FraNchEstYN
1988-01-23,1988.0,0.0,FraNchEstYN
1988-01-24,1988.0,0.0,FraNchEstYN
1988-01-25,1988.0,0.0,FraNchEstYN
1988-01-26,1988.0,0.0,FraNchEstYN
1988-01-27,1988.0,0.0,FraNchEstYN
1988-01-28,1988.0,0.0,FraNchEstYN
1988-01-29,1988.0,0.0,FraNchEstYN
1988-01-30,1988.0,0.0,FraNchEstYN
1988-01-31,1988.0,0.0,FraNchEstYN
1988-02-01,1988.0,0.0,FraNchEstYN
1988-02-02,1988.0,0.0,FraNchEstYN
1988-02-03,1988.0,0.0,FraNchEstYN
1988-02-04,1988.0,0.0,FraNchEstYN
1988-02-05,1988.0,0.0,FraNchEstYN
1988-02-06,1988.0,0.0,FraNchEstYN
1988-02-07,1988.0,0.0,FraNchEstYN
1988-02-08,1988.0,0.0,FraNchEstYN
1988-02-09,1988.0,0.0,FraNchEstYN
1988-02-10,1988.0,0.0,FraNchEstYN
1988-02-11,1988.0,0.0,FraNchEstYN
1988-02-12,1988.0,0.0,FraNchEstYN
1988-02-13,1988.0,0.0,FraNchEstYN
1988-02-14,1988.0,0.0,FraNchEstYN
1988-02-15,1988.0,0.0,FraNchEstYN
1988-02-16,1988.0,0.0,FraNchEstYN
1988-02-17,1988.0,0.0,FraNchEstYN
1988-02-18,1988.0,0.0,FraNchEstYN
1988-02-19,1988.0,0.0,FraNchEstYN
1988-02-20,1988.0,0.0,FraNchEstYN
1988-02-21,1988.0,0.0,FraNchEstYN
1988-02-22,1988.0,0.0,FraNchEstYN
1988-02-23,1988.0,0.0,FraNchEstYN
1988-02-24,1988.0,0.0,FraNchEstYN
1988-02-25,1988.0,0.0,FraNchEstYN
1988-02-26,1988.0,0.0,FraNchEstYN
1988-02-27,1988.0,0.0,FraNchEstYN
1988-02-28,1988.0,0.0,FraNchEstYN
1988-02-29,1988.0,0.0,FraNchEstYN
1988-03-01,1988.0,0.0,FraNchEstYN
1988-03-02,1988.0,0.0,FraNchEstYN
1988-03-03,1988.0,0.0,FraNchEstYN
1988-03-04,1988.0,0.0,FraNchEstYN
1988-03-05,1988.0,0.0,FraNchEstYN
1988-03-06,1988.0,0.0,FraNchEstYN
1988-03-07,1988.0,0.0,FraNchEstYN
1988-03-08,1988.0,0.0,FraNchEstYN
1988-03-09,1988.0,0.0,FraNchEstYN
1988-03-10,1988.0,0.0,FraNchEstYN
1988-03-11,1988.0,0.0,FraNchEstYN
1988-03-12,1988.0,0.0,FraNchEstYN
1988-03-13,1988.0,0.0,FraNchEstYN
1988-03-14,1988.0,0.0,FraNchEstYN
1988-03-15,1988.0,0.0,FraNchEstYN
1988-03-16,1988.0,0.0,FraNchEstYN
1988-03-17,1988.0,0.0,FraNchEstYN
1988-03-18,1988.0,0.0,FraNchEstYN
1988-03-19,1988.0,0.0,FraNchEstYN
1988-03-20,1988.0,0.0,FraNchEstYN
1988-03-21,1988.0,0.0,FraNchEstYN
1988-03-22,1988.0,0.0,FraNchEstYN
1988-03-23,1988.0,0.0,FraNchEstYN
1988-03-24,1988.0,0.0,FraNchEstYN
1988-03-25,1988.0,0.0,FraNchEstYN
1988-03-26,1988.0,0.0,FraNchEstYN
1988-03-27,1988.0,0.0,FraNchEstYN
1988-03-28,1988.0,0.0,FraNchEstYN
1988-03-29,1988.0,0.0,FraNchEstYN
1988-03-30,1988.0,0.0,FraNchEstYN
1988-03-31,1988.0,0.0,FraNchEstYN
1988-04-01,1988.0,0.0,FraNchEstYN
1988-04-02,1988.0,0.0,FraNchEstYN
1988-04-03,1988.0,0.0,FraNchEstYN
1988-04-04,1988.0,0.0,FraNchEstYN
1988-04-05,1988.0,0.0,FraNchEstYN
1988-04-06,1988.0,0.0,FraNchEstYN
1988-04-07,1988.0,0.0,FraNchEstYN
1988-04-08,1988.0,0.0,FraNchEstYN
1988-04-09,1988.0,0.0,FraNchEstYN
1988-04-10,1988.0,0.0,FraNchEstYN
1988-04-11,1988.0,0.0,FraNchEstYN
1988-04-12,1988.0,0.0,FraNchEstYN
1988-04-13,1988.0,0.0,FraNchEstYN
1988-04-14,1988.0,0.0,FraNchEstYN
1988-04-15,1988.0,0.0,FraNchEstYN
1988-04-16,1988.0,0.0,FraNchEstYN
1988-04-17,1988.0,0.0,FraNchEstYN
1988-04-18,1988.0,0.0,FraNchEstYN
1988-04-19,1988.0,0.0,FraNchEstYN
1988-04-20,1988.0,0.0,FraNchEstYN
1988-04-21,1988.0,0.0,FraNchEstYN
1988-04-22,1988.0,0.0,FraNchEstYN
1988-04-23,1988.0,0.0,FraNchEstYN
1988-04-24,1988.0,0.0,FraNchEstYN
1988-04-25,1988.0,0.0,FraNchEstYN
1988-04-26,1988.0,0.0,FraNchEstYN
1988-04-27,1988.0,0.0,FraNchEstYN
1988-04-28,1988.0,0.0,FraNchEstYN
1988-04-29,1988.0,0.0,FraNchEstYN
1988-04-30,1988.0,0.0,FraNchEstYN
1988-05-01,1988.0,0.0,FraNchEstYN
1988-05-02,1988.0,0.0,FraNchEstYN
1988-05-03,1988.0,0.0,FraNchEstYN
1988-05-04,1988.0,0.0,FraNchEstYN
1988-05-05,1988.0,0.0,FraNchEstYN
1988-05-06,1988.0,0.0,FraNchEstYN
1988-05-07,1988.0,0.0,FraNchEstYN
1988-05-08,1988.0,0.0,FraNchEstYN
1988-05-09,1988.0,0.0,FraNchEstYN
1988-05-10,1988.0,0.0,FraNchEstYN
1988-05-11,1988.0,0.0,FraNchEstYN
1988-05-12,1988.0,0.0,FraNchEstYN
1988-05-13,1988.0,0.0,FraNchEstYN
1988-05-14,1988.0,0.0,FraNchEstYN
1988-05-15,1988.0,0.0,FraNchEstYN
1988-05-16,1988.0,0.0,FraNchEstYN
1988-05-17,1988.0,1.5639577000000002,FraNchEstYN
1988-05-18,1988.0,1.5639577000000002,FraNchEstYN
1988-05-19,1988.0,1.5639577000000002,FraNchEstYN
1988-05-20,1988.0,1.5639577000000002,FraNchEstYN
1988-05-21,1988.0,1.5639577000000002,FraNchEstYN
1988-05-22,1988.0,1.5639577000000002,FraNchEstYN
1988-05-23,1988.0,1.5639577000000002,FraNchEstYN
1988-05-24,1988.0,3.6072195000000002,FraNchEstYN
1988-05-25,1988.0,3.6072195000000002,FraNchEstYN
1988-05-26,1988.0,8.928838,FraNchEstYN
1988-05-27,1988.0,13.039032,FraNchEstYN
1988-05-28,1988.0,13.039032,FraNchEstYN
1988-05-29,1988.0,18.040779,FraNchEstYN
1988-05-30,1988.0,18.040779,FraNchEstYN
1988-05-31,1988.0,18.040779,FraNchEstYN
1988-06-01,1988.0,18.040779,FraNchEstYN
1988-06-02,1988.0,22.789918,FraNchEstYN
1988-06-03,1988.0,22.789918,FraNchEstYN
1988-06-04,1988.0,22.789918,FraNchEstYN
1988-06-05,1988.0,22.789918,FraNchEstYN
1988-06-06,1988.0,22.789918,FraNchEstYN
1988-06-07,1988.0,22.789918,FraNchEstYN
1988-06-08,1988.0,27.195197,FraNchEstYN
1988-06-09,1988.0,30.775538,FraNchEstYN
1988-06-10,1988.0,30.775538,FraNchEstYN
1988-06-11,1988.0,30.775538,FraNchEstYN
1988-06-12,1988.0,30.775538,FraNchEstYN
1988-06-13,1988.0,30.775538,FraNchEstYN
1988-06-14,1988.0,30.775538,FraNchEstYN
1988-06-15,1988.0,30.775538,FraNchEstYN
1988-06-16,1988.0,30.775538,FraNchEstYN
1988-06-17,1988.0,30.775538,FraNchEstYN
1988-06-18,1988.0,30.775538,FraNchEstYN
1988-06-19,1988.0,30.775538,FraNchEstYN
1988-06-20,1988.0,30.775538,FraNchEstYN
1988-06-21,1988.0,30.775538,FraNchEstYN
1988-06-22,1988.0,30.775538,FraNchEstYN
1988-06-23,1988.0,30.775538,FraNchEstYN
1988-06-24,1988.0,30.775538,FraNchEstYN
1988-06-25,1988.0,30.775538,FraNchEstYN
1988-06-26,1988.0,30.775538,FraNchEstYN
1988-06-27,1988.0,30.775538,FraNchEstYN
1988-06-28,1988.0,33.555794,FraNchEstYN
1988-06-29,1988.0,33.555794,FraNchEstYN
1988-06-30,1988.0,33.555794,FraNchEstYN
1988-07-01,1988.0,33.555794,FraNchEstYN
1988-07-02,1988.0,33.555794,FraNchEstYN
1988-07-03,1988.0,33.555794,FraNchEstYN
1988-07-04,1988.0,33.722878,FraNchEstYN
1988-07-05,1988.0,33.722878,FraNchEstYN
1988-07-06,1988.0,33.722879999999996,FraNchEstYN
1988-07-07,1988.0,33.722879999999996,FraNchEstYN
1988-07-08,1988.0,33.722879999999996,FraNchEstYN
1988-07-09,1988.0,33.722879999999996,FraNchEstYN
1988-07-10,1988.0,33.722879999999996,FraNchEstYN
1988-07-11,1988.0,33.722879999999996,FraNchEstYN
1988-07-12,1988.0,33.84045,FraNchEstYN
1988-07-13,1988.0,33.84045,FraNchEstYN
1988-07-14,1988.0,33.84045,FraNchEstYN
1988-07-15,1988.0,33.84045,FraNchEstYN
1988-07-16,1988.0,33.84045,FraNchEstYN
1988-07-17,1988.0,33.840448,FraNchEstYN
1988-07-18,1988.0,33.840448,FraNchEstYN
1988-07-19,1988.0,34.21495,FraNchEstYN
1988-07-20,1988.0,34.21495,FraNchEstYN
1988-07-21,1988.0,34.21495,FraNchEstYN
1988-07-22,1988.0,34.21495,FraNchEstYN
1988-07-23,1988.0,34.21495,FraNchEstYN
1988-07-24,1988.0,34.21495,FraNchEstYN
1988-10-06,1988.0,0.0,FraNchEstYN
1988-10-07,1988.0,0.0,FraNchEstYN
1988-10-08,1988.0,0.0,FraNchEstYN
1988-10-09,1988.0,0.0,FraNchEstYN
1988-10-10,1988.0,0.0,FraNchEstYN
1988-10-11,1988.0,0.0,FraNchEstYN
1988-10-12,1988.0,0.0,FraNchEstYN
1988-10-13,1988.0,0.0,FraNchEstYN
1988-10-14,1988.0,0.0,FraNchEstYN
1988-10-15,1988.0,0.0,FraNchEstYN
1988-10-16,1988.0,0.0,FraNchEstYN
1988-10-17,1988.0,0.0,FraNchEstYN
1988-10-18,1988.0,0.0,FraNchEstYN
1988-10-19,1988.0,0.0,FraNchEstYN
1988-10-20,1988.0,0.0,FraNchEstYN
1988-10-21,1988.0,0.0,FraNchEstYN
1988-10-22,1988.0,0.0,FraNchEstYN
1988-10-23,1988.0,0.0,FraNchEstYN
1988-10-24,1988.0,0.0,FraNchEstYN
1988-10-25,1988.0,0.0,FraNchEstYN
1988-10-26,1988.0,0.0,FraNchEstYN
1988-10-27,1988.0,0.0,FraNchEstYN
1988-10-28,1988.0,0.0,FraNchEstYN
1988-10-29,1988.0,0.0,FraNchEstYN
1988-10-30,1988.0,0.0,FraNchEstYN
1988-10-31,1988.0,0.0,FraNchEstYN
1988-11-01,1988.0,0.0,FraNchEstYN
1988-11-02,1988.0,0.0,FraNchEstYN
1988-11-03,1988.0,0.0,FraNchEstYN
1988-11-04,1988.0,0.0,FraNchEstYN
1988-11-05,1988.0,0.0,FraNchEstYN
1988-11-06,1988.0,0.0,FraNchEstYN
1988-11-07,1988.0,0.0,FraNchEstYN
1988-11-08,1988.0,0.0,FraNchEstYN
1988-11-09,1988.0,0.0,FraNchEstYN
1988-11-10,1988.0,0.0,FraNchEstYN
1988-11-11,1988.0,0.0,FraNchEstYN
1988-11-12,1988.0,0.0,FraNchEstYN
1988-11-13,1988.0,0.0,FraNchEstYN
1988-11-14,1988.0,0.0,FraNchEstYN
1988-11-15,1988.0,0.0,FraNchEstYN
1988-11-16,1988.0,0.0,FraNchEstYN
1988-11-17,1988.0,0.0,FraNchEstYN
1988-11-18,1988.0,0.0,FraNchEstYN
1988-11-19,1988.0,0.0,FraNchEstYN
1988-11-20,1988.0,0.0,FraNchEstYN
1988-11-21,1988.0,0.0,FraNchEstYN
1988-11-22,1988.0,0.0,FraNchEstYN
1988-11-23,1988.0,0.0,FraNchEstYN
1988-11-24,1988.0,0.0,FraNchEstYN
1988-11-25,1988.0,0.0,FraNchEstYN
1988-11-26,1988.0,0.0,FraNchEstYN
1988-11-27,1988.0,0.0,FraNchEstYN
1988-11-28,1988.0,0.0,FraNchEstYN
1988-11-29,1988.0,0.0,FraNchEstYN
1988-11-30,1988.0,0.0,FraNchEstYN
1988-12-01,1988.0,0.0,FraNchEstYN
1988-12-02,1988.0,0.0,FraNchEstYN
1988-12-03,1988.0,0.0,FraNchEstYN
1988-12-04,1988.0,0.0,FraNchEstYN
1988-12-05,1988.0,0.0,FraNchEstYN
1988-12-06,1988.0,0.0,FraNchEstYN
1988-12-07,1988.0,0.0,FraNchEstYN
1988-12-08,1988.0,0.0,FraNchEstYN
1988-12-09,1988.0,0.0,FraNchEstYN
1988-12-10,1988.0,0.0,FraNchEstYN
1988-12-11,1988.0,0.0,FraNchEstYN
1988-12-12,1988.0,0.0,FraNchEstYN
1988-12-13,1988.0,0.0,FraNchEstYN
1988-12-14,1988.0,0.0,FraNchEstYN
1988-12-15,1988.0,0.0,FraNchEstYN
1988-12-16,1988.0,0.0,FraNchEstYN
1988-12-17,1988.0,0.0,FraNchEstYN
1988-12-18,1988.0,0.0,FraNchEstYN
1988-12-19,1988.0,0.0,FraNchEstYN
1988-12-20,1988.0,0.0,FraNchEstYN
1988-12-21,1988.0,0.0,FraNchEstYN
1988-12-22,1988.0,0.0,FraNchEstYN
1988-12-23,1988.0,0.0,FraNchEstYN
1988-12-24,1988.0,0.0,FraNchEstYN
1988-12-25,1988.0,0.0,FraNchEstYN
1988-12-26,1988.0,0.0,FraNchEstYN
1988-12-27,1988.0,0.0,FraNchEstYN
1988-12-28,1988.0,0.0,FraNchEstYN
1988-12-29,1988.0,0.0,FraNchEstYN
1988-12-30,1988.0,0.0,FraNchEstYN
1988-12-31,1988.0,0.0,FraNchEstYN
1989-01-01,1989.0,0.0,FraNchEstYN
1989-01-02,1989.0,0.0,FraNchEstYN
1989-01-03,1989.0,0.0,FraNchEstYN
1989-01-04,1989.0,0.0,FraNchEstYN
1989-01-05,1989.0,0.0,FraNchEstYN
1989-01-06,1989.0,0.0,FraNchEstYN
1989-01-07,1989.0,0.0,FraNchEstYN
1989-01-08,1989.0,0.0,FraNchEstYN
1989-01-09,1989.0,0.0,FraNchEstYN
1989-01-10,1989.0,0.0,FraNchEstYN
1989-01-11,1989.0,0.0,FraNchEstYN
1989-01-12,1989.0,0.0,FraNchEstYN
1989-01-13,1989.0,0.0,FraNchEstYN
1989-01-14,1989.0,0.0,FraNchEstYN
1989-01-15,1989.0,0.0,FraNchEstYN
1989-01-16,1989.0,0.0,FraNchEstYN
1989-01-17,1989.0,0.0,FraNchEstYN
1989-01-18,1989.0,0.0,FraNchEstYN
1989-01-19,1989.0,0.0,FraNchEstYN
1989-01-20,1989.0,0.0,FraNchEstYN
1989-01-21,1989.0,0.0,FraNchEstYN
1989-01-22,1989.0,0.0,FraNchEstYN
1989-01-23,1989.0,0.0,FraNchEstYN
1989-01-24,1989.0,0.0,FraNchEstYN
1989-01-25,1989.0,0.0,FraNchEstYN
1989-01-26,1989.0,0.0,FraNchEstYN
1989-01-27,1989.0,0.0,FraNchEstYN
1989-01-28,1989.0,0.0,FraNchEstYN
1989-01-29,1989.0,0.0,FraNchEstYN
1989-01-30,1989.0,0.0,FraNchEstYN
1989-01-31,1989.0,0.0,FraNchEstYN
1989-02-01,1989.0,0.0,FraNchEstYN
1989-02-02,1989.0,0.0,FraNchEstYN
1989-02-03,1989.0,0.0,FraNchEstYN
1989-02-04,1989.0,0.0,FraNchEstYN
1989-02-05,1989.0,0.0,FraNchEstYN
1989-02-06,1989.0,0.0,FraNchEstYN
1989-02-07,1989.0,0.0,FraNchEstYN
1989-02-08,1989.0,0.0,FraNchEstYN
1989-02-09,1989.0,0.0,FraNchEstYN
1989-02-10,1989.0,0.0,FraNchEstYN
1989-02-11,1989.0,0.0,FraNchEstYN
1989-02-12,1989.0,0.0,FraNchEstYN
1989-02-13,1989.0,0.0,FraNchEstYN
1989-02-14,1989.0,0.0,FraNchEstYN
1989-02-15,1989.0,0.0,FraNchEstYN
1989-02-16,1989.0,0.0,FraNchEstYN
1989-02-17,1989.0,0.0,FraNchEstYN
1989-02-18,1989.0,0.0,FraNchEstYN
1989-02-19,1989.0,0.0,FraNchEstYN
1989-02-20,1989.0,0.0,FraNchEstYN
1989-02-21,1989.0,0.0,FraNchEstYN
1989-02-22,1989.0,0.0,FraNchEstYN
1989-02-23,1989.0,0.0,FraNchEstYN
1989-02-24,1989.0,0.0,FraNchEstYN
1989-02-25,1989.0,0.0,FraNchEstYN
1989-02-26,1989.0,0.0,FraNchEstYN
1989-02-27,1989.0,0.0,FraNchEstYN
1989-02-28,1989.0,0.0,FraNchEstYN
1989-03-01,1989.0,0.0,FraNchEstYN
1989-03-02,1989.0,0.0,FraNchEstYN
1989-03-03,1989.0,0.0,FraNchEstYN
1989-03-04,1989.0,0.0,FraNchEstYN
1989-03-05,1989.0,0.0,FraNchEstYN
1989-03-06,1989.0,0.0,FraNchEstYN
1989-03-07,1989.0,0.0,FraNchEstYN
1989-03-08,1989.0,0.0,FraNchEstYN
1989-03-09,1989.0,0.0,FraNchEstYN
1989-03-10,1989.0,0.0,FraNchEstYN
1989-03-11,1989.0,0.0,FraNchEstYN
1989-03-12,1989.0,0.0,FraNchEstYN
1989-03-13,1989.0,0.0,FraNchEstYN
1989-03-14,1989.0,0.0,FraNchEstYN
1989-03-15,1989.0,0.0,FraNchEstYN
1989-03-16,1989.0,0.0,FraNchEstYN
1989-03-17,1989.0,0.0,FraNchEstYN
1989-03-18,1989.0,0.0,FraNchEstYN
1989-03-19,1989.0,0.0,FraNchEstYN
1989-03-20,1989.0,0.0,FraNchEstYN
1989-03-21,1989.0,0.0,FraNchEstYN
1989-03-22,1989.0,0.0,FraNchEstYN
1989-03-23,1989.0,0.0,FraNchEstYN
1989-03-24,1989.0,0.0,FraNchEstYN
1989-03-25,1989.0,0.0,FraNchEstYN
1989-03-26,1989.0,0.0,FraNchEstYN
1989-03-27,1989.0,0.0,FraNchEstYN
1989-03-28,1989.0,0.0,FraNchEstYN
1989-03-29,1989.0,0.0,FraNchEstYN
1989-03-30,1989.0,0.0,FraNchEstYN
1989-03-31,1989.0,0.0,FraNchEstYN
1989-04-01,1989.0,0.0,FraNchEstYN
1989-04-02,1989.0,0.0,FraNchEstYN
1989-04-03,1989.0,0.0,FraNchEstYN
1989-04-04,1989.0,0.0,FraNchEstYN
1989-04-05,1989.0,0.0,FraNchEstYN
1989-04-06,1989.0,0.0,FraNchEstYN
1989-04-07,1989.0,0.0,FraNchEstYN
1989-04-08,1989.0,0.0,FraNchEstYN
1989-04-09,1989.0,0.0,FraNchEstYN
1989-04-10,1989.0,0.0,FraNchEstYN
1989-04-11,1989.0,0.0,FraNchEstYN
1989-04-12,1989.0,0.0,FraNchEstYN
1989-04-13,1989.0,0.0,FraNchEstYN
1989-04-14,1989.0,0.0,FraNchEstYN
1989-04-15,1989.0,0.0,FraNchEstYN
1989-04-16,1989.0,0.0,FraNchEstYN
1989-04-17,1989.0,0.0,FraNchEstYN
1989-04-18,1989.0,0.0,FraNchEstYN
1989-04-19,1989.0,0.0,FraNchEstYN
1989-04-20,1989.0,0.0,FraNchEstYN
1989-04-21,1989.0,0.0,FraNchEstYN
1989-04-22,1989.0,0.0,FraNchEstYN
1989-04-23,1989.0,0.0,FraNchEstYN
1989-04-24,1989.0,0.0,FraNchEstYN
1989-04-25,1989.0,0.0,FraNchEstYN
1989-04-26,1989.0,0.0,FraNchEstYN
1989-04-27,1989.0,0.0,FraNchEstYN
1989-04-28,1989.0,0.0,FraNchEstYN
1989-04-29,1989.0,0.0,FraNchEstYN
1989-04-30,1989.0,0.0,FraNchEstYN
1989-05-01,1989.0,0.0,FraNchEstYN
1989-05-02,1989.0,0.0,FraNchEstYN
1989-05-03,1989.0,0.0,FraNchEstYN
1989-05-04,1989.0,0.0,FraNchEstYN
1989-05-05,1989.0,0.0,FraNchEstYN
1989-05-06,1989.0,0.0,FraNchEstYN
1989-05-07,1989.0,0.0,FraNchEstYN
1989-05-08,1989.0,0.0,FraNchEstYN
1989-05-09,1989.0,0.0,FraNchEstYN
1989-05-10,1989.0,0.0,FraNchEstYN
1989-05-11,1989.0,0.0,FraNchEstYN
1989-05-12,1989.0,0.0,FraNchEstYN
1989-05-13,1989.0,0.0,FraNchEstYN
1989-05-14,1989.0,0.0,FraNchEstYN
1989-05-15,1989.0,0.0,FraNchEstYN
1989-05-16,1989.0,0.0,FraNchEstYN
1989-05-17,1989.0,0.0,FraNchEstYN
1989-05-18,1989.0,0.0,FraNchEstYN
1989-05-19,1989.0,0.0,FraNchEstYN
1989-05-20,1989.0,0.0,FraNchEstYN
1989-05-21,1989.0,0.0,FraNchEstYN
1989-05-22,1989.0,0.0,FraNchEstYN
1989-05-23,1989.0,0.0,FraNchEstYN
1989-05-24,1989.0,0.0,FraNchEstYN
1989-05-25,1989.0,0.0,FraNchEstYN
1989-05-26,1989.0,0.0,FraNchEstYN
1989-05-27,1989.0,0.0,FraNchEstYN
1989-05-28,1989.0,0.0,FraNchEstYN
1989-05-29,1989.0,2.1572093,FraNchEstYN
1989-05-30,1989.0,4.0050276,FraNchEstYN
1989-05-31,1989.0,4.0050276,FraNchEstYN
1989-06-01,1989.0,4.0050276,FraNchEstYN
1989-06-02,1989.0,4.0050276,FraNchEstYN
1989-06-03,1989.0,4.0050276,FraNchEstYN
1989-06-04,1989.0,9.7630516,FraNchEstYN
1989-06-05,1989.0,15.147948,FraNchEstYN
1989-06-06,1989.0,15.147948,FraNchEstYN
1989-06-07,1989.0,20.082541000000003,FraNchEstYN
1989-06-08,1989.0,20.082541000000003,FraNchEstYN
1989-06-09,1989.0,20.082541000000003,FraNchEstYN
1989-06-10,1989.0,25.169775,FraNchEstYN
1989-06-11,1989.0,29.609429999999996,FraNchEstYN
1989-06-12,1989.0,29.609429999999996,FraNchEstYN
1989-06-13,1989.0,33.533698,FraNchEstYN
1989-06-14,1989.0,35.769108,FraNchEstYN
1989-06-15,1989.0,38.154027,FraNchEstYN
1989-06-16,1989.0,38.154027,FraNchEstYN
1989-06-17,1989.0,41.727674,FraNchEstYN
1989-06-18,1989.0,45.205780000000004,FraNchEstYN
1989-06-19,1989.0,48.467708,FraNchEstYN
1989-06-20,1989.0,50.209199999999996,FraNchEstYN
1989-06-21,1989.0,50.209199999999996,FraNchEstYN
1989-06-22,1989.0,50.209199999999996,FraNchEstYN
1989-06-23,1989.0,50.209199999999996,FraNchEstYN
1989-06-24,1989.0,50.209199999999996,FraNchEstYN
1989-06-25,1989.0,51.83984,FraNchEstYN
1989-06-26,1989.0,53.11642,FraNchEstYN
1989-06-27,1989.0,53.11642,FraNchEstYN
1989-06-28,1989.0,57.664066999999996,FraNchEstYN
1989-06-29,1989.0,57.66405999999999,FraNchEstYN
1989-06-30,1989.0,59.079015,FraNchEstYN
1989-07-01,1989.0,60.2193,FraNchEstYN
1989-07-02,1989.0,60.84069600000001,FraNchEstYN
1989-07-03,1989.0,61.36085,FraNchEstYN
1989-07-04,1989.0,63.07958,FraNchEstYN
1989-07-05,1989.0,63.467735000000005,FraNchEstYN
1989-07-06,1989.0,63.694525,FraNchEstYN
1989-07-07,1989.0,63.69452,FraNchEstYN
1989-07-08,1989.0,63.69452,FraNchEstYN
1989-07-09,1989.0,63.69452,FraNchEstYN
1989-07-10,1989.0,63.91468999999999,FraNchEstYN
1989-07-11,1989.0,63.91468999999999,FraNchEstYN
1989-07-12,1989.0,63.91468999999999,FraNchEstYN
1989-07-13,1989.0,64.27623,FraNchEstYN
1989-07-14,1989.0,64.283764,FraNchEstYN
1989-07-15,1989.0,64.283764,FraNchEstYN
1989-07-16,1989.0,64.283764,FraNchEstYN
1989-07-17,1989.0,64.283764,FraNchEstYN
1989-07-18,1989.0,64.43858,FraNchEstYN
1989-07-19,1989.0,64.55826,FraNchEstYN
1989-07-20,1989.0,64.55835,FraNchEstYN
1989-07-21,1989.0,64.558375,FraNchEstYN
1989-07-22,1989.0,64.558375,FraNchEstYN
1989-07-23,1989.0,64.558375,FraNchEstYN
1989-07-24,1989.0,64.558375,FraNchEstYN
1989-07-25,1989.0,64.558375,FraNchEstYN
1989-07-26,1989.0,64.558375,FraNchEstYN
1989-07-27,1989.0,64.558375,FraNchEstYN
1989-07-28,1989.0,64.558375,FraNchEstYN
1989-07-29,1989.0,64.558375,FraNchEstYN
1989-07-30,1989.0,64.558375,FraNchEstYN
1989-10-02,1989.0,0.0,FraNchEstYN
1989-10-03,1989.0,0.0,FraNchEstYN
1989-10-04,1989.0,0.0,FraNchEstYN
1989-10-05,1989.0,0.0,FraNchEstYN
1989-10-06,1989.0,0.0,FraNchEstYN
1989-10-07,1989.0,0.0,FraNchEstYN
1989-10-08,1989.0,0.0,FraNchEstYN
1989-10-09,1989.0,0.0,FraNchEstYN
1989-10-10,1989.0,0.0,FraNchEstYN
1989-10-11,1989.0,0.0,FraNchEstYN
1989-10-12,1989.0,0.0,FraNchEstYN
1989-10-13,1989.0,0.0,FraNchEstYN
1989-10-14,1989.0,0.0,FraNchEstYN
1989-10-15,1989.0,0.0,FraNchEstYN
1989-10-16,1989.0,0.0,FraNchEstYN
1989-10-17,1989.0,0.0,FraNchEstYN
1989-10-18,1989.0,0.0,FraNchEstYN
1989-10-19,1989.0,0.0,FraNchEstYN
1989-10-20,1989.0,0.0,FraNchEstYN
1989-10-21,1989.0,0.0,FraNchEstYN
1989-10-22,1989.0,0.0,FraNchEstYN
1989-10-23,1989.0,0.0,FraNchEstYN
1989-10-24,1989.0,0.0,FraNchEstYN
1989-10-25,1989.0,0.0,FraNchEstYN
1989-10-26,1989.0,0.0,FraNchEstYN
1989-10-27,1989.0,0.0,FraNchEstYN
1989-10-28,1989.0,0.0,FraNchEstYN
1989-10-29,1989.0,0.0,FraNchEstYN
1989-10-30,1989.0,0.0,FraNchEstYN
1989-10-31,1989.0,0.0,FraNchEstYN
1989-11-01,1989.0,0.0,FraNchEstYN
1989-11-02,1989.0,0.0,FraNchEstYN
1989-11-03,1989.0,0.0,FraNchEstYN
1989-11-04,1989.0,0.0,FraNchEstYN
1989-11-05,1989.0,0.0,FraNchEstYN
1989-11-06,1989.0,0.0,FraNchEstYN
1989-11-07,1989.0,0.0,FraNchEstYN
1989-11-08,1989.0,0.0,FraNchEstYN
1989-11-09,1989.0,0.0,FraNchEstYN
1989-11-10,1989.0,0.0,FraNchEstYN
1989-11-11,1989.0,0.0,FraNchEstYN
1989-11-12,1989.0,0.0,FraNchEstYN
1989-11-13,1989.0,0.0,FraNchEstYN
1989-11-14,1989.0,0.0,FraNchEstYN
1989-11-15,1989.0,0.0,FraNchEstYN
1989-11-16,1989.0,0.0,FraNchEstYN
1989-11-17,1989.0,0.0,FraNchEstYN
1989-11-18,1989.0,0.0,FraNchEstYN
1989-11-19,1989.0,0.0,FraNchEstYN
1989-11-20,1989.0,0.0,FraNchEstYN
1989-11-21,1989.0,0.0,FraNchEstYN
1989-11-22,1989.0,0.0,FraNchEstYN
1989-11-23,1989.0,0.0,FraNchEstYN
1989-11-24,1989.0,0.0,FraNchEstYN
1989-11-25,1989.0,0.0,FraNchEstYN
1989-11-26,1989.0,0.0,FraNchEstYN
1989-11-27,1989.0,0.0,FraNchEstYN
1989-11-28,1989.0,0.0,FraNchEstYN
1989-11-29,1989.0,0.0,FraNchEstYN
1989-11-30,1989.0,0.0,FraNchEstYN
1989-12-01,1989.0,0.0,FraNchEstYN
1989-12-02,1989.0,0.0,FraNchEstYN
1989-12-03,1989.0,0.0,FraNchEstYN
1989-12-04,1989.0,0.0,FraNchEstYN
1989-12-05,1989.0,0.0,FraNchEstYN
1989-12-06,1989.0,0.0,FraNchEstYN
1989-12-07,1989.0,0.0,FraNchEstYN
1989-12-08,1989.0,0.0,FraNchEstYN
1989-12-09,1989.0,0.0,FraNchEstYN
1989-12-10,1989.0,0.0,FraNchEstYN
1989-12-11,1989.0,0.0,FraNchEstYN
1989-12-12,1989.0,0.0,FraNchEstYN
1989-12-13,1989.0,0.0,FraNchEstYN
1989-12-14,1989.0,0.0,FraNchEstYN
1989-12-15,1989.0,0.0,FraNchEstYN
1989-12-16,1989.0,0.0,FraNchEstYN
1989-12-17,1989.0,0.0,FraNchEstYN
1989-12-18,1989.0,0.0,FraNchEstYN
1989-12-19,1989.0,0.0,FraNchEstYN
1989-12-20,1989.0,0.0,FraNchEstYN
1989-12-21,1989.0,0.0,FraNchEstYN
1989-12-22,1989.0,0.0,FraNchEstYN
1989-12-23,1989.0,0.0,FraNchEstYN
1989-12-24,1989.0,0.0,FraNchEstYN
1989-12-25,1989.0,0.0,FraNchEstYN
1989-12-26,1989.0,0.0,FraNchEstYN
1989-12-27,1989.0,0.0,FraNchEstYN
1989-12-28,1989.0,0.0,FraNchEstYN
1989-12-29,1989.0,0.0,FraNchEstYN
1989-12-30,1989.0,0.0,FraNchEstYN
1989-12-31,1989.0,0.0,FraNchEstYN
1990-01-01,1990.0,0.0,FraNchEstYN
1990-01-02,1990.0,0.0,FraNchEstYN
1990-01-03,1990.0,0.0,FraNchEstYN
1990-01-04,1990.0,0.0,FraNchEstYN
1990-01-05,1990.0,0.0,FraNchEstYN
1990-01-06,1990.0,0.0,FraNchEstYN
1990-01-07,1990.0,0.0,FraNchEstYN
1990-01-08,1990.0,0.0,FraNchEstYN
1990-01-09,1990.0,0.0,FraNchEstYN
1990-01-10,1990.0,0.0,FraNchEstYN
1990-01-11,1990.0,0.0,FraNchEstYN
1990-01-12,1990.0,0.0,FraNchEstYN
1990-01-13,1990.0,0.0,FraNchEstYN
1990-01-14,1990.0,0.0,FraNchEstYN
1990-01-15,1990.0,0.0,FraNchEstYN
1990-01-16,1990.0,0.0,FraNchEstYN
1990-01-17,1990.0,0.0,FraNchEstYN
1990-01-18,1990.0,0.0,FraNchEstYN
1990-01-19,1990.0,0.0,FraNchEstYN
1990-01-20,1990.0,0.0,FraNchEstYN
1990-01-21,1990.0,0.0,FraNchEstYN
1990-01-22,1990.0,0.0,FraNchEstYN
1990-01-23,1990.0,0.0,FraNchEstYN
1990-01-24,1990.0,0.0,FraNchEstYN
1990-01-25,1990.0,0.0,FraNchEstYN
1990-01-26,1990.0,0.0,FraNchEstYN
1990-01-27,1990.0,0.0,FraNchEstYN
1990-01-28,1990.0,0.0,FraNchEstYN
1990-01-29,1990.0,0.0,FraNchEstYN
1990-01-30,1990.0,0.0,FraNchEstYN
1990-01-31,1990.0,0.0,FraNchEstYN
1990-02-01,1990.0,0.0,FraNchEstYN
1990-02-02,1990.0,0.0,FraNchEstYN
1990-02-03,1990.0,0.0,FraNchEstYN
1990-02-04,1990.0,0.0,FraNchEstYN
1990-02-05,1990.0,0.0,FraNchEstYN
1990-02-06,1990.0,0.0,FraNchEstYN
1990-02-07,1990.0,0.0,FraNchEstYN
1990-02-08,1990.0,0.0,FraNchEstYN
1990-02-09,1990.0,0.0,FraNchEstYN
1990-02-10,1990.0,0.0,FraNchEstYN
1990-02-11,1990.0,0.0,FraNchEstYN
1990-02-12,1990.0,0.0,FraNchEstYN
1990-02-13,1990.0,0.0,FraNchEstYN
1990-02-14,1990.0,0.0,FraNchEstYN
1990-02-15,1990.0,0.0,FraNchEstYN
1990-02-16,1990.0,0.0,FraNchEstYN
1990-02-17,1990.0,0.0,FraNchEstYN
1990-02-18,1990.0,0.0,FraNchEstYN
1990-02-19,1990.0,0.0,FraNchEstYN
1990-02-20,1990.0,0.0,FraNchEstYN
1990-02-21,1990.0,0.0,FraNchEstYN
1990-02-22,1990.0,0.0,FraNchEstYN
1990-02-23,1990.0,0.0,FraNchEstYN
1990-02-24,1990.0,0.0,FraNchEstYN
1990-02-25,1990.0,0.0,FraNchEstYN
1990-02-26,1990.0,0.0,FraNchEstYN
1990-02-27,1990.0,0.0,FraNchEstYN
1990-02-28,1990.0,0.0,FraNchEstYN
1990-03-01,1990.0,0.0,FraNchEstYN
1990-03-02,1990.0,0.0,FraNchEstYN
1990-03-03,1990.0,0.0,FraNchEstYN
1990-03-04,1990.0,0.0,FraNchEstYN
1990-03-05,1990.0,0.0,FraNchEstYN
1990-03-06,1990.0,0.0,FraNchEstYN
1990-03-07,1990.0,0.0,FraNchEstYN
1990-03-08,1990.0,0.0,FraNchEstYN
1990-03-09,1990.0,0.0,FraNchEstYN
1990-03-10,1990.0,0.0,FraNchEstYN
1990-03-11,1990.0,0.0,FraNchEstYN
1990-03-12,1990.0,0.0,FraNchEstYN
1990-03-13,1990.0,0.0,FraNchEstYN
1990-03-14,1990.0,0.0,FraNchEstYN
1990-03-15,1990.0,0.0,FraNchEstYN
1990-03-16,1990.0,0.0,FraNchEstYN
1990-03-17,1990.0,0.0,FraNchEstYN
1990-03-18,1990.0,0.0,FraNchEstYN
1990-03-19,1990.0,0.0,FraNchEstYN
1990-03-20,1990.0,0.0,FraNchEstYN
1990-03-21,1990.0,0.0,FraNchEstYN
1990-03-22,1990.0,0.0,FraNchEstYN
1990-03-23,1990.0,0.0,FraNchEstYN
1990-03-24,1990.0,0.0,FraNchEstYN
1990-03-25,1990.0,0.0,FraNchEstYN
1990-03-26,1990.0,0.0,FraNchEstYN
1990-03-27,1990.0,0.0,FraNchEstYN
1990-03-28,1990.0,0.0,FraNchEstYN
1990-03-29,1990.0,0.0,FraNchEstYN
1990-03-30,1990.0,0.0,FraNchEstYN
1990-03-31,1990.0,0.0,FraNchEstYN
1990-04-01,1990.0,0.0,FraNchEstYN
1990-04-02,1990.0,0.0,FraNchEstYN
1990-04-03,1990.0,0.0,FraNchEstYN
1990-04-04,1990.0,0.0,FraNchEstYN
1990-04-05,1990.0,0.0,FraNchEstYN
1990-04-06,1990.0,0.0,FraNchEstYN
1990-04-07,1990.0,0.0,FraNchEstYN
1990-04-08,1990.0,0.0,FraNchEstYN
1990-04-09,1990.0,0.0,FraNchEstYN
1990-04-10,1990.0,0.0,FraNchEstYN
1990-04-11,1990.0,0.0,FraNchEstYN
1990-04-12,1990.0,0.0,FraNchEstYN
1990-04-13,1990.0,0.0,FraNchEstYN
1990-04-14,1990.0,0.0,FraNchEstYN
1990-04-15,1990.0,0.0,FraNchEstYN
1990-04-16,1990.0,0.0,FraNchEstYN
1990-04-17,1990.0,0.0,FraNchEstYN
1990-04-18,1990.0,0.0,FraNchEstYN
1990-04-19,1990.0,0.0,FraNchEstYN
1990-04-20,1990.0,0.0,FraNchEstYN
1990-04-21,1990.0,0.0,FraNchEstYN
1990-04-22,1990.0,0.0,FraNchEstYN
1990-04-23,1990.0,0.0,FraNchEstYN
1990-04-24,1990.0,0.0,FraNchEstYN
1990-04-25,1990.0,0.0,FraNchEstYN
1990-04-26,1990.0,0.0,FraNchEstYN
1990-04-27,1990.0,0.0,FraNchEstYN
1990-04-28,1990.0,0.0,FraNchEstYN
1990-04-29,1990.0,0.0,FraNchEstYN
1990-04-30,1990.0,0.0,FraNchEstYN
1990-05-01,1990.0,0.0,FraNchEstYN
1990-05-02,1990.0,0.0,FraNchEstYN
1990-05-03,1990.0,0.0,FraNchEstYN
1990-05-04,1990.0,0.0,FraNchEstYN
1990-05-05,1990.0,0.0,FraNchEstYN
1990-05-06,1990.0,0.0,FraNchEstYN
1990-05-07,1990.0,0.0,FraNchEstYN
1990-05-08,1990.0,0.0,FraNchEstYN
1990-05-09,1990.0,2.5204986,FraNchEstYN
1990-05-10,1990.0,4.0911987,FraNchEstYN
1990-05-11,1990.0,4.0911987,FraNchEstYN
1990-05-12,1990.0,4.0911987,FraNchEstYN
1990-05-13,1990.0,4.0911987,FraNchEstYN
1990-05-14,1990.0,4.0911987,FraNchEstYN
1990-05-15,1990.0,4.0911987,FraNchEstYN
1990-05-16,1990.0,4.0911987,FraNchEstYN
1990-05-17,1990.0,6.1217554,FraNchEstYN
1990-05-18,1990.0,8.252761,FraNchEstYN
1990-05-19,1990.0,13.890030000000001,FraNchEstYN
1990-05-20,1990.0,13.890030000000001,FraNchEstYN
1990-05-21,1990.0,18.39497,FraNchEstYN
1990-05-22,1990.0,18.39497,FraNchEstYN
1990-05-23,1990.0,18.39497,FraNchEstYN
1990-05-24,1990.0,20.702657,FraNchEstYN
1990-05-25,1990.0,24.234465,FraNchEstYN
1990-05-26,1990.0,26.993045,FraNchEstYN
1990-05-27,1990.0,26.993045,FraNchEstYN
1990-05-28,1990.0,26.993045,FraNchEstYN
1990-05-29,1990.0,28.897855,FraNchEstYN
1990-05-30,1990.0,31.631525999999997,FraNchEstYN
1990-05-31,1990.0,33.973673,FraNchEstYN
1990-06-01,1990.0,36.280590000000004,FraNchEstYN
1990-06-02,1990.0,40.146732,FraNchEstYN
1990-06-03,1990.0,43.839663,FraNchEstYN
1990-06-04,1990.0,43.839663,FraNchEstYN
1990-06-05,1990.0,46.781006000000005,FraNchEstYN
1990-06-06,1990.0,46.781006000000005,FraNchEstYN
1990-06-07,1990.0,46.841,FraNchEstYN
1990-06-08,1990.0,50.14480999999999,FraNchEstYN
1990-06-09,1990.0,51.6412,FraNchEstYN
1990-06-10,1990.0,51.6412,FraNchEstYN
1990-06-11,1990.0,54.09990500000001,FraNchEstYN
1990-06-12,1990.0,56.10653,FraNchEstYN
1990-06-13,1990.0,56.10653,FraNchEstYN
1990-06-14,1990.0,56.920564,FraNchEstYN
1990-06-15,1990.0,56.920564,FraNchEstYN
1990-06-16,1990.0,56.920564,FraNchEstYN
1990-06-17,1990.0,56.920564,FraNchEstYN
1990-06-18,1990.0,58.43334,FraNchEstYN
1990-06-19,1990.0,60.33462000000001,FraNchEstYN
1990-06-20,1990.0,60.70497,FraNchEstYN
1990-06-21,1990.0,61.1182,FraNchEstYN
1990-06-22,1990.0,61.298759999999994,FraNchEstYN
1990-06-23,1990.0,62.30293999999999,FraNchEstYN
1990-06-24,1990.0,63.127880000000005,FraNchEstYN
1990-06-25,1990.0,63.21217,FraNchEstYN
1990-06-26,1990.0,63.21217,FraNchEstYN
1990-06-27,1990.0,63.21217,FraNchEstYN
1990-06-28,1990.0,63.21217,FraNchEstYN
1990-06-29,1990.0,63.56559000000001,FraNchEstYN
1990-06-30,1990.0,63.56559000000001,FraNchEstYN
1990-07-01,1990.0,63.565594000000004,FraNchEstYN
1990-07-02,1990.0,63.62698,FraNchEstYN
1990-07-03,1990.0,63.692087,FraNchEstYN
1990-07-04,1990.0,63.692087,FraNchEstYN
1990-07-05,1990.0,63.692087,FraNchEstYN
1990-07-06,1990.0,63.77741999999999,FraNchEstYN
1990-07-07,1990.0,63.78924,FraNchEstYN
1990-07-08,1990.0,63.789249999999996,FraNchEstYN
1990-07-09,1990.0,63.789249999999996,FraNchEstYN
1990-07-10,1990.0,63.78924,FraNchEstYN
1990-07-11,1990.0,63.78924,FraNchEstYN
1990-07-12,1990.0,63.78924,FraNchEstYN
1990-07-13,1990.0,63.789249999999996,FraNchEstYN
1990-07-14,1990.0,63.789249999999996,FraNchEstYN
1990-07-15,1990.0,63.789249999999996,FraNchEstYN
1990-07-16,1990.0,63.789249999999996,FraNchEstYN
1990-07-17,1990.0,63.789249999999996,FraNchEstYN
1990-10-01,1990.0,0.0,FraNchEstYN
1990-10-02,1990.0,0.0,FraNchEstYN
1990-10-03,1990.0,0.0,FraNchEstYN
1990-10-04,1990.0,0.0,FraNchEstYN
1990-10-05,1990.0,0.0,FraNchEstYN
1990-10-06,1990.0,0.0,FraNchEstYN
1990-10-07,1990.0,0.0,FraNchEstYN
1990-10-08,1990.0,0.0,FraNchEstYN
1990-10-09,1990.0,0.0,FraNchEstYN
1990-10-10,1990.0,0.0,FraNchEstYN
1990-10-11,1990.0,0.0,FraNchEstYN
1990-10-12,1990.0,0.0,FraNchEstYN
1990-10-13,1990.0,0.0,FraNchEstYN
1990-10-14,1990.0,0.0,FraNchEstYN
1990-10-15,1990.0,0.0,FraNchEstYN
1990-10-16,1990.0,0.0,FraNchEstYN
1990-10-17,1990.0,0.0,FraNchEstYN
1990-10-18,1990.0,0.0,FraNchEstYN
1990-10-19,1990.0,0.0,FraNchEstYN
1990-10-20,1990.0,0.0,FraNchEstYN
1990-10-21,1990.0,0.0,FraNchEstYN
1990-10-22,1990.0,0.0,FraNchEstYN
1990-10-23,1990.0,0.0,FraNchEstYN
1990-10-24,1990.0,0.0,FraNchEstYN
1990-10-25,1990.0,0.0,FraNchEstYN
1990-10-26,1990.0,0.0,FraNchEstYN
1990-10-27,1990.0,0.0,FraNchEstYN
1990-10-28,1990.0,0.0,FraNchEstYN
1990-10-29,1990.0,0.0,FraNchEstYN
1990-10-30,1990.0,0.0,FraNchEstYN
1990-10-31,1990.0,0.0,FraNchEstYN
1990-11-01,1990.0,0.0,FraNchEstYN
1990-11-02,1990.0,0.0,FraNchEstYN
1990-11-03,1990.0,0.0,FraNchEstYN
1990-11-04,1990.0,0.0,FraNchEstYN
1990-11-05,1990.0,0.0,FraNchEstYN
1990-11-06,1990.0,0.0,FraNchEstYN
1990-11-07,1990.0,0.0,FraNchEstYN
1990-11-08,1990.0,0.0,FraNchEstYN
1990-11-09,1990.0,0.0,FraNchEstYN
1990-11-10,1990.0,0.0,FraNchEstYN
1990-11-11,1990.0,0.0,FraNchEstYN
1990-11-12,1990.0,0.0,FraNchEstYN
1990-11-13,1990.0,0.0,FraNchEstYN
1990-11-14,1990.0,0.0,FraNchEstYN
1990-11-15,1990.0,0.0,FraNchEstYN
1990-11-16,1990.0,0.0,FraNchEstYN
1990-11-17,1990.0,0.0,FraNchEstYN
1990-11-18,1990.0,0.0,FraNchEstYN
1990-11-19,1990.0,0.0,FraNchEstYN
1990-11-20,1990.0,0.0,FraNchEstYN
1990-11-21,1990.0,0.0,FraNchEstYN
1990-11-22,1990.0,0.0,FraNchEstYN
1990-11-23,1990.0,0.0,FraNchEstYN
1990-11-24,1990.0,0.0,FraNchEstYN
1990-11-25,1990.0,0.0,FraNchEstYN
1990-11-26,1990.0,0.0,FraNchEstYN
1990-11-27,1990.0,0.0,FraNchEstYN
1990-11-28,1990.0,0.0,FraNchEstYN
1990-11-29,1990.0,0.0,FraNchEstYN
1990-11-30,1990.0,0.0,FraNchEstYN
1990-12-01,1990.0,0.0,FraNchEstYN
1990-12-02,1990.0,0.0,FraNchEstYN
1990-12-03,1990.0,0.0,FraNchEstYN
1990-12-04,1990.0,0.0,FraNchEstYN
1990-12-05,1990.0,0.0,FraNchEstYN
1990-12-06,1990.0,0.0,FraNchEstYN
1990-12-07,1990.0,0.0,FraNchEstYN
1990-12-08,1990.0,0.0,FraNchEstYN
1990-12-09,1990.0,0.0,FraNchEstYN
1990-12-10,1990.0,0.0,FraNchEstYN
1990-12-11,1990.0,0.0,FraNchEstYN
1990-12-12,1990.0,0.0,FraNchEstYN
1990-12-13,1990.0,0.0,FraNchEstYN
1990-12-14,1990.0,0.0,FraNchEstYN
1990-12-15,1990.0,0.0,FraNchEstYN
1990-12-16,1990.0,0.0,FraNchEstYN
1990-12-17,1990.0,0.0,FraNchEstYN
1990-12-18,1990.0,0.0,FraNchEstYN
1990-12-19,1990.0,0.0,FraNchEstYN
1990-12-20,1990.0,0.0,FraNchEstYN
1990-12-21,1990.0,0.0,FraNchEstYN
1990-12-22,1990.0,0.0,FraNchEstYN
1990-12-23,1990.0,0.0,FraNchEstYN
1990-12-24,1990.0,0.0,FraNchEstYN
1990-12-25,1990.0,0.0,FraNchEstYN
1990-12-26,1990.0,0.0,FraNchEstYN
1990-12-27,1990.0,0.0,FraNchEstYN
1990-12-28,1990.0,0.0,FraNchEstYN
1990-12-29,1990.0,0.0,FraNchEstYN
1990-12-30,1990.0,0.0,FraNchEstYN
1990-12-31,1990.0,0.0,FraNchEstYN
1991-01-01,1991.0,0.0,FraNchEstYN
1991-01-02,1991.0,0.0,FraNchEstYN
1991-01-03,1991.0,0.0,FraNchEstYN
1991-01-04,1991.0,0.0,FraNchEstYN
1991-01-05,1991.0,0.0,FraNchEstYN
1991-01-06,1991.0,0.0,FraNchEstYN
1991-01-07,1991.0,0.0,FraNchEstYN
1991-01-08,1991.0,0.0,FraNchEstYN
1991-01-09,1991.0,0.0,FraNchEstYN
1991-01-10,1991.0,0.0,FraNchEstYN
1991-01-11,1991.0,0.0,FraNchEstYN
1991-01-12,1991.0,0.0,FraNchEstYN
1991-01-13,1991.0,0.0,FraNchEstYN
1991-01-14,1991.0,0.0,FraNchEstYN
1991-01-15,1991.0,0.0,FraNchEstYN
1991-01-16,1991.0,0.0,FraNchEstYN
1991-01-17,1991.0,0.0,FraNchEstYN
1991-01-18,1991.0,0.0,FraNchEstYN
1991-01-19,1991.0,0.0,FraNchEstYN
1991-01-20,1991.0,0.0,FraNchEstYN
1991-01-21,1991.0,0.0,FraNchEstYN
1991-01-22,1991.0,0.0,FraNchEstYN
1991-01-23,1991.0,0.0,FraNchEstYN
1991-01-24,1991.0,0.0,FraNchEstYN
1991-01-25,1991.0,0.0,FraNchEstYN
1991-01-26,1991.0,0.0,FraNchEstYN
1991-01-27,1991.0,0.0,FraNchEstYN
1991-01-28,1991.0,0.0,FraNchEstYN
1991-01-29,1991.0,0.0,FraNchEstYN
1991-01-30,1991.0,0.0,FraNchEstYN
1991-01-31,1991.0,0.0,FraNchEstYN
1991-02-01,1991.0,0.0,FraNchEstYN
1991-02-02,1991.0,0.0,FraNchEstYN
1991-02-03,1991.0,0.0,FraNchEstYN
1991-02-04,1991.0,0.0,FraNchEstYN
1991-02-05,1991.0,0.0,FraNchEstYN
1991-02-06,1991.0,0.0,FraNchEstYN
1991-02-07,1991.0,0.0,FraNchEstYN
1991-02-08,1991.0,0.0,FraNchEstYN
1991-02-09,1991.0,0.0,FraNchEstYN
1991-02-10,1991.0,0.0,FraNchEstYN
1991-02-11,1991.0,0.0,FraNchEstYN
1991-02-12,1991.0,0.0,FraNchEstYN
1991-02-13,1991.0,0.0,FraNchEstYN
1991-02-14,1991.0,0.0,FraNchEstYN
1991-02-15,1991.0,0.0,FraNchEstYN
1991-02-16,1991.0,0.0,FraNchEstYN
1991-02-17,1991.0,0.0,FraNchEstYN
1991-02-18,1991.0,0.0,FraNchEstYN
1991-02-19,1991.0,0.0,FraNchEstYN
1991-02-20,1991.0,0.0,FraNchEstYN
1991-02-21,1991.0,0.0,FraNchEstYN
1991-02-22,1991.0,0.0,FraNchEstYN
1991-02-23,1991.0,0.0,FraNchEstYN
1991-02-24,1991.0,0.0,FraNchEstYN
1991-02-25,1991.0,0.0,FraNchEstYN
1991-02-26,1991.0,0.0,FraNchEstYN
1991-02-27,1991.0,0.0,FraNchEstYN
1991-02-28,1991.0,0.0,FraNchEstYN
1991-03-01,1991.0,0.0,FraNchEstYN
1991-03-02,1991.0,0.0,FraNchEstYN
1991-03-03,1991.0,0.0,FraNchEstYN
1991-03-04,1991.0,0.0,FraNchEstYN
1991-03-05,1991.0,0.0,FraNchEstYN
1991-03-06,1991.0,0.0,FraNchEstYN
1991-03-07,1991.0,0.0,FraNchEstYN
1991-03-08,1991.0,0.0,FraNchEstYN
1991-03-09,1991.0,0.0,FraNchEstYN
1991-03-10,1991.0,0.0,FraNchEstYN
1991-03-11,1991.0,0.0,FraNchEstYN
1991-03-12,1991.0,0.0,FraNchEstYN
1991-03-13,1991.0,0.0,FraNchEstYN
1991-03-14,1991.0,0.0,FraNchEstYN
1991-03-15,1991.0,0.0,FraNchEstYN
1991-03-16,1991.0,0.0,FraNchEstYN
1991-03-17,1991.0,0.0,FraNchEstYN
1991-03-18,1991.0,0.0,FraNchEstYN
1991-03-19,1991.0,0.0,FraNchEstYN
1991-03-20,1991.0,0.0,FraNchEstYN
1991-03-21,1991.0,0.0,FraNchEstYN
1991-03-22,1991.0,0.0,FraNchEstYN
1991-03-23,1991.0,0.0,FraNchEstYN
1991-03-24,1991.0,0.0,FraNchEstYN
1991-03-25,1991.0,0.0,FraNchEstYN
1991-03-26,1991.0,0.0,FraNchEstYN
1991-03-27,1991.0,0.0,FraNchEstYN
1991-03-28,1991.0,0.0,FraNchEstYN
1991-03-29,1991.0,0.0,FraNchEstYN
1991-03-30,1991.0,0.0,FraNchEstYN
1991-03-31,1991.0,0.0,FraNchEstYN
1991-04-01,1991.0,0.0,FraNchEstYN
1991-04-02,1991.0,0.0,FraNchEstYN
1991-04-03,1991.0,0.0,FraNchEstYN
1991-04-04,1991.0,0.0,FraNchEstYN
1991-04-05,1991.0,0.0,FraNchEstYN
1991-04-06,1991.0,0.0,FraNchEstYN
1991-04-07,1991.0,0.0,FraNchEstYN
1991-04-08,1991.0,0.0,FraNchEstYN
1991-04-09,1991.0,0.0,FraNchEstYN
1991-04-10,1991.0,0.0,FraNchEstYN
1991-04-11,1991.0,0.0,FraNchEstYN
1991-04-12,1991.0,0.0,FraNchEstYN
1991-04-13,1991.0,0.0,FraNchEstYN
1991-04-14,1991.0,0.0,FraNchEstYN
1991-04-15,1991.0,0.0,FraNchEstYN
1991-04-16,1991.0,0.0,FraNchEstYN
1991-04-17,1991.0,0.0,FraNchEstYN
1991-04-18,1991.0,0.0,FraNchEstYN
1991-04-19,1991.0,0.0,FraNchEstYN
1991-04-20,1991.0,0.0,FraNchEstYN
1991-04-21,1991.0,0.0,FraNchEstYN
1991-04-22,1991.0,0.0,FraNchEstYN
1991-04-23,1991.0,0.0,FraNchEstYN
1991-04-24,1991.0,0.0,FraNchEstYN
1991-04-25,1991.0,0.0,FraNchEstYN
1991-04-26,1991.0,0.0,FraNchEstYN
1991-04-27,1991.0,0.0,FraNchEstYN
1991-04-28,1991.0,2.734715,FraNchEstYN
1991-04-29,1991.0,2.734715,FraNchEstYN
1991-04-30,1991.0,4.627573,FraNchEstYN
1991-05-01,1991.0,4.627573,FraNchEstYN
1991-05-02,1991.0,4.627573,FraNchEstYN
1991-05-03,1991.0,4.627573,FraNchEstYN
1991-05-04,1991.0,4.627573,FraNchEstYN
1991-05-05,1991.0,9.073731,FraNchEstYN
1991-05-06,1991.0,9.073731,FraNchEstYN
1991-05-07,1991.0,9.073731,FraNchEstYN
1991-05-08,1991.0,11.767323000000001,FraNchEstYN
1991-05-09,1991.0,18.709874000000003,FraNchEstYN
1991-05-10,1991.0,18.709874000000003,FraNchEstYN
1991-05-11,1991.0,18.709874000000003,FraNchEstYN
1991-05-12,1991.0,20.499754,FraNchEstYN
1991-05-13,1991.0,22.832209,FraNchEstYN
1991-05-14,1991.0,26.272476,FraNchEstYN
1991-05-15,1991.0,28.495055,FraNchEstYN
1991-05-16,1991.0,33.112678,FraNchEstYN
1991-05-17,1991.0,33.112678,FraNchEstYN
1991-05-18,1991.0,33.141622,FraNchEstYN
1991-05-19,1991.0,33.141622,FraNchEstYN
1991-05-20,1991.0,36.359291999999996,FraNchEstYN
1991-05-21,1991.0,38.40432,FraNchEstYN
1991-05-22,1991.0,38.40432,FraNchEstYN
1991-05-23,1991.0,38.40432,FraNchEstYN
1991-05-24,1991.0,38.40432,FraNchEstYN
1991-05-25,1991.0,38.40432,FraNchEstYN
1991-05-26,1991.0,39.602762000000006,FraNchEstYN
1991-05-27,1991.0,40.95781,FraNchEstYN
1991-05-28,1991.0,40.95781,FraNchEstYN
1991-05-29,1991.0,40.95781,FraNchEstYN
1991-05-30,1991.0,40.95781,FraNchEstYN
1991-05-31,1991.0,44.220942,FraNchEstYN
1991-06-01,1991.0,44.220942,FraNchEstYN
1991-06-02,1991.0,47.58168,FraNchEstYN
1991-06-03,1991.0,49.341097,FraNchEstYN
1991-06-04,1991.0,50.32877,FraNchEstYN
1991-06-05,1991.0,50.32877,FraNchEstYN
1991-06-06,1991.0,50.981414,FraNchEstYN
1991-06-07,1991.0,52.397890000000004,FraNchEstYN
1991-06-08,1991.0,53.717583000000005,FraNchEstYN
1991-06-09,1991.0,54.702949999999994,FraNchEstYN
1991-06-10,1991.0,56.095254000000004,FraNchEstYN
1991-06-11,1991.0,57.182204999999996,FraNchEstYN
1991-06-12,1991.0,57.49085,FraNchEstYN
1991-06-13,1991.0,58.115539999999996,FraNchEstYN
1991-06-14,1991.0,58.529410000000006,FraNchEstYN
1991-06-15,1991.0,58.529410000000006,FraNchEstYN
1991-06-16,1991.0,58.859617,FraNchEstYN
1991-06-17,1991.0,59.43289000000001,FraNchEstYN
1991-06-18,1991.0,59.435545999999995,FraNchEstYN
1991-06-19,1991.0,59.436904999999996,FraNchEstYN
1991-06-20,1991.0,59.436904999999996,FraNchEstYN
1991-06-21,1991.0,59.436904999999996,FraNchEstYN
1991-06-22,1991.0,59.436904999999996,FraNchEstYN
1991-06-23,1991.0,59.436904999999996,FraNchEstYN
1991-06-24,1991.0,59.436904999999996,FraNchEstYN
1991-06-25,1991.0,59.436923,FraNchEstYN
1991-06-26,1991.0,59.45543599999999,FraNchEstYN
1991-06-27,1991.0,59.45543599999999,FraNchEstYN
1991-06-28,1991.0,59.45543599999999,FraNchEstYN
1991-06-29,1991.0,59.45543599999999,FraNchEstYN
1991-06-30,1991.0,59.45543,FraNchEstYN
1991-07-01,1991.0,59.45543,FraNchEstYN
1991-07-02,1991.0,59.45543,FraNchEstYN
1991-07-03,1991.0,59.45543599999999,FraNchEstYN
1973-01-01,1973.0,0.0,SIMPEST
1973-01-02,1973.0,0.0,SIMPEST
1973-01-03,1973.0,0.0,SIMPEST
1973-01-04,1973.0,0.0,SIMPEST
1973-01-05,1973.0,0.0,SIMPEST
1973-01-06,1973.0,0.0,SIMPEST
1973-01-07,1973.0,0.0,SIMPEST
1973-01-08,1973.0,0.0,SIMPEST
1973-01-09,1973.0,0.0,SIMPEST
1973-01-10,1973.0,0.0,SIMPEST
1973-01-11,1973.0,0.0,SIMPEST
1973-01-12,1973.0,0.0,SIMPEST
1973-01-13,1973.0,0.0,SIMPEST
1973-01-14,1973.0,0.0,SIMPEST
1973-01-15,1973.0,0.0,SIMPEST
1973-01-16,1973.0,0.0,SIMPEST
1973-01-17,1973.0,0.0,SIMPEST
1973-01-18,1973.0,0.0,SIMPEST
1973-01-19,1973.0,0.0,SIMPEST
1973-01-20,1973.0,0.0,SIMPEST
1973-01-21,1973.0,0.0,SIMPEST
1973-01-22,1973.0,0.0,SIMPEST
1973-01-23,1973.0,0.0,SIMPEST
1973-01-24,1973.0,0.0,SIMPEST
1973-01-25,1973.0,0.0,SIMPEST
1973-01-26,1973.0,0.0,SIMPEST
1973-01-27,1973.0,0.0,SIMPEST
1973-01-28,1973.0,0.0,SIMPEST
1973-01-29,1973.0,0.0,SIMPEST
1973-01-30,1973.0,0.0,SIMPEST
1973-01-31,1973.0,0.0,SIMPEST
1973-02-01,1973.0,0.0,SIMPEST
1973-02-02,1973.0,0.0,SIMPEST
1973-02-03,1973.0,0.0,SIMPEST
1973-02-04,1973.0,0.0,SIMPEST
1973-02-05,1973.0,0.0,SIMPEST
1973-02-06,1973.0,0.0,SIMPEST
1973-02-07,1973.0,0.0,SIMPEST
1973-02-08,1973.0,0.0,SIMPEST
1973-02-09,1973.0,0.0,SIMPEST
1973-02-10,1973.0,0.0,SIMPEST
1973-02-11,1973.0,0.0,SIMPEST
1973-02-12,1973.0,0.0,SIMPEST
1973-02-13,1973.0,0.0,SIMPEST
1973-02-14,1973.0,0.0,SIMPEST
1973-02-15,1973.0,0.0,SIMPEST
1973-02-16,1973.0,0.0,SIMPEST
1973-02-17,1973.0,0.0,SIMPEST
1973-02-18,1973.0,0.0,SIMPEST
1973-02-19,1973.0,0.0,SIMPEST
1973-02-20,1973.0,0.0,SIMPEST
1973-02-21,1973.0,0.0,SIMPEST
1973-02-22,1973.0,0.0,SIMPEST
1973-02-23,1973.0,0.0,SIMPEST
1973-02-24,1973.0,0.0,SIMPEST
1973-02-25,1973.0,0.0,SIMPEST
1973-02-26,1973.0,0.0,SIMPEST
1973-02-27,1973.0,0.0,SIMPEST
1973-02-28,1973.0,0.0,SIMPEST
1973-03-01,1973.0,0.0,SIMPEST
1973-03-02,1973.0,0.0,SIMPEST
1973-03-03,1973.0,0.0,SIMPEST
1973-03-04,1973.0,0.0,SIMPEST
1973-03-05,1973.0,0.0,SIMPEST
1973-03-06,1973.0,0.0,SIMPEST
1973-03-07,1973.0,0.0,SIMPEST
1973-03-08,1973.0,0.0,SIMPEST
1973-03-09,1973.0,0.0,SIMPEST
1973-03-10,1973.0,0.0,SIMPEST
1973-03-11,1973.0,0.0,SIMPEST
1973-03-12,1973.0,0.0,SIMPEST
1973-03-13,1973.0,0.0,SIMPEST
1973-03-14,1973.0,0.0,SIMPEST
1973-03-15,1973.0,0.0,SIMPEST
1973-03-16,1973.0,0.0,SIMPEST
1973-03-17,1973.0,0.0,SIMPEST
1973-03-18,1973.0,0.0,SIMPEST
1973-03-19,1973.0,0.0,SIMPEST
1973-03-20,1973.0,0.0,SIMPEST
1973-03-21,1973.0,0.0,SIMPEST
1973-03-22,1973.0,0.0,SIMPEST
1973-03-23,1973.0,0.0,SIMPEST
1973-03-24,1973.0,0.0,SIMPEST
1973-03-25,1973.0,0.0,SIMPEST
1973-03-26,1973.0,0.0,SIMPEST
1973-03-27,1973.0,0.0,SIMPEST
1973-03-28,1973.0,0.0,SIMPEST
1973-03-29,1973.0,0.0,SIMPEST
1973-03-30,1973.0,0.0,SIMPEST
1973-03-31,1973.0,0.0,SIMPEST
1973-04-01,1973.0,0.0,SIMPEST
1973-04-02,1973.0,0.0,SIMPEST
1973-04-03,1973.0,0.0,SIMPEST
1973-04-04,1973.0,0.0,SIMPEST
1973-04-05,1973.0,0.0,SIMPEST
1973-04-06,1973.0,0.0,SIMPEST
1973-04-07,1973.0,0.0,SIMPEST
1973-04-08,1973.0,0.0,SIMPEST
1973-04-09,1973.0,0.0,SIMPEST
1973-04-10,1973.0,0.0,SIMPEST
1973-04-11,1973.0,0.0,SIMPEST
1973-04-12,1973.0,0.0,SIMPEST
1973-04-13,1973.0,0.0,SIMPEST
1973-04-14,1973.0,0.0,SIMPEST
1973-04-15,1973.0,0.0,SIMPEST
1973-04-16,1973.0,0.0,SIMPEST
1973-04-17,1973.0,0.0,SIMPEST
1973-04-18,1973.0,0.0,SIMPEST
1973-04-19,1973.0,0.0,SIMPEST
1973-04-20,1973.0,0.0,SIMPEST
1973-04-21,1973.0,0.0,SIMPEST
1973-04-22,1973.0,0.0,SIMPEST
1973-04-23,1973.0,0.0,SIMPEST
1973-04-24,1973.0,0.0,SIMPEST
1973-04-25,1973.0,0.0,SIMPEST
1973-04-26,1973.0,0.0,SIMPEST
1973-04-27,1973.0,0.0,SIMPEST
1973-04-28,1973.0,0.0,SIMPEST
1973-04-29,1973.0,0.0,SIMPEST
1973-04-30,1973.0,0.0,SIMPEST
1973-05-01,1973.0,0.0,SIMPEST
1973-05-02,1973.0,0.0,SIMPEST
1973-05-03,1973.0,0.0,SIMPEST
1973-05-04,1973.0,0.0,SIMPEST
1973-05-05,1973.0,0.0,SIMPEST
1973-05-06,1973.0,0.0,SIMPEST
1973-05-07,1973.0,0.0,SIMPEST
1973-05-08,1973.0,0.0,SIMPEST
1973-05-09,1973.0,0.0,SIMPEST
1973-05-10,1973.0,0.0,SIMPEST
1973-05-11,1973.0,0.0,SIMPEST
1973-05-12,1973.0,0.0,SIMPEST
1973-05-13,1973.0,0.0,SIMPEST
1973-05-14,1973.0,0.0,SIMPEST
1973-05-15,1973.0,0.0,SIMPEST
1973-05-16,1973.0,0.0,SIMPEST
1973-05-17,1973.0,0.0,SIMPEST
1973-05-18,1973.0,0.0,SIMPEST
1973-05-19,1973.0,0.0,SIMPEST
1973-05-20,1973.0,0.0,SIMPEST
1973-05-21,1973.0,2.06082237841995,SIMPEST
1973-05-22,1973.0,4.05054712477135,SIMPEST
1973-05-23,1973.0,4.06773854596868,SIMPEST
1973-05-24,1973.0,7.4130075604484995,SIMPEST
1973-05-25,1973.0,12.90544719927098,SIMPEST
1973-05-26,1973.0,18.161627855017638,SIMPEST
1973-05-27,1973.0,18.24981505025752,SIMPEST
1973-05-28,1973.0,18.24981505025752,SIMPEST
1973-05-29,1973.0,18.24981505025752,SIMPEST
1973-05-30,1973.0,18.24981505025752,SIMPEST
1973-05-31,1973.0,24.7832402989537,SIMPEST
1973-06-01,1973.0,32.85937724549326,SIMPEST
1973-06-02,1973.0,38.60408326053767,SIMPEST
1973-06-03,1973.0,43.233327422244614,SIMPEST
1973-06-04,1973.0,50.0528156664686,SIMPEST
1973-06-05,1973.0,50.0528156664686,SIMPEST
1973-06-06,1973.0,50.0528156664686,SIMPEST
1973-06-07,1973.0,50.0528156664686,SIMPEST
1973-06-08,1973.0,55.30400056309605,SIMPEST
1973-06-09,1973.0,55.30400056309605,SIMPEST
1973-06-10,1973.0,67.34093740030957,SIMPEST
1973-06-11,1973.0,67.34093740030957,SIMPEST
1973-06-12,1973.0,67.34288398925581,SIMPEST
1973-06-13,1973.0,67.34288398925581,SIMPEST
1973-06-14,1973.0,71.33249803775942,SIMPEST
1973-06-15,1973.0,76.20236528811492,SIMPEST
1973-06-16,1973.0,76.20815522503406,SIMPEST
1973-06-17,1973.0,76.20815522503406,SIMPEST
1973-06-18,1973.0,76.20815522503406,SIMPEST
1973-06-19,1973.0,78.69201612011004,SIMPEST
1973-06-20,1973.0,80.78415653717968,SIMPEST
1973-06-21,1973.0,82.49317944201597,SIMPEST
1973-06-22,1973.0,83.1079370864718,SIMPEST
1973-06-23,1973.0,83.1079370864718,SIMPEST
1973-06-24,1973.0,83.1079370864718,SIMPEST
1973-06-25,1973.0,83.1079370864718,SIMPEST
1973-06-26,1973.0,83.1079370864718,SIMPEST
1973-06-27,1973.0,83.1079370864718,SIMPEST
1973-06-28,1973.0,83.10958818558598,SIMPEST
1973-06-29,1973.0,83.10958818558596,SIMPEST
1973-06-30,1973.0,83.10958818558598,SIMPEST
1973-07-01,1973.0,83.10958818558596,SIMPEST
1973-07-02,1973.0,83.10958818558596,SIMPEST
1973-07-03,1973.0,83.10958818558596,SIMPEST
1973-07-04,1973.0,83.10958818558596,SIMPEST
1973-07-05,1973.0,83.10958818558596,SIMPEST
1973-07-06,1973.0,83.10958818558596,SIMPEST
1973-07-07,1973.0,83.10958818558596,SIMPEST
1973-07-08,1973.0,83.10958818558596,SIMPEST
1973-07-09,1973.0,83.10958818558596,SIMPEST
1973-07-10,1973.0,83.10958818558596,SIMPEST
1973-07-11,1973.0,83.10958818558596,SIMPEST
1973-07-12,1973.0,83.10958818558596,SIMPEST
1973-07-13,1973.0,83.10958818558596,SIMPEST
1973-07-14,1973.0,83.10958818558596,SIMPEST
1973-07-15,1973.0,83.10958818558596,SIMPEST
1973-07-16,1973.0,83.10958818558598,SIMPEST
1973-07-17,1973.0,83.10958818558596,SIMPEST
1973-07-18,1973.0,83.10958818558596,SIMPEST
1973-07-19,1973.0,83.10958818558598,SIMPEST
1973-07-20,1973.0,83.10958818558598,SIMPEST
1973-07-21,1973.0,83.10958818558598,SIMPEST
1973-07-22,1973.0,83.10958818558598,SIMPEST
1973-07-23,1973.0,83.10958818558598,SIMPEST
1973-07-24,1973.0,83.10958818558598,SIMPEST
1973-09-28,1973.0,0.0,SIMPEST
1973-09-29,1973.0,0.0,SIMPEST
1973-09-30,1973.0,0.0,SIMPEST
1973-10-01,1973.0,0.0,SIMPEST
1973-10-02,1973.0,0.0,SIMPEST
1973-10-03,1973.0,0.0,SIMPEST
1973-10-04,1973.0,0.0,SIMPEST
1973-10-05,1973.0,0.0,SIMPEST
1973-10-06,1973.0,0.0,SIMPEST
1973-10-07,1973.0,0.0,SIMPEST
1973-10-08,1973.0,0.0,SIMPEST
1973-10-09,1973.0,0.0,SIMPEST
1973-10-10,1973.0,0.0,SIMPEST
1973-10-11,1973.0,0.0,SIMPEST
1973-10-12,1973.0,0.0,SIMPEST
1973-10-13,1973.0,0.0,SIMPEST
1973-10-14,1973.0,0.0,SIMPEST
1973-10-15,1973.0,0.0,SIMPEST
1973-10-16,1973.0,0.0,SIMPEST
1973-10-17,1973.0,0.0,SIMPEST
1973-10-18,1973.0,0.0,SIMPEST
1973-10-19,1973.0,0.0,SIMPEST
1973-10-20,1973.0,0.0,SIMPEST
1973-10-21,1973.0,0.0,SIMPEST
1973-10-22,1973.0,0.0,SIMPEST
1973-10-23,1973.0,0.0,SIMPEST
1973-10-24,1973.0,0.0,SIMPEST
1973-10-25,1973.0,0.0,SIMPEST
1973-10-26,1973.0,0.0,SIMPEST
1973-10-27,1973.0,0.0,SIMPEST
1973-10-28,1973.0,0.0,SIMPEST
1973-10-29,1973.0,0.0,SIMPEST
1973-10-30,1973.0,0.0,SIMPEST
1973-10-31,1973.0,0.0,SIMPEST
1973-11-01,1973.0,0.0,SIMPEST
1973-11-02,1973.0,0.0,SIMPEST
1973-11-03,1973.0,0.0,SIMPEST
1973-11-04,1973.0,0.0,SIMPEST
1973-11-05,1973.0,0.0,SIMPEST
1973-11-06,1973.0,0.0,SIMPEST
1973-11-07,1973.0,0.0,SIMPEST
1973-11-08,1973.0,0.0,SIMPEST
1973-11-09,1973.0,0.0,SIMPEST
1973-11-10,1973.0,0.0,SIMPEST
1973-11-11,1973.0,0.0,SIMPEST
1973-11-12,1973.0,0.0,SIMPEST
1973-11-13,1973.0,0.0,SIMPEST
1973-11-14,1973.0,0.0,SIMPEST
1973-11-15,1973.0,0.0,SIMPEST
1973-11-16,1973.0,0.0,SIMPEST
1973-11-17,1973.0,0.0,SIMPEST
1973-11-18,1973.0,0.0,SIMPEST
1973-11-19,1973.0,0.0,SIMPEST
1973-11-20,1973.0,0.0,SIMPEST
1973-11-21,1973.0,0.0,SIMPEST
1973-11-22,1973.0,0.0,SIMPEST
1973-11-23,1973.0,0.0,SIMPEST
1973-11-24,1973.0,0.0,SIMPEST
1973-11-25,1973.0,0.0,SIMPEST
1973-11-26,1973.0,0.0,SIMPEST
1973-11-27,1973.0,0.0,SIMPEST
1973-11-28,1973.0,0.0,SIMPEST
1973-11-29,1973.0,0.0,SIMPEST
1973-11-30,1973.0,0.0,SIMPEST
1973-12-01,1973.0,0.0,SIMPEST
1973-12-02,1973.0,0.0,SIMPEST
1973-12-03,1973.0,0.0,SIMPEST
1973-12-04,1973.0,0.0,SIMPEST
1973-12-05,1973.0,0.0,SIMPEST
1973-12-06,1973.0,0.0,SIMPEST
1973-12-07,1973.0,0.0,SIMPEST
1973-12-08,1973.0,0.0,SIMPEST
1973-12-09,1973.0,0.0,SIMPEST
1973-12-10,1973.0,0.0,SIMPEST
1973-12-11,1973.0,0.0,SIMPEST
1973-12-12,1973.0,0.0,SIMPEST
1973-12-13,1973.0,0.0,SIMPEST
1973-12-14,1973.0,0.0,SIMPEST
1973-12-15,1973.0,0.0,SIMPEST
1973-12-16,1973.0,0.0,SIMPEST
1973-12-17,1973.0,0.0,SIMPEST
1973-12-18,1973.0,0.0,SIMPEST
1973-12-19,1973.0,0.0,SIMPEST
1973-12-20,1973.0,0.0,SIMPEST
1973-12-21,1973.0,0.0,SIMPEST
1973-12-22,1973.0,0.0,SIMPEST
1973-12-23,1973.0,0.0,SIMPEST
1973-12-24,1973.0,0.0,SIMPEST
1973-12-25,1973.0,0.0,SIMPEST
1973-12-26,1973.0,0.0,SIMPEST
1973-12-27,1973.0,0.0,SIMPEST
1973-12-28,1973.0,0.0,SIMPEST
1973-12-29,1973.0,0.0,SIMPEST
1973-12-30,1973.0,0.0,SIMPEST
1973-12-31,1973.0,0.0,SIMPEST
1974-01-01,1974.0,0.0,SIMPEST
1974-01-02,1974.0,0.0,SIMPEST
1974-01-03,1974.0,0.0,SIMPEST
1974-01-04,1974.0,0.0,SIMPEST
1974-01-05,1974.0,0.0,SIMPEST
1974-01-06,1974.0,0.0,SIMPEST
1974-01-07,1974.0,0.0,SIMPEST
1974-01-08,1974.0,0.0,SIMPEST
1974-01-09,1974.0,0.0,SIMPEST
1974-01-10,1974.0,0.0,SIMPEST
1974-01-11,1974.0,0.0,SIMPEST
1974-01-12,1974.0,0.0,SIMPEST
1974-01-13,1974.0,0.0,SIMPEST
1974-01-14,1974.0,0.0,SIMPEST
1974-01-15,1974.0,0.0,SIMPEST
1974-01-16,1974.0,0.0,SIMPEST
1974-01-17,1974.0,0.0,SIMPEST
1974-01-18,1974.0,0.0,SIMPEST
1974-01-19,1974.0,0.0,SIMPEST
1974-01-20,1974.0,0.0,SIMPEST
1974-01-21,1974.0,0.0,SIMPEST
1974-01-22,1974.0,0.0,SIMPEST
1974-01-23,1974.0,0.0,SIMPEST
1974-01-24,1974.0,0.0,SIMPEST
1974-01-25,1974.0,0.0,SIMPEST
1974-01-26,1974.0,0.0,SIMPEST
1974-01-27,1974.0,0.0,SIMPEST
1974-01-28,1974.0,0.0,SIMPEST
1974-01-29,1974.0,0.0,SIMPEST
1974-01-30,1974.0,0.0,SIMPEST
1974-01-31,1974.0,0.0,SIMPEST
1974-02-01,1974.0,0.0,SIMPEST
1974-02-02,1974.0,0.0,SIMPEST
1974-02-03,1974.0,0.0,SIMPEST
1974-02-04,1974.0,0.0,SIMPEST
1974-02-05,1974.0,0.0,SIMPEST
1974-02-06,1974.0,0.0,SIMPEST
1974-02-07,1974.0,0.0,SIMPEST
1974-02-08,1974.0,0.0,SIMPEST
1974-02-09,1974.0,0.0,SIMPEST
1974-02-10,1974.0,0.0,SIMPEST
1974-02-11,1974.0,0.0,SIMPEST
1974-02-12,1974.0,0.0,SIMPEST
1974-02-13,1974.0,0.0,SIMPEST
1974-02-14,1974.0,0.0,SIMPEST
1974-02-15,1974.0,0.0,SIMPEST
1974-02-16,1974.0,0.0,SIMPEST
1974-02-17,1974.0,0.0,SIMPEST
1974-02-18,1974.0,0.0,SIMPEST
1974-02-19,1974.0,0.0,SIMPEST
1974-02-20,1974.0,0.0,SIMPEST
1974-02-21,1974.0,0.0,SIMPEST
1974-02-22,1974.0,0.0,SIMPEST
1974-02-23,1974.0,0.0,SIMPEST
1974-02-24,1974.0,0.0,SIMPEST
1974-02-25,1974.0,0.0,SIMPEST
1974-02-26,1974.0,0.0,SIMPEST
1974-02-27,1974.0,0.0,SIMPEST
1974-02-28,1974.0,0.0,SIMPEST
1974-03-01,1974.0,0.0,SIMPEST
1974-03-02,1974.0,0.0,SIMPEST
1974-03-03,1974.0,0.0,SIMPEST
1974-03-04,1974.0,0.0,SIMPEST
1974-03-05,1974.0,0.0,SIMPEST
1974-03-06,1974.0,0.0,SIMPEST
1974-03-07,1974.0,0.0,SIMPEST
1974-03-08,1974.0,0.0,SIMPEST
1974-03-09,1974.0,0.0,SIMPEST
1974-03-10,1974.0,0.0,SIMPEST
1974-03-11,1974.0,0.0,SIMPEST
1974-03-12,1974.0,0.0,SIMPEST
1974-03-13,1974.0,0.0,SIMPEST
1974-03-14,1974.0,0.0,SIMPEST
1974-03-15,1974.0,0.0,SIMPEST
1974-03-16,1974.0,0.0,SIMPEST
1974-03-17,1974.0,0.0,SIMPEST
1974-03-18,1974.0,0.0,SIMPEST
1974-03-19,1974.0,0.0,SIMPEST
1974-03-20,1974.0,0.0,SIMPEST
1974-03-21,1974.0,0.0,SIMPEST
1974-03-22,1974.0,0.0,SIMPEST
1974-03-23,1974.0,0.0,SIMPEST
1974-03-24,1974.0,0.0,SIMPEST
1974-03-25,1974.0,0.0,SIMPEST
1974-03-26,1974.0,0.0,SIMPEST
1974-03-27,1974.0,0.0,SIMPEST
1974-03-28,1974.0,0.0,SIMPEST
1974-03-29,1974.0,0.0,SIMPEST
1974-03-30,1974.0,0.0,SIMPEST
1974-03-31,1974.0,0.0,SIMPEST
1974-04-01,1974.0,0.0,SIMPEST
1974-04-02,1974.0,0.0,SIMPEST
1974-04-03,1974.0,0.0,SIMPEST
1974-04-04,1974.0,0.0,SIMPEST
1974-04-05,1974.0,0.0,SIMPEST
1974-04-06,1974.0,0.0,SIMPEST
1974-04-07,1974.0,0.0,SIMPEST
1974-04-08,1974.0,0.0,SIMPEST
1974-04-09,1974.0,0.0,SIMPEST
1974-04-10,1974.0,0.0,SIMPEST
1974-04-11,1974.0,0.0,SIMPEST
1974-04-12,1974.0,0.0,SIMPEST
1974-04-13,1974.0,0.0,SIMPEST
1974-04-14,1974.0,0.0,SIMPEST
1974-04-15,1974.0,0.0,SIMPEST
1974-04-16,1974.0,0.0,SIMPEST
1974-04-17,1974.0,0.0,SIMPEST
1974-04-18,1974.0,0.0,SIMPEST
1974-04-19,1974.0,0.0,SIMPEST
1974-04-20,1974.0,0.0,SIMPEST
1974-04-21,1974.0,0.0,SIMPEST
1974-04-22,1974.0,0.0,SIMPEST
1974-04-23,1974.0,0.0,SIMPEST
1974-04-24,1974.0,0.0,SIMPEST
1974-04-25,1974.0,0.0,SIMPEST
1974-04-26,1974.0,0.0,SIMPEST
1974-04-27,1974.0,0.0,SIMPEST
1974-04-28,1974.0,0.0,SIMPEST
1974-04-29,1974.0,0.0,SIMPEST
1974-04-30,1974.0,0.0,SIMPEST
1974-05-01,1974.0,0.0,SIMPEST
1974-05-02,1974.0,4.77554298187193,SIMPEST
1974-05-03,1974.0,4.77554298187193,SIMPEST
1974-05-04,1974.0,4.77554298187193,SIMPEST
1974-05-05,1974.0,4.77554298187193,SIMPEST
1974-05-06,1974.0,4.77554298187193,SIMPEST
1974-05-07,1974.0,4.77554298187193,SIMPEST
1974-05-08,1974.0,4.77554298187193,SIMPEST
1974-05-09,1974.0,4.77554298187193,SIMPEST
1974-05-10,1974.0,4.77554298187193,SIMPEST
1974-05-11,1974.0,14.61312835336058,SIMPEST
1974-05-12,1974.0,14.61312835336058,SIMPEST
1974-05-13,1974.0,14.61312835336058,SIMPEST
1974-05-14,1974.0,22.3990108879351,SIMPEST
1974-05-15,1974.0,22.3990108879351,SIMPEST
1974-05-16,1974.0,22.3990108879351,SIMPEST
1974-05-17,1974.0,32.646773450588,SIMPEST
1974-05-18,1974.0,41.417715724760704,SIMPEST
1974-05-19,1974.0,41.417715724760704,SIMPEST
1974-05-20,1974.0,41.417715724760704,SIMPEST
1974-05-21,1974.0,54.8358896447835,SIMPEST
1974-05-22,1974.0,54.8358896447835,SIMPEST
1974-05-23,1974.0,54.8358896447835,SIMPEST
1974-05-24,1974.0,61.168020516535194,SIMPEST
1974-05-25,1974.0,61.168020516535194,SIMPEST
1974-05-26,1974.0,66.42381826824744,SIMPEST
1974-05-27,1974.0,66.42381826824744,SIMPEST
1974-05-28,1974.0,69.65406485881805,SIMPEST
1974-05-29,1974.0,69.65406485881805,SIMPEST
1974-05-30,1974.0,69.65406485881805,SIMPEST
1974-05-31,1974.0,72.32164089292817,SIMPEST
1974-06-01,1974.0,72.32783809785955,SIMPEST
1974-06-02,1974.0,74.42161632617814,SIMPEST
1974-06-03,1974.0,74.42161632617814,SIMPEST
1974-06-04,1974.0,75.81004898335395,SIMPEST
1974-06-05,1974.0,77.67229408706268,SIMPEST
1974-06-06,1974.0,78.48703765034138,SIMPEST
1974-06-07,1974.0,79.35610387170298,SIMPEST
1974-06-08,1974.0,79.35610387170298,SIMPEST
1974-06-09,1974.0,79.35693918114825,SIMPEST
1974-06-10,1974.0,79.68355075850923,SIMPEST
1974-06-11,1974.0,79.68412963866949,SIMPEST
1974-06-12,1974.0,79.68508290329237,SIMPEST
1974-06-13,1974.0,79.68508290329237,SIMPEST
1974-06-14,1974.0,79.68743974583874,SIMPEST
1974-06-15,1974.0,79.68743974583874,SIMPEST
1974-06-16,1974.0,79.68743974583874,SIMPEST
1974-06-17,1974.0,79.68743974583876,SIMPEST
1974-06-18,1974.0,79.68743974583876,SIMPEST
1974-06-19,1974.0,79.68743974583876,SIMPEST
1974-06-20,1974.0,79.68743974583876,SIMPEST
1974-06-21,1974.0,79.68743974583874,SIMPEST
1974-06-22,1974.0,79.68743974583874,SIMPEST
1974-06-23,1974.0,79.68743974583874,SIMPEST
1974-06-24,1974.0,79.68743974583874,SIMPEST
1974-06-25,1974.0,79.68743974583876,SIMPEST
1974-06-26,1974.0,79.68743974583876,SIMPEST
1974-06-27,1974.0,79.68743974583874,SIMPEST
1974-06-28,1974.0,79.68743974583874,SIMPEST
1974-06-29,1974.0,79.68743974583874,SIMPEST
1974-06-30,1974.0,79.68743974583874,SIMPEST
1974-07-01,1974.0,79.68743974583874,SIMPEST
1974-07-02,1974.0,79.68743974583874,SIMPEST
1974-07-03,1974.0,79.68743974583874,SIMPEST
1974-07-04,1974.0,79.68743974583874,SIMPEST
1974-07-05,1974.0,79.68743974583874,SIMPEST
1974-07-06,1974.0,79.68743974583874,SIMPEST
1974-07-07,1974.0,79.68743974583874,SIMPEST
1974-10-02,1974.0,0.0,SIMPEST
1974-10-03,1974.0,0.0,SIMPEST
1974-10-04,1974.0,0.0,SIMPEST
1974-10-05,1974.0,0.0,SIMPEST
1974-10-06,1974.0,0.0,SIMPEST
1974-10-07,1974.0,0.0,SIMPEST
1974-10-08,1974.0,0.0,SIMPEST
1974-10-09,1974.0,0.0,SIMPEST
1974-10-10,1974.0,0.0,SIMPEST
1974-10-11,1974.0,0.0,SIMPEST
1974-10-12,1974.0,0.0,SIMPEST
1974-10-13,1974.0,0.0,SIMPEST
1974-10-14,1974.0,0.0,SIMPEST
1974-10-15,1974.0,0.0,SIMPEST
1974-10-16,1974.0,0.0,SIMPEST
1974-10-17,1974.0,0.0,SIMPEST
1974-10-18,1974.0,0.0,SIMPEST
1974-10-19,1974.0,0.0,SIMPEST
1974-10-20,1974.0,0.0,SIMPEST
1974-10-21,1974.0,0.0,SIMPEST
1974-10-22,1974.0,0.0,SIMPEST
1974-10-23,1974.0,0.0,SIMPEST
1974-10-24,1974.0,0.0,SIMPEST
1974-10-25,1974.0,0.0,SIMPEST
1974-10-26,1974.0,0.0,SIMPEST
1974-10-27,1974.0,0.0,SIMPEST
1974-10-28,1974.0,0.0,SIMPEST
1974-10-29,1974.0,0.0,SIMPEST
1974-10-30,1974.0,0.0,SIMPEST
1974-10-31,1974.0,0.0,SIMPEST
1974-11-01,1974.0,0.0,SIMPEST
1974-11-02,1974.0,0.0,SIMPEST
1974-11-03,1974.0,0.0,SIMPEST
1974-11-04,1974.0,0.0,SIMPEST
1974-11-05,1974.0,0.0,SIMPEST
1974-11-06,1974.0,0.0,SIMPEST
1974-11-07,1974.0,0.0,SIMPEST
1974-11-08,1974.0,0.0,SIMPEST
1974-11-09,1974.0,0.0,SIMPEST
1974-11-10,1974.0,0.0,SIMPEST
1974-11-11,1974.0,0.0,SIMPEST
1974-11-12,1974.0,0.0,SIMPEST
1974-11-13,1974.0,0.0,SIMPEST
1974-11-14,1974.0,0.0,SIMPEST
1974-11-15,1974.0,0.0,SIMPEST
1974-11-16,1974.0,0.0,SIMPEST
1974-11-17,1974.0,0.0,SIMPEST
1974-11-18,1974.0,0.0,SIMPEST
1974-11-19,1974.0,0.0,SIMPEST
1974-11-20,1974.0,0.0,SIMPEST
1974-11-21,1974.0,0.0,SIMPEST
1974-11-22,1974.0,0.0,SIMPEST
1974-11-23,1974.0,0.0,SIMPEST
1974-11-24,1974.0,0.0,SIMPEST
1974-11-25,1974.0,0.0,SIMPEST
1974-11-26,1974.0,0.0,SIMPEST
1974-11-27,1974.0,0.0,SIMPEST
1974-11-28,1974.0,0.0,SIMPEST
1974-11-29,1974.0,0.0,SIMPEST
1974-11-30,1974.0,0.0,SIMPEST
1974-12-01,1974.0,0.0,SIMPEST
1974-12-02,1974.0,0.0,SIMPEST
1974-12-03,1974.0,0.0,SIMPEST
1974-12-04,1974.0,0.0,SIMPEST
1974-12-05,1974.0,0.0,SIMPEST
1974-12-06,1974.0,0.0,SIMPEST
1974-12-07,1974.0,0.0,SIMPEST
1974-12-08,1974.0,0.0,SIMPEST
1974-12-09,1974.0,0.0,SIMPEST
1974-12-10,1974.0,0.0,SIMPEST
1974-12-11,1974.0,0.0,SIMPEST
1974-12-12,1974.0,0.0,SIMPEST
1974-12-13,1974.0,0.0,SIMPEST
1974-12-14,1974.0,0.0,SIMPEST
1974-12-15,1974.0,0.0,SIMPEST
1974-12-16,1974.0,0.0,SIMPEST
1974-12-17,1974.0,0.0,SIMPEST
1974-12-18,1974.0,0.0,SIMPEST
1974-12-19,1974.0,0.0,SIMPEST
1974-12-20,1974.0,0.0,SIMPEST
1974-12-21,1974.0,0.0,SIMPEST
1974-12-22,1974.0,0.0,SIMPEST
1974-12-23,1974.0,0.0,SIMPEST
1974-12-24,1974.0,0.0,SIMPEST
1974-12-25,1974.0,0.0,SIMPEST
1974-12-26,1974.0,0.0,SIMPEST
1974-12-27,1974.0,0.0,SIMPEST
1974-12-28,1974.0,0.0,SIMPEST
1974-12-29,1974.0,0.0,SIMPEST
1974-12-30,1974.0,0.0,SIMPEST
1974-12-31,1974.0,0.0,SIMPEST
1975-01-01,1975.0,0.0,SIMPEST
1975-01-02,1975.0,0.0,SIMPEST
1975-01-03,1975.0,0.0,SIMPEST
1975-01-04,1975.0,0.0,SIMPEST
1975-01-05,1975.0,0.0,SIMPEST
1975-01-06,1975.0,0.0,SIMPEST
1975-01-07,1975.0,0.0,SIMPEST
1975-01-08,1975.0,0.0,SIMPEST
1975-01-09,1975.0,0.0,SIMPEST
1975-01-10,1975.0,0.0,SIMPEST
1975-01-11,1975.0,0.0,SIMPEST
1975-01-12,1975.0,0.0,SIMPEST
1975-01-13,1975.0,0.0,SIMPEST
1975-01-14,1975.0,0.0,SIMPEST
1975-01-15,1975.0,0.0,SIMPEST
1975-01-16,1975.0,0.0,SIMPEST
1975-01-17,1975.0,0.0,SIMPEST
1975-01-18,1975.0,0.0,SIMPEST
1975-01-19,1975.0,0.0,SIMPEST
1975-01-20,1975.0,0.0,SIMPEST
1975-01-21,1975.0,0.0,SIMPEST
1975-01-22,1975.0,0.0,SIMPEST
1975-01-23,1975.0,0.0,SIMPEST
1975-01-24,1975.0,0.0,SIMPEST
1975-01-25,1975.0,0.0,SIMPEST
1975-01-26,1975.0,0.0,SIMPEST
1975-01-27,1975.0,0.0,SIMPEST
1975-01-28,1975.0,0.0,SIMPEST
1975-01-29,1975.0,0.0,SIMPEST
1975-01-30,1975.0,0.0,SIMPEST
1975-01-31,1975.0,0.0,SIMPEST
1975-02-01,1975.0,0.0,SIMPEST
1975-02-02,1975.0,0.0,SIMPEST
1975-02-03,1975.0,0.0,SIMPEST
1975-02-04,1975.0,0.0,SIMPEST
1975-02-05,1975.0,0.0,SIMPEST
1975-02-06,1975.0,0.0,SIMPEST
1975-02-07,1975.0,0.0,SIMPEST
1975-02-08,1975.0,0.0,SIMPEST
1975-02-09,1975.0,0.0,SIMPEST
1975-02-10,1975.0,0.0,SIMPEST
1975-02-11,1975.0,0.0,SIMPEST
1975-02-12,1975.0,0.0,SIMPEST
1975-02-13,1975.0,0.0,SIMPEST
1975-02-14,1975.0,0.0,SIMPEST
1975-02-15,1975.0,0.0,SIMPEST
1975-02-16,1975.0,0.0,SIMPEST
1975-02-17,1975.0,0.0,SIMPEST
1975-02-18,1975.0,0.0,SIMPEST
1975-02-19,1975.0,0.0,SIMPEST
1975-02-20,1975.0,0.0,SIMPEST
1975-02-21,1975.0,0.0,SIMPEST
1975-02-22,1975.0,0.0,SIMPEST
1975-02-23,1975.0,0.0,SIMPEST
1975-02-24,1975.0,0.0,SIMPEST
1975-02-25,1975.0,0.0,SIMPEST
1975-02-26,1975.0,0.0,SIMPEST
1975-02-27,1975.0,0.0,SIMPEST
1975-02-28,1975.0,0.0,SIMPEST
1975-03-01,1975.0,0.0,SIMPEST
1975-03-02,1975.0,0.0,SIMPEST
1975-03-03,1975.0,0.0,SIMPEST
1975-03-04,1975.0,0.0,SIMPEST
1975-03-05,1975.0,0.0,SIMPEST
1975-03-06,1975.0,0.0,SIMPEST
1975-03-07,1975.0,0.0,SIMPEST
1975-03-08,1975.0,0.0,SIMPEST
1975-03-09,1975.0,0.0,SIMPEST
1975-03-10,1975.0,0.0,SIMPEST
1975-03-11,1975.0,0.0,SIMPEST
1975-03-12,1975.0,0.0,SIMPEST
1975-03-13,1975.0,0.0,SIMPEST
1975-03-14,1975.0,0.0,SIMPEST
1975-03-15,1975.0,0.0,SIMPEST
1975-03-16,1975.0,0.0,SIMPEST
1975-03-17,1975.0,0.0,SIMPEST
1975-03-18,1975.0,0.0,SIMPEST
1975-03-19,1975.0,0.0,SIMPEST
1975-03-20,1975.0,0.0,SIMPEST
1975-03-21,1975.0,0.0,SIMPEST
1975-03-22,1975.0,0.0,SIMPEST
1975-03-23,1975.0,0.0,SIMPEST
1975-03-24,1975.0,0.0,SIMPEST
1975-03-25,1975.0,0.0,SIMPEST
1975-03-26,1975.0,0.0,SIMPEST
1975-03-27,1975.0,0.0,SIMPEST
1975-03-28,1975.0,0.0,SIMPEST
1975-03-29,1975.0,0.0,SIMPEST
1975-03-30,1975.0,0.0,SIMPEST
1975-03-31,1975.0,0.0,SIMPEST
1975-04-01,1975.0,0.0,SIMPEST
1975-04-02,1975.0,0.0,SIMPEST
1975-04-03,1975.0,0.0,SIMPEST
1975-04-04,1975.0,0.0,SIMPEST
1975-04-05,1975.0,0.0,SIMPEST
1975-04-06,1975.0,0.0,SIMPEST
1975-04-07,1975.0,0.0,SIMPEST
1975-04-08,1975.0,0.0,SIMPEST
1975-04-09,1975.0,0.0,SIMPEST
1975-04-10,1975.0,0.0,SIMPEST
1975-04-11,1975.0,0.0,SIMPEST
1975-04-12,1975.0,0.0,SIMPEST
1975-04-13,1975.0,0.0,SIMPEST
1975-04-14,1975.0,0.0,SIMPEST
1975-04-15,1975.0,0.0,SIMPEST
1975-04-16,1975.0,0.0,SIMPEST
1975-04-17,1975.0,0.0,SIMPEST
1975-04-18,1975.0,0.0,SIMPEST
1975-04-19,1975.0,0.0,SIMPEST
1975-04-20,1975.0,0.0,SIMPEST
1975-04-21,1975.0,0.0,SIMPEST
1975-04-22,1975.0,0.0,SIMPEST
1975-04-23,1975.0,0.0,SIMPEST
1975-04-24,1975.0,0.0,SIMPEST
1975-04-25,1975.0,0.0,SIMPEST
1975-04-26,1975.0,0.0,SIMPEST
1975-04-27,1975.0,0.0,SIMPEST
1975-04-28,1975.0,0.0,SIMPEST
1975-04-29,1975.0,0.0,SIMPEST
1975-04-30,1975.0,0.0,SIMPEST
1975-05-01,1975.0,0.0,SIMPEST
1975-05-02,1975.0,0.0,SIMPEST
1975-05-03,1975.0,0.0,SIMPEST
1975-05-04,1975.0,0.0,SIMPEST
1975-05-05,1975.0,0.0,SIMPEST
1975-05-06,1975.0,0.0,SIMPEST
1975-05-07,1975.0,0.0,SIMPEST
1975-05-08,1975.0,0.0,SIMPEST
1975-05-09,1975.0,0.0,SIMPEST
1975-05-10,1975.0,0.0,SIMPEST
1975-05-11,1975.0,0.0,SIMPEST
1975-05-12,1975.0,0.0,SIMPEST
1975-05-13,1975.0,0.0,SIMPEST
1975-05-14,1975.0,0.0,SIMPEST
1975-05-15,1975.0,0.0,SIMPEST
1975-05-16,1975.0,0.0,SIMPEST
1975-05-17,1975.0,0.0,SIMPEST
1975-05-18,1975.0,0.0,SIMPEST
1975-05-19,1975.0,0.0,SIMPEST
1975-05-20,1975.0,1.62021401471483,SIMPEST
1975-05-21,1975.0,3.5416607894251397,SIMPEST
1975-05-22,1975.0,3.55719723519021,SIMPEST
1975-05-23,1975.0,6.644531171536911,SIMPEST
1975-05-24,1975.0,6.67713560776493,SIMPEST
1975-05-25,1975.0,11.01025552725904,SIMPEST
1975-05-26,1975.0,11.07031237297712,SIMPEST
1975-05-27,1975.0,11.07031237297712,SIMPEST
1975-05-28,1975.0,11.07031237297712,SIMPEST
1975-05-29,1975.0,11.07031237297712,SIMPEST
1975-05-30,1975.0,11.07031237297712,SIMPEST
1975-05-31,1975.0,20.38796449700465,SIMPEST
1975-06-01,1975.0,20.38796449700465,SIMPEST
1975-06-02,1975.0,20.38796449700465,SIMPEST
1975-06-03,1975.0,20.38796449700465,SIMPEST
1975-06-04,1975.0,20.38796449700465,SIMPEST
1975-06-05,1975.0,20.38796449700465,SIMPEST
1975-06-06,1975.0,20.38796449700465,SIMPEST
1975-06-07,1975.0,26.997416057999292,SIMPEST
1975-06-08,1975.0,26.997416057999292,SIMPEST
1975-06-09,1975.0,37.99963859008784,SIMPEST
1975-06-10,1975.0,37.99963859008784,SIMPEST
1975-06-11,1975.0,37.99963859008784,SIMPEST
1975-06-12,1975.0,46.83117182387435,SIMPEST
1975-06-13,1975.0,46.83773503961049,SIMPEST
1975-06-14,1975.0,46.83773503961049,SIMPEST
1975-06-15,1975.0,46.83773503961049,SIMPEST
1975-06-16,1975.0,46.83888725389288,SIMPEST
1975-06-17,1975.0,54.17279358944198,SIMPEST
1975-06-18,1975.0,59.43393172262913,SIMPEST
1975-06-19,1975.0,59.43614992094252,SIMPEST
1975-06-20,1975.0,59.43916611992116,SIMPEST
1975-06-21,1975.0,59.43916611992116,SIMPEST
1975-06-22,1975.0,64.02918800139584,SIMPEST
1975-06-23,1975.0,64.02918800139584,SIMPEST
1975-06-24,1975.0,64.02918800139584,SIMPEST
1975-06-25,1975.0,64.02918800139584,SIMPEST
1975-06-26,1975.0,64.02918800139584,SIMPEST
1975-06-27,1975.0,66.59566688263962,SIMPEST
1975-06-28,1975.0,66.59566688263962,SIMPEST
1975-06-29,1975.0,66.5979346728039,SIMPEST
1975-06-30,1975.0,66.60146503248758,SIMPEST
1975-07-01,1975.0,67.12819483774707,SIMPEST
1975-07-02,1975.0,67.12819483774707,SIMPEST
1975-07-03,1975.0,67.29380866199759,SIMPEST
1975-07-04,1975.0,67.2938086619976,SIMPEST
1975-07-05,1975.0,67.2938086619976,SIMPEST
1975-07-06,1975.0,67.29380866199759,SIMPEST
1975-07-07,1975.0,67.29380866199759,SIMPEST
1975-07-08,1975.0,67.30463486346548,SIMPEST
1975-07-09,1975.0,67.30851173304177,SIMPEST
1975-07-10,1975.0,67.31613308501869,SIMPEST
1975-07-11,1975.0,67.31613308501869,SIMPEST
1975-07-12,1975.0,67.31958201617394,SIMPEST
1975-07-13,1975.0,67.31958201617394,SIMPEST
1975-07-14,1975.0,67.31958201617394,SIMPEST
1975-07-15,1975.0,67.31958201617392,SIMPEST
1975-07-16,1975.0,67.31958201617392,SIMPEST
1975-07-17,1975.0,67.31958201617391,SIMPEST
1975-07-18,1975.0,67.31958201617391,SIMPEST
1975-07-19,1975.0,67.31958201617391,SIMPEST
1975-07-20,1975.0,67.31958201617391,SIMPEST
1975-07-21,1975.0,67.31958201617391,SIMPEST
1975-07-22,1975.0,67.31958201617391,SIMPEST
1975-07-23,1975.0,67.31958201617391,SIMPEST
1975-07-24,1975.0,67.31958201617391,SIMPEST
1975-10-03,1975.0,0.0,SIMPEST
1975-10-04,1975.0,0.0,SIMPEST
1975-10-05,1975.0,0.0,SIMPEST
1975-10-06,1975.0,0.0,SIMPEST
1975-10-07,1975.0,0.0,SIMPEST
1975-10-08,1975.0,0.0,SIMPEST
1975-10-09,1975.0,0.0,SIMPEST
1975-10-10,1975.0,0.0,SIMPEST
1975-10-11,1975.0,0.0,SIMPEST
1975-10-12,1975.0,0.0,SIMPEST
1975-10-13,1975.0,0.0,SIMPEST
1975-10-14,1975.0,0.0,SIMPEST
1975-10-15,1975.0,0.0,SIMPEST
1975-10-16,1975.0,0.0,SIMPEST
1975-10-17,1975.0,0.0,SIMPEST
1975-10-18,1975.0,0.0,SIMPEST
1975-10-19,1975.0,0.0,SIMPEST
1975-10-20,1975.0,0.0,SIMPEST
1975-10-21,1975.0,0.0,SIMPEST
1975-10-22,1975.0,0.0,SIMPEST
1975-10-23,1975.0,0.0,SIMPEST
1975-10-24,1975.0,0.0,SIMPEST
1975-10-25,1975.0,0.0,SIMPEST
1975-10-26,1975.0,0.0,SIMPEST
1975-10-27,1975.0,0.0,SIMPEST
1975-10-28,1975.0,0.0,SIMPEST
1975-10-29,1975.0,0.0,SIMPEST
1975-10-30,1975.0,0.0,SIMPEST
1975-10-31,1975.0,0.0,SIMPEST
1975-11-01,1975.0,0.0,SIMPEST
1975-11-02,1975.0,0.0,SIMPEST
1975-11-03,1975.0,0.0,SIMPEST
1975-11-04,1975.0,0.0,SIMPEST
1975-11-05,1975.0,0.0,SIMPEST
1975-11-06,1975.0,0.0,SIMPEST
1975-11-07,1975.0,0.0,SIMPEST
1975-11-08,1975.0,0.0,SIMPEST
1975-11-09,1975.0,0.0,SIMPEST
1975-11-10,1975.0,0.0,SIMPEST
1975-11-11,1975.0,0.0,SIMPEST
1975-11-12,1975.0,0.0,SIMPEST
1975-11-13,1975.0,0.0,SIMPEST
1975-11-14,1975.0,0.0,SIMPEST
1975-11-15,1975.0,0.0,SIMPEST
1975-11-16,1975.0,0.0,SIMPEST
1975-11-17,1975.0,0.0,SIMPEST
1975-11-18,1975.0,0.0,SIMPEST
1975-11-19,1975.0,0.0,SIMPEST
1975-11-20,1975.0,0.0,SIMPEST
1975-11-21,1975.0,0.0,SIMPEST
1975-11-22,1975.0,0.0,SIMPEST
1975-11-23,1975.0,0.0,SIMPEST
1975-11-24,1975.0,0.0,SIMPEST
1975-11-25,1975.0,0.0,SIMPEST
1975-11-26,1975.0,0.0,SIMPEST
1975-11-27,1975.0,0.0,SIMPEST
1975-11-28,1975.0,0.0,SIMPEST
1975-11-29,1975.0,0.0,SIMPEST
1975-11-30,1975.0,0.0,SIMPEST
1975-12-01,1975.0,0.0,SIMPEST
1975-12-02,1975.0,0.0,SIMPEST
1975-12-03,1975.0,0.0,SIMPEST
1975-12-04,1975.0,0.0,SIMPEST
1975-12-05,1975.0,0.0,SIMPEST
1975-12-06,1975.0,0.0,SIMPEST
1975-12-07,1975.0,0.0,SIMPEST
1975-12-08,1975.0,0.0,SIMPEST
1975-12-09,1975.0,0.0,SIMPEST
1975-12-10,1975.0,0.0,SIMPEST
1975-12-11,1975.0,0.0,SIMPEST
1975-12-12,1975.0,0.0,SIMPEST
1975-12-13,1975.0,0.0,SIMPEST
1975-12-14,1975.0,0.0,SIMPEST
1975-12-15,1975.0,0.0,SIMPEST
1975-12-16,1975.0,0.0,SIMPEST
1975-12-17,1975.0,0.0,SIMPEST
1975-12-18,1975.0,0.0,SIMPEST
1975-12-19,1975.0,0.0,SIMPEST
1975-12-20,1975.0,0.0,SIMPEST
1975-12-21,1975.0,0.0,SIMPEST
1975-12-22,1975.0,0.0,SIMPEST
1975-12-23,1975.0,0.0,SIMPEST
1975-12-24,1975.0,0.0,SIMPEST
1975-12-25,1975.0,0.0,SIMPEST
1975-12-26,1975.0,0.0,SIMPEST
1975-12-27,1975.0,0.0,SIMPEST
1975-12-28,1975.0,0.0,SIMPEST
1975-12-29,1975.0,0.0,SIMPEST
1975-12-30,1975.0,0.0,SIMPEST
1975-12-31,1975.0,0.0,SIMPEST
1976-01-01,1976.0,0.0,SIMPEST
1976-01-02,1976.0,0.0,SIMPEST
1976-01-03,1976.0,0.0,SIMPEST
1976-01-04,1976.0,0.0,SIMPEST
1976-01-05,1976.0,0.0,SIMPEST
1976-01-06,1976.0,0.0,SIMPEST
1976-01-07,1976.0,0.0,SIMPEST
1976-01-08,1976.0,0.0,SIMPEST
1976-01-09,1976.0,0.0,SIMPEST
1976-01-10,1976.0,0.0,SIMPEST
1976-01-11,1976.0,0.0,SIMPEST
1976-01-12,1976.0,0.0,SIMPEST
1976-01-13,1976.0,0.0,SIMPEST
1976-01-14,1976.0,0.0,SIMPEST
1976-01-15,1976.0,0.0,SIMPEST
1976-01-16,1976.0,0.0,SIMPEST
1976-01-17,1976.0,0.0,SIMPEST
1976-01-18,1976.0,0.0,SIMPEST
1976-01-19,1976.0,0.0,SIMPEST
1976-01-20,1976.0,0.0,SIMPEST
1976-01-21,1976.0,0.0,SIMPEST
1976-01-22,1976.0,0.0,SIMPEST
1976-01-23,1976.0,0.0,SIMPEST
1976-01-24,1976.0,0.0,SIMPEST
1976-01-25,1976.0,0.0,SIMPEST
1976-01-26,1976.0,0.0,SIMPEST
1976-01-27,1976.0,0.0,SIMPEST
1976-01-28,1976.0,0.0,SIMPEST
1976-01-29,1976.0,0.0,SIMPEST
1976-01-30,1976.0,0.0,SIMPEST
1976-01-31,1976.0,0.0,SIMPEST
1976-02-01,1976.0,0.0,SIMPEST
1976-02-02,1976.0,0.0,SIMPEST
1976-02-03,1976.0,0.0,SIMPEST
1976-02-04,1976.0,0.0,SIMPEST
1976-02-05,1976.0,0.0,SIMPEST
1976-02-06,1976.0,0.0,SIMPEST
1976-02-07,1976.0,0.0,SIMPEST
1976-02-08,1976.0,0.0,SIMPEST
1976-02-09,1976.0,0.0,SIMPEST
1976-02-10,1976.0,0.0,SIMPEST
1976-02-11,1976.0,0.0,SIMPEST
1976-02-12,1976.0,0.0,SIMPEST
1976-02-13,1976.0,0.0,SIMPEST
1976-02-14,1976.0,0.0,SIMPEST
1976-02-15,1976.0,0.0,SIMPEST
1976-02-16,1976.0,0.0,SIMPEST
1976-02-17,1976.0,0.0,SIMPEST
1976-02-18,1976.0,0.0,SIMPEST
1976-02-19,1976.0,0.0,SIMPEST
1976-02-20,1976.0,0.0,SIMPEST
1976-02-21,1976.0,0.0,SIMPEST
1976-02-22,1976.0,0.0,SIMPEST
1976-02-23,1976.0,0.0,SIMPEST
1976-02-24,1976.0,0.0,SIMPEST
1976-02-25,1976.0,0.0,SIMPEST
1976-02-26,1976.0,0.0,SIMPEST
1976-02-27,1976.0,0.0,SIMPEST
1976-02-28,1976.0,0.0,SIMPEST
1976-02-29,1976.0,0.0,SIMPEST
1976-03-01,1976.0,0.0,SIMPEST
1976-03-02,1976.0,0.0,SIMPEST
1976-03-03,1976.0,0.0,SIMPEST
1976-03-04,1976.0,0.0,SIMPEST
1976-03-05,1976.0,0.0,SIMPEST
1976-03-06,1976.0,0.0,SIMPEST
1976-03-07,1976.0,0.0,SIMPEST
1976-03-08,1976.0,0.0,SIMPEST
1976-03-09,1976.0,0.0,SIMPEST
1976-03-10,1976.0,0.0,SIMPEST
1976-03-11,1976.0,0.0,SIMPEST
1976-03-12,1976.0,0.0,SIMPEST
1976-03-13,1976.0,0.0,SIMPEST
1976-03-14,1976.0,0.0,SIMPEST
1976-03-15,1976.0,0.0,SIMPEST
1976-03-16,1976.0,0.0,SIMPEST
1976-03-17,1976.0,0.0,SIMPEST
1976-03-18,1976.0,0.0,SIMPEST
1976-03-19,1976.0,0.0,SIMPEST
1976-03-20,1976.0,0.0,SIMPEST
1976-03-21,1976.0,0.0,SIMPEST
1976-03-22,1976.0,0.0,SIMPEST
1976-03-23,1976.0,0.0,SIMPEST
1976-03-24,1976.0,0.0,SIMPEST
1976-03-25,1976.0,0.0,SIMPEST
1976-03-26,1976.0,0.0,SIMPEST
1976-03-27,1976.0,0.0,SIMPEST
1976-03-28,1976.0,0.0,SIMPEST
1976-03-29,1976.0,0.0,SIMPEST
1976-03-30,1976.0,0.0,SIMPEST
1976-03-31,1976.0,0.0,SIMPEST
1976-04-01,1976.0,0.0,SIMPEST
1976-04-02,1976.0,0.0,SIMPEST
1976-04-03,1976.0,0.0,SIMPEST
1976-04-04,1976.0,0.0,SIMPEST
1976-04-05,1976.0,0.0,SIMPEST
1976-04-06,1976.0,0.0,SIMPEST
1976-04-07,1976.0,0.0,SIMPEST
1976-04-08,1976.0,0.0,SIMPEST
1976-04-09,1976.0,0.0,SIMPEST
1976-04-10,1976.0,0.0,SIMPEST
1976-04-11,1976.0,0.0,SIMPEST
1976-04-12,1976.0,0.0,SIMPEST
1976-04-13,1976.0,0.0,SIMPEST
1976-04-14,1976.0,0.0,SIMPEST
1976-04-15,1976.0,0.0,SIMPEST
1976-04-16,1976.0,0.0,SIMPEST
1976-04-17,1976.0,0.0,SIMPEST
1976-04-18,1976.0,0.0,SIMPEST
1976-04-19,1976.0,0.0,SIMPEST
1976-04-20,1976.0,0.0,SIMPEST
1976-04-21,1976.0,0.0,SIMPEST
1976-04-22,1976.0,0.0,SIMPEST
1976-04-23,1976.0,0.0,SIMPEST
1976-04-24,1976.0,6.67193223832383,SIMPEST
1976-04-25,1976.0,6.67193223832383,SIMPEST
1976-04-26,1976.0,6.67193223832383,SIMPEST
1976-04-27,1976.0,6.67193223832383,SIMPEST
1976-04-28,1976.0,6.67193223832383,SIMPEST
1976-04-29,1976.0,6.67193223832383,SIMPEST
1976-04-30,1976.0,6.67193223832383,SIMPEST
1976-05-01,1976.0,11.1867806225741,SIMPEST
1976-05-02,1976.0,11.1867806225741,SIMPEST
1976-05-03,1976.0,11.1867806225741,SIMPEST
1976-05-04,1976.0,11.1867806225741,SIMPEST
1976-05-05,1976.0,11.1867806225741,SIMPEST
1976-05-06,1976.0,19.22990734190981,SIMPEST
1976-05-07,1976.0,19.22990734190981,SIMPEST
1976-05-08,1976.0,19.22990734190981,SIMPEST
1976-05-09,1976.0,19.22990734190981,SIMPEST
1976-05-10,1976.0,19.22990734190981,SIMPEST
1976-05-11,1976.0,19.22990734190981,SIMPEST
1976-05-12,1976.0,19.22990734190981,SIMPEST
1976-05-13,1976.0,19.22990734190981,SIMPEST
1976-05-14,1976.0,19.22990734190981,SIMPEST
1976-05-15,1976.0,19.22990734190981,SIMPEST
1976-05-16,1976.0,19.22990734190981,SIMPEST
1976-05-17,1976.0,19.22990734190981,SIMPEST
1976-05-18,1976.0,19.22990734190981,SIMPEST
1976-05-19,1976.0,19.22990734190981,SIMPEST
1976-05-20,1976.0,19.22990734190981,SIMPEST
1976-05-21,1976.0,19.22990734190981,SIMPEST
1976-05-22,1976.0,19.22990734190981,SIMPEST
1976-05-23,1976.0,19.22990734190981,SIMPEST
1976-05-24,1976.0,27.901366819288793,SIMPEST
1976-05-25,1976.0,27.901366819288793,SIMPEST
1976-05-26,1976.0,37.21809989319138,SIMPEST
1976-05-27,1976.0,37.21809989319138,SIMPEST
1976-05-28,1976.0,37.21809989319138,SIMPEST
1976-05-29,1976.0,37.21809989319138,SIMPEST
1976-05-30,1976.0,37.22728404919959,SIMPEST
1976-05-31,1976.0,37.227991989362366,SIMPEST
1976-06-01,1976.0,37.227991989362366,SIMPEST
1976-06-02,1976.0,41.94577671668452,SIMPEST
1976-06-03,1976.0,41.94577671668452,SIMPEST
1976-06-04,1976.0,41.94577671668452,SIMPEST
1976-06-05,1976.0,46.680746336559245,SIMPEST
1976-06-06,1976.0,56.66183520279176,SIMPEST
1976-06-07,1976.0,56.664975954701745,SIMPEST
1976-06-08,1976.0,56.66774067857102,SIMPEST
1976-06-09,1976.0,56.66774067857102,SIMPEST
1976-06-10,1976.0,58.03297500006851,SIMPEST
1976-06-11,1976.0,58.03297500006851,SIMPEST
1976-06-12,1976.0,58.03297500006851,SIMPEST
1976-06-13,1976.0,58.03297500006851,SIMPEST
1976-06-14,1976.0,58.15991080710333,SIMPEST
1976-06-15,1976.0,58.161096658327814,SIMPEST
1976-06-16,1976.0,58.162999159598336,SIMPEST
1976-06-17,1976.0,58.217479365663785,SIMPEST
1976-06-18,1976.0,58.23361523120965,SIMPEST
1976-06-19,1976.0,58.23361523120965,SIMPEST
1976-06-20,1976.0,58.23361523120965,SIMPEST
1976-06-21,1976.0,58.23361523120965,SIMPEST
1976-06-22,1976.0,58.23361523120965,SIMPEST
1976-06-23,1976.0,58.23361523120965,SIMPEST
1976-06-24,1976.0,58.23361523120965,SIMPEST
1976-06-25,1976.0,58.23361523120965,SIMPEST
1976-06-26,1976.0,58.23361523120965,SIMPEST
1976-06-27,1976.0,58.23361523120965,SIMPEST
1976-06-28,1976.0,58.23361523120965,SIMPEST
1976-06-29,1976.0,58.23361523120965,SIMPEST
1976-06-30,1976.0,58.23391022133988,SIMPEST
1976-07-01,1976.0,58.23391022133988,SIMPEST
1976-07-02,1976.0,58.23391022133988,SIMPEST
1976-07-03,1976.0,58.23391022133988,SIMPEST
1976-07-04,1976.0,58.23391022133987,SIMPEST
1976-07-05,1976.0,58.23391022133988,SIMPEST
1976-10-03,1976.0,0.0,SIMPEST
1976-10-04,1976.0,0.0,SIMPEST
1976-10-05,1976.0,0.0,SIMPEST
1976-10-06,1976.0,0.0,SIMPEST
1976-10-07,1976.0,0.0,SIMPEST
1976-10-08,1976.0,0.0,SIMPEST
1976-10-09,1976.0,0.0,SIMPEST
1976-10-10,1976.0,0.0,SIMPEST
1976-10-11,1976.0,0.0,SIMPEST
1976-10-12,1976.0,0.0,SIMPEST
1976-10-13,1976.0,0.0,SIMPEST
1976-10-14,1976.0,0.0,SIMPEST
1976-10-15,1976.0,0.0,SIMPEST
1976-10-16,1976.0,0.0,SIMPEST
1976-10-17,1976.0,0.0,SIMPEST
1976-10-18,1976.0,0.0,SIMPEST
1976-10-19,1976.0,0.0,SIMPEST
1976-10-20,1976.0,0.0,SIMPEST
1976-10-21,1976.0,0.0,SIMPEST
1976-10-22,1976.0,0.0,SIMPEST
1976-10-23,1976.0,0.0,SIMPEST
1976-10-24,1976.0,0.0,SIMPEST
1976-10-25,1976.0,0.0,SIMPEST
1976-10-26,1976.0,0.0,SIMPEST
1976-10-27,1976.0,0.0,SIMPEST
1976-10-28,1976.0,0.0,SIMPEST
1976-10-29,1976.0,0.0,SIMPEST
1976-10-30,1976.0,0.0,SIMPEST
1976-10-31,1976.0,0.0,SIMPEST
1976-11-01,1976.0,0.0,SIMPEST
1976-11-02,1976.0,0.0,SIMPEST
1976-11-03,1976.0,0.0,SIMPEST
1976-11-04,1976.0,0.0,SIMPEST
1976-11-05,1976.0,0.0,SIMPEST
1976-11-06,1976.0,0.0,SIMPEST
1976-11-07,1976.0,0.0,SIMPEST
1976-11-08,1976.0,0.0,SIMPEST
1976-11-09,1976.0,0.0,SIMPEST
1976-11-10,1976.0,0.0,SIMPEST
1976-11-11,1976.0,0.0,SIMPEST
1976-11-12,1976.0,0.0,SIMPEST
1976-11-13,1976.0,0.0,SIMPEST
1976-11-14,1976.0,0.0,SIMPEST
1976-11-15,1976.0,0.0,SIMPEST
1976-11-16,1976.0,0.0,SIMPEST
1976-11-17,1976.0,0.0,SIMPEST
1976-11-18,1976.0,0.0,SIMPEST
1976-11-19,1976.0,0.0,SIMPEST
1976-11-20,1976.0,0.0,SIMPEST
1976-11-21,1976.0,0.0,SIMPEST
1976-11-22,1976.0,0.0,SIMPEST
1976-11-23,1976.0,0.0,SIMPEST
1976-11-24,1976.0,0.0,SIMPEST
1976-11-25,1976.0,0.0,SIMPEST
1976-11-26,1976.0,0.0,SIMPEST
1976-11-27,1976.0,0.0,SIMPEST
1976-11-28,1976.0,0.0,SIMPEST
1976-11-29,1976.0,0.0,SIMPEST
1976-11-30,1976.0,0.0,SIMPEST
1976-12-01,1976.0,0.0,SIMPEST
1976-12-02,1976.0,0.0,SIMPEST
1976-12-03,1976.0,0.0,SIMPEST
1976-12-04,1976.0,0.0,SIMPEST
1976-12-05,1976.0,0.0,SIMPEST
1976-12-06,1976.0,0.0,SIMPEST
1976-12-07,1976.0,0.0,SIMPEST
1976-12-08,1976.0,0.0,SIMPEST
1976-12-09,1976.0,0.0,SIMPEST
1976-12-10,1976.0,0.0,SIMPEST
1976-12-11,1976.0,0.0,SIMPEST
1976-12-12,1976.0,0.0,SIMPEST
1976-12-13,1976.0,0.0,SIMPEST
1976-12-14,1976.0,0.0,SIMPEST
1976-12-15,1976.0,0.0,SIMPEST
1976-12-16,1976.0,0.0,SIMPEST
1976-12-17,1976.0,0.0,SIMPEST
1976-12-18,1976.0,0.0,SIMPEST
1976-12-19,1976.0,0.0,SIMPEST
1976-12-20,1976.0,0.0,SIMPEST
1976-12-21,1976.0,0.0,SIMPEST
1976-12-22,1976.0,0.0,SIMPEST
1976-12-23,1976.0,0.0,SIMPEST
1976-12-24,1976.0,0.0,SIMPEST
1976-12-25,1976.0,0.0,SIMPEST
1976-12-26,1976.0,0.0,SIMPEST
1976-12-27,1976.0,0.0,SIMPEST
1976-12-28,1976.0,0.0,SIMPEST
1976-12-29,1976.0,0.0,SIMPEST
1976-12-30,1976.0,0.0,SIMPEST
1976-12-31,1976.0,0.0,SIMPEST
1977-01-01,1977.0,0.0,SIMPEST
1977-01-02,1977.0,0.0,SIMPEST
1977-01-03,1977.0,0.0,SIMPEST
1977-01-04,1977.0,0.0,SIMPEST
1977-01-05,1977.0,0.0,SIMPEST
1977-01-06,1977.0,0.0,SIMPEST
1977-01-07,1977.0,0.0,SIMPEST
1977-01-08,1977.0,0.0,SIMPEST
1977-01-09,1977.0,0.0,SIMPEST
1977-01-10,1977.0,0.0,SIMPEST
1977-01-11,1977.0,0.0,SIMPEST
1977-01-12,1977.0,0.0,SIMPEST
1977-01-13,1977.0,0.0,SIMPEST
1977-01-14,1977.0,0.0,SIMPEST
1977-01-15,1977.0,0.0,SIMPEST
1977-01-16,1977.0,0.0,SIMPEST
1977-01-17,1977.0,0.0,SIMPEST
1977-01-18,1977.0,0.0,SIMPEST
1977-01-19,1977.0,0.0,SIMPEST
1977-01-20,1977.0,0.0,SIMPEST
1977-01-21,1977.0,0.0,SIMPEST
1977-01-22,1977.0,0.0,SIMPEST
1977-01-23,1977.0,0.0,SIMPEST
1977-01-24,1977.0,0.0,SIMPEST
1977-01-25,1977.0,0.0,SIMPEST
1977-01-26,1977.0,0.0,SIMPEST
1977-01-27,1977.0,0.0,SIMPEST
1977-01-28,1977.0,0.0,SIMPEST
1977-01-29,1977.0,0.0,SIMPEST
1977-01-30,1977.0,0.0,SIMPEST
1977-01-31,1977.0,0.0,SIMPEST
1977-02-01,1977.0,0.0,SIMPEST
1977-02-02,1977.0,0.0,SIMPEST
1977-02-03,1977.0,0.0,SIMPEST
1977-02-04,1977.0,0.0,SIMPEST
1977-02-05,1977.0,0.0,SIMPEST
1977-02-06,1977.0,0.0,SIMPEST
1977-02-07,1977.0,0.0,SIMPEST
1977-02-08,1977.0,0.0,SIMPEST
1977-02-09,1977.0,0.0,SIMPEST
1977-02-10,1977.0,0.0,SIMPEST
1977-02-11,1977.0,0.0,SIMPEST
1977-02-12,1977.0,0.0,SIMPEST
1977-02-13,1977.0,0.0,SIMPEST
1977-02-14,1977.0,0.0,SIMPEST
1977-02-15,1977.0,0.0,SIMPEST
1977-02-16,1977.0,0.0,SIMPEST
1977-02-17,1977.0,0.0,SIMPEST
1977-02-18,1977.0,0.0,SIMPEST
1977-02-19,1977.0,0.0,SIMPEST
1977-02-20,1977.0,0.0,SIMPEST
1977-02-21,1977.0,0.0,SIMPEST
1977-02-22,1977.0,0.0,SIMPEST
1977-02-23,1977.0,0.0,SIMPEST
1977-02-24,1977.0,0.0,SIMPEST
1977-02-25,1977.0,0.0,SIMPEST
1977-02-26,1977.0,0.0,SIMPEST
1977-02-27,1977.0,0.0,SIMPEST
1977-02-28,1977.0,0.0,SIMPEST
1977-03-01,1977.0,0.0,SIMPEST
1977-03-02,1977.0,0.0,SIMPEST
1977-03-03,1977.0,0.0,SIMPEST
1977-03-04,1977.0,0.0,SIMPEST
1977-03-05,1977.0,0.0,SIMPEST
1977-03-06,1977.0,0.0,SIMPEST
1977-03-07,1977.0,0.0,SIMPEST
1977-03-08,1977.0,0.0,SIMPEST
1977-03-09,1977.0,0.0,SIMPEST
1977-03-10,1977.0,0.0,SIMPEST
1977-03-11,1977.0,0.0,SIMPEST
1977-03-12,1977.0,0.0,SIMPEST
1977-03-13,1977.0,0.0,SIMPEST
1977-03-14,1977.0,0.0,SIMPEST
1977-03-15,1977.0,0.0,SIMPEST
1977-03-16,1977.0,0.0,SIMPEST
1977-03-17,1977.0,0.0,SIMPEST
1977-03-18,1977.0,0.0,SIMPEST
1977-03-19,1977.0,0.0,SIMPEST
1977-03-20,1977.0,0.0,SIMPEST
1977-03-21,1977.0,0.0,SIMPEST
1977-03-22,1977.0,0.0,SIMPEST
1977-03-23,1977.0,0.0,SIMPEST
1977-03-24,1977.0,0.0,SIMPEST
1977-03-25,1977.0,0.0,SIMPEST
1977-03-26,1977.0,0.0,SIMPEST
1977-03-27,1977.0,0.0,SIMPEST
1977-03-28,1977.0,0.0,SIMPEST
1977-03-29,1977.0,0.0,SIMPEST
1977-03-30,1977.0,0.0,SIMPEST
1977-03-31,1977.0,0.0,SIMPEST
1977-04-01,1977.0,0.0,SIMPEST
1977-04-02,1977.0,0.0,SIMPEST
1977-04-03,1977.0,0.0,SIMPEST
1977-04-04,1977.0,0.0,SIMPEST
1977-04-05,1977.0,0.0,SIMPEST
1977-04-06,1977.0,0.0,SIMPEST
1977-04-07,1977.0,0.0,SIMPEST
1977-04-08,1977.0,0.0,SIMPEST
1977-04-09,1977.0,0.0,SIMPEST
1977-04-10,1977.0,0.0,SIMPEST
1977-04-11,1977.0,0.0,SIMPEST
1977-04-12,1977.0,0.0,SIMPEST
1977-04-13,1977.0,0.0,SIMPEST
1977-04-14,1977.0,0.0,SIMPEST
1977-04-15,1977.0,0.0,SIMPEST
1977-04-16,1977.0,0.0,SIMPEST
1977-04-17,1977.0,0.0,SIMPEST
1977-04-18,1977.0,0.0,SIMPEST
1977-04-19,1977.0,0.0,SIMPEST
1977-04-20,1977.0,0.0,SIMPEST
1977-04-21,1977.0,0.0,SIMPEST
1977-04-22,1977.0,0.0,SIMPEST
1977-04-23,1977.0,0.0,SIMPEST
1977-04-24,1977.0,0.0,SIMPEST
1977-04-25,1977.0,0.0,SIMPEST
1977-04-26,1977.0,0.0,SIMPEST
1977-04-27,1977.0,0.0,SIMPEST
1977-04-28,1977.0,0.0,SIMPEST
1977-04-29,1977.0,0.0,SIMPEST
1977-04-30,1977.0,0.0,SIMPEST
1977-05-01,1977.0,0.0,SIMPEST
1977-05-02,1977.0,0.0,SIMPEST
1977-05-03,1977.0,0.0,SIMPEST
1977-05-04,1977.0,0.0,SIMPEST
1977-05-05,1977.0,0.0,SIMPEST
1977-05-06,1977.0,0.0,SIMPEST
1977-05-07,1977.0,0.0,SIMPEST
1977-05-08,1977.0,0.0,SIMPEST
1977-05-09,1977.0,0.0,SIMPEST
1977-05-10,1977.0,0.0,SIMPEST
1977-05-11,1977.0,0.0,SIMPEST
1977-05-12,1977.0,0.0,SIMPEST
1977-05-13,1977.0,0.0,SIMPEST
1977-05-14,1977.0,0.0,SIMPEST
1977-05-15,1977.0,0.0,SIMPEST
1977-05-16,1977.0,3.1178641918376897,SIMPEST
1977-05-17,1977.0,3.13267773630201,SIMPEST
1977-05-18,1977.0,8.241963514521421,SIMPEST
1977-05-19,1977.0,12.17058379495312,SIMPEST
1977-05-20,1977.0,12.23869944670883,SIMPEST
1977-05-21,1977.0,17.87232352217305,SIMPEST
1977-05-22,1977.0,26.516071176368598,SIMPEST
1977-05-23,1977.0,26.516071176368598,SIMPEST
1977-05-24,1977.0,36.14269090518104,SIMPEST
1977-05-25,1977.0,45.289964147254366,SIMPEST
1977-05-26,1977.0,53.40369723737708,SIMPEST
1977-05-27,1977.0,53.40369723737708,SIMPEST
1977-05-28,1977.0,53.40369723737708,SIMPEST
1977-05-29,1977.0,53.40369723737708,SIMPEST
1977-05-30,1977.0,53.40369723737708,SIMPEST
1977-05-31,1977.0,53.40369723737708,SIMPEST
1977-06-01,1977.0,53.40369723737708,SIMPEST
1977-06-02,1977.0,53.40369723737708,SIMPEST
1977-06-03,1977.0,53.40369723737708,SIMPEST
1977-06-04,1977.0,53.40369723737708,SIMPEST
1977-06-05,1977.0,53.40369723737708,SIMPEST
1977-06-06,1977.0,53.40470582886644,SIMPEST
1977-06-07,1977.0,56.86023113209407,SIMPEST
1977-06-08,1977.0,56.86023113209407,SIMPEST
1977-06-09,1977.0,56.86023113209407,SIMPEST
1977-06-10,1977.0,56.86023113209407,SIMPEST
1977-06-11,1977.0,56.86023113209407,SIMPEST
1977-06-12,1977.0,56.86023113209407,SIMPEST
1977-06-13,1977.0,56.86023113209407,SIMPEST
1977-06-14,1977.0,56.86023113209407,SIMPEST
1977-06-15,1977.0,56.86023113209407,SIMPEST
1977-06-16,1977.0,56.860231132094086,SIMPEST
1977-06-17,1977.0,56.860231132094086,SIMPEST
1977-06-18,1977.0,56.86023113209407,SIMPEST
1977-06-19,1977.0,56.860231132094086,SIMPEST
1977-06-20,1977.0,56.860231132094086,SIMPEST
1977-06-21,1977.0,56.860231132094086,SIMPEST
1977-06-22,1977.0,56.86023113209407,SIMPEST
1977-06-23,1977.0,56.86761334532795,SIMPEST
1977-06-24,1977.0,57.50906290156217,SIMPEST
1977-06-25,1977.0,57.90061868102865,SIMPEST
1977-06-26,1977.0,57.90278194799656,SIMPEST
1977-06-27,1977.0,58.04086724656583,SIMPEST
1977-06-28,1977.0,58.079656680409045,SIMPEST
1977-06-29,1977.0,58.09656685657507,SIMPEST
1977-06-30,1977.0,58.09656685657507,SIMPEST
1977-07-01,1977.0,58.09656685657507,SIMPEST
1977-07-02,1977.0,58.09656685657507,SIMPEST
1977-07-03,1977.0,58.10073508595956,SIMPEST
1977-07-04,1977.0,58.10457177141218,SIMPEST
1977-07-05,1977.0,58.10457177141218,SIMPEST
1977-07-06,1977.0,58.10457177141218,SIMPEST
1977-07-07,1977.0,58.10457177141218,SIMPEST
1977-07-08,1977.0,58.10457177141218,SIMPEST
1977-07-09,1977.0,58.10805045337604,SIMPEST
1977-07-10,1977.0,58.10805045337604,SIMPEST
1977-07-11,1977.0,58.10823360802512,SIMPEST
1977-07-12,1977.0,58.10854975946146,SIMPEST
1977-07-13,1977.0,58.10854975946146,SIMPEST
1977-07-14,1977.0,58.10854975946146,SIMPEST
1977-07-15,1977.0,58.10854975946146,SIMPEST
1977-07-16,1977.0,58.10854975946146,SIMPEST
1977-07-17,1977.0,58.10854975946146,SIMPEST
1977-07-18,1977.0,58.10854975946146,SIMPEST
1977-10-13,1977.0,0.0,SIMPEST
1977-10-14,1977.0,0.0,SIMPEST
1977-10-15,1977.0,0.0,SIMPEST
1977-10-16,1977.0,0.0,SIMPEST
1977-10-17,1977.0,0.0,SIMPEST
1977-10-18,1977.0,0.0,SIMPEST
1977-10-19,1977.0,0.0,SIMPEST
1977-10-20,1977.0,0.0,SIMPEST
1977-10-21,1977.0,0.0,SIMPEST
1977-10-22,1977.0,0.0,SIMPEST
1977-10-23,1977.0,0.0,SIMPEST
1977-10-24,1977.0,0.0,SIMPEST
1977-10-25,1977.0,0.0,SIMPEST
1977-10-26,1977.0,0.0,SIMPEST
1977-10-27,1977.0,0.0,SIMPEST
1977-10-28,1977.0,0.0,SIMPEST
1977-10-29,1977.0,0.0,SIMPEST
1977-10-30,1977.0,0.0,SIMPEST
1977-10-31,1977.0,0.0,SIMPEST
1977-11-01,1977.0,0.0,SIMPEST
1977-11-02,1977.0,0.0,SIMPEST
1977-11-03,1977.0,0.0,SIMPEST
1977-11-04,1977.0,0.0,SIMPEST
1977-11-05,1977.0,0.0,SIMPEST
1977-11-06,1977.0,0.0,SIMPEST
1977-11-07,1977.0,0.0,SIMPEST
1977-11-08,1977.0,0.0,SIMPEST
1977-11-09,1977.0,0.0,SIMPEST
1977-11-10,1977.0,0.0,SIMPEST
1977-11-11,1977.0,0.0,SIMPEST
1977-11-12,1977.0,0.0,SIMPEST
1977-11-13,1977.0,0.0,SIMPEST
1977-11-14,1977.0,0.0,SIMPEST
1977-11-15,1977.0,0.0,SIMPEST
1977-11-16,1977.0,0.0,SIMPEST
1977-11-17,1977.0,0.0,SIMPEST
1977-11-18,1977.0,0.0,SIMPEST
1977-11-19,1977.0,0.0,SIMPEST
1977-11-20,1977.0,0.0,SIMPEST
1977-11-21,1977.0,0.0,SIMPEST
1977-11-22,1977.0,0.0,SIMPEST
1977-11-23,1977.0,0.0,SIMPEST
1977-11-24,1977.0,0.0,SIMPEST
1977-11-25,1977.0,0.0,SIMPEST
1977-11-26,1977.0,0.0,SIMPEST
1977-11-27,1977.0,0.0,SIMPEST
1977-11-28,1977.0,0.0,SIMPEST
1977-11-29,1977.0,0.0,SIMPEST
1977-11-30,1977.0,0.0,SIMPEST
1977-12-01,1977.0,0.0,SIMPEST
1977-12-02,1977.0,0.0,SIMPEST
1977-12-03,1977.0,0.0,SIMPEST
1977-12-04,1977.0,0.0,SIMPEST
1977-12-05,1977.0,0.0,SIMPEST
1977-12-06,1977.0,0.0,SIMPEST
1977-12-07,1977.0,0.0,SIMPEST
1977-12-08,1977.0,0.0,SIMPEST
1977-12-09,1977.0,0.0,SIMPEST
1977-12-10,1977.0,0.0,SIMPEST
1977-12-11,1977.0,0.0,SIMPEST
1977-12-12,1977.0,0.0,SIMPEST
1977-12-13,1977.0,0.0,SIMPEST
1977-12-14,1977.0,0.0,SIMPEST
1977-12-15,1977.0,0.0,SIMPEST
1977-12-16,1977.0,0.0,SIMPEST
1977-12-17,1977.0,0.0,SIMPEST
1977-12-18,1977.0,0.0,SIMPEST
1977-12-19,1977.0,0.0,SIMPEST
1977-12-20,1977.0,0.0,SIMPEST
1977-12-21,1977.0,0.0,SIMPEST
1977-12-22,1977.0,0.0,SIMPEST
1977-12-23,1977.0,0.0,SIMPEST
1977-12-24,1977.0,0.0,SIMPEST
1977-12-25,1977.0,0.0,SIMPEST
1977-12-26,1977.0,0.0,SIMPEST
1977-12-27,1977.0,0.0,SIMPEST
1977-12-28,1977.0,0.0,SIMPEST
1977-12-29,1977.0,0.0,SIMPEST
1977-12-30,1977.0,0.0,SIMPEST
1977-12-31,1977.0,0.0,SIMPEST
1978-01-01,1978.0,0.0,SIMPEST
1978-01-02,1978.0,0.0,SIMPEST
1978-01-03,1978.0,0.0,SIMPEST
1978-01-04,1978.0,0.0,SIMPEST
1978-01-05,1978.0,0.0,SIMPEST
1978-01-06,1978.0,0.0,SIMPEST
1978-01-07,1978.0,0.0,SIMPEST
1978-01-08,1978.0,0.0,SIMPEST
1978-01-09,1978.0,0.0,SIMPEST
1978-01-10,1978.0,0.0,SIMPEST
1978-01-11,1978.0,0.0,SIMPEST
1978-01-12,1978.0,0.0,SIMPEST
1978-01-13,1978.0,0.0,SIMPEST
1978-01-14,1978.0,0.0,SIMPEST
1978-01-15,1978.0,0.0,SIMPEST
1978-01-16,1978.0,0.0,SIMPEST
1978-01-17,1978.0,0.0,SIMPEST
1978-01-18,1978.0,0.0,SIMPEST
1978-01-19,1978.0,0.0,SIMPEST
1978-01-20,1978.0,0.0,SIMPEST
1978-01-21,1978.0,0.0,SIMPEST
1978-01-22,1978.0,0.0,SIMPEST
1978-01-23,1978.0,0.0,SIMPEST
1978-01-24,1978.0,0.0,SIMPEST
1978-01-25,1978.0,0.0,SIMPEST
1978-01-26,1978.0,0.0,SIMPEST
1978-01-27,1978.0,0.0,SIMPEST
1978-01-28,1978.0,0.0,SIMPEST
1978-01-29,1978.0,0.0,SIMPEST
1978-01-30,1978.0,0.0,SIMPEST
1978-01-31,1978.0,0.0,SIMPEST
1978-02-01,1978.0,0.0,SIMPEST
1978-02-02,1978.0,0.0,SIMPEST
1978-02-03,1978.0,0.0,SIMPEST
1978-02-04,1978.0,0.0,SIMPEST
1978-02-05,1978.0,0.0,SIMPEST
1978-02-06,1978.0,0.0,SIMPEST
1978-02-07,1978.0,0.0,SIMPEST
1978-02-08,1978.0,0.0,SIMPEST
1978-02-09,1978.0,0.0,SIMPEST
1978-02-10,1978.0,0.0,SIMPEST
1978-02-11,1978.0,0.0,SIMPEST
1978-02-12,1978.0,0.0,SIMPEST
1978-02-13,1978.0,0.0,SIMPEST
1978-02-14,1978.0,0.0,SIMPEST
1978-02-15,1978.0,0.0,SIMPEST
1978-02-16,1978.0,0.0,SIMPEST
1978-02-17,1978.0,0.0,SIMPEST
1978-02-18,1978.0,0.0,SIMPEST
1978-02-19,1978.0,0.0,SIMPEST
1978-02-20,1978.0,0.0,SIMPEST
1978-02-21,1978.0,0.0,SIMPEST
1978-02-22,1978.0,0.0,SIMPEST
1978-02-23,1978.0,0.0,SIMPEST
1978-02-24,1978.0,0.0,SIMPEST
1978-02-25,1978.0,0.0,SIMPEST
1978-02-26,1978.0,0.0,SIMPEST
1978-02-27,1978.0,0.0,SIMPEST
1978-02-28,1978.0,0.0,SIMPEST
1978-03-01,1978.0,0.0,SIMPEST
1978-03-02,1978.0,0.0,SIMPEST
1978-03-03,1978.0,0.0,SIMPEST
1978-03-04,1978.0,0.0,SIMPEST
1978-03-05,1978.0,0.0,SIMPEST
1978-03-06,1978.0,0.0,SIMPEST
1978-03-07,1978.0,0.0,SIMPEST
1978-03-08,1978.0,0.0,SIMPEST
1978-03-09,1978.0,0.0,SIMPEST
1978-03-10,1978.0,0.0,SIMPEST
1978-03-11,1978.0,0.0,SIMPEST
1978-03-12,1978.0,0.0,SIMPEST
1978-03-13,1978.0,0.0,SIMPEST
1978-03-14,1978.0,0.0,SIMPEST
1978-03-15,1978.0,0.0,SIMPEST
1978-03-16,1978.0,0.0,SIMPEST
1978-03-17,1978.0,0.0,SIMPEST
1978-03-18,1978.0,0.0,SIMPEST
1978-03-19,1978.0,0.0,SIMPEST
1978-03-20,1978.0,0.0,SIMPEST
1978-03-21,1978.0,0.0,SIMPEST
1978-03-22,1978.0,0.0,SIMPEST
1978-03-23,1978.0,0.0,SIMPEST
1978-03-24,1978.0,0.0,SIMPEST
1978-03-25,1978.0,0.0,SIMPEST
1978-03-26,1978.0,0.0,SIMPEST
1978-03-27,1978.0,0.0,SIMPEST
1978-03-28,1978.0,0.0,SIMPEST
1978-03-29,1978.0,0.0,SIMPEST
1978-03-30,1978.0,0.0,SIMPEST
1978-03-31,1978.0,0.0,SIMPEST
1978-04-01,1978.0,0.0,SIMPEST
1978-04-02,1978.0,0.0,SIMPEST
1978-04-03,1978.0,0.0,SIMPEST
1978-04-04,1978.0,0.0,SIMPEST
1978-04-05,1978.0,0.0,SIMPEST
1978-04-06,1978.0,0.0,SIMPEST
1978-04-07,1978.0,0.0,SIMPEST
1978-04-08,1978.0,0.0,SIMPEST
1978-04-09,1978.0,0.0,SIMPEST
1978-04-10,1978.0,0.0,SIMPEST
1978-04-11,1978.0,0.0,SIMPEST
1978-04-12,1978.0,0.0,SIMPEST
1978-04-13,1978.0,0.0,SIMPEST
1978-04-14,1978.0,0.0,SIMPEST
1978-04-15,1978.0,0.0,SIMPEST
1978-04-16,1978.0,0.0,SIMPEST
1978-04-17,1978.0,0.0,SIMPEST
1978-04-18,1978.0,0.0,SIMPEST
1978-04-19,1978.0,0.0,SIMPEST
1978-04-20,1978.0,0.0,SIMPEST
1978-04-21,1978.0,0.0,SIMPEST
1978-04-22,1978.0,0.0,SIMPEST
1978-04-23,1978.0,0.0,SIMPEST
1978-04-24,1978.0,0.0,SIMPEST
1978-04-25,1978.0,0.0,SIMPEST
1978-04-26,1978.0,0.0,SIMPEST
1978-04-27,1978.0,0.0,SIMPEST
1978-04-28,1978.0,0.0,SIMPEST
1978-04-29,1978.0,0.0,SIMPEST
1978-04-30,1978.0,0.0,SIMPEST
1978-05-01,1978.0,0.0,SIMPEST
1978-05-02,1978.0,0.0,SIMPEST
1978-05-03,1978.0,0.0,SIMPEST
1978-05-04,1978.0,0.0,SIMPEST
1978-05-05,1978.0,0.0,SIMPEST
1978-05-06,1978.0,0.0,SIMPEST
1978-05-07,1978.0,0.0,SIMPEST
1978-05-08,1978.0,0.0,SIMPEST
1978-05-09,1978.0,0.0,SIMPEST
1978-05-10,1978.0,0.0,SIMPEST
1978-05-11,1978.0,0.0,SIMPEST
1978-05-12,1978.0,0.0,SIMPEST
1978-05-13,1978.0,0.0,SIMPEST
1978-05-14,1978.0,0.0,SIMPEST
1978-05-15,1978.0,0.0,SIMPEST
1978-05-16,1978.0,0.0,SIMPEST
1978-05-17,1978.0,0.0,SIMPEST
1978-05-18,1978.0,0.0,SIMPEST
1978-05-19,1978.0,0.0,SIMPEST
1978-05-20,1978.0,0.0,SIMPEST
1978-05-21,1978.0,0.0,SIMPEST
1978-05-22,1978.0,0.0,SIMPEST
1978-05-23,1978.0,0.0,SIMPEST
1978-05-24,1978.0,0.0,SIMPEST
1978-05-25,1978.0,0.0,SIMPEST
1978-05-26,1978.0,0.0,SIMPEST
1978-05-27,1978.0,0.0,SIMPEST
1978-05-28,1978.0,0.94250824231162,SIMPEST
1978-05-29,1978.0,0.9466490566257001,SIMPEST
1978-05-30,1978.0,0.9510474147118401,SIMPEST
1978-05-31,1978.0,0.95559362669044,SIMPEST
1978-06-01,1978.0,7.28485332518396,SIMPEST
1978-06-02,1978.0,16.12552180542419,SIMPEST
1978-06-03,1978.0,20.700585155980388,SIMPEST
1978-06-04,1978.0,20.700585155980388,SIMPEST
1978-06-05,1978.0,20.700585155980388,SIMPEST
1978-06-06,1978.0,20.700585155980388,SIMPEST
1978-06-07,1978.0,31.39497744603267,SIMPEST
1978-06-08,1978.0,31.39497744603267,SIMPEST
1978-06-09,1978.0,39.63766712817553,SIMPEST
1978-06-10,1978.0,39.63766712817553,SIMPEST
1978-06-11,1978.0,39.63766712817553,SIMPEST
1978-06-12,1978.0,39.63766712817553,SIMPEST
1978-06-13,1978.0,39.63766712817553,SIMPEST
1978-06-14,1978.0,39.63766712817553,SIMPEST
1978-06-15,1978.0,39.63766712817553,SIMPEST
1978-06-16,1978.0,39.63766712817553,SIMPEST
1978-06-17,1978.0,46.43788583754145,SIMPEST
1978-06-18,1978.0,46.43788583754145,SIMPEST
1978-06-19,1978.0,46.43804320525063,SIMPEST
1978-06-20,1978.0,53.879386339009216,SIMPEST
1978-06-21,1978.0,53.879386339009216,SIMPEST
1978-06-22,1978.0,53.879386339009216,SIMPEST
1978-06-23,1978.0,53.879386339009216,SIMPEST
1978-06-24,1978.0,53.879386339009216,SIMPEST
1978-06-25,1978.0,60.11765314345197,SIMPEST
1978-06-26,1978.0,60.11765314345197,SIMPEST
1978-06-27,1978.0,60.11765314345197,SIMPEST
1978-06-28,1978.0,60.11765314345197,SIMPEST
1978-06-29,1978.0,64.91129588595807,SIMPEST
1978-06-30,1978.0,64.91129588595805,SIMPEST
1978-07-01,1978.0,64.91129588595805,SIMPEST
1978-07-02,1978.0,64.91129588595805,SIMPEST
1978-07-03,1978.0,64.91129588595805,SIMPEST
1978-07-04,1978.0,67.05642906485056,SIMPEST
1978-07-05,1978.0,67.05642906485056,SIMPEST
1978-07-06,1978.0,67.05642906485056,SIMPEST
1978-07-07,1978.0,67.50577642793372,SIMPEST
1978-07-08,1978.0,67.50577642793372,SIMPEST
1978-07-09,1978.0,67.50577642793372,SIMPEST
1978-07-10,1978.0,67.50577642793372,SIMPEST
1978-07-11,1978.0,67.54205849988706,SIMPEST
1978-07-12,1978.0,67.57970767348074,SIMPEST
1978-07-13,1978.0,67.60623993604239,SIMPEST
1978-07-14,1978.0,67.60623993604239,SIMPEST
1978-07-15,1978.0,67.60885838480132,SIMPEST
1978-07-16,1978.0,67.60885838480132,SIMPEST
1978-07-17,1978.0,67.61918293697481,SIMPEST
1978-07-18,1978.0,67.6268617574124,SIMPEST
1978-07-19,1978.0,67.62689699609267,SIMPEST
1978-07-20,1978.0,67.62689699609267,SIMPEST
1978-07-21,1978.0,67.62689699609267,SIMPEST
1978-07-22,1978.0,67.62689699609267,SIMPEST
1978-07-23,1978.0,67.62689699609267,SIMPEST
1978-07-24,1978.0,67.62689699609267,SIMPEST
1978-07-25,1978.0,67.62689699609267,SIMPEST
1978-07-26,1978.0,67.62689699609267,SIMPEST
1978-07-27,1978.0,67.62689699609267,SIMPEST
1978-07-28,1978.0,67.62689699609267,SIMPEST
1978-07-29,1978.0,67.62689699609267,SIMPEST
1978-07-30,1978.0,67.62689699609267,SIMPEST
1978-07-31,1978.0,67.62689699609267,SIMPEST
1978-09-28,1978.0,0.0,SIMPEST
1978-09-29,1978.0,0.0,SIMPEST
1978-09-30,1978.0,0.0,SIMPEST
1978-10-01,1978.0,0.0,SIMPEST
1978-10-02,1978.0,0.0,SIMPEST
1978-10-03,1978.0,0.0,SIMPEST
1978-10-04,1978.0,0.0,SIMPEST
1978-10-05,1978.0,0.0,SIMPEST
1978-10-06,1978.0,0.0,SIMPEST
1978-10-07,1978.0,0.0,SIMPEST
1978-10-08,1978.0,0.0,SIMPEST
1978-10-09,1978.0,0.0,SIMPEST
1978-10-10,1978.0,0.0,SIMPEST
1978-10-11,1978.0,0.0,SIMPEST
1978-10-12,1978.0,0.0,SIMPEST
1978-10-13,1978.0,0.0,SIMPEST
1978-10-14,1978.0,0.0,SIMPEST
1978-10-15,1978.0,0.0,SIMPEST
1978-10-16,1978.0,0.0,SIMPEST
1978-10-17,1978.0,0.0,SIMPEST
1978-10-18,1978.0,0.0,SIMPEST
1978-10-19,1978.0,0.0,SIMPEST
1978-10-20,1978.0,0.0,SIMPEST
1978-10-21,1978.0,0.0,SIMPEST
1978-10-22,1978.0,0.0,SIMPEST
1978-10-23,1978.0,0.0,SIMPEST
1978-10-24,1978.0,0.0,SIMPEST
1978-10-25,1978.0,0.0,SIMPEST
1978-10-26,1978.0,0.0,SIMPEST
1978-10-27,1978.0,0.0,SIMPEST
1978-10-28,1978.0,0.0,SIMPEST
1978-10-29,1978.0,0.0,SIMPEST
1978-10-30,1978.0,0.0,SIMPEST
1978-10-31,1978.0,0.0,SIMPEST
1978-11-01,1978.0,0.0,SIMPEST
1978-11-02,1978.0,0.0,SIMPEST
1978-11-03,1978.0,0.0,SIMPEST
1978-11-04,1978.0,0.0,SIMPEST
1978-11-05,1978.0,0.0,SIMPEST
1978-11-06,1978.0,0.0,SIMPEST
1978-11-07,1978.0,0.0,SIMPEST
1978-11-08,1978.0,0.0,SIMPEST
1978-11-09,1978.0,0.0,SIMPEST
1978-11-10,1978.0,0.0,SIMPEST
1978-11-11,1978.0,0.0,SIMPEST
1978-11-12,1978.0,0.0,SIMPEST
1978-11-13,1978.0,0.0,SIMPEST
1978-11-14,1978.0,0.0,SIMPEST
1978-11-15,1978.0,0.0,SIMPEST
1978-11-16,1978.0,0.0,SIMPEST
1978-11-17,1978.0,0.0,SIMPEST
1978-11-18,1978.0,0.0,SIMPEST
1978-11-19,1978.0,0.0,SIMPEST
1978-11-20,1978.0,0.0,SIMPEST
1978-11-21,1978.0,0.0,SIMPEST
1978-11-22,1978.0,0.0,SIMPEST
1978-11-23,1978.0,0.0,SIMPEST
1978-11-24,1978.0,0.0,SIMPEST
1978-11-25,1978.0,0.0,SIMPEST
1978-11-26,1978.0,0.0,SIMPEST
1978-11-27,1978.0,0.0,SIMPEST
1978-11-28,1978.0,0.0,SIMPEST
1978-11-29,1978.0,0.0,SIMPEST
1978-11-30,1978.0,0.0,SIMPEST
1978-12-01,1978.0,0.0,SIMPEST
1978-12-02,1978.0,0.0,SIMPEST
1978-12-03,1978.0,0.0,SIMPEST
1978-12-04,1978.0,0.0,SIMPEST
1978-12-05,1978.0,0.0,SIMPEST
1978-12-06,1978.0,0.0,SIMPEST
1978-12-07,1978.0,0.0,SIMPEST
1978-12-08,1978.0,0.0,SIMPEST
1978-12-09,1978.0,0.0,SIMPEST
1978-12-10,1978.0,0.0,SIMPEST
1978-12-11,1978.0,0.0,SIMPEST
1978-12-12,1978.0,0.0,SIMPEST
1978-12-13,1978.0,0.0,SIMPEST
1978-12-14,1978.0,0.0,SIMPEST
1978-12-15,1978.0,0.0,SIMPEST
1978-12-16,1978.0,0.0,SIMPEST
1978-12-17,1978.0,0.0,SIMPEST
1978-12-18,1978.0,0.0,SIMPEST
1978-12-19,1978.0,0.0,SIMPEST
1978-12-20,1978.0,0.0,SIMPEST
1978-12-21,1978.0,0.0,SIMPEST
1978-12-22,1978.0,0.0,SIMPEST
1978-12-23,1978.0,0.0,SIMPEST
1978-12-24,1978.0,0.0,SIMPEST
1978-12-25,1978.0,0.0,SIMPEST
1978-12-26,1978.0,0.0,SIMPEST
1978-12-27,1978.0,0.0,SIMPEST
1978-12-28,1978.0,0.0,SIMPEST
1978-12-29,1978.0,0.0,SIMPEST
1978-12-30,1978.0,0.0,SIMPEST
1978-12-31,1978.0,0.0,SIMPEST
1979-01-01,1979.0,0.0,SIMPEST
1979-01-02,1979.0,0.0,SIMPEST
1979-01-03,1979.0,0.0,SIMPEST
1979-01-04,1979.0,0.0,SIMPEST
1979-01-05,1979.0,0.0,SIMPEST
1979-01-06,1979.0,0.0,SIMPEST
1979-01-07,1979.0,0.0,SIMPEST
1979-01-08,1979.0,0.0,SIMPEST
1979-01-09,1979.0,0.0,SIMPEST
1979-01-10,1979.0,0.0,SIMPEST
1979-01-11,1979.0,0.0,SIMPEST
1979-01-12,1979.0,0.0,SIMPEST
1979-01-13,1979.0,0.0,SIMPEST
1979-01-14,1979.0,0.0,SIMPEST
1979-01-15,1979.0,0.0,SIMPEST
1979-01-16,1979.0,0.0,SIMPEST
1979-01-17,1979.0,0.0,SIMPEST
1979-01-18,1979.0,0.0,SIMPEST
1979-01-19,1979.0,0.0,SIMPEST
1979-01-20,1979.0,0.0,SIMPEST
1979-01-21,1979.0,0.0,SIMPEST
1979-01-22,1979.0,0.0,SIMPEST
1979-01-23,1979.0,0.0,SIMPEST
1979-01-24,1979.0,0.0,SIMPEST
1979-01-25,1979.0,0.0,SIMPEST
1979-01-26,1979.0,0.0,SIMPEST
1979-01-27,1979.0,0.0,SIMPEST
1979-01-28,1979.0,0.0,SIMPEST
1979-01-29,1979.0,0.0,SIMPEST
1979-01-30,1979.0,0.0,SIMPEST
1979-01-31,1979.0,0.0,SIMPEST
1979-02-01,1979.0,0.0,SIMPEST
1979-02-02,1979.0,0.0,SIMPEST
1979-02-03,1979.0,0.0,SIMPEST
1979-02-04,1979.0,0.0,SIMPEST
1979-02-05,1979.0,0.0,SIMPEST
1979-02-06,1979.0,0.0,SIMPEST
1979-02-07,1979.0,0.0,SIMPEST
1979-02-08,1979.0,0.0,SIMPEST
1979-02-09,1979.0,0.0,SIMPEST
1979-02-10,1979.0,0.0,SIMPEST
1979-02-11,1979.0,0.0,SIMPEST
1979-02-12,1979.0,0.0,SIMPEST
1979-02-13,1979.0,0.0,SIMPEST
1979-02-14,1979.0,0.0,SIMPEST
1979-02-15,1979.0,0.0,SIMPEST
1979-02-16,1979.0,0.0,SIMPEST
1979-02-17,1979.0,0.0,SIMPEST
1979-02-18,1979.0,0.0,SIMPEST
1979-02-19,1979.0,0.0,SIMPEST
1979-02-20,1979.0,0.0,SIMPEST
1979-02-21,1979.0,0.0,SIMPEST
1979-02-22,1979.0,0.0,SIMPEST
1979-02-23,1979.0,0.0,SIMPEST
1979-02-24,1979.0,0.0,SIMPEST
1979-02-25,1979.0,0.0,SIMPEST
1979-02-26,1979.0,0.0,SIMPEST
1979-02-27,1979.0,0.0,SIMPEST
1979-02-28,1979.0,0.0,SIMPEST
1979-03-01,1979.0,0.0,SIMPEST
1979-03-02,1979.0,0.0,SIMPEST
1979-03-03,1979.0,0.0,SIMPEST
1979-03-04,1979.0,0.0,SIMPEST
1979-03-05,1979.0,0.0,SIMPEST
1979-03-06,1979.0,0.0,SIMPEST
1979-03-07,1979.0,0.0,SIMPEST
1979-03-08,1979.0,0.0,SIMPEST
1979-03-09,1979.0,0.0,SIMPEST
1979-03-10,1979.0,0.0,SIMPEST
1979-03-11,1979.0,0.0,SIMPEST
1979-03-12,1979.0,0.0,SIMPEST
1979-03-13,1979.0,0.0,SIMPEST
1979-03-14,1979.0,0.0,SIMPEST
1979-03-15,1979.0,0.0,SIMPEST
1979-03-16,1979.0,0.0,SIMPEST
1979-03-17,1979.0,0.0,SIMPEST
1979-03-18,1979.0,0.0,SIMPEST
1979-03-19,1979.0,0.0,SIMPEST
1979-03-20,1979.0,0.0,SIMPEST
1979-03-21,1979.0,0.0,SIMPEST
1979-03-22,1979.0,0.0,SIMPEST
1979-03-23,1979.0,0.0,SIMPEST
1979-03-24,1979.0,0.0,SIMPEST
1979-03-25,1979.0,0.0,SIMPEST
1979-03-26,1979.0,0.0,SIMPEST
1979-03-27,1979.0,0.0,SIMPEST
1979-03-28,1979.0,0.0,SIMPEST
1979-03-29,1979.0,0.0,SIMPEST
1979-03-30,1979.0,0.0,SIMPEST
1979-03-31,1979.0,0.0,SIMPEST
1979-04-01,1979.0,0.0,SIMPEST
1979-04-02,1979.0,0.0,SIMPEST
1979-04-03,1979.0,0.0,SIMPEST
1979-04-04,1979.0,0.0,SIMPEST
1979-04-05,1979.0,0.0,SIMPEST
1979-04-06,1979.0,0.0,SIMPEST
1979-04-07,1979.0,0.0,SIMPEST
1979-04-08,1979.0,0.0,SIMPEST
1979-04-09,1979.0,0.0,SIMPEST
1979-04-10,1979.0,0.0,SIMPEST
1979-04-11,1979.0,0.0,SIMPEST
1979-04-12,1979.0,0.0,SIMPEST
1979-04-13,1979.0,0.0,SIMPEST
1979-04-14,1979.0,0.0,SIMPEST
1979-04-15,1979.0,0.0,SIMPEST
1979-04-16,1979.0,0.0,SIMPEST
1979-04-17,1979.0,0.0,SIMPEST
1979-04-18,1979.0,0.0,SIMPEST
1979-04-19,1979.0,0.0,SIMPEST
1979-04-20,1979.0,0.0,SIMPEST
1979-04-21,1979.0,0.0,SIMPEST
1979-04-22,1979.0,0.0,SIMPEST
1979-04-23,1979.0,0.0,SIMPEST
1979-04-24,1979.0,0.0,SIMPEST
1979-04-25,1979.0,0.0,SIMPEST
1979-04-26,1979.0,0.0,SIMPEST
1979-04-27,1979.0,0.0,SIMPEST
1979-04-28,1979.0,0.0,SIMPEST
1979-04-29,1979.0,0.0,SIMPEST
1979-04-30,1979.0,0.0,SIMPEST
1979-05-01,1979.0,0.0,SIMPEST
1979-05-02,1979.0,0.0,SIMPEST
1979-05-03,1979.0,0.0,SIMPEST
1979-05-04,1979.0,0.0,SIMPEST
1979-05-05,1979.0,0.0,SIMPEST
1979-05-06,1979.0,0.0,SIMPEST
1979-05-07,1979.0,0.0,SIMPEST
1979-05-08,1979.0,0.0,SIMPEST
1979-05-09,1979.0,0.0,SIMPEST
1979-05-10,1979.0,0.0,SIMPEST
1979-05-11,1979.0,0.0,SIMPEST
1979-05-12,1979.0,0.0,SIMPEST
1979-05-13,1979.0,1.3760944612944,SIMPEST
1979-05-14,1979.0,1.38018793472599,SIMPEST
1979-05-15,1979.0,3.0985135667827497,SIMPEST
1979-05-16,1979.0,5.45432756831807,SIMPEST
1979-05-17,1979.0,5.47340675775516,SIMPEST
1979-05-18,1979.0,9.671172877313861,SIMPEST
1979-05-19,1979.0,9.71708515711607,SIMPEST
1979-05-20,1979.0,9.76029595348953,SIMPEST
1979-05-21,1979.0,13.84623618332389,SIMPEST
1979-05-22,1979.0,13.84623618332389,SIMPEST
1979-05-23,1979.0,19.96800527294097,SIMPEST
1979-05-24,1979.0,19.96800527294097,SIMPEST
1979-05-25,1979.0,19.96800527294097,SIMPEST
1979-05-26,1979.0,28.33370764387239,SIMPEST
1979-05-27,1979.0,28.33370764387239,SIMPEST
1979-05-28,1979.0,33.25585784403985,SIMPEST
1979-05-29,1979.0,38.64700375499872,SIMPEST
1979-05-30,1979.0,38.64700375499872,SIMPEST
1979-05-31,1979.0,38.64700375499872,SIMPEST
1979-06-01,1979.0,38.64700375499872,SIMPEST
1979-06-02,1979.0,38.64700375499872,SIMPEST
1979-06-03,1979.0,38.64700375499872,SIMPEST
1979-06-04,1979.0,45.55639024511163,SIMPEST
1979-06-05,1979.0,50.448697937094224,SIMPEST
1979-06-06,1979.0,50.448777271426614,SIMPEST
1979-06-07,1979.0,50.448777271426614,SIMPEST
1979-06-08,1979.0,50.448777271426614,SIMPEST
1979-06-09,1979.0,50.448777271426614,SIMPEST
1979-06-10,1979.0,50.448777271426614,SIMPEST
1979-06-11,1979.0,50.448777271426614,SIMPEST
1979-06-12,1979.0,50.451721057807674,SIMPEST
1979-06-13,1979.0,50.45276774733567,SIMPEST
1979-06-14,1979.0,50.45276774733567,SIMPEST
1979-06-15,1979.0,50.45276774733567,SIMPEST
1979-06-16,1979.0,50.45276774733567,SIMPEST
1979-06-17,1979.0,54.144313956575594,SIMPEST
1979-06-18,1979.0,54.14431395657559,SIMPEST
1979-06-19,1979.0,54.144313956575594,SIMPEST
1979-06-20,1979.0,54.144313956575594,SIMPEST
1979-06-21,1979.0,54.15678056202135,SIMPEST
1979-06-22,1979.0,57.11911910401894,SIMPEST
1979-06-23,1979.0,59.573812169071715,SIMPEST
1979-06-24,1979.0,59.573812169071715,SIMPEST
1979-06-25,1979.0,59.573812169071715,SIMPEST
1979-06-26,1979.0,59.5814381011011,SIMPEST
1979-06-27,1979.0,59.5814381011011,SIMPEST
1979-06-28,1979.0,59.5814381011011,SIMPEST
1979-06-29,1979.0,59.5814381011011,SIMPEST
1979-06-30,1979.0,59.586682209780804,SIMPEST
1979-07-01,1979.0,59.586682209780804,SIMPEST
1979-07-02,1979.0,59.586682209780804,SIMPEST
1979-07-03,1979.0,59.586682209780804,SIMPEST
1979-07-04,1979.0,59.590734307234925,SIMPEST
1979-07-05,1979.0,59.6124674711511,SIMPEST
1979-07-06,1979.0,59.63664684244057,SIMPEST
1979-07-07,1979.0,59.65139616569171,SIMPEST
1979-07-08,1979.0,59.67337679542225,SIMPEST
1979-07-09,1979.0,59.67337679542225,SIMPEST
1979-07-10,1979.0,59.67337679542225,SIMPEST
1979-07-11,1979.0,59.67337679542225,SIMPEST
1979-07-12,1979.0,59.67337679542225,SIMPEST
1979-07-13,1979.0,59.67337679542225,SIMPEST
1979-07-14,1979.0,59.67337679542225,SIMPEST
1979-07-15,1979.0,59.67337679542225,SIMPEST
1979-07-16,1979.0,59.67337679542225,SIMPEST
1979-07-17,1979.0,59.67337679542225,SIMPEST
1979-07-18,1979.0,59.67337679542225,SIMPEST
1979-07-19,1979.0,59.67337679542225,SIMPEST
1979-07-20,1979.0,59.673376795422264,SIMPEST
1979-10-05,1979.0,0.0,SIMPEST
1979-10-06,1979.0,0.0,SIMPEST
1979-10-07,1979.0,0.0,SIMPEST
1979-10-08,1979.0,0.0,SIMPEST
1979-10-09,1979.0,0.0,SIMPEST
1979-10-10,1979.0,0.0,SIMPEST
1979-10-11,1979.0,0.0,SIMPEST
1979-10-12,1979.0,0.0,SIMPEST
1979-10-13,1979.0,0.0,SIMPEST
1979-10-14,1979.0,0.0,SIMPEST
1979-10-15,1979.0,0.0,SIMPEST
1979-10-16,1979.0,0.0,SIMPEST
1979-10-17,1979.0,0.0,SIMPEST
1979-10-18,1979.0,0.0,SIMPEST
1979-10-19,1979.0,0.0,SIMPEST
1979-10-20,1979.0,0.0,SIMPEST
1979-10-21,1979.0,0.0,SIMPEST
1979-10-22,1979.0,0.0,SIMPEST
1979-10-23,1979.0,0.0,SIMPEST
1979-10-24,1979.0,0.0,SIMPEST
1979-10-25,1979.0,0.0,SIMPEST
1979-10-26,1979.0,0.0,SIMPEST
1979-10-27,1979.0,0.0,SIMPEST
1979-10-28,1979.0,0.0,SIMPEST
1979-10-29,1979.0,0.0,SIMPEST
1979-10-30,1979.0,0.0,SIMPEST
1979-10-31,1979.0,0.0,SIMPEST
1979-11-01,1979.0,0.0,SIMPEST
1979-11-02,1979.0,0.0,SIMPEST
1979-11-03,1979.0,0.0,SIMPEST
1979-11-04,1979.0,0.0,SIMPEST
1979-11-05,1979.0,0.0,SIMPEST
1979-11-06,1979.0,0.0,SIMPEST
1979-11-07,1979.0,0.0,SIMPEST
1979-11-08,1979.0,0.0,SIMPEST
1979-11-09,1979.0,0.0,SIMPEST
1979-11-10,1979.0,0.0,SIMPEST
1979-11-11,1979.0,0.0,SIMPEST
1979-11-12,1979.0,0.0,SIMPEST
1979-11-13,1979.0,0.0,SIMPEST
1979-11-14,1979.0,0.0,SIMPEST
1979-11-15,1979.0,0.0,SIMPEST
1979-11-16,1979.0,0.0,SIMPEST
1979-11-17,1979.0,0.0,SIMPEST
1979-11-18,1979.0,0.0,SIMPEST
1979-11-19,1979.0,0.0,SIMPEST
1979-11-20,1979.0,0.0,SIMPEST
1979-11-21,1979.0,0.0,SIMPEST
1979-11-22,1979.0,0.0,SIMPEST
1979-11-23,1979.0,0.0,SIMPEST
1979-11-24,1979.0,0.0,SIMPEST
1979-11-25,1979.0,0.0,SIMPEST
1979-11-26,1979.0,0.0,SIMPEST
1979-11-27,1979.0,0.0,SIMPEST
1979-11-28,1979.0,0.0,SIMPEST
1979-11-29,1979.0,0.0,SIMPEST
1979-11-30,1979.0,0.0,SIMPEST
1979-12-01,1979.0,0.0,SIMPEST
1979-12-02,1979.0,0.0,SIMPEST
1979-12-03,1979.0,0.0,SIMPEST
1979-12-04,1979.0,0.0,SIMPEST
1979-12-05,1979.0,0.0,SIMPEST
1979-12-06,1979.0,0.0,SIMPEST
1979-12-07,1979.0,0.0,SIMPEST
1979-12-08,1979.0,0.0,SIMPEST
1979-12-09,1979.0,0.0,SIMPEST
1979-12-10,1979.0,0.0,SIMPEST
1979-12-11,1979.0,0.0,SIMPEST
1979-12-12,1979.0,0.0,SIMPEST
1979-12-13,1979.0,0.0,SIMPEST
1979-12-14,1979.0,0.0,SIMPEST
1979-12-15,1979.0,0.0,SIMPEST
1979-12-16,1979.0,0.0,SIMPEST
1979-12-17,1979.0,0.0,SIMPEST
1979-12-18,1979.0,0.0,SIMPEST
1979-12-19,1979.0,0.0,SIMPEST
1979-12-20,1979.0,0.0,SIMPEST
1979-12-21,1979.0,0.0,SIMPEST
1979-12-22,1979.0,0.0,SIMPEST
1979-12-23,1979.0,0.0,SIMPEST
1979-12-24,1979.0,0.0,SIMPEST
1979-12-25,1979.0,0.0,SIMPEST
1979-12-26,1979.0,0.0,SIMPEST
1979-12-27,1979.0,0.0,SIMPEST
1979-12-28,1979.0,0.0,SIMPEST
1979-12-29,1979.0,0.0,SIMPEST
1979-12-30,1979.0,0.0,SIMPEST
1979-12-31,1979.0,0.0,SIMPEST
1980-01-01,1980.0,0.0,SIMPEST
1980-01-02,1980.0,0.0,SIMPEST
1980-01-03,1980.0,0.0,SIMPEST
1980-01-04,1980.0,0.0,SIMPEST
1980-01-05,1980.0,0.0,SIMPEST
1980-01-06,1980.0,0.0,SIMPEST
1980-01-07,1980.0,0.0,SIMPEST
1980-01-08,1980.0,0.0,SIMPEST
1980-01-09,1980.0,0.0,SIMPEST
1980-01-10,1980.0,0.0,SIMPEST
1980-01-11,1980.0,0.0,SIMPEST
1980-01-12,1980.0,0.0,SIMPEST
1980-01-13,1980.0,0.0,SIMPEST
1980-01-14,1980.0,0.0,SIMPEST
1980-01-15,1980.0,0.0,SIMPEST
1980-01-16,1980.0,0.0,SIMPEST
1980-01-17,1980.0,0.0,SIMPEST
1980-01-18,1980.0,0.0,SIMPEST
1980-01-19,1980.0,0.0,SIMPEST
1980-01-20,1980.0,0.0,SIMPEST
1980-01-21,1980.0,0.0,SIMPEST
1980-01-22,1980.0,0.0,SIMPEST
1980-01-23,1980.0,0.0,SIMPEST
1980-01-24,1980.0,0.0,SIMPEST
1980-01-25,1980.0,0.0,SIMPEST
1980-01-26,1980.0,0.0,SIMPEST
1980-01-27,1980.0,0.0,SIMPEST
1980-01-28,1980.0,0.0,SIMPEST
1980-01-29,1980.0,0.0,SIMPEST
1980-01-30,1980.0,0.0,SIMPEST
1980-01-31,1980.0,0.0,SIMPEST
1980-02-01,1980.0,0.0,SIMPEST
1980-02-02,1980.0,0.0,SIMPEST
1980-02-03,1980.0,0.0,SIMPEST
1980-02-04,1980.0,0.0,SIMPEST
1980-02-05,1980.0,0.0,SIMPEST
1980-02-06,1980.0,0.0,SIMPEST
1980-02-07,1980.0,0.0,SIMPEST
1980-02-08,1980.0,0.0,SIMPEST
1980-02-09,1980.0,0.0,SIMPEST
1980-02-10,1980.0,0.0,SIMPEST
1980-02-11,1980.0,0.0,SIMPEST
1980-02-12,1980.0,0.0,SIMPEST
1980-02-13,1980.0,0.0,SIMPEST
1980-02-14,1980.0,0.0,SIMPEST
1980-02-15,1980.0,0.0,SIMPEST
1980-02-16,1980.0,0.0,SIMPEST
1980-02-17,1980.0,0.0,SIMPEST
1980-02-18,1980.0,0.0,SIMPEST
1980-02-19,1980.0,0.0,SIMPEST
1980-02-20,1980.0,0.0,SIMPEST
1980-02-21,1980.0,0.0,SIMPEST
1980-02-22,1980.0,0.0,SIMPEST
1980-02-23,1980.0,0.0,SIMPEST
1980-02-24,1980.0,0.0,SIMPEST
1980-02-25,1980.0,0.0,SIMPEST
1980-02-26,1980.0,0.0,SIMPEST
1980-02-27,1980.0,0.0,SIMPEST
1980-02-28,1980.0,0.0,SIMPEST
1980-02-29,1980.0,0.0,SIMPEST
1980-03-01,1980.0,0.0,SIMPEST
1980-03-02,1980.0,0.0,SIMPEST
1980-03-03,1980.0,0.0,SIMPEST
1980-03-04,1980.0,0.0,SIMPEST
1980-03-05,1980.0,0.0,SIMPEST
1980-03-06,1980.0,0.0,SIMPEST
1980-03-07,1980.0,0.0,SIMPEST
1980-03-08,1980.0,0.0,SIMPEST
1980-03-09,1980.0,0.0,SIMPEST
1980-03-10,1980.0,0.0,SIMPEST
1980-03-11,1980.0,0.0,SIMPEST
1980-03-12,1980.0,0.0,SIMPEST
1980-03-13,1980.0,0.0,SIMPEST
1980-03-14,1980.0,0.0,SIMPEST
1980-03-15,1980.0,0.0,SIMPEST
1980-03-16,1980.0,0.0,SIMPEST
1980-03-17,1980.0,0.0,SIMPEST
1980-03-18,1980.0,0.0,SIMPEST
1980-03-19,1980.0,0.0,SIMPEST
1980-03-20,1980.0,0.0,SIMPEST
1980-03-21,1980.0,0.0,SIMPEST
1980-03-22,1980.0,0.0,SIMPEST
1980-03-23,1980.0,0.0,SIMPEST
1980-03-24,1980.0,0.0,SIMPEST
1980-03-25,1980.0,0.0,SIMPEST
1980-03-26,1980.0,0.0,SIMPEST
1980-03-27,1980.0,0.0,SIMPEST
1980-03-28,1980.0,0.0,SIMPEST
1980-03-29,1980.0,0.0,SIMPEST
1980-03-30,1980.0,0.0,SIMPEST
1980-03-31,1980.0,0.0,SIMPEST
1980-04-01,1980.0,0.0,SIMPEST
1980-04-02,1980.0,0.0,SIMPEST
1980-04-03,1980.0,0.0,SIMPEST
1980-04-04,1980.0,0.0,SIMPEST
1980-04-05,1980.0,0.0,SIMPEST
1980-04-06,1980.0,0.0,SIMPEST
1980-04-07,1980.0,0.0,SIMPEST
1980-04-08,1980.0,0.0,SIMPEST
1980-04-09,1980.0,0.0,SIMPEST
1980-04-10,1980.0,0.0,SIMPEST
1980-04-11,1980.0,0.0,SIMPEST
1980-04-12,1980.0,0.0,SIMPEST
1980-04-13,1980.0,0.0,SIMPEST
1980-04-14,1980.0,0.0,SIMPEST
1980-04-15,1980.0,0.0,SIMPEST
1980-04-16,1980.0,0.0,SIMPEST
1980-04-17,1980.0,0.0,SIMPEST
1980-04-18,1980.0,0.0,SIMPEST
1980-04-19,1980.0,0.0,SIMPEST
1980-04-20,1980.0,0.0,SIMPEST
1980-04-21,1980.0,0.0,SIMPEST
1980-04-22,1980.0,0.0,SIMPEST
1980-04-23,1980.0,0.0,SIMPEST
1980-04-24,1980.0,0.0,SIMPEST
1980-04-25,1980.0,0.0,SIMPEST
1980-04-26,1980.0,0.0,SIMPEST
1980-04-27,1980.0,0.0,SIMPEST
1980-04-28,1980.0,0.0,SIMPEST
1980-04-29,1980.0,0.0,SIMPEST
1980-04-30,1980.0,0.0,SIMPEST
1980-05-01,1980.0,0.0,SIMPEST
1980-05-02,1980.0,0.0,SIMPEST
1980-05-03,1980.0,0.0,SIMPEST
1980-05-04,1980.0,0.0,SIMPEST
1980-05-05,1980.0,0.0,SIMPEST
1980-05-06,1980.0,0.0,SIMPEST
1980-05-07,1980.0,0.0,SIMPEST
1980-05-08,1980.0,0.0,SIMPEST
1980-05-09,1980.0,0.0,SIMPEST
1980-05-10,1980.0,0.0,SIMPEST
1980-05-11,1980.0,0.0,SIMPEST
1980-05-12,1980.0,0.0,SIMPEST
1980-05-13,1980.0,0.0,SIMPEST
1980-05-14,1980.0,0.0,SIMPEST
1980-05-15,1980.0,0.0,SIMPEST
1980-05-16,1980.0,0.0,SIMPEST
1980-05-17,1980.0,0.0,SIMPEST
1980-05-18,1980.0,0.0,SIMPEST
1980-05-19,1980.0,0.0,SIMPEST
1980-05-20,1980.0,0.0,SIMPEST
1980-05-21,1980.0,0.0,SIMPEST
1980-05-22,1980.0,0.0,SIMPEST
1980-05-23,1980.0,0.0,SIMPEST
1980-05-24,1980.0,0.0,SIMPEST
1980-05-25,1980.0,0.0,SIMPEST
1980-05-26,1980.0,0.0,SIMPEST
1980-05-27,1980.0,0.0,SIMPEST
1980-05-28,1980.0,0.0,SIMPEST
1980-05-29,1980.0,0.0,SIMPEST
1980-05-30,1980.0,0.0,SIMPEST
1980-05-31,1980.0,0.0,SIMPEST
1980-06-01,1980.0,17.00580033849122,SIMPEST
1980-06-02,1980.0,27.64726526611086,SIMPEST
1980-06-03,1980.0,27.64726526611086,SIMPEST
1980-06-04,1980.0,34.48819869736503,SIMPEST
1980-06-05,1980.0,43.37016377575906,SIMPEST
1980-06-06,1980.0,43.37016377575906,SIMPEST
1980-06-07,1980.0,43.37016377575906,SIMPEST
1980-06-08,1980.0,43.37016377575906,SIMPEST
1980-06-09,1980.0,52.502768595219194,SIMPEST
1980-06-10,1980.0,59.31171821967007,SIMPEST
1980-06-11,1980.0,59.31171821967007,SIMPEST
1980-06-12,1980.0,59.31171821967007,SIMPEST
1980-06-13,1980.0,59.31171821967007,SIMPEST
1980-06-14,1980.0,59.31171821967007,SIMPEST
1980-06-15,1980.0,59.31171821967007,SIMPEST
1980-06-16,1980.0,59.31171821967007,SIMPEST
1980-06-17,1980.0,59.31171821967007,SIMPEST
1980-06-18,1980.0,63.28223452957316,SIMPEST
1980-06-19,1980.0,66.20759238336518,SIMPEST
1980-06-20,1980.0,66.20759238336518,SIMPEST
1980-06-21,1980.0,70.70062141871925,SIMPEST
1980-06-22,1980.0,74.61376569383621,SIMPEST
1980-06-23,1980.0,77.77988659011037,SIMPEST
1980-06-24,1980.0,77.77988659011037,SIMPEST
1980-06-25,1980.0,77.77988659011037,SIMPEST
1980-06-26,1980.0,77.77988659011037,SIMPEST
1980-06-27,1980.0,79.78154595357313,SIMPEST
1980-06-28,1980.0,79.78243367788373,SIMPEST
1980-06-29,1980.0,79.7834973929713,SIMPEST
1980-06-30,1980.0,79.7834973929713,SIMPEST
1980-07-01,1980.0,79.7834973929713,SIMPEST
1980-07-02,1980.0,79.7834973929713,SIMPEST
1980-07-03,1980.0,80.52025837006008,SIMPEST
1980-07-04,1980.0,80.79451786188751,SIMPEST
1980-07-05,1980.0,80.79451786188751,SIMPEST
1980-07-06,1980.0,80.79550837850682,SIMPEST
1980-07-07,1980.0,80.79550837850682,SIMPEST
1980-07-08,1980.0,80.79550837850682,SIMPEST
1980-07-09,1980.0,80.79550837850682,SIMPEST
1980-07-10,1980.0,80.79550837850682,SIMPEST
1980-07-11,1980.0,80.79550837850682,SIMPEST
1980-07-12,1980.0,80.79550837850682,SIMPEST
1980-07-13,1980.0,80.79550837850682,SIMPEST
1980-07-14,1980.0,80.79550837850682,SIMPEST
1980-07-15,1980.0,80.79550837850682,SIMPEST
1980-07-16,1980.0,80.79550837850682,SIMPEST
1980-07-17,1980.0,80.79550837850682,SIMPEST
1980-07-18,1980.0,80.79550837850682,SIMPEST
1980-07-19,1980.0,80.79550837850682,SIMPEST
1980-07-20,1980.0,80.79550837850682,SIMPEST
1980-07-21,1980.0,80.79550837850682,SIMPEST
1980-07-22,1980.0,80.79550837850682,SIMPEST
1980-07-23,1980.0,80.79550837850682,SIMPEST
1980-07-24,1980.0,80.79550837850682,SIMPEST
1980-07-25,1980.0,80.79550837850682,SIMPEST
1980-07-26,1980.0,80.79550837850682,SIMPEST
1980-07-27,1980.0,80.79550837850682,SIMPEST
1980-07-28,1980.0,80.79550837850682,SIMPEST
1980-07-29,1980.0,80.79550837850682,SIMPEST
1980-07-30,1980.0,80.79550837850682,SIMPEST
1980-09-29,1980.0,0.0,SIMPEST
1980-09-30,1980.0,0.0,SIMPEST
1980-10-01,1980.0,0.0,SIMPEST
1980-10-02,1980.0,0.0,SIMPEST
1980-10-03,1980.0,0.0,SIMPEST
1980-10-04,1980.0,0.0,SIMPEST
1980-10-05,1980.0,0.0,SIMPEST
1980-10-06,1980.0,0.0,SIMPEST
1980-10-07,1980.0,0.0,SIMPEST
1980-10-08,1980.0,0.0,SIMPEST
1980-10-09,1980.0,0.0,SIMPEST
1980-10-10,1980.0,0.0,SIMPEST
1980-10-11,1980.0,0.0,SIMPEST
1980-10-12,1980.0,0.0,SIMPEST
1980-10-13,1980.0,0.0,SIMPEST
1980-10-14,1980.0,0.0,SIMPEST
1980-10-15,1980.0,0.0,SIMPEST
1980-10-16,1980.0,0.0,SIMPEST
1980-10-17,1980.0,0.0,SIMPEST
1980-10-18,1980.0,0.0,SIMPEST
1980-10-19,1980.0,0.0,SIMPEST
1980-10-20,1980.0,0.0,SIMPEST
1980-10-21,1980.0,0.0,SIMPEST
1980-10-22,1980.0,0.0,SIMPEST
1980-10-23,1980.0,0.0,SIMPEST
1980-10-24,1980.0,0.0,SIMPEST
1980-10-25,1980.0,0.0,SIMPEST
1980-10-26,1980.0,0.0,SIMPEST
1980-10-27,1980.0,0.0,SIMPEST
1980-10-28,1980.0,0.0,SIMPEST
1980-10-29,1980.0,0.0,SIMPEST
1980-10-30,1980.0,0.0,SIMPEST
1980-10-31,1980.0,0.0,SIMPEST
1980-11-01,1980.0,0.0,SIMPEST
1980-11-02,1980.0,0.0,SIMPEST
1980-11-03,1980.0,0.0,SIMPEST
1980-11-04,1980.0,0.0,SIMPEST
1980-11-05,1980.0,0.0,SIMPEST
1980-11-06,1980.0,0.0,SIMPEST
1980-11-07,1980.0,0.0,SIMPEST
1980-11-08,1980.0,0.0,SIMPEST
1980-11-09,1980.0,0.0,SIMPEST
1980-11-10,1980.0,0.0,SIMPEST
1980-11-11,1980.0,0.0,SIMPEST
1980-11-12,1980.0,0.0,SIMPEST
1980-11-13,1980.0,0.0,SIMPEST
1980-11-14,1980.0,0.0,SIMPEST
1980-11-15,1980.0,0.0,SIMPEST
1980-11-16,1980.0,0.0,SIMPEST
1980-11-17,1980.0,0.0,SIMPEST
1980-11-18,1980.0,0.0,SIMPEST
1980-11-19,1980.0,0.0,SIMPEST
1980-11-20,1980.0,0.0,SIMPEST
1980-11-21,1980.0,0.0,SIMPEST
1980-11-22,1980.0,0.0,SIMPEST
1980-11-23,1980.0,0.0,SIMPEST
1980-11-24,1980.0,0.0,SIMPEST
1980-11-25,1980.0,0.0,SIMPEST
1980-11-26,1980.0,0.0,SIMPEST
1980-11-27,1980.0,0.0,SIMPEST
1980-11-28,1980.0,0.0,SIMPEST
1980-11-29,1980.0,0.0,SIMPEST
1980-11-30,1980.0,0.0,SIMPEST
1980-12-01,1980.0,0.0,SIMPEST
1980-12-02,1980.0,0.0,SIMPEST
1980-12-03,1980.0,0.0,SIMPEST
1980-12-04,1980.0,0.0,SIMPEST
1980-12-05,1980.0,0.0,SIMPEST
1980-12-06,1980.0,0.0,SIMPEST
1980-12-07,1980.0,0.0,SIMPEST
1980-12-08,1980.0,0.0,SIMPEST
1980-12-09,1980.0,0.0,SIMPEST
1980-12-10,1980.0,0.0,SIMPEST
1980-12-11,1980.0,0.0,SIMPEST
1980-12-12,1980.0,0.0,SIMPEST
1980-12-13,1980.0,0.0,SIMPEST
1980-12-14,1980.0,0.0,SIMPEST
1980-12-15,1980.0,0.0,SIMPEST
1980-12-16,1980.0,0.0,SIMPEST
1980-12-17,1980.0,0.0,SIMPEST
1980-12-18,1980.0,0.0,SIMPEST
1980-12-19,1980.0,0.0,SIMPEST
1980-12-20,1980.0,0.0,SIMPEST
1980-12-21,1980.0,0.0,SIMPEST
1980-12-22,1980.0,0.0,SIMPEST
1980-12-23,1980.0,0.0,SIMPEST
1980-12-24,1980.0,0.0,SIMPEST
1980-12-25,1980.0,0.0,SIMPEST
1980-12-26,1980.0,0.0,SIMPEST
1980-12-27,1980.0,0.0,SIMPEST
1980-12-28,1980.0,0.0,SIMPEST
1980-12-29,1980.0,0.0,SIMPEST
1980-12-30,1980.0,0.0,SIMPEST
1980-12-31,1980.0,0.0,SIMPEST
1981-01-01,1981.0,0.0,SIMPEST
1981-01-02,1981.0,0.0,SIMPEST
1981-01-03,1981.0,0.0,SIMPEST
1981-01-04,1981.0,0.0,SIMPEST
1981-01-05,1981.0,0.0,SIMPEST
1981-01-06,1981.0,0.0,SIMPEST
1981-01-07,1981.0,0.0,SIMPEST
1981-01-08,1981.0,0.0,SIMPEST
1981-01-09,1981.0,0.0,SIMPEST
1981-01-10,1981.0,0.0,SIMPEST
1981-01-11,1981.0,0.0,SIMPEST
1981-01-12,1981.0,0.0,SIMPEST
1981-01-13,1981.0,0.0,SIMPEST
1981-01-14,1981.0,0.0,SIMPEST
1981-01-15,1981.0,0.0,SIMPEST
1981-01-16,1981.0,0.0,SIMPEST
1981-01-17,1981.0,0.0,SIMPEST
1981-01-18,1981.0,0.0,SIMPEST
1981-01-19,1981.0,0.0,SIMPEST
1981-01-20,1981.0,0.0,SIMPEST
1981-01-21,1981.0,0.0,SIMPEST
1981-01-22,1981.0,0.0,SIMPEST
1981-01-23,1981.0,0.0,SIMPEST
1981-01-24,1981.0,0.0,SIMPEST
1981-01-25,1981.0,0.0,SIMPEST
1981-01-26,1981.0,0.0,SIMPEST
1981-01-27,1981.0,0.0,SIMPEST
1981-01-28,1981.0,0.0,SIMPEST
1981-01-29,1981.0,0.0,SIMPEST
1981-01-30,1981.0,0.0,SIMPEST
1981-01-31,1981.0,0.0,SIMPEST
1981-02-01,1981.0,0.0,SIMPEST
1981-02-02,1981.0,0.0,SIMPEST
1981-02-03,1981.0,0.0,SIMPEST
1981-02-04,1981.0,0.0,SIMPEST
1981-02-05,1981.0,0.0,SIMPEST
1981-02-06,1981.0,0.0,SIMPEST
1981-02-07,1981.0,0.0,SIMPEST
1981-02-08,1981.0,0.0,SIMPEST
1981-02-09,1981.0,0.0,SIMPEST
1981-02-10,1981.0,0.0,SIMPEST
1981-02-11,1981.0,0.0,SIMPEST
1981-02-12,1981.0,0.0,SIMPEST
1981-02-13,1981.0,0.0,SIMPEST
1981-02-14,1981.0,0.0,SIMPEST
1981-02-15,1981.0,0.0,SIMPEST
1981-02-16,1981.0,0.0,SIMPEST
1981-02-17,1981.0,0.0,SIMPEST
1981-02-18,1981.0,0.0,SIMPEST
1981-02-19,1981.0,0.0,SIMPEST
1981-02-20,1981.0,0.0,SIMPEST
1981-02-21,1981.0,0.0,SIMPEST
1981-02-22,1981.0,0.0,SIMPEST
1981-02-23,1981.0,0.0,SIMPEST
1981-02-24,1981.0,0.0,SIMPEST
1981-02-25,1981.0,0.0,SIMPEST
1981-02-26,1981.0,0.0,SIMPEST
1981-02-27,1981.0,0.0,SIMPEST
1981-02-28,1981.0,0.0,SIMPEST
1981-03-01,1981.0,0.0,SIMPEST
1981-03-02,1981.0,0.0,SIMPEST
1981-03-03,1981.0,0.0,SIMPEST
1981-03-04,1981.0,0.0,SIMPEST
1981-03-05,1981.0,0.0,SIMPEST
1981-03-06,1981.0,0.0,SIMPEST
1981-03-07,1981.0,0.0,SIMPEST
1981-03-08,1981.0,0.0,SIMPEST
1981-03-09,1981.0,0.0,SIMPEST
1981-03-10,1981.0,0.0,SIMPEST
1981-03-11,1981.0,0.0,SIMPEST
1981-03-12,1981.0,0.0,SIMPEST
1981-03-13,1981.0,0.0,SIMPEST
1981-03-14,1981.0,0.0,SIMPEST
1981-03-15,1981.0,0.0,SIMPEST
1981-03-16,1981.0,0.0,SIMPEST
1981-03-17,1981.0,0.0,SIMPEST
1981-03-18,1981.0,0.0,SIMPEST
1981-03-19,1981.0,0.0,SIMPEST
1981-03-20,1981.0,0.0,SIMPEST
1981-03-21,1981.0,0.0,SIMPEST
1981-03-22,1981.0,0.0,SIMPEST
1981-03-23,1981.0,0.0,SIMPEST
1981-03-24,1981.0,0.0,SIMPEST
1981-03-25,1981.0,0.0,SIMPEST
1981-03-26,1981.0,0.0,SIMPEST
1981-03-27,1981.0,0.0,SIMPEST
1981-03-28,1981.0,0.0,SIMPEST
1981-03-29,1981.0,0.0,SIMPEST
1981-03-30,1981.0,0.0,SIMPEST
1981-03-31,1981.0,0.0,SIMPEST
1981-04-01,1981.0,0.0,SIMPEST
1981-04-02,1981.0,0.0,SIMPEST
1981-04-03,1981.0,0.0,SIMPEST
1981-04-04,1981.0,0.0,SIMPEST
1981-04-05,1981.0,0.0,SIMPEST
1981-04-06,1981.0,0.0,SIMPEST
1981-04-07,1981.0,0.0,SIMPEST
1981-04-08,1981.0,0.0,SIMPEST
1981-04-09,1981.0,0.0,SIMPEST
1981-04-10,1981.0,0.0,SIMPEST
1981-04-11,1981.0,0.0,SIMPEST
1981-04-12,1981.0,0.0,SIMPEST
1981-04-13,1981.0,0.0,SIMPEST
1981-04-14,1981.0,0.0,SIMPEST
1981-04-15,1981.0,0.0,SIMPEST
1981-04-16,1981.0,0.0,SIMPEST
1981-04-17,1981.0,0.0,SIMPEST
1981-04-18,1981.0,0.0,SIMPEST
1981-04-19,1981.0,0.0,SIMPEST
1981-04-20,1981.0,0.0,SIMPEST
1981-04-21,1981.0,0.0,SIMPEST
1981-04-22,1981.0,0.0,SIMPEST
1981-04-23,1981.0,0.0,SIMPEST
1981-04-24,1981.0,0.0,SIMPEST
1981-04-25,1981.0,0.0,SIMPEST
1981-04-26,1981.0,0.0,SIMPEST
1981-04-27,1981.0,0.0,SIMPEST
1981-04-28,1981.0,0.0,SIMPEST
1981-04-29,1981.0,0.0,SIMPEST
1981-04-30,1981.0,0.0,SIMPEST
1981-05-01,1981.0,0.0,SIMPEST
1981-05-02,1981.0,0.0,SIMPEST
1981-05-03,1981.0,0.0,SIMPEST
1981-05-04,1981.0,0.0,SIMPEST
1981-05-05,1981.0,0.0,SIMPEST
1981-05-06,1981.0,0.0,SIMPEST
1981-05-07,1981.0,0.0,SIMPEST
1981-05-08,1981.0,0.0,SIMPEST
1981-05-09,1981.0,1.74649011773759,SIMPEST
1981-05-10,1981.0,5.3416362432433795,SIMPEST
1981-05-11,1981.0,5.35129459062788,SIMPEST
1981-05-12,1981.0,5.35866531858864,SIMPEST
1981-05-13,1981.0,5.3701077351258,SIMPEST
1981-05-14,1981.0,5.38020860816454,SIMPEST
1981-05-15,1981.0,5.39390916889745,SIMPEST
1981-05-16,1981.0,5.40955922940023,SIMPEST
1981-05-17,1981.0,5.42831605727281,SIMPEST
1981-05-18,1981.0,5.43876456223401,SIMPEST
1981-05-19,1981.0,5.43876456223401,SIMPEST
1981-05-20,1981.0,12.247672931776469,SIMPEST
1981-05-21,1981.0,12.247672931776469,SIMPEST
1981-05-22,1981.0,17.97980576817101,SIMPEST
1981-05-23,1981.0,17.97980576817101,SIMPEST
1981-05-24,1981.0,23.140362570297242,SIMPEST
1981-05-25,1981.0,23.140362570297242,SIMPEST
1981-05-26,1981.0,23.140362570297242,SIMPEST
1981-05-27,1981.0,23.140362570297242,SIMPEST
1981-05-28,1981.0,23.140362570297242,SIMPEST
1981-05-29,1981.0,29.34939314966691,SIMPEST
1981-05-30,1981.0,36.35745434064857,SIMPEST
1981-05-31,1981.0,36.35745434064857,SIMPEST
1981-06-01,1981.0,36.35745434064857,SIMPEST
1981-06-02,1981.0,36.35745434064857,SIMPEST
1981-06-03,1981.0,43.03988430478015,SIMPEST
1981-06-04,1981.0,54.21457999665854,SIMPEST
1981-06-05,1981.0,54.21799564782715,SIMPEST
1981-06-06,1981.0,54.22525847870263,SIMPEST
1981-06-07,1981.0,54.230109628806524,SIMPEST
1981-06-08,1981.0,54.230109628806524,SIMPEST
1981-06-09,1981.0,54.2323034003166,SIMPEST
1981-06-10,1981.0,60.28247598218448,SIMPEST
1981-06-11,1981.0,64.71082795036975,SIMPEST
1981-06-12,1981.0,67.72203838507332,SIMPEST
1981-06-13,1981.0,70.84795901520475,SIMPEST
1981-06-14,1981.0,70.84795901520475,SIMPEST
1981-06-15,1981.0,70.84795901520475,SIMPEST
1981-06-16,1981.0,73.57634953337117,SIMPEST
1981-06-17,1981.0,73.57634953337117,SIMPEST
1981-06-18,1981.0,73.57634953337117,SIMPEST
1981-06-19,1981.0,74.44928655381106,SIMPEST
1981-06-20,1981.0,74.44928655381108,SIMPEST
1981-06-21,1981.0,75.50531911353853,SIMPEST
1981-06-22,1981.0,76.14223331864858,SIMPEST
1981-06-23,1981.0,76.14223331864858,SIMPEST
1981-06-24,1981.0,76.14414236486905,SIMPEST
1981-06-25,1981.0,76.27990246883078,SIMPEST
1981-06-26,1981.0,76.27990246883081,SIMPEST
1981-06-27,1981.0,76.33985854888498,SIMPEST
1981-06-28,1981.0,76.33985854888498,SIMPEST
1981-06-29,1981.0,76.35060029054839,SIMPEST
1981-06-30,1981.0,76.35199578892006,SIMPEST
1981-07-01,1981.0,76.35199578892006,SIMPEST
1981-07-02,1981.0,76.35199578892006,SIMPEST
1981-07-03,1981.0,76.35199578892006,SIMPEST
1981-07-04,1981.0,76.35199578892006,SIMPEST
1981-07-05,1981.0,76.35199578892006,SIMPEST
1981-07-06,1981.0,76.35199578892006,SIMPEST
1981-07-07,1981.0,76.35199578892006,SIMPEST
1981-07-08,1981.0,76.35199578892006,SIMPEST
1981-07-09,1981.0,76.35199578892006,SIMPEST
1981-07-10,1981.0,76.35199578892006,SIMPEST
1981-07-11,1981.0,76.35199578892006,SIMPEST
1981-07-12,1981.0,76.35199578892006,SIMPEST
1981-07-13,1981.0,76.35199578892006,SIMPEST
1981-07-14,1981.0,76.35199578892006,SIMPEST
1981-07-15,1981.0,76.35199578892006,SIMPEST
1981-07-16,1981.0,76.35199578892006,SIMPEST
1981-07-17,1981.0,76.35199578892006,SIMPEST
1981-09-30,1981.0,0.0,SIMPEST
1981-10-01,1981.0,0.0,SIMPEST
1981-10-02,1981.0,0.0,SIMPEST
1981-10-03,1981.0,0.0,SIMPEST
1981-10-04,1981.0,0.0,SIMPEST
1981-10-05,1981.0,0.0,SIMPEST
1981-10-06,1981.0,0.0,SIMPEST
1981-10-07,1981.0,0.0,SIMPEST
1981-10-08,1981.0,0.0,SIMPEST
1981-10-09,1981.0,0.0,SIMPEST
1981-10-10,1981.0,0.0,SIMPEST
1981-10-11,1981.0,0.0,SIMPEST
1981-10-12,1981.0,0.0,SIMPEST
1981-10-13,1981.0,0.0,SIMPEST
1981-10-14,1981.0,0.0,SIMPEST
1981-10-15,1981.0,0.0,SIMPEST
1981-10-16,1981.0,0.0,SIMPEST
1981-10-17,1981.0,0.0,SIMPEST
1981-10-18,1981.0,0.0,SIMPEST
1981-10-19,1981.0,0.0,SIMPEST
1981-10-20,1981.0,0.0,SIMPEST
1981-10-21,1981.0,0.0,SIMPEST
1981-10-22,1981.0,0.0,SIMPEST
1981-10-23,1981.0,0.0,SIMPEST
1981-10-24,1981.0,0.0,SIMPEST
1981-10-25,1981.0,0.0,SIMPEST
1981-10-26,1981.0,0.0,SIMPEST
1981-10-27,1981.0,0.0,SIMPEST
1981-10-28,1981.0,0.0,SIMPEST
1981-10-29,1981.0,0.0,SIMPEST
1981-10-30,1981.0,0.0,SIMPEST
1981-10-31,1981.0,0.0,SIMPEST
1981-11-01,1981.0,0.0,SIMPEST
1981-11-02,1981.0,0.0,SIMPEST
1981-11-03,1981.0,0.0,SIMPEST
1981-11-04,1981.0,0.0,SIMPEST
1981-11-05,1981.0,0.0,SIMPEST
1981-11-06,1981.0,0.0,SIMPEST
1981-11-07,1981.0,0.0,SIMPEST
1981-11-08,1981.0,0.0,SIMPEST
1981-11-09,1981.0,0.0,SIMPEST
1981-11-10,1981.0,0.0,SIMPEST
1981-11-11,1981.0,0.0,SIMPEST
1981-11-12,1981.0,0.0,SIMPEST
1981-11-13,1981.0,0.0,SIMPEST
1981-11-14,1981.0,0.0,SIMPEST
1981-11-15,1981.0,0.0,SIMPEST
1981-11-16,1981.0,0.0,SIMPEST
1981-11-17,1981.0,0.0,SIMPEST
1981-11-18,1981.0,0.0,SIMPEST
1981-11-19,1981.0,0.0,SIMPEST
1981-11-20,1981.0,0.0,SIMPEST
1981-11-21,1981.0,0.0,SIMPEST
1981-11-22,1981.0,0.0,SIMPEST
1981-11-23,1981.0,0.0,SIMPEST
1981-11-24,1981.0,0.0,SIMPEST
1981-11-25,1981.0,0.0,SIMPEST
1981-11-26,1981.0,0.0,SIMPEST
1981-11-27,1981.0,0.0,SIMPEST
1981-11-28,1981.0,0.0,SIMPEST
1981-11-29,1981.0,0.0,SIMPEST
1981-11-30,1981.0,0.0,SIMPEST
1981-12-01,1981.0,0.0,SIMPEST
1981-12-02,1981.0,0.0,SIMPEST
1981-12-03,1981.0,0.0,SIMPEST
1981-12-04,1981.0,0.0,SIMPEST
1981-12-05,1981.0,0.0,SIMPEST
1981-12-06,1981.0,0.0,SIMPEST
1981-12-07,1981.0,0.0,SIMPEST
1981-12-08,1981.0,0.0,SIMPEST
1981-12-09,1981.0,0.0,SIMPEST
1981-12-10,1981.0,0.0,SIMPEST
1981-12-11,1981.0,0.0,SIMPEST
1981-12-12,1981.0,0.0,SIMPEST
1981-12-13,1981.0,0.0,SIMPEST
1981-12-14,1981.0,0.0,SIMPEST
1981-12-15,1981.0,0.0,SIMPEST
1981-12-16,1981.0,0.0,SIMPEST
1981-12-17,1981.0,0.0,SIMPEST
1981-12-18,1981.0,0.0,SIMPEST
1981-12-19,1981.0,0.0,SIMPEST
1981-12-20,1981.0,0.0,SIMPEST
1981-12-21,1981.0,0.0,SIMPEST
1981-12-22,1981.0,0.0,SIMPEST
1981-12-23,1981.0,0.0,SIMPEST
1981-12-24,1981.0,0.0,SIMPEST
1981-12-25,1981.0,0.0,SIMPEST
1981-12-26,1981.0,0.0,SIMPEST
1981-12-27,1981.0,0.0,SIMPEST
1981-12-28,1981.0,0.0,SIMPEST
1981-12-29,1981.0,0.0,SIMPEST
1981-12-30,1981.0,0.0,SIMPEST
1981-12-31,1981.0,0.0,SIMPEST
1982-01-01,1982.0,0.0,SIMPEST
1982-01-02,1982.0,0.0,SIMPEST
1982-01-03,1982.0,0.0,SIMPEST
1982-01-04,1982.0,0.0,SIMPEST
1982-01-05,1982.0,0.0,SIMPEST
1982-01-06,1982.0,0.0,SIMPEST
1982-01-07,1982.0,0.0,SIMPEST
1982-01-08,1982.0,0.0,SIMPEST
1982-01-09,1982.0,0.0,SIMPEST
1982-01-10,1982.0,0.0,SIMPEST
1982-01-11,1982.0,0.0,SIMPEST
1982-01-12,1982.0,0.0,SIMPEST
1982-01-13,1982.0,0.0,SIMPEST
1982-01-14,1982.0,0.0,SIMPEST
1982-01-15,1982.0,0.0,SIMPEST
1982-01-16,1982.0,0.0,SIMPEST
1982-01-17,1982.0,0.0,SIMPEST
1982-01-18,1982.0,0.0,SIMPEST
1982-01-19,1982.0,0.0,SIMPEST
1982-01-20,1982.0,0.0,SIMPEST
1982-01-21,1982.0,0.0,SIMPEST
1982-01-22,1982.0,0.0,SIMPEST
1982-01-23,1982.0,0.0,SIMPEST
1982-01-24,1982.0,0.0,SIMPEST
1982-01-25,1982.0,0.0,SIMPEST
1982-01-26,1982.0,0.0,SIMPEST
1982-01-27,1982.0,0.0,SIMPEST
1982-01-28,1982.0,0.0,SIMPEST
1982-01-29,1982.0,0.0,SIMPEST
1982-01-30,1982.0,0.0,SIMPEST
1982-01-31,1982.0,0.0,SIMPEST
1982-02-01,1982.0,0.0,SIMPEST
1982-02-02,1982.0,0.0,SIMPEST
1982-02-03,1982.0,0.0,SIMPEST
1982-02-04,1982.0,0.0,SIMPEST
1982-02-05,1982.0,0.0,SIMPEST
1982-02-06,1982.0,0.0,SIMPEST
1982-02-07,1982.0,0.0,SIMPEST
1982-02-08,1982.0,0.0,SIMPEST
1982-02-09,1982.0,0.0,SIMPEST
1982-02-10,1982.0,0.0,SIMPEST
1982-02-11,1982.0,0.0,SIMPEST
1982-02-12,1982.0,0.0,SIMPEST
1982-02-13,1982.0,0.0,SIMPEST
1982-02-14,1982.0,0.0,SIMPEST
1982-02-15,1982.0,0.0,SIMPEST
1982-02-16,1982.0,0.0,SIMPEST
1982-02-17,1982.0,0.0,SIMPEST
1982-02-18,1982.0,0.0,SIMPEST
1982-02-19,1982.0,0.0,SIMPEST
1982-02-20,1982.0,0.0,SIMPEST
1982-02-21,1982.0,0.0,SIMPEST
1982-02-22,1982.0,0.0,SIMPEST
1982-02-23,1982.0,0.0,SIMPEST
1982-02-24,1982.0,0.0,SIMPEST
1982-02-25,1982.0,0.0,SIMPEST
1982-02-26,1982.0,0.0,SIMPEST
1982-02-27,1982.0,0.0,SIMPEST
1982-02-28,1982.0,0.0,SIMPEST
1982-03-01,1982.0,0.0,SIMPEST
1982-03-02,1982.0,0.0,SIMPEST
1982-03-03,1982.0,0.0,SIMPEST
1982-03-04,1982.0,0.0,SIMPEST
1982-03-05,1982.0,0.0,SIMPEST
1982-03-06,1982.0,0.0,SIMPEST
1982-03-07,1982.0,0.0,SIMPEST
1982-03-08,1982.0,0.0,SIMPEST
1982-03-09,1982.0,0.0,SIMPEST
1982-03-10,1982.0,0.0,SIMPEST
1982-03-11,1982.0,0.0,SIMPEST
1982-03-12,1982.0,0.0,SIMPEST
1982-03-13,1982.0,0.0,SIMPEST
1982-03-14,1982.0,0.0,SIMPEST
1982-03-15,1982.0,0.0,SIMPEST
1982-03-16,1982.0,0.0,SIMPEST
1982-03-17,1982.0,0.0,SIMPEST
1982-03-18,1982.0,0.0,SIMPEST
1982-03-19,1982.0,0.0,SIMPEST
1982-03-20,1982.0,0.0,SIMPEST
1982-03-21,1982.0,0.0,SIMPEST
1982-03-22,1982.0,0.0,SIMPEST
1982-03-23,1982.0,0.0,SIMPEST
1982-03-24,1982.0,0.0,SIMPEST
1982-03-25,1982.0,0.0,SIMPEST
1982-03-26,1982.0,0.0,SIMPEST
1982-03-27,1982.0,0.0,SIMPEST
1982-03-28,1982.0,0.0,SIMPEST
1982-03-29,1982.0,0.0,SIMPEST
1982-03-30,1982.0,0.0,SIMPEST
1982-03-31,1982.0,0.0,SIMPEST
1982-04-01,1982.0,0.0,SIMPEST
1982-04-02,1982.0,0.0,SIMPEST
1982-04-03,1982.0,0.0,SIMPEST
1982-04-04,1982.0,0.0,SIMPEST
1982-04-05,1982.0,0.0,SIMPEST
1982-04-06,1982.0,0.0,SIMPEST
1982-04-07,1982.0,0.0,SIMPEST
1982-04-08,1982.0,0.0,SIMPEST
1982-04-09,1982.0,0.0,SIMPEST
1982-04-10,1982.0,0.0,SIMPEST
1982-04-11,1982.0,0.0,SIMPEST
1982-04-12,1982.0,0.0,SIMPEST
1982-04-13,1982.0,0.0,SIMPEST
1982-04-14,1982.0,0.0,SIMPEST
1982-04-15,1982.0,0.0,SIMPEST
1982-04-16,1982.0,0.0,SIMPEST
1982-04-17,1982.0,0.0,SIMPEST
1982-04-18,1982.0,0.0,SIMPEST
1982-04-19,1982.0,0.0,SIMPEST
1982-04-20,1982.0,0.0,SIMPEST
1982-04-21,1982.0,0.0,SIMPEST
1982-04-22,1982.0,0.0,SIMPEST
1982-04-23,1982.0,0.0,SIMPEST
1982-04-24,1982.0,0.0,SIMPEST
1982-04-25,1982.0,0.0,SIMPEST
1982-04-26,1982.0,0.0,SIMPEST
1982-04-27,1982.0,0.0,SIMPEST
1982-04-28,1982.0,0.0,SIMPEST
1982-04-29,1982.0,0.0,SIMPEST
1982-04-30,1982.0,0.0,SIMPEST
1982-05-01,1982.0,0.0,SIMPEST
1982-05-02,1982.0,0.0,SIMPEST
1982-05-03,1982.0,0.0,SIMPEST
1982-05-04,1982.0,0.0,SIMPEST
1982-05-05,1982.0,0.0,SIMPEST
1982-05-06,1982.0,0.0,SIMPEST
1982-05-07,1982.0,0.0,SIMPEST
1982-05-08,1982.0,0.0,SIMPEST
1982-05-09,1982.0,0.0,SIMPEST
1982-05-10,1982.0,0.0,SIMPEST
1982-05-11,1982.0,0.0,SIMPEST
1982-05-12,1982.0,0.0,SIMPEST
1982-05-13,1982.0,0.0,SIMPEST
1982-05-14,1982.0,0.0,SIMPEST
1982-05-15,1982.0,2.8366045394713697,SIMPEST
1982-05-16,1982.0,2.84888294355788,SIMPEST
1982-05-17,1982.0,2.86209458803751,SIMPEST
1982-05-18,1982.0,2.8762465142474,SIMPEST
1982-05-19,1982.0,2.89086654218542,SIMPEST
1982-05-20,1982.0,2.90654958048159,SIMPEST
1982-05-21,1982.0,2.90654958048159,SIMPEST
1982-05-22,1982.0,2.90654958048159,SIMPEST
1982-05-23,1982.0,2.90654958048159,SIMPEST
1982-05-24,1982.0,2.90654958048159,SIMPEST
1982-05-25,1982.0,13.73926957362999,SIMPEST
1982-05-26,1982.0,13.73926957362999,SIMPEST
1982-05-27,1982.0,13.73926957362999,SIMPEST
1982-05-28,1982.0,13.73926957362999,SIMPEST
1982-05-29,1982.0,13.73926957362999,SIMPEST
1982-05-30,1982.0,13.73926957362999,SIMPEST
1982-05-31,1982.0,13.73926957362999,SIMPEST
1982-06-01,1982.0,13.73926957362999,SIMPEST
1982-06-02,1982.0,13.74002452155983,SIMPEST
1982-06-03,1982.0,13.74002452155983,SIMPEST
1982-06-04,1982.0,13.74002452155983,SIMPEST
1982-06-05,1982.0,13.74002452155983,SIMPEST
1982-06-06,1982.0,13.74002452155983,SIMPEST
1982-06-07,1982.0,13.74002452155983,SIMPEST
1982-06-08,1982.0,26.19515462041554,SIMPEST
1982-06-09,1982.0,34.68531085920509,SIMPEST
1982-06-10,1982.0,43.93253158447537,SIMPEST
1982-06-11,1982.0,43.93253158447537,SIMPEST
1982-06-12,1982.0,43.93253158447537,SIMPEST
1982-06-13,1982.0,43.93253158447537,SIMPEST
1982-06-14,1982.0,50.84995130089395,SIMPEST
1982-06-15,1982.0,56.954489751119894,SIMPEST
1982-06-16,1982.0,56.954489751119894,SIMPEST
1982-06-17,1982.0,62.06956355801074,SIMPEST
1982-06-18,1982.0,62.072434544624635,SIMPEST
1982-06-19,1982.0,62.072434544624635,SIMPEST
1982-06-20,1982.0,65.94361992010259,SIMPEST
1982-06-21,1982.0,68.65944916191738,SIMPEST
1982-06-22,1982.0,68.65944916191738,SIMPEST
1982-06-23,1982.0,70.19618781153389,SIMPEST
1982-06-24,1982.0,70.19671707230813,SIMPEST
1982-06-25,1982.0,70.19671707230813,SIMPEST
1982-06-26,1982.0,70.19806314198885,SIMPEST
1982-06-27,1982.0,70.99488692619332,SIMPEST
1982-06-28,1982.0,71.45318137405445,SIMPEST
1982-06-29,1982.0,71.45318137405445,SIMPEST
1982-06-30,1982.0,71.49285461608322,SIMPEST
1982-07-01,1982.0,71.49285461608322,SIMPEST
1982-07-02,1982.0,71.49285461608322,SIMPEST
1982-07-03,1982.0,71.51455415136093,SIMPEST
1982-07-04,1982.0,71.52647040526328,SIMPEST
1982-07-05,1982.0,71.52647040526328,SIMPEST
1982-07-06,1982.0,71.52647040526328,SIMPEST
1982-07-07,1982.0,71.53073489397815,SIMPEST
1982-07-08,1982.0,71.53073489397816,SIMPEST
1982-07-09,1982.0,71.53073489397816,SIMPEST
1982-07-10,1982.0,71.53073489397816,SIMPEST
1982-07-11,1982.0,71.53073489397816,SIMPEST
1982-07-12,1982.0,71.53073489397816,SIMPEST
1982-07-13,1982.0,71.53073489397815,SIMPEST
1982-07-14,1982.0,71.53073489397815,SIMPEST
1982-07-15,1982.0,71.53073489397815,SIMPEST
1982-07-16,1982.0,71.53073489397815,SIMPEST
1982-07-17,1982.0,71.53073489397815,SIMPEST
1982-07-18,1982.0,71.53073489397816,SIMPEST
1982-07-19,1982.0,71.53073489397815,SIMPEST
1982-07-20,1982.0,71.53073489397815,SIMPEST
1982-07-21,1982.0,71.53073489397815,SIMPEST
1982-10-13,1982.0,0.0,SIMPEST
1982-10-14,1982.0,0.0,SIMPEST
1982-10-15,1982.0,0.0,SIMPEST
1982-10-16,1982.0,0.0,SIMPEST
1982-10-17,1982.0,0.0,SIMPEST
1982-10-18,1982.0,0.0,SIMPEST
1982-10-19,1982.0,0.0,SIMPEST
1982-10-20,1982.0,0.0,SIMPEST
1982-10-21,1982.0,0.0,SIMPEST
1982-10-22,1982.0,0.0,SIMPEST
1982-10-23,1982.0,0.0,SIMPEST
1982-10-24,1982.0,0.0,SIMPEST
1982-10-25,1982.0,0.0,SIMPEST
1982-10-26,1982.0,0.0,SIMPEST
1982-10-27,1982.0,0.0,SIMPEST
1982-10-28,1982.0,0.0,SIMPEST
1982-10-29,1982.0,0.0,SIMPEST
1982-10-30,1982.0,0.0,SIMPEST
1982-10-31,1982.0,0.0,SIMPEST
1982-11-01,1982.0,0.0,SIMPEST
1982-11-02,1982.0,0.0,SIMPEST
1982-11-03,1982.0,0.0,SIMPEST
1982-11-04,1982.0,0.0,SIMPEST
1982-11-05,1982.0,0.0,SIMPEST
1982-11-06,1982.0,0.0,SIMPEST
1982-11-07,1982.0,0.0,SIMPEST
1982-11-08,1982.0,0.0,SIMPEST
1982-11-09,1982.0,0.0,SIMPEST
1982-11-10,1982.0,0.0,SIMPEST
1982-11-11,1982.0,0.0,SIMPEST
1982-11-12,1982.0,0.0,SIMPEST
1982-11-13,1982.0,0.0,SIMPEST
1982-11-14,1982.0,0.0,SIMPEST
1982-11-15,1982.0,0.0,SIMPEST
1982-11-16,1982.0,0.0,SIMPEST
1982-11-17,1982.0,0.0,SIMPEST
1982-11-18,1982.0,0.0,SIMPEST
1982-11-19,1982.0,0.0,SIMPEST
1982-11-20,1982.0,0.0,SIMPEST
1982-11-21,1982.0,0.0,SIMPEST
1982-11-22,1982.0,0.0,SIMPEST
1982-11-23,1982.0,0.0,SIMPEST
1982-11-24,1982.0,0.0,SIMPEST
1982-11-25,1982.0,0.0,SIMPEST
1982-11-26,1982.0,0.0,SIMPEST
1982-11-27,1982.0,0.0,SIMPEST
1982-11-28,1982.0,0.0,SIMPEST
1982-11-29,1982.0,0.0,SIMPEST
1982-11-30,1982.0,0.0,SIMPEST
1982-12-01,1982.0,0.0,SIMPEST
1982-12-02,1982.0,0.0,SIMPEST
1982-12-03,1982.0,0.0,SIMPEST
1982-12-04,1982.0,0.0,SIMPEST
1982-12-05,1982.0,0.0,SIMPEST
1982-12-06,1982.0,0.0,SIMPEST
1982-12-07,1982.0,0.0,SIMPEST
1982-12-08,1982.0,0.0,SIMPEST
1982-12-09,1982.0,0.0,SIMPEST
1982-12-10,1982.0,0.0,SIMPEST
1982-12-11,1982.0,0.0,SIMPEST
1982-12-12,1982.0,0.0,SIMPEST
1982-12-13,1982.0,0.0,SIMPEST
1982-12-14,1982.0,0.0,SIMPEST
1982-12-15,1982.0,0.0,SIMPEST
1982-12-16,1982.0,0.0,SIMPEST
1982-12-17,1982.0,0.0,SIMPEST
1982-12-18,1982.0,0.0,SIMPEST
1982-12-19,1982.0,0.0,SIMPEST
1982-12-20,1982.0,0.0,SIMPEST
1982-12-21,1982.0,0.0,SIMPEST
1982-12-22,1982.0,0.0,SIMPEST
1982-12-23,1982.0,0.0,SIMPEST
1982-12-24,1982.0,0.0,SIMPEST
1982-12-25,1982.0,0.0,SIMPEST
1982-12-26,1982.0,0.0,SIMPEST
1982-12-27,1982.0,0.0,SIMPEST
1982-12-28,1982.0,0.0,SIMPEST
1982-12-29,1982.0,0.0,SIMPEST
1982-12-30,1982.0,0.0,SIMPEST
1982-12-31,1982.0,0.0,SIMPEST
1983-01-01,1983.0,0.0,SIMPEST
1983-01-02,1983.0,0.0,SIMPEST
1983-01-03,1983.0,0.0,SIMPEST
1983-01-04,1983.0,0.0,SIMPEST
1983-01-05,1983.0,0.0,SIMPEST
1983-01-06,1983.0,0.0,SIMPEST
1983-01-07,1983.0,0.0,SIMPEST
1983-01-08,1983.0,0.0,SIMPEST
1983-01-09,1983.0,0.0,SIMPEST
1983-01-10,1983.0,0.0,SIMPEST
1983-01-11,1983.0,0.0,SIMPEST
1983-01-12,1983.0,0.0,SIMPEST
1983-01-13,1983.0,0.0,SIMPEST
1983-01-14,1983.0,0.0,SIMPEST
1983-01-15,1983.0,0.0,SIMPEST
1983-01-16,1983.0,0.0,SIMPEST
1983-01-17,1983.0,0.0,SIMPEST
1983-01-18,1983.0,0.0,SIMPEST
1983-01-19,1983.0,0.0,SIMPEST
1983-01-20,1983.0,0.0,SIMPEST
1983-01-21,1983.0,0.0,SIMPEST
1983-01-22,1983.0,0.0,SIMPEST
1983-01-23,1983.0,0.0,SIMPEST
1983-01-24,1983.0,0.0,SIMPEST
1983-01-25,1983.0,0.0,SIMPEST
1983-01-26,1983.0,0.0,SIMPEST
1983-01-27,1983.0,0.0,SIMPEST
1983-01-28,1983.0,0.0,SIMPEST
1983-01-29,1983.0,0.0,SIMPEST
1983-01-30,1983.0,0.0,SIMPEST
1983-01-31,1983.0,0.0,SIMPEST
1983-02-01,1983.0,0.0,SIMPEST
1983-02-02,1983.0,0.0,SIMPEST
1983-02-03,1983.0,0.0,SIMPEST
1983-02-04,1983.0,0.0,SIMPEST
1983-02-05,1983.0,0.0,SIMPEST
1983-02-06,1983.0,0.0,SIMPEST
1983-02-07,1983.0,0.0,SIMPEST
1983-02-08,1983.0,0.0,SIMPEST
1983-02-09,1983.0,0.0,SIMPEST
1983-02-10,1983.0,0.0,SIMPEST
1983-02-11,1983.0,0.0,SIMPEST
1983-02-12,1983.0,0.0,SIMPEST
1983-02-13,1983.0,0.0,SIMPEST
1983-02-14,1983.0,0.0,SIMPEST
1983-02-15,1983.0,0.0,SIMPEST
1983-02-16,1983.0,0.0,SIMPEST
1983-02-17,1983.0,0.0,SIMPEST
1983-02-18,1983.0,0.0,SIMPEST
1983-02-19,1983.0,0.0,SIMPEST
1983-02-20,1983.0,0.0,SIMPEST
1983-02-21,1983.0,0.0,SIMPEST
1983-02-22,1983.0,0.0,SIMPEST
1983-02-23,1983.0,0.0,SIMPEST
1983-02-24,1983.0,0.0,SIMPEST
1983-02-25,1983.0,0.0,SIMPEST
1983-02-26,1983.0,0.0,SIMPEST
1983-02-27,1983.0,0.0,SIMPEST
1983-02-28,1983.0,0.0,SIMPEST
1983-03-01,1983.0,0.0,SIMPEST
1983-03-02,1983.0,0.0,SIMPEST
1983-03-03,1983.0,0.0,SIMPEST
1983-03-04,1983.0,0.0,SIMPEST
1983-03-05,1983.0,0.0,SIMPEST
1983-03-06,1983.0,0.0,SIMPEST
1983-03-07,1983.0,0.0,SIMPEST
1983-03-08,1983.0,0.0,SIMPEST
1983-03-09,1983.0,0.0,SIMPEST
1983-03-10,1983.0,0.0,SIMPEST
1983-03-11,1983.0,0.0,SIMPEST
1983-03-12,1983.0,0.0,SIMPEST
1983-03-13,1983.0,0.0,SIMPEST
1983-03-14,1983.0,0.0,SIMPEST
1983-03-15,1983.0,0.0,SIMPEST
1983-03-16,1983.0,0.0,SIMPEST
1983-03-17,1983.0,0.0,SIMPEST
1983-03-18,1983.0,0.0,SIMPEST
1983-03-19,1983.0,0.0,SIMPEST
1983-03-20,1983.0,0.0,SIMPEST
1983-03-21,1983.0,0.0,SIMPEST
1983-03-22,1983.0,0.0,SIMPEST
1983-03-23,1983.0,0.0,SIMPEST
1983-03-24,1983.0,0.0,SIMPEST
1983-03-25,1983.0,0.0,SIMPEST
1983-03-26,1983.0,0.0,SIMPEST
1983-03-27,1983.0,0.0,SIMPEST
1983-03-28,1983.0,0.0,SIMPEST
1983-03-29,1983.0,0.0,SIMPEST
1983-03-30,1983.0,0.0,SIMPEST
1983-03-31,1983.0,0.0,SIMPEST
1983-04-01,1983.0,0.0,SIMPEST
1983-04-02,1983.0,0.0,SIMPEST
1983-04-03,1983.0,0.0,SIMPEST
1983-04-04,1983.0,0.0,SIMPEST
1983-04-05,1983.0,0.0,SIMPEST
1983-04-06,1983.0,0.0,SIMPEST
1983-04-07,1983.0,0.0,SIMPEST
1983-04-08,1983.0,0.0,SIMPEST
1983-04-09,1983.0,0.0,SIMPEST
1983-04-10,1983.0,0.0,SIMPEST
1983-04-11,1983.0,0.0,SIMPEST
1983-04-12,1983.0,0.0,SIMPEST
1983-04-13,1983.0,0.0,SIMPEST
1983-04-14,1983.0,0.0,SIMPEST
1983-04-15,1983.0,0.0,SIMPEST
1983-04-16,1983.0,0.0,SIMPEST
1983-04-17,1983.0,0.0,SIMPEST
1983-04-18,1983.0,0.0,SIMPEST
1983-04-19,1983.0,0.0,SIMPEST
1983-04-20,1983.0,0.0,SIMPEST
1983-04-21,1983.0,0.0,SIMPEST
1983-04-22,1983.0,0.0,SIMPEST
1983-04-23,1983.0,0.0,SIMPEST
1983-04-24,1983.0,0.0,SIMPEST
1983-04-25,1983.0,0.0,SIMPEST
1983-04-26,1983.0,0.0,SIMPEST
1983-04-27,1983.0,0.0,SIMPEST
1983-04-28,1983.0,0.0,SIMPEST
1983-04-29,1983.0,0.0,SIMPEST
1983-04-30,1983.0,0.0,SIMPEST
1983-05-01,1983.0,0.0,SIMPEST
1983-05-02,1983.0,0.0,SIMPEST
1983-05-03,1983.0,0.0,SIMPEST
1983-05-04,1983.0,0.0,SIMPEST
1983-05-05,1983.0,0.0,SIMPEST
1983-05-06,1983.0,0.0,SIMPEST
1983-05-07,1983.0,0.0,SIMPEST
1983-05-08,1983.0,0.0,SIMPEST
1983-05-09,1983.0,0.0,SIMPEST
1983-05-10,1983.0,0.0,SIMPEST
1983-05-11,1983.0,0.0,SIMPEST
1983-05-12,1983.0,0.0,SIMPEST
1983-05-13,1983.0,0.0,SIMPEST
1983-05-14,1983.0,0.0,SIMPEST
1983-05-15,1983.0,0.0,SIMPEST
1983-05-16,1983.0,0.0,SIMPEST
1983-05-17,1983.0,0.0,SIMPEST
1983-05-18,1983.0,0.0,SIMPEST
1983-05-19,1983.0,0.0,SIMPEST
1983-05-20,1983.0,0.0,SIMPEST
1983-05-21,1983.0,0.0,SIMPEST
1983-05-22,1983.0,2.78643499041305,SIMPEST
1983-05-23,1983.0,2.7970653679089597,SIMPEST
1983-05-24,1983.0,2.80688648674337,SIMPEST
1983-05-25,1983.0,2.81825200334879,SIMPEST
1983-05-26,1983.0,2.82314666387794,SIMPEST
1983-05-27,1983.0,2.8301113900532098,SIMPEST
1983-05-28,1983.0,9.69529722425629,SIMPEST
1983-05-29,1983.0,15.56303641580859,SIMPEST
1983-05-30,1983.0,15.56303641580859,SIMPEST
1983-05-31,1983.0,20.82518359147486,SIMPEST
1983-06-01,1983.0,29.34115756654187,SIMPEST
1983-06-02,1983.0,29.34115756654187,SIMPEST
1983-06-03,1983.0,29.34115756654187,SIMPEST
1983-06-04,1983.0,29.34115756654187,SIMPEST
1983-06-05,1983.0,38.84392913723342,SIMPEST
1983-06-06,1983.0,38.84392913723342,SIMPEST
1983-06-07,1983.0,38.84392913723342,SIMPEST
1983-06-08,1983.0,48.63836807161529,SIMPEST
1983-06-09,1983.0,56.98478703404424,SIMPEST
1983-06-10,1983.0,56.98478703404424,SIMPEST
1983-06-11,1983.0,56.98478703404424,SIMPEST
1983-06-12,1983.0,62.98957041797743,SIMPEST
1983-06-13,1983.0,62.98957041797743,SIMPEST
1983-06-14,1983.0,68.39501223722144,SIMPEST
1983-06-15,1983.0,68.39501223722144,SIMPEST
1983-06-16,1983.0,71.5646120190283,SIMPEST
1983-06-17,1983.0,73.76294460053926,SIMPEST
1983-06-18,1983.0,75.98379298066382,SIMPEST
1983-06-19,1983.0,75.98441474938515,SIMPEST
1983-06-20,1983.0,77.97442711917472,SIMPEST
1983-06-21,1983.0,77.97442711917472,SIMPEST
1983-06-22,1983.0,79.39394742740743,SIMPEST
1983-06-23,1983.0,79.39394742740743,SIMPEST
1983-06-24,1983.0,79.39394742740743,SIMPEST
1983-06-25,1983.0,79.39394742740743,SIMPEST
1983-06-26,1983.0,79.39394742740743,SIMPEST
1983-06-27,1983.0,79.39394742740743,SIMPEST
1983-06-28,1983.0,79.39394742740743,SIMPEST
1983-06-29,1983.0,79.39394742740743,SIMPEST
1983-06-30,1983.0,79.3939474274074,SIMPEST
1983-07-01,1983.0,79.72265008587254,SIMPEST
1983-07-02,1983.0,79.72265008587254,SIMPEST
1983-07-03,1983.0,79.72265008587254,SIMPEST
1983-07-04,1983.0,79.72330485433609,SIMPEST
1983-07-05,1983.0,79.72697341617413,SIMPEST
1983-07-06,1983.0,79.72697341617415,SIMPEST
1983-07-07,1983.0,79.72697341617415,SIMPEST
1983-07-08,1983.0,79.72697341617415,SIMPEST
1983-07-09,1983.0,79.72697341617413,SIMPEST
1983-07-10,1983.0,79.72697341617413,SIMPEST
1983-07-11,1983.0,79.72697341617415,SIMPEST
1983-07-12,1983.0,79.72697341617415,SIMPEST
1983-07-13,1983.0,79.72697341617415,SIMPEST
1983-07-14,1983.0,79.72697341617415,SIMPEST
1983-07-15,1983.0,79.72697341617415,SIMPEST
1983-07-16,1983.0,79.72697341617415,SIMPEST
1983-07-17,1983.0,79.72697341617415,SIMPEST
1983-07-18,1983.0,79.72697341617415,SIMPEST
1983-07-19,1983.0,79.72697341617415,SIMPEST
1983-07-20,1983.0,79.72697341617415,SIMPEST
1983-07-21,1983.0,79.72697341617415,SIMPEST
1983-07-22,1983.0,79.72697341617415,SIMPEST
1983-07-23,1983.0,79.72697341617415,SIMPEST
1983-07-24,1983.0,79.72697341617415,SIMPEST
1983-07-25,1983.0,79.72697341617415,SIMPEST
1983-07-26,1983.0,79.72697341617415,SIMPEST
1983-07-27,1983.0,79.72697341617415,SIMPEST
1983-09-30,1983.0,0.0,SIMPEST
1983-10-01,1983.0,0.0,SIMPEST
1983-10-02,1983.0,0.0,SIMPEST
1983-10-03,1983.0,0.0,SIMPEST
1983-10-04,1983.0,0.0,SIMPEST
1983-10-05,1983.0,0.0,SIMPEST
1983-10-06,1983.0,0.0,SIMPEST
1983-10-07,1983.0,0.0,SIMPEST
1983-10-08,1983.0,0.0,SIMPEST
1983-10-09,1983.0,0.0,SIMPEST
1983-10-10,1983.0,0.0,SIMPEST
1983-10-11,1983.0,0.0,SIMPEST
1983-10-12,1983.0,0.0,SIMPEST
1983-10-13,1983.0,0.0,SIMPEST
1983-10-14,1983.0,0.0,SIMPEST
1983-10-15,1983.0,0.0,SIMPEST
1983-10-16,1983.0,0.0,SIMPEST
1983-10-17,1983.0,0.0,SIMPEST
1983-10-18,1983.0,0.0,SIMPEST
1983-10-19,1983.0,0.0,SIMPEST
1983-10-20,1983.0,0.0,SIMPEST
1983-10-21,1983.0,0.0,SIMPEST
1983-10-22,1983.0,0.0,SIMPEST
1983-10-23,1983.0,0.0,SIMPEST
1983-10-24,1983.0,0.0,SIMPEST
1983-10-25,1983.0,0.0,SIMPEST
1983-10-26,1983.0,0.0,SIMPEST
1983-10-27,1983.0,0.0,SIMPEST
1983-10-28,1983.0,0.0,SIMPEST
1983-10-29,1983.0,0.0,SIMPEST
1983-10-30,1983.0,0.0,SIMPEST
1983-10-31,1983.0,0.0,SIMPEST
1983-11-01,1983.0,0.0,SIMPEST
1983-11-02,1983.0,0.0,SIMPEST
1983-11-03,1983.0,0.0,SIMPEST
1983-11-04,1983.0,0.0,SIMPEST
1983-11-05,1983.0,0.0,SIMPEST
1983-11-06,1983.0,0.0,SIMPEST
1983-11-07,1983.0,0.0,SIMPEST
1983-11-08,1983.0,0.0,SIMPEST
1983-11-09,1983.0,0.0,SIMPEST
1983-11-10,1983.0,0.0,SIMPEST
1983-11-11,1983.0,0.0,SIMPEST
1983-11-12,1983.0,0.0,SIMPEST
1983-11-13,1983.0,0.0,SIMPEST
1983-11-14,1983.0,0.0,SIMPEST
1983-11-15,1983.0,0.0,SIMPEST
1983-11-16,1983.0,0.0,SIMPEST
1983-11-17,1983.0,0.0,SIMPEST
1983-11-18,1983.0,0.0,SIMPEST
1983-11-19,1983.0,0.0,SIMPEST
1983-11-20,1983.0,0.0,SIMPEST
1983-11-21,1983.0,0.0,SIMPEST
1983-11-22,1983.0,0.0,SIMPEST
1983-11-23,1983.0,0.0,SIMPEST
1983-11-24,1983.0,0.0,SIMPEST
1983-11-25,1983.0,0.0,SIMPEST
1983-11-26,1983.0,0.0,SIMPEST
1983-11-27,1983.0,0.0,SIMPEST
1983-11-28,1983.0,0.0,SIMPEST
1983-11-29,1983.0,0.0,SIMPEST
1983-11-30,1983.0,0.0,SIMPEST
1983-12-01,1983.0,0.0,SIMPEST
1983-12-02,1983.0,0.0,SIMPEST
1983-12-03,1983.0,0.0,SIMPEST
1983-12-04,1983.0,0.0,SIMPEST
1983-12-05,1983.0,0.0,SIMPEST
1983-12-06,1983.0,0.0,SIMPEST
1983-12-07,1983.0,0.0,SIMPEST
1983-12-08,1983.0,0.0,SIMPEST
1983-12-09,1983.0,0.0,SIMPEST
1983-12-10,1983.0,0.0,SIMPEST
1983-12-11,1983.0,0.0,SIMPEST
1983-12-12,1983.0,0.0,SIMPEST
1983-12-13,1983.0,0.0,SIMPEST
1983-12-14,1983.0,0.0,SIMPEST
1983-12-15,1983.0,0.0,SIMPEST
1983-12-16,1983.0,0.0,SIMPEST
1983-12-17,1983.0,0.0,SIMPEST
1983-12-18,1983.0,0.0,SIMPEST
1983-12-19,1983.0,0.0,SIMPEST
1983-12-20,1983.0,0.0,SIMPEST
1983-12-21,1983.0,0.0,SIMPEST
1983-12-22,1983.0,0.0,SIMPEST
1983-12-23,1983.0,0.0,SIMPEST
1983-12-24,1983.0,0.0,SIMPEST
1983-12-25,1983.0,0.0,SIMPEST
1983-12-26,1983.0,0.0,SIMPEST
1983-12-27,1983.0,0.0,SIMPEST
1983-12-28,1983.0,0.0,SIMPEST
1983-12-29,1983.0,0.0,SIMPEST
1983-12-30,1983.0,0.0,SIMPEST
1983-12-31,1983.0,0.0,SIMPEST
1984-01-01,1984.0,0.0,SIMPEST
1984-01-02,1984.0,0.0,SIMPEST
1984-01-03,1984.0,0.0,SIMPEST
1984-01-04,1984.0,0.0,SIMPEST
1984-01-05,1984.0,0.0,SIMPEST
1984-01-06,1984.0,0.0,SIMPEST
1984-01-07,1984.0,0.0,SIMPEST
1984-01-08,1984.0,0.0,SIMPEST
1984-01-09,1984.0,0.0,SIMPEST
1984-01-10,1984.0,0.0,SIMPEST
1984-01-11,1984.0,0.0,SIMPEST
1984-01-12,1984.0,0.0,SIMPEST
1984-01-13,1984.0,0.0,SIMPEST
1984-01-14,1984.0,0.0,SIMPEST
1984-01-15,1984.0,0.0,SIMPEST
1984-01-16,1984.0,0.0,SIMPEST
1984-01-17,1984.0,0.0,SIMPEST
1984-01-18,1984.0,0.0,SIMPEST
1984-01-19,1984.0,0.0,SIMPEST
1984-01-20,1984.0,0.0,SIMPEST
1984-01-21,1984.0,0.0,SIMPEST
1984-01-22,1984.0,0.0,SIMPEST
1984-01-23,1984.0,0.0,SIMPEST
1984-01-24,1984.0,0.0,SIMPEST
1984-01-25,1984.0,0.0,SIMPEST
1984-01-26,1984.0,0.0,SIMPEST
1984-01-27,1984.0,0.0,SIMPEST
1984-01-28,1984.0,0.0,SIMPEST
1984-01-29,1984.0,0.0,SIMPEST
1984-01-30,1984.0,0.0,SIMPEST
1984-01-31,1984.0,0.0,SIMPEST
1984-02-01,1984.0,0.0,SIMPEST
1984-02-02,1984.0,0.0,SIMPEST
1984-02-03,1984.0,0.0,SIMPEST
1984-02-04,1984.0,0.0,SIMPEST
1984-02-05,1984.0,0.0,SIMPEST
1984-02-06,1984.0,0.0,SIMPEST
1984-02-07,1984.0,0.0,SIMPEST
1984-02-08,1984.0,0.0,SIMPEST
1984-02-09,1984.0,0.0,SIMPEST
1984-02-10,1984.0,0.0,SIMPEST
1984-02-11,1984.0,0.0,SIMPEST
1984-02-12,1984.0,0.0,SIMPEST
1984-02-13,1984.0,0.0,SIMPEST
1984-02-14,1984.0,0.0,SIMPEST
1984-02-15,1984.0,0.0,SIMPEST
1984-02-16,1984.0,0.0,SIMPEST
1984-02-17,1984.0,0.0,SIMPEST
1984-02-18,1984.0,0.0,SIMPEST
1984-02-19,1984.0,0.0,SIMPEST
1984-02-20,1984.0,0.0,SIMPEST
1984-02-21,1984.0,0.0,SIMPEST
1984-02-22,1984.0,0.0,SIMPEST
1984-02-23,1984.0,0.0,SIMPEST
1984-02-24,1984.0,0.0,SIMPEST
1984-02-25,1984.0,0.0,SIMPEST
1984-02-26,1984.0,0.0,SIMPEST
1984-02-27,1984.0,0.0,SIMPEST
1984-02-28,1984.0,0.0,SIMPEST
1984-02-29,1984.0,0.0,SIMPEST
1984-03-01,1984.0,0.0,SIMPEST
1984-03-02,1984.0,0.0,SIMPEST
1984-03-03,1984.0,0.0,SIMPEST
1984-03-04,1984.0,0.0,SIMPEST
1984-03-05,1984.0,0.0,SIMPEST
1984-03-06,1984.0,0.0,SIMPEST
1984-03-07,1984.0,0.0,SIMPEST
1984-03-08,1984.0,0.0,SIMPEST
1984-03-09,1984.0,0.0,SIMPEST
1984-03-10,1984.0,0.0,SIMPEST
1984-03-11,1984.0,0.0,SIMPEST
1984-03-12,1984.0,0.0,SIMPEST
1984-03-13,1984.0,0.0,SIMPEST
1984-03-14,1984.0,0.0,SIMPEST
1984-03-15,1984.0,0.0,SIMPEST
1984-03-16,1984.0,0.0,SIMPEST
1984-03-17,1984.0,0.0,SIMPEST
1984-03-18,1984.0,0.0,SIMPEST
1984-03-19,1984.0,0.0,SIMPEST
1984-03-20,1984.0,0.0,SIMPEST
1984-03-21,1984.0,0.0,SIMPEST
1984-03-22,1984.0,0.0,SIMPEST
1984-03-23,1984.0,0.0,SIMPEST
1984-03-24,1984.0,0.0,SIMPEST
1984-03-25,1984.0,0.0,SIMPEST
1984-03-26,1984.0,0.0,SIMPEST
1984-03-27,1984.0,0.0,SIMPEST
1984-03-28,1984.0,0.0,SIMPEST
1984-03-29,1984.0,0.0,SIMPEST
1984-03-30,1984.0,0.0,SIMPEST
1984-03-31,1984.0,0.0,SIMPEST
1984-04-01,1984.0,0.0,SIMPEST
1984-04-02,1984.0,0.0,SIMPEST
1984-04-03,1984.0,0.0,SIMPEST
1984-04-04,1984.0,0.0,SIMPEST
1984-04-05,1984.0,0.0,SIMPEST
1984-04-06,1984.0,0.0,SIMPEST
1984-04-07,1984.0,0.0,SIMPEST
1984-04-08,1984.0,0.0,SIMPEST
1984-04-09,1984.0,0.0,SIMPEST
1984-04-10,1984.0,0.0,SIMPEST
1984-04-11,1984.0,0.0,SIMPEST
1984-04-12,1984.0,0.0,SIMPEST
1984-04-13,1984.0,0.0,SIMPEST
1984-04-14,1984.0,0.0,SIMPEST
1984-04-15,1984.0,0.0,SIMPEST
1984-04-16,1984.0,0.0,SIMPEST
1984-04-17,1984.0,0.0,SIMPEST
1984-04-18,1984.0,0.0,SIMPEST
1984-04-19,1984.0,0.0,SIMPEST
1984-04-20,1984.0,0.0,SIMPEST
1984-04-21,1984.0,0.0,SIMPEST
1984-04-22,1984.0,0.0,SIMPEST
1984-04-23,1984.0,0.0,SIMPEST
1984-04-24,1984.0,0.0,SIMPEST
1984-04-25,1984.0,0.0,SIMPEST
1984-04-26,1984.0,0.0,SIMPEST
1984-04-27,1984.0,0.0,SIMPEST
1984-04-28,1984.0,0.0,SIMPEST
1984-04-29,1984.0,0.0,SIMPEST
1984-04-30,1984.0,0.0,SIMPEST
1984-05-01,1984.0,0.0,SIMPEST
1984-05-02,1984.0,0.0,SIMPEST
1984-05-03,1984.0,0.0,SIMPEST
1984-05-04,1984.0,0.0,SIMPEST
1984-05-05,1984.0,0.0,SIMPEST
1984-05-06,1984.0,0.0,SIMPEST
1984-05-07,1984.0,0.0,SIMPEST
1984-05-08,1984.0,0.0,SIMPEST
1984-05-09,1984.0,0.0,SIMPEST
1984-05-10,1984.0,0.0,SIMPEST
1984-05-11,1984.0,0.0,SIMPEST
1984-05-12,1984.0,0.0,SIMPEST
1984-05-13,1984.0,0.0,SIMPEST
1984-05-14,1984.0,0.0,SIMPEST
1984-05-15,1984.0,0.0,SIMPEST
1984-05-16,1984.0,0.0,SIMPEST
1984-05-17,1984.0,0.0,SIMPEST
1984-05-18,1984.0,0.0,SIMPEST
1984-05-19,1984.0,0.0,SIMPEST
1984-05-20,1984.0,0.0,SIMPEST
1984-05-21,1984.0,0.0,SIMPEST
1984-05-22,1984.0,0.0,SIMPEST
1984-05-23,1984.0,0.0,SIMPEST
1984-05-24,1984.0,0.0,SIMPEST
1984-05-25,1984.0,0.0,SIMPEST
1984-05-26,1984.0,0.0,SIMPEST
1984-05-27,1984.0,0.0,SIMPEST
1984-05-28,1984.0,0.0,SIMPEST
1984-05-29,1984.0,0.0,SIMPEST
1984-05-30,1984.0,0.0,SIMPEST
1984-05-31,1984.0,0.0,SIMPEST
1984-06-01,1984.0,0.0,SIMPEST
1984-06-02,1984.0,0.0,SIMPEST
1984-06-03,1984.0,0.0,SIMPEST
1984-06-04,1984.0,13.37034233068569,SIMPEST
1984-06-05,1984.0,13.37034233068569,SIMPEST
1984-06-06,1984.0,13.37034233068569,SIMPEST
1984-06-07,1984.0,13.37034233068569,SIMPEST
1984-06-08,1984.0,13.37034233068569,SIMPEST
1984-06-09,1984.0,25.608997371981868,SIMPEST
1984-06-10,1984.0,25.608997371981868,SIMPEST
1984-06-11,1984.0,37.43645968310497,SIMPEST
1984-06-12,1984.0,44.62490343154245,SIMPEST
1984-06-13,1984.0,49.57339818439594,SIMPEST
1984-06-14,1984.0,54.584778352394196,SIMPEST
1984-06-15,1984.0,54.584778352394196,SIMPEST
1984-06-16,1984.0,57.75321429298672,SIMPEST
1984-06-17,1984.0,57.75321429298672,SIMPEST
1984-06-18,1984.0,57.75321429298672,SIMPEST
1984-06-19,1984.0,57.75321429298672,SIMPEST
1984-06-20,1984.0,57.75321429298672,SIMPEST
1984-06-21,1984.0,57.75321429298672,SIMPEST
1984-06-22,1984.0,60.06767506483561,SIMPEST
1984-06-23,1984.0,63.79578247856173,SIMPEST
1984-06-24,1984.0,66.7868076119844,SIMPEST
1984-06-25,1984.0,66.78832369071667,SIMPEST
1984-06-26,1984.0,67.90201358484757,SIMPEST
1984-06-27,1984.0,67.90201358484757,SIMPEST
1984-06-28,1984.0,67.90201358484757,SIMPEST
1984-06-29,1984.0,67.90201358484757,SIMPEST
1984-06-30,1984.0,68.1136909558721,SIMPEST
1984-07-01,1984.0,68.1136909558721,SIMPEST
1984-07-02,1984.0,68.21472119846494,SIMPEST
1984-07-03,1984.0,68.21472119846494,SIMPEST
1984-07-04,1984.0,68.23715166214903,SIMPEST
1984-07-05,1984.0,68.23715166214903,SIMPEST
1984-07-06,1984.0,68.23715166214905,SIMPEST
1984-07-07,1984.0,68.23715166214905,SIMPEST
1984-07-08,1984.0,68.24638192186501,SIMPEST
1984-07-09,1984.0,68.25205000293985,SIMPEST
1984-07-10,1984.0,68.25205000293985,SIMPEST
1984-07-11,1984.0,68.2528457328533,SIMPEST
1984-07-12,1984.0,68.2528457328533,SIMPEST
1984-07-13,1984.0,68.2528457328533,SIMPEST
1984-07-14,1984.0,68.2528457328533,SIMPEST
1984-07-15,1984.0,68.2528457328533,SIMPEST
1984-07-16,1984.0,68.2528457328533,SIMPEST
1984-07-17,1984.0,68.2528457328533,SIMPEST
1984-07-18,1984.0,68.2528457328533,SIMPEST
1984-07-19,1984.0,68.2528457328533,SIMPEST
1984-07-20,1984.0,68.2528457328533,SIMPEST
1984-07-21,1984.0,68.2528457328533,SIMPEST
1984-07-22,1984.0,68.2528457328533,SIMPEST
1984-07-23,1984.0,68.2528457328533,SIMPEST
1984-10-05,1984.0,0.0,SIMPEST
1984-10-06,1984.0,0.0,SIMPEST
1984-10-07,1984.0,0.0,SIMPEST
1984-10-08,1984.0,0.0,SIMPEST
1984-10-09,1984.0,0.0,SIMPEST
1984-10-10,1984.0,0.0,SIMPEST
1984-10-11,1984.0,0.0,SIMPEST
1984-10-12,1984.0,0.0,SIMPEST
1984-10-13,1984.0,0.0,SIMPEST
1984-10-14,1984.0,0.0,SIMPEST
1984-10-15,1984.0,0.0,SIMPEST
1984-10-16,1984.0,0.0,SIMPEST
1984-10-17,1984.0,0.0,SIMPEST
1984-10-18,1984.0,0.0,SIMPEST
1984-10-19,1984.0,0.0,SIMPEST
1984-10-20,1984.0,0.0,SIMPEST
1984-10-21,1984.0,0.0,SIMPEST
1984-10-22,1984.0,0.0,SIMPEST
1984-10-23,1984.0,0.0,SIMPEST
1984-10-24,1984.0,0.0,SIMPEST
1984-10-25,1984.0,0.0,SIMPEST
1984-10-26,1984.0,0.0,SIMPEST
1984-10-27,1984.0,0.0,SIMPEST
1984-10-28,1984.0,0.0,SIMPEST
1984-10-29,1984.0,0.0,SIMPEST
1984-10-30,1984.0,0.0,SIMPEST
1984-10-31,1984.0,0.0,SIMPEST
1984-11-01,1984.0,0.0,SIMPEST
1984-11-02,1984.0,0.0,SIMPEST
1984-11-03,1984.0,0.0,SIMPEST
1984-11-04,1984.0,0.0,SIMPEST
1984-11-05,1984.0,0.0,SIMPEST
1984-11-06,1984.0,0.0,SIMPEST
1984-11-07,1984.0,0.0,SIMPEST
1984-11-08,1984.0,0.0,SIMPEST
1984-11-09,1984.0,0.0,SIMPEST
1984-11-10,1984.0,0.0,SIMPEST
1984-11-11,1984.0,0.0,SIMPEST
1984-11-12,1984.0,0.0,SIMPEST
1984-11-13,1984.0,0.0,SIMPEST
1984-11-14,1984.0,0.0,SIMPEST
1984-11-15,1984.0,0.0,SIMPEST
1984-11-16,1984.0,0.0,SIMPEST
1984-11-17,1984.0,0.0,SIMPEST
1984-11-18,1984.0,0.0,SIMPEST
1984-11-19,1984.0,0.0,SIMPEST
1984-11-20,1984.0,0.0,SIMPEST
1984-11-21,1984.0,0.0,SIMPEST
1984-11-22,1984.0,0.0,SIMPEST
1984-11-23,1984.0,0.0,SIMPEST
1984-11-24,1984.0,0.0,SIMPEST
1984-11-25,1984.0,0.0,SIMPEST
1984-11-26,1984.0,0.0,SIMPEST
1984-11-27,1984.0,0.0,SIMPEST
1984-11-28,1984.0,0.0,SIMPEST
1984-11-29,1984.0,0.0,SIMPEST
1984-11-30,1984.0,0.0,SIMPEST
1984-12-01,1984.0,0.0,SIMPEST
1984-12-02,1984.0,0.0,SIMPEST
1984-12-03,1984.0,0.0,SIMPEST
1984-12-04,1984.0,0.0,SIMPEST
1984-12-05,1984.0,0.0,SIMPEST
1984-12-06,1984.0,0.0,SIMPEST
1984-12-07,1984.0,0.0,SIMPEST
1984-12-08,1984.0,0.0,SIMPEST
1984-12-09,1984.0,0.0,SIMPEST
1984-12-10,1984.0,0.0,SIMPEST
1984-12-11,1984.0,0.0,SIMPEST
1984-12-12,1984.0,0.0,SIMPEST
1984-12-13,1984.0,0.0,SIMPEST
1984-12-14,1984.0,0.0,SIMPEST
1984-12-15,1984.0,0.0,SIMPEST
1984-12-16,1984.0,0.0,SIMPEST
1984-12-17,1984.0,0.0,SIMPEST
1984-12-18,1984.0,0.0,SIMPEST
1984-12-19,1984.0,0.0,SIMPEST
1984-12-20,1984.0,0.0,SIMPEST
1984-12-21,1984.0,0.0,SIMPEST
1984-12-22,1984.0,0.0,SIMPEST
1984-12-23,1984.0,0.0,SIMPEST
1984-12-24,1984.0,0.0,SIMPEST
1984-12-25,1984.0,0.0,SIMPEST
1984-12-26,1984.0,0.0,SIMPEST
1984-12-27,1984.0,0.0,SIMPEST
1984-12-28,1984.0,0.0,SIMPEST
1984-12-29,1984.0,0.0,SIMPEST
1984-12-30,1984.0,0.0,SIMPEST
1984-12-31,1984.0,0.0,SIMPEST
1985-01-01,1985.0,0.0,SIMPEST
1985-01-02,1985.0,0.0,SIMPEST
1985-01-03,1985.0,0.0,SIMPEST
1985-01-04,1985.0,0.0,SIMPEST
1985-01-05,1985.0,0.0,SIMPEST
1985-01-06,1985.0,0.0,SIMPEST
1985-01-07,1985.0,0.0,SIMPEST
1985-01-08,1985.0,0.0,SIMPEST
1985-01-09,1985.0,0.0,SIMPEST
1985-01-10,1985.0,0.0,SIMPEST
1985-01-11,1985.0,0.0,SIMPEST
1985-01-12,1985.0,0.0,SIMPEST
1985-01-13,1985.0,0.0,SIMPEST
1985-01-14,1985.0,0.0,SIMPEST
1985-01-15,1985.0,0.0,SIMPEST
1985-01-16,1985.0,0.0,SIMPEST
1985-01-17,1985.0,0.0,SIMPEST
1985-01-18,1985.0,0.0,SIMPEST
1985-01-19,1985.0,0.0,SIMPEST
1985-01-20,1985.0,0.0,SIMPEST
1985-01-21,1985.0,0.0,SIMPEST
1985-01-22,1985.0,0.0,SIMPEST
1985-01-23,1985.0,0.0,SIMPEST
1985-01-24,1985.0,0.0,SIMPEST
1985-01-25,1985.0,0.0,SIMPEST
1985-01-26,1985.0,0.0,SIMPEST
1985-01-27,1985.0,0.0,SIMPEST
1985-01-28,1985.0,0.0,SIMPEST
1985-01-29,1985.0,0.0,SIMPEST
1985-01-30,1985.0,0.0,SIMPEST
1985-01-31,1985.0,0.0,SIMPEST
1985-02-01,1985.0,0.0,SIMPEST
1985-02-02,1985.0,0.0,SIMPEST
1985-02-03,1985.0,0.0,SIMPEST
1985-02-04,1985.0,0.0,SIMPEST
1985-02-05,1985.0,0.0,SIMPEST
1985-02-06,1985.0,0.0,SIMPEST
1985-02-07,1985.0,0.0,SIMPEST
1985-02-08,1985.0,0.0,SIMPEST
1985-02-09,1985.0,0.0,SIMPEST
1985-02-10,1985.0,0.0,SIMPEST
1985-02-11,1985.0,0.0,SIMPEST
1985-02-12,1985.0,0.0,SIMPEST
1985-02-13,1985.0,0.0,SIMPEST
1985-02-14,1985.0,0.0,SIMPEST
1985-02-15,1985.0,0.0,SIMPEST
1985-02-16,1985.0,0.0,SIMPEST
1985-02-17,1985.0,0.0,SIMPEST
1985-02-18,1985.0,0.0,SIMPEST
1985-02-19,1985.0,0.0,SIMPEST
1985-02-20,1985.0,0.0,SIMPEST
1985-02-21,1985.0,0.0,SIMPEST
1985-02-22,1985.0,0.0,SIMPEST
1985-02-23,1985.0,0.0,SIMPEST
1985-02-24,1985.0,0.0,SIMPEST
1985-02-25,1985.0,0.0,SIMPEST
1985-02-26,1985.0,0.0,SIMPEST
1985-02-27,1985.0,0.0,SIMPEST
1985-02-28,1985.0,0.0,SIMPEST
1985-03-01,1985.0,0.0,SIMPEST
1985-03-02,1985.0,0.0,SIMPEST
1985-03-03,1985.0,0.0,SIMPEST
1985-03-04,1985.0,0.0,SIMPEST
1985-03-05,1985.0,0.0,SIMPEST
1985-03-06,1985.0,0.0,SIMPEST
1985-03-07,1985.0,0.0,SIMPEST
1985-03-08,1985.0,0.0,SIMPEST
1985-03-09,1985.0,0.0,SIMPEST
1985-03-10,1985.0,0.0,SIMPEST
1985-03-11,1985.0,0.0,SIMPEST
1985-03-12,1985.0,0.0,SIMPEST
1985-03-13,1985.0,0.0,SIMPEST
1985-03-14,1985.0,0.0,SIMPEST
1985-03-15,1985.0,0.0,SIMPEST
1985-03-16,1985.0,0.0,SIMPEST
1985-03-17,1985.0,0.0,SIMPEST
1985-03-18,1985.0,0.0,SIMPEST
1985-03-19,1985.0,0.0,SIMPEST
1985-03-20,1985.0,0.0,SIMPEST
1985-03-21,1985.0,0.0,SIMPEST
1985-03-22,1985.0,0.0,SIMPEST
1985-03-23,1985.0,0.0,SIMPEST
1985-03-24,1985.0,0.0,SIMPEST
1985-03-25,1985.0,0.0,SIMPEST
1985-03-26,1985.0,0.0,SIMPEST
1985-03-27,1985.0,0.0,SIMPEST
1985-03-28,1985.0,0.0,SIMPEST
1985-03-29,1985.0,0.0,SIMPEST
1985-03-30,1985.0,0.0,SIMPEST
1985-03-31,1985.0,0.0,SIMPEST
1985-04-01,1985.0,0.0,SIMPEST
1985-04-02,1985.0,0.0,SIMPEST
1985-04-03,1985.0,0.0,SIMPEST
1985-04-04,1985.0,0.0,SIMPEST
1985-04-05,1985.0,0.0,SIMPEST
1985-04-06,1985.0,0.0,SIMPEST
1985-04-07,1985.0,0.0,SIMPEST
1985-04-08,1985.0,0.0,SIMPEST
1985-04-09,1985.0,0.0,SIMPEST
1985-04-10,1985.0,0.0,SIMPEST
1985-04-11,1985.0,0.0,SIMPEST
1985-04-12,1985.0,0.0,SIMPEST
1985-04-13,1985.0,0.0,SIMPEST
1985-04-14,1985.0,0.0,SIMPEST
1985-04-15,1985.0,0.0,SIMPEST
1985-04-16,1985.0,0.0,SIMPEST
1985-04-17,1985.0,0.0,SIMPEST
1985-04-18,1985.0,0.0,SIMPEST
1985-04-19,1985.0,0.0,SIMPEST
1985-04-20,1985.0,0.0,SIMPEST
1985-04-21,1985.0,0.0,SIMPEST
1985-04-22,1985.0,0.0,SIMPEST
1985-04-23,1985.0,0.0,SIMPEST
1985-04-24,1985.0,0.0,SIMPEST
1985-04-25,1985.0,0.0,SIMPEST
1985-04-26,1985.0,0.0,SIMPEST
1985-04-27,1985.0,0.0,SIMPEST
1985-04-28,1985.0,3.48503878701682,SIMPEST
1985-04-29,1985.0,3.4951176150804097,SIMPEST
1985-04-30,1985.0,3.5071459631360105,SIMPEST
1985-05-01,1985.0,3.5213436405388396,SIMPEST
1985-05-02,1985.0,3.53266096694718,SIMPEST
1985-05-03,1985.0,3.54218610773228,SIMPEST
1985-05-04,1985.0,3.5546125590995703,SIMPEST
1985-05-05,1985.0,3.5546125590995703,SIMPEST
1985-05-06,1985.0,3.5546125590995703,SIMPEST
1985-05-07,1985.0,3.5546125590995703,SIMPEST
1985-05-08,1985.0,3.5546125590995703,SIMPEST
1985-05-09,1985.0,3.5546125590995703,SIMPEST
1985-05-10,1985.0,3.5546125590995703,SIMPEST
1985-05-11,1985.0,3.5546125590995703,SIMPEST
1985-05-12,1985.0,3.5546125590995703,SIMPEST
1985-05-13,1985.0,3.5546125590995703,SIMPEST
1985-05-14,1985.0,15.48084462215262,SIMPEST
1985-05-15,1985.0,27.01277601479049,SIMPEST
1985-05-16,1985.0,27.01277601479049,SIMPEST
1985-05-17,1985.0,27.01277601479049,SIMPEST
1985-05-18,1985.0,27.01277601479049,SIMPEST
1985-05-19,1985.0,36.849242141803664,SIMPEST
1985-05-20,1985.0,36.849242141803664,SIMPEST
1985-05-21,1985.0,36.849242141803664,SIMPEST
1985-05-22,1985.0,36.849242141803664,SIMPEST
1985-05-23,1985.0,44.21269860644148,SIMPEST
1985-05-24,1985.0,44.21318706971955,SIMPEST
1985-05-25,1985.0,44.21318706971955,SIMPEST
1985-05-26,1985.0,44.21318706971955,SIMPEST
1985-05-27,1985.0,44.21546838148303,SIMPEST
1985-05-28,1985.0,44.21546838148303,SIMPEST
1985-05-29,1985.0,44.21546838148303,SIMPEST
1985-05-30,1985.0,44.21546838148303,SIMPEST
1985-05-31,1985.0,44.21546838148303,SIMPEST
1985-06-01,1985.0,44.21752283974061,SIMPEST
1985-06-02,1985.0,44.21752283974061,SIMPEST
1985-06-03,1985.0,44.21917566328409,SIMPEST
1985-06-04,1985.0,50.67360825928689,SIMPEST
1985-06-05,1985.0,54.183937146286084,SIMPEST
1985-06-06,1985.0,54.18401226790011,SIMPEST
1985-06-07,1985.0,54.18401226790011,SIMPEST
1985-06-08,1985.0,57.580642616198396,SIMPEST
1985-06-09,1985.0,57.58479595575348,SIMPEST
1985-06-10,1985.0,57.58479595575348,SIMPEST
1985-06-11,1985.0,57.58479595575348,SIMPEST
1985-06-12,1985.0,57.58479595575348,SIMPEST
1985-06-13,1985.0,57.58479595575348,SIMPEST
1985-06-14,1985.0,57.58479595575348,SIMPEST
1985-06-15,1985.0,57.91149381327636,SIMPEST
1985-06-16,1985.0,57.91655492991499,SIMPEST
1985-06-17,1985.0,57.993585578919784,SIMPEST
1985-06-18,1985.0,58.06866806817056,SIMPEST
1985-06-19,1985.0,58.06866806817056,SIMPEST
1985-06-20,1985.0,58.06866806817056,SIMPEST
1985-06-21,1985.0,58.06866806817056,SIMPEST
1985-06-22,1985.0,58.0931548137781,SIMPEST
1985-06-23,1985.0,58.11702651952937,SIMPEST
1985-06-24,1985.0,58.12030130452388,SIMPEST
1985-06-25,1985.0,58.12030130452388,SIMPEST
1985-06-26,1985.0,58.12030130452388,SIMPEST
1985-06-27,1985.0,58.12032723023771,SIMPEST
1985-06-28,1985.0,58.12032723023771,SIMPEST
1985-06-29,1985.0,58.12903501540752,SIMPEST
1985-06-30,1985.0,58.12903501540752,SIMPEST
1985-07-01,1985.0,58.12903501540752,SIMPEST
1985-07-02,1985.0,58.12903501540752,SIMPEST
1985-07-03,1985.0,58.129035015407524,SIMPEST
1985-07-04,1985.0,58.129035015407524,SIMPEST
1985-07-05,1985.0,58.129035015407524,SIMPEST
1985-07-06,1985.0,58.129035015407524,SIMPEST
1985-10-07,1985.0,0.0,SIMPEST
1985-10-08,1985.0,0.0,SIMPEST
1985-10-09,1985.0,0.0,SIMPEST
1985-10-10,1985.0,0.0,SIMPEST
1985-10-11,1985.0,0.0,SIMPEST
1985-10-12,1985.0,0.0,SIMPEST
1985-10-13,1985.0,0.0,SIMPEST
1985-10-14,1985.0,0.0,SIMPEST
1985-10-15,1985.0,0.0,SIMPEST
1985-10-16,1985.0,0.0,SIMPEST
1985-10-17,1985.0,0.0,SIMPEST
1985-10-18,1985.0,0.0,SIMPEST
1985-10-19,1985.0,0.0,SIMPEST
1985-10-20,1985.0,0.0,SIMPEST
1985-10-21,1985.0,0.0,SIMPEST
1985-10-22,1985.0,0.0,SIMPEST
1985-10-23,1985.0,0.0,SIMPEST
1985-10-24,1985.0,0.0,SIMPEST
1985-10-25,1985.0,0.0,SIMPEST
1985-10-26,1985.0,0.0,SIMPEST
1985-10-27,1985.0,0.0,SIMPEST
1985-10-28,1985.0,0.0,SIMPEST
1985-10-29,1985.0,0.0,SIMPEST
1985-10-30,1985.0,0.0,SIMPEST
1985-10-31,1985.0,0.0,SIMPEST
1985-11-01,1985.0,0.0,SIMPEST
1985-11-02,1985.0,0.0,SIMPEST
1985-11-03,1985.0,0.0,SIMPEST
1985-11-04,1985.0,0.0,SIMPEST
1985-11-05,1985.0,0.0,SIMPEST
1985-11-06,1985.0,0.0,SIMPEST
1985-11-07,1985.0,0.0,SIMPEST
1985-11-08,1985.0,0.0,SIMPEST
1985-11-09,1985.0,0.0,SIMPEST
1985-11-10,1985.0,0.0,SIMPEST
1985-11-11,1985.0,0.0,SIMPEST
1985-11-12,1985.0,0.0,SIMPEST
1985-11-13,1985.0,0.0,SIMPEST
1985-11-14,1985.0,0.0,SIMPEST
1985-11-15,1985.0,0.0,SIMPEST
1985-11-16,1985.0,0.0,SIMPEST
1985-11-17,1985.0,0.0,SIMPEST
1985-11-18,1985.0,0.0,SIMPEST
1985-11-19,1985.0,0.0,SIMPEST
1985-11-20,1985.0,0.0,SIMPEST
1985-11-21,1985.0,0.0,SIMPEST
1985-11-22,1985.0,0.0,SIMPEST
1985-11-23,1985.0,0.0,SIMPEST
1985-11-24,1985.0,0.0,SIMPEST
1985-11-25,1985.0,0.0,SIMPEST
1985-11-26,1985.0,0.0,SIMPEST
1985-11-27,1985.0,0.0,SIMPEST
1985-11-28,1985.0,0.0,SIMPEST
1985-11-29,1985.0,0.0,SIMPEST
1985-11-30,1985.0,0.0,SIMPEST
1985-12-01,1985.0,0.0,SIMPEST
1985-12-02,1985.0,0.0,SIMPEST
1985-12-03,1985.0,0.0,SIMPEST
1985-12-04,1985.0,0.0,SIMPEST
1985-12-05,1985.0,0.0,SIMPEST
1985-12-06,1985.0,0.0,SIMPEST
1985-12-07,1985.0,0.0,SIMPEST
1985-12-08,1985.0,0.0,SIMPEST
1985-12-09,1985.0,0.0,SIMPEST
1985-12-10,1985.0,0.0,SIMPEST
1985-12-11,1985.0,0.0,SIMPEST
1985-12-12,1985.0,0.0,SIMPEST
1985-12-13,1985.0,0.0,SIMPEST
1985-12-14,1985.0,0.0,SIMPEST
1985-12-15,1985.0,0.0,SIMPEST
1985-12-16,1985.0,0.0,SIMPEST
1985-12-17,1985.0,0.0,SIMPEST
1985-12-18,1985.0,0.0,SIMPEST
1985-12-19,1985.0,0.0,SIMPEST
1985-12-20,1985.0,0.0,SIMPEST
1985-12-21,1985.0,0.0,SIMPEST
1985-12-22,1985.0,0.0,SIMPEST
1985-12-23,1985.0,0.0,SIMPEST
1985-12-24,1985.0,0.0,SIMPEST
1985-12-25,1985.0,0.0,SIMPEST
1985-12-26,1985.0,0.0,SIMPEST
1985-12-27,1985.0,0.0,SIMPEST
1985-12-28,1985.0,0.0,SIMPEST
1985-12-29,1985.0,0.0,SIMPEST
1985-12-30,1985.0,0.0,SIMPEST
1985-12-31,1985.0,0.0,SIMPEST
1986-01-01,1986.0,0.0,SIMPEST
1986-01-02,1986.0,0.0,SIMPEST
1986-01-03,1986.0,0.0,SIMPEST
1986-01-04,1986.0,0.0,SIMPEST
1986-01-05,1986.0,0.0,SIMPEST
1986-01-06,1986.0,0.0,SIMPEST
1986-01-07,1986.0,0.0,SIMPEST
1986-01-08,1986.0,0.0,SIMPEST
1986-01-09,1986.0,0.0,SIMPEST
1986-01-10,1986.0,0.0,SIMPEST
1986-01-11,1986.0,0.0,SIMPEST
1986-01-12,1986.0,0.0,SIMPEST
1986-01-13,1986.0,0.0,SIMPEST
1986-01-14,1986.0,0.0,SIMPEST
1986-01-15,1986.0,0.0,SIMPEST
1986-01-16,1986.0,0.0,SIMPEST
1986-01-17,1986.0,0.0,SIMPEST
1986-01-18,1986.0,0.0,SIMPEST
1986-01-19,1986.0,0.0,SIMPEST
1986-01-20,1986.0,0.0,SIMPEST
1986-01-21,1986.0,0.0,SIMPEST
1986-01-22,1986.0,0.0,SIMPEST
1986-01-23,1986.0,0.0,SIMPEST
1986-01-24,1986.0,0.0,SIMPEST
1986-01-25,1986.0,0.0,SIMPEST
1986-01-26,1986.0,0.0,SIMPEST
1986-01-27,1986.0,0.0,SIMPEST
1986-01-28,1986.0,0.0,SIMPEST
1986-01-29,1986.0,0.0,SIMPEST
1986-01-30,1986.0,0.0,SIMPEST
1986-01-31,1986.0,0.0,SIMPEST
1986-02-01,1986.0,0.0,SIMPEST
1986-02-02,1986.0,0.0,SIMPEST
1986-02-03,1986.0,0.0,SIMPEST
1986-02-04,1986.0,0.0,SIMPEST
1986-02-05,1986.0,0.0,SIMPEST
1986-02-06,1986.0,0.0,SIMPEST
1986-02-07,1986.0,0.0,SIMPEST
1986-02-08,1986.0,0.0,SIMPEST
1986-02-09,1986.0,0.0,SIMPEST
1986-02-10,1986.0,0.0,SIMPEST
1986-02-11,1986.0,0.0,SIMPEST
1986-02-12,1986.0,0.0,SIMPEST
1986-02-13,1986.0,0.0,SIMPEST
1986-02-14,1986.0,0.0,SIMPEST
1986-02-15,1986.0,0.0,SIMPEST
1986-02-16,1986.0,0.0,SIMPEST
1986-02-17,1986.0,0.0,SIMPEST
1986-02-18,1986.0,0.0,SIMPEST
1986-02-19,1986.0,0.0,SIMPEST
1986-02-20,1986.0,0.0,SIMPEST
1986-02-21,1986.0,0.0,SIMPEST
1986-02-22,1986.0,0.0,SIMPEST
1986-02-23,1986.0,0.0,SIMPEST
1986-02-24,1986.0,0.0,SIMPEST
1986-02-25,1986.0,0.0,SIMPEST
1986-02-26,1986.0,0.0,SIMPEST
1986-02-27,1986.0,0.0,SIMPEST
1986-02-28,1986.0,0.0,SIMPEST
1986-03-01,1986.0,0.0,SIMPEST
1986-03-02,1986.0,0.0,SIMPEST
1986-03-03,1986.0,0.0,SIMPEST
1986-03-04,1986.0,0.0,SIMPEST
1986-03-05,1986.0,0.0,SIMPEST
1986-03-06,1986.0,0.0,SIMPEST
1986-03-07,1986.0,0.0,SIMPEST
1986-03-08,1986.0,0.0,SIMPEST
1986-03-09,1986.0,0.0,SIMPEST
1986-03-10,1986.0,0.0,SIMPEST
1986-03-11,1986.0,0.0,SIMPEST
1986-03-12,1986.0,0.0,SIMPEST
1986-03-13,1986.0,0.0,SIMPEST
1986-03-14,1986.0,0.0,SIMPEST
1986-03-15,1986.0,0.0,SIMPEST
1986-03-16,1986.0,0.0,SIMPEST
1986-03-17,1986.0,0.0,SIMPEST
1986-03-18,1986.0,0.0,SIMPEST
1986-03-19,1986.0,0.0,SIMPEST
1986-03-20,1986.0,0.0,SIMPEST
1986-03-21,1986.0,0.0,SIMPEST
1986-03-22,1986.0,0.0,SIMPEST
1986-03-23,1986.0,0.0,SIMPEST
1986-03-24,1986.0,0.0,SIMPEST
1986-03-25,1986.0,0.0,SIMPEST
1986-03-26,1986.0,0.0,SIMPEST
1986-03-27,1986.0,0.0,SIMPEST
1986-03-28,1986.0,0.0,SIMPEST
1986-03-29,1986.0,0.0,SIMPEST
1986-03-30,1986.0,0.0,SIMPEST
1986-03-31,1986.0,0.0,SIMPEST
1986-04-01,1986.0,0.0,SIMPEST
1986-04-02,1986.0,0.0,SIMPEST
1986-04-03,1986.0,0.0,SIMPEST
1986-04-04,1986.0,0.0,SIMPEST
1986-04-05,1986.0,0.0,SIMPEST
1986-04-06,1986.0,0.0,SIMPEST
1986-04-07,1986.0,0.0,SIMPEST
1986-04-08,1986.0,0.0,SIMPEST
1986-04-09,1986.0,0.0,SIMPEST
1986-04-10,1986.0,0.0,SIMPEST
1986-04-11,1986.0,0.0,SIMPEST
1986-04-12,1986.0,0.0,SIMPEST
1986-04-13,1986.0,0.0,SIMPEST
1986-04-14,1986.0,0.0,SIMPEST
1986-04-15,1986.0,0.0,SIMPEST
1986-04-16,1986.0,0.0,SIMPEST
1986-04-17,1986.0,0.0,SIMPEST
1986-04-18,1986.0,0.0,SIMPEST
1986-04-19,1986.0,0.0,SIMPEST
1986-04-20,1986.0,0.0,SIMPEST
1986-04-21,1986.0,0.0,SIMPEST
1986-04-22,1986.0,0.0,SIMPEST
1986-04-23,1986.0,0.0,SIMPEST
1986-04-24,1986.0,0.0,SIMPEST
1986-04-25,1986.0,0.0,SIMPEST
1986-04-26,1986.0,0.0,SIMPEST
1986-04-27,1986.0,0.0,SIMPEST
1986-04-28,1986.0,0.0,SIMPEST
1986-04-29,1986.0,0.0,SIMPEST
1986-04-30,1986.0,0.0,SIMPEST
1986-05-01,1986.0,0.0,SIMPEST
1986-05-02,1986.0,0.0,SIMPEST
1986-05-03,1986.0,0.0,SIMPEST
1986-05-04,1986.0,0.0,SIMPEST
1986-05-05,1986.0,0.0,SIMPEST
1986-05-06,1986.0,0.0,SIMPEST
1986-05-07,1986.0,0.0,SIMPEST
1986-05-08,1986.0,4.05044323470654,SIMPEST
1986-05-09,1986.0,4.05044323470654,SIMPEST
1986-05-10,1986.0,4.05044323470654,SIMPEST
1986-05-11,1986.0,4.05044323470654,SIMPEST
1986-05-12,1986.0,4.05044323470654,SIMPEST
1986-05-13,1986.0,10.208377581324669,SIMPEST
1986-05-14,1986.0,10.208377581324669,SIMPEST
1986-05-15,1986.0,10.208377581324669,SIMPEST
1986-05-16,1986.0,10.208377581324669,SIMPEST
1986-05-17,1986.0,10.208377581324669,SIMPEST
1986-05-18,1986.0,10.208377581324669,SIMPEST
1986-05-19,1986.0,10.208377581324669,SIMPEST
1986-05-20,1986.0,10.208377581324669,SIMPEST
1986-05-21,1986.0,10.208377581324669,SIMPEST
1986-05-22,1986.0,10.208377581324669,SIMPEST
1986-05-23,1986.0,10.208377581324669,SIMPEST
1986-05-24,1986.0,18.061040095763538,SIMPEST
1986-05-25,1986.0,18.061040095763538,SIMPEST
1986-05-26,1986.0,18.061040095763538,SIMPEST
1986-05-27,1986.0,30.875338199340842,SIMPEST
1986-05-28,1986.0,30.875338199340842,SIMPEST
1986-05-29,1986.0,41.12093928438607,SIMPEST
1986-05-30,1986.0,41.12093928438607,SIMPEST
1986-05-31,1986.0,41.12093928438607,SIMPEST
1986-06-01,1986.0,41.12093928438607,SIMPEST
1986-06-02,1986.0,48.48703025907782,SIMPEST
1986-06-03,1986.0,48.48703025907782,SIMPEST
1986-06-04,1986.0,52.11663113576053,SIMPEST
1986-06-05,1986.0,57.10004989566202,SIMPEST
1986-06-06,1986.0,57.10303237880143,SIMPEST
1986-06-07,1986.0,61.88937658111933,SIMPEST
1986-06-08,1986.0,65.30746909970024,SIMPEST
1986-06-09,1986.0,65.30862352168421,SIMPEST
1986-06-10,1986.0,65.30862352168423,SIMPEST
1986-06-11,1986.0,65.31025524223789,SIMPEST
1986-06-12,1986.0,68.86711120373643,SIMPEST
1986-06-13,1986.0,68.86711120373643,SIMPEST
1986-06-14,1986.0,69.58305017967798,SIMPEST
1986-06-15,1986.0,69.58305017967798,SIMPEST
1986-06-16,1986.0,69.58305017967798,SIMPEST
1986-06-17,1986.0,69.58305017967798,SIMPEST
1986-06-18,1986.0,69.58305017967798,SIMPEST
1986-06-19,1986.0,69.58305017967798,SIMPEST
1986-06-20,1986.0,69.61197252087973,SIMPEST
1986-06-21,1986.0,69.64580980118478,SIMPEST
1986-06-22,1986.0,69.66418168394407,SIMPEST
1986-06-23,1986.0,69.68006628072835,SIMPEST
1986-06-24,1986.0,69.6803519429003,SIMPEST
1986-06-25,1986.0,69.6803519429003,SIMPEST
1986-06-26,1986.0,69.68210965941586,SIMPEST
1986-06-27,1986.0,69.68210965941586,SIMPEST
1986-06-28,1986.0,69.68210965941586,SIMPEST
1986-06-29,1986.0,69.68210965941586,SIMPEST
1986-06-30,1986.0,69.68210965941584,SIMPEST
1986-07-01,1986.0,69.68210965941586,SIMPEST
1986-07-02,1986.0,69.68210965941584,SIMPEST
1986-07-03,1986.0,69.68210965941584,SIMPEST
1986-07-04,1986.0,69.68210965941584,SIMPEST
1986-07-05,1986.0,69.68210965941586,SIMPEST
1986-07-06,1986.0,69.68210965941584,SIMPEST
1986-07-07,1986.0,69.68210965941584,SIMPEST
1986-07-08,1986.0,69.68210965941584,SIMPEST
1986-07-09,1986.0,69.68210965941584,SIMPEST
1986-10-11,1986.0,0.0,SIMPEST
1986-10-12,1986.0,0.0,SIMPEST
1986-10-13,1986.0,0.0,SIMPEST
1986-10-14,1986.0,0.0,SIMPEST
1986-10-15,1986.0,0.0,SIMPEST
1986-10-16,1986.0,0.0,SIMPEST
1986-10-17,1986.0,0.0,SIMPEST
1986-10-18,1986.0,0.0,SIMPEST
1986-10-19,1986.0,0.0,SIMPEST
1986-10-20,1986.0,0.0,SIMPEST
1986-10-21,1986.0,0.0,SIMPEST
1986-10-22,1986.0,0.0,SIMPEST
1986-10-23,1986.0,0.0,SIMPEST
1986-10-24,1986.0,0.0,SIMPEST
1986-10-25,1986.0,0.0,SIMPEST
1986-10-26,1986.0,0.0,SIMPEST
1986-10-27,1986.0,0.0,SIMPEST
1986-10-28,1986.0,0.0,SIMPEST
1986-10-29,1986.0,0.0,SIMPEST
1986-10-30,1986.0,0.0,SIMPEST
1986-10-31,1986.0,0.0,SIMPEST
1986-11-01,1986.0,0.0,SIMPEST
1986-11-02,1986.0,0.0,SIMPEST
1986-11-03,1986.0,0.0,SIMPEST
1986-11-04,1986.0,0.0,SIMPEST
1986-11-05,1986.0,0.0,SIMPEST
1986-11-06,1986.0,0.0,SIMPEST
1986-11-07,1986.0,0.0,SIMPEST
1986-11-08,1986.0,0.0,SIMPEST
1986-11-09,1986.0,0.0,SIMPEST
1986-11-10,1986.0,0.0,SIMPEST
1986-11-11,1986.0,0.0,SIMPEST
1986-11-12,1986.0,0.0,SIMPEST
1986-11-13,1986.0,0.0,SIMPEST
1986-11-14,1986.0,0.0,SIMPEST
1986-11-15,1986.0,0.0,SIMPEST
1986-11-16,1986.0,0.0,SIMPEST
1986-11-17,1986.0,0.0,SIMPEST
1986-11-18,1986.0,0.0,SIMPEST
1986-11-19,1986.0,0.0,SIMPEST
1986-11-20,1986.0,0.0,SIMPEST
1986-11-21,1986.0,0.0,SIMPEST
1986-11-22,1986.0,0.0,SIMPEST
1986-11-23,1986.0,0.0,SIMPEST
1986-11-24,1986.0,0.0,SIMPEST
1986-11-25,1986.0,0.0,SIMPEST
1986-11-26,1986.0,0.0,SIMPEST
1986-11-27,1986.0,0.0,SIMPEST
1986-11-28,1986.0,0.0,SIMPEST
1986-11-29,1986.0,0.0,SIMPEST
1986-11-30,1986.0,0.0,SIMPEST
1986-12-01,1986.0,0.0,SIMPEST
1986-12-02,1986.0,0.0,SIMPEST
1986-12-03,1986.0,0.0,SIMPEST
1986-12-04,1986.0,0.0,SIMPEST
1986-12-05,1986.0,0.0,SIMPEST
1986-12-06,1986.0,0.0,SIMPEST
1986-12-07,1986.0,0.0,SIMPEST
1986-12-08,1986.0,0.0,SIMPEST
1986-12-09,1986.0,0.0,SIMPEST
1986-12-10,1986.0,0.0,SIMPEST
1986-12-11,1986.0,0.0,SIMPEST
1986-12-12,1986.0,0.0,SIMPEST
1986-12-13,1986.0,0.0,SIMPEST
1986-12-14,1986.0,0.0,SIMPEST
1986-12-15,1986.0,0.0,SIMPEST
1986-12-16,1986.0,0.0,SIMPEST
1986-12-17,1986.0,0.0,SIMPEST
1986-12-18,1986.0,0.0,SIMPEST
1986-12-19,1986.0,0.0,SIMPEST
1986-12-20,1986.0,0.0,SIMPEST
1986-12-21,1986.0,0.0,SIMPEST
1986-12-22,1986.0,0.0,SIMPEST
1986-12-23,1986.0,0.0,SIMPEST
1986-12-24,1986.0,0.0,SIMPEST
1986-12-25,1986.0,0.0,SIMPEST
1986-12-26,1986.0,0.0,SIMPEST
1986-12-27,1986.0,0.0,SIMPEST
1986-12-28,1986.0,0.0,SIMPEST
1986-12-29,1986.0,0.0,SIMPEST
1986-12-30,1986.0,0.0,SIMPEST
1986-12-31,1986.0,0.0,SIMPEST
1987-01-01,1987.0,0.0,SIMPEST
1987-01-02,1987.0,0.0,SIMPEST
1987-01-03,1987.0,0.0,SIMPEST
1987-01-04,1987.0,0.0,SIMPEST
1987-01-05,1987.0,0.0,SIMPEST
1987-01-06,1987.0,0.0,SIMPEST
1987-01-07,1987.0,0.0,SIMPEST
1987-01-08,1987.0,0.0,SIMPEST
1987-01-09,1987.0,0.0,SIMPEST
1987-01-10,1987.0,0.0,SIMPEST
1987-01-11,1987.0,0.0,SIMPEST
1987-01-12,1987.0,0.0,SIMPEST
1987-01-13,1987.0,0.0,SIMPEST
1987-01-14,1987.0,0.0,SIMPEST
1987-01-15,1987.0,0.0,SIMPEST
1987-01-16,1987.0,0.0,SIMPEST
1987-01-17,1987.0,0.0,SIMPEST
1987-01-18,1987.0,0.0,SIMPEST
1987-01-19,1987.0,0.0,SIMPEST
1987-01-20,1987.0,0.0,SIMPEST
1987-01-21,1987.0,0.0,SIMPEST
1987-01-22,1987.0,0.0,SIMPEST
1987-01-23,1987.0,0.0,SIMPEST
1987-01-24,1987.0,0.0,SIMPEST
1987-01-25,1987.0,0.0,SIMPEST
1987-01-26,1987.0,0.0,SIMPEST
1987-01-27,1987.0,0.0,SIMPEST
1987-01-28,1987.0,0.0,SIMPEST
1987-01-29,1987.0,0.0,SIMPEST
1987-01-30,1987.0,0.0,SIMPEST
1987-01-31,1987.0,0.0,SIMPEST
1987-02-01,1987.0,0.0,SIMPEST
1987-02-02,1987.0,0.0,SIMPEST
1987-02-03,1987.0,0.0,SIMPEST
1987-02-04,1987.0,0.0,SIMPEST
1987-02-05,1987.0,0.0,SIMPEST
1987-02-06,1987.0,0.0,SIMPEST
1987-02-07,1987.0,0.0,SIMPEST
1987-02-08,1987.0,0.0,SIMPEST
1987-02-09,1987.0,0.0,SIMPEST
1987-02-10,1987.0,0.0,SIMPEST
1987-02-11,1987.0,0.0,SIMPEST
1987-02-12,1987.0,0.0,SIMPEST
1987-02-13,1987.0,0.0,SIMPEST
1987-02-14,1987.0,0.0,SIMPEST
1987-02-15,1987.0,0.0,SIMPEST
1987-02-16,1987.0,0.0,SIMPEST
1987-02-17,1987.0,0.0,SIMPEST
1987-02-18,1987.0,0.0,SIMPEST
1987-02-19,1987.0,0.0,SIMPEST
1987-02-20,1987.0,0.0,SIMPEST
1987-02-21,1987.0,0.0,SIMPEST
1987-02-22,1987.0,0.0,SIMPEST
1987-02-23,1987.0,0.0,SIMPEST
1987-02-24,1987.0,0.0,SIMPEST
1987-02-25,1987.0,0.0,SIMPEST
1987-02-26,1987.0,0.0,SIMPEST
1987-02-27,1987.0,0.0,SIMPEST
1987-02-28,1987.0,0.0,SIMPEST
1987-03-01,1987.0,0.0,SIMPEST
1987-03-02,1987.0,0.0,SIMPEST
1987-03-03,1987.0,0.0,SIMPEST
1987-03-04,1987.0,0.0,SIMPEST
1987-03-05,1987.0,0.0,SIMPEST
1987-03-06,1987.0,0.0,SIMPEST
1987-03-07,1987.0,0.0,SIMPEST
1987-03-08,1987.0,0.0,SIMPEST
1987-03-09,1987.0,0.0,SIMPEST
1987-03-10,1987.0,0.0,SIMPEST
1987-03-11,1987.0,0.0,SIMPEST
1987-03-12,1987.0,0.0,SIMPEST
1987-03-13,1987.0,0.0,SIMPEST
1987-03-14,1987.0,0.0,SIMPEST
1987-03-15,1987.0,0.0,SIMPEST
1987-03-16,1987.0,0.0,SIMPEST
1987-03-17,1987.0,0.0,SIMPEST
1987-03-18,1987.0,0.0,SIMPEST
1987-03-19,1987.0,0.0,SIMPEST
1987-03-20,1987.0,0.0,SIMPEST
1987-03-21,1987.0,0.0,SIMPEST
1987-03-22,1987.0,0.0,SIMPEST
1987-03-23,1987.0,0.0,SIMPEST
1987-03-24,1987.0,0.0,SIMPEST
1987-03-25,1987.0,0.0,SIMPEST
1987-03-26,1987.0,0.0,SIMPEST
1987-03-27,1987.0,0.0,SIMPEST
1987-03-28,1987.0,0.0,SIMPEST
1987-03-29,1987.0,0.0,SIMPEST
1987-03-30,1987.0,0.0,SIMPEST
1987-03-31,1987.0,0.0,SIMPEST
1987-04-01,1987.0,0.0,SIMPEST
1987-04-02,1987.0,0.0,SIMPEST
1987-04-03,1987.0,0.0,SIMPEST
1987-04-04,1987.0,0.0,SIMPEST
1987-04-05,1987.0,0.0,SIMPEST
1987-04-06,1987.0,0.0,SIMPEST
1987-04-07,1987.0,0.0,SIMPEST
1987-04-08,1987.0,0.0,SIMPEST
1987-04-09,1987.0,0.0,SIMPEST
1987-04-10,1987.0,0.0,SIMPEST
1987-04-11,1987.0,0.0,SIMPEST
1987-04-12,1987.0,0.0,SIMPEST
1987-04-13,1987.0,0.0,SIMPEST
1987-04-14,1987.0,0.0,SIMPEST
1987-04-15,1987.0,0.0,SIMPEST
1987-04-16,1987.0,0.0,SIMPEST
1987-04-17,1987.0,0.0,SIMPEST
1987-04-18,1987.0,0.0,SIMPEST
1987-04-19,1987.0,0.0,SIMPEST
1987-04-20,1987.0,0.0,SIMPEST
1987-04-21,1987.0,0.0,SIMPEST
1987-04-22,1987.0,0.0,SIMPEST
1987-04-23,1987.0,0.0,SIMPEST
1987-04-24,1987.0,0.0,SIMPEST
1987-04-25,1987.0,0.0,SIMPEST
1987-04-26,1987.0,0.0,SIMPEST
1987-04-27,1987.0,0.0,SIMPEST
1987-04-28,1987.0,0.0,SIMPEST
1987-04-29,1987.0,0.0,SIMPEST
1987-04-30,1987.0,0.0,SIMPEST
1987-05-01,1987.0,0.0,SIMPEST
1987-05-02,1987.0,0.0,SIMPEST
1987-05-03,1987.0,0.0,SIMPEST
1987-05-04,1987.0,0.0,SIMPEST
1987-05-05,1987.0,0.0,SIMPEST
1987-05-06,1987.0,0.0,SIMPEST
1987-05-07,1987.0,0.0,SIMPEST
1987-05-08,1987.0,0.0,SIMPEST
1987-05-09,1987.0,0.0,SIMPEST
1987-05-10,1987.0,0.0,SIMPEST
1987-05-11,1987.0,0.0,SIMPEST
1987-05-12,1987.0,0.0,SIMPEST
1987-05-13,1987.0,0.0,SIMPEST
1987-05-14,1987.0,0.0,SIMPEST
1987-05-15,1987.0,0.0,SIMPEST
1987-05-16,1987.0,0.0,SIMPEST
1987-05-17,1987.0,2.0290826513771,SIMPEST
1987-05-18,1987.0,2.0371422568904203,SIMPEST
1987-05-19,1987.0,2.04570556372002,SIMPEST
1987-05-20,1987.0,2.05482963465073,SIMPEST
1987-05-21,1987.0,2.06414349944222,SIMPEST
1987-05-22,1987.0,2.07434326842218,SIMPEST
1987-05-23,1987.0,2.08359976427263,SIMPEST
1987-05-24,1987.0,2.09136293073315,SIMPEST
1987-05-25,1987.0,2.1026353958267503,SIMPEST
1987-05-26,1987.0,2.1026353958267503,SIMPEST
1987-05-27,1987.0,2.1026353958267503,SIMPEST
1987-05-28,1987.0,2.1026353958267503,SIMPEST
1987-05-29,1987.0,2.1026353958267503,SIMPEST
1987-05-30,1987.0,2.1026353958267503,SIMPEST
1987-05-31,1987.0,2.1026353958267503,SIMPEST
1987-06-01,1987.0,2.1026353958267503,SIMPEST
1987-06-02,1987.0,2.1026353958267503,SIMPEST
1987-06-03,1987.0,17.91008254261995,SIMPEST
1987-06-04,1987.0,17.911502939166578,SIMPEST
1987-06-05,1987.0,17.911502939166578,SIMPEST
1987-06-06,1987.0,17.91214764022184,SIMPEST
1987-06-07,1987.0,25.18507935946102,SIMPEST
1987-06-08,1987.0,25.18507935946102,SIMPEST
1987-06-09,1987.0,25.18507935946102,SIMPEST
1987-06-10,1987.0,35.52874948647802,SIMPEST
1987-06-11,1987.0,35.53001619177507,SIMPEST
1987-06-12,1987.0,35.53001619177507,SIMPEST
1987-06-13,1987.0,35.53001619177507,SIMPEST
1987-06-14,1987.0,35.53001619177507,SIMPEST
1987-06-15,1987.0,35.53077955585129,SIMPEST
1987-06-16,1987.0,35.53184076978111,SIMPEST
1987-06-17,1987.0,35.53184076978111,SIMPEST
1987-06-18,1987.0,35.53184076978111,SIMPEST
1987-06-19,1987.0,43.17836538284815,SIMPEST
1987-06-20,1987.0,50.201902098266494,SIMPEST
1987-06-21,1987.0,50.201902098266494,SIMPEST
1987-06-22,1987.0,50.201902098266494,SIMPEST
1987-06-23,1987.0,50.201902098266494,SIMPEST
1987-06-24,1987.0,50.201902098266494,SIMPEST
1987-06-25,1987.0,50.20618561771416,SIMPEST
1987-06-26,1987.0,50.20618561771416,SIMPEST
1987-06-27,1987.0,50.209025329519605,SIMPEST
1987-06-28,1987.0,51.01925378083333,SIMPEST
1987-06-29,1987.0,51.01925378083333,SIMPEST
1987-06-30,1987.0,51.01925378083334,SIMPEST
1987-07-01,1987.0,51.023406946373505,SIMPEST
1987-07-02,1987.0,51.023406946373505,SIMPEST
1987-07-03,1987.0,51.02340694637352,SIMPEST
1987-07-04,1987.0,51.023406946373505,SIMPEST
1987-07-05,1987.0,51.06153717352746,SIMPEST
1987-07-06,1987.0,51.06153717352746,SIMPEST
1987-07-07,1987.0,51.10998321222668,SIMPEST
1987-07-08,1987.0,51.11954549243214,SIMPEST
1987-07-09,1987.0,51.11954549243214,SIMPEST
1987-07-10,1987.0,51.11954549243214,SIMPEST
1987-07-11,1987.0,51.12394644457795,SIMPEST
1987-07-12,1987.0,51.12675048333062,SIMPEST
1987-07-13,1987.0,51.12675048333062,SIMPEST
1987-07-14,1987.0,51.12675048333062,SIMPEST
1987-07-15,1987.0,51.136063063466985,SIMPEST
1987-07-16,1987.0,51.150998522989674,SIMPEST
1987-07-17,1987.0,51.15836197877797,SIMPEST
1987-07-18,1987.0,51.158362141130134,SIMPEST
1987-07-19,1987.0,51.158362141130134,SIMPEST
1987-07-20,1987.0,51.158362141130134,SIMPEST
1987-10-07,1987.0,0.0,SIMPEST
1987-10-08,1987.0,0.0,SIMPEST
1987-10-09,1987.0,0.0,SIMPEST
1987-10-10,1987.0,0.0,SIMPEST
1987-10-11,1987.0,0.0,SIMPEST
1987-10-12,1987.0,0.0,SIMPEST
1987-10-13,1987.0,0.0,SIMPEST
1987-10-14,1987.0,0.0,SIMPEST
1987-10-15,1987.0,0.0,SIMPEST
1987-10-16,1987.0,0.0,SIMPEST
1987-10-17,1987.0,0.0,SIMPEST
1987-10-18,1987.0,0.0,SIMPEST
1987-10-19,1987.0,0.0,SIMPEST
1987-10-20,1987.0,0.0,SIMPEST
1987-10-21,1987.0,0.0,SIMPEST
1987-10-22,1987.0,0.0,SIMPEST
1987-10-23,1987.0,0.0,SIMPEST
1987-10-24,1987.0,0.0,SIMPEST
1987-10-25,1987.0,0.0,SIMPEST
1987-10-26,1987.0,0.0,SIMPEST
1987-10-27,1987.0,0.0,SIMPEST
1987-10-28,1987.0,0.0,SIMPEST
1987-10-29,1987.0,0.0,SIMPEST
1987-10-30,1987.0,0.0,SIMPEST
1987-10-31,1987.0,0.0,SIMPEST
1987-11-01,1987.0,0.0,SIMPEST
1987-11-02,1987.0,0.0,SIMPEST
1987-11-03,1987.0,0.0,SIMPEST
1987-11-04,1987.0,0.0,SIMPEST
1987-11-05,1987.0,0.0,SIMPEST
1987-11-06,1987.0,0.0,SIMPEST
1987-11-07,1987.0,0.0,SIMPEST
1987-11-08,1987.0,0.0,SIMPEST
1987-11-09,1987.0,0.0,SIMPEST
1987-11-10,1987.0,0.0,SIMPEST
1987-11-11,1987.0,0.0,SIMPEST
1987-11-12,1987.0,0.0,SIMPEST
1987-11-13,1987.0,0.0,SIMPEST
1987-11-14,1987.0,0.0,SIMPEST
1987-11-15,1987.0,0.0,SIMPEST
1987-11-16,1987.0,0.0,SIMPEST
1987-11-17,1987.0,0.0,SIMPEST
1987-11-18,1987.0,0.0,SIMPEST
1987-11-19,1987.0,0.0,SIMPEST
1987-11-20,1987.0,0.0,SIMPEST
1987-11-21,1987.0,0.0,SIMPEST
1987-11-22,1987.0,0.0,SIMPEST
1987-11-23,1987.0,0.0,SIMPEST
1987-11-24,1987.0,0.0,SIMPEST
1987-11-25,1987.0,0.0,SIMPEST
1987-11-26,1987.0,0.0,SIMPEST
1987-11-27,1987.0,0.0,SIMPEST
1987-11-28,1987.0,0.0,SIMPEST
1987-11-29,1987.0,0.0,SIMPEST
1987-11-30,1987.0,0.0,SIMPEST
1987-12-01,1987.0,0.0,SIMPEST
1987-12-02,1987.0,0.0,SIMPEST
1987-12-03,1987.0,0.0,SIMPEST
1987-12-04,1987.0,0.0,SIMPEST
1987-12-05,1987.0,0.0,SIMPEST
1987-12-06,1987.0,0.0,SIMPEST
1987-12-07,1987.0,0.0,SIMPEST
1987-12-08,1987.0,0.0,SIMPEST
1987-12-09,1987.0,0.0,SIMPEST
1987-12-10,1987.0,0.0,SIMPEST
1987-12-11,1987.0,0.0,SIMPEST
1987-12-12,1987.0,0.0,SIMPEST
1987-12-13,1987.0,0.0,SIMPEST
1987-12-14,1987.0,0.0,SIMPEST
1987-12-15,1987.0,0.0,SIMPEST
1987-12-16,1987.0,0.0,SIMPEST
1987-12-17,1987.0,0.0,SIMPEST
1987-12-18,1987.0,0.0,SIMPEST
1987-12-19,1987.0,0.0,SIMPEST
1987-12-20,1987.0,0.0,SIMPEST
1987-12-21,1987.0,0.0,SIMPEST
1987-12-22,1987.0,0.0,SIMPEST
1987-12-23,1987.0,0.0,SIMPEST
1987-12-24,1987.0,0.0,SIMPEST
1987-12-25,1987.0,0.0,SIMPEST
1987-12-26,1987.0,0.0,SIMPEST
1987-12-27,1987.0,0.0,SIMPEST
1987-12-28,1987.0,0.0,SIMPEST
1987-12-29,1987.0,0.0,SIMPEST
1987-12-30,1987.0,0.0,SIMPEST
1987-12-31,1987.0,0.0,SIMPEST
1988-01-01,1988.0,0.0,SIMPEST
1988-01-02,1988.0,0.0,SIMPEST
1988-01-03,1988.0,0.0,SIMPEST
1988-01-04,1988.0,0.0,SIMPEST
1988-01-05,1988.0,0.0,SIMPEST
1988-01-06,1988.0,0.0,SIMPEST
1988-01-07,1988.0,0.0,SIMPEST
1988-01-08,1988.0,0.0,SIMPEST
1988-01-09,1988.0,0.0,SIMPEST
1988-01-10,1988.0,0.0,SIMPEST
1988-01-11,1988.0,0.0,SIMPEST
1988-01-12,1988.0,0.0,SIMPEST
1988-01-13,1988.0,0.0,SIMPEST
1988-01-14,1988.0,0.0,SIMPEST
1988-01-15,1988.0,0.0,SIMPEST
1988-01-16,1988.0,0.0,SIMPEST
1988-01-17,1988.0,0.0,SIMPEST
1988-01-18,1988.0,0.0,SIMPEST
1988-01-19,1988.0,0.0,SIMPEST
1988-01-20,1988.0,0.0,SIMPEST
1988-01-21,1988.0,0.0,SIMPEST
1988-01-22,1988.0,0.0,SIMPEST
1988-01-23,1988.0,0.0,SIMPEST
1988-01-24,1988.0,0.0,SIMPEST
1988-01-25,1988.0,0.0,SIMPEST
1988-01-26,1988.0,0.0,SIMPEST
1988-01-27,1988.0,0.0,SIMPEST
1988-01-28,1988.0,0.0,SIMPEST
1988-01-29,1988.0,0.0,SIMPEST
1988-01-30,1988.0,0.0,SIMPEST
1988-01-31,1988.0,0.0,SIMPEST
1988-02-01,1988.0,0.0,SIMPEST
1988-02-02,1988.0,0.0,SIMPEST
1988-02-03,1988.0,0.0,SIMPEST
1988-02-04,1988.0,0.0,SIMPEST
1988-02-05,1988.0,0.0,SIMPEST
1988-02-06,1988.0,0.0,SIMPEST
1988-02-07,1988.0,0.0,SIMPEST
1988-02-08,1988.0,0.0,SIMPEST
1988-02-09,1988.0,0.0,SIMPEST
1988-02-10,1988.0,0.0,SIMPEST
1988-02-11,1988.0,0.0,SIMPEST
1988-02-12,1988.0,0.0,SIMPEST
1988-02-13,1988.0,0.0,SIMPEST
1988-02-14,1988.0,0.0,SIMPEST
1988-02-15,1988.0,0.0,SIMPEST
1988-02-16,1988.0,0.0,SIMPEST
1988-02-17,1988.0,0.0,SIMPEST
1988-02-18,1988.0,0.0,SIMPEST
1988-02-19,1988.0,0.0,SIMPEST
1988-02-20,1988.0,0.0,SIMPEST
1988-02-21,1988.0,0.0,SIMPEST
1988-02-22,1988.0,0.0,SIMPEST
1988-02-23,1988.0,0.0,SIMPEST
1988-02-24,1988.0,0.0,SIMPEST
1988-02-25,1988.0,0.0,SIMPEST
1988-02-26,1988.0,0.0,SIMPEST
1988-02-27,1988.0,0.0,SIMPEST
1988-02-28,1988.0,0.0,SIMPEST
1988-02-29,1988.0,0.0,SIMPEST
1988-03-01,1988.0,0.0,SIMPEST
1988-03-02,1988.0,0.0,SIMPEST
1988-03-03,1988.0,0.0,SIMPEST
1988-03-04,1988.0,0.0,SIMPEST
1988-03-05,1988.0,0.0,SIMPEST
1988-03-06,1988.0,0.0,SIMPEST
1988-03-07,1988.0,0.0,SIMPEST
1988-03-08,1988.0,0.0,SIMPEST
1988-03-09,1988.0,0.0,SIMPEST
1988-03-10,1988.0,0.0,SIMPEST
1988-03-11,1988.0,0.0,SIMPEST
1988-03-12,1988.0,0.0,SIMPEST
1988-03-13,1988.0,0.0,SIMPEST
1988-03-14,1988.0,0.0,SIMPEST
1988-03-15,1988.0,0.0,SIMPEST
1988-03-16,1988.0,0.0,SIMPEST
1988-03-17,1988.0,0.0,SIMPEST
1988-03-18,1988.0,0.0,SIMPEST
1988-03-19,1988.0,0.0,SIMPEST
1988-03-20,1988.0,0.0,SIMPEST
1988-03-21,1988.0,0.0,SIMPEST
1988-03-22,1988.0,0.0,SIMPEST
1988-03-23,1988.0,0.0,SIMPEST
1988-03-24,1988.0,0.0,SIMPEST
1988-03-25,1988.0,0.0,SIMPEST
1988-03-26,1988.0,0.0,SIMPEST
1988-03-27,1988.0,0.0,SIMPEST
1988-03-28,1988.0,0.0,SIMPEST
1988-03-29,1988.0,0.0,SIMPEST
1988-03-30,1988.0,0.0,SIMPEST
1988-03-31,1988.0,0.0,SIMPEST
1988-04-01,1988.0,0.0,SIMPEST
1988-04-02,1988.0,0.0,SIMPEST
1988-04-03,1988.0,0.0,SIMPEST
1988-04-04,1988.0,0.0,SIMPEST
1988-04-05,1988.0,0.0,SIMPEST
1988-04-06,1988.0,0.0,SIMPEST
1988-04-07,1988.0,0.0,SIMPEST
1988-04-08,1988.0,0.0,SIMPEST
1988-04-09,1988.0,0.0,SIMPEST
1988-04-10,1988.0,0.0,SIMPEST
1988-04-11,1988.0,0.0,SIMPEST
1988-04-12,1988.0,0.0,SIMPEST
1988-04-13,1988.0,0.0,SIMPEST
1988-04-14,1988.0,0.0,SIMPEST
1988-04-15,1988.0,0.0,SIMPEST
1988-04-16,1988.0,0.0,SIMPEST
1988-04-17,1988.0,0.0,SIMPEST
1988-04-18,1988.0,0.0,SIMPEST
1988-04-19,1988.0,0.0,SIMPEST
1988-04-20,1988.0,0.0,SIMPEST
1988-04-21,1988.0,0.0,SIMPEST
1988-04-22,1988.0,0.0,SIMPEST
1988-04-23,1988.0,0.0,SIMPEST
1988-04-24,1988.0,0.0,SIMPEST
1988-04-25,1988.0,0.0,SIMPEST
1988-04-26,1988.0,0.0,SIMPEST
1988-04-27,1988.0,0.0,SIMPEST
1988-04-28,1988.0,0.0,SIMPEST
1988-04-29,1988.0,0.0,SIMPEST
1988-04-30,1988.0,0.0,SIMPEST
1988-05-01,1988.0,0.0,SIMPEST
1988-05-02,1988.0,0.0,SIMPEST
1988-05-03,1988.0,0.0,SIMPEST
1988-05-04,1988.0,0.0,SIMPEST
1988-05-05,1988.0,0.0,SIMPEST
1988-05-06,1988.0,0.0,SIMPEST
1988-05-07,1988.0,0.0,SIMPEST
1988-05-08,1988.0,0.0,SIMPEST
1988-05-09,1988.0,0.0,SIMPEST
1988-05-10,1988.0,0.0,SIMPEST
1988-05-11,1988.0,0.0,SIMPEST
1988-05-12,1988.0,0.0,SIMPEST
1988-05-13,1988.0,0.0,SIMPEST
1988-05-14,1988.0,0.0,SIMPEST
1988-05-15,1988.0,0.0,SIMPEST
1988-05-16,1988.0,0.0,SIMPEST
1988-05-17,1988.0,0.0,SIMPEST
1988-05-18,1988.0,0.949190349023,SIMPEST
1988-05-19,1988.0,0.9524685374550901,SIMPEST
1988-05-20,1988.0,0.95625041424492,SIMPEST
1988-05-21,1988.0,0.96065673237691,SIMPEST
1988-05-22,1988.0,3.98009994501553,SIMPEST
1988-05-23,1988.0,4.0016516706169,SIMPEST
1988-05-24,1988.0,4.02137700855816,SIMPEST
1988-05-25,1988.0,4.02137700855816,SIMPEST
1988-05-26,1988.0,4.02137700855816,SIMPEST
1988-05-27,1988.0,4.02137700855816,SIMPEST
1988-05-28,1988.0,4.02137700855816,SIMPEST
1988-05-29,1988.0,17.16218265969645,SIMPEST
1988-05-30,1988.0,24.584812997142098,SIMPEST
1988-05-31,1988.0,24.584812997142098,SIMPEST
1988-06-01,1988.0,34.51816998324555,SIMPEST
1988-06-02,1988.0,34.51816998324555,SIMPEST
1988-06-03,1988.0,34.51816998324555,SIMPEST
1988-06-04,1988.0,43.39832088736476,SIMPEST
1988-06-05,1988.0,43.39832088736476,SIMPEST
1988-06-06,1988.0,43.39832088736476,SIMPEST
1988-06-07,1988.0,43.39832088736476,SIMPEST
1988-06-08,1988.0,43.39832088736476,SIMPEST
1988-06-09,1988.0,43.39832088736476,SIMPEST
1988-06-10,1988.0,51.43865522755866,SIMPEST
1988-06-11,1988.0,56.05774392413818,SIMPEST
1988-06-12,1988.0,56.05774392413818,SIMPEST
1988-06-13,1988.0,56.05774392413818,SIMPEST
1988-06-14,1988.0,56.05774392413818,SIMPEST
1988-06-15,1988.0,56.05774392413818,SIMPEST
1988-06-16,1988.0,56.05774392413818,SIMPEST
1988-06-17,1988.0,56.05774392413818,SIMPEST
1988-06-18,1988.0,56.05774392413818,SIMPEST
1988-06-19,1988.0,56.05774392413818,SIMPEST
1988-06-20,1988.0,56.05774392413818,SIMPEST
1988-06-21,1988.0,56.057743924138194,SIMPEST
1988-06-22,1988.0,56.057743924138194,SIMPEST
1988-06-23,1988.0,56.057743924138194,SIMPEST
1988-06-24,1988.0,56.057743924138194,SIMPEST
1988-06-25,1988.0,56.057743924138194,SIMPEST
1988-06-26,1988.0,56.057743924138194,SIMPEST
1988-06-27,1988.0,56.057743924138194,SIMPEST
1988-06-28,1988.0,56.057743924138194,SIMPEST
1988-06-29,1988.0,57.89015771264284,SIMPEST
1988-06-30,1988.0,57.89015771264284,SIMPEST
1988-07-01,1988.0,57.89015771264284,SIMPEST
1988-07-02,1988.0,57.89015771264284,SIMPEST
1988-07-03,1988.0,57.89015771264284,SIMPEST
1988-07-04,1988.0,57.89015771264284,SIMPEST
1988-07-05,1988.0,57.89015771264284,SIMPEST
1988-07-06,1988.0,57.89015771264284,SIMPEST
1988-07-07,1988.0,57.89015771264284,SIMPEST
1988-07-08,1988.0,57.89015771264284,SIMPEST
1988-07-09,1988.0,57.89015771264284,SIMPEST
1988-07-10,1988.0,57.89015771264284,SIMPEST
1988-07-11,1988.0,57.89015771264284,SIMPEST
1988-07-12,1988.0,57.891823632564154,SIMPEST
1988-07-13,1988.0,57.89182363256414,SIMPEST
1988-07-14,1988.0,57.89182363256414,SIMPEST
1988-07-15,1988.0,57.89182363256414,SIMPEST
1988-07-16,1988.0,57.89182363256414,SIMPEST
1988-07-17,1988.0,57.89182363256414,SIMPEST
1988-07-18,1988.0,57.89182363256414,SIMPEST
1988-07-19,1988.0,57.90069337854267,SIMPEST
1988-07-20,1988.0,57.90069337854267,SIMPEST
1988-07-21,1988.0,57.90069337854267,SIMPEST
1988-07-22,1988.0,57.90069337854267,SIMPEST
1988-07-23,1988.0,57.90069337854267,SIMPEST
1988-07-24,1988.0,57.90069337854267,SIMPEST
1988-10-06,1988.0,0.0,SIMPEST
1988-10-07,1988.0,0.0,SIMPEST
1988-10-08,1988.0,0.0,SIMPEST
1988-10-09,1988.0,0.0,SIMPEST
1988-10-10,1988.0,0.0,SIMPEST
1988-10-11,1988.0,0.0,SIMPEST
1988-10-12,1988.0,0.0,SIMPEST
1988-10-13,1988.0,0.0,SIMPEST
1988-10-14,1988.0,0.0,SIMPEST
1988-10-15,1988.0,0.0,SIMPEST
1988-10-16,1988.0,0.0,SIMPEST
1988-10-17,1988.0,0.0,SIMPEST
1988-10-18,1988.0,0.0,SIMPEST
1988-10-19,1988.0,0.0,SIMPEST
1988-10-20,1988.0,0.0,SIMPEST
1988-10-21,1988.0,0.0,SIMPEST
1988-10-22,1988.0,0.0,SIMPEST
1988-10-23,1988.0,0.0,SIMPEST
1988-10-24,1988.0,0.0,SIMPEST
1988-10-25,1988.0,0.0,SIMPEST
1988-10-26,1988.0,0.0,SIMPEST
1988-10-27,1988.0,0.0,SIMPEST
1988-10-28,1988.0,0.0,SIMPEST
1988-10-29,1988.0,0.0,SIMPEST
1988-10-30,1988.0,0.0,SIMPEST
1988-10-31,1988.0,0.0,SIMPEST
1988-11-01,1988.0,0.0,SIMPEST
1988-11-02,1988.0,0.0,SIMPEST
1988-11-03,1988.0,0.0,SIMPEST
1988-11-04,1988.0,0.0,SIMPEST
1988-11-05,1988.0,0.0,SIMPEST
1988-11-06,1988.0,0.0,SIMPEST
1988-11-07,1988.0,0.0,SIMPEST
1988-11-08,1988.0,0.0,SIMPEST
1988-11-09,1988.0,0.0,SIMPEST
1988-11-10,1988.0,0.0,SIMPEST
1988-11-11,1988.0,0.0,SIMPEST
1988-11-12,1988.0,0.0,SIMPEST
1988-11-13,1988.0,0.0,SIMPEST
1988-11-14,1988.0,0.0,SIMPEST
1988-11-15,1988.0,0.0,SIMPEST
1988-11-16,1988.0,0.0,SIMPEST
1988-11-17,1988.0,0.0,SIMPEST
1988-11-18,1988.0,0.0,SIMPEST
1988-11-19,1988.0,0.0,SIMPEST
1988-11-20,1988.0,0.0,SIMPEST
1988-11-21,1988.0,0.0,SIMPEST
1988-11-22,1988.0,0.0,SIMPEST
1988-11-23,1988.0,0.0,SIMPEST
1988-11-24,1988.0,0.0,SIMPEST
1988-11-25,1988.0,0.0,SIMPEST
1988-11-26,1988.0,0.0,SIMPEST
1988-11-27,1988.0,0.0,SIMPEST
1988-11-28,1988.0,0.0,SIMPEST
1988-11-29,1988.0,0.0,SIMPEST
1988-11-30,1988.0,0.0,SIMPEST
1988-12-01,1988.0,0.0,SIMPEST
1988-12-02,1988.0,0.0,SIMPEST
1988-12-03,1988.0,0.0,SIMPEST
1988-12-04,1988.0,0.0,SIMPEST
1988-12-05,1988.0,0.0,SIMPEST
1988-12-06,1988.0,0.0,SIMPEST
1988-12-07,1988.0,0.0,SIMPEST
1988-12-08,1988.0,0.0,SIMPEST
1988-12-09,1988.0,0.0,SIMPEST
1988-12-10,1988.0,0.0,SIMPEST
1988-12-11,1988.0,0.0,SIMPEST
1988-12-12,1988.0,0.0,SIMPEST
1988-12-13,1988.0,0.0,SIMPEST
1988-12-14,1988.0,0.0,SIMPEST
1988-12-15,1988.0,0.0,SIMPEST
1988-12-16,1988.0,0.0,SIMPEST
1988-12-17,1988.0,0.0,SIMPEST
1988-12-18,1988.0,0.0,SIMPEST
1988-12-19,1988.0,0.0,SIMPEST
1988-12-20,1988.0,0.0,SIMPEST
1988-12-21,1988.0,0.0,SIMPEST
1988-12-22,1988.0,0.0,SIMPEST
1988-12-23,1988.0,0.0,SIMPEST
1988-12-24,1988.0,0.0,SIMPEST
1988-12-25,1988.0,0.0,SIMPEST
1988-12-26,1988.0,0.0,SIMPEST
1988-12-27,1988.0,0.0,SIMPEST
1988-12-28,1988.0,0.0,SIMPEST
1988-12-29,1988.0,0.0,SIMPEST
1988-12-30,1988.0,0.0,SIMPEST
1988-12-31,1988.0,0.0,SIMPEST
1989-01-01,1989.0,0.0,SIMPEST
1989-01-02,1989.0,0.0,SIMPEST
1989-01-03,1989.0,0.0,SIMPEST
1989-01-04,1989.0,0.0,SIMPEST
1989-01-05,1989.0,0.0,SIMPEST
1989-01-06,1989.0,0.0,SIMPEST
1989-01-07,1989.0,0.0,SIMPEST
1989-01-08,1989.0,0.0,SIMPEST
1989-01-09,1989.0,0.0,SIMPEST
1989-01-10,1989.0,0.0,SIMPEST
1989-01-11,1989.0,0.0,SIMPEST
1989-01-12,1989.0,0.0,SIMPEST
1989-01-13,1989.0,0.0,SIMPEST
1989-01-14,1989.0,0.0,SIMPEST
1989-01-15,1989.0,0.0,SIMPEST
1989-01-16,1989.0,0.0,SIMPEST
1989-01-17,1989.0,0.0,SIMPEST
1989-01-18,1989.0,0.0,SIMPEST
1989-01-19,1989.0,0.0,SIMPEST
1989-01-20,1989.0,0.0,SIMPEST
1989-01-21,1989.0,0.0,SIMPEST
1989-01-22,1989.0,0.0,SIMPEST
1989-01-23,1989.0,0.0,SIMPEST
1989-01-24,1989.0,0.0,SIMPEST
1989-01-25,1989.0,0.0,SIMPEST
1989-01-26,1989.0,0.0,SIMPEST
1989-01-27,1989.0,0.0,SIMPEST
1989-01-28,1989.0,0.0,SIMPEST
1989-01-29,1989.0,0.0,SIMPEST
1989-01-30,1989.0,0.0,SIMPEST
1989-01-31,1989.0,0.0,SIMPEST
1989-02-01,1989.0,0.0,SIMPEST
1989-02-02,1989.0,0.0,SIMPEST
1989-02-03,1989.0,0.0,SIMPEST
1989-02-04,1989.0,0.0,SIMPEST
1989-02-05,1989.0,0.0,SIMPEST
1989-02-06,1989.0,0.0,SIMPEST
1989-02-07,1989.0,0.0,SIMPEST
1989-02-08,1989.0,0.0,SIMPEST
1989-02-09,1989.0,0.0,SIMPEST
1989-02-10,1989.0,0.0,SIMPEST
1989-02-11,1989.0,0.0,SIMPEST
1989-02-12,1989.0,0.0,SIMPEST
1989-02-13,1989.0,0.0,SIMPEST
1989-02-14,1989.0,0.0,SIMPEST
1989-02-15,1989.0,0.0,SIMPEST
1989-02-16,1989.0,0.0,SIMPEST
1989-02-17,1989.0,0.0,SIMPEST
1989-02-18,1989.0,0.0,SIMPEST
1989-02-19,1989.0,0.0,SIMPEST
1989-02-20,1989.0,0.0,SIMPEST
1989-02-21,1989.0,0.0,SIMPEST
1989-02-22,1989.0,0.0,SIMPEST
1989-02-23,1989.0,0.0,SIMPEST
1989-02-24,1989.0,0.0,SIMPEST
1989-02-25,1989.0,0.0,SIMPEST
1989-02-26,1989.0,0.0,SIMPEST
1989-02-27,1989.0,0.0,SIMPEST
1989-02-28,1989.0,0.0,SIMPEST
1989-03-01,1989.0,0.0,SIMPEST
1989-03-02,1989.0,0.0,SIMPEST
1989-03-03,1989.0,0.0,SIMPEST
1989-03-04,1989.0,0.0,SIMPEST
1989-03-05,1989.0,0.0,SIMPEST
1989-03-06,1989.0,0.0,SIMPEST
1989-03-07,1989.0,0.0,SIMPEST
1989-03-08,1989.0,0.0,SIMPEST
1989-03-09,1989.0,0.0,SIMPEST
1989-03-10,1989.0,0.0,SIMPEST
1989-03-11,1989.0,0.0,SIMPEST
1989-03-12,1989.0,0.0,SIMPEST
1989-03-13,1989.0,0.0,SIMPEST
1989-03-14,1989.0,0.0,SIMPEST
1989-03-15,1989.0,0.0,SIMPEST
1989-03-16,1989.0,0.0,SIMPEST
1989-03-17,1989.0,0.0,SIMPEST
1989-03-18,1989.0,0.0,SIMPEST
1989-03-19,1989.0,0.0,SIMPEST
1989-03-20,1989.0,0.0,SIMPEST
1989-03-21,1989.0,0.0,SIMPEST
1989-03-22,1989.0,0.0,SIMPEST
1989-03-23,1989.0,0.0,SIMPEST
1989-03-24,1989.0,0.0,SIMPEST
1989-03-25,1989.0,0.0,SIMPEST
1989-03-26,1989.0,0.0,SIMPEST
1989-03-27,1989.0,0.0,SIMPEST
1989-03-28,1989.0,0.0,SIMPEST
1989-03-29,1989.0,0.0,SIMPEST
1989-03-30,1989.0,0.0,SIMPEST
1989-03-31,1989.0,0.0,SIMPEST
1989-04-01,1989.0,0.0,SIMPEST
1989-04-02,1989.0,0.0,SIMPEST
1989-04-03,1989.0,0.0,SIMPEST
1989-04-04,1989.0,0.0,SIMPEST
1989-04-05,1989.0,0.0,SIMPEST
1989-04-06,1989.0,0.0,SIMPEST
1989-04-07,1989.0,0.0,SIMPEST
1989-04-08,1989.0,0.0,SIMPEST
1989-04-09,1989.0,0.0,SIMPEST
1989-04-10,1989.0,0.0,SIMPEST
1989-04-11,1989.0,0.0,SIMPEST
1989-04-12,1989.0,0.0,SIMPEST
1989-04-13,1989.0,0.0,SIMPEST
1989-04-14,1989.0,0.0,SIMPEST
1989-04-15,1989.0,0.0,SIMPEST
1989-04-16,1989.0,0.0,SIMPEST
1989-04-17,1989.0,0.0,SIMPEST
1989-04-18,1989.0,0.0,SIMPEST
1989-04-19,1989.0,0.0,SIMPEST
1989-04-20,1989.0,0.0,SIMPEST
1989-04-21,1989.0,0.0,SIMPEST
1989-04-22,1989.0,0.0,SIMPEST
1989-04-23,1989.0,0.0,SIMPEST
1989-04-24,1989.0,0.0,SIMPEST
1989-04-25,1989.0,0.0,SIMPEST
1989-04-26,1989.0,0.0,SIMPEST
1989-04-27,1989.0,0.0,SIMPEST
1989-04-28,1989.0,0.0,SIMPEST
1989-04-29,1989.0,0.0,SIMPEST
1989-04-30,1989.0,0.0,SIMPEST
1989-05-01,1989.0,0.0,SIMPEST
1989-05-02,1989.0,0.0,SIMPEST
1989-05-03,1989.0,0.0,SIMPEST
1989-05-04,1989.0,0.0,SIMPEST
1989-05-05,1989.0,0.0,SIMPEST
1989-05-06,1989.0,0.0,SIMPEST
1989-05-07,1989.0,0.0,SIMPEST
1989-05-08,1989.0,0.0,SIMPEST
1989-05-09,1989.0,0.0,SIMPEST
1989-05-10,1989.0,0.0,SIMPEST
1989-05-11,1989.0,0.0,SIMPEST
1989-05-12,1989.0,0.0,SIMPEST
1989-05-13,1989.0,0.0,SIMPEST
1989-05-14,1989.0,0.0,SIMPEST
1989-05-15,1989.0,0.0,SIMPEST
1989-05-16,1989.0,0.0,SIMPEST
1989-05-17,1989.0,0.0,SIMPEST
1989-05-18,1989.0,0.0,SIMPEST
1989-05-19,1989.0,0.0,SIMPEST
1989-05-20,1989.0,0.0,SIMPEST
1989-05-21,1989.0,0.0,SIMPEST
1989-05-22,1989.0,0.0,SIMPEST
1989-05-23,1989.0,0.0,SIMPEST
1989-05-24,1989.0,0.0,SIMPEST
1989-05-25,1989.0,0.0,SIMPEST
1989-05-26,1989.0,0.0,SIMPEST
1989-05-27,1989.0,3.04453210379341,SIMPEST
1989-05-28,1989.0,3.0518588041167902,SIMPEST
1989-05-29,1989.0,3.06508175680311,SIMPEST
1989-05-30,1989.0,6.637071271331981,SIMPEST
1989-05-31,1989.0,6.67039785434609,SIMPEST
1989-06-01,1989.0,6.7069804490034395,SIMPEST
1989-06-02,1989.0,6.7069804490034395,SIMPEST
1989-06-03,1989.0,6.7069804490034395,SIMPEST
1989-06-04,1989.0,6.7069804490034395,SIMPEST
1989-06-05,1989.0,6.7069804490034395,SIMPEST
1989-06-06,1989.0,20.64897185235818,SIMPEST
1989-06-07,1989.0,32.34911980016285,SIMPEST
1989-06-08,1989.0,32.34911980016285,SIMPEST
1989-06-09,1989.0,41.66137189940795,SIMPEST
1989-06-10,1989.0,41.66137189940795,SIMPEST
1989-06-11,1989.0,41.66137189940795,SIMPEST
1989-06-12,1989.0,51.3845439859772,SIMPEST
1989-06-13,1989.0,58.58567815368995,SIMPEST
1989-06-14,1989.0,58.58567815368995,SIMPEST
1989-06-15,1989.0,64.29073849116419,SIMPEST
1989-06-16,1989.0,64.29073849116419,SIMPEST
1989-06-17,1989.0,67.18324539429354,SIMPEST
1989-06-18,1989.0,70.17787983589325,SIMPEST
1989-06-19,1989.0,74.33090735070282,SIMPEST
1989-06-20,1989.0,77.56447151597075,SIMPEST
1989-06-21,1989.0,80.26487921553756,SIMPEST
1989-06-22,1989.0,80.26487921553756,SIMPEST
1989-06-23,1989.0,80.26552018431397,SIMPEST
1989-06-24,1989.0,80.26552018431397,SIMPEST
1989-06-25,1989.0,80.26552018431397,SIMPEST
1989-06-26,1989.0,81.24036181515521,SIMPEST
1989-06-27,1989.0,81.24036181515521,SIMPEST
1989-06-28,1989.0,81.24036181515521,SIMPEST
1989-06-29,1989.0,82.52198249001415,SIMPEST
1989-06-30,1989.0,83.2470722246661,SIMPEST
1989-07-01,1989.0,83.62785392692984,SIMPEST
1989-07-02,1989.0,83.94743738705262,SIMPEST
1989-07-03,1989.0,83.94743738705262,SIMPEST
1989-07-04,1989.0,83.94743738705262,SIMPEST
1989-07-05,1989.0,84.03180568384207,SIMPEST
1989-07-06,1989.0,84.03180568384207,SIMPEST
1989-07-07,1989.0,84.03180568384208,SIMPEST
1989-07-08,1989.0,84.03180568384208,SIMPEST
1989-07-09,1989.0,84.03180568384208,SIMPEST
1989-07-10,1989.0,84.03180568384208,SIMPEST
1989-07-11,1989.0,84.03180568384208,SIMPEST
1989-07-12,1989.0,84.03180568384208,SIMPEST
1989-07-13,1989.0,84.03180568384207,SIMPEST
1989-07-14,1989.0,84.03180568384207,SIMPEST
1989-07-15,1989.0,84.03180568384207,SIMPEST
1989-07-16,1989.0,84.03180568384207,SIMPEST
1989-07-17,1989.0,84.03180568384207,SIMPEST
1989-07-18,1989.0,84.03180568384207,SIMPEST
1989-07-19,1989.0,84.03180568384207,SIMPEST
1989-07-20,1989.0,84.03180568384207,SIMPEST
1989-07-21,1989.0,84.03180568384207,SIMPEST
1989-07-22,1989.0,84.03180568384207,SIMPEST
1989-07-23,1989.0,84.03180568384207,SIMPEST
1989-07-24,1989.0,84.03180568384207,SIMPEST
1989-07-25,1989.0,84.03180568384207,SIMPEST
1989-07-26,1989.0,84.03180568384207,SIMPEST
1989-07-27,1989.0,84.03180568384207,SIMPEST
1989-07-28,1989.0,84.03180568384207,SIMPEST
1989-07-29,1989.0,84.03180568384207,SIMPEST
1989-07-30,1989.0,84.03180568384207,SIMPEST
1989-10-02,1989.0,0.0,SIMPEST
1989-10-03,1989.0,0.0,SIMPEST
1989-10-04,1989.0,0.0,SIMPEST
1989-10-05,1989.0,0.0,SIMPEST
1989-10-06,1989.0,0.0,SIMPEST
1989-10-07,1989.0,0.0,SIMPEST
1989-10-08,1989.0,0.0,SIMPEST
1989-10-09,1989.0,0.0,SIMPEST
1989-10-10,1989.0,0.0,SIMPEST
1989-10-11,1989.0,0.0,SIMPEST
1989-10-12,1989.0,0.0,SIMPEST
1989-10-13,1989.0,0.0,SIMPEST
1989-10-14,1989.0,0.0,SIMPEST
1989-10-15,1989.0,0.0,SIMPEST
1989-10-16,1989.0,0.0,SIMPEST
1989-10-17,1989.0,0.0,SIMPEST
1989-10-18,1989.0,0.0,SIMPEST
1989-10-19,1989.0,0.0,SIMPEST
1989-10-20,1989.0,0.0,SIMPEST
1989-10-21,1989.0,0.0,SIMPEST
1989-10-22,1989.0,0.0,SIMPEST
1989-10-23,1989.0,0.0,SIMPEST
1989-10-24,1989.0,0.0,SIMPEST
1989-10-25,1989.0,0.0,SIMPEST
1989-10-26,1989.0,0.0,SIMPEST
1989-10-27,1989.0,0.0,SIMPEST
1989-10-28,1989.0,0.0,SIMPEST
1989-10-29,1989.0,0.0,SIMPEST
1989-10-30,1989.0,0.0,SIMPEST
1989-10-31,1989.0,0.0,SIMPEST
1989-11-01,1989.0,0.0,SIMPEST
1989-11-02,1989.0,0.0,SIMPEST
1989-11-03,1989.0,0.0,SIMPEST
1989-11-04,1989.0,0.0,SIMPEST
1989-11-05,1989.0,0.0,SIMPEST
1989-11-06,1989.0,0.0,SIMPEST
1989-11-07,1989.0,0.0,SIMPEST
1989-11-08,1989.0,0.0,SIMPEST
1989-11-09,1989.0,0.0,SIMPEST
1989-11-10,1989.0,0.0,SIMPEST
1989-11-11,1989.0,0.0,SIMPEST
1989-11-12,1989.0,0.0,SIMPEST
1989-11-13,1989.0,0.0,SIMPEST
1989-11-14,1989.0,0.0,SIMPEST
1989-11-15,1989.0,0.0,SIMPEST
1989-11-16,1989.0,0.0,SIMPEST
1989-11-17,1989.0,0.0,SIMPEST
1989-11-18,1989.0,0.0,SIMPEST
1989-11-19,1989.0,0.0,SIMPEST
1989-11-20,1989.0,0.0,SIMPEST
1989-11-21,1989.0,0.0,SIMPEST
1989-11-22,1989.0,0.0,SIMPEST
1989-11-23,1989.0,0.0,SIMPEST
1989-11-24,1989.0,0.0,SIMPEST
1989-11-25,1989.0,0.0,SIMPEST
1989-11-26,1989.0,0.0,SIMPEST
1989-11-27,1989.0,0.0,SIMPEST
1989-11-28,1989.0,0.0,SIMPEST
1989-11-29,1989.0,0.0,SIMPEST
1989-11-30,1989.0,0.0,SIMPEST
1989-12-01,1989.0,0.0,SIMPEST
1989-12-02,1989.0,0.0,SIMPEST
1989-12-03,1989.0,0.0,SIMPEST
1989-12-04,1989.0,0.0,SIMPEST
1989-12-05,1989.0,0.0,SIMPEST
1989-12-06,1989.0,0.0,SIMPEST
1989-12-07,1989.0,0.0,SIMPEST
1989-12-08,1989.0,0.0,SIMPEST
1989-12-09,1989.0,0.0,SIMPEST
1989-12-10,1989.0,0.0,SIMPEST
1989-12-11,1989.0,0.0,SIMPEST
1989-12-12,1989.0,0.0,SIMPEST
1989-12-13,1989.0,0.0,SIMPEST
1989-12-14,1989.0,0.0,SIMPEST
1989-12-15,1989.0,0.0,SIMPEST
1989-12-16,1989.0,0.0,SIMPEST
1989-12-17,1989.0,0.0,SIMPEST
1989-12-18,1989.0,0.0,SIMPEST
1989-12-19,1989.0,0.0,SIMPEST
1989-12-20,1989.0,0.0,SIMPEST
1989-12-21,1989.0,0.0,SIMPEST
1989-12-22,1989.0,0.0,SIMPEST
1989-12-23,1989.0,0.0,SIMPEST
1989-12-24,1989.0,0.0,SIMPEST
1989-12-25,1989.0,0.0,SIMPEST
1989-12-26,1989.0,0.0,SIMPEST
1989-12-27,1989.0,0.0,SIMPEST
1989-12-28,1989.0,0.0,SIMPEST
1989-12-29,1989.0,0.0,SIMPEST
1989-12-30,1989.0,0.0,SIMPEST
1989-12-31,1989.0,0.0,SIMPEST
1990-01-01,1990.0,0.0,SIMPEST
1990-01-02,1990.0,0.0,SIMPEST
1990-01-03,1990.0,0.0,SIMPEST
1990-01-04,1990.0,0.0,SIMPEST
1990-01-05,1990.0,0.0,SIMPEST
1990-01-06,1990.0,0.0,SIMPEST
1990-01-07,1990.0,0.0,SIMPEST
1990-01-08,1990.0,0.0,SIMPEST
1990-01-09,1990.0,0.0,SIMPEST
1990-01-10,1990.0,0.0,SIMPEST
1990-01-11,1990.0,0.0,SIMPEST
1990-01-12,1990.0,0.0,SIMPEST
1990-01-13,1990.0,0.0,SIMPEST
1990-01-14,1990.0,0.0,SIMPEST
1990-01-15,1990.0,0.0,SIMPEST
1990-01-16,1990.0,0.0,SIMPEST
1990-01-17,1990.0,0.0,SIMPEST
1990-01-18,1990.0,0.0,SIMPEST
1990-01-19,1990.0,0.0,SIMPEST
1990-01-20,1990.0,0.0,SIMPEST
1990-01-21,1990.0,0.0,SIMPEST
1990-01-22,1990.0,0.0,SIMPEST
1990-01-23,1990.0,0.0,SIMPEST
1990-01-24,1990.0,0.0,SIMPEST
1990-01-25,1990.0,0.0,SIMPEST
1990-01-26,1990.0,0.0,SIMPEST
1990-01-27,1990.0,0.0,SIMPEST
1990-01-28,1990.0,0.0,SIMPEST
1990-01-29,1990.0,0.0,SIMPEST
1990-01-30,1990.0,0.0,SIMPEST
1990-01-31,1990.0,0.0,SIMPEST
1990-02-01,1990.0,0.0,SIMPEST
1990-02-02,1990.0,0.0,SIMPEST
1990-02-03,1990.0,0.0,SIMPEST
1990-02-04,1990.0,0.0,SIMPEST
1990-02-05,1990.0,0.0,SIMPEST
1990-02-06,1990.0,0.0,SIMPEST
1990-02-07,1990.0,0.0,SIMPEST
1990-02-08,1990.0,0.0,SIMPEST
1990-02-09,1990.0,0.0,SIMPEST
1990-02-10,1990.0,0.0,SIMPEST
1990-02-11,1990.0,0.0,SIMPEST
1990-02-12,1990.0,0.0,SIMPEST
1990-02-13,1990.0,0.0,SIMPEST
1990-02-14,1990.0,0.0,SIMPEST
1990-02-15,1990.0,0.0,SIMPEST
1990-02-16,1990.0,0.0,SIMPEST
1990-02-17,1990.0,0.0,SIMPEST
1990-02-18,1990.0,0.0,SIMPEST
1990-02-19,1990.0,0.0,SIMPEST
1990-02-20,1990.0,0.0,SIMPEST
1990-02-21,1990.0,0.0,SIMPEST
1990-02-22,1990.0,0.0,SIMPEST
1990-02-23,1990.0,0.0,SIMPEST
1990-02-24,1990.0,0.0,SIMPEST
1990-02-25,1990.0,0.0,SIMPEST
1990-02-26,1990.0,0.0,SIMPEST
1990-02-27,1990.0,0.0,SIMPEST
1990-02-28,1990.0,0.0,SIMPEST
1990-03-01,1990.0,0.0,SIMPEST
1990-03-02,1990.0,0.0,SIMPEST
1990-03-03,1990.0,0.0,SIMPEST
1990-03-04,1990.0,0.0,SIMPEST
1990-03-05,1990.0,0.0,SIMPEST
1990-03-06,1990.0,0.0,SIMPEST
1990-03-07,1990.0,0.0,SIMPEST
1990-03-08,1990.0,0.0,SIMPEST
1990-03-09,1990.0,0.0,SIMPEST
1990-03-10,1990.0,0.0,SIMPEST
1990-03-11,1990.0,0.0,SIMPEST
1990-03-12,1990.0,0.0,SIMPEST
1990-03-13,1990.0,0.0,SIMPEST
1990-03-14,1990.0,0.0,SIMPEST
1990-03-15,1990.0,0.0,SIMPEST
1990-03-16,1990.0,0.0,SIMPEST
1990-03-17,1990.0,0.0,SIMPEST
1990-03-18,1990.0,0.0,SIMPEST
1990-03-19,1990.0,0.0,SIMPEST
1990-03-20,1990.0,0.0,SIMPEST
1990-03-21,1990.0,0.0,SIMPEST
1990-03-22,1990.0,0.0,SIMPEST
1990-03-23,1990.0,0.0,SIMPEST
1990-03-24,1990.0,0.0,SIMPEST
1990-03-25,1990.0,0.0,SIMPEST
1990-03-26,1990.0,0.0,SIMPEST
1990-03-27,1990.0,0.0,SIMPEST
1990-03-28,1990.0,0.0,SIMPEST
1990-03-29,1990.0,0.0,SIMPEST
1990-03-30,1990.0,0.0,SIMPEST
1990-03-31,1990.0,0.0,SIMPEST
1990-04-01,1990.0,0.0,SIMPEST
1990-04-02,1990.0,0.0,SIMPEST
1990-04-03,1990.0,0.0,SIMPEST
1990-04-04,1990.0,0.0,SIMPEST
1990-04-05,1990.0,0.0,SIMPEST
1990-04-06,1990.0,0.0,SIMPEST
1990-04-07,1990.0,0.0,SIMPEST
1990-04-08,1990.0,0.0,SIMPEST
1990-04-09,1990.0,0.0,SIMPEST
1990-04-10,1990.0,0.0,SIMPEST
1990-04-11,1990.0,0.0,SIMPEST
1990-04-12,1990.0,0.0,SIMPEST
1990-04-13,1990.0,0.0,SIMPEST
1990-04-14,1990.0,0.0,SIMPEST
1990-04-15,1990.0,0.0,SIMPEST
1990-04-16,1990.0,0.0,SIMPEST
1990-04-17,1990.0,0.0,SIMPEST
1990-04-18,1990.0,0.0,SIMPEST
1990-04-19,1990.0,0.0,SIMPEST
1990-04-20,1990.0,0.0,SIMPEST
1990-04-21,1990.0,0.0,SIMPEST
1990-04-22,1990.0,0.0,SIMPEST
1990-04-23,1990.0,0.0,SIMPEST
1990-04-24,1990.0,0.0,SIMPEST
1990-04-25,1990.0,0.0,SIMPEST
1990-04-26,1990.0,0.0,SIMPEST
1990-04-27,1990.0,0.0,SIMPEST
1990-04-28,1990.0,0.0,SIMPEST
1990-04-29,1990.0,0.0,SIMPEST
1990-04-30,1990.0,0.0,SIMPEST
1990-05-01,1990.0,0.0,SIMPEST
1990-05-02,1990.0,0.0,SIMPEST
1990-05-03,1990.0,0.0,SIMPEST
1990-05-04,1990.0,0.0,SIMPEST
1990-05-05,1990.0,0.0,SIMPEST
1990-05-06,1990.0,0.0,SIMPEST
1990-05-07,1990.0,0.0,SIMPEST
1990-05-08,1990.0,1.70830466339401,SIMPEST
1990-05-09,1990.0,1.7153650568451502,SIMPEST
1990-05-10,1990.0,4.04570956045397,SIMPEST
1990-05-11,1990.0,4.0523815682335105,SIMPEST
1990-05-12,1990.0,4.06276981716338,SIMPEST
1990-05-13,1990.0,4.07371332720917,SIMPEST
1990-05-14,1990.0,4.0864486128085495,SIMPEST
1990-05-15,1990.0,4.10705555691527,SIMPEST
1990-05-16,1990.0,8.86336144061168,SIMPEST
1990-05-17,1990.0,8.86336144061168,SIMPEST
1990-05-18,1990.0,8.86336144061168,SIMPEST
1990-05-19,1990.0,8.86336144061168,SIMPEST
1990-05-20,1990.0,8.86336144061168,SIMPEST
1990-05-21,1990.0,8.86336144061168,SIMPEST
1990-05-22,1990.0,8.86336144061168,SIMPEST
1990-05-23,1990.0,8.86336144061168,SIMPEST
1990-05-24,1990.0,8.86336144061168,SIMPEST
1990-05-25,1990.0,8.86336144061168,SIMPEST
1990-05-26,1990.0,22.99559179532541,SIMPEST
1990-05-27,1990.0,22.99559179532541,SIMPEST
1990-05-28,1990.0,31.540236297836337,SIMPEST
1990-05-29,1990.0,31.540236297836337,SIMPEST
1990-05-30,1990.0,38.43737943234889,SIMPEST
1990-05-31,1990.0,38.43737943234889,SIMPEST
1990-06-01,1990.0,38.43737943234889,SIMPEST
1990-06-02,1990.0,38.43737943234889,SIMPEST
1990-06-03,1990.0,38.43737943234889,SIMPEST
1990-06-04,1990.0,43.62192380805525,SIMPEST
1990-06-05,1990.0,43.62192380805525,SIMPEST
1990-06-06,1990.0,43.6333944756366,SIMPEST
1990-06-07,1990.0,51.273917388520275,SIMPEST
1990-06-08,1990.0,58.41845581418388,SIMPEST
1990-06-09,1990.0,62.925555662489764,SIMPEST
1990-06-10,1990.0,62.926618719902706,SIMPEST
1990-06-11,1990.0,67.47998009009879,SIMPEST
1990-06-12,1990.0,67.47998009009879,SIMPEST
1990-06-13,1990.0,67.47998009009879,SIMPEST
1990-06-14,1990.0,71.67688846229645,SIMPEST
1990-06-15,1990.0,71.67688846229645,SIMPEST
1990-06-16,1990.0,71.67688846229643,SIMPEST
1990-06-17,1990.0,71.67688846229643,SIMPEST
1990-06-18,1990.0,71.67688846229645,SIMPEST
1990-06-19,1990.0,73.44193915915847,SIMPEST
1990-06-20,1990.0,74.57951172955634,SIMPEST
1990-06-21,1990.0,74.57951172955634,SIMPEST
1990-06-22,1990.0,74.57951172955634,SIMPEST
1990-06-23,1990.0,74.5818190412265,SIMPEST
1990-06-24,1990.0,74.75123964961614,SIMPEST
1990-06-25,1990.0,74.8357855536821,SIMPEST
1990-06-26,1990.0,74.8357855536821,SIMPEST
1990-06-27,1990.0,74.8357855536821,SIMPEST
1990-06-28,1990.0,74.8357855536821,SIMPEST
1990-06-29,1990.0,74.8357855536821,SIMPEST
1990-06-30,1990.0,74.83585734092748,SIMPEST
1990-07-01,1990.0,74.83585734092748,SIMPEST
1990-07-02,1990.0,74.83585734092748,SIMPEST
1990-07-03,1990.0,74.83585734092748,SIMPEST
1990-07-04,1990.0,74.83585734092748,SIMPEST
1990-07-05,1990.0,74.83585734092748,SIMPEST
1990-07-06,1990.0,74.83585734092748,SIMPEST
1990-07-07,1990.0,74.83585734092748,SIMPEST
1990-07-08,1990.0,74.83585734092748,SIMPEST
1990-07-09,1990.0,74.83585734092748,SIMPEST
1990-07-10,1990.0,74.83585734092748,SIMPEST
1990-07-11,1990.0,74.83585734092748,SIMPEST
1990-07-12,1990.0,74.83585734092748,SIMPEST
1990-07-13,1990.0,74.83585734092748,SIMPEST
1990-07-14,1990.0,74.83585734092748,SIMPEST
1990-07-15,1990.0,74.83585734092748,SIMPEST
1990-07-16,1990.0,74.83585734092748,SIMPEST
1990-07-17,1990.0,74.83585734092748,SIMPEST
1990-10-01,1990.0,0.0,SIMPEST
1990-10-02,1990.0,0.0,SIMPEST
1990-10-03,1990.0,0.0,SIMPEST
1990-10-04,1990.0,0.0,SIMPEST
1990-10-05,1990.0,0.0,SIMPEST
1990-10-06,1990.0,0.0,SIMPEST
1990-10-07,1990.0,0.0,SIMPEST
1990-10-08,1990.0,0.0,SIMPEST
1990-10-09,1990.0,0.0,SIMPEST
1990-10-10,1990.0,0.0,SIMPEST
1990-10-11,1990.0,0.0,SIMPEST
1990-10-12,1990.0,0.0,SIMPEST
1990-10-13,1990.0,0.0,SIMPEST
1990-10-14,1990.0,0.0,SIMPEST
1990-10-15,1990.0,0.0,SIMPEST
1990-10-16,1990.0,0.0,SIMPEST
1990-10-17,1990.0,0.0,SIMPEST
1990-10-18,1990.0,0.0,SIMPEST
1990-10-19,1990.0,0.0,SIMPEST
1990-10-20,1990.0,0.0,SIMPEST
1990-10-21,1990.0,0.0,SIMPEST
1990-10-22,1990.0,0.0,SIMPEST
1990-10-23,1990.0,0.0,SIMPEST
1990-10-24,1990.0,0.0,SIMPEST
1990-10-25,1990.0,0.0,SIMPEST
1990-10-26,1990.0,0.0,SIMPEST
1990-10-27,1990.0,0.0,SIMPEST
1990-10-28,1990.0,0.0,SIMPEST
1990-10-29,1990.0,0.0,SIMPEST
1990-10-30,1990.0,0.0,SIMPEST
1990-10-31,1990.0,0.0,SIMPEST
1990-11-01,1990.0,0.0,SIMPEST
1990-11-02,1990.0,0.0,SIMPEST
1990-11-03,1990.0,0.0,SIMPEST
1990-11-04,1990.0,0.0,SIMPEST
1990-11-05,1990.0,0.0,SIMPEST
1990-11-06,1990.0,0.0,SIMPEST
1990-11-07,1990.0,0.0,SIMPEST
1990-11-08,1990.0,0.0,SIMPEST
1990-11-09,1990.0,0.0,SIMPEST
1990-11-10,1990.0,0.0,SIMPEST
1990-11-11,1990.0,0.0,SIMPEST
1990-11-12,1990.0,0.0,SIMPEST
1990-11-13,1990.0,0.0,SIMPEST
1990-11-14,1990.0,0.0,SIMPEST
1990-11-15,1990.0,0.0,SIMPEST
1990-11-16,1990.0,0.0,SIMPEST
1990-11-17,1990.0,0.0,SIMPEST
1990-11-18,1990.0,0.0,SIMPEST
1990-11-19,1990.0,0.0,SIMPEST
1990-11-20,1990.0,0.0,SIMPEST
1990-11-21,1990.0,0.0,SIMPEST
1990-11-22,1990.0,0.0,SIMPEST
1990-11-23,1990.0,0.0,SIMPEST
1990-11-24,1990.0,0.0,SIMPEST
1990-11-25,1990.0,0.0,SIMPEST
1990-11-26,1990.0,0.0,SIMPEST
1990-11-27,1990.0,0.0,SIMPEST
1990-11-28,1990.0,0.0,SIMPEST
1990-11-29,1990.0,0.0,SIMPEST
1990-11-30,1990.0,0.0,SIMPEST
1990-12-01,1990.0,0.0,SIMPEST
1990-12-02,1990.0,0.0,SIMPEST
1990-12-03,1990.0,0.0,SIMPEST
1990-12-04,1990.0,0.0,SIMPEST
1990-12-05,1990.0,0.0,SIMPEST
1990-12-06,1990.0,0.0,SIMPEST
1990-12-07,1990.0,0.0,SIMPEST
1990-12-08,1990.0,0.0,SIMPEST
1990-12-09,1990.0,0.0,SIMPEST
1990-12-10,1990.0,0.0,SIMPEST
1990-12-11,1990.0,0.0,SIMPEST
1990-12-12,1990.0,0.0,SIMPEST
1990-12-13,1990.0,0.0,SIMPEST
1990-12-14,1990.0,0.0,SIMPEST
1990-12-15,1990.0,0.0,SIMPEST
1990-12-16,1990.0,0.0,SIMPEST
1990-12-17,1990.0,0.0,SIMPEST
1990-12-18,1990.0,0.0,SIMPEST
1990-12-19,1990.0,0.0,SIMPEST
1990-12-20,1990.0,0.0,SIMPEST
1990-12-21,1990.0,0.0,SIMPEST
1990-12-22,1990.0,0.0,SIMPEST
1990-12-23,1990.0,0.0,SIMPEST
1990-12-24,1990.0,0.0,SIMPEST
1990-12-25,1990.0,0.0,SIMPEST
1990-12-26,1990.0,0.0,SIMPEST
1990-12-27,1990.0,0.0,SIMPEST
1990-12-28,1990.0,0.0,SIMPEST
1990-12-29,1990.0,0.0,SIMPEST
1990-12-30,1990.0,0.0,SIMPEST
1990-12-31,1990.0,0.0,SIMPEST
1973-05-24,1973.0,,Reference
1973-07-06,1973.0,,Reference
1974-05-21,1974.0,,Reference
1974-07-08,1974.0,,Reference
1975-05-23,1975.0,,Reference
1975-07-07,1975.0,,Reference
1976-05-12,1976.0,,Reference
1976-07-07,1976.0,,Reference
1977-05-12,1977.0,,Reference
1977-07-06,1977.0,,Reference
1978-06-04,1978.0,,Reference
1978-07-17,1978.0,,Reference
1979-05-26,1979.0,,Reference
1979-07-17,1979.0,,Reference
1980-05-24,1980.0,,Reference
1980-07-10,1980.0,,Reference
1981-05-22,1981.0,,Reference
1981-07-09,1981.0,,Reference
1982-05-31,1982.0,,Reference
1982-07-08,1982.0,,Reference
1983-05-24,1983.0,,Reference
1983-07-08,1983.0,,Reference
1984-05-31,1984.0,,Reference
1984-07-09,1984.0,,Reference
1985-05-07,1985.0,,Reference
1985-06-29,1985.0,,Reference
1986-05-13,1986.0,,Reference
1986-07-16,1986.0,,Reference
1987-05-14,1987.0,,Reference
1987-07-24,1987.0,,Reference
1988-05-15,1988.0,,Reference
1988-06-26,1988.0,,Reference
1989-05-20,1989.0,,Reference
1989-07-06,1989.0,,Reference
1990-05-15,1990.0,,Reference
1990-07-03,1990.0,,Reference
1991-05-10,1991.0,,Reference
1991-06-21,1991.0,,Reference
1973-05-11,1973.0,8.955414031,Reference
1973-05-17,1973.0,28.00956052,Reference
1973-05-24,1973.0,30.25076132,Reference
1973-06-01,1973.0,46.8118251,Reference
1973-06-06,1973.0,51.85992219,Reference
1973-06-13,1973.0,77.26464635,Reference
1973-06-21,1973.0,95.42077151,Reference
1973-06-23,1973.0,96.27189003,Reference
1974-05-07,1974.0,5.2252825,Reference
1974-05-14,1974.0,10.1217561,Reference
1974-05-21,1974.0,20.88350606,Reference
1974-05-28,1974.0,32.08005486,Reference
1974-06-04,1974.0,46.66284743,Reference
1974-06-11,1974.0,74.23616907,Reference
1974-06-17,1974.0,94.7849001,Reference
1974-06-24,1974.0,97.77039486,Reference
1975-05-14,1975.0,3.7768516,Reference
1975-05-23,1975.0,20.4845237,Reference
1975-05-30,1975.0,37.8851828,Reference
1975-06-06,1975.0,43.58860084,Reference
1975-06-13,1975.0,56.18053182,Reference
1975-06-15,1975.0,64.98439182,Reference
1976-04-16,1976.0,0.313705456,Reference
1976-04-23,1976.0,0.630786871,Reference
1976-04-30,1976.0,1.423573351,Reference
1976-05-07,1976.0,2.731386975,Reference
1976-05-13,1976.0,8.301055191,Reference
1976-05-20,1976.0,16.5222169,Reference
1976-06-03,1976.0,31.83309408,Reference
1976-06-10,1976.0,59.15611244,Reference
1976-06-20,1976.0,89.98015035,Reference
1977-05-25,1977.0,20.2864425,Reference
1977-05-31,1977.0,45.18599559,Reference
1977-06-09,1977.0,74.42368642,Reference
1978-05-30,1978.0,11.80784739,Reference
1978-06-05,1978.0,27.54853868,Reference
1978-06-12,1978.0,23.46233264,Reference
1978-06-20,1978.0,35.8972656,Reference
1978-06-27,1978.0,49.2274276,Reference
1979-05-14,1979.0,1.000742836,Reference
1979-05-21,1979.0,3.599707344,Reference
1979-05-29,1979.0,6.421884016,Reference
1979-06-03,1979.0,26.18803296,Reference
1979-06-11,1979.0,40.89643887,Reference
1979-06-19,1979.0,70.90104152,Reference
1980-05-14,1980.0,0.0,Reference
1980-05-21,1980.0,0.003002164,Reference
1980-06-02,1980.0,12.03693726,Reference
1980-06-06,1980.0,20.88350606,Reference
1980-06-15,1980.0,41.17582938,Reference
1980-06-29,1980.0,86.10477346,Reference
1981-05-04,1981.0,15.12180576,Reference
1981-05-12,1981.0,26.75079788,Reference
1981-05-19,1981.0,36.55402972,Reference
1981-05-26,1981.0,60.672455,Reference
1981-06-02,1981.0,60.8421125,Reference
1981-06-09,1981.0,76.31178476,Reference
1981-06-15,1981.0,87.31941176,Reference
1981-06-30,1981.0,97.77039486,Reference
1982-05-27,1982.0,1.423573351,Reference
1982-06-04,1982.0,1.248096199,Reference
1982-06-10,1982.0,7.062836911,Reference
1982-06-20,1982.0,64.63403192,Reference
1983-05-10,1983.0,0.871549231,Reference
1983-05-17,1983.0,4.523028304,Reference
1983-05-24,1983.0,18.83079578,Reference
1983-05-31,1983.0,29.41518584,Reference
1983-06-07,1983.0,45.0396029,Reference
1983-06-14,1983.0,50.61264128,Reference
1983-06-21,1983.0,71.8198284,Reference
1984-05-28,1984.0,7.4855209,Reference
1984-06-04,1984.0,9.495820959,Reference
1984-06-12,1984.0,22.83001938,Reference
1984-06-18,1984.0,37.6170722,Reference
1985-05-07,1985.0,0.0,Reference
1985-06-02,1985.0,10.8395644,Reference
1985-06-29,1985.0,15.63991,Reference
1986-05-20,1986.0,0.821516775,Reference
1986-05-27,1986.0,4.378537711,Reference
1986-06-03,1986.0,18.9261939,Reference
1986-06-10,1986.0,61.35249498,Reference
1986-06-13,1986.0,88.7471822,Reference
1987-05-12,1987.0,5.122140496,Reference
1987-05-19,1987.0,7.182428775,Reference
1987-05-26,1987.0,30.49161215,Reference
1987-06-01,1987.0,53.75904332,Reference
1987-06-08,1987.0,68.53969038,Reference
1988-05-02,1988.0,0.352928004,Reference
1988-05-09,1988.0,1.108327684,Reference
1988-05-16,1988.0,3.556008775,Reference
1988-05-23,1988.0,9.564429316,Reference
1989-05-04,1989.0,0.166215184,Reference
1989-05-11,1989.0,0.166215184,Reference
1989-05-18,1989.0,0.821516775,Reference
1989-05-22,1989.0,8.559978751,Reference
1989-05-30,1989.0,10.19247944,Reference
1989-06-05,1989.0,36.29061908,Reference
1989-06-12,1989.0,68.9003902,Reference
1989-06-18,1989.0,83.89990887,Reference
1990-05-07,1990.0,5.487249975,Reference
1990-05-15,1990.0,23.14511852,Reference
1990-05-21,1990.0,38.83097234,Reference
1990-05-29,1990.0,46.8118251,Reference
1990-06-06,1990.0,62.72385483,Reference
1990-06-13,1990.0,72.74449024,Reference
1990-06-19,1990.0,87.31941176,Reference
1991-05-08,1991.0,8.559978751,Reference
1991-05-15,1991.0,18.45155324,Reference
1991-05-21,1991.0,34.47306438,Reference
1991-05-29,1991.0,69.0810926,Reference
1991-06-04,1991.0,88.3380728,Reference
