Date,TempMean,TempMin,TempMax,Radiation,Precipitation,VapPressure,Windspeed
1970-01-01,-5.0,-6.9,-2.4,6480,2.0,0.39,2.0
1970-01-02,-7.7,-10.9,-4.8,6330,1.6,0.31,1.6
1970-01-03,-9.9,-11.7,-8.6,7530,0.0,0.24,3.0
1970-01-04,-9.8,-12.6,-5.3,9670,0.0,0.25,2.5
1970-01-05,-12.4,-16.4,-7.9,6890,0.0,0.21,1.7
1970-01-06,-19.7,-23.9,-14.9,10090,0.0,0.1,2.8
1970-01-07,-21.1,-23.7,-18.9,9580,0.0,0.09,4.2
1970-01-08,-22.1,-23.2,-20.8,10280,0.3,0.08,6.2
1970-01-09,-18.0,-20.7,-14.9,9430,0.9,0.12,4.7
1970-01-10,-17.4,-22.5,-12.4,8700,0.0,0.13,2.7
1970-01-11,-6.9,-13.8,-3.5,4870,2.7,0.33,2.4
1970-01-12,-7.4,-12.4,-5.5,10550,0.0,0.3,3.2
1970-01-13,-13.6,-20.1,-7.3,9500,0.0,0.19,2.1
1970-01-14,-7.5,-9.7,-4.6,7950,1.4,0.31,3.0
1970-01-15,-5.0,-9.9,1.2,10260,0.0,0.38,3.4
1970-01-16,-0.1,-2.1,2.2,8450,0.2,0.54,3.2
1970-01-17,-2.3,-6.0,0.3,4360,5.1,0.48,2.5
1970-01-18,-10.6,-15.2,-6.5,7520,0.0,0.23,4.1
1970-01-19,-17.9,-23.6,-15.4,11580,1.2,0.12,3.3
1970-01-20,-24.1,-28.8,-20.0,10170,0.1,0.07,4.8
1970-01-21,-23.5,-26.7,-19.7,11890,0.0,0.07,4.1
1970-01-22,-19.9,-29.2,-8.7,9980,1.3,0.11,4.4
1970-01-23,-7.8,-11.8,-6.0,9850,2.2,0.29,3.8
1970-01-24,-7.0,-13.7,1.6,9010,0.9,0.34,5.2
1970-01-25,3.0,0.9,5.6,5320,0.0,0.69,6.5
1970-01-26,-1.8,-3.7,0.7,7770,2.1,0.49,3.3
1970-01-27,-0.9,-3.0,0.6,6930,1.7,0.51,3.9
1970-01-28,7.3,-0.7,16.0,5080,0.4,0.92,6.1
1970-01-29,0.7,-4.1,4.8,4200,1.6,0.53,4.0
1970-01-30,-3.0,-7.8,2.8,10470,0.0,0.29,3.4
1970-01-31,2.5,-2.2,8.9,10890,0.0,0.39,4.6
1970-02-01,4.8,1.0,8.7,11000,0.0,0.47,5.0
1970-02-02,-2.2,-10.0,5.2,3650,9.3,0.45,3.9
1970-02-03,-16.1,-18.7,-11.1,13170,0.0,0.08,4.4
1970-02-04,-10.3,-18.0,-1.0,7730,1.2,0.16,4.5
1970-02-05,-0.2,-3.7,4.9,12320,0.0,0.43,3.2
1970-02-06,-0.3,-3.3,5.2,12060,0.0,0.48,2.4
1970-02-07,-0.5,-3.9,2.4,3760,1.9,0.55,1.8
1970-02-08,1.4,0.1,3.9,5100,5.2,0.63,1.5
1970-02-09,-0.9,-3.4,0.1,5750,5.1,0.53,3.5
1970-02-10,-3.4,-6.7,0.8,8100,0.3,0.39,2.9
1970-02-11,-3.6,-6.4,-1.6,6580,0.6,0.39,3.2
1970-02-12,-7.4,-11.6,-4.7,10490,0.1,0.27,3.6
1970-02-13,-9.4,-12.7,-5.8,12720,0.7,0.22,2.2
1970-02-14,-9.7,-11.8,-7.1,9960,1.1,0.22,3.3
1970-02-15,-6.5,-8.3,-3.3,12420,0.2,0.3,2.7
1970-02-16,-8.3,-13.3,-3.1,15500,0.0,0.26,1.9
1970-02-17,-3.1,-11.0,3.6,14980,0.0,0.4,3.0
1970-02-18,3.0,-6.5,11.7,13460,0.2,0.56,5.4
1970-02-19,-5.8,-9.2,-1.4,15650,0.1,0.21,4.5
1970-02-20,-8.7,-12.6,-4.3,16240,0.0,0.15,3.9
1970-02-21,-0.0,-7.6,9.0,15200,0.0,0.34,3.7
1970-02-22,4.9,-0.3,11.5,13820,0.0,0.56,4.4
1970-02-23,0.8,-4.3,7.4,16380,0.0,0.44,1.7
1970-02-24,4.3,-1.6,11.4,15250,0.3,0.55,3.4
1970-02-25,-4.7,-10.9,6.1,16950,0.1,0.28,4.9
1970-02-26,-4.3,-11.3,4.0,16230,0.6,0.19,4.5
1970-02-27,-0.6,-4.4,2.5,14820,0.0,0.38,3.5
1970-02-28,-1.8,-6.5,4.0,14690,0.0,0.3,2.1
1970-03-01,5.0,1.1,9.6,4700,1.0,0.65,2.3
1970-03-02,7.6,4.3,10.4,3860,1.6,1.02,2.2
1970-03-03,11.6,10.0,13.6,3090,9.7,1.28,3.7
1970-03-04,7.9,2.2,11.7,2920,2.8,1.0,3.7
1970-03-05,3.8,-0.6,9.7,17800,0.0,0.45,2.9
1970-03-06,3.8,-3.2,11.7,17110,0.0,0.51,2.0
1970-03-07,5.5,-3.5,13.0,18460,0.0,0.55,2.7
1970-03-08,2.2,-3.5,8.7,16460,0.0,0.44,2.5
1970-03-09,0.4,-2.1,3.8,13540,0.1,0.36,4.5
1970-03-10,-2.5,-5.3,-0.7,6520,3.2,0.3,3.8
1970-03-11,-2.5,-7.3,3.1,15600,0.0,0.28,3.1
1970-03-12,-1.1,-3.4,2.9,10760,0.0,0.3,4.6
1970-03-13,-2.0,-5.1,1.5,13460,0.0,0.28,3.6
1970-03-14,-3.0,-6.2,1.1,13270,1.7,0.28,3.9
1970-03-15,-5.2,-8.2,-2.2,16780,1.2,0.25,2.6
1970-03-16,-3.7,-8.8,2.5,20570,0.0,0.25,1.5
1970-03-17,-0.8,-3.9,2.6,9260,5.0,0.4,3.1
1970-03-18,1.3,-0.8,4.4,10390,3.0,0.59,3.1
1970-03-19,3.7,0.3,8.4,11330,5.8,0.68,3.3
1970-03-20,3.4,1.3,4.6,8510,4.2,0.61,4.9
1970-03-21,4.0,-2.2,9.1,17240,0.0,0.53,2.6
1970-03-22,3.9,0.8,8.1,12540,1.5,0.57,2.5
1970-03-23,2.7,-4.0,9.7,17620,0.0,0.48,2.5
1970-03-24,3.8,-1.3,8.8,18520,0.0,0.45,2.9
1970-03-25,3.1,-2.4,8.7,8270,25.2,0.58,3.7
1970-03-26,-0.1,-1.8,1.2,13020,17.6,0.53,5.9
1970-03-27,-2.8,-7.6,1.7,23760,0.0,0.4,2.7
1970-03-28,-2.4,-7.0,0.9,17010,0.7,0.42,2.9
1970-03-29,-6.2,-9.9,-1.7,24140,0.0,0.28,3.5
1970-03-30,-2.3,-7.2,3.4,20010,0.0,0.4,2.2
1970-03-31,-0.6,-6.9,5.5,22970,0.0,0.42,2.0
1970-04-01,1.7,-0.2,3.6,5430,24.5,0.59,4.5
1970-04-02,-0.3,-3.1,1.4,21010,13.3,0.52,5.9
1970-04-03,-0.4,-4.4,5.0,21850,0.0,0.47,3.2
1970-04-04,-0.0,-3.3,4.4,22500,0.0,0.47,2.5
1970-04-05,1.8,-6.1,10.0,25190,0.0,0.42,2.4
1970-04-06,4.6,1.4,7.2,11080,2.2,0.63,4.5
1970-04-07,4.7,-3.9,13.3,23930,0.0,0.61,2.0
1970-04-08,12.7,5.8,21.7,21810,0.8,0.86,4.4
1970-04-09,10.3,4.4,15.3,25190,1.5,0.54,4.6
1970-04-10,6.3,1.1,10.9,25110,0.0,0.46,2.6
1970-04-11,6.3,-0.1,15.2,17660,0.0,0.51,3.7
1970-04-12,10.3,4.1,18.3,21250,0.0,0.74,5.1
1970-04-13,11.3,6.7,16.6,13900,16.5,1.03,4.1
1970-04-14,8.1,3.0,12.8,10130,0.0,0.79,1.9
1970-04-15,10.3,3.4,17.7,24510,0.0,0.84,2.4
1970-04-16,13.5,7.7,19.6,18610,0.1,1.07,1.9
1970-04-17,12.3,7.1,18.6,22170,0.0,0.96,2.3
1970-04-18,8.5,3.3,14.4,18240,1.5,0.71,4.1
1970-04-19,10.6,5.1,17.2,5110,44.7,1.19,5.7
1970-04-20,12.4,8.7,17.0,23870,8.7,0.9,6.3
1970-04-21,9.9,5.1,14.4,23480,4.4,0.7,5.2
1970-04-22,14.5,5.8,23.6,21930,0.2,1.12,4.2
1970-04-23,14.0,7.7,20.5,21530,4.9,1.02,2.9
1970-04-24,13.3,8.8,19.4,25100,20.0,0.94,3.2
1970-04-25,15.2,8.8,21.7,26820,0.0,0.91,3.1
1970-04-26,16.7,11.6,22.2,20580,0.0,1.35,2.0
1970-04-27,17.8,12.5,24.1,19990,0.5,1.6,3.0
1970-04-28,20.0,16.1,26.2,11410,7.4,1.99,2.9
1970-04-29,22.3,17.4,26.8,19620,2.1,2.2,3.5
1970-04-30,23.2,19.6,26.9,12160,2.6,2.21,3.7
1970-05-01,19.1,10.3,23.5,13980,4.7,1.49,5.8
1970-05-02,8.6,4.6,12.1,21540,0.0,0.57,2.9
1970-05-03,10.3,1.0,17.7,27990,0.0,0.74,2.1
1970-05-04,15.0,9.3,21.8,23930,0.9,1.04,3.0
1970-05-05,11.9,6.2,19.4,24260,0.9,0.87,3.4
1970-05-06,7.5,1.9,12.6,28950,0.0,0.56,2.4
1970-05-07,12.7,4.2,21.8,24870,0.0,0.9,3.5
1970-05-08,20.5,14.0,26.6,27550,0.0,1.36,4.6
1970-05-09,21.3,17.3,24.8,20620,0.0,1.41,5.1
1970-05-10,19.7,16.0,23.9,18410,3.9,1.66,3.6
1970-05-11,19.5,15.9,24.5,11470,20.7,1.96,2.9
1970-05-12,20.5,17.5,23.1,15260,8.3,2.09,3.1
1970-05-13,18.4,13.7,22.7,10800,15.9,1.8,2.7
1970-05-14,18.9,12.4,26.1,19660,10.7,1.81,3.1
1970-05-15,18.4,13.5,23.4,14740,15.6,1.81,3.0
1970-05-16,13.0,9.9,15.8,20380,1.7,0.96,3.6
1970-05-17,12.9,7.8,18.1,27300,0.0,0.83,2.9
1970-05-18,14.9,5.8,23.2,29470,0.0,1.07,2.5
1970-05-19,20.7,14.6,27.3,28560,0.0,1.59,3.1
1970-05-20,21.5,13.8,27.5,28700,0.0,1.67,1.8
1970-05-21,22.3,15.3,28.3,29370,0.0,1.59,2.6
1970-05-22,23.2,17.2,28.4,28080,0.0,1.73,2.8
1970-05-23,21.9,16.8,27.4,24300,8.0,2.01,1.9
1970-05-24,22.8,18.3,28.1,24990,0.8,2.03,2.4
1970-05-25,21.4,17.0,26.6,20300,6.0,1.79,3.9
1970-05-26,16.4,12.9,19.7,30180,0.0,0.98,4.1
1970-05-27,15.0,7.2,21.5,29520,0.0,1.07,1.3
1970-05-28,19.0,13.5,25.0,25570,0.0,1.31,3.4
1970-05-29,22.1,16.2,27.3,26190,2.0,1.8,3.5
1970-05-30,22.1,19.5,24.9,18990,1.4,1.96,4.3
1970-05-31,20.7,19.3,22.5,15490,0.7,1.98,4.7
1970-06-01,20.0,18.7,22.3,7250,10.0,2.03,3.9
1970-06-02,20.0,12.3,24.5,15660,1.8,1.87,4.6
1970-06-03,14.6,12.1,18.3,9450,6.0,1.36,3.7
1970-06-04,15.0,11.1,18.5,15000,2.5,1.15,3.1
1970-06-05,16.3,12.3,20.6,11740,5.5,1.39,2.2
1970-06-06,18.3,13.0,24.4,29720,0.0,1.32,2.2
1970-06-07,20.2,12.7,26.9,30060,0.0,1.48,2.6
1970-06-08,21.7,14.1,27.7,30000,0.0,1.63,2.1
1970-06-09,22.9,15.8,28.2,26320,0.0,1.75,2.3
1970-06-10,23.7,17.9,28.5,26790,0.0,1.77,3.1
1970-06-11,23.8,18.1,29.1,28040,0.0,1.84,2.8
1970-06-12,23.9,17.9,28.8,25300,0.0,1.92,2.8
1970-06-13,24.0,19.6,29.0,24080,5.0,2.29,1.7
1970-06-14,23.2,19.0,27.2,20710,7.2,2.45,1.7
1970-06-15,24.0,19.2,29.4,22990,2.8,2.36,1.7
1970-06-16,25.6,21.6,29.7,22770,1.3,2.54,3.3
1970-06-17,27.4,24.2,31.0,23030,1.2,2.52,3.2
1970-06-18,25.6,22.1,27.7,28320,0.0,1.99,4.7
1970-06-19,18.4,14.8,20.9,25950,0.0,1.18,2.6
1970-06-20,17.6,10.2,23.8,27190,0.1,1.06,2.5
1970-06-21,17.7,14.0,20.6,16200,20.6,1.35,3.1
1970-06-22,17.7,9.5,24.2,26930,0.0,1.27,1.6
1970-06-23,19.9,12.6,25.7,29780,0.0,1.44,1.8
1970-06-24,21.4,16.7,29.0,24170,11.6,1.84,3.6
1970-06-25,19.0,14.5,24.1,16350,0.1,1.61,2.9
1970-06-26,19.8,16.2,24.3,16890,7.1,1.82,3.2
1970-06-27,17.6,11.9,22.8,26770,0.0,1.32,2.4
1970-06-28,19.8,12.7,25.8,27890,0.0,1.46,2.5
1970-06-29,24.1,18.1,30.2,29160,0.0,1.84,4.6
1970-06-30,27.6,21.8,32.6,28500,0.0,2.53,2.6
1970-07-01,28.0,22.7,33.3,27780,0.0,2.55,2.8
1970-07-02,29.2,24.2,33.9,28220,0.0,2.55,2.5
1970-07-03,26.8,22.1,33.4,25180,2.9,2.58,2.5
1970-07-04,19.0,16.4,21.2,17880,0.4,1.4,4.1
1970-07-05,18.0,14.3,22.6,17150,0.5,1.32,2.7
1970-07-06,19.5,11.1,25.9,30480,0.0,1.19,1.2
1970-07-07,22.2,16.0,28.0,26060,0.3,1.46,2.7
1970-07-08,23.4,18.9,27.6,24850,0.9,1.69,3.9
1970-07-09,19.6,16.4,23.3,19740,1.2,1.7,2.9
1970-07-10,21.1,16.1,26.3,21280,0.4,1.81,2.5
1970-07-11,23.3,17.4,28.7,22550,0.0,1.88,2.6
1970-07-12,25.1,17.6,30.2,25030,0.0,2.06,1.0
1970-07-13,26.3,19.7,31.4,26090,0.0,2.07,1.9
1970-07-14,27.6,21.9,32.5,24350,0.1,2.0,3.7
1970-07-15,27.2,22.8,30.5,14100,15.2,2.01,5.2
1970-07-16,23.0,17.6,27.7,28040,0.0,1.51,2.4
1970-07-17,23.9,17.6,28.9,26100,0.0,1.59,2.0
1970-07-18,25.5,19.1,31.2,23180,0.1,1.87,1.4
1970-07-19,22.5,20.1,25.9,14410,37.3,2.25,3.3
1970-07-20,17.9,14.9,20.1,21480,0.7,1.45,4.9
1970-07-21,16.8,10.3,22.4,26400,0.0,1.17,2.1
1970-07-22,18.5,12.4,23.7,26910,0.0,1.24,2.9
1970-07-23,18.8,16.0,22.4,9660,9.9,1.7,3.0
1970-07-24,22.7,17.1,27.3,21820,0.2,2.1,1.3
1970-07-25,24.6,18.5,29.1,24380,0.0,2.19,1.4
1970-07-26,24.8,19.5,30.1,21880,0.1,2.23,1.7
1970-07-27,25.2,21.2,29.6,21540,3.5,2.55,2.4
1970-07-28,26.3,21.3,31.1,24590,0.3,2.52,2.1
1970-07-29,26.6,22.6,30.6,24490,1.2,2.64,2.7
1970-07-30,27.6,23.3,32.2,24350,6.2,2.63,2.8
1970-07-31,27.6,23.4,32.0,23350,0.7,2.76,1.8
1970-08-01,26.3,22.5,29.0,25000,0.0,2.47,2.5
1970-08-02,23.5,16.7,29.1,22710,0.0,1.96,1.5
1970-08-03,23.6,18.9,28.5,19580,0.4,2.1,2.4
1970-08-04,19.1,13.7,23.0,22060,0.0,1.45,1.7
1970-08-05,20.0,16.8,22.7,13790,1.0,1.56,1.6
1970-08-06,21.0,14.8,26.5,26910,0.0,1.6,1.8
1970-08-07,21.4,15.3,26.6,24540,0.0,1.6,2.2
1970-08-08,20.1,18.4,22.5,7020,3.2,1.78,2.2
1970-08-09,22.8,18.7,28.5,18960,0.2,1.98,3.2
1970-08-10,22.3,18.9,25.9,15770,0.0,1.8,4.3
1970-08-11,22.9,17.4,27.9,26570,0.0,1.69,2.9
1970-08-12,23.1,16.7,28.6,23370,0.1,1.81,1.5
1970-08-13,23.6,16.4,29.1,24460,0.0,1.87,1.0
1970-08-14,24.5,17.2,29.2,23090,0.0,1.9,1.1
1970-08-15,25.1,18.8,30.6,25010,0.0,1.98,2.6
1970-08-16,23.4,21.1,26.5,16030,5.4,2.26,2.5
1970-08-17,22.3,15.8,27.6,25790,0.0,1.73,1.4
1970-08-18,24.2,17.9,30.9,20670,0.1,1.97,2.4
1970-08-19,26.9,23.5,32.7,22020,13.8,2.69,3.8
1970-08-20,24.3,19.6,28.5,21860,6.2,2.2,2.1
1970-08-21,19.9,13.9,25.1,24580,0.0,1.46,2.0
1970-08-22,19.9,16.2,23.3,10090,3.9,1.76,1.8
1970-08-23,19.8,16.1,24.5,22050,0.1,1.63,2.6
1970-08-24,19.8,13.7,25.1,19890,0.0,1.51,1.7
1970-08-25,21.7,13.9,28.3,22790,0.0,1.7,1.4
1970-08-26,23.3,16.3,29.4,22850,0.0,1.93,1.6
1970-08-27,24.4,17.5,30.5,23450,0.0,1.94,2.1
1970-08-28,25.4,19.4,31.0,23560,0.0,1.88,2.5
1970-08-29,25.6,18.6,31.7,23050,0.0,1.96,2.2
1970-08-30,27.6,23.3,32.6,20710,0.2,2.24,4.4
1970-08-31,23.2,19.4,26.5,18150,0.2,1.79,2.9
1970-09-01,21.1,15.1,27.3,22790,0.0,1.3,2.1
1970-09-02,23.8,17.8,30.6,19140,0.3,1.74,2.7
1970-09-03,23.9,22.1,28.3,8760,8.9,2.39,4.8
1970-09-04,23.8,19.7,29.6,15410,0.1,2.17,2.8
1970-09-05,22.6,16.1,28.0,18030,0.0,1.87,1.0
1970-09-06,21.3,17.2,25.8,8680,9.7,1.97,2.8
1970-09-07,26.7,22.3,32.0,20780,0.0,2.4,3.6
1970-09-08,24.7,19.5,28.4,20340,0.5,2.05,2.5
1970-09-09,21.2,14.4,27.4,21920,0.0,1.63,1.6
1970-09-10,20.2,15.5,24.8,18050,1.3,1.47,4.6
1970-09-11,16.5,9.9,22.5,21730,0.0,1.04,1.4
1970-09-12,19.7,12.9,26.8,19540,0.0,1.08,2.6
1970-09-13,20.8,15.8,26.4,12570,7.7,1.68,2.3
1970-09-14,16.7,13.6,21.5,2830,20.2,1.82,2.2
1970-09-15,24.7,19.5,30.3,19110,0.2,2.34,3.0
1970-09-16,21.1,17.9,24.4,13270,0.0,1.95,2.4
1970-09-17,22.6,16.7,29.4,16740,0.0,1.98,2.4
1970-09-18,20.0,16.1,22.8,16480,4.7,1.83,2.4
1970-09-19,19.2,12.2,26.8,20310,0.0,1.53,1.9
1970-09-20,22.8,19.8,28.0,10580,1.5,2.04,2.9
1970-09-21,25.2,21.5,30.9,17500,4.2,2.44,4.3
1970-09-22,23.1,20.8,27.3,9160,12.8,2.48,2.5
1970-09-23,23.3,18.4,28.7,16070,6.6,2.31,2.6
1970-09-24,22.3,17.5,26.1,9580,7.9,2.01,4.1
1970-09-25,19.6,12.1,26.6,17440,0.0,1.72,2.0
1970-09-26,16.4,11.5,20.7,1710,11.2,1.76,3.1
1970-09-27,12.6,6.9,18.5,17080,0.0,0.84,3.0
1970-09-28,11.3,7.6,16.0,18530,0.0,0.76,3.0
1970-09-29,11.5,4.0,19.2,18730,0.0,0.94,2.6
1970-09-30,14.9,12.4,18.2,17060,0.0,1.23,3.3
1970-10-01,13.1,7.4,18.1,17760,0.0,1.0,1.6
1970-10-02,17.8,12.7,23.3,18030,1.0,1.15,4.2
1970-10-03,12.9,9.2,17.3,17250,0.0,0.68,4.5
1970-10-04,11.0,5.5,17.1,18060,0.0,0.61,2.5
1970-10-05,16.2,10.9,22.6,16190,0.0,0.9,4.3
1970-10-06,19.2,14.0,24.7,14750,0.0,1.09,3.9
1970-10-07,19.8,15.9,24.6,11820,0.0,1.32,3.3
1970-10-08,18.0,16.3,19.2,2960,11.6,1.62,4.8
1970-10-09,18.3,12.7,21.5,6670,3.2,1.53,5.9
1970-10-10,9.5,6.0,12.7,16860,0.0,0.64,2.4
1970-10-11,10.8,5.5,17.2,10910,0.0,0.92,2.6
1970-10-12,14.0,10.8,17.2,3380,9.1,1.48,1.2
1970-10-13,17.0,15.4,18.3,1450,17.1,1.91,1.2
1970-10-14,16.7,13.6,18.7,6120,8.0,1.59,3.6
1970-10-15,10.5,6.3,13.2,9060,0.1,0.78,3.3
1970-10-16,6.3,2.0,11.2,14130,0.0,0.53,2.0
1970-10-17,6.5,0.1,12.5,15740,0.0,0.62,1.9
1970-10-18,8.8,2.6,16.1,15580,0.0,0.76,2.0
1970-10-19,10.6,3.7,17.1,14210,0.0,0.84,1.7
1970-10-20,10.4,9.2,12.1,1680,14.4,1.11,1.7
1970-10-21,12.0,9.3,15.9,5550,0.2,1.12,1.3
1970-10-22,10.5,4.5,17.3,12560,0.0,0.99,1.7
1970-10-23,13.1,8.1,19.4,12300,0.0,1.11,2.7
1970-10-24,13.7,9.7,18.4,11460,0.0,1.14,2.9
1970-10-25,14.5,9.5,20.4,11850,0.0,1.32,2.1
1970-10-26,16.1,12.4,21.1,8060,0.0,1.42,1.9
1970-10-27,16.5,14.3,19.5,5580,4.5,1.51,3.3
1970-10-28,13.7,9.2,16.2,1220,22.5,1.4,3.6
1970-10-29,9.7,7.4,13.7,12570,1.6,0.83,2.1
1970-10-30,10.9,6.6,16.6,12880,0.0,0.73,3.8
1970-10-31,9.5,5.7,11.9,8440,0.1,0.7,2.6
1970-11-01,5.3,0.8,9.4,10770,0.0,0.57,1.3
1970-11-02,2.7,1.6,5.8,1500,16.5,0.69,2.7
1970-11-03,3.8,-0.2,8.3,9380,0.1,0.64,1.3
1970-11-04,4.0,1.4,7.9,2940,2.2,0.7,2.6
1970-11-05,6.2,2.6,11.5,12460,0.0,0.68,3.5
1970-11-06,7.6,1.9,14.3,11930,0.0,0.73,3.5
1970-11-07,9.0,4.0,13.4,9630,0.0,0.87,2.5
1970-11-08,9.3,5.1,13.7,8300,0.0,0.92,2.1
1970-11-09,11.6,9.7,13.4,2670,11.9,1.12,4.5
1970-11-10,8.9,7.4,11.6,2290,0.5,0.95,3.0
1970-11-11,8.6,6.8,10.7,4520,0.0,0.88,1.1
1970-11-12,8.8,7.2,10.7,4800,0.0,0.85,1.9
1970-11-13,8.4,7.1,10.1,3060,1.3,0.84,2.7
1970-11-14,3.8,1.3,7.1,3240,2.3,0.63,4.5
1970-11-15,0.9,-1.4,2.1,3700,0.7,0.43,3.5
1970-11-16,-0.9,-4.8,4.0,11180,0.0,0.37,2.9
1970-11-17,2.4,-1.3,7.7,8730,0.0,0.48,2.6
1970-11-18,4.8,2.5,9.2,4650,0.8,0.64,2.6
1970-11-19,7.8,3.7,11.9,7400,0.3,0.84,3.6
1970-11-20,6.8,2.2,11.8,3170,8.7,0.79,6.8
1970-11-21,3.7,-2.7,9.7,9280,0.0,0.49,3.7
1970-11-22,4.2,-5.9,9.3,6830,0.0,0.43,5.9
1970-11-23,-8.6,-11.1,-6.6,9450,0.0,0.12,6.4
1970-11-24,-8.1,-10.8,-5.0,9940,0.0,0.16,3.2
1970-11-25,-2.4,-7.7,2.5,8410,0.5,0.22,5.3
1970-11-26,5.9,0.9,11.0,2720,0.4,0.75,5.1
1970-11-27,10.0,6.3,12.1,720,7.3,1.19,2.4
1970-11-28,5.2,3.6,6.4,2320,3.0,0.8,2.7
1970-11-29,8.5,5.8,12.5,1750,1.9,1.02,3.2
1970-11-30,7.4,2.5,12.2,9060,0.0,0.87,2.6
1970-12-01,15.7,11.5,19.6,5210,0.1,1.26,6.3
1970-12-02,9.2,3.9,14.8,9490,0.0,0.78,2.1
1970-12-03,12.6,6.5,17.7,3180,1.3,1.11,5.1
1970-12-04,3.2,-0.1,9.9,4610,0.0,0.47,4.9
1970-12-05,1.3,-5.1,6.8,7220,0.0,0.38,4.7
1970-12-06,-6.6,-8.6,-4.3,7910,0.0,0.16,3.5
1970-12-07,-4.4,-7.9,-0.2,7660,0.0,0.23,2.0
1970-12-08,2.4,-2.4,7.3,7490,0.0,0.4,4.7
1970-12-09,7.6,3.7,10.8,5790,0.3,0.73,4.2
1970-12-10,3.4,0.1,6.8,6590,0.6,0.57,2.7
1970-12-11,8.5,5.1,11.5,1380,10.3,1.07,2.3
1970-12-12,2.5,1.4,4.7,2180,3.7,0.65,2.1
1970-12-13,0.6,-1.9,1.3,3640,1.4,0.49,3.9
1970-12-14,-1.1,-5.3,3.9,9140,0.0,0.38,3.5
1970-12-15,-1.2,-6.1,5.6,7850,0.0,0.42,2.6
1970-12-16,1.3,0.5,2.6,1980,12.5,0.61,3.5
1970-12-17,1.7,-0.1,3.5,5210,0.0,0.59,2.6
1970-12-18,4.1,-0.2,9.2,8150,0.0,0.67,3.8
1970-12-19,4.0,-4.7,10.2,4620,0.1,0.68,4.8
1970-12-20,-4.9,-8.0,-1.1,7830,0.0,0.27,1.5
1970-12-21,-0.9,-2.8,0.6,1470,2.4,0.44,3.2
1970-12-22,2.1,0.2,4.2,3610,1.1,0.64,2.5
1970-12-23,0.2,-10.5,5.4,3250,0.9,0.55,4.3
1970-12-24,-8.4,-11.7,-3.3,9300,0.0,0.18,3.4
1970-12-25,-6.5,-11.1,-3.7,4490,1.6,0.22,4.4
1970-12-26,-5.8,-11.7,0.0,4020,0.2,0.25,4.2
1970-12-27,-5.3,-8.6,-1.5,8340,0.1,0.27,4.3
1970-12-28,-6.0,-9.0,-2.4,7430,0.0,0.26,1.2
1970-12-29,-4.8,-8.1,-0.8,8100,0.0,0.3,1.4
1970-12-30,-4.5,-7.9,-0.5,6780,0.0,0.31,1.9
1970-12-31,-2.4,-6.1,1.1,7450,0.3,0.36,1.8
1971-01-01,-1.9,-6.8,3.1,5280,0.0,0.44,2.8
1971-01-02,-0.3,-2.9,3.3,7740,0.0,0.49,2.6
1971-01-03,0.9,-3.0,5.0,2280,9.1,0.55,4.0
1971-01-04,0.9,-7.2,9.2,4810,6.6,0.56,6.1
1971-01-05,-10.9,-13.6,-7.7,9820,0.0,0.14,4.4
1971-01-06,-13.8,-16.7,-10.0,9990,0.0,0.1,3.3
1971-01-07,-11.3,-14.2,-7.0,9990,0.0,0.13,2.5
1971-01-08,-8.2,-11.8,-3.5,8180,0.0,0.16,1.6
1971-01-09,-4.5,-9.2,1.5,9510,0.0,0.25,3.0
1971-01-10,-2.1,-5.6,2.8,8010,0.0,0.4,2.1
1971-01-11,-1.9,-5.8,4.0,7030,0.0,0.44,2.1
1971-01-12,-2.0,-4.9,1.9,8260,0.0,0.38,2.6
1971-01-13,0.2,-3.1,2.9,1790,1.6,0.54,2.7
1971-01-14,-1.0,-5.9,2.9,8970,0.4,0.47,2.9
1971-01-15,-7.4,-10.8,-4.8,9900,0.0,0.21,3.5
1971-01-16,-8.0,-11.7,-4.1,4960,1.7,0.19,2.1
1971-01-17,-5.8,-8.4,-2.7,8430,0.0,0.28,2.0
1971-01-18,-9.2,-12.4,-5.5,11020,0.0,0.18,2.9
1971-01-19,-11.2,-13.9,-6.7,10030,0.3,0.15,3.7
1971-01-20,-9.3,-14.6,-3.4,9890,0.0,0.15,3.6
1971-01-21,-0.4,-3.3,3.9,4980,0.2,0.36,5.4
1971-01-22,-0.4,-5.8,5.6,8450,0.0,0.4,2.8
1971-01-23,-2.4,-7.3,2.8,11020,0.0,0.24,4.0
1971-01-24,0.2,-4.0,6.7,9960,0.0,0.32,2.2
1971-01-25,2.3,-1.7,8.5,9340,0.0,0.55,3.8
1971-01-26,-7.0,-12.9,3.5,11570,0.1,0.22,7.7
1971-01-27,-13.2,-17.2,-9.4,12140,0.1,0.08,5.2
1971-01-28,-10.6,-14.8,-7.2,12510,1.2,0.12,3.9
1971-01-29,-3.0,-11.3,6.5,5830,0.8,0.29,4.9
1971-01-30,-8.1,-15.5,1.8,10600,0.5,0.18,5.5
1971-01-31,-16.6,-19.5,-12.6,12930,0.0,0.07,5.6
1971-02-01,-16.5,-19.1,-11.7,12560,0.0,0.07,5.3
1971-02-02,-14.2,-19.9,-6.7,12700,0.0,0.09,2.3
1971-02-03,-4.4,-8.5,-1.5,3430,0.8,0.25,3.0
1971-02-04,3.4,-1.7,10.3,820,13.7,0.78,4.0
1971-02-05,-0.6,-5.5,10.8,9940,1.8,0.44,7.5
1971-02-06,-5.4,-8.0,-1.0,13360,0.0,0.22,3.0
1971-02-07,-5.8,-8.6,-2.8,8240,0.6,0.22,3.2
1971-02-08,-10.3,-13.7,-7.0,11700,0.0,0.14,4.7
1971-02-09,-12.5,-16.2,-8.0,14200,0.0,0.09,4.2
1971-02-10,-5.4,-11.3,1.6,10670,0.0,0.17,4.5
1971-02-11,2.4,-1.2,7.4,8040,1.1,0.47,4.9
1971-02-12,-1.9,-8.5,2.6,2620,10.6,0.49,3.7
1971-02-13,-11.7,-14.5,-8.6,15480,0.4,0.17,5.4
1971-02-14,-9.4,-16.2,-3.2,12590,0.0,0.21,2.6
1971-02-15,-1.8,-3.9,1.4,10860,0.0,0.4,2.2
1971-02-16,-2.6,-10.0,2.8,11690,0.0,0.41,3.0
1971-02-17,5.9,3.2,11.6,14160,2.3,0.69,3.6
1971-02-18,5.1,1.1,10.9,6550,3.5,0.72,2.3
1971-02-19,10.4,7.5,14.7,5500,19.1,1.11,4.6
1971-02-20,4.5,2.0,11.2,4560,2.3,0.66,4.5
1971-02-21,1.9,-0.7,4.8,9120,0.1,0.5,2.6
1971-02-22,3.0,0.4,7.5,5580,8.6,0.61,5.8
1971-02-23,1.0,-1.5,4.2,6480,0.5,0.47,4.7
1971-02-24,1.0,-1.7,5.9,12010,0.0,0.45,3.1
1971-02-25,5.1,-2.1,13.2,13910,0.0,0.68,2.8
1971-02-26,10.3,6.5,13.8,3500,10.1,1.1,5.2
1971-02-27,4.4,1.9,7.1,11670,0.0,0.38,7.9
1971-02-28,1.1,-1.7,4.7,16380,0.0,0.36,4.8
1971-03-01,0.7,-1.8,5.4,12950,0.0,0.4,2.5
1971-03-02,-2.0,-6.3,3.2,15780,0.0,0.29,4.0
1971-03-03,-6.3,-8.2,-2.2,14280,0.0,0.2,5.1
1971-03-04,-3.5,-8.8,3.3,18580,0.0,0.21,3.5
1971-03-05,2.7,-2.0,9.5,13730,0.0,0.39,4.2
1971-03-06,3.4,-0.9,6.2,1940,21.9,0.71,4.1
1971-03-07,-2.3,-4.0,-0.1,15070,1.9,0.34,6.6
1971-03-08,-4.5,-7.4,-0.8,16970,0.2,0.26,5.0
1971-03-09,-2.7,-8.8,4.0,17410,0.6,0.28,2.0
1971-03-10,1.0,-0.2,3.0,7470,5.2,0.58,2.9
1971-03-11,-0.4,-3.8,1.9,8880,5.5,0.52,2.1
1971-03-12,3.6,-3.6,14.5,18800,0.3,0.7,1.8
1971-03-13,4.9,-2.1,14.5,17840,0.0,0.77,2.0
1971-03-14,13.7,9.1,19.4,9950,0.0,1.29,5.6
1971-03-15,9.7,4.6,17.3,11800,9.3,0.82,7.7
1971-03-16,-0.5,-3.1,3.2,10450,0.1,0.32,4.5
1971-03-17,-1.2,-6.4,4.9,19200,0.0,0.35,1.2
1971-03-18,2.0,-2.8,6.4,6970,6.3,0.48,3.7
1971-03-19,3.2,0.3,6.8,5360,10.7,0.64,6.4
1971-03-20,0.3,-2.8,4.4,18170,0.6,0.35,5.5
1971-03-21,3.5,-4.2,13.1,20970,0.0,0.47,4.0
1971-03-22,0.7,-2.6,4.5,12740,1.1,0.45,3.6
1971-03-23,-4.1,-7.7,-0.3,18140,0.0,0.23,4.2
1971-03-24,-3.0,-7.4,1.8,17940,0.0,0.25,2.3
1971-03-25,-1.4,-5.9,4.0,17630,0.0,0.29,2.6
1971-03-26,0.5,-5.1,6.1,22540,0.0,0.35,2.2
1971-03-27,4.1,-2.5,10.7,16330,0.2,0.5,2.9
1971-03-28,7.9,4.9,11.1,14480,0.0,0.7,3.2
1971-03-29,2.8,0.3,4.6,10670,0.0,0.48,3.6
1971-03-30,2.5,-3.8,9.8,21110,0.0,0.45,1.8
1971-03-31,10.6,3.8,18.8,20930,0.0,0.65,5.2
1971-04-01,10.5,2.6,15.1,8160,2.9,0.79,6.2
1971-04-02,3.2,0.1,6.0,18680,0.3,0.32,5.7
1971-04-03,2.8,-1.1,7.4,23360,0.0,0.34,4.1
1971-04-04,1.7,-3.7,7.1,20810,0.0,0.39,2.1
1971-04-05,0.5,-4.6,5.1,13450,0.1,0.35,4.2
1971-04-06,3.2,-1.9,10.5,17580,0.0,0.37,5.1
1971-04-07,5.9,-3.2,15.3,24450,0.0,0.46,2.6
1971-04-08,10.6,1.8,19.3,25140,0.0,0.62,4.1
1971-04-09,10.6,2.8,14.6,17450,0.1,0.65,5.4
1971-04-10,6.8,-1.7,15.3,25390,0.0,0.52,1.5
1971-04-11,12.1,4.2,20.8,25190,0.0,0.65,3.4
1971-04-12,18.0,11.9,25.0,24010,0.0,1.05,4.2
1971-04-13,8.6,2.1,18.8,5860,15.2,0.88,3.6
1971-04-14,5.7,-0.1,11.8,25250,0.0,0.5,1.2
1971-04-15,8.7,0.3,16.8,25710,0.0,0.63,1.9
1971-04-16,13.8,5.1,22.2,24930,0.0,0.85,2.7
1971-04-17,16.2,11.7,22.7,18040,2.0,1.21,2.8
1971-04-18,12.5,6.8,19.3,25110,0.0,0.91,3.4
1971-04-19,13.1,5.8,21.4,22410,0.0,0.73,2.8
1971-04-20,15.6,7.3,23.9,24270,0.0,0.94,1.8
1971-04-21,11.7,4.7,16.5,15900,1.3,0.88,3.4
1971-04-22,7.7,2.5,14.9,26920,0.0,0.58,3.2
1971-04-23,8.3,-0.8,15.9,24900,0.0,0.5,2.2
1971-04-24,7.4,1.6,13.0,27450,0.0,0.45,3.8
1971-04-25,10.2,2.4,18.4,26550,0.0,0.57,2.7
1971-04-26,8.7,2.4,15.0,26580,0.0,0.63,2.7
1971-04-27,9.0,5.3,15.2,8030,3.8,0.66,3.9
1971-04-28,10.0,6.9,13.9,19200,0.0,0.73,4.8
1971-04-29,8.0,3.8,12.0,17630,0.0,0.61,3.0
1971-04-30,8.3,0.1,15.5,27130,0.0,0.58,1.6
1971-05-01,12.0,5.4,17.5,25110,0.5,0.65,3.5
1971-05-02,7.7,4.2,10.8,21360,3.2,0.67,4.9
1971-05-03,7.1,0.7,13.7,28420,0.0,0.47,3.4
1971-05-04,9.2,1.1,16.8,19520,2.0,0.52,2.7
1971-05-05,14.5,8.7,20.6,15470,6.0,1.13,2.6
1971-05-06,16.5,13.1,18.8,11070,12.3,1.45,2.0
1971-05-07,13.2,9.7,19.3,13040,13.9,1.04,3.4
1971-05-08,13.7,5.8,20.3,28520,0.3,0.91,2.0
1971-05-09,14.5,7.6,21.3,23330,0.0,0.93,1.8
1971-05-10,16.0,7.3,23.1,26140,0.0,1.01,2.1
1971-05-11,17.9,13.7,24.0,18810,6.9,1.34,2.2
1971-05-12,9.6,4.9,15.7,27260,2.9,0.72,4.0
1971-05-13,11.0,2.9,18.3,28830,0.0,0.61,1.9
1971-05-14,15.9,8.1,23.2,28380,0.0,0.94,2.3
1971-05-15,17.4,9.0,23.8,28770,0.0,1.04,2.3
1971-05-16,19.8,14.0,27.0,26830,1.0,1.21,2.4
1971-05-17,20.5,11.5,28.5,27950,0.0,1.1,3.3
1971-05-18,23.2,17.6,28.3,27890,0.0,1.44,4.8
1971-05-19,20.2,14.7,24.2,17930,1.2,1.31,4.5
1971-05-20,15.6,9.5,20.2,23200,0.0,0.76,2.8
1971-05-21,14.6,7.5,21.1,29810,0.0,0.76,2.9
1971-05-22,12.6,5.2,19.3,27980,0.0,0.71,2.6
1971-05-23,16.5,9.7,23.7,25120,0.4,0.83,3.8
1971-05-24,19.8,16.0,25.5,17470,6.6,1.63,6.0
1971-05-25,13.4,11.4,17.0,9850,0.5,0.98,6.3
1971-05-26,12.1,9.6,15.6,19260,0.0,0.78,4.2
1971-05-27,11.6,5.1,17.8,24850,0.0,0.75,2.2
1971-05-28,13.1,5.2,19.8,29030,0.0,0.75,2.3
1971-05-29,14.9,6.4,21.9,30330,0.0,0.81,1.9
1971-05-30,17.3,7.3,25.1,30410,0.0,0.99,1.2
1971-05-31,19.9,11.9,27.1,28740,0.2,1.09,1.6
1971-06-01,21.3,17.7,27.9,16600,11.4,1.63,2.4
1971-06-02,21.8,16.2,27.5,25990,0.3,1.85,3.1
1971-06-03,22.7,15.4,29.0,25710,0.2,1.93,1.7
1971-06-04,25.3,18.2,31.3,26010,0.1,2.07,1.9
1971-06-05,26.4,20.0,31.6,26770,0.0,2.02,2.6
1971-06-06,27.1,21.0,32.5,26250,0.2,2.05,2.7
1971-06-07,26.9,22.1,31.9,26610,0.2,1.89,4.1
1971-06-08,19.5,15.2,23.6,29620,0.0,1.35,3.3
1971-06-09,18.4,14.3,23.3,29900,0.0,1.07,2.7
1971-06-10,19.4,11.7,26.4,28980,0.0,1.1,2.6
1971-06-11,24.0,17.6,30.7,25240,0.0,1.68,2.5
1971-06-12,25.2,20.0,30.7,23230,8.3,2.28,2.1
1971-06-13,26.3,22.1,30.5,23640,0.2,2.31,2.4
1971-06-14,24.3,19.1,29.3,27340,1.5,1.93,1.9
1971-06-15,23.1,18.3,27.8,23930,0.0,1.67,2.7
1971-06-16,22.6,15.7,28.6,29990,0.0,1.38,2.6
1971-06-17,23.2,15.7,29.4,30380,0.0,1.29,1.9
1971-06-18,24.5,15.7,31.1,30270,0.0,1.46,1.7
1971-06-19,27.0,21.8,31.8,24380,0.7,2.2,1.8
1971-06-20,28.0,21.8,33.8,28110,0.0,2.2,2.8
1971-06-21,22.2,17.1,26.0,24790,5.8,1.8,3.3
1971-06-22,20.9,13.4,27.4,28970,0.0,1.22,1.4
1971-06-23,24.2,18.0,29.7,24150,0.0,1.46,2.0
1971-06-24,26.0,20.2,31.1,27710,0.0,1.85,1.5
1971-06-25,28.0,22.3,33.8,26230,3.8,2.04,2.4
1971-06-26,25.2,19.3,31.2,28000,1.8,2.31,1.4
1971-06-27,29.0,22.6,34.8,27760,0.0,2.31,2.0
1971-06-28,28.6,23.0,34.3,26150,0.9,2.18,1.9
1971-06-29,27.4,21.2,32.3,27500,0.1,2.4,1.7
1971-06-30,27.7,23.1,32.4,25250,5.0,2.24,2.9
1971-07-01,24.7,21.4,28.4,28110,0.1,1.79,2.8
1971-07-02,22.1,16.0,27.3,25870,0.0,1.43,2.0
1971-07-03,22.0,15.9,27.6,30280,0.0,1.3,2.3
1971-07-04,24.5,17.8,30.8,25930,1.5,1.76,2.3
1971-07-05,23.7,20.1,27.5,18800,7.2,2.1,2.7
1971-07-06,24.2,19.0,29.2,26510,0.2,1.76,0.6
1971-07-07,24.9,17.4,30.9,27990,0.0,1.82,1.7
1971-07-08,26.3,21.1,33.4,21520,0.2,2.26,2.8
1971-07-09,25.7,21.8,29.5,20120,0.0,2.41,1.8
1971-07-10,22.1,19.7,24.7,11890,10.4,2.22,1.7
1971-07-11,22.9,20.7,26.8,17730,5.3,2.22,2.6
1971-07-12,22.4,16.3,28.0,29060,0.0,1.75,2.6
1971-07-13,25.8,22.0,31.2,24540,0.4,1.94,4.5
1971-07-14,21.7,16.0,26.1,27400,0.0,1.57,1.7
1971-07-15,21.8,14.2,27.4,24490,0.3,1.63,2.3
1971-07-16,22.4,15.1,28.5,28570,0.0,1.64,2.6
1971-07-17,22.8,18.7,26.5,23900,0.6,1.81,2.3
1971-07-18,21.0,14.0,26.9,24600,0.0,1.39,1.8
1971-07-19,21.0,18.0,23.5,22480,11.0,1.86,4.0
1971-07-20,18.9,12.2,23.9,22430,0.0,1.31,1.6
1971-07-21,20.9,13.4,26.7,26720,0.0,1.52,1.9
1971-07-22,23.1,17.1,28.6,28080,0.0,1.56,2.6
1971-07-23,23.4,18.1,28.5,21890,0.0,1.62,2.5
1971-07-24,23.3,19.1,26.8,19160,0.3,1.89,1.0
1971-07-25,23.5,18.2,28.2,21740,0.5,2.22,1.8
1971-07-26,21.9,19.2,24.9,21940,1.3,1.79,2.8
1971-07-27,19.5,14.2,23.8,24050,0.0,1.14,2.2
1971-07-28,18.7,16.0,21.5,10410,6.6,1.47,3.1
1971-07-29,18.7,12.6,23.5,25080,0.0,1.35,2.1
1971-07-30,17.6,14.0,21.2,20400,3.1,1.32,1.5
1971-07-31,16.8,10.6,21.7,20370,0.0,1.21,1.9
1971-08-01,19.2,12.0,25.3,28050,0.0,1.32,2.2
1971-08-02,21.6,14.2,28.1,25140,0.0,1.55,2.1
1971-08-03,22.5,16.5,27.4,19810,0.0,1.73,1.6
1971-08-04,20.9,17.8,24.5,12960,0.6,1.67,3.4
1971-08-05,20.2,15.6,24.9,25960,0.0,1.32,3.2
1971-08-06,20.4,14.1,26.1,26970,0.0,1.28,2.2
1971-08-07,20.6,13.6,26.2,22350,0.0,1.42,1.4
1971-08-08,22.7,15.0,29.0,25820,0.0,1.63,1.1
1971-08-09,25.3,19.7,31.1,22220,0.6,2.13,2.0
1971-08-10,27.6,22.3,32.7,23410,0.3,2.18,3.7
1971-08-11,22.2,17.6,25.7,24240,3.2,1.75,3.1
1971-08-12,19.3,11.3,26.0,27200,0.0,1.14,1.7
1971-08-13,22.6,15.6,29.6,25820,0.0,1.46,2.1
1971-08-14,24.0,18.4,30.5,22800,2.6,1.93,2.1
1971-08-15,21.5,18.5,25.8,16790,1.7,1.94,2.7
1971-08-16,20.8,16.6,26.0,25930,0.0,1.53,2.4
1971-08-17,20.2,12.6,26.9,26870,0.0,1.22,1.7
1971-08-18,21.6,12.7,28.6,25930,0.0,1.44,1.2
1971-08-19,24.6,17.6,31.4,24390,0.1,1.78,3.1
1971-08-20,25.7,21.2,31.2,21430,6.7,2.2,2.7
1971-08-21,25.8,22.6,31.0,16910,0.4,2.14,2.3
1971-08-22,25.1,19.2,30.7,23310,0.0,2.22,1.6
1971-08-23,21.9,18.0,25.6,21750,0.6,1.65,2.5
1971-08-24,22.2,14.8,29.9,23800,0.0,1.5,2.2
1971-08-25,23.5,20.4,27.2,21600,10.4,1.99,2.0
1971-08-26,19.8,16.3,23.0,19700,0.3,1.54,2.4
1971-08-27,18.6,14.9,22.6,13980,0.7,1.5,3.3
1971-08-28,19.3,13.9,25.1,21790,0.0,1.39,2.7
1971-08-29,20.7,12.7,27.8,23680,0.0,1.52,1.1
1971-08-30,23.0,16.1,29.2,23040,0.0,1.61,1.2
1971-08-31,24.2,18.9,29.6,16110,0.0,1.61,1.8
1971-09-01,24.6,19.6,30.3,16780,0.2,1.94,2.1
1971-09-02,25.1,21.2,30.4,17810,4.4,2.32,2.4
1971-09-03,23.8,21.9,27.8,13760,3.7,2.48,3.2
1971-09-04,25.3,21.2,30.1,18800,0.3,2.42,3.7
1971-09-05,26.3,22.6,30.8,18740,1.2,2.37,3.4
1971-09-06,24.2,22.1,27.9,7510,21.3,2.5,3.1
1971-09-07,24.1,19.4,30.1,18310,0.0,2.24,2.1
1971-09-08,25.0,19.2,30.8,20740,0.0,2.13,1.7
1971-09-09,24.9,19.0,30.5,21050,0.0,2.03,1.6
1971-09-10,24.1,19.3,29.3,17680,0.4,2.07,1.7
1971-09-11,21.1,17.6,25.6,16440,0.2,1.76,2.7
1971-09-12,19.0,16.0,22.7,12360,1.0,1.55,3.0
1971-09-13,18.1,12.7,24.3,18700,0.0,1.44,2.3
1971-09-14,20.9,12.3,30.1,21010,0.0,1.51,2.3
1971-09-15,20.8,17.7,23.7,18670,0.0,1.4,3.4
1971-09-16,17.5,14.2,21.7,11480,1.3,1.07,2.9
1971-09-17,18.6,15.7,22.9,17930,0.0,1.06,3.0
1971-09-18,17.3,12.9,22.2,15330,0.0,1.12,3.6
1971-09-19,17.0,14.7,20.4,6930,11.7,1.6,2.9
1971-09-20,14.3,11.5,16.8,9770,21.7,1.22,2.9
1971-09-21,13.6,8.3,18.9,18580,0.0,0.97,1.0
1971-09-22,14.9,8.9,21.3,16620,0.0,1.09,1.7
1971-09-23,15.1,10.8,20.9,16030,0.0,1.16,2.9
1971-09-24,12.7,8.6,18.0,19340,0.0,0.86,2.3
1971-09-25,13.2,9.6,17.0,4870,12.7,1.16,3.2
1971-09-26,20.0,17.3,24.4,8440,10.0,2.0,2.4
1971-09-27,23.1,19.1,28.3,15890,0.4,2.22,3.4
1971-09-28,24.3,20.4,28.6,14530,0.5,2.39,4.5
1971-09-29,24.7,20.9,28.4,14360,0.2,2.37,2.3
1971-09-30,24.2,19.7,29.6,15660,0.5,2.35,2.0
1971-10-01,24.1,19.0,29.8,17360,0.0,2.06,1.8
1971-10-02,22.8,17.4,29.4,16800,0.0,1.82,1.7
1971-10-03,22.1,19.0,27.9,13760,8.8,1.99,2.9
1971-10-04,17.2,11.8,21.9,16870,0.2,1.23,2.4
1971-10-05,17.2,11.0,23.7,17590,0.0,1.1,2.9
1971-10-06,14.6,10.8,17.6,14770,0.1,1.02,3.6
1971-10-07,11.0,7.9,14.9,12310,0.0,0.9,1.9
1971-10-08,13.0,7.9,19.6,11720,6.0,0.97,3.5
1971-10-09,11.3,8.2,14.9,14420,0.8,0.95,2.9
1971-10-10,9.8,5.9,14.1,8920,0.0,0.78,3.4
1971-10-11,12.2,8.8,17.8,16780,0.0,0.75,3.6
1971-10-12,11.0,3.3,18.2,16640,0.0,0.76,1.7
1971-10-13,15.0,10.5,20.4,11060,2.3,1.08,3.4
1971-10-14,13.1,6.8,19.7,15920,0.0,1.03,2.3
1971-10-15,16.9,10.1,25.0,14280,0.0,1.24,2.0
1971-10-16,17.9,13.4,23.3,14270,0.0,1.57,1.3
1971-10-17,17.3,12.4,23.5,14040,0.0,1.46,2.4
1971-10-18,18.4,13.5,24.6,14010,0.0,1.63,2.5
1971-10-19,19.8,15.3,26.0,14070,0.0,1.71,2.6
1971-10-20,18.4,12.3,24.9,14320,0.0,1.49,2.6
1971-10-21,18.4,15.7,22.1,5950,9.0,1.68,1.9
1971-10-22,17.6,16.2,20.0,8550,8.2,1.87,1.5
1971-10-23,17.2,15.4,19.7,6240,0.8,1.69,2.6
1971-10-24,16.0,14.8,16.7,4400,1.0,1.73,2.2
1971-10-25,16.4,13.5,19.6,8250,0.2,1.54,1.2
1971-10-26,16.4,12.1,22.0,12540,0.0,1.42,3.3
1971-10-27,17.9,13.5,22.5,11760,0.0,1.36,5.4
1971-10-28,14.3,7.6,20.4,13620,0.0,1.08,2.2
1971-10-29,16.3,10.3,24.5,12910,0.0,1.35,2.0
1971-10-30,18.7,13.8,25.0,11790,0.0,1.42,3.0
1971-10-31,13.9,7.3,19.5,11620,0.0,0.81,3.2
1971-11-01,12.3,4.3,20.9,11470,0.1,1.0,2.7
1971-11-02,14.4,9.2,20.0,8190,6.6,1.25,4.5
1971-11-03,7.6,3.9,11.5,12480,0.2,0.51,4.5
1971-11-04,4.3,0.1,8.2,13100,0.0,0.4,2.6
1971-11-05,10.6,4.6,16.2,11600,0.0,0.53,5.6
1971-11-06,6.2,-0.7,13.1,4970,0.4,0.39,4.2
1971-11-07,-3.0,-6.0,0.3,12930,0.0,0.18,3.5
1971-11-08,-1.4,-6.8,3.6,11170,0.0,0.27,2.2
1971-11-09,1.7,-0.0,4.0,3990,4.1,0.48,2.4
1971-11-10,3.7,-1.9,10.6,11200,0.0,0.58,2.9
1971-11-11,5.4,-0.1,12.1,11540,0.0,0.67,1.5
1971-11-12,9.3,3.3,16.2,8080,0.0,0.79,3.0
1971-11-13,8.8,4.6,14.5,10150,0.0,0.87,2.8
1971-11-14,14.5,7.9,21.3,10410,0.0,1.29,4.0
1971-11-15,15.9,11.4,20.9,8910,0.0,1.34,1.8
1971-11-16,13.4,9.9,19.9,7170,0.0,1.17,2.1
1971-11-17,14.3,9.2,20.4,10540,0.0,1.22,2.7
1971-11-18,14.7,13.2,16.7,2150,9.6,1.35,4.6
1971-11-19,5.9,3.7,12.0,8730,1.4,0.57,5.0
1971-11-20,5.6,3.4,7.0,1710,5.8,0.59,5.6
1971-11-21,1.1,-2.1,2.9,7790,0.1,0.31,5.7
1971-11-22,-2.6,-5.7,0.5,7770,0.0,0.27,2.2
1971-11-23,-2.8,-5.1,0.1,4110,2.2,0.27,2.5
1971-11-24,-1.7,-3.4,0.6,6620,1.2,0.42,1.4
1971-11-25,-0.7,-4.5,3.9,8470,0.0,0.44,2.2
1971-11-26,0.9,-2.2,4.3,4990,2.7,0.5,3.5
1971-11-27,2.0,0.8,3.4,3920,5.6,0.62,3.3
1971-11-28,0.9,-2.0,3.5,4150,0.0,0.53,2.7
1971-11-29,1.6,0.7,2.4,2470,8.0,0.63,3.6
1971-11-30,-0.7,-5.4,1.8,7100,0.0,0.47,3.2
1971-12-01,-4.1,-7.1,-0.0,7890,0.0,0.32,2.0
1971-12-02,-2.2,-4.5,1.8,9130,0.0,0.35,1.4
1971-12-03,-2.4,-5.3,1.3,7690,0.0,0.36,2.7
1971-12-04,-0.5,-4.0,2.7,2850,0.0,0.41,2.8
1971-12-05,3.9,2.1,6.3,1800,1.7,0.69,1.6
1971-12-06,5.2,4.6,6.1,1160,6.3,0.87,1.3
1971-12-07,4.4,4.0,4.8,1220,11.3,0.81,3.3
1971-12-08,5.1,4.0,7.0,2360,0.4,0.78,1.2
1971-12-09,7.1,4.8,9.2,1530,2.3,0.91,2.7
1971-12-10,11.5,6.5,16.9,2210,24.8,1.26,6.1
1971-12-11,3.2,-0.9,7.4,9420,0.0,0.5,2.7
1971-12-12,1.8,-2.7,7.1,6980,0.8,0.56,1.7
1971-12-13,-0.6,-5.1,3.1,8380,0.0,0.46,1.6
1971-12-14,4.0,-0.9,10.9,600,11.9,0.78,2.7
1971-12-15,11.8,6.2,17.1,2600,8.1,1.21,7.4
1971-12-16,3.4,1.4,6.1,6450,0.0,0.59,2.7
1971-12-17,-3.6,-9.5,1.6,6330,0.2,0.29,4.9
1971-12-18,-6.9,-10.4,-2.2,7230,0.0,0.14,3.3
1971-12-19,0.2,-3.6,4.1,4660,2.7,0.39,4.7
1971-12-20,2.0,0.5,4.7,4350,0.9,0.66,1.2
1971-12-21,0.8,-1.3,2.7,5400,0.0,0.55,2.4
1971-12-22,-0.4,-2.9,3.2,8710,0.0,0.37,3.2
1971-12-23,3.8,-1.1,9.0,7390,0.0,0.52,4.8
1971-12-24,5.5,-0.0,8.2,4640,0.0,0.75,3.9
1971-12-25,3.9,-1.8,11.0,2430,0.4,0.78,3.2
1971-12-26,9.2,6.0,12.0,2400,2.6,1.07,2.6
1971-12-27,8.4,-0.5,16.7,1760,2.7,1.06,3.8
1971-12-28,-5.5,-8.3,-2.3,9240,0.0,0.23,3.2
1971-12-29,-1.1,-5.6,2.0,1520,3.9,0.41,2.2
1971-12-30,4.7,-1.3,13.1,2310,19.5,0.76,6.3
1971-12-31,-2.3,-5.2,1.2,7260,0.0,0.39,2.8
1972-01-01,1.5,-1.9,6.5,7260,0.3,0.47,3.7
1972-01-02,-0.5,-3.3,1.9,9300,2.8,0.47,2.8
1972-01-03,0.3,-3.0,5.3,8250,0.0,0.48,1.9
1972-01-04,-3.4,-7.5,-0.6,2310,7.6,0.39,4.3
1972-01-05,-13.5,-17.3,-8.2,10170,0.8,0.15,3.3
1972-01-06,-8.1,-13.1,-2.7,9960,0.2,0.24,4.1
1972-01-07,-1.9,-5.8,0.7,9660,0.0,0.41,4.4
1972-01-08,-2.2,-10.7,4.6,9540,0.0,0.38,4.3
1972-01-09,4.8,0.2,7.5,4040,1.0,0.73,4.3
1972-01-10,2.4,-1.7,7.7,9500,0.0,0.62,3.2
1972-01-11,-0.6,-5.4,4.5,6390,0.0,0.4,2.6
1972-01-12,2.4,-4.6,8.8,8850,0.0,0.48,4.3
1972-01-13,-2.3,-8.9,7.2,3730,10.0,0.44,4.1
1972-01-14,-14.9,-20.7,-9.8,10930,0.0,0.13,3.3
1972-01-15,-24.5,-27.0,-21.4,11430,0.0,0.04,3.1
1972-01-16,-21.5,-30.9,-11.3,10490,0.0,0.07,3.8
1972-01-17,-5.1,-10.9,0.3,10650,0.0,0.27,5.8
1972-01-18,4.0,-0.5,8.9,4030,0.0,0.65,6.4
1972-01-19,1.1,-3.3,8.4,8970,0.1,0.52,2.7
1972-01-20,2.8,-1.3,7.2,3150,2.2,0.63,3.3
1972-01-21,0.0,-4.0,5.5,7760,0.0,0.48,2.8
1972-01-22,5.7,0.6,8.3,1950,2.5,0.87,4.0
1972-01-23,-1.5,-4.2,1.1,3810,1.8,0.47,2.0
1972-01-24,1.4,-4.4,13.1,2010,2.4,0.67,5.0
1972-01-25,-11.5,-15.8,-6.1,11900,0.0,0.09,5.2
1972-01-26,-10.4,-13.0,-6.0,10120,0.0,0.09,2.0
1972-01-27,-9.3,-11.5,-6.3,3180,6.8,0.2,2.5
1972-01-28,-13.9,-21.3,-8.1,11620,0.3,0.18,2.8
1972-01-29,-16.7,-22.4,-10.3,12100,0.0,0.11,1.6
1972-01-30,-14.7,-17.6,-12.9,12770,0.0,0.14,3.3
1972-01-31,-10.7,-20.4,-0.8,11160,0.0,0.23,3.4
1972-02-01,-4.8,-11.9,0.7,8470,0.4,0.37,2.1
1972-02-02,-1.3,-5.2,2.2,9870,1.3,0.47,2.0
1972-02-03,-4.5,-14.1,0.1,7350,4.9,0.41,4.4
1972-02-04,-17.2,-19.1,-15.1,12290,0.1,0.12,5.5
1972-02-05,-13.9,-23.1,-0.9,13110,0.0,0.18,3.1
1972-02-06,-3.9,-12.3,0.5,6250,4.6,0.41,4.6
1972-02-07,-18.1,-22.7,-13.1,14650,0.0,0.11,2.9
1972-02-08,-18.1,-25.7,-12.3,12870,0.2,0.12,1.2
1972-02-09,-15.5,-20.7,-9.7,14340,0.0,0.15,1.5
1972-02-10,-12.4,-18.4,-6.9,9480,0.8,0.21,2.4
1972-02-11,-4.6,-8.9,0.5,12610,0.0,0.39,2.0
1972-02-12,0.9,-1.1,3.6,10780,1.1,0.57,1.7
1972-02-13,-0.7,-2.1,1.2,7220,0.2,0.54,2.9
1972-02-14,1.3,-4.8,9.9,14420,0.0,0.54,3.4
1972-02-15,-0.3,-4.5,4.0,6680,3.0,0.5,4.1
1972-02-16,-2.6,-7.5,3.9,14530,0.0,0.34,2.0
1972-02-17,2.2,-2.3,10.2,11030,2.2,0.46,4.0
1972-02-18,-3.9,-6.6,-1.8,6580,0.7,0.32,4.6
1972-02-19,-6.9,-9.2,-3.9,14860,0.2,0.21,5.8
1972-02-20,-6.7,-13.4,0.8,15890,0.0,0.17,2.8
1972-02-21,4.5,-0.8,12.7,9370,0.0,0.55,5.4
1972-02-22,-5.5,-11.1,-1.1,16500,0.6,0.22,2.9
1972-02-23,-1.0,-4.9,2.2,3790,7.7,0.43,3.2
1972-02-24,-1.0,-3.7,1.9,9660,0.0,0.45,2.5
1972-02-25,-1.0,-4.4,4.6,12240,4.8,0.43,2.0
1972-02-26,-2.7,-6.4,0.9,17290,0.3,0.35,3.1
1972-02-27,0.6,-7.0,8.1,15690,0.0,0.42,3.9
1972-02-28,6.9,-2.1,16.6,13680,0.1,0.74,3.8
1972-02-29,9.5,-1.0,19.4,15900,0.0,0.94,3.2
1972-03-01,13.7,-1.7,17.2,6260,2.3,1.36,5.2
1972-03-02,-7.7,-10.3,-4.2,9070,5.4,0.23,5.0
1972-03-03,-4.8,-10.6,3.0,17990,0.0,0.21,2.7
1972-03-04,-0.4,-6.2,3.4,9360,1.0,0.34,4.7
1972-03-05,-7.1,-11.6,-2.1,18240,0.0,0.16,4.9
1972-03-06,0.5,-8.0,10.6,12530,0.1,0.33,4.2
1972-03-07,7.7,-0.8,12.6,9680,0.0,0.56,6.4
1972-03-08,-4.8,-9.0,-0.4,18140,0.0,0.17,5.0
1972-03-09,-3.4,-7.8,5.3,10810,0.4,0.24,3.5
1972-03-10,-3.6,-8.5,2.8,19530,0.0,0.23,2.6
1972-03-11,8.3,-1.4,19.8,18380,0.0,0.75,4.4
1972-03-12,14.8,10.8,19.0,10020,13.4,1.34,3.3
1972-03-13,7.3,-1.4,13.2,3080,29.2,1.0,4.1
1972-03-14,-0.0,-3.2,5.5,13470,0.5,0.43,4.3
1972-03-15,2.0,-4.4,8.1,6320,5.6,0.58,2.1
1972-03-16,6.1,1.9,9.5,11200,0.5,0.79,2.4
1972-03-17,4.6,0.9,9.6,11430,2.1,0.66,3.4
1972-03-18,-0.1,-3.5,4.4,21010,0.0,0.39,3.0
1972-03-19,1.7,-5.7,9.6,20700,0.9,0.39,1.5
1972-03-20,10.3,3.3,19.5,19110,0.5,0.78,2.9
1972-03-21,13.4,9.1,18.8,10030,1.9,1.15,4.6
1972-03-22,3.5,-1.9,6.6,6970,1.1,0.51,6.2
1972-03-23,-4.3,-7.2,0.7,20670,0.0,0.24,5.3
1972-03-24,-3.5,-8.4,3.5,20910,0.0,0.27,3.0
1972-03-25,0.5,-4.0,6.8,16960,0.2,0.36,1.9
1972-03-26,1.6,-5.4,9.2,17940,3.7,0.48,1.7
1972-03-27,4.3,1.3,9.3,10270,6.1,0.64,3.7
1972-03-28,3.8,-0.3,8.2,15670,0.0,0.47,3.1
1972-03-29,0.4,-1.2,2.3,5820,10.6,0.48,4.0
1972-03-30,-0.2,-4.9,4.7,22880,0.0,0.38,3.8
1972-03-31,2.4,-3.3,10.2,19640,1.0,0.49,2.5
1972-04-01,0.8,-1.9,3.9,19520,5.1,0.48,3.3
1972-04-02,1.5,-2.7,4.9,15180,0.3,0.46,2.5
1972-04-03,3.7,-4.0,12.9,17750,3.5,0.59,2.9
1972-04-04,1.2,-4.7,6.1,24660,0.1,0.4,3.6
1972-04-05,6.8,0.4,14.5,23280,0.0,0.55,2.9
1972-04-06,12.0,5.0,21.1,19940,0.8,1.01,3.0
1972-04-07,-1.8,-5.1,11.3,2890,22.1,0.46,5.9
1972-04-08,-4.5,-9.7,1.4,25550,0.0,0.23,3.4
1972-04-09,1.0,-6.2,8.9,25080,0.0,0.37,1.8
1972-04-10,9.4,2.3,17.6,21350,0.4,0.77,2.4
1972-04-11,11.1,5.2,17.1,19330,2.6,0.9,2.1
1972-04-12,15.1,9.5,22.1,17960,34.9,1.34,3.9
1972-04-13,19.5,14.4,24.7,24350,4.7,1.52,3.9
1972-04-14,12.5,6.8,18.3,11500,3.0,1.23,3.3
1972-04-15,16.1,12.2,18.2,16070,2.1,1.5,3.2
1972-04-16,12.7,7.1,16.8,17060,22.0,1.19,5.3
1972-04-17,10.8,2.8,19.7,26060,0.0,0.83,2.0
1972-04-18,15.5,7.7,22.9,25710,0.0,0.99,3.6
1972-04-19,18.9,15.4,25.0,15730,6.8,1.52,3.4
1972-04-20,11.4,6.6,17.3,15780,11.7,1.09,3.8
1972-04-21,8.3,5.1,15.9,4930,21.7,0.9,5.0
1972-04-22,11.2,6.1,16.2,18570,1.0,0.89,5.4
1972-04-23,8.8,3.9,12.9,21260,0.0,0.68,3.2
1972-04-24,5.8,2.4,9.3,17840,0.6,0.62,3.6
1972-04-25,4.9,-1.1,11.6,27990,0.0,0.47,2.8
1972-04-26,7.2,-2.0,15.4,27970,0.0,0.57,1.2
1972-04-27,9.7,1.0,17.7,27400,0.0,0.64,2.1
1972-04-28,12.9,7.7,19.4,22960,0.2,0.64,3.2
1972-04-29,13.1,10.8,15.9,9660,7.9,0.97,3.3
1972-04-30,16.0,10.1,21.7,19180,3.3,1.45,1.9
1972-05-01,17.4,14.2,20.5,13840,4.9,1.68,4.3
1972-05-02,15.9,12.2,19.0,21970,1.6,1.24,5.6
1972-05-03,11.5,5.9,15.4,17720,0.5,0.9,2.7
1972-05-04,11.8,5.9,18.3,24500,0.2,0.85,2.0
1972-05-05,13.3,5.8,20.1,24470,0.3,0.97,1.4
1972-05-06,19.2,14.1,25.4,25240,0.5,1.27,4.0
1972-05-07,16.7,13.4,21.6,11560,5.4,1.54,2.4
1972-05-08,12.5,8.3,14.6,8410,6.0,1.21,3.4
1972-05-09,10.2,6.2,15.8,25500,1.6,0.78,4.0
1972-05-10,10.3,2.3,16.8,29280,0.0,0.65,1.6
1972-05-11,12.6,4.7,19.6,28880,0.0,0.8,1.7
1972-05-12,15.8,8.5,22.7,28760,0.0,0.87,3.0
1972-05-13,16.5,12.7,21.7,8240,13.3,1.37,3.5
1972-05-14,16.4,13.3,21.8,19270,9.6,1.5,3.0
1972-05-15,13.8,10.5,17.8,14870,2.0,1.33,2.8
1972-05-16,15.0,10.6,21.0,22540,0.0,1.27,2.2
1972-05-17,15.8,7.6,23.4,27100,0.0,1.28,1.8
1972-05-18,18.8,11.2,26.1,28630,0.0,1.34,1.8
1972-05-19,19.4,13.3,26.1,29040,0.0,1.41,2.6
1972-05-20,19.8,11.7,26.8,28970,0.0,1.36,2.3
1972-05-21,20.8,11.7,28.7,27390,0.0,1.43,2.0
1972-05-22,21.1,16.0,27.1,29110,0.0,1.55,2.5
1972-05-23,21.2,13.8,27.7,28660,0.0,1.39,2.5
1972-05-24,22.2,15.5,28.3,29500,0.0,1.4,2.2
1972-05-25,22.2,14.8,29.2,29330,0.0,1.34,2.2
1972-05-26,21.3,13.6,29.0,29380,0.0,1.1,2.7
1972-05-27,22.4,16.1,28.5,27760,0.0,1.41,2.6
1972-05-28,22.2,15.1,28.2,28750,0.0,0.97,2.0
1972-05-29,21.1,16.7,27.2,18890,8.2,1.57,3.4
1972-05-30,15.1,8.5,18.3,17150,12.8,1.44,4.1
1972-05-31,9.0,6.3,13.9,9710,0.8,0.69,3.6
1972-06-01,15.0,7.3,22.3,30090,0.0,0.84,3.3
1972-06-02,20.1,13.1,27.3,24190,0.0,1.19,3.5
1972-06-03,23.3,17.5,30.2,26780,4.4,1.65,3.4
1972-06-04,24.0,18.7,29.8,27170,0.0,1.9,2.3
1972-06-05,21.5,15.6,26.3,19840,1.0,1.37,2.6
1972-06-06,21.7,16.3,27.2,28200,11.9,1.76,3.2
1972-06-07,19.3,13.4,25.2,29850,0.0,1.15,1.9
1972-06-08,19.8,14.7,24.1,14630,0.5,1.39,2.3
1972-06-09,20.8,16.4,27.9,22760,4.7,1.81,2.6
1972-06-10,14.0,10.8,18.3,30870,2.2,0.81,4.0
1972-06-11,14.0,6.0,20.9,30630,0.0,0.78,2.3
1972-06-12,20.3,12.9,27.3,21710,0.7,1.27,3.6
1972-06-13,25.0,20.1,29.7,22790,1.8,2.27,3.8
1972-06-14,26.2,22.6,30.7,25780,9.0,2.2,4.6
1972-06-15,22.2,17.6,26.5,21290,10.8,1.88,2.9
1972-06-16,17.9,11.6,22.8,27210,0.0,1.31,3.0
1972-06-17,16.0,9.7,22.1,22990,0.0,1.15,2.7
1972-06-18,19.2,11.8,25.8,26460,0.0,1.4,2.3
1972-06-19,23.8,17.0,29.9,24660,0.3,2.01,2.3
1972-06-20,24.1,19.7,28.5,20480,2.1,2.11,2.8
1972-06-21,15.9,12.2,20.4,25400,0.0,1.11,4.4
1972-06-22,13.6,9.6,18.3,25510,0.0,0.85,5.1
1972-06-23,13.0,8.6,17.3,27020,0.0,0.79,5.4
1972-06-24,14.4,10.9,18.4,14680,0.0,1.1,3.0
1972-06-25,16.8,10.7,22.1,15030,0.0,1.33,2.2
1972-06-26,19.8,13.4,25.6,22960,0.2,1.45,2.1
1972-06-27,21.6,13.1,28.8,28500,0.0,1.46,1.0
1972-06-28,22.9,17.3,28.6,19080,2.4,1.67,2.1
1972-06-29,19.8,17.3,22.7,14830,10.2,1.88,2.1
1972-06-30,22.5,16.3,28.6,25120,0.0,1.69,2.9
1972-07-01,25.4,19.1,31.6,29620,0.0,1.61,1.5
1972-07-02,23.9,19.9,28.6,10830,8.9,2.01,1.9
1972-07-03,20.1,17.0,25.0,18290,0.4,1.64,3.2
1972-07-04,17.0,13.2,20.1,17040,0.8,1.08,2.3
1972-07-05,15.3,9.3,20.6,17870,0.3,0.98,2.3
1972-07-06,16.8,8.0,23.1,27210,0.0,0.95,1.3
1972-07-07,19.5,13.8,25.2,20560,1.4,1.21,3.1
1972-07-08,21.7,15.3,26.8,24390,1.0,1.63,1.7
1972-07-09,22.6,19.0,26.3,17410,0.7,1.78,2.9
1972-07-10,25.5,19.7,31.0,24880,0.2,2.17,2.3
1972-07-11,26.9,21.3,32.1,27090,0.4,2.19,2.4
1972-07-12,26.5,21.0,31.2,27030,0.0,1.89,2.6
1972-07-13,26.3,20.7,31.0,23890,0.0,1.91,2.7
1972-07-14,27.6,23.3,31.5,25020,0.1,2.02,4.5
1972-07-15,26.2,24.2,28.4,16470,2.1,2.2,3.9
1972-07-16,23.8,18.4,27.4,19330,0.4,1.89,1.7
1972-07-17,24.8,18.2,30.3,25040,0.0,2.13,2.4
1972-07-18,26.8,23.2,31.3,22900,18.9,2.57,2.7
1972-07-19,26.3,21.7,30.6,24200,0.7,2.66,1.4
1972-07-20,27.8,22.6,32.6,25910,0.1,2.63,2.0
1972-07-21,28.2,23.3,32.6,24740,0.1,2.8,1.6
1972-07-22,28.3,23.7,32.8,24150,0.0,2.51,1.9
1972-07-23,27.4,22.7,32.9,24790,4.3,2.3,2.7
1972-07-24,24.6,21.3,28.6,16340,15.7,2.61,1.5
1972-07-25,22.9,18.8,26.6,26570,0.0,2.05,2.5
1972-07-26,19.6,13.9,25.3,17730,5.9,1.65,1.8
1972-07-27,21.1,18.4,23.9,16460,1.6,1.97,2.6
1972-07-28,20.5,16.7,24.5,23560,0.0,1.57,2.6
1972-07-29,20.4,15.6,25.3,25260,0.0,1.41,2.7
1972-07-30,21.0,14.7,26.6,26470,0.0,1.57,1.8
1972-07-31,22.7,15.9,28.3,26440,0.0,1.68,1.2
1972-08-01,23.2,17.6,27.1,13090,0.0,1.88,1.4
1972-08-02,23.4,20.0,28.1,16960,2.9,2.15,3.2
1972-08-03,21.6,18.4,24.9,10410,5.6,2.17,2.1
1972-08-04,18.3,15.9,22.3,13960,0.8,1.41,2.7
1972-08-05,18.3,11.0,24.5,27320,0.0,1.33,1.5
1972-08-06,20.7,17.4,27.4,8460,21.7,1.94,3.1
1972-08-07,19.5,17.1,21.3,11870,0.7,1.87,4.1
1972-08-08,18.2,14.6,22.8,12920,4.2,1.6,3.5
1972-08-09,16.0,11.2,20.4,21890,0.0,1.18,3.0
1972-08-10,15.9,8.5,22.2,26790,0.0,1.2,1.6
1972-08-11,20.2,13.3,26.8,22490,0.8,1.62,2.9
1972-08-12,22.4,19.5,27.0,17150,19.8,2.29,1.8
1972-08-13,23.5,17.8,29.2,22680,0.0,2.35,1.0
1972-08-14,25.0,20.4,29.9,20990,2.0,2.62,1.9
1972-08-15,23.2,20.5,26.1,14680,0.1,2.42,2.7
1972-08-16,21.9,14.3,29.2,23630,0.0,1.98,1.9
1972-08-17,26.5,22.1,31.7,22280,0.0,2.64,2.9
1972-08-18,27.2,22.6,31.9,23300,0.0,2.62,2.3
1972-08-19,25.3,22.0,29.9,17780,8.1,2.6,1.9
1972-08-20,24.1,19.4,29.0,22580,0.0,2.24,1.6
1972-08-21,25.6,20.7,30.8,23180,0.0,2.32,2.4
1972-08-22,25.7,22.4,30.1,19770,24.9,2.58,2.6
1972-08-23,23.4,21.4,27.3,11790,26.4,2.55,2.5
1972-08-24,22.6,20.2,25.9,16350,3.2,2.28,1.9
1972-08-25,22.7,17.7,28.6,20880,1.1,2.23,2.5
1972-08-26,22.2,20.3,24.2,16480,1.3,2.18,3.3
1972-08-27,20.8,19.1,23.3,14160,0.9,1.88,3.1
1972-08-28,21.5,16.7,26.9,20200,0.3,1.91,2.0
1972-08-29,22.7,15.4,29.0,22520,0.0,1.98,1.6
1972-08-30,22.8,16.7,29.0,22790,0.0,2.0,1.7
1972-08-31,22.5,17.0,28.4,20420,0.0,1.75,1.8
1972-09-01,22.3,17.2,27.9,20490,3.9,2.04,1.6
1972-09-02,17.8,13.4,22.0,3950,11.4,1.89,3.0
1972-09-03,15.3,13.1,17.3,5510,0.9,1.29,2.7
1972-09-04,16.3,11.5,20.9,17580,0.0,1.15,1.7
1972-09-05,17.1,10.8,23.0,16900,0.0,1.32,0.9
1972-09-06,18.5,12.1,24.6,22430,0.0,1.35,2.8
1972-09-07,21.6,16.4,27.3,13790,0.0,1.76,3.1
1972-09-08,22.5,18.7,25.4,14180,3.6,2.18,3.0
1972-09-09,17.6,14.6,21.4,18440,0.0,1.33,2.9
1972-09-10,16.8,10.7,23.4,18950,0.0,1.2,2.6
1972-09-11,21.3,15.0,28.2,16510,1.9,1.8,2.6
1972-09-12,23.6,20.0,27.6,14980,3.3,2.45,1.2
1972-09-13,25.4,22.3,30.5,18080,18.9,2.46,3.8
1972-09-14,21.1,16.2,23.6,11360,28.6,2.1,3.0
1972-09-15,17.8,10.8,23.9,18150,0.0,1.51,1.9
1972-09-16,21.6,16.4,27.2,19180,0.0,1.96,3.8
1972-09-17,24.3,20.9,29.0,18170,0.2,2.26,3.6
1972-09-18,24.2,20.6,28.9,12330,0.4,2.51,3.1
1972-09-19,21.7,19.1,24.8,13520,0.0,2.14,2.9
1972-09-20,20.4,14.3,27.3,19310,0.0,1.77,3.2
1972-09-21,17.1,12.1,21.2,5880,3.0,1.47,2.7
1972-09-22,14.1,9.6,19.2,20330,0.0,1.04,2.5
1972-09-23,14.7,11.3,18.7,5310,18.9,1.42,2.4
1972-09-24,20.6,18.0,24.1,9690,2.8,2.11,3.4
1972-09-25,20.9,19.5,23.2,5900,13.1,2.24,4.1
1972-09-26,21.4,19.6,25.1,8060,10.0,2.23,3.3
1972-09-27,17.0,15.9,19.7,3620,3.8,1.68,3.4
1972-09-28,19.5,15.1,24.5,9420,0.1,1.74,3.6
1972-09-29,16.6,10.4,20.9,4250,11.6,1.63,3.6
1972-09-30,8.7,5.3,11.7,18830,0.2,0.62,3.3
1972-10-01,11.8,5.8,18.7,17290,0.0,0.81,3.8
1972-10-02,15.5,9.7,22.2,17540,0.0,1.16,2.8
1972-10-03,17.1,12.6,22.2,16190,0.0,1.25,2.8
1972-10-04,16.6,14.2,19.7,5870,8.3,1.54,1.5
1972-10-05,15.4,11.9,19.6,7920,0.4,1.47,1.1
1972-10-06,15.4,11.2,20.2,9100,0.6,1.41,2.1
1972-10-07,12.9,10.1,16.1,15280,0.0,0.97,2.9
1972-10-08,13.6,9.3,20.6,16750,0.0,0.94,3.4
1972-10-09,10.1,5.9,13.8,16520,0.0,0.77,1.8
1972-10-10,10.9,5.7,17.8,15310,0.1,0.72,3.1
1972-10-11,16.9,13.0,20.7,10180,21.2,1.48,4.5
1972-10-12,15.1,9.3,18.1,9130,3.4,1.38,3.2
1972-10-13,10.3,6.4,14.7,13240,0.0,0.94,1.7
1972-10-14,14.0,10.5,19.0,9810,0.0,1.2,3.5
1972-10-15,8.4,3.3,12.0,15390,0.6,0.63,2.1
1972-10-16,13.1,8.5,18.7,14400,0.3,1.0,4.3
1972-10-17,7.9,3.4,13.2,15440,0.0,0.43,3.8
1972-10-18,2.9,1.9,3.8,3070,2.4,0.52,2.6
1972-10-19,2.0,-1.0,5.7,15610,0.0,0.44,2.3
1972-10-20,3.2,-2.9,9.3,13960,0.1,0.43,2.2
1972-10-21,8.4,5.9,9.8,2390,11.8,0.75,3.7
1972-10-22,12.7,9.8,16.3,3190,13.5,1.29,3.9
1972-10-23,11.4,7.9,15.5,4720,2.5,1.15,4.8
1972-10-24,7.2,6.2,8.2,2470,0.0,0.78,2.7
1972-10-25,5.9,3.3,8.3,7640,0.0,0.67,1.9
1972-10-26,6.0,1.2,12.2,14170,0.0,0.69,3.0
1972-10-27,8.6,2.6,15.0,5260,2.3,0.94,2.4
1972-10-28,11.1,10.0,12.6,1910,1.6,1.24,1.6
1972-10-29,9.0,7.5,10.6,3990,0.2,0.95,2.6
1972-10-30,8.4,6.6,10.6,3390,0.0,0.87,2.3
1972-10-31,7.5,6.3,8.2,1290,1.7,0.82,3.7
1972-11-01,10.2,7.3,16.5,1880,12.5,1.16,2.5
1972-11-02,14.2,9.2,18.0,11170,8.1,1.19,5.0
1972-11-03,7.6,4.1,10.4,6240,0.8,0.79,2.1
1972-11-04,6.3,4.9,7.7,6670,0.0,0.73,2.4
1972-11-05,6.3,2.1,10.9,11490,0.0,0.73,1.7
1972-11-06,9.1,3.3,16.0,11600,0.5,0.91,3.0
1972-11-07,11.0,6.7,12.7,1090,22.1,1.2,3.9
1972-11-08,6.9,5.9,8.4,4810,0.0,0.74,3.6
1972-11-09,7.1,5.6,9.3,5770,0.0,0.78,2.1
1972-11-10,6.1,3.9,8.7,4020,5.1,0.83,2.9
1972-11-11,6.2,4.2,8.1,7120,0.0,0.71,2.0
1972-11-12,5.5,3.4,8.0,4540,0.4,0.66,1.3
1972-11-13,4.9,4.3,5.5,600,29.3,0.75,4.8
1972-11-14,2.4,1.0,4.2,3940,12.0,0.65,5.1
1972-11-15,-0.5,-3.4,1.8,11130,0.0,0.41,2.0
1972-11-16,-0.2,-3.2,3.3,6880,0.0,0.44,2.1
1972-11-17,0.6,-1.7,3.1,6770,0.0,0.47,1.6
1972-11-18,1.0,-1.4,3.3,7910,0.0,0.45,1.4
1972-11-19,0.9,0.2,1.8,2550,9.5,0.59,3.8
1972-11-20,1.1,-0.9,4.7,8420,0.1,0.57,2.3
1972-11-21,0.4,-3.4,3.3,5360,0.0,0.53,1.5
1972-11-22,-1.9,-4.4,2.4,7400,0.0,0.42,2.1
1972-11-23,-3.0,-4.7,-0.0,8100,0.0,0.35,2.4
1972-11-24,-0.3,-4.5,5.8,10340,0.0,0.47,3.0
1972-11-25,0.8,0.3,1.6,3010,4.7,0.58,2.1
1972-11-26,-0.1,-2.0,0.7,3990,4.9,0.57,3.8
1972-11-27,-0.9,-2.8,1.1,7520,1.4,0.51,2.7
1972-11-28,-3.6,-5.7,-1.4,9840,0.0,0.41,2.5
1972-11-29,-4.3,-8.7,0.5,9240,0.0,0.4,1.4
1972-11-30,-1.7,-5.8,2.3,9890,0.2,0.46,2.5
1972-12-01,0.3,-4.3,4.4,5570,0.3,0.54,4.2
1972-12-02,0.9,-9.8,9.6,9400,0.0,0.57,3.8
1972-12-03,1.9,-1.9,6.3,7350,1.1,0.59,3.5
1972-12-04,-3.7,-5.0,-2.0,1360,6.9,0.41,3.5
1972-12-05,-1.7,-4.1,1.4,5730,3.2,0.5,1.9
1972-12-06,-9.3,-15.6,0.2,9040,11.4,0.26,4.0
1972-12-07,-12.5,-20.7,-4.5,9260,0.0,0.18,2.3
1972-12-08,-1.8,-4.2,0.6,2810,4.0,0.48,2.0
1972-12-09,-6.6,-9.3,-2.3,4910,0.6,0.33,2.0
1972-12-10,-11.0,-14.8,-7.5,6210,0.7,0.23,3.7
1972-12-11,-15.9,-23.4,-8.0,9380,2.7,0.15,1.6
1972-12-12,-1.0,-7.0,2.5,1080,34.0,0.54,3.9
1972-12-13,-6.3,-8.2,-0.1,5190,0.0,0.34,2.8
1972-12-14,-7.6,-9.7,-5.3,5430,0.0,0.31,1.8
1972-12-15,-6.5,-11.6,-4.3,4610,1.8,0.34,4.2
1972-12-16,-15.7,-18.3,-12.1,9250,0.2,0.14,5.9
1972-12-17,-16.0,-23.7,-8.4,9580,0.0,0.14,3.5
1972-12-18,-2.6,-8.0,1.4,8350,0.1,0.37,5.2
1972-12-19,1.8,0.7,2.6,2120,5.8,0.62,2.9
1972-12-20,1.5,0.6,2.5,1370,0.3,0.67,1.0
1972-12-21,1.2,0.1,2.5,3290,0.2,0.64,1.6
1972-12-22,0.6,-0.8,2.3,4050,0.0,0.57,1.3
1972-12-23,0.6,-1.4,3.3,4900,0.0,0.56,1.8
1972-12-24,0.7,-1.1,2.4,2820,0.8,0.6,1.7
1972-12-25,0.4,-1.1,2.8,4690,0.1,0.54,2.1
1972-12-26,-1.2,-5.3,0.5,3200,2.9,0.48,3.9
1972-12-27,-1.3,-6.6,5.8,8850,0.0,0.43,4.2
1972-12-28,0.9,-1.7,5.1,7490,0.0,0.54,2.1
1972-12-29,4.4,-0.4,9.7,1750,7.4,0.72,4.3
1972-12-30,11.4,9.8,13.0,2120,14.1,1.08,5.8
1972-12-31,3.0,-0.8,10.7,9050,0.1,0.51,5.0
1973-01-01,-2.9,-4.8,0.5,9310,0.0,0.28,4.1
1973-01-02,-3.8,-7.1,0.9,9620,0.0,0.25,1.8
1973-01-03,0.8,-4.9,8.0,1950,12.9,0.51,4.8
1973-01-04,-1.7,-6.4,4.0,4640,0.2,0.41,5.3
1973-01-05,-8.6,-10.8,-6.5,6980,0.0,0.14,2.8
1973-01-06,-8.9,-11.2,-5.8,6830,0.0,0.16,2.5
1973-01-07,-6.8,-9.3,-4.5,5670,0.0,0.16,2.7
1973-01-08,-5.6,-7.4,-2.9,7670,0.5,0.18,2.8
1973-01-09,-9.3,-11.8,-6.6,10110,0.0,0.14,2.9
1973-01-10,-10.3,-14.0,-6.1,8000,0.0,0.13,3.4
1973-01-11,-8.5,-10.0,-5.6,9270,0.0,0.16,3.7
1973-01-12,-7.5,-12.3,-1.5,10250,0.0,0.15,2.7
1973-01-13,-2.0,-5.9,3.9,10040,0.0,0.21,4.5
1973-01-14,0.2,-3.1,5.5,7800,2.5,0.43,4.0
1973-01-15,1.1,-0.2,3.4,4240,0.0,0.58,2.6
1973-01-16,3.6,-0.4,9.6,10150,0.0,0.6,4.4
1973-01-17,7.7,4.0,13.0,5680,0.0,0.86,5.0
1973-01-18,9.9,7.3,14.0,6030,1.5,1.0,5.4
1973-01-19,3.0,-2.2,10.8,3720,0.5,0.68,4.8
1973-01-20,-1.4,-3.9,2.5,7700,0.0,0.4,2.7
1973-01-21,-0.1,-3.9,5.7,3880,10.5,0.45,5.1
1973-01-22,5.3,0.8,7.3,3930,4.0,0.8,5.6
1973-01-23,-0.5,-4.1,0.7,3420,0.8,0.44,4.7
1973-01-24,-1.2,-4.9,5.0,11320,0.0,0.32,2.2
1973-01-25,2.6,-2.7,11.3,11340,0.0,0.57,2.9
1973-01-26,3.2,-2.5,9.8,6260,0.0,0.68,1.5
1973-01-27,4.4,0.5,9.7,8010,0.2,0.75,1.2
1973-01-28,-0.8,-4.2,1.3,2140,7.8,0.53,4.5
1973-01-29,-4.9,-7.5,-2.6,10420,0.0,0.27,3.4
1973-01-30,-4.6,-8.8,1.0,12290,0.0,0.29,3.0
1973-01-31,0.4,-4.1,5.5,6420,0.2,0.52,3.4
1973-02-01,7.1,4.7,10.2,2250,9.7,0.91,4.8
1973-02-02,6.0,1.7,10.6,2530,6.8,0.88,3.5
1973-02-03,1.5,-2.1,6.1,12660,0.4,0.52,3.7
1973-02-04,4.1,-0.7,11.5,11830,0.0,0.59,3.7
1973-02-05,5.9,0.7,11.8,11470,0.0,0.71,2.5
1973-02-06,3.5,-0.1,5.9,5440,0.0,0.6,2.5
1973-02-07,0.6,-2.7,4.1,3470,3.7,0.56,1.8
1973-02-08,-6.2,-8.6,-3.0,11200,0.6,0.22,4.3
1973-02-09,-7.8,-12.4,-3.2,14500,0.0,0.17,1.8
1973-02-10,-6.2,-10.7,-1.5,10670,0.0,0.23,1.9
1973-02-11,-5.6,-9.8,0.2,14200,0.0,0.22,2.6
1973-02-12,-2.5,-7.7,5.1,14620,0.0,0.25,3.0
1973-02-13,-0.3,-3.3,3.6,3680,0.6,0.43,3.4
1973-02-14,2.0,0.7,3.3,1540,2.0,0.68,1.6
1973-02-15,-3.4,-9.8,0.2,7250,2.6,0.39,4.8
1973-02-16,-10.7,-13.3,-7.4,10090,0.0,0.16,4.5
1973-02-17,-9.1,-13.7,-3.7,15380,0.0,0.15,1.7
1973-02-18,-2.3,-6.4,2.3,12990,0.0,0.3,2.7
1973-02-19,1.3,-2.6,6.2,13070,0.0,0.44,3.2
1973-02-20,1.1,-2.4,3.5,10990,1.7,0.51,3.5
1973-02-21,-1.4,-5.3,0.6,11570,0.5,0.38,4.9
1973-02-22,-1.8,-7.6,6.4,11790,0.0,0.33,3.4
1973-02-23,0.1,-2.8,4.2,9330,0.0,0.46,2.9
1973-02-24,1.0,-4.8,8.8,16140,0.0,0.46,2.5
1973-02-25,5.2,0.1,12.7,10560,0.6,0.63,2.5
1973-02-26,-0.2,-2.2,3.4,3910,0.9,0.5,3.3
1973-02-27,-0.5,-3.3,4.7,14480,0.0,0.37,2.2
1973-02-28,1.3,-5.1,8.9,16440,0.0,0.52,2.4
1973-03-01,5.9,0.8,12.5,13690,0.0,0.67,3.3
1973-03-02,8.9,5.2,13.1,6780,2.0,0.94,3.1
1973-03-03,10.4,8.6,13.5,5570,1.0,1.16,1.8
1973-03-04,9.5,7.2,12.3,4520,2.3,1.1,3.3
1973-03-05,10.9,7.7,14.8,8830,10.2,1.1,3.4
1973-03-06,13.0,4.7,20.8,15420,0.0,1.15,3.2
1973-03-07,13.8,8.4,17.0,14290,5.9,1.12,5.0
1973-03-08,9.7,3.2,16.4,18340,0.0,0.77,2.1
1973-03-09,6.2,3.5,8.5,3880,9.4,0.76,4.0
1973-03-10,13.4,7.9,19.5,6920,4.3,1.34,3.2
1973-03-11,15.5,11.0,18.4,10180,24.9,1.35,6.8
1973-03-12,8.6,6.6,10.9,9370,0.0,0.72,4.3
1973-03-13,9.8,3.7,16.6,15410,0.0,0.87,2.8
1973-03-14,17.8,14.3,20.6,10700,4.2,1.5,5.8
1973-03-15,14.7,9.3,17.1,18520,0.0,1.01,5.2
1973-03-16,8.1,3.0,12.8,7590,12.0,0.88,2.6
1973-03-17,0.2,-1.5,2.1,10800,16.1,0.52,6.4
1973-03-18,-2.1,-6.2,2.4,22140,0.0,0.36,4.1
1973-03-19,-1.5,-8.3,6.2,20200,0.0,0.43,2.3
1973-03-20,2.0,-1.2,6.7,17400,0.0,0.5,3.7
1973-03-21,0.7,-4.5,6.4,21270,0.0,0.41,3.4
1973-03-22,1.8,-5.1,9.2,21670,0.0,0.49,1.5
1973-03-23,4.2,-2.2,11.1,19560,0.1,0.51,2.7
1973-03-24,8.6,2.2,16.4,17940,0.0,0.64,3.4
1973-03-25,9.2,6.8,11.7,2750,25.6,0.91,4.0
1973-03-26,9.3,6.1,15.5,14790,2.0,0.78,4.3
1973-03-27,7.2,-0.4,14.6,22600,0.0,0.59,2.3
1973-03-28,9.1,4.0,14.3,9880,3.1,0.89,2.7
1973-03-29,11.5,7.5,15.9,11020,19.6,1.2,2.6
1973-03-30,10.3,6.8,14.3,13390,0.0,0.94,2.3
1973-03-31,10.7,7.7,14.9,5390,11.7,1.16,4.4
1973-04-01,10.8,7.4,15.0,16770,4.2,1.03,3.4
1973-04-02,7.1,6.0,9.0,6310,2.9,0.83,4.4
1973-04-03,6.6,4.7,8.8,5830,0.0,0.77,2.7
1973-04-04,4.0,1.8,7.8,9170,3.8,0.66,3.6
1973-04-05,5.2,1.2,11.6,14690,0.0,0.57,3.6
1973-04-06,10.5,5.0,17.9,24090,0.0,0.68,4.6
1973-04-07,11.0,5.9,16.5,12560,1.0,0.9,2.0
1973-04-08,9.2,3.6,13.9,20040,1.2,0.75,3.2
1973-04-09,6.4,2.7,8.9,9870,11.9,0.68,6.0
1973-04-10,1.2,-1.4,3.8,15040,2.4,0.42,4.6
1973-04-11,2.1,-4.3,7.9,21890,0.7,0.37,3.5
1973-04-12,3.5,0.7,7.8,17080,5.6,0.57,3.5
1973-04-13,2.4,-3.6,8.1,25120,0.0,0.42,1.7
1973-04-14,5.6,-1.9,13.1,25760,0.0,0.5,2.3
1973-04-15,12.4,5.1,20.2,17160,0.0,0.86,4.2
1973-04-16,14.4,7.0,17.1,8710,14.3,1.2,6.1
1973-04-17,9.1,-0.5,17.4,17920,0.2,0.91,2.0
1973-04-18,14.6,10.7,18.9,6770,12.4,1.48,2.9
1973-04-19,17.2,14.0,22.4,10850,5.5,1.59,4.1
1973-04-20,20.1,17.4,24.0,10760,0.5,1.8,4.2
1973-04-21,20.0,18.3,21.8,8810,9.8,1.75,4.8
1973-04-22,18.2,13.0,20.4,12890,21.4,1.48,4.5
1973-04-23,14.5,10.1,20.4,18430,0.2,1.05,1.7
1973-04-24,12.8,6.7,18.2,25720,0.0,0.95,2.0
1973-04-25,11.4,7.8,16.3,23380,0.0,0.75,3.6
1973-04-26,10.2,5.2,16.1,22990,0.0,0.68,3.8
1973-04-27,9.3,5.7,13.0,18880,0.0,0.5,5.4
1973-04-28,7.7,1.7,13.6,27130,0.0,0.52,3.1
1973-04-29,12.2,3.5,20.8,22660,1.8,0.87,3.3
1973-04-30,16.5,11.6,22.0,15490,8.4,1.49,3.1
1973-05-01,18.4,16.6,21.3,14540,1.0,1.62,6.1
1973-05-02,15.4,9.9,18.0,15970,3.3,1.3,6.2
1973-05-03,9.9,6.5,14.1,19590,0.0,0.63,5.2
1973-05-04,9.1,3.3,15.0,28770,0.0,0.57,3.6
1973-05-05,9.5,0.9,16.3,26830,0.0,0.61,1.2
1973-05-06,13.0,9.4,15.9,8500,1.0,0.83,3.6
1973-05-07,14.5,13.5,16.2,5410,15.2,1.31,5.2
1973-05-08,17.0,14.5,20.5,18010,2.7,1.52,4.6
1973-05-09,18.1,11.3,24.9,24380,0.1,1.32,4.0
1973-05-10,17.6,12.8,23.0,21440,0.8,1.33,3.0
1973-05-11,15.2,11.1,20.1,25410,0.2,0.86,3.9
1973-05-12,12.1,9.0,14.9,21770,0.8,0.89,4.0
1973-05-13,10.1,7.3,12.7,11240,0.7,0.88,2.0
1973-05-14,8.4,4.1,13.8,25200,2.1,0.81,2.7
1973-05-15,9.2,1.2,15.7,28030,0.0,0.63,2.5
1973-05-16,11.2,7.3,17.6,17810,1.0,0.75,4.6
1973-05-17,8.9,1.1,14.5,23720,0.7,0.63,2.2
1973-05-18,11.3,4.4,17.8,19120,0.3,0.76,2.4
1973-05-19,14.7,11.0,19.9,17010,15.0,1.26,3.2
1973-05-20,14.8,8.3,20.2,21820,0.0,1.13,2.4
1973-05-21,16.3,7.8,22.9,22920,0.7,1.21,1.4
1973-05-22,18.7,15.0,23.8,17130,2.7,1.59,3.1
1973-05-23,17.4,14.9,20.6,6690,1.2,1.73,2.9
1973-05-24,18.0,13.9,22.7,25850,0.0,1.44,2.3
1973-05-25,18.0,14.3,22.8,24370,2.0,1.35,3.6
1973-05-26,16.3,9.1,22.5,27080,0.2,1.21,1.8
1973-05-27,18.4,15.9,20.8,6440,14.7,1.84,5.2
1973-05-28,15.8,13.0,20.3,11900,10.4,1.58,2.6
1973-05-29,15.2,12.4,18.6,12780,16.7,1.55,1.5
1973-05-30,12.6,9.7,15.4,10270,4.7,1.26,2.9
1973-05-31,15.7,8.4,22.6,28200,0.0,1.18,2.8
1973-06-01,18.7,12.3,24.9,27190,0.0,1.47,2.2
1973-06-02,20.6,12.8,26.6,26560,1.4,1.66,2.6
1973-06-03,23.3,19.3,28.2,22860,10.7,2.1,4.7
1973-06-04,22.2,19.3,25.7,17090,10.7,2.16,2.9
1973-06-05,20.9,19.1,24.8,11550,17.1,2.19,3.4
1973-06-06,20.1,16.7,24.4,23800,0.8,1.69,2.2
1973-06-07,20.3,13.7,25.9,29580,0.0,1.51,2.8
1973-06-08,22.1,16.3,27.4,29490,0.0,1.68,3.3
1973-06-09,23.7,18.5,28.9,26820,0.1,2.05,2.8
1973-06-10,24.9,19.5,29.5,29290,0.0,2.21,2.5
1973-06-11,25.2,20.5,29.9,26050,0.0,2.36,2.7
1973-06-12,24.6,21.0,29.5,24770,2.0,2.36,2.3
1973-06-13,21.0,16.7,25.6,29070,0.0,1.5,2.4
1973-06-14,20.5,13.9,26.4,30270,0.0,1.4,2.2
1973-06-15,21.5,18.1,25.8,15350,7.7,1.91,2.9
1973-06-16,26.2,21.2,30.8,24410,3.4,2.77,2.7
1973-06-17,23.7,20.1,26.8,15340,9.7,2.34,2.0
1973-06-18,22.8,15.8,28.7,30210,0.0,1.74,1.8
1973-06-19,23.7,21.2,27.1,15890,1.6,2.17,2.6
1973-06-20,22.4,19.5,26.1,26900,3.2,1.93,2.3
1973-06-21,20.8,15.4,25.2,24790,0.0,1.6,2.3
1973-06-22,20.1,15.2,23.7,22020,0.0,1.61,2.2
1973-06-23,20.6,13.5,26.0,27480,0.1,1.55,2.4
1973-06-24,21.7,17.8,26.0,27130,0.0,1.7,2.1
1973-06-25,22.5,14.8,29.3,25050,0.0,1.9,2.3
1973-06-26,24.6,19.8,27.9,13860,10.1,2.2,2.9
1973-06-27,20.9,18.5,25.4,17010,25.4,2.18,3.1
1973-06-28,19.0,17.2,21.0,19290,1.5,1.69,3.5
1973-06-29,18.3,13.8,22.4,20830,0.0,1.45,2.2
1973-06-30,19.7,13.5,24.5,23590,0.0,1.67,1.5
1973-07-01,22.4,15.9,28.1,25420,0.0,1.93,0.9
1973-07-02,25.3,21.1,30.5,24850,5.3,2.63,3.1
1973-07-03,25.0,20.5,30.2,19410,2.4,2.63,1.6
1973-07-04,23.3,20.6,25.7,14390,20.2,2.49,1.8
1973-07-05,21.5,15.8,26.8,25350,0.0,1.89,1.0
1973-07-06,22.9,16.3,28.4,29190,0.0,1.96,1.1
1973-07-07,23.9,17.6,29.4,27600,0.0,2.11,2.1
1973-07-08,25.1,18.5,30.7,28700,0.0,2.26,1.6
1973-07-09,26.2,20.0,31.6,25710,0.0,2.48,1.5
1973-07-10,24.8,21.6,29.6,25410,0.1,2.33,3.1
1973-07-11,20.5,16.7,24.3,29740,0.0,1.38,3.6
1973-07-12,20.7,13.0,27.5,28770,0.0,1.54,2.7
1973-07-13,25.5,20.0,31.0,28470,0.0,1.85,4.2
1973-07-14,24.6,20.5,28.8,22660,0.5,2.0,2.6
1973-07-15,21.8,17.2,25.6,20710,0.0,1.65,2.5
1973-07-16,21.2,15.1,26.5,26400,0.0,1.49,1.7
1973-07-17,22.5,15.8,28.4,27460,0.0,1.44,1.9
1973-07-18,23.8,18.4,28.6,22100,0.0,1.65,1.9
1973-07-19,25.2,20.4,30.1,19800,0.3,1.99,1.4
1973-07-20,23.8,21.6,28.2,12650,26.2,2.59,2.2
1973-07-21,21.3,20.1,22.7,6970,47.9,2.3,3.4
1973-07-22,22.3,20.2,25.9,11190,4.0,2.4,2.4
1973-07-23,24.3,20.2,29.0,20160,0.7,2.48,2.4
1973-07-24,24.9,21.6,28.8,19550,17.1,2.67,1.7
1973-07-25,24.5,21.9,30.0,21250,4.0,2.69,1.9
1973-07-26,23.7,21.6,27.2,20420,9.6,2.46,3.3
1973-07-27,23.4,19.7,28.1,26200,0.0,2.12,3.9
1973-07-28,21.3,17.8,23.5,22970,0.7,1.86,3.5
1973-07-29,20.3,13.7,25.6,25430,0.0,1.73,1.0
1973-07-30,22.2,19.0,27.7,18140,22.0,2.21,2.2
1973-07-31,22.1,20.0,25.1,13880,22.9,2.39,1.7
1973-08-01,19.6,16.9,22.2,18600,0.2,1.8,3.1
1973-08-02,18.8,15.2,22.8,18410,0.6,1.73,2.7
1973-08-03,19.5,14.9,23.5,21310,0.9,1.74,1.9
1973-08-04,20.9,15.7,25.9,25600,0.0,1.8,1.2
1973-08-05,22.2,17.4,26.7,22840,0.6,2.04,1.6
1973-08-06,22.6,17.5,27.5,22330,0.0,1.98,2.2
1973-08-07,23.5,17.9,28.3,23180,0.0,2.04,2.8
1973-08-08,26.1,22.2,30.4,23180,0.2,2.49,3.6
1973-08-09,24.8,23.0,28.8,18640,9.0,2.57,3.1
1973-08-10,23.6,20.7,27.0,24520,7.2,2.22,2.4
1973-08-11,22.7,19.2,28.5,18760,18.1,2.26,2.1
1973-08-12,23.2,20.2,26.9,20360,0.3,2.34,1.8
1973-08-13,21.7,15.9,26.8,26110,0.1,1.84,1.4
1973-08-14,21.4,18.9,25.1,12410,17.2,2.06,2.7
1973-08-15,21.5,17.4,25.7,23110,0.0,2.02,1.5
1973-08-16,21.7,16.6,25.8,23800,0.0,1.79,1.6
1973-08-17,22.0,15.8,27.1,23580,0.0,1.86,1.0
1973-08-18,23.3,18.4,27.9,22620,0.0,2.14,1.1
1973-08-19,24.2,19.5,28.8,20190,0.0,2.37,1.7
1973-08-20,23.1,18.1,26.7,22530,2.8,2.12,3.6
1973-08-21,18.4,15.0,23.0,24770,0.0,1.4,3.4
1973-08-22,17.7,13.7,21.9,23840,0.0,1.43,2.1
1973-08-23,18.7,12.9,23.9,18930,1.0,1.51,2.5
1973-08-24,20.1,17.4,24.3,9640,8.5,1.93,3.3
1973-08-25,24.1,19.9,29.3,15070,0.0,2.34,2.5
1973-08-26,26.6,21.7,32.0,23230,0.0,2.6,2.6
1973-08-27,27.3,23.3,32.2,21910,0.0,2.61,2.3
1973-08-28,26.8,22.3,31.2,22600,0.0,2.51,1.7
1973-08-29,25.8,20.1,31.0,21720,0.0,2.42,1.3
1973-08-30,24.5,21.9,28.7,14740,12.8,2.57,1.8
1973-08-31,25.6,21.5,30.0,20870,0.1,2.52,2.2
1973-09-01,25.9,22.1,29.9,20110,0.0,2.5,2.7
1973-09-02,26.0,21.3,30.4,21150,0.0,2.2,2.2
1973-09-03,25.6,21.0,30.1,20100,0.2,2.15,2.4
1973-09-04,24.8,20.6,29.3,19630,0.1,2.26,2.0
1973-09-05,23.5,20.4,27.5,16820,0.7,2.29,1.7
1973-09-06,20.2,16.3,24.1,19180,0.0,1.33,2.3
1973-09-07,18.3,11.2,23.9,21570,0.0,1.33,1.0
1973-09-08,17.5,15.2,21.0,8080,3.0,1.53,2.2
1973-09-09,18.1,16.9,19.3,5790,4.8,1.53,2.8
1973-09-10,18.5,12.1,23.5,20920,0.0,1.48,1.2
1973-09-11,19.6,15.9,24.6,18370,0.1,1.54,2.8
1973-09-12,16.7,10.7,21.4,19230,0.0,1.21,1.0
1973-09-13,18.5,12.9,24.5,17340,0.0,1.26,2.8
1973-09-14,18.7,14.3,24.2,16990,11.8,1.46,2.6
1973-09-15,17.4,11.9,23.1,20170,0.0,1.3,1.8
1973-09-16,15.0,12.6,17.5,8420,0.4,1.36,2.3
1973-09-17,15.8,13.1,19.7,8240,6.1,1.39,4.0
1973-09-18,12.6,8.6,16.3,13660,0.0,0.98,2.4
1973-09-19,14.1,9.6,18.8,17550,0.0,0.98,2.7
1973-09-20,15.5,12.7,18.1,12060,0.2,1.23,2.3
1973-09-21,17.1,10.9,23.7,10680,0.0,1.33,2.9
1973-09-22,21.2,16.2,23.1,6740,3.9,1.99,4.2
1973-09-23,17.3,10.5,24.2,16620,0.0,1.46,1.6
1973-09-24,20.0,14.1,27.3,16940,6.2,1.73,2.5
1973-09-25,22.9,20.1,27.6,13660,11.6,2.25,3.0
1973-09-26,23.5,19.6,27.9,16710,0.0,2.09,3.2
1973-09-27,22.6,18.7,26.9,11540,0.1,2.05,2.2
1973-09-28,22.5,19.5,27.3,10680,7.0,2.33,1.5
1973-09-29,20.8,17.2,22.7,4110,20.5,2.27,2.2
1973-09-30,19.2,16.2,23.6,12070,0.0,1.64,2.4
1973-10-01,18.7,15.6,22.7,7590,9.8,1.79,2.6
1973-10-02,18.0,15.5,21.4,12500,1.0,1.72,2.3
1973-10-03,18.4,12.2,23.7,9310,1.6,1.77,1.7
1973-10-04,19.0,15.5,20.9,4610,4.0,1.93,3.2
1973-10-05,14.0,9.1,18.3,17640,0.0,1.07,2.2
1973-10-06,13.7,8.3,19.3,14160,0.1,1.07,2.0
1973-10-07,17.3,13.7,23.2,7460,1.4,1.57,1.9
1973-10-08,19.3,16.3,23.6,10530,1.2,1.93,1.6
1973-10-09,19.9,16.4,24.9,11530,0.3,1.97,2.1
1973-10-10,20.9,16.3,26.2,14190,0.0,1.87,2.7
1973-10-11,21.0,16.8,26.0,15640,0.0,1.64,3.4
1973-10-12,19.3,17.9,21.0,4790,7.7,1.78,4.2
1973-10-13,17.9,15.8,19.1,3260,15.4,1.65,4.2
1973-10-14,15.6,8.5,21.4,15840,0.0,1.04,3.1
1973-10-15,17.3,13.0,22.9,15120,0.0,1.27,3.4
1973-10-16,10.7,7.4,13.2,16420,0.0,0.57,4.1
1973-10-17,8.7,3.8,13.6,15760,0.0,0.55,2.5
1973-10-18,11.5,7.1,15.0,14940,0.0,0.77,3.5
1973-10-19,12.8,5.0,21.6,14710,0.0,1.05,3.9
1973-10-20,12.3,8.1,15.8,10920,0.0,0.96,2.6
1973-10-21,10.6,4.9,16.8,14820,0.0,0.89,1.7
1973-10-22,11.4,4.4,18.9,14700,0.0,0.96,1.4
1973-10-23,12.5,5.1,21.1,14420,0.0,1.05,1.8
1973-10-24,16.0,10.6,23.0,14100,0.0,1.11,3.4
1973-10-25,16.8,13.7,20.1,11300,0.0,1.21,4.2
1973-10-26,12.6,7.7,17.9,13610,0.0,1.08,1.7
1973-10-27,10.9,7.6,14.4,3840,10.5,1.15,2.2
1973-10-28,8.0,5.1,11.8,12120,0.0,0.72,3.1
1973-10-29,6.8,2.5,10.9,3110,5.9,0.86,3.8
1973-10-30,10.3,9.0,12.2,4690,0.0,0.95,3.9
1973-10-31,8.1,6.5,10.1,1740,14.2,0.97,3.2
1973-11-01,8.0,5.1,11.3,10040,0.0,0.57,4.0
1973-11-02,9.8,5.6,15.2,7210,0.6,0.89,2.9
1973-11-03,5.7,2.9,10.0,12250,0.0,0.6,2.2
1973-11-04,4.4,0.1,8.8,9280,0.3,0.58,2.0
1973-11-05,2.2,-1.2,4.3,12800,0.5,0.43,3.4
1973-11-06,-0.7,-4.6,4.3,12720,0.0,0.3,2.5
1973-11-07,2.8,-2.4,8.0,9500,0.0,0.44,1.5
1973-11-08,4.6,1.0,6.7,6930,2.2,0.53,3.0
1973-11-09,-1.5,-3.9,0.4,9930,0.0,0.27,4.0
1973-11-10,-1.6,-5.0,2.7,11610,0.0,0.32,1.8
1973-11-11,2.4,-3.1,7.8,10840,0.0,0.42,3.0
1973-11-12,8.7,4.9,13.2,6840,0.0,0.68,4.1
1973-11-13,12.3,8.2,17.3,9500,0.0,1.03,4.9
1973-11-14,15.4,10.8,18.3,3510,0.7,1.54,3.1
1973-11-15,14.7,4.1,18.4,5290,4.0,1.4,5.9
1973-11-16,3.6,1.4,5.4,9780,0.0,0.43,4.0
1973-11-17,4.0,-0.7,9.7,10690,0.3,0.51,2.9
1973-11-18,9.2,5.2,13.4,4820,1.7,0.88,3.4
1973-11-19,8.7,6.0,12.4,8650,0.0,0.95,1.8
1973-11-20,10.7,5.9,16.5,7210,0.0,1.03,4.3
1973-11-21,12.5,7.4,16.6,3950,20.8,1.02,5.7
1973-11-22,9.8,4.9,16.6,9770,0.0,0.86,3.4
1973-11-23,9.8,6.5,14.5,9250,0.0,1.03,1.7
1973-11-24,14.1,7.9,17.4,930,24.5,1.55,4.6
1973-11-25,7.4,5.3,9.8,4290,13.4,0.81,2.8
1973-11-26,7.9,3.5,13.2,4980,3.4,0.93,2.6
1973-11-27,11.1,9.5,14.6,7090,1.1,1.22,1.3
1973-11-28,5.5,2.2,10.0,6370,10.9,0.71,4.7
1973-11-29,2.4,-1.8,6.4,9820,0.0,0.43,3.6
1973-11-30,6.8,2.9,12.4,9090,0.0,0.66,3.6
1973-12-01,2.4,-1.2,6.9,9590,0.0,0.48,3.2
1973-12-02,7.7,2.3,15.0,9140,0.0,0.84,4.3
1973-12-03,11.6,8.6,15.6,6720,0.0,1.03,4.3
1973-12-04,12.2,9.9,15.0,2170,29.0,1.14,4.8
1973-12-05,3.5,-0.4,10.6,2820,1.5,0.52,6.2
1973-12-06,-1.6,-2.6,-0.6,3590,0.0,0.35,4.2
1973-12-07,-0.2,-2.7,2.2,4420,0.0,0.43,1.8
1973-12-08,0.5,-2.1,3.6,7290,0.0,0.47,1.5
1973-12-09,-1.0,-3.9,2.6,5190,0.7,0.47,2.6
1973-12-10,-5.3,-7.5,-3.0,4270,0.2,0.27,4.1
1973-12-11,-6.3,-11.0,-1.7,6870,0.0,0.23,2.3
1973-12-12,-0.6,-4.9,6.2,8380,0.1,0.43,2.1
1973-12-13,3.6,0.3,7.8,2030,8.8,0.76,4.2
1973-12-14,-2.6,-4.3,-0.1,7160,0.2,0.37,2.3
1973-12-15,-3.3,-4.9,-1.4,3610,4.4,0.38,2.8
1973-12-16,-6.8,-9.0,-4.3,7780,0.0,0.28,3.3
1973-12-17,-10.0,-13.5,-6.1,9160,0.0,0.2,2.0
1973-12-18,-6.6,-11.6,-3.4,4340,1.2,0.27,2.2
1973-12-19,-3.9,-5.1,-2.9,2320,35.6,0.42,3.3
1973-12-20,-5.5,-9.6,-3.3,8400,6.5,0.36,5.8
1973-12-21,-14.0,-19.7,-10.0,8170,0.0,0.17,4.0
1973-12-22,-11.9,-21.0,-2.8,8110,0.0,0.22,5.5
1973-12-23,-5.7,-9.7,-2.9,8680,0.0,0.36,3.4
1973-12-24,1.0,-2.9,4.3,3720,1.9,0.6,5.7
1973-12-25,4.8,0.5,7.1,2660,7.6,0.79,4.8
1973-12-26,-1.8,-8.0,1.3,3790,19.1,0.51,3.0
1973-12-27,-0.2,-1.5,0.5,5070,1.1,0.56,3.9
1973-12-28,-0.9,-4.6,2.4,4150,0.4,0.48,4.3
1973-12-29,-2.7,-9.5,1.3,5270,1.5,0.45,3.1
1973-12-30,-9.4,-13.5,-6.1,5610,4.4,0.25,2.0
1973-12-31,-8.7,-11.5,-6.9,8370,5.2,0.28,3.0
1974-01-01,-17.2,-21.2,-11.4,9520,0.4,0.13,3.0
1974-01-02,-15.6,-22.2,-10.5,7890,0.0,0.15,2.2
1974-01-03,-11.1,-14.1,-6.7,7270,0.3,0.23,2.3
1974-01-04,-16.7,-21.9,-12.1,10270,0.0,0.14,1.5
1974-01-05,-15.7,-23.3,-7.9,6730,0.0,0.16,1.2
1974-01-06,-10.9,-16.7,-6.5,7000,0.9,0.22,1.4
1974-01-07,-12.0,-18.6,-9.0,7840,0.0,0.21,3.3
1974-01-08,-14.1,-24.1,-2.7,6830,8.9,0.21,2.7
1974-01-09,-5.6,-8.0,-1.6,8360,2.9,0.37,2.8
1974-01-10,-5.0,-6.6,-3.3,3110,8.3,0.38,4.1
1974-01-11,-7.0,-11.9,-3.7,9620,0.5,0.33,3.8
1974-01-12,-19.2,-23.1,-12.7,11250,0.0,0.11,3.6
1974-01-13,-12.5,-22.6,-4.3,6300,0.5,0.2,3.0
1974-01-14,-3.7,-7.3,-0.2,10180,0.0,0.39,5.0
1974-01-15,-0.2,-3.1,2.3,10380,0.0,0.53,5.7
1974-01-16,2.0,-1.7,4.2,10300,0.0,0.61,5.9
1974-01-17,0.0,-4.3,1.9,10090,0.0,0.58,2.7
1974-01-18,4.1,2.3,6.0,2000,8.2,0.82,2.2
1974-01-19,2.2,0.9,3.7,4390,0.7,0.7,2.9
1974-01-20,10.7,4.1,13.0,1270,24.2,1.29,3.9
1974-01-21,3.5,1.7,7.4,3580,0.8,0.69,4.0
1974-01-22,4.8,0.9,10.2,3300,8.0,0.83,2.6
1974-01-23,0.6,-3.6,4.1,6600,0.5,0.51,3.3
1974-01-24,0.3,-4.4,7.2,11190,0.0,0.4,2.2
1974-01-25,2.2,-2.0,9.4,11270,0.0,0.44,2.9
1974-01-26,4.8,-1.1,13.4,3370,12.9,0.8,4.1
1974-01-27,5.4,0.0,9.1,6260,1.7,0.77,4.7
1974-01-28,-0.2,-1.8,1.1,2350,8.3,0.53,2.5
1974-01-29,0.4,-2.4,5.0,10210,0.0,0.52,2.5
1974-01-30,5.1,0.4,11.3,12220,0.0,0.66,4.6
1974-01-31,4.2,-3.3,7.4,11850,0.0,0.53,5.0
1974-02-01,-0.4,-4.2,5.8,7460,0.0,0.29,3.0
1974-02-02,0.2,-2.1,3.1,9720,0.4,0.43,3.5
1974-02-03,-1.5,-5.9,1.5,7730,0.0,0.36,2.6
1974-02-04,-6.4,-10.0,-2.6,11730,0.0,0.2,3.0
1974-02-05,-2.8,-5.7,3.0,7770,3.2,0.3,3.9
1974-02-06,-1.6,-6.8,1.5,2840,13.3,0.48,3.2
1974-02-07,-8.7,-11.9,-6.7,11120,0.0,0.26,2.4
1974-02-08,-9.9,-13.8,-5.7,12150,0.0,0.22,2.3
1974-02-09,-9.7,-15.1,-5.7,13160,0.0,0.23,1.9
1974-02-10,-4.9,-16.7,0.5,6300,1.5,0.37,4.9
1974-02-11,-5.8,-13.2,0.4,13310,0.0,0.29,4.0
1974-02-12,3.3,-1.5,11.1,14520,0.0,0.57,3.7
1974-02-13,4.0,-2.3,11.6,14330,0.0,0.68,2.5
1974-02-14,-1.6,-3.8,1.3,9180,0.0,0.42,3.1
1974-02-15,-3.5,-8.3,2.4,14820,0.0,0.28,2.6
1974-02-16,1.1,-4.0,8.3,14570,0.0,0.45,2.8
1974-02-17,0.7,-5.0,7.7,15180,0.0,0.42,2.0
1974-02-18,5.4,0.2,10.9,7430,0.9,0.63,4.0
1974-02-19,2.8,-2.4,7.5,4890,12.7,0.63,3.6
1974-02-20,0.8,-5.9,7.9,14970,0.0,0.41,2.0
1974-02-21,5.1,-0.0,11.8,9310,16.7,0.6,3.6
1974-02-22,4.2,-3.2,12.6,4450,7.1,0.73,7.2
1974-02-23,-4.0,-7.2,-0.1,14920,0.1,0.27,2.7
1974-02-24,-7.4,-9.4,-5.5,7450,4.6,0.24,4.8
1974-02-25,-8.0,-11.9,-2.8,16570,0.0,0.21,3.4
1974-02-26,-5.0,-10.6,1.4,16880,0.0,0.27,3.1
1974-02-27,3.4,-1.5,9.2,15940,0.0,0.52,5.4
1974-02-28,8.7,1.4,14.3,11800,0.0,0.69,5.8
1974-03-01,2.9,-4.5,9.9,15610,1.0,0.51,2.4
1974-03-02,14.5,8.4,20.1,11680,0.7,1.31,4.2
1974-03-03,18.0,14.6,22.5,14860,0.4,1.46,6.9
1974-03-04,13.2,5.5,18.6,6340,22.2,1.21,4.7
1974-03-05,7.8,3.1,13.6,14010,0.2,0.69,3.9
1974-03-06,12.1,5.5,19.3,11170,0.0,1.08,3.6
1974-03-07,16.4,11.0,22.1,11790,1.1,1.56,1.9
1974-03-08,18.2,15.2,22.7,7250,0.8,1.66,2.8
1974-03-09,17.0,6.6,21.3,7870,3.6,1.59,3.1
1974-03-10,5.7,2.2,9.4,17010,0.2,0.54,4.3
1974-03-11,3.0,1.9,4.4,1880,8.9,0.53,3.7
1974-03-12,3.6,0.4,7.6,11930,7.9,0.54,4.7
1974-03-13,-0.7,-4.9,3.8,19880,0.0,0.25,3.1
1974-03-14,1.2,-5.0,8.3,19300,0.0,0.33,2.4
1974-03-15,5.1,3.4,7.2,4260,5.4,0.68,1.7
1974-03-16,2.5,-2.2,6.8,9940,1.3,0.55,4.4
1974-03-17,1.5,-1.2,4.1,9760,2.3,0.48,3.3
1974-03-18,4.3,-1.0,11.5,13690,2.1,0.56,2.4
1974-03-19,4.0,-1.2,8.3,6830,0.6,0.59,3.4
1974-03-20,1.0,-5.3,7.6,19280,0.0,0.4,1.5
1974-03-21,0.6,-1.9,3.3,17800,3.1,0.35,4.1
1974-03-22,2.1,-3.5,7.7,21910,0.0,0.34,4.6
1974-03-23,-1.6,-5.9,4.7,10050,4.1,0.33,3.7
1974-03-24,-7.9,-10.1,-5.4,23570,0.0,0.14,3.5
1974-03-25,-4.9,-12.1,4.0,22640,0.0,0.2,2.7
1974-03-26,3.4,-2.8,11.7,20470,0.0,0.48,3.2
1974-03-27,5.2,-2.1,14.9,18460,0.0,0.65,2.4
1974-03-28,8.7,2.6,14.2,8190,5.3,1.08,2.5
1974-03-29,12.4,5.9,18.8,16690,10.8,1.19,2.3
1974-03-30,5.7,2.5,11.2,4020,10.5,0.83,4.9
1974-03-31,5.8,-1.4,11.4,19840,0.0,0.6,2.4
1974-04-01,14.4,7.5,24.4,15200,7.9,1.22,4.5
1974-04-02,12.2,4.5,18.9,22670,0.0,0.8,4.2
1974-04-03,16.3,12.9,21.7,13170,10.4,1.35,4.7
1974-04-04,9.4,3.6,16.0,9530,3.3,0.89,4.7
1974-04-05,2.7,0.8,5.6,9460,7.1,0.55,3.6
1974-04-06,4.8,-3.0,11.9,24740,0.0,0.47,2.6
1974-04-07,9.1,6.9,12.5,9800,5.1,0.76,4.3
1974-04-08,3.0,-0.4,6.7,12120,3.8,0.53,5.7
1974-04-09,2.8,-3.8,9.3,23830,0.0,0.46,2.4
1974-04-10,8.7,2.7,16.1,21170,0.0,0.67,2.6
1974-04-11,14.0,9.3,20.3,17840,3.3,0.85,4.4
1974-04-12,17.1,12.3,23.3,15810,8.0,1.26,7.1
1974-04-13,16.9,12.3,22.7,22120,6.7,1.39,4.2
1974-04-14,12.5,7.0,17.1,10720,5.3,1.07,7.1
1974-04-15,7.4,4.5,11.2,13520,0.0,0.56,3.5
1974-04-16,7.4,0.3,14.0,26220,0.0,0.53,2.1
1974-04-17,9.2,0.9,16.6,25950,0.0,0.62,2.2
1974-04-18,11.1,5.1,17.1,19580,0.0,0.84,2.7
1974-04-19,10.6,5.5,16.0,21230,2.1,0.93,2.9
1974-04-20,14.9,6.6,23.6,25730,0.0,0.98,3.6
1974-04-21,16.7,14.6,17.9,10210,3.8,1.25,6.1
1974-04-22,15.7,12.1,18.0,19230,8.7,1.23,4.6
1974-04-23,7.2,4.8,11.2,11020,0.0,0.54,4.5
1974-04-24,6.7,-0.0,13.8,27640,0.0,0.54,2.8
1974-04-25,8.7,1.6,15.3,18360,0.0,0.69,2.1
1974-04-26,15.6,8.3,23.0,25090,0.0,1.04,2.3
1974-04-27,18.6,12.5,24.6,23240,0.4,1.28,3.8
1974-04-28,19.7,17.4,22.5,10790,6.8,1.71,3.9
1974-04-29,19.3,17.3,21.9,7380,5.6,1.77,3.3
1974-04-30,16.2,12.5,19.0,9220,5.9,1.47,2.4
1974-05-01,14.0,8.1,19.5,26600,0.0,0.96,1.7
1974-05-02,13.2,11.2,15.3,11910,5.8,1.12,2.8
1974-05-03,13.0,9.1,17.2,18500,0.1,1.11,3.0
1974-05-04,11.9,3.4,18.4,24910,0.0,0.81,1.9
1974-05-05,12.3,4.0,19.3,23100,2.0,0.85,2.4
1974-05-06,8.2,4.6,11.6,23490,0.0,0.58,4.1
1974-05-07,7.1,-0.5,13.7,24380,1.0,0.58,1.8
1974-05-08,10.2,7.0,16.2,8880,20.2,1.06,4.2
1974-05-09,9.4,7.0,13.1,14670,0.0,0.82,2.1
1974-05-10,11.3,5.7,17.0,20200,0.0,0.91,2.5
1974-05-11,16.4,11.8,24.9,15330,18.7,1.51,4.2
1974-05-12,13.4,9.3,17.1,23850,0.5,0.96,5.0
1974-05-13,12.9,5.3,19.9,21630,0.1,0.86,3.0
1974-05-14,19.8,17.2,23.4,12990,16.6,1.53,6.2
1974-05-15,15.0,10.1,19.1,27080,10.1,1.08,3.0
1974-05-16,19.7,11.8,25.4,13160,0.4,1.8,4.4
1974-05-17,20.4,17.0,22.9,6630,6.2,2.15,2.6
1974-05-18,19.2,16.4,23.2,14750,7.5,1.92,3.0
1974-05-19,17.5,14.3,21.2,6180,8.3,1.48,3.1
1974-05-20,20.4,14.4,26.7,24820,0.0,1.64,2.4
1974-05-21,22.9,17.0,27.9,20620,4.6,2.15,1.8
1974-05-22,20.8,18.2,23.7,12330,10.4,2.1,2.1
1974-05-23,19.0,14.1,24.7,28410,1.8,1.48,2.3
1974-05-24,15.7,11.6,19.0,25870,0.5,1.13,3.3
1974-05-25,13.9,9.7,17.9,19650,0.0,0.97,2.1
1974-05-26,13.6,8.8,17.7,18230,0.7,1.06,1.3
1974-05-27,14.0,6.4,19.9,29870,0.0,0.85,1.2
1974-05-28,17.0,12.0,22.4,16320,8.6,1.48,3.5
1974-05-29,21.6,18.3,26.4,16740,12.3,2.1,3.2
1974-05-30,21.4,16.8,26.9,18460,0.1,2.0,1.9
1974-05-31,19.7,14.9,23.4,13100,11.1,1.85,3.5
1974-06-01,16.7,11.9,21.9,23460,0.0,1.15,2.6
1974-06-02,17.9,11.0,23.4,26250,0.1,1.31,1.5
1974-06-03,19.3,11.4,25.1,26220,0.0,1.56,1.4
1974-06-04,21.2,14.9,26.8,26690,0.0,1.59,2.4
1974-06-05,20.3,18.0,23.8,13550,7.9,2.01,4.1
1974-06-06,21.4,18.2,26.7,14510,12.3,2.16,4.9
1974-06-07,21.2,19.8,24.7,10280,24.3,2.26,5.3
1974-06-08,21.1,18.6,24.3,14140,8.7,2.26,3.5
1974-06-09,24.1,21.1,28.3,17050,12.1,2.33,5.8
1974-06-10,18.4,16.3,21.6,13020,3.2,1.45,5.9
1974-06-11,16.2,13.2,20.4,18010,2.1,1.32,3.1
1974-06-12,16.1,10.6,20.9,28310,0.0,1.18,2.2
1974-06-13,17.5,11.5,22.7,23650,0.0,1.24,2.4
1974-06-14,19.1,14.6,24.7,24120,20.8,1.7,2.7
1974-06-15,19.9,16.7,23.7,27160,0.0,1.61,4.2
1974-06-16,14.3,11.1,16.4,21640,0.6,1.07,3.3
1974-06-17,14.7,11.6,17.6,16320,0.0,1.06,2.8
1974-06-18,18.3,12.3,24.4,26210,0.0,1.32,3.1
1974-06-19,21.8,18.2,27.9,10570,6.0,2.18,3.6
1974-06-20,23.9,17.9,30.0,23260,7.1,2.56,1.7
1974-06-21,25.1,20.6,28.5,24300,3.8,2.59,3.5
1974-06-22,19.8,15.2,22.7,4660,40.8,2.19,3.0
1974-06-23,15.4,13.1,18.3,18820,1.6,1.28,4.5
1974-06-24,15.2,11.6,18.6,18430,0.5,1.2,3.6
1974-06-25,15.6,11.0,20.3,25640,1.4,1.22,3.0
1974-06-26,17.4,12.0,22.8,27240,1.4,1.52,2.3
1974-06-27,18.4,11.9,23.8,25370,0.5,1.57,1.8
1974-06-28,18.8,12.6,23.6,27600,0.0,1.5,2.0
1974-06-29,20.4,13.2,26.1,27500,0.0,1.58,2.7
1974-06-30,23.7,20.1,27.6,26290,0.4,1.85,4.3
1974-07-01,21.9,15.0,28.5,29850,0.0,1.65,2.4
1974-07-02,25.7,20.2,30.8,28480,0.0,2.23,4.8
1974-07-03,27.0,23.1,30.7,27300,0.0,2.36,4.2
1974-07-04,25.0,21.9,27.8,16810,1.9,2.22,3.6
1974-07-05,21.3,17.8,24.8,29400,0.0,1.79,2.5
1974-07-06,21.6,14.3,28.0,26130,0.0,1.82,2.0
1974-07-07,24.8,18.5,30.0,24640,0.7,2.22,1.4
1974-07-08,25.9,20.5,31.0,26130,0.0,2.56,1.6
1974-07-09,26.5,21.6,31.3,26380,0.4,2.59,1.9
1974-07-10,25.4,21.9,29.0,18750,1.1,2.55,1.4
1974-07-11,23.2,20.8,26.0,23270,1.3,2.1,2.4
1974-07-12,21.9,15.6,27.2,29610,0.0,1.46,2.0
1974-07-13,24.7,18.6,30.8,25910,0.0,2.0,2.1
1974-07-14,27.6,22.3,33.4,26720,0.2,2.4,2.6
1974-07-15,25.6,21.4,28.8,28430,0.1,2.07,3.3
1974-07-16,22.3,16.1,27.6,26680,0.0,1.56,2.0
1974-07-17,23.4,16.4,29.3,27900,0.0,1.7,2.0
1974-07-18,25.9,20.3,31.3,21070,0.0,2.07,2.8
1974-07-19,25.2,22.2,29.0,23940,22.5,2.59,1.9
1974-07-20,24.5,21.2,27.8,25620,0.0,2.39,2.0
1974-07-21,20.8,15.5,25.8,28210,0.0,1.61,2.1
1974-07-22,19.7,16.5,22.0,14010,9.5,1.79,1.9
1974-07-23,21.4,19.3,23.9,17050,0.4,2.04,2.9
1974-07-24,21.5,17.9,25.1,19530,0.0,1.8,1.8
1974-07-25,21.5,15.1,26.6,23230,0.0,1.75,1.5
1974-07-26,23.3,17.5,27.9,25020,0.2,1.92,0.8
1974-07-27,24.2,17.4,30.1,24160,0.0,2.23,1.5
1974-07-28,24.3,20.0,29.5,24350,0.4,2.38,1.6
1974-07-29,22.5,20.2,25.0,25900,0.0,1.72,3.5
1974-07-30,20.2,15.7,24.1,22380,0.0,1.45,2.5
1974-07-31,20.8,15.5,25.3,21500,0.0,1.55,1.9
1974-08-01,21.3,14.6,27.5,22090,0.0,1.71,1.3
1974-08-02,22.2,16.7,27.8,21920,10.4,2.0,1.8
1974-08-03,20.1,17.6,23.1,23800,4.7,1.77,3.3
1974-08-04,17.2,14.2,20.3,13800,1.0,1.4,3.5
1974-08-05,19.0,13.6,23.8,23190,0.0,1.52,1.7
1974-08-06,19.8,13.9,25.0,22570,0.0,1.45,2.0
1974-08-07,20.8,15.9,25.4,18050,1.3,1.66,1.6
1974-08-08,21.2,17.2,25.8,18800,3.9,2.1,1.3
1974-08-09,22.6,17.0,27.9,22550,0.1,2.17,1.5
1974-08-10,22.3,20.9,24.5,7320,30.4,2.35,3.6
1974-08-11,23.2,20.7,27.9,16140,10.6,2.5,3.0
1974-08-12,22.9,15.8,28.5,25810,0.0,2.13,2.0
1974-08-13,23.2,20.6,28.5,18260,7.4,2.45,2.1
1974-08-14,21.8,16.9,26.8,21430,1.6,2.12,1.9
1974-08-15,23.3,18.3,28.2,24190,0.0,2.18,2.1
1974-08-16,24.0,20.4,27.9,20380,5.4,2.36,2.0
1974-08-17,23.1,19.4,27.2,21960,0.2,2.2,2.1
1974-08-18,21.8,17.6,26.5,21520,1.8,2.08,1.3
1974-08-19,22.2,15.9,28.5,23450,0.0,2.13,1.1
1974-08-20,23.3,17.6,28.6,23700,0.0,2.02,1.8
1974-08-21,23.8,18.4,28.8,24850,0.0,1.99,1.9
1974-08-22,23.3,17.5,28.4,21570,0.0,2.08,1.6
1974-08-23,22.5,19.4,26.8,18450,0.8,2.11,2.0
1974-08-24,20.0,14.8,24.5,23620,0.0,1.56,2.1
1974-08-25,20.0,14.0,25.5,23000,0.0,1.62,1.3
1974-08-26,23.6,17.3,30.6,21790,0.1,2.15,2.5
1974-08-27,24.1,20.7,28.0,14070,11.1,2.34,2.9
1974-08-28,18.4,17.1,20.0,5030,24.2,1.64,2.7
1974-08-29,19.6,16.9,23.8,15620,6.9,1.81,1.7
1974-08-30,20.5,16.0,25.3,20380,0.0,1.71,1.9
1974-08-31,20.8,18.4,24.0,19860,0.3,1.7,2.9
1974-09-01,18.1,15.3,21.6,15890,0.9,1.34,1.9
1974-09-02,14.5,11.8,16.9,4400,9.4,1.17,4.0
1974-09-03,13.0,8.8,17.6,15570,1.9,1.03,2.9
1974-09-04,13.7,8.1,18.5,15980,0.2,1.1,1.5
1974-09-05,14.8,9.1,19.6,16070,0.0,1.09,2.2
1974-09-06,15.9,9.5,22.0,22770,0.0,1.21,2.2
1974-09-07,17.0,10.5,23.2,18510,0.0,1.38,1.3
1974-09-08,19.0,13.2,24.9,17820,0.0,1.58,1.2
1974-09-09,19.8,15.2,24.9,14080,0.0,1.79,1.6
1974-09-10,21.2,18.9,25.1,9960,1.0,2.24,2.3
1974-09-11,22.1,19.7,27.5,14960,13.8,2.33,3.8
1974-09-12,22.8,19.9,26.7,11950,12.7,2.38,3.3
1974-09-13,17.1,14.3,22.2,14010,1.3,1.42,3.6
1974-09-14,13.8,11.0,17.1,18530,0.0,0.89,2.0
1974-09-15,15.0,9.2,21.4,17050,0.0,1.14,3.5
1974-09-16,16.6,10.5,22.6,15020,0.1,1.5,1.6
1974-09-17,18.9,13.2,24.8,19430,0.0,1.58,3.3
1974-09-18,17.3,11.9,22.0,20120,0.0,1.42,1.7
1974-09-19,20.1,13.5,26.9,16510,0.0,1.71,2.8
1974-09-20,17.8,14.7,20.8,10950,3.2,1.42,3.0
1974-09-21,15.8,12.4,19.6,17790,0.0,1.03,2.7
1974-09-22,9.6,6.3,12.1,14930,0.0,0.68,3.3
1974-09-23,8.5,3.4,14.3,20040,0.0,0.7,1.6
1974-09-24,12.0,6.6,18.6,19040,0.0,0.79,2.7
1974-09-25,15.3,10.8,21.2,18720,0.0,1.04,3.2
1974-09-26,16.3,11.0,22.7,18820,0.0,1.3,3.4
1974-09-27,15.5,11.2,19.1,8780,6.6,1.53,2.4
1974-09-28,18.3,16.4,22.5,8220,5.0,1.9,2.9
1974-09-29,13.5,10.4,17.9,13150,19.7,1.14,4.4
1974-09-30,11.2,7.9,13.9,18910,0.0,0.72,4.0
1974-10-01,7.8,3.7,12.4,16880,0.0,0.58,3.1
1974-10-02,5.3,1.2,9.1,13510,0.2,0.59,2.2
1974-10-03,5.8,-1.0,12.6,18510,0.0,0.58,2.1
1974-10-04,13.3,8.2,19.8,17090,0.0,0.79,4.7
1974-10-05,16.0,12.7,20.6,15290,0.1,1.0,4.9
1974-10-06,16.3,12.6,21.8,11450,1.7,1.21,4.5
1974-10-07,9.3,5.3,13.0,15850,0.0,0.67,2.8
1974-10-08,8.9,2.0,15.7,16920,0.0,0.73,2.1
1974-10-09,12.3,7.0,18.7,15780,0.0,0.94,2.3
1974-10-10,10.9,4.2,17.6,16160,0.0,0.95,1.0
1974-10-11,14.7,8.4,22.2,16150,0.0,1.08,2.6
1974-10-12,15.8,12.4,19.0,6210,0.0,1.42,2.6
1974-10-13,15.1,12.5,18.6,5190,6.7,1.45,2.8
1974-10-14,15.2,11.9,17.5,2850,9.0,1.43,4.0
1974-10-15,10.0,6.5,12.7,13690,0.0,0.76,2.4
1974-10-16,9.0,2.1,15.3,15420,0.0,0.75,1.8
1974-10-17,11.7,7.6,18.9,15360,0.0,0.83,3.5
1974-10-18,6.8,4.1,10.1,9270,0.3,0.63,2.3
1974-10-19,6.1,1.8,11.6,9870,1.0,0.7,2.6
1974-10-20,4.7,2.1,8.0,13680,0.0,0.55,2.9
1974-10-21,3.6,-2.6,10.3,15320,0.0,0.44,2.4
1974-10-22,8.9,3.2,16.6,14600,0.0,0.64,3.8
1974-10-23,13.0,9.0,19.2,9610,0.9,1.1,2.2
1974-10-24,14.6,10.8,19.7,5390,0.3,1.43,1.5
1974-10-25,15.3,8.4,19.8,8920,0.9,1.28,3.0
1974-10-26,9.3,3.2,16.1,14070,0.0,0.75,1.4
1974-10-27,9.9,2.5,18.1,13330,0.0,0.75,1.7
1974-10-28,14.1,8.4,21.5,12330,0.4,0.96,2.7
1974-10-29,15.7,14.5,17.0,3280,19.3,1.39,4.1
1974-10-30,18.3,16.1,22.7,6810,0.1,1.81,3.7
1974-10-31,18.8,14.9,23.6,8730,0.1,1.7,4.2
1974-11-01,19.2,17.0,21.9,9680,2.8,1.56,3.2
1974-11-02,17.3,14.0,22.0,9220,0.6,1.61,2.0
1974-11-03,14.2,10.5,17.3,1520,18.4,1.5,3.1
1974-11-04,8.9,7.2,10.7,2410,7.2,0.95,2.6
1974-11-05,7.1,5.1,9.0,4020,6.2,0.8,3.3
1974-11-06,6.9,3.6,10.6,7100,1.0,0.7,2.4
1974-11-07,5.4,0.0,11.6,12270,0.0,0.65,1.7
1974-11-08,6.9,1.1,12.7,12050,0.0,0.72,1.0
1974-11-09,6.4,-0.0,13.4,11300,0.0,0.73,1.6
1974-11-10,9.3,7.7,12.0,2720,8.1,0.93,2.5
1974-11-11,9.3,6.6,10.4,2410,8.3,0.97,3.9
1974-11-12,3.8,1.3,6.0,6750,1.1,0.6,3.4
1974-11-13,1.0,-1.4,5.2,4440,15.9,0.55,3.1
1974-11-14,-3.4,-6.3,0.1,11940,1.6,0.4,4.2
1974-11-15,-3.4,-6.1,-0.3,11990,0.0,0.38,4.1
1974-11-16,0.4,-5.0,4.4,7790,0.0,0.51,2.9
1974-11-17,4.7,0.5,9.9,10840,0.5,0.7,2.8
1974-11-18,6.4,1.1,11.9,9870,0.0,0.83,2.2
1974-11-19,10.7,7.4,13.9,3040,1.9,1.21,3.0
1974-11-20,7.3,3.5,12.8,6720,0.9,0.72,5.4
1974-11-21,2.2,0.0,4.1,7750,0.0,0.41,4.4
1974-11-22,2.7,-2.5,8.2,10210,0.0,0.54,2.5
1974-11-23,10.2,4.2,15.9,7070,3.1,0.99,4.9
1974-11-24,8.9,4.0,15.3,1550,1.4,1.02,4.4
1974-11-25,1.6,-1.6,3.6,8820,0.4,0.44,3.6
1974-11-26,-1.7,-5.5,2.9,9000,0.0,0.35,2.9
1974-11-27,1.0,-1.2,4.1,4200,1.3,0.43,3.7
1974-11-28,-1.2,-3.9,1.9,9990,0.0,0.36,2.8
1974-11-29,-0.2,-4.6,4.5,7500,0.0,0.41,2.0
1974-11-30,1.4,0.4,3.1,3590,4.6,0.51,4.8
1974-12-01,-0.1,-0.5,0.4,4740,19.3,0.56,5.7
1974-12-02,0.9,-0.3,1.9,6840,1.0,0.57,5.2
1974-12-03,-1.6,-4.6,0.1,7770,0.0,0.49,3.3
1974-12-04,-3.0,-6.8,-0.2,8760,0.0,0.43,1.3
1974-12-05,-4.7,-9.5,1.2,9810,0.0,0.39,2.0
1974-12-06,-0.8,-3.9,3.0,9120,0.0,0.5,2.9
1974-12-07,3.1,2.1,4.3,1280,5.6,0.72,2.4
1974-12-08,-0.8,-6.5,2.3,2910,2.5,0.5,4.4
1974-12-09,-7.2,-10.2,-4.1,9770,0.0,0.22,3.0
1974-12-10,-1.7,-6.5,5.2,9130,0.0,0.37,3.0
1974-12-11,0.4,-2.5,3.4,3040,1.2,0.55,1.9
1974-12-12,1.9,0.4,3.8,5110,3.5,0.66,1.5
1974-12-13,3.8,2.2,6.5,3730,1.8,0.69,1.7
1974-12-14,3.6,2.2,5.0,4560,0.0,0.69,2.0
1974-12-15,4.5,3.6,6.1,1620,8.2,0.7,4.7
1974-12-16,2.6,0.4,3.8,3550,0.7,0.55,4.3
1974-12-17,-0.9,-2.8,0.3,5860,1.0,0.41,3.6
1974-12-18,-2.0,-4.4,0.9,6270,0.5,0.34,2.8
1974-12-19,-0.9,-4.8,1.3,7710,4.5,0.45,3.9
1974-12-20,-2.8,-6.3,0.2,2930,3.0,0.43,2.0
1974-12-21,-1.1,-2.9,0.3,3460,1.6,0.52,2.9
1974-12-22,-2.8,-11.5,4.4,7020,0.0,0.45,3.7
1974-12-23,4.1,0.4,6.4,5820,3.8,0.69,2.9
1974-12-24,2.4,0.5,5.0,5580,6.1,0.61,3.1
1974-12-25,-3.9,-6.9,0.0,4820,1.6,0.35,3.6
1974-12-26,-3.3,-5.7,0.4,8540,0.0,0.31,2.2
1974-12-27,-0.4,-2.3,1.2,2490,0.3,0.49,2.2
1974-12-28,0.3,-0.9,2.2,3230,0.0,0.54,1.6
1974-12-29,2.4,-0.5,5.0,1800,0.6,0.67,2.6
1974-12-30,2.0,-0.3,4.4,6120,0.0,0.58,1.8
1974-12-31,2.2,0.2,4.1,1410,9.7,0.64,1.9
1975-01-01,-0.6,-4.5,1.9,6720,0.0,0.45,4.7
1975-01-02,-2.6,-7.1,2.3,7620,0.2,0.34,2.3
1975-01-03,1.0,-0.7,3.3,4590,4.8,0.56,4.7
1975-01-04,-1.5,-5.0,1.8,7160,0.0,0.41,2.6
1975-01-05,-0.9,-6.0,5.5,8320,0.0,0.45,2.3
1975-01-06,1.8,0.1,4.3,4420,2.5,0.54,4.0
1975-01-07,3.2,-1.3,8.8,7040,0.6,0.61,3.3
1975-01-08,8.6,3.7,10.4,760,23.4,1.07,4.3
1975-01-09,3.4,1.1,6.8,5290,0.0,0.61,3.1
1975-01-10,12.7,4.7,15.9,860,29.0,1.36,6.7
1975-01-11,1.5,-6.7,13.0,7490,1.6,0.43,7.5
1975-01-12,-8.9,-11.4,-6.7,8180,0.0,0.11,3.7
1975-01-13,-10.5,-12.8,-8.4,7820,0.0,0.11,3.0
1975-01-14,-8.8,-12.8,-5.2,10380,0.0,0.14,2.3
1975-01-15,-3.0,-5.9,0.4,9840,0.5,0.31,2.5
1975-01-16,-3.7,-6.5,-0.9,10770,1.5,0.29,3.3
1975-01-17,-4.4,-10.0,0.9,7450,0.3,0.21,2.4
1975-01-18,1.8,-1.3,5.4,6920,3.3,0.53,5.4
1975-01-19,-1.8,-5.3,0.6,4540,6.0,0.45,3.7
1975-01-20,-8.4,-11.3,-6.0,11260,0.0,0.23,2.4
1975-01-21,-1.7,-7.1,2.0,9940,0.0,0.41,5.0
1975-01-22,-0.5,-3.6,0.6,5630,0.0,0.52,2.0
1975-01-23,-3.9,-8.2,0.5,11260,0.0,0.36,3.1
1975-01-24,2.1,-2.1,7.8,9150,3.2,0.62,4.2
1975-01-25,2.4,-1.5,4.4,6420,9.9,0.63,5.7
1975-01-26,-2.4,-3.5,-0.9,5520,0.7,0.32,5.4
1975-01-27,-1.2,-4.6,2.2,3640,0.0,0.39,1.9
1975-01-28,2.9,0.2,7.4,4450,2.5,0.6,1.9
1975-01-29,6.6,-1.5,14.5,5400,13.2,0.85,6.1
1975-01-30,-1.0,-3.6,1.6,4580,5.5,0.41,1.3
1975-01-31,-0.4,-2.0,1.1,6510,2.1,0.51,2.7
1975-02-01,0.0,-2.5,2.4,11170,0.4,0.49,2.8
1975-02-02,-1.4,-5.2,2.4,10690,0.0,0.39,2.2
1975-02-03,-1.8,-4.7,1.8,10290,0.0,0.39,3.2
1975-02-04,-0.3,-2.5,1.3,3190,5.0,0.52,2.6
1975-02-05,1.4,0.1,2.5,2600,9.3,0.67,1.5
1975-02-06,-3.3,-10.3,-0.2,6740,0.8,0.4,4.3
1975-02-07,-9.3,-15.1,-3.4,13980,0.0,0.18,3.7
1975-02-08,-6.3,-9.8,-4.6,6090,3.3,0.25,3.0
1975-02-09,-14.2,-17.5,-10.4,14950,1.4,0.13,3.0
1975-02-10,-12.5,-23.1,-2.8,10070,0.3,0.19,2.4
1975-02-11,-1.7,-3.9,1.3,12400,1.8,0.44,2.0
1975-02-12,-3.9,-6.9,-2.0,14730,2.7,0.4,3.2
1975-02-13,-8.6,-13.2,-6.0,14500,0.0,0.22,2.2
1975-02-14,-5.9,-13.5,-1.9,8180,2.0,0.32,2.6
1975-02-15,1.0,-2.1,3.5,4650,10.6,0.6,2.8
1975-02-16,0.8,-0.4,2.7,8040,0.0,0.62,2.8
1975-02-17,3.2,1.0,4.9,4190,5.8,0.7,4.2
1975-02-18,0.9,-0.5,3.1,4130,1.9,0.58,2.6
1975-02-19,-1.5,-3.6,-0.4,5550,0.0,0.41,3.2
1975-02-20,0.2,-4.9,7.0,15560,0.0,0.39,3.1
1975-02-21,3.8,-2.2,10.7,11380,0.0,0.48,3.9
1975-02-22,5.4,4.0,6.6,2070,22.7,0.71,2.3
1975-02-23,3.0,0.7,5.4,3080,11.8,0.72,3.6
1975-02-24,1.5,-0.5,5.5,6760,2.4,0.53,6.4
1975-02-25,0.8,-1.1,4.4,10030,2.4,0.47,7.1
1975-02-26,0.2,-2.6,3.5,14240,0.0,0.39,6.2
1975-02-27,-1.4,-4.7,3.3,14390,0.0,0.33,3.8
1975-02-28,-0.1,-4.2,1.5,8900,0.2,0.39,4.9
1975-03-01,-4.8,-8.0,-0.6,13220,0.0,0.25,3.4
1975-03-02,-5.6,-9.0,-1.5,12410,0.9,0.25,4.3
1975-03-03,-4.3,-7.0,-0.1,13610,0.0,0.27,3.8
1975-03-04,-3.0,-7.9,3.4,18110,0.0,0.31,2.1
1975-03-05,0.9,-6.3,8.1,16050,0.0,0.42,3.6
1975-03-06,4.9,-0.2,8.8,14710,0.1,0.6,2.4
1975-03-07,4.9,0.0,9.9,6290,8.6,0.74,4.5
1975-03-08,-2.3,-6.6,-0.3,16960,0.6,0.32,4.5
1975-03-09,-3.5,-8.4,1.9,18200,0.0,0.25,1.4
1975-03-10,-0.7,-2.8,2.3,10200,6.4,0.43,2.7
1975-03-11,0.7,-2.6,4.8,13040,0.0,0.47,2.4
1975-03-12,3.6,-1.0,7.5,10290,8.0,0.64,3.5
1975-03-13,-2.4,-6.6,1.9,16990,0.0,0.29,4.1
1975-03-14,-1.2,-3.9,3.8,14840,0.6,0.32,4.5
1975-03-15,0.2,-6.9,8.2,19540,0.0,0.41,1.7
1975-03-16,3.3,-1.8,9.5,12590,0.0,0.53,2.0
1975-03-17,4.8,-2.6,13.0,17440,0.0,0.64,2.2
1975-03-18,8.4,3.1,14.5,10530,1.9,0.85,2.0
1975-03-19,8.3,4.4,12.3,13990,6.0,0.82,3.2
1975-03-20,8.7,1.8,16.1,20740,0.0,0.74,2.4
1975-03-21,13.0,6.4,20.4,17890,0.0,1.06,3.6
1975-03-22,10.2,4.5,16.4,13490,3.7,0.89,4.4
1975-03-23,9.5,1.3,18.2,18810,0.2,0.86,4.3
1975-03-24,11.6,3.4,16.0,20330,5.5,0.94,6.0
1975-03-25,-0.3,-2.4,2.5,10240,0.3,0.32,5.8
1975-03-26,-0.9,-5.3,4.0,19110,0.1,0.34,2.9
1975-03-27,-1.2,-3.3,1.0,4090,9.8,0.38,5.4
1975-03-28,3.9,1.2,6.8,3160,9.3,0.75,3.0
1975-03-29,1.1,-1.3,3.3,15830,1.4,0.47,4.3
1975-03-30,-2.6,-5.8,0.2,16590,0.1,0.26,5.1
1975-03-31,3.7,-5.3,13.6,21840,0.0,0.43,4.3
1975-04-01,5.9,1.6,10.9,18550,0.0,0.6,3.2
1975-04-02,5.6,0.0,17.2,11520,10.4,0.75,2.7
1975-04-03,-1.6,-4.5,2.2,21600,3.1,0.34,6.3
1975-04-04,-1.8,-6.5,4.1,24450,0.0,0.3,3.4
1975-04-05,-0.8,-4.7,5.5,24480,0.0,0.37,2.9
1975-04-06,-0.1,-4.6,7.0,24480,0.0,0.4,3.0
1975-04-07,1.2,-5.5,9.5,23730,0.0,0.44,2.2
1975-04-08,4.7,-0.7,10.9,20320,0.0,0.47,3.4
1975-04-09,4.7,0.8,8.1,7910,3.8,0.5,3.5
1975-04-10,5.0,0.3,11.6,16450,0.0,0.56,2.4
1975-04-11,3.6,-0.3,8.5,22540,0.0,0.42,3.4
1975-04-12,2.8,-4.7,10.0,19850,0.0,0.4,2.0
1975-04-13,4.0,-3.8,10.8,25460,0.0,0.41,1.7
1975-04-14,5.3,1.7,9.0,12590,1.5,0.53,2.7
1975-04-15,5.6,-0.1,10.8,17150,0.1,0.62,2.5
1975-04-16,7.6,1.3,13.7,15250,0.0,0.71,1.6
1975-04-17,14.4,7.9,22.1,19580,0.0,1.06,4.2
1975-04-18,18.4,15.8,21.8,5700,15.6,1.82,6.1
1975-04-19,9.8,6.2,14.8,22260,2.9,0.68,7.4
1975-04-20,7.3,3.5,10.4,15310,0.0,0.52,4.2
1975-04-21,6.7,-0.0,12.4,20400,1.3,0.63,2.2
1975-04-22,12.3,5.1,19.6,25870,1.1,1.0,1.5
1975-04-23,14.7,12.4,17.3,3010,14.4,1.38,5.0
1975-04-24,15.1,9.9,17.0,6670,8.0,1.52,2.4
1975-04-25,10.6,7.5,16.1,9220,0.8,1.0,2.8
1975-04-26,10.3,4.3,16.8,26310,0.0,0.78,3.0
1975-04-27,10.2,6.8,13.8,10560,0.4,0.67,4.3
1975-04-28,14.9,9.6,21.8,15940,2.4,1.3,2.9
1975-04-29,16.9,8.7,23.2,27070,0.0,1.19,2.3
1975-04-30,17.0,14.2,20.9,11130,3.5,1.53,2.9
1975-05-01,13.0,8.5,16.7,26890,1.1,0.9,3.1
1975-05-02,13.5,5.9,20.1,25250,0.0,0.94,1.9
1975-05-03,14.2,11.8,17.8,8550,4.2,1.13,2.3
1975-05-04,13.2,8.8,18.2,22310,0.0,1.05,3.1
1975-05-05,15.6,8.2,24.6,24070,1.3,1.22,2.5
1975-05-06,16.3,10.1,21.9,26270,0.0,1.28,3.0
1975-05-07,14.6,10.2,19.4,25720,0.0,0.99,4.0
1975-05-08,16.5,12.2,22.4,22280,0.1,0.99,3.4
1975-05-09,16.0,9.2,22.4,27110,0.0,0.92,2.5
1975-05-10,15.7,7.2,22.7,24820,0.0,0.96,1.2
1975-05-11,17.5,9.6,23.8,24740,0.5,1.11,2.0
1975-05-12,13.8,9.2,16.4,15420,5.8,1.23,2.8
1975-05-13,13.0,4.9,20.1,29680,0.0,0.75,1.7
1975-05-14,16.4,8.2,22.5,23700,0.0,1.11,2.3
1975-05-15,15.9,11.0,20.3,27940,0.3,1.18,2.9
1975-05-16,13.7,7.2,20.5,28610,0.0,1.04,2.7
1975-05-17,16.2,8.9,22.7,27290,0.0,1.24,1.7
1975-05-18,19.6,10.2,26.9,29090,0.0,1.34,2.0
1975-05-19,22.6,15.3,29.9,28760,0.0,1.47,3.7
1975-05-20,25.5,20.1,30.9,26130,0.3,2.04,3.5
1975-05-21,24.7,20.8,28.6,22200,2.0,1.95,3.2
1975-05-22,22.5,18.0,28.4,21450,6.0,1.99,2.0
1975-05-23,22.8,15.0,29.5,27760,0.0,1.92,1.3
1975-05-24,25.0,19.2,30.0,25550,0.0,1.97,2.1
1975-05-25,23.1,19.5,29.0,16190,4.2,2.16,2.2
1975-05-26,22.2,18.2,27.2,22060,0.9,1.91,3.1
1975-05-27,20.0,15.9,23.7,30090,0.0,1.27,2.8
1975-05-28,18.3,9.8,24.8,28770,0.0,1.04,1.4
1975-05-29,20.6,15.1,27.8,20490,3.5,1.67,2.2
1975-05-30,21.1,18.4,26.4,19640,10.2,2.02,3.6
1975-05-31,16.8,15.0,18.7,12050,3.7,1.65,2.3
1975-06-01,16.6,11.6,21.8,22430,4.9,1.31,2.0
1975-06-02,16.0,10.5,20.4,19360,3.4,1.41,1.3
1975-06-03,17.5,11.7,23.4,22280,3.2,1.47,2.2
1975-06-04,21.8,14.6,29.2,27510,0.0,1.82,4.2
1975-06-05,22.9,19.1,26.3,22230,5.1,1.72,4.2
1975-06-06,20.7,16.6,25.7,26560,0.0,1.42,4.0
1975-06-07,15.8,11.1,20.0,21520,0.0,1.16,2.7
1975-06-08,15.0,8.8,21.0,25080,0.0,1.07,2.1
1975-06-09,17.0,11.3,21.9,26100,0.0,1.21,2.9
1975-06-10,20.6,13.9,26.5,26920,0.0,1.51,2.9
1975-06-11,21.7,19.5,25.9,12380,22.1,2.12,3.8
1975-06-12,19.7,15.2,23.3,24580,0.0,1.32,5.0
1975-06-13,21.3,16.0,27.4,27060,0.0,1.44,3.7
1975-06-14,21.7,17.7,26.8,22670,8.7,2.01,2.8
1975-06-15,20.9,18.1,23.1,15840,8.5,1.77,5.1
1975-06-16,19.8,13.1,25.0,28570,0.0,1.5,3.4
1975-06-17,21.5,19.9,23.7,8970,12.4,2.04,5.0
1975-06-18,25.2,19.6,31.0,25480,0.5,2.42,3.3
1975-06-19,26.5,21.1,31.2,28320,0.0,2.47,2.4
1975-06-20,26.0,21.9,30.2,25480,0.0,2.5,1.5
1975-06-21,25.7,20.4,30.7,26900,0.1,2.5,1.1
1975-06-22,26.5,21.5,31.2,26690,0.3,2.42,2.7
1975-06-23,25.2,22.1,29.1,20720,13.1,2.44,2.6
1975-06-24,24.6,21.1,28.9,22650,2.0,2.52,2.0
1975-06-25,23.5,20.1,27.6,17930,9.1,2.49,1.0
1975-06-26,22.9,19.1,26.9,20870,9.4,2.42,1.3
1975-06-27,24.0,18.9,28.9,24030,0.6,2.38,1.0
1975-06-28,24.8,19.1,29.4,25190,0.3,2.45,1.5
1975-06-29,24.7,20.0,28.8,26350,0.0,2.19,2.1
1975-06-30,24.2,18.3,29.3,27970,0.0,2.0,1.7
1975-07-01,23.6,17.7,28.8,28490,0.0,1.78,1.7
1975-07-02,23.9,16.4,29.7,28260,0.0,1.84,1.3
1975-07-03,24.5,17.7,30.0,23450,1.0,2.11,2.3
1975-07-04,23.4,19.6,28.2,25060,6.1,2.09,2.4
1975-07-05,21.8,15.0,27.8,28560,0.0,1.72,1.2
1975-07-06,22.1,19.7,27.0,14560,20.9,2.31,1.8
1975-07-07,22.8,19.9,26.7,16250,1.0,2.39,1.9
1975-07-08,23.2,17.4,29.4,24160,0.2,2.11,2.2
1975-07-09,21.6,17.8,25.2,19560,0.3,1.81,2.0
1975-07-10,19.4,16.1,22.8,26180,0.0,1.49,2.9
1975-07-11,17.6,14.3,21.4,22840,1.1,1.38,1.4
1975-07-12,17.1,12.3,21.9,22500,7.3,1.48,1.4
1975-07-13,16.0,11.7,20.1,23640,0.2,1.33,1.2
1975-07-14,17.7,11.5,23.1,27970,0.0,1.34,1.9
1975-07-15,20.7,13.5,27.3,28530,0.0,1.65,1.1
1975-07-16,23.1,17.1,28.5,25910,0.0,1.84,1.5
1975-07-17,24.0,17.7,29.3,27130,0.0,1.86,1.5
1975-07-18,23.9,19.6,27.9,19820,4.2,2.21,3.0
1975-07-19,24.6,22.1,28.4,17440,6.0,2.46,3.8
1975-07-20,25.0,21.1,29.2,25040,0.0,2.28,2.0
1975-07-21,23.3,18.0,28.0,22920,0.0,1.96,1.7
1975-07-22,23.0,16.3,28.1,26800,0.0,1.95,0.9
1975-07-23,24.4,19.4,28.9,21290,0.0,2.21,2.4
1975-07-24,24.9,21.5,28.5,22530,4.8,2.3,3.5
1975-07-25,21.6,16.2,26.2,26370,0.0,1.49,2.1
1975-07-26,20.7,13.5,26.8,28300,0.0,1.51,1.3
1975-07-27,24.2,17.9,30.8,26390,0.0,1.96,2.7
1975-07-28,24.5,19.0,29.4,27710,0.0,1.63,1.7
1975-07-29,24.7,17.3,31.1,27310,0.0,1.82,2.1
1975-07-30,26.0,19.2,32.0,27320,0.0,1.87,2.0
1975-07-31,26.4,19.6,32.1,25140,1.5,2.04,1.7
1975-08-01,26.1,21.5,31.8,18200,0.0,2.41,1.4
1975-08-02,24.2,22.0,27.6,15840,8.7,2.54,1.3
1975-08-03,23.1,20.9,26.2,16480,4.8,2.3,2.2
1975-08-04,22.9,15.9,28.5,26110,0.0,1.77,1.8
1975-08-05,22.3,17.8,26.1,20540,7.1,2.16,1.9
1975-08-06,20.0,16.7,23.3,24330,0.3,1.57,3.6
1975-08-07,18.0,13.0,22.5,24570,0.0,1.33,2.4
1975-08-08,19.6,12.7,25.9,27060,0.0,1.48,1.7
1975-08-09,22.2,14.8,28.5,24200,0.0,1.86,1.7
1975-08-10,24.2,19.4,29.1,23230,0.0,2.13,2.3
1975-08-11,25.2,21.1,31.3,21280,0.2,2.23,2.7
1975-08-12,26.2,21.6,31.3,20710,0.0,2.31,2.0
1975-08-13,26.8,23.3,31.7,15380,1.4,2.37,2.9
1975-08-14,24.0,20.8,28.1,16800,1.3,2.24,1.5
1975-08-15,22.6,20.8,25.4,10750,12.2,2.3,2.2
1975-08-16,22.1,18.4,26.1,18760,0.0,1.98,1.2
1975-08-17,22.5,18.1,27.5,20640,0.1,2.0,1.8
1975-08-18,22.1,14.7,28.0,24510,0.0,1.77,1.2
1975-08-19,23.2,17.9,28.5,21730,0.0,1.98,1.6
1975-08-20,23.7,18.2,29.1,21600,0.0,2.22,1.6
1975-08-21,26.8,22.1,32.0,23030,0.0,2.45,3.2
1975-08-22,27.2,23.3,31.7,21520,0.3,2.43,2.3
1975-08-23,27.5,23.4,31.9,21410,0.3,2.53,3.1
1975-08-24,27.5,23.9,31.6,21590,0.2,2.52,4.1
1975-08-25,26.2,22.3,29.7,16290,12.0,2.39,3.7
1975-08-26,22.9,20.0,26.8,14780,13.8,2.12,1.8
1975-08-27,21.8,15.2,27.5,23240,0.0,1.61,1.8
1975-08-28,23.6,18.7,29.3,15720,0.0,1.95,1.8
1975-08-29,23.7,21.4,27.5,12330,21.7,2.51,2.3
1975-08-30,22.4,20.8,25.5,10730,9.8,2.43,2.1
1975-08-31,21.0,19.3,23.1,7010,0.2,2.08,3.2
1975-09-01,20.7,15.0,26.4,22150,0.0,1.92,1.3
1975-09-02,23.1,18.9,28.2,15030,0.1,2.22,1.6
1975-09-03,24.1,18.1,30.9,20920,0.1,2.39,2.4
1975-09-04,21.3,17.2,25.0,18110,0.0,1.89,2.0
1975-09-05,19.3,16.6,25.1,11800,7.9,1.82,3.2
1975-09-06,16.9,12.2,21.6,20030,0.0,1.31,2.3
1975-09-07,18.1,11.0,24.8,22110,0.0,1.33,2.7
1975-09-08,19.3,14.6,23.3,17220,1.0,1.39,2.3
1975-09-09,15.9,10.8,21.6,21020,0.0,1.11,2.8
1975-09-10,20.4,14.5,27.4,19080,0.0,1.54,2.2
1975-09-11,20.1,17.0,21.4,2220,15.9,2.12,3.7
1975-09-12,14.6,9.7,16.7,19440,0.0,0.94,3.7
1975-09-13,11.2,6.8,16.2,21510,0.0,0.69,2.4
1975-09-14,12.0,5.8,18.0,20980,0.0,0.75,1.6
1975-09-15,15.3,10.5,20.3,15520,1.1,1.05,1.8
1975-09-16,17.2,15.2,19.4,7150,0.3,1.51,0.7
1975-09-17,18.6,15.6,22.2,11480,1.7,1.68,2.0
1975-09-18,19.1,14.0,24.4,16940,0.0,1.61,1.5
1975-09-19,17.0,14.3,19.3,2950,21.0,1.68,2.6
1975-09-20,13.5,9.8,17.4,13630,0.0,1.1,3.6
1975-09-21,13.0,10.2,15.5,10900,0.1,0.96,3.6
1975-09-22,12.2,7.5,15.6,10580,0.0,0.96,1.8
1975-09-23,13.1,7.5,18.4,14170,0.0,0.99,1.5
1975-09-24,13.2,10.4,16.8,9420,2.2,0.91,5.6
1975-09-25,10.5,9.0,12.0,2500,4.3,0.99,4.1
1975-09-26,12.8,11.1,15.5,5400,0.2,1.13,1.6
1975-09-27,11.9,5.5,17.8,18140,0.0,0.99,0.8
1975-09-28,12.7,5.3,19.8,18880,0.0,0.96,1.6
1975-09-29,13.6,9.2,18.8,10660,2.7,1.17,2.1
1975-09-30,15.5,9.1,22.1,17120,0.0,1.22,2.0
1975-10-01,13.1,9.7,15.2,13860,5.7,0.96,3.1
1975-10-02,8.9,5.4,11.7,12160,0.0,0.66,2.7
1975-10-03,9.0,2.3,16.7,18400,0.0,0.68,2.2
1975-10-04,12.1,4.2,19.9,18210,0.0,0.84,1.8
1975-10-05,14.5,7.4,21.9,17220,0.0,1.06,3.3
1975-10-06,15.7,10.2,21.9,17130,0.0,1.04,2.3
1975-10-07,14.5,6.9,22.5,17260,0.0,0.95,1.7
1975-10-08,14.9,13.6,17.6,2340,12.8,1.35,1.6
1975-10-09,16.0,10.7,21.9,15060,0.1,1.46,1.3
1975-10-10,15.7,9.1,22.3,16490,0.0,1.04,2.3
1975-10-11,12.4,7.3,17.9,16370,0.0,0.9,1.9
1975-10-12,13.7,6.7,21.8,16080,0.0,1.02,2.4
1975-10-13,20.5,15.0,27.8,15240,0.0,1.49,3.5
1975-10-14,21.2,16.2,27.0,15680,0.0,1.45,3.6
1975-10-15,18.1,11.8,22.1,9790,2.3,1.27,3.6
1975-10-16,10.9,5.6,15.6,15630,0.0,0.75,1.6
1975-10-17,10.4,9.0,12.9,5260,1.1,0.8,5.2
1975-10-18,8.2,6.8,9.6,3730,4.9,0.77,5.4
1975-10-19,9.0,6.7,11.9,4600,5.4,1.02,3.0
1975-10-20,12.5,6.6,18.8,14450,0.0,0.9,3.4
1975-10-21,16.4,11.3,23.3,14290,0.0,1.08,4.0
1975-10-22,17.7,13.2,23.7,14180,0.0,1.36,3.8
1975-10-23,18.0,14.1,22.7,13600,0.0,1.3,4.2
1975-10-24,19.7,16.3,24.1,10580,0.6,1.56,5.0
1975-10-25,10.5,6.6,19.2,14490,9.5,0.76,3.5
1975-10-26,7.8,3.2,13.4,14530,0.0,0.56,1.5
1975-10-27,10.3,4.3,17.7,13720,0.0,0.74,3.0
1975-10-28,13.7,10.0,18.4,7260,0.1,1.19,3.2
1975-10-29,9.9,5.6,12.9,12000,0.5,0.82,3.5
1975-10-30,6.1,2.1,10.7,13420,0.0,0.61,1.9
1975-10-31,8.6,3.7,14.6,10740,0.0,0.61,4.5
1975-11-01,13.3,11.5,16.5,5900,7.9,1.09,4.3
1975-11-02,16.4,13.0,21.9,9360,0.0,1.49,3.4
1975-11-03,15.7,14.0,19.2,4610,2.7,1.44,2.9
1975-11-04,17.0,12.6,22.4,9810,0.1,1.56,1.2
1975-11-05,17.1,12.3,22.6,9440,0.0,1.64,0.8
1975-11-06,17.5,14.2,22.7,8740,3.5,1.59,2.1
1975-11-07,17.3,15.7,19.9,7460,8.2,1.62,4.0
1975-11-08,16.6,12.1,19.3,9050,0.2,1.48,2.8
1975-11-09,17.5,12.0,22.3,11330,0.0,1.58,4.1
1975-11-10,11.8,6.9,18.7,11840,6.5,0.89,6.3
1975-11-11,8.5,2.4,14.3,11440,0.0,0.64,2.9
1975-11-12,8.0,3.9,11.6,10680,0.0,0.62,4.4
1975-11-13,2.6,1.2,3.6,4460,1.5,0.49,5.6
1975-11-14,0.7,-2.8,4.5,11470,0.0,0.34,3.3
1975-11-15,4.6,-1.2,12.2,11050,0.0,0.51,4.0
1975-11-16,9.4,5.2,16.5,10460,0.0,0.81,2.8
1975-11-17,10.8,6.1,17.9,10590,0.0,1.01,2.9
1975-11-18,10.7,5.2,17.8,10810,0.0,0.87,2.0
1975-11-19,10.4,4.8,18.0,10600,0.0,0.85,2.5
1975-11-20,10.9,6.1,13.6,3430,6.1,0.92,5.8
1975-11-21,3.5,2.1,5.7,2840,2.2,0.52,5.4
1975-11-22,2.2,-1.3,5.7,9180,0.0,0.45,2.4
1975-11-23,-0.1,-5.0,5.6,10400,0.0,0.41,1.4
1975-11-24,0.5,-2.6,4.6,3910,0.7,0.52,1.0
1975-11-25,-0.0,-3.1,3.7,6730,0.0,0.48,2.3
1975-11-26,-0.9,-4.2,2.3,5900,8.7,0.44,3.4
1975-11-27,-0.5,-2.3,0.6,4960,6.6,0.55,3.8
1975-11-28,-2.2,-6.3,1.6,10080,0.0,0.45,2.2
1975-11-29,6.6,-0.1,14.1,2290,6.8,0.78,5.7
1975-11-30,10.4,-1.7,16.7,5410,25.9,0.98,7.5
1975-12-01,-3.4,-6.9,-0.9,8340,0.0,0.21,4.3
1975-12-02,0.7,-2.7,5.6,8600,0.1,0.36,3.3
1975-12-03,-0.3,-3.2,3.2,9340,0.3,0.39,2.1
1975-12-04,5.6,-0.5,13.6,9150,0.0,0.7,3.4
1975-12-05,10.3,6.5,14.7,4770,0.2,1.0,4.9
1975-12-06,6.1,-0.9,13.5,6730,9.4,0.76,4.8
1975-12-07,-0.7,-4.9,3.3,9240,0.0,0.36,2.1
1975-12-08,0.3,-3.4,3.3,4480,2.1,0.5,1.1
1975-12-09,0.6,-1.2,2.5,4580,2.1,0.55,2.7
1975-12-10,-0.7,-3.2,1.9,6100,0.0,0.41,3.1
1975-12-11,2.6,-1.1,8.1,7460,0.0,0.6,2.2
1975-12-12,3.6,1.9,5.8,3330,0.8,0.65,3.5
1975-12-13,11.4,4.0,15.7,4800,1.0,1.19,4.7
1975-12-14,15.5,12.4,17.9,5180,1.2,1.31,6.6
1975-12-15,5.4,0.4,15.8,2450,12.0,0.79,3.9
1975-12-16,-1.7,-6.1,2.3,8330,0.0,0.34,2.9
1975-12-17,-6.5,-10.7,-0.8,7910,0.0,0.2,3.9
1975-12-18,-11.6,-14.4,-8.9,9610,0.0,0.09,4.3
1975-12-19,-4.4,-11.0,1.4,5080,0.0,0.22,4.0
1975-12-20,0.7,-1.2,1.9,3240,2.5,0.5,4.9
1975-12-21,-3.7,-7.1,-1.1,9010,0.0,0.26,3.1
1975-12-22,-4.7,-8.7,1.1,9000,0.0,0.26,1.7
1975-12-23,-1.3,-4.6,2.4,4410,0.0,0.42,2.1
1975-12-24,-1.7,-3.4,1.1,5900,0.0,0.34,1.8
1975-12-25,-1.3,-3.3,1.1,3890,2.4,0.44,1.8
1975-12-26,-1.1,-2.2,0.5,5380,12.8,0.5,4.6
1975-12-27,-4.6,-7.2,-2.2,7640,0.0,0.36,1.7
1975-12-28,-5.2,-8.7,-2.4,6560,0.5,0.35,1.7
1975-12-29,-1.2,-5.6,2.6,3570,4.4,0.53,2.4
1975-12-30,1.7,0.0,2.8,2160,3.7,0.67,2.1
1975-12-31,-0.1,-1.2,1.1,3070,1.0,0.55,3.1
1976-01-01,-2.2,-7.1,2.7,9170,0.0,0.45,2.6
1976-01-02,1.8,-1.7,5.4,5150,0.7,0.58,4.1
1976-01-03,-5.0,-9.4,-1.6,6160,0.0,0.26,4.9
1976-01-04,-11.8,-14.6,-8.9,9600,0.0,0.13,4.0
1976-01-05,-9.9,-14.3,-4.9,8300,0.0,0.16,2.7
1976-01-06,-2.3,-7.3,2.7,6360,0.0,0.27,4.4
1976-01-07,-2.8,-11.7,2.5,5060,6.7,0.4,4.1
1976-01-08,-16.6,-20.6,-13.2,10410,0.0,0.11,4.0
1976-01-09,-13.4,-16.5,-9.2,9640,0.0,0.14,3.7
1976-01-10,-7.4,-14.6,0.0,5710,0.9,0.27,3.0
1976-01-11,-0.8,-5.9,2.2,5730,1.9,0.51,4.5
1976-01-12,-4.2,-12.0,3.2,9770,0.0,0.36,3.2
1976-01-13,-0.4,-3.7,1.5,1510,16.1,0.53,3.8
1976-01-14,-8.0,-10.5,-4.5,10590,0.0,0.27,3.5
1976-01-15,-5.7,-13.7,1.8,6470,1.1,0.35,4.0
1976-01-16,-3.6,-11.7,1.3,8280,1.1,0.42,4.6
1976-01-17,-12.5,-15.5,-9.7,9180,0.0,0.19,2.7
1976-01-18,-13.8,-21.0,-6.3,11330,0.0,0.16,2.1
1976-01-19,-3.2,-8.5,1.5,5450,2.3,0.4,5.4
1976-01-20,-5.6,-9.6,-0.3,6460,0.0,0.36,3.8
1976-01-21,-6.0,-9.2,-2.4,7240,2.6,0.32,5.2
1976-01-22,-7.9,-10.9,-6.4,10080,0.0,0.27,2.8
1976-01-23,-4.8,-17.1,4.7,11210,0.0,0.41,3.1
1976-01-24,-3.8,-7.0,0.3,9980,0.0,0.41,2.0
1976-01-25,-3.5,-10.9,0.6,1980,12.6,0.46,2.9
1976-01-26,-3.9,-9.3,-1.3,5800,0.0,0.41,3.5
1976-01-27,-13.5,-17.8,-9.6,12490,0.0,0.17,2.3
1976-01-28,-7.4,-20.6,2.2,7620,0.1,0.32,4.2
1976-01-29,-2.6,-8.6,1.5,7470,0.0,0.42,3.7
1976-01-30,-2.5,-9.4,0.6,6440,1.7,0.44,4.1
1976-01-31,-4.1,-7.0,-0.5,9790,0.0,0.38,2.3
1976-02-01,-4.7,-15.9,0.5,6540,5.4,0.39,5.3
1976-02-02,-17.5,-23.8,-12.2,13410,0.0,0.11,2.3
1976-02-03,-11.6,-23.2,-1.6,11250,0.0,0.23,3.0
1976-02-04,-4.8,-7.4,-1.9,10260,0.0,0.36,3.4
1976-02-05,-5.5,-6.9,-4.1,3310,11.9,0.35,3.9
1976-02-06,-10.1,-13.0,-7.5,12830,0.0,0.24,3.5
1976-02-07,-9.8,-14.6,-3.7,14200,0.0,0.22,5.1
1976-02-08,-2.6,-4.5,0.2,11330,0.0,0.42,4.5
1976-02-09,-4.0,-14.4,4.0,13820,0.0,0.42,3.7
1976-02-10,9.6,4.3,18.3,11950,0.0,0.87,6.2
1976-02-11,2.2,-1.7,6.1,14200,0.0,0.43,4.0
1976-02-12,5.4,-1.0,12.3,13410,0.0,0.5,5.3
1976-02-13,5.6,-2.0,8.9,13320,0.0,0.71,3.8
1976-02-14,0.5,-4.7,7.1,14320,0.0,0.38,3.1
1976-02-15,11.7,2.9,19.3,9390,1.8,1.02,5.9
1976-02-16,8.7,1.3,15.3,1740,18.8,1.07,3.3
1976-02-17,7.0,2.2,12.4,9240,0.2,0.76,3.2
1976-02-18,9.6,4.6,12.7,6550,8.4,1.0,5.4
1976-02-19,4.0,0.5,8.5,10820,0.3,0.54,3.6
1976-02-20,5.0,-3.2,13.0,15100,0.4,0.55,2.5
1976-02-21,9.7,1.9,14.4,2850,35.8,1.06,4.7
1976-02-22,-1.2,-4.2,2.4,10070,0.8,0.37,4.5
1976-02-23,-1.3,-6.9,5.1,16100,0.0,0.33,3.3
1976-02-24,8.6,2.5,16.6,14600,0.0,0.63,5.1
1976-02-25,12.5,9.3,17.1,14060,0.0,0.78,4.9
1976-02-26,10.9,6.9,15.1,16230,0.6,0.84,3.4
1976-02-27,10.5,3.4,18.8,16530,0.0,0.73,4.0
1976-02-28,8.6,4.6,12.2,14230,0.0,0.66,3.0
1976-02-29,11.8,4.3,16.3,5890,1.4,1.03,4.3
1976-03-01,8.8,2.4,15.3,6600,1.5,0.93,3.7
1976-03-02,17.1,15.0,19.8,6810,4.6,1.58,4.5
1976-03-03,13.0,7.9,17.7,3090,1.7,1.32,2.8
1976-03-04,11.4,3.9,21.8,6480,14.2,1.11,4.3
1976-03-05,7.3,-0.8,19.5,17770,9.5,0.65,6.3
1976-03-06,-0.3,-6.1,5.4,19010,0.0,0.29,4.0
1976-03-07,2.5,-3.6,9.7,17280,0.0,0.42,3.8
1976-03-08,0.6,-4.1,5.8,17720,0.0,0.34,2.3
1976-03-09,2.9,-1.9,8.9,17820,0.0,0.38,2.1
1976-03-10,3.2,0.4,8.7,7080,6.6,0.63,2.5
1976-03-11,3.5,-2.9,9.9,18100,0.0,0.51,2.9
1976-03-12,10.1,3.3,15.2,9560,8.1,0.88,6.7
1976-03-13,-0.3,-3.0,2.2,12150,0.0,0.33,5.2
1976-03-14,3.0,-3.5,10.9,19560,0.0,0.4,3.8
1976-03-15,2.3,-1.9,6.8,15330,0.7,0.41,2.9
1976-03-16,-1.4,-5.5,0.9,18800,8.5,0.39,4.6
1976-03-17,-5.3,-10.1,-0.3,21470,0.0,0.22,2.5
1976-03-18,5.1,-3.2,14.6,17520,0.0,0.6,4.0
1976-03-19,14.9,11.1,20.5,19870,0.0,1.02,5.6
1976-03-20,16.0,12.2,17.7,4220,3.8,1.48,6.6
1976-03-21,5.7,0.6,11.6,15650,0.0,0.47,5.0
1976-03-22,1.5,-5.2,7.9,20310,0.0,0.4,1.4
1976-03-23,5.4,-3.6,14.0,21200,0.0,0.61,3.1
1976-03-24,12.3,7.0,19.8,18260,4.5,0.86,6.0
1976-03-25,12.3,6.6,17.2,21650,3.5,1.0,2.9
1976-03-26,16.2,11.9,21.4,13810,0.2,1.37,5.8
1976-03-27,9.9,4.3,16.2,6980,18.3,0.98,5.3
1976-03-28,6.8,-1.8,14.5,22240,0.0,0.62,2.5
1976-03-29,11.4,7.8,15.0,6410,1.3,1.07,3.4
1976-03-30,14.4,7.0,18.8,17890,1.7,1.27,6.4
1976-03-31,6.8,2.8,11.0,18310,0.1,0.54,4.0
1976-04-01,4.4,1.8,6.5,9630,2.5,0.61,4.6
1976-04-02,8.2,1.6,15.9,23900,0.0,0.64,2.5
1976-04-03,13.3,6.9,21.6,22850,0.0,0.97,3.6
1976-04-04,7.0,2.3,11.1,19940,0.0,0.6,4.3
1976-04-05,6.1,-3.2,14.3,23750,0.0,0.55,1.9
1976-04-06,11.4,6.0,17.9,23580,0.0,0.77,2.6
1976-04-07,8.7,2.2,16.2,24180,0.0,0.58,2.9
1976-04-08,4.5,-0.2,9.6,25080,0.0,0.4,3.9
1976-04-09,4.6,-3.4,11.8,25120,0.0,0.47,1.0
1976-04-10,9.1,1.1,17.0,24500,0.0,0.61,3.1
1976-04-11,6.1,-0.5,10.3,21250,4.0,0.62,4.4
1976-04-12,3.8,-3.2,11.1,26050,0.0,0.4,1.5
1976-04-13,8.0,-1.5,17.1,25830,0.0,0.6,1.9
1976-04-14,14.4,4.9,23.5,23480,0.0,1.07,3.0
1976-04-15,20.3,15.8,25.7,19940,0.0,1.67,4.3
1976-04-16,21.8,17.6,26.3,22860,0.0,1.46,4.6
1976-04-17,21.1,16.9,25.9,24270,0.0,1.27,4.4
1976-04-18,20.8,15.8,26.2,20490,0.2,1.33,4.3
1976-04-19,17.5,13.0,21.2,18130,2.5,1.33,1.6
1976-04-20,16.5,9.6,24.8,17360,7.5,1.23,3.2
1976-04-21,16.8,13.4,20.5,16060,3.9,1.4,4.4
1976-04-22,16.1,9.2,23.4,23230,0.6,1.13,4.1
1976-04-23,16.8,10.1,24.0,21050,1.8,1.3,2.7
1976-04-24,19.3,15.9,24.9,16180,16.4,1.54,3.6
1976-04-25,11.1,3.0,16.3,9510,16.5,1.23,4.8
1976-04-26,5.3,1.7,9.6,23070,0.0,0.55,3.7
1976-04-27,4.1,-0.8,8.9,20390,0.0,0.51,2.5
1976-04-28,6.0,-0.7,12.5,21060,0.0,0.59,2.2
1976-04-29,8.7,-0.4,16.4,23330,0.0,0.66,1.6
1976-04-30,12.3,5.1,17.6,17990,0.0,0.81,2.0
1976-05-01,13.3,10.2,17.2,21280,0.7,0.97,2.4
1976-05-02,10.8,6.5,16.7,18970,1.6,0.78,4.8
1976-05-03,6.3,1.8,9.4,18410,0.2,0.49,4.2
1976-05-04,9.5,1.0,16.6,28530,0.0,0.58,3.3
1976-05-05,17.7,11.7,24.7,25740,0.0,0.98,6.3
1976-05-06,13.4,6.2,20.1,5410,27.9,1.35,3.2
1976-05-07,7.8,2.9,13.3,25230,0.0,0.66,3.6
1976-05-08,7.7,0.4,14.2,29140,0.0,0.59,1.4
1976-05-09,13.5,6.6,20.9,27760,0.0,0.86,3.2
1976-05-10,15.9,9.9,22.1,28200,0.0,0.94,2.9
1976-05-11,13.1,7.6,16.0,28630,0.0,0.88,4.0
1976-05-12,11.0,2.6,18.2,29390,0.0,0.64,1.6
1976-05-13,16.1,9.1,26.0,20950,11.7,1.11,3.8
1976-05-14,18.3,15.0,22.4,9500,10.0,1.8,2.0
1976-05-15,19.2,16.9,22.4,13200,8.2,1.85,3.1
1976-05-16,17.3,13.1,21.0,24940,6.1,1.44,2.2
1976-05-17,12.7,10.3,15.1,13110,0.3,1.16,4.0
1976-05-18,10.7,6.2,15.2,29360,0.0,0.67,4.0
1976-05-19,14.3,7.7,20.9,28930,0.0,0.91,3.1
1976-05-20,18.7,11.9,26.0,28770,0.0,1.2,4.0
1976-05-21,18.3,11.4,22.4,28060,0.0,1.18,3.5
1976-05-22,13.6,8.2,20.3,29630,0.0,0.82,3.0
1976-05-23,12.6,8.7,17.8,17350,0.0,0.93,3.1
1976-05-24,12.4,8.9,16.8,21610,0.0,0.88,3.5
1976-05-25,12.2,6.1,18.2,23080,0.2,0.92,2.5
1976-05-26,14.5,6.8,20.7,22240,0.0,1.0,1.5
1976-05-27,16.7,9.1,23.1,23260,0.0,1.0,2.0
1976-05-28,15.9,14.4,17.1,6150,11.7,1.3,2.8
1976-05-29,17.8,12.2,22.6,17000,0.7,1.59,1.3
1976-05-30,19.0,13.2,24.4,15950,17.8,1.74,1.9
1976-05-31,19.9,16.4,24.2,12330,11.9,1.97,1.0
1976-06-01,18.5,15.8,22.5,10930,4.0,1.82,2.6
1976-06-02,18.2,14.5,22.2,26650,0.0,1.39,3.8
1976-06-03,18.0,12.0,23.6,26760,0.0,1.11,4.2
1976-06-04,20.1,15.0,25.8,28770,0.0,1.28,4.3
1976-06-05,20.2,14.2,25.8,29940,0.0,1.19,3.1
1976-06-06,20.6,12.1,27.2,28480,0.0,1.24,1.8
1976-06-07,21.5,12.0,28.8,29530,0.0,1.32,1.6
1976-06-08,23.1,15.4,29.5,30000,0.0,1.36,1.9
1976-06-09,23.8,15.2,30.5,29050,0.0,1.44,1.8
1976-06-10,24.9,17.2,31.1,27810,0.0,1.34,3.3
1976-06-11,25.6,18.1,32.3,28030,0.0,1.74,2.2
1976-06-12,27.5,21.4,32.8,28900,0.0,1.7,3.2
1976-06-13,27.4,23.4,31.0,22720,0.5,1.8,3.7
1976-06-14,27.9,23.2,32.6,29060,0.0,1.6,4.5
1976-06-15,26.1,21.0,30.4,20390,3.4,1.95,5.6
1976-06-16,20.5,17.7,23.9,25080,2.6,1.37,3.0
1976-06-17,20.7,12.6,27.9,29790,0.0,1.29,1.9
1976-06-18,22.6,17.8,29.4,18530,8.8,1.84,3.0
1976-06-19,19.4,15.8,22.3,24330,1.2,1.48,3.6
1976-06-20,18.2,12.0,23.5,25160,0.0,1.08,2.5
1976-06-21,18.9,14.3,22.7,13150,1.0,1.3,1.8
1976-06-22,19.6,16.3,23.5,19950,5.1,1.65,1.1
1976-06-23,19.4,14.6,23.3,22030,1.6,1.76,2.7
1976-06-24,20.1,17.6,22.9,5570,18.9,2.12,4.0
1976-06-25,21.9,17.3,25.4,25070,0.0,1.77,2.3
1976-06-26,21.7,13.6,27.9,29950,0.0,1.53,1.6
1976-06-27,24.2,17.1,30.8,28230,0.0,1.82,2.0
1976-06-28,24.8,20.9,30.2,20970,2.0,2.1,2.6
1976-06-29,22.7,17.2,28.2,21930,19.6,1.89,1.8
1976-06-30,18.4,15.6,21.3,20780,1.8,1.64,4.4
1976-07-01,19.4,13.7,24.7,29380,0.0,1.24,2.8
1976-07-02,20.8,15.4,25.7,22500,0.1,1.4,1.4
1976-07-03,21.1,16.2,25.7,26350,0.0,1.57,2.0
1976-07-04,21.0,15.5,25.7,23940,0.3,1.54,3.0
1976-07-05,21.8,15.5,27.2,26600,0.1,1.61,2.4
1976-07-06,22.7,16.0,28.2,26200,0.0,1.73,1.3
1976-07-07,23.6,17.7,28.3,21670,0.3,1.74,2.7
1976-07-08,24.0,19.1,28.2,25020,0.5,1.83,2.1
1976-07-09,24.8,17.6,31.6,27660,0.0,1.83,2.2
1976-07-10,28.6,23.0,34.2,28070,0.0,2.19,4.0
1976-07-11,28.4,24.4,32.8,24090,1.7,2.3,4.7
1976-07-12,22.5,17.4,25.5,28470,0.0,1.67,3.9
1976-07-13,20.7,13.3,27.5,29250,0.0,1.24,1.8
1976-07-14,27.0,20.0,33.5,25890,0.1,1.87,3.0
1976-07-15,25.9,22.3,32.0,22130,17.1,2.33,2.5
1976-07-16,22.0,18.1,24.4,24090,1.6,1.95,3.3
1976-07-17,18.9,12.1,23.8,26300,0.0,1.26,1.7
1976-07-18,21.1,13.8,26.9,24340,0.0,1.39,1.5
1976-07-19,22.4,15.4,28.0,27080,0.0,1.57,2.1
1976-07-20,25.1,20.1,30.5,24420,0.0,1.94,4.0
1976-07-21,24.1,21.9,25.6,10390,23.8,2.41,2.0
1976-07-22,23.8,21.2,26.9,13820,9.6,2.63,1.3
1976-07-23,26.5,22.5,30.9,25270,0.8,2.54,2.8
1976-07-24,25.2,21.1,28.6,25680,0.2,2.27,2.8
1976-07-25,23.0,15.9,28.6,27040,0.0,1.69,1.3
1976-07-26,24.5,18.3,29.9,27850,0.0,1.75,2.2
1976-07-27,25.2,20.5,29.0,20150,3.5,2.25,1.8
1976-07-28,25.2,21.4,31.4,21200,22.0,2.55,2.4
1976-07-29,23.1,19.6,26.1,16740,1.0,2.3,2.7
1976-07-30,22.0,15.9,27.2,24870,0.0,2.02,0.8
1976-07-31,22.2,17.3,25.0,19450,0.4,2.04,3.3
1976-08-01,19.0,16.0,22.8,20240,0.0,1.41,2.9
1976-08-02,18.3,14.3,22.4,26380,0.1,1.32,2.9
1976-08-03,18.5,11.9,24.0,27260,0.0,1.28,1.4
1976-08-04,20.1,13.2,25.8,24070,0.1,1.35,2.0
1976-08-05,22.0,18.3,26.9,16640,6.7,1.87,2.9
1976-08-06,19.2,16.6,21.0,4150,9.5,2.09,2.6
1976-08-07,17.2,12.6,21.4,18600,0.0,1.35,2.9
1976-08-08,18.4,12.8,23.5,23580,0.1,1.42,2.4
1976-08-09,19.8,12.4,25.9,26720,0.0,1.5,1.4
1976-08-10,21.2,13.9,27.8,25600,0.0,1.58,2.4
1976-08-11,23.5,19.3,27.9,16010,0.0,1.91,3.2
1976-08-12,24.1,21.6,28.4,15740,6.6,2.21,2.8
1976-08-13,23.9,19.4,28.9,21270,9.4,2.31,1.9
1976-08-14,22.4,17.3,27.4,20670,1.9,2.18,1.6
1976-08-15,19.7,16.9,23.3,18760,0.0,1.61,2.7
1976-08-16,17.9,12.1,23.5,26180,0.0,1.29,1.8
1976-08-17,18.7,11.3,25.4,26200,0.0,1.27,1.7
1976-08-18,20.4,12.6,27.5,26090,0.0,1.32,1.7
1976-08-19,21.9,14.1,29.0,25470,0.0,1.47,1.7
1976-08-20,23.2,15.6,29.9,24810,0.0,1.59,1.8
1976-08-21,23.4,16.6,29.1,23560,0.0,1.65,1.1
1976-08-22,24.5,19.2,29.5,20560,0.0,1.7,1.0
1976-08-23,24.2,17.8,30.0,19570,0.1,1.77,1.7
1976-08-24,25.2,20.7,30.3,18620,0.0,1.74,2.5
1976-08-25,24.8,20.8,29.2,12920,0.6,2.02,1.9
1976-08-26,24.1,20.0,29.3,17970,7.7,2.31,2.2
1976-08-27,26.4,20.8,32.4,22670,0.0,2.17,2.9
1976-08-28,25.0,20.8,28.4,20460,0.2,1.86,3.0
1976-08-29,19.1,14.7,22.9,21120,0.0,1.12,3.0
1976-08-30,17.7,10.6,25.0,23650,0.0,1.02,1.7
1976-08-31,22.1,16.0,29.2,21540,0.0,1.26,2.7
1976-09-01,21.9,18.5,26.7,15150,0.4,1.48,1.9
1976-09-02,19.9,16.0,25.1,20420,0.0,1.25,2.2
1976-09-03,21.4,15.4,28.1,22380,0.0,1.51,2.7
1976-09-04,23.0,19.0,28.7,21630,0.0,1.41,3.1
1976-09-05,18.6,14.9,23.4,21350,0.0,1.12,2.7
1976-09-06,18.3,11.4,25.8,22470,0.0,1.02,2.0
1976-09-07,20.7,12.7,28.9,22690,0.0,1.0,1.8
1976-09-08,23.3,14.9,30.7,20200,0.0,1.55,1.7
1976-09-09,20.2,16.1,24.3,6220,11.4,1.86,2.7
1976-09-10,15.8,11.2,20.0,21990,0.0,0.78,3.5
1976-09-11,18.4,12.0,26.4,21740,0.0,0.93,3.2
1976-09-12,19.8,13.1,26.7,21760,0.0,1.13,2.6
1976-09-13,21.1,14.3,28.3,21430,0.0,1.32,2.6
1976-09-14,22.9,17.3,29.2,18500,0.2,1.46,2.6
1976-09-15,20.0,16.1,23.8,12100,0.8,1.73,2.8
1976-09-16,17.0,12.4,21.4,10100,0.7,1.39,2.5
1976-09-17,18.6,14.4,23.6,13530,0.2,1.52,2.7
1976-09-18,18.9,11.8,25.3,16240,0.0,1.4,1.1
1976-09-19,21.5,13.3,29.5,19250,0.1,1.45,2.5
1976-09-20,18.8,14.5,22.0,10380,0.1,1.59,3.3
1976-09-21,13.8,9.6,18.3,18180,0.0,0.8,2.7
1976-09-22,13.8,6.4,20.8,20080,0.0,0.69,2.6
1976-09-23,16.8,10.8,19.5,15300,1.5,0.81,4.4
1976-09-24,12.7,6.2,19.3,19930,0.0,0.57,1.7
1976-09-25,13.3,8.4,19.8,9610,2.7,0.79,1.2
1976-09-26,15.2,11.8,19.1,6170,18.4,1.59,2.6
1976-09-27,15.5,12.8,19.3,9530,0.1,1.35,3.0
1976-09-28,13.3,10.2,17.5,14680,0.0,1.07,2.2
1976-09-29,14.9,9.8,20.0,10260,0.0,1.08,1.6
1976-09-30,16.3,11.1,21.4,18110,0.0,1.18,1.8
1976-10-01,16.3,9.1,23.9,18220,0.0,1.12,1.2
1976-10-02,17.8,9.5,26.5,17890,0.0,1.16,1.4
1976-10-03,18.2,10.8,26.3,18020,0.0,1.05,2.2
1976-10-04,19.5,14.0,26.2,16780,0.0,1.26,3.1
1976-10-05,18.6,15.4,22.7,8190,16.7,1.6,3.5
1976-10-06,11.9,9.9,16.7,4090,21.7,1.07,4.7
1976-10-07,9.7,8.2,11.6,11650,0.0,0.66,3.0
1976-10-08,9.5,6.4,12.8,12630,0.0,0.68,1.8
1976-10-09,8.7,6.3,11.3,8810,0.4,0.75,1.4
1976-10-10,9.5,3.3,15.4,11960,0.0,0.78,1.4
1976-10-11,12.2,6.2,18.7,16350,0.0,0.8,2.7
1976-10-12,16.6,11.3,23.9,15480,0.0,1.12,4.2
1976-10-13,15.9,11.0,20.9,16080,0.0,0.98,3.7
1976-10-14,12.0,4.9,18.2,16010,0.0,0.53,3.4
1976-10-15,13.9,8.2,16.3,15690,0.2,0.63,4.9
1976-10-16,7.0,3.2,10.3,9280,0.0,0.53,3.0
1976-10-17,5.1,2.5,8.1,10440,0.0,0.49,3.0
1976-10-18,4.5,-1.2,9.8,12580,0.3,0.46,2.5
1976-10-19,6.1,4.4,7.8,3750,7.4,0.73,1.7
1976-10-20,5.9,3.7,8.5,9870,1.0,0.67,3.0
1976-10-21,4.9,2.2,8.7,13050,0.2,0.43,5.1
1976-10-22,1.6,-2.7,5.8,15040,0.0,0.34,3.1
1976-10-23,4.2,-2.0,8.9,2520,15.2,0.66,2.7
1976-10-24,10.0,8.1,12.9,3600,6.4,1.09,2.2
1976-10-25,7.6,4.0,10.0,6490,0.2,0.84,2.8
1976-10-26,4.6,1.8,8.3,10530,0.4,0.62,2.3
1976-10-27,2.8,-0.5,5.8,12560,0.0,0.39,2.5
1976-10-28,1.5,-4.1,7.6,13960,0.0,0.41,2.6
1976-10-29,4.8,-0.6,11.1,12700,0.0,0.49,3.3
1976-10-30,5.9,4.7,7.4,1470,16.0,0.73,2.4
1976-10-31,6.9,2.7,10.4,8850,1.0,0.78,4.1
1976-11-01,3.7,-3.0,9.9,12500,0.0,0.56,1.4
1976-11-02,8.3,4.1,13.4,8340,0.0,0.71,3.7
1976-11-03,5.9,2.0,9.3,12330,0.0,0.33,4.1
1976-11-04,1.7,-0.5,4.4,8100,0.3,0.43,3.7
1976-11-05,2.3,-2.1,6.4,11660,0.0,0.45,3.3
1976-11-06,5.0,0.9,10.8,10830,0.0,0.51,3.8
1976-11-07,1.9,-1.8,5.3,11060,0.0,0.35,4.6
1976-11-08,-2.2,-5.9,1.2,12000,0.0,0.21,3.3
1976-11-09,5.4,-0.2,12.2,11580,0.0,0.48,4.9
1976-11-10,2.5,-0.2,4.7,5680,0.0,0.44,3.7
1976-11-11,0.0,-2.8,1.8,8530,0.0,0.32,2.9
1976-11-12,-1.9,-5.8,2.0,10650,0.0,0.28,2.2
1976-11-13,-2.8,-7.1,2.6,11560,0.0,0.31,2.0
1976-11-14,-2.8,-6.6,2.3,11400,0.0,0.32,1.7
1976-11-15,-1.7,-5.9,3.9,11460,0.0,0.32,1.5
1976-11-16,0.3,-4.6,7.1,11080,0.0,0.38,1.9
1976-11-17,3.3,-0.8,9.0,9420,0.0,0.52,4.3
1976-11-18,6.0,-1.6,11.9,10700,0.0,0.53,4.1
1976-11-19,5.7,1.4,9.5,10850,0.0,0.49,3.0
1976-11-20,2.7,-1.9,8.2,10490,0.0,0.4,2.0
1976-11-21,1.1,-1.4,3.2,8310,1.2,0.49,3.5
1976-11-22,-1.0,-2.8,1.2,6790,0.0,0.32,4.4
1976-11-23,-2.3,-4.7,0.6,9780,0.0,0.26,3.0
1976-11-24,-1.5,-5.9,4.3,7890,0.0,0.35,2.5
1976-11-25,6.3,1.0,13.3,7960,0.0,0.73,4.5
1976-11-26,11.5,9.9,12.9,1020,13.3,1.26,5.9
1976-11-27,3.6,-4.1,11.4,5710,6.0,0.66,3.9
1976-11-28,-6.8,-9.6,-5.2,7790,0.0,0.15,3.4
1976-11-29,-10.6,-13.2,-8.0,9990,0.0,0.12,3.9
1976-11-30,-7.6,-11.1,-3.7,8380,0.0,0.15,3.4
1976-12-01,-3.3,-6.9,-0.5,5150,1.3,0.28,3.4
1976-12-02,-8.3,-11.8,-6.2,9220,0.0,0.17,3.1
1976-12-03,-5.9,-12.0,1.5,3410,0.5,0.23,2.6
1976-12-04,-4.1,-7.4,-0.9,8490,0.0,0.29,2.1
1976-12-05,-4.8,-9.9,0.2,8420,0.0,0.29,2.0
1976-12-06,-0.9,-3.4,3.8,3740,5.7,0.47,2.3
1976-12-07,-5.8,-9.2,-1.4,7330,1.9,0.33,3.4
1976-12-08,-9.9,-14.4,-7.6,9390,0.0,0.22,2.4
1976-12-09,-4.7,-14.9,1.7,9000,0.0,0.31,4.2
1976-12-10,1.2,-6.2,4.9,1570,0.7,0.49,5.6
1976-12-11,-4.7,-8.5,1.0,7330,0.0,0.25,1.9
1976-12-12,-2.2,-4.7,2.1,8560,0.0,0.33,3.7
1976-12-13,-7.7,-12.2,-3.3,9240,0.0,0.15,2.4
1976-12-14,-0.2,-5.6,6.8,9100,0.0,0.24,4.8
1976-12-15,0.5,-4.3,7.2,8700,0.0,0.44,2.1
1976-12-16,-0.9,-2.9,1.4,3950,0.0,0.44,3.6
1976-12-17,0.7,-2.8,5.3,8820,0.0,0.46,3.2
1976-12-18,0.9,-4.4,8.7,8730,0.0,0.48,2.6
1976-12-19,6.5,1.7,12.6,8290,0.1,0.85,3.6
1976-12-20,-0.5,-8.7,9.2,5040,2.7,0.48,5.4
1976-12-21,-10.5,-13.6,-7.6,9350,0.0,0.12,4.1
1976-12-22,-5.3,-10.4,0.5,8130,0.3,0.22,4.8
1976-12-23,-6.1,-10.1,-1.3,9020,0.6,0.23,4.9
1976-12-24,-5.1,-11.0,2.0,8640,0.0,0.19,4.2
1976-12-25,-0.5,-3.8,2.6,6460,0.0,0.43,3.1
1976-12-26,-2.9,-7.5,1.7,6890,1.6,0.33,4.1
1976-12-27,-2.6,-9.2,6.1,7380,0.3,0.26,3.1
1976-12-28,-4.6,-8.3,0.1,5520,0.1,0.26,4.1
1976-12-29,-11.0,-15.2,-8.4,8480,0.0,0.11,4.1
1976-12-30,-9.8,-17.1,-4.7,5170,2.3,0.18,3.0
1976-12-31,-15.5,-19.0,-10.8,9700,0.0,0.09,3.9
1977-01-01,-14.2,-17.0,-10.7,9750,0.0,0.11,3.4
1977-01-02,-10.9,-15.2,-6.1,6160,0.0,0.15,1.8
1977-01-03,-5.1,-7.5,-1.3,8630,1.3,0.3,1.3
1977-01-04,-3.6,-5.2,-1.4,4820,0.3,0.34,2.1
1977-01-05,-7.1,-14.0,-4.5,9780,3.6,0.31,2.8
1977-01-06,-10.3,-17.6,-4.7,6410,2.3,0.26,2.2
1977-01-07,-11.8,-19.4,-5.2,9950,0.3,0.18,3.5
1977-01-08,-11.0,-19.5,-3.8,6040,0.2,0.2,3.1
1977-01-09,-13.3,-16.6,-11.3,5010,7.0,0.17,4.2
1977-01-10,-14.6,-18.2,-12.3,7550,4.8,0.16,5.4
1977-01-11,-20.5,-25.2,-13.7,10920,0.0,0.09,3.7
1977-01-12,-16.6,-21.8,-11.8,10850,0.0,0.12,3.6
1977-01-13,-14.7,-26.6,-4.1,3610,4.0,0.19,3.5
1977-01-14,-5.1,-9.7,-2.8,6120,1.2,0.37,2.5
1977-01-15,-10.8,-17.6,-6.8,7930,0.4,0.21,3.4
1977-01-16,-23.9,-26.2,-18.2,11550,0.0,0.06,4.7
1977-01-17,-24.3,-27.2,-21.2,11410,0.0,0.06,3.8
1977-01-18,-17.5,-22.6,-11.2,9140,0.6,0.13,3.5
1977-01-19,-11.5,-16.6,-7.3,10470,0.4,0.19,3.6
1977-01-20,-8.3,-9.2,-7.0,6300,2.0,0.26,2.7
1977-01-21,-7.5,-11.2,-5.0,8450,0.0,0.28,3.3
1977-01-22,-13.6,-17.5,-9.7,10830,0.0,0.17,1.8
1977-01-23,-8.8,-17.6,-4.0,8190,0.0,0.27,3.1
1977-01-24,-2.7,-4.1,-0.9,5720,0.6,0.45,2.5
1977-01-25,-3.9,-6.6,-2.2,8250,0.6,0.38,4.0
1977-01-26,-7.9,-14.2,-1.3,7470,1.1,0.29,5.4
1977-01-27,-15.3,-18.8,-11.3,12200,0.1,0.14,3.9
1977-01-28,-17.6,-23.6,-3.2,12870,2.4,0.14,7.7
1977-01-29,-18.1,-21.6,-15.2,13270,0.0,0.1,8.0
1977-01-30,-16.4,-18.9,-14.7,12710,0.0,0.12,6.5
1977-01-31,-13.9,-16.5,-10.5,13510,0.0,0.16,6.8
1977-02-01,-12.2,-14.7,-9.8,12560,0.0,0.19,3.8
1977-02-02,-9.0,-15.5,-0.7,11370,0.7,0.28,3.3
1977-02-03,-1.0,-3.6,0.5,11470,3.2,0.5,5.4
1977-02-04,-2.9,-5.7,0.1,5600,4.9,0.45,3.7
1977-02-05,-12.4,-16.0,-7.1,12880,0.1,0.18,4.5
1977-02-06,-18.1,-23.3,-13.0,14630,0.0,0.11,2.2
1977-02-07,-17.8,-24.4,-9.4,14720,0.0,0.12,1.5
1977-02-08,-11.6,-19.4,-3.6,14410,0.0,0.19,2.5
1977-02-09,-0.7,-6.7,4.9,13170,0.0,0.48,4.0
1977-02-10,3.5,-0.4,9.2,13780,0.0,0.65,3.6
1977-02-11,5.1,1.3,12.4,13790,0.0,0.7,3.1
1977-02-12,4.0,1.8,7.4,4130,6.1,0.74,2.8
1977-02-13,1.2,-2.2,3.1,6370,0.0,0.41,4.8
1977-02-14,-1.9,-4.7,1.1,7860,1.9,0.35,2.8
1977-02-15,-7.0,-10.6,-4.5,9260,0.0,0.22,2.2
1977-02-16,-8.1,-11.7,-4.0,14770,0.0,0.14,1.1
1977-02-17,-4.2,-8.9,1.8,14210,0.0,0.22,2.7
1977-02-18,1.7,-2.2,8.2,13210,0.4,0.46,2.3
1977-02-19,-0.4,-3.6,2.4,5750,0.9,0.47,2.2
1977-02-20,-3.4,-6.5,0.4,11020,0.6,0.31,2.1
1977-02-21,-4.2,-9.1,0.4,11760,0.0,0.27,2.5
1977-02-22,7.6,-0.3,16.2,14520,0.0,0.77,4.6
1977-02-23,12.3,10.4,16.0,4080,8.3,1.08,5.7
1977-02-24,6.9,4.1,10.6,4430,13.9,0.81,6.4
1977-02-25,6.0,2.6,8.9,13610,0.0,0.51,5.7
1977-02-26,0.7,-1.3,2.7,3620,14.0,0.5,2.7
1977-02-27,-2.5,-4.4,-0.8,9440,3.5,0.42,4.6
1977-02-28,-3.2,-7.9,1.9,16690,0.1,0.37,2.9
1977-03-01,-4.9,-9.1,-1.5,18390,0.0,0.29,2.6
1977-03-02,-3.2,-9.8,3.1,15630,0.0,0.31,2.6
1977-03-03,4.0,0.1,8.5,4040,16.7,0.7,4.6
1977-03-04,6.7,4.2,8.7,9140,5.9,0.81,4.4
1977-03-05,2.8,0.9,4.5,8000,0.0,0.45,4.5
1977-03-06,1.0,-4.3,7.1,17220,0.0,0.41,2.3
1977-03-07,1.1,-4.6,7.8,18670,0.0,0.41,1.8
1977-03-08,7.4,-1.2,17.1,18450,0.0,0.61,4.0
1977-03-09,12.0,7.6,16.5,14450,0.0,0.8,5.2
1977-03-10,12.2,6.5,17.4,17400,0.0,0.85,3.9
1977-03-11,14.3,8.0,20.5,15710,0.0,1.01,4.7
1977-03-12,15.8,10.9,19.4,7490,10.7,1.41,6.3
1977-03-13,8.6,6.9,10.2,5570,1.6,0.77,4.6
1977-03-14,10.4,5.0,17.8,18840,0.0,0.9,2.3
1977-03-15,14.2,9.4,22.0,18080,0.0,1.04,4.6
1977-03-16,7.7,2.5,12.0,20740,0.0,0.44,4.3
1977-03-17,5.0,-0.6,10.2,10950,7.4,0.51,3.4
1977-03-18,5.3,0.9,9.8,6360,15.4,0.73,4.9
1977-03-19,2.4,-3.8,7.7,16550,0.6,0.51,2.3
1977-03-20,3.9,0.6,8.0,13130,5.2,0.57,4.2
1977-03-21,5.7,0.5,12.7,15720,3.1,0.59,3.3
1977-03-22,-0.6,-4.2,3.5,22630,25.2,0.48,4.8
1977-03-23,0.1,-7.0,6.3,18860,0.3,0.46,3.3
1977-03-24,-1.7,-7.7,5.3,22150,0.0,0.35,2.2
1977-03-25,4.4,-3.4,13.8,22070,0.0,0.49,2.6
1977-03-26,8.8,1.1,17.3,21550,0.0,0.66,3.3
1977-03-27,12.0,9.1,15.7,5970,23.1,1.03,4.2
1977-03-28,15.0,12.0,17.3,7950,40.6,1.35,5.4
1977-03-29,17.8,12.8,21.8,22300,1.1,1.04,5.9
1977-03-30,16.7,10.6,20.2,20540,0.0,1.02,5.8
1977-03-31,7.6,5.4,9.9,9290,0.0,0.59,4.4
1977-04-01,8.3,2.0,14.8,21080,0.0,0.71,2.6
1977-04-02,15.0,9.4,21.6,8660,13.5,1.36,5.8
1977-04-03,8.2,4.2,13.0,22080,0.0,0.64,3.5
1977-04-04,9.4,5.4,15.7,6910,7.3,0.95,4.4
1977-04-05,3.4,0.7,7.0,15540,2.1,0.46,6.0
1977-04-06,2.0,-1.2,6.0,20880,0.2,0.33,4.0
1977-04-07,8.0,0.6,17.2,21720,1.3,0.52,4.2
1977-04-08,3.7,-1.1,7.7,25310,0.0,0.39,2.5
1977-04-09,5.7,-2.1,13.5,21640,0.0,0.5,2.4
1977-04-10,15.5,7.4,24.8,24620,0.0,1.0,3.5
1977-04-11,19.1,13.9,25.2,24450,0.0,1.15,4.2
1977-04-12,19.3,14.2,25.3,24620,0.0,1.17,3.5
1977-04-13,19.7,15.3,25.4,23460,0.0,1.25,3.7
1977-04-14,16.8,10.8,23.5,21500,0.9,1.46,1.5
1977-04-15,16.8,10.1,24.1,23810,0.0,1.15,2.1
1977-04-16,18.5,11.3,26.0,22330,0.1,1.24,1.6
1977-04-17,20.6,14.6,27.6,20800,0.0,1.36,1.7
1977-04-18,21.4,16.0,27.9,21220,0.1,1.38,1.9
1977-04-19,19.3,16.8,23.6,13960,4.9,1.5,3.1
1977-04-20,20.5,15.8,25.8,19990,3.2,1.59,3.4
1977-04-21,18.3,16.8,20.1,3840,5.1,1.59,3.7
1977-04-22,15.0,11.2,17.0,3260,14.2,1.64,2.2
1977-04-23,12.1,10.4,14.7,6670,8.0,1.21,3.6
1977-04-24,10.4,5.4,15.2,24740,0.1,0.77,3.2
1977-04-25,6.8,5.0,10.1,11190,2.9,0.7,4.2
1977-04-26,9.8,2.1,17.3,26520,0.0,0.62,2.4
1977-04-27,15.3,5.5,24.6,26740,0.0,0.95,4.4
1977-04-28,11.0,5.4,17.9,6550,7.6,0.94,3.7
1977-04-29,8.3,-0.2,15.6,28090,0.0,0.62,1.8
1977-04-30,11.4,3.1,18.2,24210,0.0,0.79,2.0
1977-05-01,16.5,10.5,23.6,20660,0.9,1.3,2.7
1977-05-02,16.7,15.3,18.8,4580,23.9,1.75,2.1
1977-05-03,17.3,13.8,22.8,14110,2.4,1.72,2.7
1977-05-04,18.8,15.8,23.2,13870,4.8,1.73,2.1
1977-05-05,22.0,17.3,27.3,22570,11.7,2.02,3.9
1977-05-06,18.7,16.1,21.9,8640,14.5,1.9,1.3
1977-05-07,16.3,9.2,21.0,27400,0.0,1.09,2.8
1977-05-08,11.6,4.0,19.9,28770,0.0,0.68,2.9
1977-05-09,8.1,2.9,13.5,29300,0.0,0.51,3.2
1977-05-10,9.4,1.1,16.7,28950,0.0,0.72,1.5
1977-05-11,13.0,6.8,19.8,23830,0.0,0.82,1.1
1977-05-12,15.2,6.8,22.5,28800,0.0,0.99,2.0
1977-05-13,18.6,12.0,25.5,28490,0.0,1.22,2.8
1977-05-14,20.1,12.9,26.7,27870,0.0,1.39,2.1
1977-05-15,20.5,12.3,27.1,25400,0.0,1.53,2.0
1977-05-16,22.3,15.4,28.4,27850,0.0,1.61,2.4
1977-05-17,23.4,17.8,29.5,25090,0.0,1.74,3.1
1977-05-18,23.5,18.1,29.1,25630,0.3,1.85,2.3
1977-05-19,23.9,17.2,29.9,27240,0.0,1.91,1.4
1977-05-20,24.1,16.4,29.7,27270,0.2,1.81,2.1
1977-05-21,23.9,16.3,30.1,26090,0.7,1.79,2.6
1977-05-22,24.1,20.3,28.2,24140,0.0,1.74,4.1
1977-05-23,22.7,17.6,28.2,25090,1.9,1.99,2.5
1977-05-24,23.3,17.1,28.8,25890,0.3,1.96,1.1
1977-05-25,24.1,17.4,29.5,26020,0.0,1.89,2.0
1977-05-26,22.7,18.0,28.0,29050,0.0,1.49,2.7
1977-05-27,21.9,14.4,28.3,29460,0.0,1.33,2.1
1977-05-28,23.7,16.0,30.0,25420,0.0,1.5,1.4
1977-05-29,24.3,17.3,30.6,22140,0.5,1.77,1.3
1977-05-30,24.1,18.6,29.0,24220,0.0,1.95,2.2
1977-05-31,24.4,20.2,29.3,24580,0.6,1.72,3.9
1977-06-01,20.8,17.3,24.6,21850,0.6,1.07,5.4
1977-06-02,15.9,12.2,19.9,23950,0.0,1.1,3.1
1977-06-03,16.7,8.0,24.3,30170,0.0,0.96,1.6
1977-06-04,22.4,14.2,30.0,28740,0.0,1.19,2.6
1977-06-05,24.9,20.6,31.5,19210,1.0,2.09,2.8
1977-06-06,19.9,12.9,22.8,27180,0.1,1.56,5.5
1977-06-07,14.8,9.0,20.0,30700,1.9,0.71,3.4
1977-06-08,15.1,10.8,22.3,16220,23.2,1.34,2.9
1977-06-09,14.7,9.2,19.9,29570,0.0,0.92,2.9
1977-06-10,16.3,10.0,21.5,20690,0.8,1.0,2.0
1977-06-11,20.5,14.3,27.6,20890,9.4,1.62,2.3
1977-06-12,19.7,18.2,21.9,10570,1.1,1.78,3.0
1977-06-13,19.3,16.0,23.1,18590,0.0,1.57,2.5
1977-06-14,19.6,13.9,24.3,22690,0.0,1.52,2.4
1977-06-15,20.8,13.9,26.7,28190,0.0,1.47,1.9
1977-06-16,23.7,16.7,29.7,25170,0.0,1.8,2.2
1977-06-17,25.6,20.9,30.1,23990,1.1,2.21,2.9
1977-06-18,25.4,21.7,29.0,25300,0.4,1.98,4.0
1977-06-19,22.6,16.6,27.4,23440,0.0,1.38,2.3
1977-06-20,22.7,17.4,27.8,27480,0.4,1.42,3.3
1977-06-21,19.9,12.8,25.5,28930,0.0,1.13,1.7
1977-06-22,18.6,17.1,20.9,11330,4.8,1.31,2.6
1977-06-23,19.3,13.9,23.6,15160,0.0,1.64,1.8
1977-06-24,22.9,18.5,28.3,17390,0.9,2.29,2.0
1977-06-25,23.5,20.6,28.6,19880,2.6,2.31,2.5
1977-06-26,22.7,15.7,28.4,30350,0.0,1.4,1.6
1977-06-27,22.1,18.2,25.9,14440,5.1,2.05,1.8
1977-06-28,24.1,19.4,30.4,21080,6.9,2.38,2.4
1977-06-29,22.0,16.1,26.3,29660,0.0,1.42,3.3
1977-06-30,21.7,17.3,29.7,12510,21.4,2.03,4.7
1977-07-01,21.2,15.4,25.8,30120,0.0,1.4,4.3
1977-07-02,20.7,13.2,26.3,28000,0.0,1.32,1.3
1977-07-03,23.2,16.9,29.1,28030,0.0,1.73,3.6
1977-07-04,27.5,22.2,33.0,26520,0.0,2.43,3.3
1977-07-05,28.7,23.0,33.9,28530,0.0,2.44,2.4
1977-07-06,29.1,23.8,34.5,28650,0.0,2.46,3.3
1977-07-07,28.5,24.5,34.4,26040,4.7,2.64,3.0
1977-07-08,25.9,21.5,30.2,21030,1.8,2.37,1.1
1977-07-09,25.0,21.1,29.4,26470,0.1,2.12,2.4
1977-07-10,24.2,19.3,29.4,24540,0.0,1.83,3.3
1977-07-11,24.5,21.1,28.5,15920,4.3,2.31,2.5
1977-07-12,25.2,22.1,30.4,14910,0.8,2.56,2.9
1977-07-13,27.2,21.6,32.2,26940,0.0,2.43,1.4
1977-07-14,28.4,23.0,33.3,22830,0.2,2.71,1.6
1977-07-15,29.6,24.0,34.8,26930,1.0,2.65,1.8
1977-07-16,28.3,23.5,33.4,22590,7.5,2.77,1.3
1977-07-17,26.7,23.7,33.0,24820,1.2,2.71,1.7
1977-07-18,27.9,23.4,32.8,25680,0.0,2.59,2.7
1977-07-19,28.8,24.4,33.6,25480,0.0,2.54,2.3
1977-07-20,27.5,23.1,32.6,23150,0.1,2.68,1.4
1977-07-21,26.3,23.4,31.4,19040,10.4,2.75,1.8
1977-07-22,23.3,19.0,27.4,29120,0.0,1.67,3.3
1977-07-23,22.1,14.8,28.3,28560,0.0,1.5,1.6
1977-07-24,23.8,18.4,29.6,16780,5.8,2.06,2.0
1977-07-25,23.7,18.2,27.3,23430,3.1,2.11,3.7
1977-07-26,19.1,14.4,23.6,27320,0.0,1.02,3.4
1977-07-27,19.7,12.5,26.1,28310,0.0,1.16,1.9
1977-07-28,22.1,14.6,28.7,28000,0.0,1.3,1.8
1977-07-29,23.7,18.3,29.0,20960,2.6,1.84,2.0
1977-07-30,24.4,17.7,30.2,22590,0.0,2.08,1.2
1977-07-31,25.3,21.1,29.9,21690,3.1,2.01,3.8
1977-08-01,21.5,16.3,25.6,26180,0.0,1.27,2.7
1977-08-02,20.3,14.0,27.3,20670,2.1,1.53,2.1
1977-08-03,23.3,18.1,28.7,22580,0.3,1.76,2.4
1977-08-04,24.9,19.2,31.0,21180,4.6,1.92,2.8
1977-08-05,25.2,21.2,29.9,18350,6.5,2.35,2.8
1977-08-06,24.4,21.6,28.6,13880,46.7,2.58,2.0
1977-08-07,24.7,21.7,28.1,13370,13.3,2.64,3.3
1977-08-08,23.9,21.9,26.6,9840,17.7,2.63,2.3
1977-08-09,23.7,20.3,27.4,12060,5.6,2.56,2.0
1977-08-10,24.5,22.0,27.6,13020,16.1,2.6,2.4
1977-08-11,22.1,18.3,26.7,14810,3.3,2.34,1.6
1977-08-12,18.9,13.5,23.8,26720,0.0,1.58,1.0
1977-08-13,21.7,16.4,25.7,16790,1.2,2.17,2.0
1977-08-14,22.3,19.0,26.0,17630,0.2,2.19,2.0
1977-08-15,21.7,17.2,27.4,21810,0.0,1.88,1.9
1977-08-16,24.2,21.5,27.6,13540,2.7,2.55,3.4
1977-08-17,20.4,17.6,23.9,19670,0.0,1.72,2.5
1977-08-18,17.7,13.8,20.7,18330,0.0,1.29,1.3
1977-08-19,17.1,11.4,21.8,19030,0.0,1.28,1.5
1977-08-20,18.6,14.6,23.0,17140,0.7,1.55,1.8
1977-08-21,19.9,16.4,24.0,13580,3.1,1.99,2.7
1977-08-22,19.4,14.3,24.0,23840,0.0,1.69,1.5
1977-08-23,20.2,15.9,25.0,16380,3.9,1.84,1.1
1977-08-24,18.6,14.7,22.0,23980,4.5,1.56,2.9
1977-08-25,18.2,12.0,23.9,24170,0.0,1.4,2.4
1977-08-26,22.2,15.5,28.8,20120,0.0,1.91,2.9
1977-08-27,26.4,23.3,30.5,20520,0.0,2.64,4.7
1977-08-28,26.0,22.5,30.2,20510,9.8,2.54,4.8
1977-08-29,22.0,19.0,24.6,16960,13.6,2.0,1.9
1977-08-30,20.9,15.3,26.4,20760,0.0,1.84,1.1
1977-08-31,24.3,18.9,30.1,20600,0.9,2.38,2.8
1977-09-01,25.9,22.6,30.5,19220,1.6,2.61,2.1
1977-09-02,23.9,20.8,28.9,16390,11.5,2.57,1.7
1977-09-03,21.0,17.3,24.7,20250,0.0,1.89,2.5
1977-09-04,22.2,17.4,27.0,18770,1.9,2.08,1.6
1977-09-05,22.4,19.7,25.6,14430,0.9,2.32,1.9
1977-09-06,20.7,15.7,26.0,19160,0.0,1.85,2.0
1977-09-07,21.4,16.4,26.8,20360,0.0,1.89,2.1
1977-09-08,20.7,14.6,26.3,20610,0.0,1.86,1.7
1977-09-09,22.0,18.1,27.2,17740,0.9,1.78,3.7
1977-09-10,17.3,13.1,21.7,21880,0.0,1.1,3.0
1977-09-11,16.8,9.9,22.9,21680,0.0,1.19,1.2
1977-09-12,16.1,15.2,18.2,3420,23.6,1.42,3.2
1977-09-13,18.7,16.2,20.5,2870,55.9,2.01,2.7
1977-09-14,16.8,13.1,20.4,18370,0.0,1.35,2.8
1977-09-15,18.1,14.1,25.1,6310,29.2,1.67,3.7
1977-09-16,21.2,19.0,23.9,14020,0.9,2.06,3.1
1977-09-17,21.7,18.4,25.6,12780,6.0,2.07,2.9
1977-09-18,22.7,19.9,26.6,11450,1.6,2.29,3.0
1977-09-19,20.2,17.6,22.6,11280,13.1,1.88,3.3
1977-09-20,16.0,14.8,17.3,8060,0.0,1.27,2.9
1977-09-21,14.7,9.9,18.7,14590,0.0,1.25,1.4
1977-09-22,17.6,12.6,23.9,16320,0.5,1.53,2.1
1977-09-23,20.0,14.6,25.3,12030,0.1,1.92,1.5
1977-09-24,20.8,17.0,22.4,5140,6.6,2.07,4.0
1977-09-25,19.0,14.9,24.9,17790,8.6,1.66,2.9
1977-09-26,19.0,14.3,23.2,18930,2.4,1.49,4.1
1977-09-27,16.5,13.3,19.3,17270,0.0,1.22,2.9
1977-09-28,15.9,12.3,19.6,16810,0.0,1.13,2.4
1977-09-29,15.0,8.8,21.5,17560,0.0,1.19,1.6
1977-09-30,18.1,12.1,23.2,16880,0.0,1.51,2.2
1977-10-01,16.8,13.6,18.7,5060,24.1,1.64,3.2
1977-10-02,12.3,10.0,14.8,13050,1.4,0.94,3.8
1977-10-03,11.1,7.9,15.3,12660,0.0,0.86,2.9
1977-10-04,10.8,3.7,17.3,17900,0.0,0.87,1.6
1977-10-05,13.8,10.8,18.5,6290,1.3,1.17,2.8
1977-10-06,10.7,6.6,14.3,17620,0.0,0.77,2.7
1977-10-07,8.7,5.0,12.5,5670,21.3,0.9,3.2
1977-10-08,14.0,9.5,17.8,12050,8.8,1.24,5.4
1977-10-09,9.0,6.5,11.3,6810,0.0,0.73,4.2
1977-10-10,10.0,4.2,16.0,14160,0.0,0.82,3.2
1977-10-11,9.1,5.5,12.4,9410,3.3,0.7,4.7
1977-10-12,6.9,3.6,10.2,14110,0.0,0.55,3.4
1977-10-13,6.6,1.4,12.4,16350,0.0,0.65,1.0
1977-10-14,8.5,2.3,15.6,16080,0.0,0.75,2.2
1977-10-15,9.4,7.1,12.1,5450,3.3,0.93,3.1
1977-10-16,6.3,3.6,9.5,13140,1.0,0.68,3.8
1977-10-17,7.5,1.0,14.5,15430,0.1,0.66,3.4
1977-10-18,9.8,7.4,12.8,10360,0.7,0.79,4.3
1977-10-19,9.0,5.8,12.9,7410,0.1,0.87,2.9
1977-10-20,9.0,3.5,15.1,13880,0.0,0.84,1.5
1977-10-21,12.4,6.7,19.4,14490,0.0,1.01,3.4
1977-10-22,13.6,10.6,18.0,10090,1.0,1.2,3.2
1977-10-23,12.4,9.1,16.9,6920,3.8,1.06,3.4
1977-10-24,15.0,10.6,20.6,11850,0.3,1.27,3.3
1977-10-25,15.1,13.6,17.7,4230,14.1,1.45,2.7
1977-10-26,13.6,9.1,17.4,7210,0.0,1.31,1.8
1977-10-27,11.8,4.7,18.1,13230,0.0,1.11,1.4
1977-10-28,12.0,8.8,16.5,9020,0.0,1.13,2.4
1977-10-29,9.9,5.7,15.3,12870,0.0,0.92,2.8
1977-10-30,9.6,4.2,16.0,13110,0.0,0.93,2.8
1977-10-31,13.9,9.6,18.5,4280,5.7,1.41,4.1
1977-11-01,15.1,12.9,16.9,5750,15.0,1.39,3.7
1977-11-02,16.3,13.1,21.0,10670,0.1,1.28,3.0
1977-11-03,17.2,14.7,21.4,5130,2.1,1.61,1.8
1977-11-04,15.9,14.2,17.6,3700,0.0,1.48,3.9
1977-11-05,14.9,12.8,17.8,4330,0.0,1.25,3.7
1977-11-06,16.9,14.0,21.3,4620,4.0,1.69,3.1
1977-11-07,15.7,15.0,17.3,2240,7.1,1.7,2.3
1977-11-08,16.3,14.7,18.7,5500,0.6,1.61,1.2
1977-11-09,15.6,8.0,18.6,3850,4.7,1.54,4.8
1977-11-10,3.8,1.7,7.1,7060,0.6,0.41,6.3
1977-11-11,2.4,0.4,4.7,10550,0.0,0.35,5.0
1977-11-12,-0.1,-2.5,3.7,9430,0.0,0.36,3.2
1977-11-13,0.4,-3.6,5.1,10830,0.0,0.41,1.6
1977-11-14,5.3,1.2,11.7,9110,1.2,0.63,2.8
1977-11-15,10.5,6.5,13.6,5010,1.9,0.99,5.0
1977-11-16,10.4,6.2,12.6,9080,4.6,0.99,2.9
1977-11-17,5.4,2.6,8.2,9870,0.8,0.61,4.5
1977-11-18,4.4,1.4,7.2,9660,0.0,0.45,4.4
1977-11-19,3.8,0.6,7.2,3860,1.8,0.57,2.8
1977-11-20,12.1,7.7,15.1,3320,1.8,0.97,5.6
1977-11-21,2.9,-1.8,11.9,10490,1.2,0.38,3.6
1977-11-22,0.3,-3.3,4.1,4950,0.0,0.38,2.4
1977-11-23,4.1,1.3,6.6,1520,0.3,0.66,2.6
1977-11-24,1.5,-0.3,3.6,7100,0.0,0.53,2.1
1977-11-25,-1.6,-8.3,1.8,3550,5.0,0.46,4.1
1977-11-26,-10.5,-14.4,-7.4,10880,0.5,0.17,3.9
1977-11-27,-4.7,-8.6,-1.6,3460,9.8,0.35,3.8
1977-11-28,-7.2,-9.6,-3.0,9480,0.0,0.29,2.7
1977-11-29,-5.2,-9.3,-0.2,8190,0.0,0.33,2.0
1977-11-30,0.1,-3.0,1.4,1340,17.5,0.58,2.0
1977-12-01,2.0,0.2,4.8,5410,5.4,0.62,4.7
1977-12-02,1.2,-1.8,5.5,8860,0.2,0.47,3.8
1977-12-03,-2.5,-6.9,-0.4,8220,7.3,0.43,2.2
1977-12-04,-4.9,-9.6,0.2,8020,0.0,0.34,2.4
1977-12-05,-1.7,-3.1,-0.6,4070,15.2,0.46,4.8
1977-12-06,-10.5,-17.5,-1.7,7860,4.7,0.27,6.2
1977-12-07,-17.5,-20.5,-14.7,10110,0.0,0.12,3.2
1977-12-08,-6.5,-16.2,0.2,2560,16.8,0.35,4.2
1977-12-09,-15.6,-19.7,-5.6,9410,0.4,0.15,8.4
1977-12-10,-20.6,-22.7,-18.0,9650,0.0,0.09,3.7
1977-12-11,-18.8,-24.5,-10.5,9690,0.0,0.11,2.6
1977-12-12,-0.4,-9.2,2.9,4650,0.0,0.45,6.5
1977-12-13,3.8,2.5,4.8,1980,3.6,0.72,4.5
1977-12-14,2.4,0.9,4.3,3470,8.0,0.68,2.4
1977-12-15,1.1,-2.0,4.7,8220,0.0,0.56,2.9
1977-12-16,5.4,0.5,12.3,8760,0.0,0.73,4.0
1977-12-17,10.6,8.2,13.9,2600,1.9,1.12,5.1
1977-12-18,5.2,2.5,7.8,3050,0.9,0.75,2.7
1977-12-19,4.5,2.1,8.0,7520,1.3,0.64,2.1
1977-12-20,-0.3,-5.8,5.7,2000,12.0,0.53,6.1
1977-12-21,-5.0,-6.6,-3.0,3680,4.6,0.34,5.4
1977-12-22,-4.2,-6.9,-1.4,8970,0.0,0.34,4.9
1977-12-23,0.4,-4.1,3.7,8980,0.0,0.45,5.0
1977-12-24,0.2,-7.5,7.5,3100,1.0,0.62,4.0
1977-12-25,-9.3,-14.8,-3.6,6680,0.2,0.15,5.9
1977-12-26,-11.0,-15.2,-6.4,8110,0.0,0.14,3.4
1977-12-27,-12.1,-14.8,-9.1,9550,0.0,0.12,3.3
1977-12-28,-7.5,-13.3,-0.8,5760,0.4,0.21,3.3
1977-12-29,-2.3,-7.3,4.7,9230,0.0,0.37,3.0
1977-12-30,-0.9,-4.3,4.1,7510,0.0,0.44,2.0
1977-12-31,-0.6,-4.4,4.2,5500,0.0,0.48,1.9
1978-01-01,-1.4,-8.4,0.9,3470,6.6,0.5,4.5
1978-01-02,-11.1,-16.7,-5.6,7570,0.0,0.18,4.6
1978-01-03,-8.4,-11.6,-4.4,9770,0.0,0.2,2.6
1978-01-04,-1.7,-7.0,4.7,8490,0.0,0.35,3.8
1978-01-05,-0.5,-1.4,1.1,2780,5.0,0.48,1.8
1978-01-06,0.7,-1.3,4.0,2950,0.0,0.63,1.4
1978-01-07,3.6,1.5,6.5,2290,3.6,0.77,2.2
1978-01-08,-3.0,-13.5,3.8,3100,0.8,0.45,5.1
1978-01-09,-16.6,-18.4,-13.9,9750,0.0,0.09,6.3
1978-01-10,-18.7,-21.8,-15.1,10820,0.0,0.09,4.3
1978-01-11,-16.2,-20.4,-10.4,10780,0.0,0.11,2.3
1978-01-12,-9.7,-15.6,-6.7,3720,2.7,0.21,1.3
1978-01-13,-6.6,-8.2,-5.3,4850,2.3,0.32,2.3
1978-01-14,-6.3,-8.4,-5.1,7460,1.5,0.32,3.9
1978-01-15,-12.9,-17.3,-9.0,11290,0.0,0.18,3.2
1978-01-16,-10.5,-15.7,-7.1,4970,4.3,0.24,2.0
1978-01-17,-8.4,-11.0,-6.9,7450,5.3,0.27,4.8
1978-01-18,-13.7,-17.0,-9.9,11150,0.0,0.18,1.9
1978-01-19,-8.2,-17.1,-4.9,6220,2.1,0.29,2.9
1978-01-20,-6.4,-7.4,-5.2,7520,5.1,0.32,4.0
1978-01-21,-12.1,-16.2,-6.8,11920,0.2,0.21,2.8
1978-01-22,-16.0,-22.2,-8.6,11930,0.0,0.15,1.9
1978-01-23,-9.9,-15.0,-3.4,11650,0.0,0.24,2.6
1978-01-24,-2.4,-6.6,0.8,3670,3.0,0.48,2.4
1978-01-25,-1.6,-2.8,-0.7,3610,11.5,0.52,2.9
1978-01-26,-10.8,-15.2,-4.7,6140,15.3,0.23,10.7
1978-01-27,-14.2,-16.3,-11.9,11030,1.2,0.16,8.4
1978-01-28,-14.9,-16.7,-12.7,11780,0.0,0.15,5.8
1978-01-29,-16.7,-18.4,-14.5,12850,0.0,0.13,5.2
1978-01-30,-18.2,-23.5,-12.4,12370,0.4,0.12,3.0
1978-01-31,-12.5,-14.3,-11.2,10750,0.3,0.19,4.5
1978-02-01,-13.7,-17.9,-9.1,8480,0.5,0.18,1.6
1978-02-02,-13.1,-16.5,-9.9,12690,0.1,0.19,2.4
1978-02-03,-13.1,-17.1,-8.5,8360,1.5,0.18,2.1
1978-02-04,-13.2,-17.8,-8.0,12000,1.1,0.19,2.3
1978-02-05,-8.6,-13.0,-5.5,11520,1.2,0.27,6.0
1978-02-06,-15.7,-18.0,-12.2,12630,0.0,0.14,5.1
1978-02-07,-16.9,-21.1,-12.0,14110,0.0,0.13,3.2
1978-02-08,-14.6,-18.4,-9.5,14120,0.0,0.17,2.1
1978-02-09,-14.5,-19.8,-7.9,14250,0.0,0.18,2.4
1978-02-10,-15.2,-20.3,-8.8,13860,0.0,0.17,2.0
1978-02-11,-14.1,-20.4,-6.2,14430,0.0,0.18,2.4
1978-02-12,-9.9,-14.4,-4.0,14400,0.0,0.25,1.8
1978-02-13,-5.4,-8.2,-3.6,4500,17.7,0.36,5.7
1978-02-14,-9.5,-12.9,-3.9,15030,0.4,0.25,2.8
1978-02-15,-9.6,-14.9,-5.0,13670,0.1,0.26,2.9
1978-02-16,-10.2,-14.4,-6.5,14280,0.3,0.24,2.2
1978-02-17,-11.7,-13.9,-9.9,14090,0.0,0.2,2.5
1978-02-18,-15.4,-19.1,-10.7,16520,0.0,0.15,2.0
1978-02-19,-14.2,-19.7,-7.8,14700,0.0,0.17,1.2
1978-02-20,-11.3,-16.3,-5.0,13850,0.5,0.22,2.1
1978-02-21,-9.9,-14.0,-6.0,13070,0.1,0.24,2.7
1978-02-22,-11.8,-18.3,-5.6,17280,0.0,0.2,2.2
1978-02-23,-5.5,-8.9,-2.5,9670,0.5,0.34,3.1
1978-02-24,-2.4,-7.5,2.5,16300,0.0,0.44,4.3
1978-02-25,-1.2,-4.6,1.1,11610,0.0,0.47,4.9
1978-02-26,-6.3,-8.3,-4.0,14030,0.1,0.3,3.5
1978-02-27,-6.2,-10.5,-1.3,16260,0.0,0.27,1.6
1978-02-28,-3.0,-7.5,0.8,14330,0.4,0.39,1.6
1978-03-01,-6.1,-11.8,-3.4,17280,0.5,0.29,3.2
1978-03-02,-8.0,-14.2,-4.1,6110,4.5,0.26,2.9
1978-03-03,-5.9,-8.6,-3.4,12100,2.3,0.32,3.6
1978-03-04,-11.1,-14.8,-7.9,17580,0.0,0.2,3.2
1978-03-05,-11.8,-18.9,-4.7,18310,0.0,0.18,2.5
1978-03-06,-3.4,-7.2,1.6,17000,0.0,0.35,1.7
1978-03-07,-3.8,-4.8,-2.2,8830,3.5,0.36,4.4
1978-03-08,-4.3,-6.8,-1.2,10520,3.3,0.34,4.4
1978-03-09,-5.3,-11.6,2.0,19740,0.0,0.34,1.9
1978-03-10,-2.5,-9.4,6.1,19140,0.0,0.4,1.5
1978-03-11,0.7,-4.1,6.3,10520,4.7,0.57,1.8
1978-03-12,1.0,-2.5,6.2,13950,1.2,0.58,2.1
1978-03-13,1.6,-3.3,7.6,12200,10.5,0.6,3.2
1978-03-14,4.1,2.6,6.3,3790,11.9,0.74,3.9
1978-03-15,2.1,-0.1,4.5,10560,0.0,0.56,2.6
1978-03-16,0.3,-2.7,3.6,15680,0.4,0.42,3.3
1978-03-17,-3.2,-7.4,0.4,17720,0.6,0.3,3.5
1978-03-18,-2.6,-10.9,4.5,16430,0.8,0.33,4.1
1978-03-19,3.0,-3.6,6.0,16800,0.0,0.56,3.3
1978-03-20,3.8,-5.8,13.5,11100,10.2,0.69,3.1
1978-03-21,7.4,2.4,13.1,9520,12.0,0.8,4.3
1978-03-22,7.5,-0.3,16.7,18220,1.0,0.74,3.7
1978-03-23,6.3,3.0,9.4,6940,0.3,0.69,2.7
1978-03-24,-0.1,-3.0,2.9,3790,7.4,0.37,5.7
1978-03-25,-0.1,-2.8,2.8,2650,13.5,0.55,4.6
1978-03-26,2.5,0.6,5.8,5570,2.3,0.67,1.8
1978-03-27,3.2,0.1,8.7,13220,0.0,0.61,2.4
1978-03-28,8.2,1.5,16.4,20290,0.0,0.76,3.5
1978-03-29,5.1,0.9,8.7,22070,0.0,0.52,3.2
1978-03-30,4.5,-4.0,13.7,21200,0.0,0.54,1.9
1978-03-31,14.2,5.4,23.4,22770,0.0,0.95,4.0
1978-04-01,15.3,6.4,18.2,22640,0.0,0.86,5.3
1978-04-02,4.4,2.0,7.2,10760,4.5,0.54,4.9
1978-04-03,15.0,6.2,23.7,18590,0.9,1.33,3.0
1978-04-04,14.7,9.2,16.9,7650,3.5,1.36,4.2
1978-04-05,9.5,1.5,15.4,17580,1.3,0.86,2.1
1978-04-06,13.7,10.1,18.3,7350,16.7,1.28,4.9
1978-04-07,12.8,4.3,21.4,23850,0.0,0.97,2.2
1978-04-08,10.9,6.5,15.8,12970,0.5,0.88,3.3
1978-04-09,13.5,6.2,22.4,21640,0.0,0.94,3.7
1978-04-10,18.1,12.0,24.2,13710,17.1,1.73,4.0
1978-04-11,10.3,7.0,13.1,21430,2.8,0.77,4.8
1978-04-12,13.4,7.3,19.7,23870,0.0,0.77,5.1
1978-04-13,9.4,5.4,13.2,24560,0.0,0.54,4.8
1978-04-14,8.3,3.4,13.6,17290,0.0,0.6,2.5
1978-04-15,7.4,2.2,12.9,25740,0.0,0.59,2.7
1978-04-16,6.0,0.5,11.5,21450,0.0,0.49,2.6
1978-04-17,7.8,0.2,15.3,24070,1.1,0.58,3.9
1978-04-18,11.5,7.3,19.4,13210,13.8,0.94,4.5
1978-04-19,8.9,5.8,13.2,11400,7.4,0.96,2.9
1978-04-20,6.2,3.0,9.4,8650,2.9,0.73,3.8
1978-04-21,4.0,0.6,9.1,22360,1.6,0.53,3.4
1978-04-22,5.3,-4.0,13.4,24820,0.4,0.54,1.9
1978-04-23,9.7,6.6,16.2,8310,3.2,0.89,3.0
1978-04-24,11.0,5.6,19.1,17940,4.8,0.99,2.1
1978-04-25,9.9,6.0,14.8,18010,6.2,0.82,3.7
1978-04-26,10.2,4.5,17.2,27590,0.0,0.66,4.6
1978-04-27,10.0,2.6,17.5,28080,0.0,0.61,2.7
1978-04-28,10.5,0.9,18.8,27580,0.0,0.67,1.9
1978-04-29,12.4,4.1,18.6,19350,0.0,0.87,1.4
1978-04-30,9.1,3.4,15.0,26260,0.0,0.64,3.5
1978-05-01,4.1,-0.3,10.3,28830,0.0,0.38,4.7
1978-05-02,6.0,0.3,13.1,28520,0.0,0.48,3.2
1978-05-03,8.3,-1.5,16.1,25390,0.0,0.52,2.7
1978-05-04,7.6,4.8,10.6,3070,22.1,0.77,4.9
1978-05-05,7.9,6.3,9.7,3800,3.8,0.96,3.2
1978-05-06,9.4,4.2,14.3,20280,2.0,0.85,1.6
1978-05-07,10.3,9.1,12.7,4470,9.5,0.96,4.6
1978-05-08,16.5,11.1,22.4,19130,4.2,1.41,3.9
1978-05-09,12.9,9.8,15.6,20400,0.4,0.9,5.1
1978-05-10,13.8,6.7,20.2,28150,0.0,0.94,2.7
1978-05-11,15.8,12.9,19.3,12860,4.2,1.26,4.1
1978-05-12,18.5,16.0,23.2,10070,5.1,1.75,5.2
1978-05-13,12.1,7.3,17.5,5190,21.8,1.29,4.5
1978-05-14,7.2,6.0,8.4,2710,11.0,0.93,5.0
1978-05-15,9.9,6.8,13.5,5190,1.5,1.08,3.8
1978-05-16,13.6,10.6,17.1,14830,0.8,1.2,3.0
1978-05-17,14.8,8.7,20.2,19500,0.7,1.25,1.9
1978-05-18,16.6,7.6,24.1,27770,0.0,1.34,1.7
1978-05-19,19.7,11.7,26.0,27750,0.0,1.54,1.3
1978-05-20,19.9,15.3,24.8,18980,5.8,1.72,3.3
1978-05-21,12.9,7.2,17.5,25860,0.0,0.96,3.2
1978-05-22,13.4,9.1,17.6,21020,0.6,1.13,1.8
1978-05-23,16.8,13.6,20.1,9080,5.6,1.68,2.2
1978-05-24,18.9,14.6,23.1,22500,0.0,1.73,1.3
1978-05-25,20.6,14.4,26.6,27190,0.0,1.77,1.5
1978-05-26,21.9,15.3,27.8,28920,0.0,1.82,1.9
1978-05-27,22.7,15.7,29.0,29200,0.0,1.78,1.8
1978-05-28,22.9,14.4,29.7,29360,0.0,1.73,1.6
1978-05-29,23.5,18.7,28.3,24620,0.7,2.05,2.3
1978-05-30,22.2,19.6,24.3,22220,2.0,1.88,3.1
1978-05-31,22.0,15.1,28.3,27590,0.0,1.72,1.8
1978-06-01,23.5,18.7,28.6,26130,1.2,1.94,2.6
1978-06-02,19.0,15.7,22.0,22120,4.6,1.57,1.7
1978-06-03,17.2,11.3,21.7,24510,0.0,1.08,2.1
1978-06-04,18.8,12.2,24.6,24660,0.0,1.33,2.3
1978-06-05,19.3,14.6,23.8,30000,0.0,1.24,2.3
1978-06-06,19.9,14.1,25.7,24410,0.9,1.51,2.5
1978-06-07,20.7,18.1,24.8,13690,19.3,2.11,2.1
1978-06-08,16.1,12.3,20.1,9050,0.5,1.47,3.1
1978-06-09,15.8,6.9,23.1,30460,0.0,1.01,1.6
1978-06-10,19.2,12.4,25.2,30390,0.0,1.28,2.6
1978-06-11,21.9,15.7,27.7,30120,0.0,1.54,4.2
1978-06-12,22.2,15.2,25.6,20420,9.8,1.73,4.6
1978-06-13,13.7,9.3,18.0,30730,0.0,0.85,3.8
1978-06-14,15.0,7.7,21.4,29480,0.0,0.91,1.7
1978-06-15,19.1,14.9,24.0,23350,0.0,1.25,3.0
1978-06-16,22.9,16.9,29.0,25190,1.1,1.64,3.9
1978-06-17,26.1,21.7,30.8,26470,0.1,2.03,4.9
1978-06-18,23.2,18.9,26.6,9960,8.9,2.14,3.1
1978-06-19,20.8,14.4,26.3,28360,0.0,1.67,1.3
1978-06-20,22.1,16.5,27.1,22260,0.6,1.88,2.2
1978-06-21,20.5,17.1,23.3,27520,0.7,1.58,2.8
1978-06-22,18.5,12.3,24.1,29930,0.0,1.2,1.2
1978-06-23,20.5,13.7,26.3,24800,0.3,1.44,1.5
1978-06-24,22.5,16.2,28.0,25780,0.0,1.7,1.9
1978-06-25,24.7,20.9,28.1,13960,5.6,2.45,3.2
1978-06-26,27.5,22.9,31.9,21860,4.3,2.72,4.4
1978-06-27,26.9,22.3,31.9,20300,15.8,2.68,2.6
1978-06-28,24.9,18.2,29.6,26760,0.0,2.12,1.2
1978-06-29,25.8,21.0,31.0,27170,0.0,2.32,1.5
1978-06-30,24.9,18.7,29.6,25240,0.0,2.01,1.3
1978-07-01,25.0,20.6,29.8,19530,8.0,2.48,2.4
1978-07-02,24.0,21.5,28.2,15830,13.7,2.62,2.0
1978-07-03,20.6,18.0,23.9,11560,0.3,1.99,2.7
1978-07-04,20.7,14.3,26.2,28640,0.0,1.72,1.7
1978-07-05,21.3,15.4,26.7,29370,0.0,1.85,1.9
1978-07-06,23.5,17.0,29.6,28960,0.0,2.04,2.2
1978-07-07,25.7,19.4,31.6,26270,1.5,2.29,2.5
1978-07-08,23.7,20.5,26.8,28310,0.0,2.15,2.2
1978-07-09,22.3,17.6,28.1,15830,1.1,2.09,1.8
1978-07-10,20.4,16.1,23.3,26140,0.0,1.59,3.6
1978-07-11,17.0,11.1,22.3,30120,0.0,1.09,2.4
1978-07-12,19.7,13.1,26.0,24480,1.7,1.38,2.7
1978-07-13,23.8,19.3,28.7,16830,17.6,2.44,3.4
1978-07-14,23.3,17.9,27.6,27010,0.0,2.13,1.0
1978-07-15,24.0,18.2,29.0,26770,0.3,2.14,1.3
1978-07-16,21.4,15.7,26.4,27530,0.0,1.68,2.1
1978-07-17,21.7,14.0,27.7,28110,0.0,1.65,1.0
1978-07-18,24.8,19.8,30.2,24850,0.0,1.84,2.5
1978-07-19,26.1,21.1,31.2,23320,0.1,2.08,2.2
1978-07-20,27.2,21.9,32.1,22620,3.1,2.54,1.9
1978-07-21,27.8,23.6,31.8,24010,0.2,2.56,2.3
1978-07-22,27.9,24.1,31.5,23770,4.0,2.37,3.5
1978-07-23,22.3,19.5,24.1,8020,8.2,2.26,2.7
1978-07-24,19.9,16.4,23.4,8330,12.6,1.91,1.1
1978-07-25,22.9,19.1,27.3,26870,0.1,2.16,1.6
1978-07-26,25.5,21.4,30.9,25780,0.0,2.31,3.2
1978-07-27,23.7,19.6,27.9,23770,1.5,2.09,2.6
1978-07-28,20.6,15.6,25.4,26850,0.0,1.59,1.9
1978-07-29,23.1,18.5,29.7,14020,1.3,2.07,3.7
1978-07-30,19.5,16.3,22.9,9020,1.3,1.83,2.5
1978-07-31,20.4,16.4,24.9,22140,0.2,1.63,2.1
1978-08-01,22.4,17.7,26.5,22640,0.0,1.91,1.5
1978-08-02,22.3,20.7,26.5,8600,21.5,2.29,2.7
1978-08-03,21.9,18.4,25.7,24930,0.5,2.05,2.5
1978-08-04,18.5,13.8,22.1,23460,0.0,1.33,1.7
1978-08-05,18.1,12.6,22.6,19860,0.0,1.41,1.9
1978-08-06,20.2,15.3,25.1,22920,0.1,1.6,1.9
1978-08-07,19.8,16.8,23.6,18510,2.4,1.69,1.6
1978-08-08,21.6,15.5,27.3,26090,0.0,1.81,2.6
1978-08-09,22.8,19.7,27.5,19400,8.8,2.09,2.6
1978-08-10,21.1,16.7,26.1,23130,0.0,1.87,1.8
1978-08-11,21.2,18.5,25.2,17310,6.1,2.05,1.6
1978-08-12,21.2,18.8,25.2,10700,15.0,2.26,1.6
1978-08-13,22.7,18.0,27.8,22500,0.1,2.26,1.6
1978-08-14,23.7,18.6,28.4,22540,0.0,2.22,1.9
1978-08-15,25.3,20.2,30.2,22430,1.0,2.56,3.4
1978-08-16,23.9,20.9,26.5,23690,4.7,2.15,4.4
1978-08-17,22.4,16.6,27.0,17250,1.1,1.93,2.2
1978-08-18,26.3,21.6,30.5,20670,0.0,2.63,3.8
1978-08-19,24.9,19.3,27.2,17950,0.0,2.17,3.9
1978-08-20,19.2,13.7,24.0,25460,0.0,1.48,1.7
1978-08-21,18.7,11.9,24.4,25280,0.0,1.47,1.8
1978-08-22,20.8,13.9,27.2,24180,0.0,1.72,1.1
1978-08-23,22.9,16.9,29.0,24600,0.0,1.92,2.1
1978-08-24,25.7,20.1,31.4,21480,6.6,2.28,2.3
1978-08-25,24.4,20.9,27.9,11480,0.3,2.49,1.6
1978-08-26,23.8,19.2,28.1,14950,0.7,2.35,0.9
1978-08-27,24.6,21.1,28.8,13420,23.6,2.63,2.6
1978-08-28,24.3,21.2,28.0,17130,12.1,2.45,3.5
1978-08-29,21.1,18.7,24.3,17550,0.0,1.8,2.1
1978-08-30,18.3,15.3,21.4,6970,2.0,1.58,1.8
1978-08-31,18.6,12.0,25.0,23260,0.0,1.47,1.8
1978-09-01,19.8,12.8,26.0,22880,0.0,1.62,1.3
1978-09-02,20.7,14.8,26.2,22920,0.0,1.72,1.6
1978-09-03,21.5,16.3,27.9,20270,0.5,1.83,3.1
1978-09-04,19.3,13.7,25.6,21930,0.0,1.62,2.0
1978-09-05,20.8,12.9,27.7,22480,0.0,1.63,1.0
1978-09-06,22.2,15.6,28.8,22180,0.0,1.79,1.4
1978-09-07,23.5,17.9,29.8,21720,0.0,2.01,2.0
1978-09-08,24.6,18.2,30.9,21370,0.0,2.05,1.8
1978-09-09,25.0,18.4,31.3,20930,0.0,2.06,1.4
1978-09-10,25.1,19.6,31.0,20010,0.0,2.05,1.7
1978-09-11,25.2,20.4,30.2,19020,0.2,2.14,2.6
1978-09-12,24.5,21.4,27.5,11330,1.5,2.28,2.5
1978-09-13,23.5,20.4,29.1,10420,11.0,2.37,2.8
1978-09-14,22.4,18.9,26.0,7760,2.0,2.21,3.5
1978-09-15,20.7,14.4,27.0,20040,0.0,1.39,2.3
1978-09-16,22.5,18.9,26.5,7520,11.1,2.1,2.3
1978-09-17,24.6,21.1,30.3,11440,7.7,2.49,2.9
1978-09-18,26.3,23.5,29.7,14800,0.3,2.48,4.0
1978-09-19,26.7,22.6,30.8,15470,0.0,2.51,2.7
1978-09-20,26.4,21.9,30.9,17970,0.0,2.37,2.8
1978-09-21,19.2,16.0,24.9,4150,9.7,1.92,3.1
1978-09-22,16.1,13.1,18.8,14220,0.0,1.08,2.8
1978-09-23,14.6,8.5,20.6,19820,0.0,1.06,1.9
1978-09-24,16.6,10.5,23.1,19380,0.0,1.21,1.5
1978-09-25,15.9,12.5,19.9,19240,0.0,1.11,3.0
1978-09-26,14.9,7.7,22.2,19300,0.0,0.98,1.7
1978-09-27,16.6,11.7,25.5,16660,0.3,1.17,3.6
1978-09-28,12.8,7.7,18.1,19250,0.0,0.83,2.4
1978-09-29,14.9,8.7,22.2,18640,0.0,0.92,2.6
1978-09-30,17.0,14.8,20.8,11260,3.2,1.29,3.1
1978-10-01,14.9,10.3,19.4,10320,0.1,1.2,1.8
1978-10-02,16.3,11.4,22.0,16290,0.0,1.22,2.1
1978-10-03,16.5,13.7,20.6,10070,5.5,1.28,3.1
1978-10-04,13.5,9.2,18.4,11470,0.0,0.9,3.1
1978-10-05,14.2,11.0,17.5,10900,4.7,0.94,4.9
1978-10-06,11.6,9.9,14.1,8620,0.9,0.83,4.7
1978-10-07,9.8,6.4,12.8,11850,0.3,0.67,3.3
1978-10-08,7.8,3.1,12.9,17190,0.0,0.59,1.8
1978-10-09,12.1,5.1,19.8,16380,0.0,0.78,3.6
1978-10-10,15.0,10.8,20.5,12780,1.2,0.94,2.8
1978-10-11,14.9,12.1,18.6,9390,2.2,1.27,2.7
1978-10-12,14.0,10.2,19.9,8920,13.1,1.3,2.4
1978-10-13,11.4,7.8,16.0,14580,0.5,0.86,2.0
1978-10-14,8.2,5.2,11.5,10180,11.5,0.72,3.8
1978-10-15,6.7,1.7,11.4,9000,1.7,0.65,3.5
1978-10-16,7.6,5.4,10.1,6130,0.1,0.73,4.2
1978-10-17,6.4,-0.1,12.8,15640,0.0,0.62,2.0
1978-10-18,10.4,5.9,16.5,9850,1.7,0.9,2.8
1978-10-19,9.9,5.6,15.0,13780,0.0,0.8,2.8
1978-10-20,11.9,4.6,19.9,14690,0.0,0.91,2.0
1978-10-21,15.6,10.3,22.6,14670,0.0,1.05,3.8
1978-10-22,18.1,14.6,23.6,9690,0.1,1.28,3.9
1978-10-23,10.6,5.9,15.9,6870,4.4,0.93,4.2
1978-10-24,6.9,1.8,12.3,14480,0.0,0.64,2.2
1978-10-25,11.0,6.5,15.1,4590,8.4,1.04,4.9
1978-10-26,10.1,5.5,15.0,6970,1.2,0.9,3.2
1978-10-27,9.6,4.6,15.9,13640,0.0,0.7,3.7
1978-10-28,8.8,4.9,13.5,11700,0.0,0.75,2.8
1978-10-29,7.6,2.6,14.0,13290,0.0,0.66,2.5
1978-10-30,10.5,4.5,19.3,13520,0.0,0.78,2.5
1978-10-31,11.2,6.2,19.1,12710,0.0,1.0,2.1
1978-11-01,9.2,3.7,15.4,12990,0.0,0.85,1.6
1978-11-02,10.8,3.5,19.5,12620,0.0,0.88,1.9
1978-11-03,13.4,6.9,21.5,12500,0.0,1.11,1.8
1978-11-04,15.1,9.6,22.6,11410,0.0,1.15,2.5
1978-11-05,16.8,12.2,22.9,11580,0.0,1.23,3.6
1978-11-06,9.5,5.0,16.5,1660,11.1,1.02,3.7
1978-11-07,6.2,3.1,10.0,11240,1.0,0.66,2.1
1978-11-08,5.6,-0.8,12.1,12040,0.0,0.56,2.6
1978-11-09,9.1,4.8,15.5,11620,0.0,0.65,3.8
1978-11-10,9.9,4.6,16.7,11480,0.0,0.84,2.6
1978-11-11,11.5,7.4,17.1,8640,0.5,1.06,2.2
1978-11-12,9.4,7.3,10.7,3740,1.9,0.97,3.1
1978-11-13,12.9,6.7,19.4,6740,15.1,1.32,4.1
1978-11-14,7.3,1.9,16.5,10160,11.2,0.7,3.0
1978-11-15,2.8,0.5,4.8,2250,3.1,0.56,2.1
1978-11-16,5.5,2.3,8.2,5560,0.7,0.6,3.4
1978-11-17,9.4,5.8,15.6,2650,23.6,1.0,6.6
1978-11-18,5.0,1.8,8.0,6760,0.0,0.63,3.6
1978-11-19,4.2,1.3,7.8,8430,0.0,0.66,1.8
1978-11-20,3.0,0.6,5.5,8220,0.0,0.49,1.9
1978-11-21,2.2,1.0,3.8,3330,1.2,0.59,1.7
1978-11-22,3.1,1.0,5.7,2400,1.3,0.63,1.9
1978-11-23,7.8,4.0,11.0,2650,9.9,0.93,4.4
1978-11-24,0.6,-1.3,3.8,4380,0.0,0.45,3.8
1978-11-25,0.6,-4.0,6.2,8680,0.0,0.5,1.5
1978-11-26,2.1,0.8,4.7,2180,8.0,0.63,3.2
1978-11-27,1.9,1.1,3.0,1970,3.4,0.65,3.1
1978-11-28,-1.3,-4.1,1.1,7380,0.5,0.39,4.2
1978-11-29,1.8,-3.0,7.1,6630,1.7,0.51,4.4
1978-11-30,-1.9,-6.4,3.1,9660,0.0,0.36,2.3
1978-12-01,3.6,-1.2,9.6,8320,0.3,0.55,3.0
1978-12-02,1.2,0.1,2.3,3030,2.9,0.56,3.7
1978-12-03,8.1,-0.1,13.3,810,12.3,1.04,4.3
1978-12-04,-3.2,-6.9,0.1,8110,0.0,0.27,5.2
1978-12-05,0.7,-1.4,5.8,3970,0.2,0.42,3.1
1978-12-06,-1.6,-3.9,1.7,7370,0.0,0.42,2.3
1978-12-07,1.5,-1.5,7.5,2150,20.5,0.62,3.1
1978-12-08,-2.8,-7.3,1.5,1860,4.4,0.43,3.8
1978-12-09,-8.8,-11.7,-5.9,8870,0.1,0.18,3.9
1978-12-10,-10.9,-15.5,-5.8,9420,0.0,0.15,2.5
1978-12-11,-1.0,-5.6,3.7,6690,0.0,0.37,3.3
1978-12-12,2.4,-0.9,6.8,8380,0.0,0.49,3.9
1978-12-13,-0.3,-3.2,2.7,5860,0.0,0.4,6.0
1978-12-14,-1.2,-4.6,3.7,8930,0.0,0.34,4.8
1978-12-15,1.9,-0.7,7.1,8990,0.0,0.44,4.6
1978-12-16,1.4,-1.7,7.9,8430,0.0,0.54,4.0
1978-12-17,-0.5,-3.4,4.4,9180,0.0,0.4,3.9
1978-12-18,0.6,-2.4,4.6,2980,0.0,0.45,2.9
1978-12-19,1.0,-0.9,2.2,2020,0.9,0.54,3.4
1978-12-20,6.3,0.5,14.2,1510,7.7,0.94,4.2
1978-12-21,-2.1,-4.2,0.4,4670,0.0,0.34,5.2
1978-12-22,0.4,-2.6,5.4,8880,0.0,0.39,4.2
1978-12-23,-0.2,-5.5,5.6,6870,0.0,0.39,2.9
1978-12-24,1.1,-1.0,2.2,2020,5.7,0.58,3.1
1978-12-25,-2.8,-5.5,0.1,9000,0.1,0.33,3.0
1978-12-26,-3.5,-5.3,-2.0,7150,0.2,0.31,3.4
1978-12-27,-6.2,-8.8,-2.8,9480,0.0,0.22,2.2
1978-12-28,-4.1,-8.0,0.8,6900,0.0,0.23,3.8
1978-12-29,0.3,-2.1,3.6,2390,5.7,0.44,3.9
1978-12-30,4.5,2.4,5.6,830,6.6,0.8,2.5
1978-12-31,1.4,0.3,2.4,630,32.0,0.66,2.7
1979-01-01,-2.5,-8.4,-0.1,2480,1.9,0.45,3.5
1979-01-02,-16.2,-20.0,-8.9,9530,0.5,0.1,5.3
1979-01-03,-15.1,-20.1,-9.6,9460,0.0,0.11,4.5
1979-01-04,-12.6,-14.9,-10.7,8770,0.0,0.13,3.6
1979-01-05,-13.3,-15.6,-10.1,5380,1.3,0.13,1.6
1979-01-06,-12.2,-16.1,-7.1,8800,0.0,0.14,1.7
1979-01-07,-10.7,-13.8,-9.2,4880,1.0,0.18,2.2
1979-01-08,-16.7,-19.5,-13.9,9550,0.0,0.11,3.7
1979-01-09,-12.0,-16.6,-7.1,9780,0.0,0.16,4.0
1979-01-10,-15.6,-17.7,-12.3,7700,0.0,0.12,2.9
1979-01-11,-15.4,-21.2,-9.6,9200,0.0,0.12,1.9
1979-01-12,-7.5,-11.3,-3.2,6090,0.9,0.28,2.1
1979-01-13,-1.1,-3.7,1.5,1550,13.3,0.54,2.7
1979-01-14,-12.7,-23.7,-1.0,10390,3.6,0.22,5.4
1979-01-15,-20.8,-27.8,-10.4,8190,0.0,0.09,3.1
1979-01-16,-8.0,-10.7,-5.1,8280,0.0,0.27,2.2
1979-01-17,-2.3,-10.5,2.4,7320,0.3,0.48,4.9
1979-01-18,-11.7,-16.7,-6.7,10910,0.0,0.19,2.4
1979-01-19,-3.7,-9.7,1.7,3720,5.0,0.42,4.2
1979-01-20,0.5,-1.8,1.9,3570,0.1,0.62,2.1
1979-01-21,-1.9,-5.1,-0.9,5440,3.0,0.49,4.6
1979-01-22,-5.4,-6.5,-3.8,7880,0.0,0.34,3.6
1979-01-23,-1.3,-4.6,2.2,9570,2.8,0.46,3.8
1979-01-24,-2.7,-7.7,0.9,5060,25.4,0.48,5.2
1979-01-25,-13.1,-16.3,-8.1,12420,0.1,0.17,4.9
1979-01-26,-13.9,-18.1,-8.5,10140,0.0,0.17,2.0
1979-01-27,-7.0,-10.3,-4.6,5230,6.4,0.33,1.7
1979-01-28,-3.3,-5.0,-2.4,8970,1.1,0.44,5.4
1979-01-29,-7.6,-8.8,-5.4,8650,0.0,0.3,5.5
1979-01-30,-9.5,-10.6,-8.0,10340,0.1,0.26,2.6
1979-01-31,-9.8,-11.9,-7.7,9030,1.5,0.26,4.8
1979-02-01,-13.7,-17.3,-11.6,11040,0.0,0.18,4.6
1979-02-02,-13.4,-18.6,-7.2,10240,0.2,0.18,2.5
1979-02-03,-5.7,-7.0,-3.7,9020,2.0,0.36,2.2
1979-02-04,-14.7,-20.0,-7.3,13770,0.0,0.16,6.3
1979-02-05,-22.2,-26.2,-18.7,14250,0.0,0.08,3.1
1979-02-06,-13.2,-22.3,-5.0,13940,0.0,0.18,3.9
1979-02-07,-9.5,-15.7,-6.3,9670,0.0,0.25,4.4
1979-02-08,-16.6,-19.9,-12.1,8510,2.8,0.13,3.3
1979-02-09,-19.9,-23.5,-16.1,14790,0.0,0.1,3.6
1979-02-10,-18.5,-22.9,-14.0,13010,0.0,0.11,2.4
1979-02-11,-9.5,-14.3,-4.6,8320,2.9,0.25,3.3
1979-02-12,-5.6,-8.6,-3.8,8460,6.2,0.35,3.6
1979-02-13,-11.2,-13.7,-9.0,12490,0.5,0.22,2.5
1979-02-14,-4.7,-11.1,0.5,8770,0.0,0.39,3.3
1979-02-15,-0.5,-3.6,0.7,3850,2.4,0.55,4.0
1979-02-16,-8.8,-13.9,-3.4,10660,0.0,0.26,5.9
1979-02-17,-17.4,-20.5,-14.5,15720,0.0,0.11,6.5
1979-02-18,-12.7,-18.2,-8.6,7570,7.6,0.19,4.5
1979-02-19,-15.2,-20.5,-11.3,16560,0.0,0.15,2.7
1979-02-20,-5.9,-12.6,2.3,13140,0.0,0.33,5.1
1979-02-21,2.0,-0.8,3.3,9540,7.3,0.63,7.4
1979-02-22,0.8,-2.5,5.9,8320,9.6,0.61,4.4
1979-02-23,5.4,-2.0,8.6,4210,1.6,0.9,4.1
1979-02-24,-2.0,-5.7,1.5,10340,0.0,0.46,3.9
1979-02-25,-3.4,-5.2,-1.1,3780,3.8,0.4,6.7
1979-02-26,-7.3,-10.5,-3.9,18020,0.0,0.27,4.6
1979-02-27,-6.9,-15.7,2.1,17670,0.0,0.29,1.5
1979-02-28,-1.7,-6.6,2.6,8520,1.4,0.46,2.5
1979-03-01,1.8,-0.5,4.7,10950,4.0,0.63,2.2
1979-03-02,1.7,-1.6,6.8,11680,0.0,0.59,2.1
1979-03-03,7.8,0.9,13.2,3330,11.4,0.99,5.1
1979-03-04,8.1,2.6,13.5,4470,11.5,0.98,4.9
1979-03-05,1.2,-0.6,2.8,6610,0.3,0.44,3.9
1979-03-06,3.0,-2.1,9.4,18460,0.6,0.48,3.4
1979-03-07,4.4,1.7,7.5,8550,0.2,0.6,1.8
1979-03-08,3.7,-0.5,9.9,13780,0.0,0.63,2.1
1979-03-09,1.9,-0.8,4.0,4510,7.5,0.65,2.3
1979-03-10,-4.6,-9.6,0.8,13670,0.0,0.28,4.4
1979-03-11,-6.5,-12.2,1.6,15530,0.0,0.19,4.0
1979-03-12,-0.7,-7.1,6.6,19740,0.0,0.39,1.5
1979-03-13,7.4,-0.5,14.8,15290,2.3,0.73,5.1
1979-03-14,0.9,-3.9,5.6,15900,0.3,0.39,6.6
1979-03-15,-4.5,-8.6,0.5,20690,0.0,0.2,2.8
1979-03-16,0.4,-6.1,8.3,20690,0.0,0.34,2.1
1979-03-17,5.5,-1.7,13.6,15200,1.7,0.58,2.7
1979-03-18,12.6,6.9,20.4,15670,0.1,1.13,2.7
1979-03-19,13.8,11.4,17.6,9030,2.4,1.31,2.8
1979-03-20,12.0,8.8,16.0,7650,0.0,1.33,1.6
1979-03-21,9.7,4.1,16.1,15550,0.0,0.93,2.3
1979-03-22,13.2,5.4,21.8,20100,1.3,1.02,3.2
1979-03-23,14.0,9.1,16.7,6510,11.9,1.44,4.8
1979-03-24,4.4,-2.1,8.7,3800,12.9,0.77,3.5
1979-03-25,-4.5,-6.6,-2.8,10260,1.1,0.28,3.4
1979-03-26,-1.1,-6.1,4.2,19390,0.0,0.36,2.6
1979-03-27,-0.1,-4.0,4.1,18510,0.0,0.39,1.6
1979-03-28,6.4,-1.7,15.6,8610,10.1,0.84,4.4
1979-03-29,16.0,13.3,18.4,10570,1.6,1.41,5.6
1979-03-30,16.6,15.3,18.4,7890,9.2,1.51,6.8
1979-03-31,7.9,1.4,15.3,18140,10.0,0.87,3.8
1979-04-01,5.0,-0.5,9.1,5650,4.8,0.78,2.6
1979-04-02,7.9,4.6,11.2,6600,7.9,0.9,4.5
1979-04-03,5.0,-1.4,10.6,23290,0.0,0.54,2.0
1979-04-04,3.8,2.3,5.1,6010,7.7,0.63,2.8
1979-04-05,6.8,1.3,14.4,21120,1.3,0.67,5.3
1979-04-06,-2.0,-7.1,3.7,25200,0.0,0.19,4.8
1979-04-07,0.1,-5.1,5.9,9970,2.1,0.38,2.5
1979-04-08,9.1,2.2,15.2,7700,33.7,1.06,4.0
1979-04-09,1.7,-1.1,4.5,12140,4.0,0.5,4.7
1979-04-10,2.5,-4.4,9.9,21230,0.0,0.49,2.1
1979-04-11,7.9,3.0,14.7,6860,17.6,0.86,4.2
1979-04-12,19.1,15.5,23.8,19000,7.1,1.74,5.8
1979-04-13,13.3,9.0,17.1,18500,2.9,1.07,2.7
1979-04-14,10.6,5.6,15.1,17620,0.8,0.76,4.0
1979-04-15,8.5,3.7,12.7,20510,0.0,0.62,3.5
1979-04-16,7.3,0.2,13.9,25450,0.0,0.66,2.4
1979-04-17,8.3,1.6,15.2,25470,0.0,0.69,2.4
1979-04-18,8.4,1.2,15.9,26450,0.0,0.65,2.0
1979-04-19,10.6,2.1,17.7,24440,0.0,0.77,2.1
1979-04-20,14.9,8.7,21.5,23260,0.1,0.91,2.7
1979-04-21,15.3,10.8,19.1,13940,2.6,1.24,2.8
1979-04-22,12.1,4.9,19.0,24060,0.0,0.96,2.1
1979-04-23,14.6,9.0,20.7,17040,0.0,1.29,2.3
1979-04-24,16.6,14.2,20.2,7650,6.1,1.63,2.9
1979-04-25,17.7,15.1,21.6,12000,3.5,1.69,4.3
1979-04-26,12.4,6.8,16.9,5540,9.5,1.25,3.9
1979-04-27,7.8,2.7,14.8,16430,6.1,0.79,2.1
1979-04-28,6.0,2.9,9.6,12090,0.8,0.66,3.4
1979-04-29,6.8,0.3,12.3,11040,2.4,0.71,2.8
1979-04-30,8.8,4.3,12.6,22930,0.0,0.64,4.1
1979-05-01,7.9,-0.7,15.2,27640,0.0,0.69,2.1
1979-05-02,14.8,6.8,23.5,22660,2.4,1.05,4.0
1979-05-03,13.3,8.5,16.0,10650,11.0,1.3,4.4
1979-05-04,8.8,6.1,12.4,14570,0.0,0.66,2.7
1979-05-05,8.9,0.6,16.1,27690,0.0,0.69,2.2
1979-05-06,14.8,8.6,21.5,27000,0.0,0.98,3.6
1979-05-07,19.2,12.8,25.6,27990,0.0,1.49,5.1
1979-05-08,22.9,17.4,28.2,27150,0.0,1.79,5.2
1979-05-09,23.0,17.7,27.3,24040,0.0,1.99,3.4
1979-05-10,23.3,18.3,27.8,23320,0.1,2.18,2.7
1979-05-11,21.6,15.8,26.5,19200,3.4,2.03,3.2
1979-05-12,11.3,9.6,15.0,4990,5.6,0.99,2.6
1979-05-13,12.9,5.6,18.8,24840,1.0,0.98,1.8
1979-05-14,15.0,9.2,21.3,21600,2.1,1.2,2.1
1979-05-15,14.6,9.9,19.3,27230,0.0,1.05,2.5
1979-05-16,13.4,5.4,19.6,29710,0.0,0.81,1.6
1979-05-17,16.0,9.1,22.7,27420,0.0,0.93,3.2
1979-05-18,19.3,13.1,25.7,27790,0.0,1.14,2.8
1979-05-19,18.9,14.8,22.7,18100,0.3,1.43,3.1
1979-05-20,17.7,10.9,23.4,19270,0.0,1.33,1.6
1979-05-21,13.3,8.5,16.7,29260,0.0,0.85,4.0
1979-05-22,13.6,4.7,21.9,28610,0.0,0.89,2.3
1979-05-23,15.5,9.6,23.1,22990,0.0,1.13,2.7
1979-05-24,11.2,9.2,13.9,14960,1.6,0.93,5.4
1979-05-25,11.2,7.7,15.8,29800,1.0,0.64,5.7
1979-05-26,12.7,5.9,20.9,24260,2.0,0.78,4.0
1979-05-27,14.5,8.3,20.7,23480,0.3,1.08,2.3
1979-05-28,15.1,10.1,19.7,29630,0.0,0.93,3.3
1979-05-29,17.8,9.4,26.0,24570,0.0,1.02,2.1
1979-05-30,21.8,15.4,28.1,28880,0.0,1.21,2.6
1979-05-31,20.7,16.6,24.5,12900,0.4,1.96,1.8
1979-06-01,20.4,17.0,24.7,22970,0.3,1.7,2.5
1979-06-02,18.3,13.7,23.9,18970,0.0,1.13,1.0
1979-06-03,20.4,12.2,27.4,28540,0.0,1.16,1.6
1979-06-04,22.7,16.5,28.2,27090,0.0,1.14,3.3
1979-06-05,22.3,18.0,28.2,22120,11.0,1.7,2.1
1979-06-06,23.4,16.0,29.3,25530,0.1,2.07,1.6
1979-06-07,22.1,20.4,23.5,10230,11.7,2.24,3.4
1979-06-08,24.5,20.6,29.2,20180,1.4,2.54,2.6
1979-06-09,26.1,21.5,30.8,22990,0.7,2.66,2.4
1979-06-10,22.0,15.7,26.1,17220,0.8,1.86,5.7
1979-06-11,18.4,11.9,23.8,27580,0.0,1.07,3.4
1979-06-12,19.9,12.3,25.0,24790,0.2,1.39,1.8
1979-06-13,20.1,15.9,25.0,20600,1.8,1.75,2.3
1979-06-14,23.1,17.2,29.0,27480,0.0,1.68,3.7
1979-06-15,25.0,20.1,29.8,29720,0.0,1.55,4.3
1979-06-16,24.4,18.3,29.5,29740,0.0,1.47,3.3
1979-06-17,23.4,17.5,30.8,23380,2.1,1.69,3.4
1979-06-18,18.7,15.2,23.3,18250,6.9,1.57,2.7
1979-06-19,21.5,15.6,28.7,23910,9.6,1.88,3.7
1979-06-20,23.7,20.2,29.6,18170,18.1,2.23,4.3
1979-06-21,23.4,18.6,28.6,27940,11.8,2.01,3.7
1979-06-22,22.7,17.5,27.2,28280,0.0,1.79,2.0
1979-06-23,16.3,12.8,19.5,24460,0.0,1.26,3.6
1979-06-24,15.6,11.4,21.0,30270,1.0,1.06,3.2
1979-06-25,16.5,9.7,22.4,30740,0.0,1.1,1.8
1979-06-26,18.3,9.9,24.9,30700,0.0,1.21,1.6
1979-06-27,21.0,14.8,27.1,24520,0.0,1.41,2.6
1979-06-28,22.7,16.9,27.0,21620,0.4,1.88,1.7
1979-06-29,20.7,18.2,25.4,13210,21.2,2.08,3.1
1979-06-30,20.2,17.3,24.1,24490,1.5,1.7,3.8
1979-07-01,19.9,15.2,24.6,24740,0.0,1.6,2.9
1979-07-02,19.7,12.6,25.6,29940,0.0,1.54,1.6
1979-07-03,21.6,14.6,28.2,23020,0.8,1.95,2.0
1979-07-04,21.2,16.9,23.2,14830,21.6,2.1,2.8
1979-07-05,17.5,12.7,21.9,28850,0.0,1.21,2.9
1979-07-06,17.9,11.1,23.2,27610,0.0,1.34,1.7
1979-07-07,19.0,13.3,24.2,25740,0.0,1.4,2.3
1979-07-08,19.4,15.2,23.7,14040,9.1,1.78,2.6
1979-07-09,21.1,18.6,24.9,16470,2.5,2.16,1.3
1979-07-10,22.0,16.5,27.1,25620,0.0,2.04,1.0
1979-07-11,23.5,17.7,28.2,24860,0.0,2.17,1.5
1979-07-12,23.6,18.9,27.9,21060,0.2,2.36,2.0
1979-07-13,23.3,21.2,26.7,8540,8.8,2.47,2.0
1979-07-14,24.6,20.4,31.3,21240,7.7,2.54,2.2
1979-07-15,25.1,20.4,29.3,23700,0.0,2.48,1.6
1979-07-16,23.0,18.7,28.3,25640,0.0,2.03,2.8
1979-07-17,19.3,15.6,23.7,21220,0.0,1.55,3.2
1979-07-18,19.1,13.2,24.6,25780,0.0,1.45,1.4
1979-07-19,20.0,13.1,25.6,26690,0.0,1.49,1.2
1979-07-20,20.9,14.8,25.8,20660,0.0,1.56,1.4
1979-07-21,22.0,14.9,27.0,23310,0.0,1.69,1.0
1979-07-22,24.0,18.8,28.7,26330,0.0,1.85,0.7
1979-07-23,24.6,18.5,30.0,24790,0.2,2.21,2.0
1979-07-24,24.5,22.0,28.4,15400,14.4,2.63,3.5
1979-07-25,23.5,22.2,26.2,6640,10.5,2.65,3.5
1979-07-26,22.8,19.5,26.7,18670,0.1,2.25,1.5
1979-07-27,23.2,19.5,27.6,15590,0.7,2.48,1.6
1979-07-28,23.4,20.6,27.2,18760,1.1,2.33,2.4
1979-07-29,22.7,17.2,27.8,24150,0.0,1.85,0.9
1979-07-30,25.4,21.2,30.7,18430,6.1,2.7,3.0
1979-07-31,25.1,22.2,28.2,15220,7.4,2.66,2.2
1979-08-01,20.7,19.2,22.9,8490,19.2,2.08,2.6
1979-08-02,21.2,17.4,25.4,21200,0.4,1.91,2.2
1979-08-03,22.7,17.5,27.7,22980,0.0,2.13,2.3
1979-08-04,24.5,19.6,29.6,22600,0.2,2.36,2.1
1979-08-05,25.9,21.1,31.1,24400,5.8,2.53,2.5
1979-08-06,24.5,19.9,29.1,19670,15.8,2.59,1.8
1979-08-07,27.3,22.8,32.4,25900,0.0,2.77,3.1
1979-08-08,26.7,23.3,30.2,20380,1.8,2.7,2.0
1979-08-09,25.9,20.4,31.2,21920,1.0,2.55,2.9
1979-08-10,25.0,21.9,26.7,13110,11.8,2.46,3.4
1979-08-11,18.6,16.4,21.5,13180,0.5,1.59,3.7
1979-08-12,17.0,11.9,21.5,27210,0.0,1.28,1.7
1979-08-13,18.9,12.9,24.9,24320,0.0,1.49,3.1
1979-08-14,19.0,14.7,21.3,16200,0.0,1.48,3.0
1979-08-15,15.4,10.7,19.1,16930,0.0,1.15,2.1
1979-08-16,16.2,9.7,21.9,26000,0.0,1.22,1.7
1979-08-17,18.4,14.2,23.2,16400,2.9,1.48,3.0
1979-08-18,23.7,21.0,27.9,12870,17.9,2.36,3.3
1979-08-19,23.0,20.1,27.8,11830,19.4,2.47,1.6
1979-08-20,22.7,19.8,27.5,12340,28.1,2.5,1.5
1979-08-21,22.0,19.7,24.5,9130,2.1,2.36,2.3
1979-08-22,22.9,19.7,26.9,14690,1.0,2.36,2.0
1979-08-23,22.6,20.4,26.1,12880,14.7,2.43,2.8
1979-08-24,20.5,17.5,23.4,22170,0.0,1.88,2.4
1979-08-25,19.3,14.3,24.4,17880,0.0,1.63,1.4
1979-08-26,19.4,15.7,23.5,13450,0.5,1.83,1.7
1979-08-27,20.9,16.5,25.5,14840,0.9,2.09,2.1
1979-08-28,21.1,17.7,25.0,12020,0.1,2.2,1.7
1979-08-29,22.4,19.3,26.6,13050,3.8,2.36,3.0
1979-08-30,22.9,16.9,28.5,23390,0.0,2.14,1.1
1979-08-31,22.7,16.9,28.4,22280,0.0,2.11,2.1
1979-09-01,23.6,19.0,28.2,19660,0.3,2.22,2.5
1979-09-02,23.9,21.3,27.6,13140,0.8,2.35,2.9
1979-09-03,23.2,18.5,28.1,19710,0.1,2.16,1.7
1979-09-04,21.5,16.2,26.8,21880,0.0,1.97,2.0
1979-09-05,23.2,18.3,28.2,19950,0.0,2.21,1.7
1979-09-06,22.6,18.8,28.1,18080,6.1,2.2,2.1
1979-09-07,18.3,15.2,21.1,15180,0.0,1.49,3.2
1979-09-08,14.7,12.3,18.1,19650,0.0,1.06,2.3
1979-09-09,15.3,9.0,21.7,21280,0.0,1.15,1.8
1979-09-10,20.3,14.9,27.6,20700,0.0,1.54,3.0
1979-09-11,22.2,15.4,28.5,21240,0.0,1.88,1.3
1979-09-12,23.0,17.5,28.8,18100,0.0,2.08,1.9
1979-09-13,21.7,17.7,26.0,9300,2.6,2.06,2.1
1979-09-14,17.4,15.2,19.3,16410,0.0,1.19,4.6
1979-09-15,15.1,10.1,19.3,21090,0.0,0.93,2.0
1979-09-16,16.0,9.9,21.9,21030,0.0,1.08,0.9
1979-09-17,17.5,10.6,24.2,21070,0.0,1.26,2.0
1979-09-18,21.4,17.6,27.5,19710,0.0,1.53,3.2
1979-09-19,15.4,11.5,19.4,21090,0.0,1.06,2.1
1979-09-20,16.1,9.7,22.9,16610,0.0,1.02,2.3
1979-09-21,17.0,15.2,19.0,4940,0.6,1.4,2.6
1979-09-22,15.2,11.6,19.7,20050,0.0,0.96,3.3
1979-09-23,13.4,7.4,19.7,20350,0.0,0.84,2.2
1979-09-24,15.2,7.6,22.5,19590,0.0,1.03,1.4
1979-09-25,18.4,11.4,26.0,17840,0.0,1.13,1.8
1979-09-26,19.6,13.2,26.4,18690,0.0,1.31,1.1
1979-09-27,19.5,12.1,25.8,17790,0.0,1.36,2.1
1979-09-28,20.3,15.2,26.2,15990,0.0,1.64,1.4
1979-09-29,21.5,15.8,28.0,17140,0.0,1.6,2.3
1979-09-30,21.4,15.5,26.7,15930,0.0,1.78,1.3
1979-10-01,20.5,14.7,27.9,17040,6.2,1.71,2.3
1979-10-02,16.5,13.1,20.6,12590,10.1,1.39,1.9
1979-10-03,16.0,12.9,21.0,14480,1.7,1.24,3.0
1979-10-04,11.8,8.2,16.2,15760,0.8,0.97,2.8
1979-10-05,9.9,4.7,14.8,15530,0.0,0.7,2.9
1979-10-06,11.1,8.8,13.9,11220,3.6,0.86,4.5
1979-10-07,10.4,6.1,15.3,17550,0.0,0.67,3.4
1979-10-08,13.9,6.4,20.3,13190,0.3,1.01,2.5
1979-10-09,10.6,7.9,13.7,11390,0.7,0.77,3.8
1979-10-10,7.8,2.7,12.2,11870,0.0,0.51,2.7
1979-10-11,10.2,6.7,15.9,6110,2.8,0.78,4.0
1979-10-12,9.9,6.5,12.6,11580,0.8,0.74,4.0
1979-10-13,5.6,1.7,10.7,15970,0.0,0.41,3.8
1979-10-14,6.2,-0.8,13.3,16400,0.0,0.5,2.3
1979-10-15,10.8,6.2,16.0,5060,0.0,0.7,3.0
1979-10-16,12.3,10.5,15.5,6680,2.6,1.14,2.4
1979-10-17,15.3,12.0,20.2,9550,0.1,1.39,1.4
1979-10-18,17.4,12.9,23.8,11380,2.5,1.51,2.3
1979-10-19,19.1,17.0,21.3,7290,6.5,1.64,4.8
1979-10-20,21.8,18.9,25.4,10140,0.0,1.7,6.2
1979-10-21,22.9,20.3,25.9,10320,0.0,1.8,5.7
1979-10-22,20.3,11.1,24.5,6970,13.3,1.73,6.4
1979-10-23,7.0,5.8,9.8,3060,0.2,0.62,6.7
1979-10-24,6.2,3.8,9.7,13890,0.0,0.52,3.3
1979-10-25,4.1,0.4,8.7,9940,0.0,0.54,2.3
1979-10-26,3.6,-1.0,8.6,14100,0.0,0.51,1.5
1979-10-27,10.1,3.4,18.4,10720,1.3,0.86,4.2
1979-10-28,11.4,6.6,16.7,13570,0.0,0.96,2.4
1979-10-29,11.2,3.8,18.9,13500,0.0,0.91,1.5
1979-10-30,12.6,7.5,17.9,9320,0.0,1.09,3.8
1979-10-31,17.4,13.5,22.3,10390,4.5,1.43,6.1
1979-11-01,11.4,7.0,17.0,11000,17.8,0.9,4.9
1979-11-02,5.3,1.0,9.7,10160,0.0,0.49,2.2
1979-11-03,4.6,0.5,10.4,12190,0.0,0.47,2.6
1979-11-04,3.7,-2.9,10.0,12920,0.0,0.51,1.6
1979-11-05,8.5,4.0,14.1,10940,0.5,0.65,2.9
1979-11-06,8.0,4.8,10.4,2430,2.8,0.83,4.2
1979-11-07,3.2,0.1,5.7,12120,0.0,0.45,2.4
1979-11-08,5.5,3.2,7.8,2880,1.8,0.71,3.4
1979-11-09,6.3,5.9,6.8,1090,11.4,0.88,2.4
1979-11-10,2.2,0.4,6.0,3680,0.2,0.52,3.3
1979-11-11,-0.9,-5.6,3.2,12000,0.0,0.33,1.5
1979-11-12,0.1,-4.2,5.6,10410,0.0,0.39,1.7
1979-11-13,1.1,-3.1,5.9,6380,0.0,0.49,1.6
1979-11-14,0.5,-4.7,5.4,9320,0.0,0.42,2.1
1979-11-15,5.1,1.5,10.0,5380,0.5,0.64,4.5
1979-11-16,3.5,-0.8,8.6,10580,0.0,0.62,1.9
1979-11-17,8.6,3.3,16.5,10860,0.0,0.81,3.7
1979-11-18,10.5,5.6,17.2,10620,0.0,0.95,3.4
1979-11-19,13.0,10.1,16.5,7960,4.0,1.15,4.2
1979-11-20,10.9,4.2,17.0,10230,0.0,1.0,1.7
1979-11-21,14.1,12.0,15.0,1800,12.2,1.37,4.2
1979-11-22,12.9,10.1,14.5,920,11.2,1.36,4.0
1979-11-23,5.8,4.3,9.5,3510,9.4,0.69,2.8
1979-11-24,3.9,-0.9,9.2,10260,0.0,0.53,3.0
1979-11-25,5.3,0.6,12.4,2820,27.0,0.76,3.2
1979-11-26,6.2,2.4,10.1,4280,11.0,0.78,5.9
1979-11-27,4.8,1.3,8.4,3810,5.6,0.7,2.8
1979-11-28,-0.7,-3.9,1.4,6090,0.3,0.43,4.8
1979-11-29,-3.1,-4.9,-0.3,5690,0.0,0.32,4.8
1979-11-30,-3.6,-5.2,-1.3,6130,0.0,0.29,3.8
1979-12-01,-3.4,-6.5,-1.2,5850,0.6,0.31,3.7
1979-12-02,-4.8,-8.3,-0.6,9570,0.0,0.26,2.3
1979-12-03,-2.8,-6.7,2.1,8450,0.0,0.28,4.2
1979-12-04,0.3,-3.8,5.7,9600,0.0,0.45,3.0
1979-12-05,7.3,1.8,12.4,8960,0.0,0.69,6.1
1979-12-06,2.9,0.5,6.2,7190,0.0,0.49,2.9
1979-12-07,5.4,2.1,9.0,6520,1.5,0.55,6.7
1979-12-08,-1.5,-5.0,2.1,8270,0.0,0.3,3.6
1979-12-09,0.8,-5.3,6.7,8970,0.0,0.35,4.0
1979-12-10,5.5,0.8,11.7,8580,0.0,0.56,4.5
1979-12-11,11.0,7.8,14.4,5970,0.0,0.84,5.6
1979-12-12,3.0,-0.2,13.6,5430,2.8,0.6,3.3
1979-12-13,-0.2,-2.7,3.4,8770,0.0,0.41,2.4
1979-12-14,-2.6,-5.8,2.0,9190,0.0,0.29,2.0
1979-12-15,-0.6,-4.3,4.8,9260,0.0,0.35,3.6
1979-12-16,-2.0,-9.9,1.3,2840,0.8,0.34,4.8
1979-12-17,-10.1,-13.9,-6.0,9350,0.0,0.1,3.1
1979-12-18,-4.8,-9.2,0.8,8080,0.0,0.17,3.0
1979-12-19,0.2,-2.7,6.6,8820,0.0,0.38,2.6
1979-12-20,-0.2,-4.4,6.8,8970,0.0,0.48,2.2
1979-12-21,3.7,-0.6,7.9,1890,1.1,0.73,3.6
1979-12-22,7.9,7.0,9.1,1780,13.0,0.99,4.4
1979-12-23,10.9,8.5,13.8,2460,3.7,1.25,3.8
1979-12-24,10.0,3.4,14.7,2340,37.6,1.15,4.5
1979-12-25,2.7,1.5,4.1,2680,4.4,0.65,5.7
1979-12-26,1.2,-3.1,5.7,8650,0.0,0.53,2.4
1979-12-27,0.8,-2.0,4.5,6650,0.0,0.51,2.0
1979-12-28,-1.3,-5.6,4.8,9010,0.0,0.47,1.5
1979-12-29,-2.1,-6.1,3.9,7140,0.0,0.44,1.0
1979-12-30,0.1,-3.6,6.4,7720,0.0,0.49,1.5
1979-12-31,-1.4,-4.3,2.2,6360,0.0,0.52,1.6
1980-01-01,-1.1,-2.8,2.0,6770,0.0,0.47,1.4
1980-01-02,-1.6,-2.6,-0.5,2820,0.0,0.43,1.7
1980-01-03,-1.1,-2.4,1.0,4450,0.0,0.43,2.6
1980-01-04,-2.3,-3.6,-0.4,4440,0.0,0.34,3.0
1980-01-05,-3.5,-5.8,-0.9,4740,0.0,0.32,2.0
1980-01-06,-2.0,-6.1,2.7,5610,0.3,0.36,4.7
1980-01-07,-5.3,-9.2,3.6,10030,2.7,0.26,6.4
1980-01-08,-8.5,-11.9,-5.0,9230,0.0,0.15,2.1
1980-01-09,-6.6,-9.2,-4.0,9210,1.4,0.22,1.6
1980-01-10,-0.4,-7.4,8.2,5860,0.0,0.5,4.4
1980-01-11,6.0,-4.6,12.1,5220,9.1,0.82,7.9
1980-01-12,-6.6,-10.2,-3.7,10100,0.0,0.12,3.5
1980-01-13,0.5,-4.2,6.0,7910,1.6,0.3,4.3
1980-01-14,1.1,-3.6,6.8,10200,0.4,0.56,1.7
1980-01-15,2.0,-1.0,5.7,4900,0.2,0.64,3.4
1980-01-16,7.0,3.3,10.7,1570,4.1,0.93,4.7
1980-01-17,5.2,1.5,10.5,4470,0.4,0.71,4.6
1980-01-18,1.0,-1.8,4.2,9930,0.0,0.48,1.8
1980-01-19,-1.1,-5.2,4.6,7260,0.2,0.46,1.4
1980-01-20,-2.1,-5.7,1.6,10580,0.0,0.37,2.0
1980-01-21,-2.2,-6.1,3.0,8440,0.0,0.27,2.3
1980-01-22,-0.2,-3.7,2.4,5910,0.3,0.44,4.7
1980-01-23,-8.5,-11.3,-4.5,10300,0.0,0.15,4.2
1980-01-24,-3.7,-11.6,3.8,4670,5.2,0.38,3.1
1980-01-25,0.9,-4.3,2.8,6570,0.0,0.53,3.4
1980-01-26,-5.3,-7.5,-2.9,9700,0.0,0.22,1.9
1980-01-27,-7.7,-9.5,-4.9,7090,0.0,0.19,2.1
1980-01-28,-10.3,-13.1,-7.5,10610,0.0,0.12,2.2
1980-01-29,-10.6,-12.7,-8.4,12140,0.0,0.11,2.9
1980-01-30,-9.1,-12.3,-5.9,7430,3.7,0.19,2.3
1980-01-31,-9.6,-14.2,-6.1,10060,0.0,0.19,2.9
1980-02-01,-10.0,-14.1,-5.8,12650,0.0,0.14,2.4
1980-02-02,-9.1,-13.3,-4.6,11450,0.0,0.15,1.0
1980-02-03,-7.4,-11.3,-3.2,11840,0.0,0.18,1.7
1980-02-04,-7.6,-11.4,-3.3,9120,0.0,0.24,1.1
1980-02-05,-5.0,-7.1,-3.4,4690,3.8,0.3,3.2
1980-02-06,-3.6,-6.8,-2.3,9700,1.5,0.4,3.1
1980-02-07,-7.7,-12.3,-3.2,12230,0.0,0.28,1.8
1980-02-08,-6.7,-11.7,-3.2,9310,0.0,0.29,1.4
1980-02-09,-5.5,-8.6,-2.2,10400,0.6,0.34,2.1
1980-02-10,-7.3,-11.9,-5.3,9690,0.0,0.29,2.9
1980-02-11,-7.2,-9.9,-4.7,10200,0.0,0.28,3.7
1980-02-12,-9.7,-15.0,-5.6,13460,0.0,0.23,2.3
1980-02-13,-6.9,-13.2,-0.6,13990,0.0,0.29,3.2
1980-02-14,-0.1,-1.8,1.7,5840,0.0,0.5,1.6
1980-02-15,-0.8,-3.2,0.4,3600,15.8,0.54,3.2
1980-02-16,-10.8,-17.0,-3.7,15340,1.1,0.23,4.6
1980-02-17,-16.4,-22.0,-10.0,16060,0.0,0.14,2.6
1980-02-18,-8.2,-16.2,-0.7,16050,0.1,0.25,3.6
1980-02-19,0.8,-1.9,3.4,8340,0.0,0.48,3.8
1980-02-20,2.4,1.4,4.3,3200,0.3,0.7,1.5
1980-02-21,4.4,1.0,8.8,5830,12.8,0.82,3.1
1980-02-22,6.2,3.2,10.2,2990,4.0,0.91,3.7
1980-02-23,2.9,0.9,4.8,4260,0.0,0.65,2.1
1980-02-24,0.7,-4.8,6.5,13670,0.0,0.4,3.2
1980-02-25,-4.4,-10.8,1.2,5710,7.3,0.37,4.8
1980-02-26,-10.5,-16.4,-4.8,17710,0.0,0.19,3.5
1980-02-27,-3.4,-5.9,-1.4,12010,0.0,0.33,3.7
1980-02-28,-5.9,-8.2,-4.8,14550,6.5,0.34,2.2
1980-02-29,-14.3,-17.1,-9.2,17760,0.4,0.15,3.5
1980-03-01,-14.4,-16.1,-12.5,16050,0.5,0.15,4.4
1980-03-02,-17.2,-23.6,-12.1,19230,0.0,0.13,2.2
1980-03-03,-10.0,-16.7,-2.1,17940,0.0,0.23,4.2
1980-03-04,0.1,-3.2,5.0,14920,2.9,0.5,3.5
1980-03-05,-0.6,-6.2,3.2,10050,5.5,0.5,3.8
1980-03-06,-5.0,-10.2,1.3,10760,1.7,0.27,2.2
1980-03-07,-0.6,-6.7,4.2,7020,6.4,0.51,2.7
1980-03-08,1.0,-1.7,2.4,5480,3.2,0.59,3.0
1980-03-09,1.2,-5.7,7.8,19330,0.0,0.44,2.9
1980-03-10,3.7,-4.9,10.6,12430,1.1,0.55,5.0
1980-03-11,-4.6,-9.5,1.4,20300,0.0,0.19,3.3
1980-03-12,-3.0,-7.5,1.7,11430,1.9,0.22,4.6
1980-03-13,-0.1,-1.5,1.7,3930,4.4,0.47,3.5
1980-03-14,-0.0,-5.0,6.0,20270,0.0,0.4,3.5
1980-03-15,4.8,-2.0,13.7,20410,0.0,0.53,2.9
1980-03-16,9.4,5.5,14.6,10880,3.3,0.78,5.5
1980-03-17,6.5,1.3,10.8,3160,15.3,0.91,4.3
1980-03-18,2.1,-5.0,9.0,21020,0.0,0.39,3.0
1980-03-19,5.5,0.0,11.0,15310,0.1,0.47,4.4
1980-03-20,7.9,3.1,12.9,10140,3.2,0.89,3.2
1980-03-21,4.1,0.9,7.6,17770,7.7,0.52,6.2
1980-03-22,1.7,-3.9,7.0,20060,0.0,0.38,1.8
1980-03-23,5.4,-0.2,12.2,10940,1.0,0.59,3.2
1980-03-24,5.9,0.5,8.4,3260,14.8,0.85,3.9
1980-03-25,0.6,-2.2,4.4,16190,0.0,0.44,3.0
1980-03-26,1.9,-2.7,6.9,14540,0.0,0.48,1.7
1980-03-27,5.7,-1.0,13.2,20460,0.0,0.65,2.1
1980-03-28,6.6,5.4,8.1,4140,10.1,0.79,3.8
1980-03-29,6.8,4.5,9.4,7520,0.1,0.81,2.8
1980-03-30,5.4,2.7,7.2,4020,11.7,0.76,4.9
1980-03-31,5.3,2.8,7.2,8060,3.4,0.75,3.0
1980-04-01,5.4,-0.4,10.3,11970,0.0,0.68,1.4
1980-04-02,8.8,3.2,14.3,16970,1.0,0.85,2.4
1980-04-03,10.5,5.2,15.8,9090,10.4,1.09,4.4
1980-04-04,5.8,3.6,9.6,6630,0.0,0.63,4.7
1980-04-05,7.6,0.8,14.1,24030,0.0,0.56,2.9
1980-04-06,10.4,4.3,17.2,22280,0.2,0.68,3.5
1980-04-07,13.0,8.5,18.8,9100,3.7,1.08,4.4
1980-04-08,14.3,10.4,16.3,9640,17.4,1.26,5.6
1980-04-09,5.9,2.4,10.2,6100,6.2,0.74,5.9
1980-04-10,4.4,2.0,7.8,9210,0.0,0.61,3.4
1980-04-11,7.0,-1.1,15.2,10750,2.8,0.8,2.3
1980-04-12,8.1,3.3,11.6,18600,0.7,0.75,3.7
1980-04-13,5.3,-0.0,9.3,17010,0.0,0.49,2.6
1980-04-14,3.4,0.9,7.2,7060,15.0,0.66,5.9
1980-04-15,4.0,0.6,9.7,11270,5.7,0.64,4.2
1980-04-16,4.5,-1.8,10.6,24160,0.0,0.5,1.9
1980-04-17,7.1,-0.9,14.5,16140,0.0,0.56,1.6
1980-04-18,12.1,4.9,18.6,25980,0.0,0.76,0.8
1980-04-19,12.6,3.5,20.6,26280,0.0,0.88,2.3
1980-04-20,16.4,11.4,23.7,20050,0.0,1.1,2.8
1980-04-21,15.3,8.4,22.0,23480,0.0,1.11,1.8
1980-04-22,19.0,11.4,27.5,26310,0.0,1.14,4.1
1980-04-23,13.7,7.5,21.3,25210,0.0,0.74,4.4
1980-04-24,5.4,1.8,8.3,23890,0.0,0.54,3.3
1980-04-25,5.4,-1.4,11.5,21030,0.0,0.59,1.7
1980-04-26,7.9,0.9,15.2,25500,0.0,0.66,3.0
1980-04-27,7.6,5.4,12.2,12320,3.2,0.89,3.5
1980-04-28,6.5,4.0,9.4,5710,9.8,0.89,3.2
1980-04-29,9.0,5.9,12.1,12430,0.5,0.92,1.4
1980-04-30,10.0,4.4,15.6,14990,0.0,0.97,1.4
1980-05-01,11.4,5.6,17.5,17250,0.0,0.98,1.2
1980-05-02,13.6,6.2,19.2,17840,0.0,1.0,1.2
1980-05-03,15.2,6.4,22.6,24630,0.0,1.1,1.8
1980-05-04,17.1,7.5,25.9,27420,0.0,1.02,1.7
1980-05-05,19.2,11.3,27.0,26880,0.0,1.07,2.9
1980-05-06,16.6,11.6,21.3,23160,0.0,0.9,2.6
1980-05-07,11.5,8.1,15.9,20400,0.1,0.61,3.4
1980-05-08,8.5,3.3,12.1,23770,0.1,0.61,2.3
1980-05-09,10.4,3.2,16.3,28530,0.0,0.63,1.6
1980-05-10,13.4,7.7,20.5,17730,6.0,0.84,4.1
1980-05-11,17.4,12.8,22.1,23590,13.2,1.45,3.1
1980-05-12,15.0,10.8,19.9,8530,36.4,1.49,2.0
1980-05-13,18.8,10.9,24.0,23230,11.6,1.58,5.2
1980-05-14,11.7,7.3,15.4,17590,0.0,0.82,2.2
1980-05-15,13.3,5.9,19.5,21980,0.0,0.92,1.3
1980-05-16,13.6,9.2,18.1,13930,8.0,1.01,4.1
1980-05-17,15.3,12.9,18.0,3310,31.8,1.64,2.7
1980-05-18,17.4,15.2,21.8,13680,3.8,1.67,3.3
1980-05-19,15.6,11.7,19.2,15740,0.4,1.45,1.5
1980-05-20,16.2,12.2,21.6,21270,3.0,1.43,2.1
1980-05-21,17.2,9.8,23.0,24880,0.0,1.3,1.4
1980-05-22,18.7,11.2,24.9,24420,0.0,1.47,2.2
1980-05-23,19.5,16.6,23.9,12780,4.0,1.72,2.6
1980-05-24,19.2,14.4,22.8,17540,5.1,1.89,1.0
1980-05-25,21.0,15.1,27.4,26160,0.1,1.89,2.2
1980-05-26,17.7,11.4,22.9,30150,0.0,1.09,2.8
1980-05-27,17.6,9.6,24.5,30240,0.0,1.07,1.9
1980-05-28,20.6,12.7,27.7,28620,0.0,1.5,2.1
1980-05-29,23.2,17.7,29.0,24940,0.3,1.87,3.3
1980-05-30,23.8,20.3,27.1,21490,1.7,2.19,5.3
1980-05-31,21.3,18.1,25.2,27140,1.7,1.73,3.0
1980-06-01,19.9,17.4,25.2,7910,31.5,2.04,4.4
1980-06-02,21.8,19.6,25.8,8530,13.7,2.31,4.5
1980-06-03,20.5,15.7,23.6,24160,9.5,1.85,3.5
1980-06-04,17.3,11.8,22.8,21360,0.0,1.23,2.3
1980-06-05,20.6,15.5,27.2,21000,0.0,1.73,3.9
1980-06-06,25.4,21.6,29.9,23100,0.0,2.37,3.4
1980-06-07,23.9,21.2,29.2,11560,22.8,2.54,3.4
1980-06-08,15.2,11.8,19.9,23170,0.0,1.09,4.5
1980-06-09,16.9,12.2,21.8,25150,1.9,1.15,4.5
1980-06-10,14.1,10.0,18.1,29110,0.2,1.08,2.5
1980-06-11,14.4,8.3,20.1,30430,0.0,0.96,1.1
1980-06-12,16.6,8.9,23.2,30430,0.0,1.2,2.2
1980-06-13,19.5,12.7,25.3,24370,0.0,1.37,2.6
1980-06-14,22.8,17.7,27.0,20840,0.0,1.85,2.5
1980-06-15,20.3,16.0,23.1,10480,33.7,2.11,2.5
1980-06-16,15.2,11.5,18.7,29550,0.0,1.17,3.2
1980-06-17,14.2,6.3,20.5,27320,0.0,1.07,1.0
1980-06-18,17.7,11.2,23.7,29950,0.0,1.28,0.9
1980-06-19,16.4,11.4,24.6,17750,4.0,1.37,3.7
1980-06-20,15.1,7.4,21.4,29760,0.0,1.15,1.5
1980-06-21,18.1,11.0,24.1,30410,0.0,1.34,1.3
1980-06-22,20.2,12.0,27.0,30110,0.0,1.49,1.9
1980-06-23,21.3,18.1,25.1,12740,15.0,1.93,2.5
1980-06-24,22.2,19.3,26.1,14700,9.6,2.3,2.6
1980-06-25,23.3,17.7,28.1,24570,0.0,2.24,1.3
1980-06-26,24.8,19.0,30.0,24990,0.0,2.37,1.4
1980-06-27,26.4,20.6,31.3,27290,0.0,2.56,1.9
1980-06-28,26.1,22.8,30.3,17100,3.1,2.61,3.0
1980-06-29,23.4,19.4,28.6,26480,0.0,2.04,3.5
1980-06-30,19.3,14.7,22.9,21710,0.0,1.48,2.2
1980-07-01,22.0,15.9,28.6,17360,0.1,2.0,2.9
1980-07-02,24.8,21.8,28.2,25550,0.3,2.46,2.8
1980-07-03,22.0,18.1,27.0,21090,0.5,1.72,1.6
1980-07-04,23.1,19.2,28.3,15530,3.3,2.27,1.2
1980-07-05,25.8,22.4,30.7,19980,10.2,2.65,3.1
1980-07-06,21.6,16.3,25.9,27350,0.0,1.91,2.1
1980-07-07,24.4,17.0,32.4,22800,0.0,2.34,3.2
1980-07-08,28.4,23.8,32.6,24830,2.1,2.78,3.1
1980-07-09,25.1,21.1,30.4,17910,29.3,2.71,1.7
1980-07-10,24.6,20.7,29.7,20190,3.0,2.57,2.1
1980-07-11,25.3,17.9,31.0,27840,0.0,2.47,1.6
1980-07-12,26.7,23.1,33.2,21710,2.6,2.83,3.0
1980-07-13,24.9,22.3,28.2,18030,0.0,2.57,2.0
1980-07-14,25.8,20.0,31.5,25580,0.0,2.55,2.7
1980-07-15,29.9,25.6,34.8,27640,0.0,2.8,3.6
1980-07-16,28.8,24.8,33.1,24020,0.4,2.69,2.6
1980-07-17,25.6,20.3,29.9,28670,0.0,2.04,2.3
1980-07-18,25.7,19.9,31.1,26430,0.0,2.16,2.1
1980-07-19,28.2,22.9,33.6,26440,0.0,2.41,2.5
1980-07-20,28.9,24.0,34.4,27490,0.0,2.32,3.5
1980-07-21,25.2,21.9,27.7,15980,25.6,2.49,2.6
1980-07-22,22.7,20.1,26.4,21290,10.1,2.27,2.3
1980-07-23,20.4,16.1,24.3,25430,0.0,1.69,2.3
1980-07-24,20.6,13.5,26.0,28270,0.0,1.65,1.3
1980-07-25,22.4,15.4,27.7,27490,0.0,1.89,1.4
1980-07-26,23.5,17.0,28.5,23450,0.0,2.01,1.3
1980-07-27,21.8,20.0,23.6,10800,7.8,2.21,2.1
1980-07-28,21.6,18.7,25.2,20600,0.7,2.05,2.8
1980-07-29,22.4,16.5,28.2,24120,0.0,2.0,2.1
1980-07-30,22.8,15.3,28.5,25200,0.0,1.9,2.2
1980-07-31,27.4,24.5,31.4,20220,0.4,2.46,3.9
1980-08-01,25.9,21.2,31.1,21450,0.0,2.49,2.2
1980-08-02,26.4,23.1,30.5,14540,4.7,2.42,4.2
1980-08-03,23.5,19.9,27.3,21690,1.2,2.18,1.9
1980-08-04,24.5,17.7,31.5,26990,0.0,2.23,2.6
1980-08-05,25.0,23.4,28.0,13630,3.8,2.55,3.5
1980-08-06,25.2,20.5,31.2,17440,3.3,2.7,2.2
1980-08-07,27.7,23.8,32.3,24120,0.0,2.76,2.7
1980-08-08,28.5,24.7,33.0,22540,0.0,2.59,2.8
1980-08-09,27.3,22.5,31.6,21180,1.1,2.79,1.3
1980-08-10,26.5,23.1,32.4,19450,15.9,2.79,1.5
1980-08-11,23.2,21.2,26.6,10470,25.4,2.61,1.9
1980-08-12,22.0,18.2,25.6,20870,0.0,2.05,2.0
1980-08-13,23.0,16.4,28.7,21790,0.0,2.05,2.0
1980-08-14,24.1,21.4,28.7,17320,31.5,2.57,2.7
1980-08-15,22.3,20.8,24.5,12890,8.4,2.21,2.1
1980-08-16,18.7,17.1,20.2,7120,15.0,1.71,4.0
1980-08-17,21.8,16.7,29.1,12470,22.4,2.24,3.5
1980-08-18,24.4,22.1,28.2,13610,13.9,2.77,1.7
1980-08-19,25.4,20.5,30.0,21660,0.5,2.75,2.0
1980-08-20,27.4,23.7,31.4,22140,0.8,2.93,2.3
1980-08-21,25.7,22.1,28.9,19570,0.2,2.4,3.2
1980-08-22,22.1,18.4,25.8,21290,0.0,1.85,2.8
1980-08-23,20.8,15.0,26.5,24110,0.0,1.78,1.6
1980-08-24,21.1,14.4,27.2,24640,0.0,1.88,1.6
1980-08-25,23.0,17.6,28.1,23460,0.0,2.06,1.5
1980-08-26,24.0,18.2,29.7,23830,0.0,2.12,1.7
1980-08-27,25.1,19.1,31.1,23130,0.0,2.18,1.7
1980-08-28,25.6,21.2,31.2,19680,0.2,2.22,1.9
1980-08-29,24.9,21.3,29.6,19290,1.3,2.34,2.0
1980-08-30,24.0,19.9,28.6,19300,1.1,2.36,2.6
1980-08-31,25.2,21.2,29.6,15420,1.0,2.35,3.0
1980-09-01,25.6,21.6,29.6,14200,7.4,2.38,3.3
1980-09-02,22.4,19.0,26.3,14010,14.1,2.19,2.6
1980-09-03,21.1,14.1,27.0,22770,0.0,1.76,1.8
1980-09-04,23.7,19.6,28.2,16240,4.4,2.24,2.4
1980-09-05,23.5,20.1,26.7,14740,0.0,2.38,1.2
1980-09-06,23.7,20.3,28.1,21510,0.7,2.2,1.8
1980-09-07,22.0,15.8,28.8,17020,0.2,2.01,1.5
1980-09-08,23.4,18.7,28.6,15680,17.6,2.43,0.8
1980-09-09,23.3,18.2,28.3,13850,4.3,2.31,3.3
1980-09-10,17.5,12.9,21.8,20050,0.0,1.43,1.2
1980-09-11,17.9,11.4,23.3,16620,0.0,1.51,1.3
1980-09-12,19.3,15.6,24.8,11210,3.6,1.61,2.9
1980-09-13,25.1,20.8,29.8,16830,0.0,2.0,3.4
1980-09-14,21.5,18.7,24.0,11910,0.8,2.08,2.9
1980-09-15,17.8,16.0,19.6,8770,0.0,1.49,2.0
1980-09-16,19.0,15.1,24.0,8840,17.4,1.83,3.2
1980-09-17,16.3,12.8,19.8,9990,15.8,1.45,2.8
1980-09-18,15.8,10.7,21.7,19870,0.0,1.27,2.0
1980-09-19,18.9,11.8,25.5,20070,0.0,1.53,2.4
1980-09-20,23.3,18.9,28.8,19270,0.0,1.9,4.0
1980-09-21,25.1,22.2,29.0,14610,0.0,2.39,4.3
1980-09-22,24.6,19.4,30.1,14960,5.1,2.49,4.3
1980-09-23,16.2,12.6,19.3,16460,0.0,1.19,2.5
1980-09-24,15.3,10.0,21.1,18760,0.0,1.18,1.8
1980-09-25,17.6,13.4,22.9,16750,0.3,1.32,3.0
1980-09-26,11.7,8.1,14.9,17570,0.0,0.85,2.6
1980-09-27,12.4,6.1,18.7,13700,0.0,0.92,2.2
1980-09-28,16.1,10.8,21.3,15680,0.0,1.17,1.4
1980-09-29,17.0,11.0,23.8,18450,0.0,1.24,2.2
1980-09-30,18.0,11.1,25.2,17320,0.0,1.4,1.3
1980-10-01,19.6,14.4,26.3,16870,7.2,1.58,3.6
1980-10-02,14.1,9.9,19.3,16750,4.4,1.01,2.6
1980-10-03,9.1,7.2,11.5,8240,0.0,0.74,3.7
1980-10-04,7.0,2.8,10.9,11690,0.0,0.6,2.1
1980-10-05,7.0,1.1,11.8,13650,0.0,0.67,1.3
1980-10-06,9.3,2.3,17.0,17230,0.0,0.69,3.2
1980-10-07,13.7,7.1,20.3,16860,0.0,0.93,1.5
1980-10-08,17.4,11.1,26.6,16770,0.0,1.19,3.1
1980-10-09,14.6,10.3,20.2,16790,0.0,1.12,3.0
1980-10-10,14.3,6.8,23.7,16330,0.0,1.03,2.7
1980-10-11,11.6,8.9,12.9,7950,0.0,0.59,5.3
1980-10-12,8.4,4.9,11.5,15120,0.0,0.55,3.2
1980-10-13,7.4,0.7,13.9,16120,0.0,0.62,1.1
1980-10-14,13.8,8.3,21.4,14270,1.1,0.78,3.5
1980-10-15,16.5,12.0,21.6,11740,0.9,1.23,2.0
1980-10-16,19.1,15.1,24.4,11130,0.1,1.33,3.5
1980-10-17,19.1,15.7,21.2,5030,19.3,1.64,5.6
1980-10-18,12.4,7.6,16.5,15260,0.0,0.81,3.1
1980-10-19,7.3,3.9,10.1,9830,0.0,0.6,3.1
1980-10-20,10.7,6.6,16.0,6680,0.4,0.78,2.9
1980-10-21,12.0,7.1,16.9,13060,0.0,0.87,3.0
1980-10-22,9.1,4.8,14.5,14260,0.0,0.67,2.7
1980-10-23,11.8,6.8,18.6,13860,0.0,0.8,4.1
1980-10-24,11.3,6.6,14.8,4570,7.6,1.02,4.6
1980-10-25,5.1,2.4,6.9,8320,0.0,0.53,5.2
1980-10-26,2.8,-0.4,6.8,13760,0.0,0.42,3.7
1980-10-27,2.6,-0.5,6.6,3220,10.7,0.58,2.7
1980-10-28,3.9,1.4,7.2,8300,6.3,0.6,3.5
1980-10-29,1.7,-3.3,7.1,13400,0.0,0.43,1.5
1980-10-30,2.5,-4.5,9.5,13760,0.0,0.47,2.5
1980-10-31,7.6,1.5,15.3,13290,0.0,0.6,3.4
1980-11-01,6.5,2.6,10.6,12610,0.0,0.6,2.6
1980-11-02,5.2,-0.6,12.5,12460,0.0,0.58,2.3
1980-11-03,13.0,7.8,19.5,12230,0.0,0.88,5.2
1980-11-04,10.0,7.8,12.0,9060,0.0,0.8,4.3
1980-11-05,5.6,2.1,9.5,12300,0.0,0.55,2.6
1980-11-06,7.1,-0.7,15.5,12070,0.0,0.6,3.9
1980-11-07,14.4,7.9,19.6,7730,0.3,1.06,4.9
1980-11-08,9.5,6.1,14.0,8560,0.0,0.91,3.2
1980-11-09,14.5,11.0,17.8,11800,0.0,0.93,4.5
1980-11-10,6.1,1.0,11.6,10040,0.0,0.56,3.5
1980-11-11,1.7,-1.9,6.1,10950,0.0,0.47,1.6
1980-11-12,2.6,-0.2,6.2,2790,0.0,0.49,2.5
1980-11-13,10.2,5.2,17.0,9930,0.0,0.52,4.2
1980-11-14,7.6,5.0,12.7,960,7.7,0.8,2.8
1980-11-15,3.7,2.2,5.0,3810,1.6,0.58,2.9
1980-11-16,1.9,-1.0,5.2,8910,0.0,0.45,2.3
1980-11-17,0.7,-0.4,2.1,2720,1.3,0.43,2.8
1980-11-18,1.0,-1.4,4.0,5700,0.0,0.45,2.5
1980-11-19,-0.2,-4.5,5.9,10760,0.0,0.4,2.2
1980-11-20,1.5,-3.0,7.5,10430,0.0,0.45,3.6
1980-11-21,2.9,-0.4,6.6,10610,0.0,0.45,3.3
1980-11-22,3.1,-1.8,9.8,10530,0.0,0.44,3.3
1980-11-23,5.1,3.9,6.5,1810,3.8,0.7,3.0
1980-11-24,3.8,0.9,5.5,2780,0.7,0.67,3.2
1980-11-25,-0.3,-3.5,3.7,8300,0.0,0.37,2.3
1980-11-26,-1.1,-5.7,3.5,9370,0.0,0.39,1.9
1980-11-27,0.1,-1.1,1.4,4240,18.7,0.55,3.8
1980-11-28,-0.1,-1.0,0.6,4220,3.2,0.56,4.3
1980-11-29,1.2,-0.8,3.5,6620,2.6,0.56,5.2
1980-11-30,3.6,-2.1,9.8,9490,0.0,0.57,4.7
1980-12-01,9.5,6.6,12.2,2610,2.5,1.04,3.2
1980-12-02,3.0,-5.0,11.8,3450,4.6,0.69,5.8
1980-12-03,-4.2,-7.7,0.6,7420,0.0,0.27,2.3
1980-12-04,0.8,-3.5,5.4,5630,0.0,0.42,2.5
1980-12-05,7.6,4.0,11.9,3110,0.1,0.83,2.7
1980-12-06,12.5,9.9,16.4,3420,0.4,1.27,3.1
1980-12-07,13.7,12.2,15.7,3160,2.4,1.42,3.4
1980-12-08,10.7,4.4,15.0,710,14.2,1.2,4.0
1980-12-09,2.8,-0.5,4.4,1580,3.4,0.63,2.7
1980-12-10,-2.3,-5.0,0.8,7940,0.0,0.37,3.2
1980-12-11,-2.4,-5.3,0.3,7260,0.0,0.35,1.5
1980-12-12,4.0,-1.5,11.6,8680,0.0,0.63,3.4
1980-12-13,0.3,-4.3,2.6,7800,0.0,0.44,3.4
1980-12-14,-1.5,-4.8,2.8,8560,0.0,0.32,2.9
1980-12-15,-0.4,-2.8,2.8,5350,0.9,0.43,2.2
1980-12-16,-2.3,-4.0,0.8,8610,0.0,0.32,2.4
1980-12-17,-1.6,-4.1,1.0,7610,0.0,0.34,3.1
1980-12-18,1.6,-1.9,4.5,6220,0.0,0.51,2.7
1980-12-19,-9.6,-13.9,-2.9,9340,0.0,0.14,4.3
1980-12-20,-13.1,-16.0,-9.8,9480,0.0,0.09,2.2
1980-12-21,-10.7,-14.4,-6.3,9150,0.0,0.12,1.3
1980-12-22,-4.6,-8.5,0.5,8800,0.0,0.21,2.5
1980-12-23,0.2,-1.5,3.6,7050,0.0,0.4,2.8
1980-12-24,-3.8,-11.6,-0.7,6010,6.7,0.37,4.3
1980-12-25,-15.4,-20.5,-11.7,9520,0.0,0.11,2.5
1980-12-26,-7.3,-11.1,-5.0,4860,0.9,0.25,2.6
1980-12-27,-8.7,-15.1,-3.6,9270,0.0,0.25,1.8
1980-12-28,-4.5,-9.9,2.4,8590,0.0,0.34,2.1
1980-12-29,0.1,-1.7,2.0,3480,4.6,0.56,2.6
1980-12-30,-1.9,-3.9,-0.5,4850,0.0,0.44,2.4
1980-12-31,0.5,-1.0,2.2,2900,0.4,0.54,3.8
1981-01-01,-0.4,-1.6,1.4,4210,0.1,0.49,3.8
1981-01-02,-5.5,-9.1,-2.4,8840,0.0,0.27,3.1
1981-01-03,-6.9,-14.8,-2.4,7610,0.0,0.26,3.8
1981-01-04,-15.5,-18.7,-11.6,9160,0.0,0.1,3.0
1981-01-05,-11.1,-17.3,-5.5,8750,0.0,0.12,2.4
1981-01-06,-3.8,-5.9,-1.7,3450,12.3,0.35,4.3
1981-01-07,-12.2,-17.0,-2.5,10110,0.0,0.19,3.5
1981-01-08,-15.7,-19.1,-11.3,9770,0.0,0.14,1.2
1981-01-09,-13.7,-21.4,-7.8,8740,0.0,0.18,2.2
1981-01-10,-15.6,-19.3,-11.4,10820,0.0,0.13,2.4
1981-01-11,-15.6,-19.2,-13.3,10540,0.0,0.13,3.2
1981-01-12,-13.9,-20.3,-4.9,9310,0.2,0.17,3.4
1981-01-13,-5.7,-10.0,-1.6,10340,0.0,0.33,2.5
1981-01-14,-6.3,-11.4,-2.2,4580,0.0,0.34,1.1
1981-01-15,-4.0,-6.6,-1.1,4380,0.0,0.37,2.1
1981-01-16,-8.2,-12.9,-4.6,6980,0.0,0.24,4.0
1981-01-17,-9.4,-14.9,-5.3,10800,0.0,0.21,3.7
1981-01-18,-2.0,-5.4,3.3,10900,0.0,0.35,3.6
1981-01-19,0.3,-3.6,5.8,8910,0.0,0.49,3.0
1981-01-20,1.4,-1.4,4.7,3880,0.0,0.57,1.4
1981-01-21,0.4,-1.0,1.6,5310,0.0,0.55,2.2
1981-01-22,-0.1,-3.2,5.7,10930,0.0,0.46,3.3
1981-01-23,-0.2,-4.1,5.6,10460,0.0,0.44,1.7
1981-01-24,1.3,-4.1,9.4,11110,0.0,0.47,1.9
1981-01-25,5.5,0.7,11.3,7460,0.0,0.63,4.5
1981-01-26,5.4,2.0,9.9,7940,0.0,0.63,5.1
1981-01-27,1.9,-0.6,4.3,7340,0.0,0.44,3.1
1981-01-28,-2.8,-6.1,0.4,12270,0.0,0.29,3.2
1981-01-29,-6.1,-8.8,-3.7,10710,0.0,0.2,3.0
1981-01-30,-6.1,-8.4,-2.6,12710,0.0,0.21,3.0
1981-01-31,-3.7,-8.6,3.1,11740,0.0,0.22,3.3
1981-02-01,1.9,-3.2,5.4,1590,15.2,0.6,5.2
1981-02-02,-9.6,-14.0,-3.8,11170,0.8,0.17,5.7
1981-02-03,-12.9,-17.0,-8.6,11140,0.0,0.12,4.5
1981-02-04,-11.7,-13.7,-9.0,11760,0.0,0.13,3.6
1981-02-05,-9.6,-14.7,-3.5,11390,0.6,0.16,3.4
1981-02-06,-2.9,-4.8,-1.6,6930,0.5,0.34,3.9
1981-02-07,-0.4,-4.2,3.7,6130,0.0,0.43,4.0
1981-02-08,-6.4,-8.9,-3.2,13330,0.0,0.21,4.4
1981-02-09,-4.4,-9.0,1.7,12930,0.0,0.21,3.0
1981-02-10,0.1,-3.2,2.9,3550,32.0,0.56,4.0
1981-02-11,-15.6,-23.6,-4.2,12180,4.2,0.15,5.5
1981-02-12,-19.7,-29.2,-10.1,15490,0.0,0.1,3.1
1981-02-13,-10.0,-15.6,-3.0,15170,0.0,0.2,2.5
1981-02-14,-6.7,-13.1,2.2,15250,0.0,0.26,2.1
1981-02-15,1.0,-6.4,8.1,13420,0.0,0.5,3.3
1981-02-16,7.4,5.0,11.2,7120,1.8,0.87,4.2
1981-02-17,8.2,5.6,12.4,7640,0.0,1.02,3.2
1981-02-18,11.1,9.2,14.5,6200,0.0,1.25,3.5
1981-02-19,10.3,6.6,15.2,8050,1.4,1.07,2.0
1981-02-20,5.0,1.8,10.3,9080,0.0,0.78,2.2
1981-02-21,5.3,0.5,12.2,11180,0.0,0.73,2.8
1981-02-22,9.0,6.7,11.8,4090,6.6,0.8,5.7
1981-02-23,3.0,1.3,5.4,5580,5.6,0.64,5.8
1981-02-24,4.5,1.3,10.4,15740,0.1,0.57,4.1
1981-02-25,4.2,-1.6,10.6,16160,0.0,0.54,2.4
1981-02-26,2.1,-2.4,8.1,16950,0.0,0.47,3.4
1981-02-27,5.1,-1.8,13.1,10260,0.0,0.6,4.1
1981-02-28,8.0,4.2,13.5,7490,1.3,0.81,4.4
1981-03-01,3.6,1.5,6.3,9580,0.0,0.53,2.9
1981-03-02,0.8,-3.6,2.8,10500,0.0,0.4,2.9
1981-03-03,-1.6,-6.7,4.1,18030,0.0,0.32,1.6
1981-03-04,2.7,0.5,4.8,3510,5.9,0.6,2.3
1981-03-05,-0.0,-4.9,2.0,10200,4.1,0.47,3.9
1981-03-06,-1.9,-6.1,3.7,15160,0.0,0.32,3.0
1981-03-07,-3.2,-6.6,0.9,16380,0.0,0.3,2.9
1981-03-08,-1.0,-5.7,3.4,13220,0.0,0.39,0.9
1981-03-09,1.3,-2.0,4.5,9610,0.0,0.45,1.8
1981-03-10,3.5,-1.4,8.1,13720,0.0,0.5,2.7
1981-03-11,1.8,-0.6,5.2,15450,1.3,0.45,2.8
1981-03-12,5.4,-1.3,14.4,19730,0.0,0.55,4.3
1981-03-13,3.6,-0.9,8.3,18470,0.0,0.49,3.3
1981-03-14,0.9,-5.7,7.7,20380,0.0,0.38,2.0
1981-03-15,6.9,0.6,14.7,17690,0.6,0.63,4.6
1981-03-16,-0.8,-5.3,4.2,20970,0.0,0.3,5.0
1981-03-17,0.6,-5.0,3.7,19010,0.0,0.32,4.5
1981-03-18,-3.0,-6.6,0.7,13900,0.0,0.26,2.9
1981-03-19,-2.9,-5.8,-0.1,11530,1.2,0.3,3.1
1981-03-20,0.3,-4.0,5.2,15230,0.0,0.4,2.7
1981-03-21,2.9,-3.2,8.8,19110,0.0,0.49,2.1
1981-03-22,3.5,-2.0,9.1,20530,0.0,0.46,3.3
1981-03-23,3.9,-2.6,10.9,21810,0.0,0.49,2.9
1981-03-24,5.1,-2.9,13.4,22000,0.0,0.51,2.2
1981-03-25,4.4,-4.3,12.5,20290,0.0,0.5,1.5
1981-03-26,10.0,4.2,17.3,15570,5.5,0.8,3.6
1981-03-27,8.3,1.8,13.6,22880,1.1,0.75,2.7
1981-03-28,12.1,4.3,21.3,19630,0.0,0.79,4.5
1981-03-29,16.0,14.5,19.4,9360,4.2,1.19,6.1
1981-03-30,13.5,9.6,16.3,13850,2.5,1.09,5.1
1981-03-31,15.2,4.8,25.1,22530,0.0,1.04,4.3
1981-04-01,14.3,10.5,18.6,17740,0.0,0.65,5.7
1981-04-02,13.3,2.4,21.9,22510,0.0,0.75,3.5
1981-04-03,18.1,14.9,21.8,10090,3.4,1.12,5.9
1981-04-04,18.1,9.7,20.5,9410,2.1,1.4,7.6
1981-04-05,6.0,4.8,8.7,8750,0.0,0.5,4.2
1981-04-06,5.5,-0.9,11.4,24800,0.0,0.45,1.7
1981-04-07,11.2,4.1,18.8,22980,0.0,0.64,4.8
1981-04-08,16.5,12.3,21.5,14650,1.4,1.14,6.3
1981-04-09,12.5,6.4,16.3,24760,6.2,0.88,3.3
1981-04-10,13.7,7.7,22.7,10310,2.9,1.23,4.0
1981-04-11,18.5,15.8,20.3,6460,18.7,1.78,3.6
1981-04-12,16.4,14.4,20.0,7550,12.1,1.7,1.7
1981-04-13,18.0,11.5,24.3,13580,3.6,1.7,3.7
1981-04-14,13.0,5.8,20.3,19120,11.8,1.12,4.8
1981-04-15,7.4,0.7,13.2,26350,0.0,0.56,1.5
1981-04-16,10.3,3.3,16.3,15420,1.8,0.81,2.7
1981-04-17,18.7,13.4,24.6,16910,3.4,1.63,4.8
1981-04-18,14.2,8.1,17.6,26260,0.0,0.88,3.0
1981-04-19,10.1,6.6,14.0,5520,6.1,0.99,2.5
1981-04-20,7.6,3.6,11.3,25880,0.0,0.68,4.0
1981-04-21,6.4,0.4,13.2,26130,0.0,0.48,3.1
1981-04-22,13.3,7.1,17.8,5310,12.7,1.24,3.2
1981-04-23,14.7,11.8,17.1,20560,0.1,1.17,5.8
1981-04-24,8.3,4.9,11.5,9590,0.0,0.65,5.5
1981-04-25,9.6,3.6,14.8,23210,0.0,0.72,2.1
1981-04-26,15.2,7.0,25.1,21530,3.3,1.27,2.7
1981-04-27,18.9,11.3,26.5,24260,0.0,1.67,2.2
1981-04-28,20.7,17.3,25.2,16520,24.3,1.77,3.4
1981-04-29,12.3,8.8,16.5,11520,7.2,1.06,3.0
1981-04-30,12.2,9.0,16.8,16340,16.0,1.15,1.8
1981-05-01,9.8,4.5,15.1,22020,4.1,0.93,2.8
1981-05-02,9.1,1.9,15.3,28290,0.0,0.6,2.0
1981-05-03,13.9,6.7,21.4,27690,0.0,0.88,3.4
1981-05-04,17.7,11.4,24.7,22470,0.0,1.21,3.3
1981-05-05,15.8,8.3,19.7,6820,8.2,1.52,2.9
1981-05-06,10.9,8.0,14.8,27720,0.2,0.81,4.9
1981-05-07,9.4,3.0,15.3,28530,0.0,0.57,3.5
1981-05-08,12.2,4.1,19.6,26400,2.6,0.81,2.5
1981-05-09,15.9,11.2,20.8,15260,5.2,1.51,1.3
1981-05-10,14.5,11.6,16.8,2630,53.5,1.55,2.1
1981-05-11,9.4,5.9,11.5,4960,2.9,1.04,3.7
1981-05-12,9.2,3.4,15.1,25920,0.0,0.68,1.9
1981-05-13,10.8,7.2,15.9,10510,8.9,0.89,2.4
1981-05-14,10.4,7.9,12.6,3100,52.8,1.17,4.8
1981-05-15,12.0,7.8,17.1,21510,2.3,0.84,4.4
1981-05-16,13.7,5.4,21.1,26350,0.0,0.86,1.5
1981-05-17,14.3,10.4,18.7,14520,3.0,1.01,2.2
1981-05-18,8.9,4.6,13.1,5300,22.7,0.85,4.9
1981-05-19,12.3,8.4,17.9,27130,0.0,0.66,4.7
1981-05-20,13.2,4.8,20.5,30080,0.0,0.81,2.1
1981-05-21,16.4,5.5,24.0,29740,0.0,1.03,1.5
1981-05-22,17.3,8.9,23.7,26030,0.0,1.19,2.3
1981-05-23,19.7,14.5,25.7,20220,1.0,1.54,3.4
1981-05-24,20.6,17.9,25.3,16820,17.9,1.89,3.4
1981-05-25,19.9,14.5,24.4,26100,0.6,1.58,2.8
1981-05-26,18.5,16.2,20.1,8620,2.3,1.59,2.1
1981-05-27,17.6,14.5,21.2,16380,11.5,1.62,3.1
1981-05-28,16.6,10.1,22.4,27030,0.0,1.31,2.5
1981-05-29,20.3,13.4,26.9,24510,0.8,1.69,3.0
1981-05-30,18.5,12.9,20.4,12850,5.0,1.66,3.2
1981-05-31,15.6,8.4,21.7,30090,0.0,1.01,2.5
1981-06-01,16.9,12.0,21.2,19830,0.4,1.31,3.3
1981-06-02,20.9,16.6,25.7,18400,0.3,2.07,1.9
1981-06-03,22.3,18.6,26.8,19940,2.4,2.14,3.1
1981-06-04,21.3,15.9,26.1,27330,0.0,1.69,1.6
1981-06-05,22.1,16.9,27.2,18280,17.4,2.28,2.5
1981-06-06,22.2,17.2,25.8,24530,0.2,1.88,2.6
1981-06-07,19.9,11.9,26.4,30210,0.0,1.32,1.9
1981-06-08,23.5,19.1,29.6,19240,19.4,2.01,4.2
1981-06-09,21.6,17.8,24.6,25050,38.8,1.97,2.2
1981-06-10,20.6,15.9,24.9,26350,21.6,1.71,3.0
1981-06-11,19.6,13.1,25.4,20310,0.4,1.59,1.4
1981-06-12,20.6,17.3,23.9,5370,14.5,2.11,2.1
1981-06-13,23.9,21.0,27.5,13300,29.2,2.67,3.1
1981-06-14,27.0,24.0,30.0,23390,0.0,2.57,4.4
1981-06-15,26.9,23.7,30.7,26650,6.5,2.49,4.5
1981-06-16,20.7,17.9,23.3,13730,2.9,1.86,3.8
1981-06-17,18.0,11.5,23.1,30750,0.0,1.3,1.7
1981-06-18,20.4,14.0,26.0,30450,0.0,1.58,2.4
1981-06-19,20.6,16.4,24.9,19530,1.1,1.84,1.8
1981-06-20,21.8,15.9,27.3,24960,0.8,1.95,2.5
1981-06-21,21.9,19.0,25.7,10030,29.4,2.28,1.7
1981-06-22,21.7,18.6,24.8,27000,14.4,1.94,4.1
1981-06-23,19.6,14.6,23.8,27270,0.0,1.55,1.9
1981-06-24,23.4,17.2,29.1,21690,0.8,2.17,3.4
1981-06-25,23.0,19.1,25.4,26230,10.9,2.05,3.3
1981-06-26,18.8,14.1,22.6,25860,0.0,1.6,2.0
1981-06-27,18.4,11.7,24.4,27080,0.0,1.38,2.0
1981-06-28,21.6,16.2,27.5,23570,0.0,1.6,3.4
1981-06-29,25.0,20.3,29.9,26590,0.0,2.15,3.3
1981-06-30,24.4,21.8,28.4,19710,6.9,2.42,2.0
1981-07-01,22.4,20.3,26.3,16720,2.2,2.34,3.1
1981-07-02,21.4,18.1,25.1,22070,5.4,2.12,2.8
1981-07-03,21.4,16.7,25.6,22920,0.4,2.14,1.9
1981-07-04,21.9,19.1,25.2,12080,9.1,2.33,2.1
1981-07-05,22.5,20.2,26.8,12580,25.2,2.43,2.0
1981-07-06,23.8,18.6,28.2,23110,0.0,2.29,1.7
1981-07-07,24.9,19.1,29.5,23970,0.1,2.49,1.5
1981-07-08,26.6,22.7,30.3,26010,0.0,2.76,3.0
1981-07-09,26.3,23.1,30.6,22950,1.6,2.78,2.7
1981-07-10,23.0,17.9,27.0,30240,0.0,1.69,2.1
1981-07-11,22.3,14.6,28.7,29230,0.0,1.81,1.8
1981-07-12,24.8,19.2,30.8,21060,0.0,2.3,2.0
1981-07-13,27.4,24.6,32.3,21730,4.2,2.97,2.8
1981-07-14,24.4,20.3,27.8,27010,0.0,2.15,1.9
1981-07-15,22.3,20.0,24.7,12400,1.4,2.09,2.7
1981-07-16,23.1,19.9,26.7,20960,0.3,2.21,1.5
1981-07-17,23.9,18.6,28.7,25890,0.0,2.15,1.1
1981-07-18,24.6,18.5,29.1,23990,0.0,2.25,1.6
1981-07-19,23.6,22.3,25.0,4250,31.3,2.6,2.3
1981-07-20,24.1,22.2,28.5,16010,11.9,2.67,3.4
1981-07-21,22.0,18.3,24.7,22090,1.0,2.12,3.5
1981-07-22,18.4,13.5,22.4,20740,0.0,1.56,2.1
1981-07-23,19.7,15.0,24.4,22530,4.2,1.67,2.6
1981-07-24,21.8,17.0,26.7,23480,2.9,1.92,1.5
1981-07-25,23.1,18.0,26.8,16960,9.9,2.37,1.9
1981-07-26,23.6,21.3,26.9,14200,30.9,2.53,2.8
1981-07-27,20.3,17.7,24.0,6470,15.8,2.1,2.0
1981-07-28,21.1,16.4,22.6,9660,18.6,2.23,3.8
1981-07-29,17.5,12.8,21.1,18120,0.0,1.49,2.2
1981-07-30,19.1,14.6,23.5,26870,0.0,1.56,1.9
1981-07-31,20.0,13.4,25.6,27900,0.0,1.66,1.9
1981-08-01,21.5,13.9,27.3,26800,0.0,1.89,1.2
1981-08-02,22.9,16.7,27.8,22830,0.0,2.12,2.0
1981-08-03,23.3,21.2,25.7,10900,2.7,2.38,2.0
1981-08-04,23.9,19.1,28.7,19830,0.0,2.48,1.9
1981-08-05,24.0,21.2,28.8,16300,22.3,2.62,1.8
1981-08-06,23.5,20.9,27.3,16080,4.0,2.47,1.9
1981-08-07,22.6,20.1,25.6,22540,0.4,2.15,3.0
1981-08-08,20.5,17.6,23.5,16780,0.3,1.9,2.9
1981-08-09,21.3,16.1,25.7,22290,0.0,1.97,1.8
1981-08-10,21.7,18.4,26.3,19290,3.8,2.16,1.8
1981-08-11,20.1,15.5,24.0,23150,0.1,1.77,2.3
1981-08-12,21.1,16.2,25.7,21870,0.4,1.92,2.6
1981-08-13,23.0,18.6,27.5,22950,0.0,2.19,2.2
1981-08-14,22.6,19.1,25.9,11560,0.5,2.2,2.8
1981-08-15,23.2,20.1,26.3,13230,6.0,2.32,3.1
1981-08-16,19.5,18.2,21.1,13980,0.0,1.68,3.2
1981-08-17,17.3,12.4,21.5,25960,0.0,1.28,3.4
1981-08-18,17.0,11.4,22.5,25520,0.0,1.29,2.7
1981-08-19,19.1,14.3,24.5,24880,0.0,1.49,3.0
1981-08-20,19.4,13.1,25.3,25200,0.0,1.58,2.5
1981-08-21,20.2,14.4,25.9,24290,0.0,1.59,2.5
1981-08-22,20.1,14.1,25.3,24920,0.0,1.59,1.3
1981-08-23,20.8,14.0,26.2,20150,0.0,1.74,1.4
1981-08-24,22.2,15.6,27.6,21340,0.0,1.97,1.1
1981-08-25,23.1,18.8,27.9,18640,1.5,2.15,1.8
1981-08-26,22.9,19.5,27.2,16710,8.4,2.18,2.3
1981-08-27,21.4,19.4,24.7,8700,20.2,2.26,2.4
1981-08-28,21.4,19.2,25.8,13240,23.4,2.33,2.9
1981-08-29,21.9,19.4,26.2,14100,11.0,2.28,3.2
1981-08-30,22.2,19.0,27.0,18820,11.8,2.31,2.5
1981-08-31,24.1,20.7,28.4,18190,15.7,2.59,2.8
1981-09-01,22.4,20.7,24.4,6150,16.9,2.47,2.4
1981-09-02,22.0,20.7,24.3,8230,8.3,2.44,1.0
1981-09-03,21.0,20.0,22.7,5980,6.0,2.31,2.1
1981-09-04,20.4,17.0,23.0,12920,0.0,1.96,2.6
1981-09-05,18.3,14.7,22.0,12010,0.5,1.78,2.5
1981-09-06,19.8,17.2,23.5,13900,0.0,1.84,1.6
1981-09-07,19.4,15.7,23.9,12130,7.7,1.73,2.1
1981-09-08,18.1,15.0,20.9,19500,4.0,1.52,3.5
1981-09-09,17.1,11.7,21.8,20680,0.0,1.35,1.8
1981-09-10,20.2,15.1,26.3,21400,0.0,1.63,4.3
1981-09-11,22.1,17.2,27.4,20520,0.0,1.93,3.3
1981-09-12,22.5,18.0,27.6,18110,0.0,2.11,1.8
1981-09-13,23.0,19.5,28.4,15380,1.9,2.29,2.6
1981-09-14,21.8,19.3,25.3,9720,2.8,2.24,1.8
1981-09-15,18.1,14.4,21.6,16510,0.0,1.33,2.9
1981-09-16,14.3,10.8,17.0,13900,4.9,1.27,2.9
1981-09-17,11.3,9.4,15.2,13370,6.5,1.1,3.5
1981-09-18,12.0,8.5,15.4,13020,0.3,1.03,2.9
1981-09-19,15.3,9.6,21.7,20290,0.0,1.12,4.5
1981-09-20,17.6,11.8,22.3,18560,0.0,1.43,1.6
1981-09-21,18.6,12.9,24.0,18940,0.0,1.47,2.9
1981-09-22,13.8,10.2,18.5,19270,0.0,1.06,3.8
1981-09-23,11.3,6.2,16.5,20160,0.0,0.86,2.2
1981-09-24,14.1,7.8,20.7,17980,0.0,1.04,2.0
1981-09-25,18.5,13.8,23.8,14930,0.0,1.25,3.2
1981-09-26,22.2,18.8,27.0,13550,4.4,1.96,4.8
1981-09-27,18.1,12.3,22.0,19280,10.5,1.24,4.5
1981-09-28,12.4,7.8,15.9,19190,0.0,0.83,2.0
1981-09-29,12.4,7.6,17.8,8520,0.5,1.11,2.4
1981-09-30,20.0,13.8,26.9,16880,0.0,1.65,3.7
1981-10-01,17.9,10.3,23.6,15010,0.0,1.25,6.2
1981-10-02,8.1,5.1,10.9,11330,0.0,0.66,4.4
1981-10-03,8.4,3.2,13.9,17590,0.0,0.74,1.3
1981-10-04,13.2,8.2,19.1,9270,0.8,0.98,3.5
1981-10-05,18.7,11.9,25.5,11990,0.4,1.83,2.1
1981-10-06,17.1,12.0,23.5,9980,0.0,1.42,5.6
1981-10-07,10.2,6.5,13.7,14980,0.0,0.73,3.7
1981-10-08,9.5,6.4,13.6,15750,0.0,0.75,1.9
1981-10-09,10.6,5.3,16.9,16610,0.0,0.81,2.6
1981-10-10,11.6,9.4,14.2,3560,0.0,0.9,2.1
1981-10-11,12.0,7.6,16.9,16400,0.0,0.91,2.5
1981-10-12,12.3,7.9,18.4,15720,0.0,0.96,2.7
1981-10-13,14.5,8.5,21.3,14580,0.0,1.04,3.1
1981-10-14,14.1,12.6,17.1,3690,3.1,1.02,3.9
1981-10-15,14.8,12.7,17.9,3960,1.2,1.38,2.4
1981-10-16,12.1,8.1,15.6,15380,0.0,0.98,2.4
1981-10-17,13.4,7.7,18.9,5950,18.7,1.25,4.2
1981-10-18,10.3,5.9,18.0,9310,3.9,0.89,6.9
1981-10-19,5.8,2.0,9.7,15430,0.0,0.44,3.6
1981-10-20,11.6,6.2,18.8,14680,0.0,0.77,5.0
1981-10-21,12.4,6.9,16.8,8230,0.2,0.96,3.2
1981-10-22,6.0,3.6,6.7,1600,8.4,0.84,2.5
1981-10-23,1.8,-1.6,4.3,13600,0.0,0.41,3.7
1981-10-24,-0.2,-5.9,5.3,14860,0.0,0.33,2.4
1981-10-25,5.1,-1.4,12.3,13460,0.2,0.54,2.0
1981-10-26,9.2,7.0,13.0,3830,0.9,0.98,2.5
1981-10-27,9.8,6.3,13.1,3830,1.3,0.97,2.7
1981-10-28,9.0,1.7,16.2,11670,0.0,0.85,1.1
1981-10-29,11.1,6.3,17.4,13190,0.0,0.96,2.7
1981-10-30,14.0,8.7,21.2,12740,0.0,1.27,3.0
1981-10-31,15.3,11.2,20.9,9810,0.0,1.41,2.1
1981-11-01,16.2,13.7,20.1,5030,0.1,1.57,1.3
1981-11-02,15.8,13.6,19.4,5500,1.7,1.63,1.2
1981-11-03,15.5,12.5,20.1,6840,0.0,1.53,1.8
1981-11-04,16.0,13.0,21.0,9400,3.5,1.51,2.7
1981-11-05,13.3,11.6,15.5,8180,0.1,1.21,3.1
1981-11-06,7.8,5.1,11.7,10200,0.4,0.6,4.7
1981-11-07,6.0,0.4,12.1,12120,0.0,0.61,1.7
1981-11-08,9.2,4.2,14.8,6060,0.0,0.82,2.7
1981-11-09,5.9,0.9,11.1,7120,1.1,0.59,3.5
1981-11-10,2.0,-3.9,8.1,12070,0.0,0.48,2.2
1981-11-11,5.0,-0.8,11.1,11630,0.0,0.66,1.6
1981-11-12,4.3,-0.0,10.2,11510,0.0,0.61,2.2
1981-11-13,4.6,-0.4,11.1,9910,0.0,0.58,1.9
1981-11-14,5.4,-0.9,13.8,11460,0.0,0.65,1.7
1981-11-15,6.3,-1.1,14.9,11100,0.0,0.71,1.7
1981-11-16,8.6,4.1,14.8,8870,0.0,0.84,1.4
1981-11-17,8.7,4.5,13.1,10470,0.0,0.85,2.8
1981-11-18,6.6,1.0,12.2,10020,0.0,0.72,2.1
1981-11-19,12.7,8.7,16.5,3640,22.1,1.19,3.3
1981-11-20,2.2,-0.0,8.9,3800,14.4,0.6,6.4
1981-11-21,-1.1,-3.6,1.0,8310,0.0,0.37,3.9
1981-11-22,-2.7,-6.2,1.4,10360,0.0,0.37,1.3
1981-11-23,-0.8,-5.1,2.8,3010,9.5,0.48,3.0
1981-11-24,1.9,0.1,3.7,5490,0.0,0.6,2.4
1981-11-25,2.0,-0.9,6.0,8150,0.0,0.53,3.3
1981-11-26,10.0,3.7,15.2,1610,5.6,1.01,6.0
1981-11-27,2.7,-0.6,5.2,9420,0.0,0.47,3.9
1981-11-28,-0.6,-3.1,2.9,9180,0.0,0.43,1.7
1981-11-29,-0.8,-4.5,3.2,9600,0.0,0.43,1.0
1981-11-30,-0.3,-3.9,3.7,5530,8.0,0.44,4.4
1981-12-01,7.2,4.0,9.9,5430,1.7,0.82,5.9
1981-12-02,2.4,1.0,4.1,4170,0.0,0.52,4.2
1981-12-03,2.3,-2.7,7.1,7010,3.7,0.56,2.4
1981-12-04,2.1,-0.1,3.6,4560,3.3,0.58,4.5
1981-12-05,-1.8,-4.1,0.5,5730,0.0,0.41,2.2
1981-12-06,0.4,-4.3,5.9,7290,0.0,0.45,3.6
1981-12-07,6.7,2.3,12.2,7590,0.0,0.78,4.1
1981-12-08,1.3,-0.6,4.8,4620,0.0,0.42,5.2
1981-12-09,-2.2,-4.2,0.3,8530,0.0,0.34,3.9
1981-12-10,-3.2,-5.9,-0.5,7570,0.0,0.29,3.9
1981-12-11,-2.4,-4.1,0.7,5710,0.0,0.33,2.3
1981-12-12,-2.0,-3.9,0.7,4930,0.0,0.38,0.8
1981-12-13,-1.1,-4.5,2.5,6830,0.0,0.41,1.3
1981-12-14,0.4,-2.1,3.1,7290,0.0,0.47,1.7
1981-12-15,-2.7,-6.0,0.2,5890,0.0,0.33,2.4
1981-12-16,-5.1,-8.0,-1.9,6180,3.1,0.25,1.6
1981-12-17,-5.5,-8.0,-4.1,6030,6.7,0.35,3.7
1981-12-18,-10.6,-12.6,-8.1,9360,0.3,0.22,3.8
1981-12-19,-15.4,-19.4,-12.5,9840,0.0,0.15,3.1
1981-12-20,-16.6,-22.5,-8.5,9740,0.0,0.13,2.8
1981-12-21,-2.1,-7.6,0.3,3130,9.9,0.47,5.1
1981-12-22,0.5,-0.1,1.8,2990,18.4,0.62,2.0
1981-12-23,-5.1,-11.7,0.1,8390,7.0,0.39,3.5
1981-12-24,-8.5,-11.8,-4.3,9630,0.0,0.27,3.2
1981-12-25,-5.2,-9.7,0.3,9050,0.0,0.35,2.8
1981-12-26,-0.4,-3.6,3.1,6110,0.7,0.48,2.9
1981-12-27,-1.3,-3.4,2.1,4210,6.9,0.51,3.2
1981-12-28,-3.9,-6.4,-2.9,3230,8.4,0.41,2.3
1981-12-29,-8.1,-9.9,-6.4,7360,0.0,0.28,2.0
1981-12-30,-8.9,-15.6,-3.3,8610,0.0,0.27,2.8
1981-12-31,0.4,-2.8,2.4,2070,6.9,0.54,4.8
1982-01-01,-5.7,-7.5,0.7,6000,0.0,0.33,3.0
1982-01-02,-2.0,-6.9,4.4,4280,3.9,0.43,4.5
1982-01-03,3.1,1.5,5.1,3070,1.9,0.74,3.2
1982-01-04,-0.7,-8.2,8.3,3410,5.8,0.54,7.0
1982-01-05,-2.7,-9.2,5.3,9030,0.0,0.31,4.1
1982-01-06,0.0,-2.6,2.3,2330,0.0,0.46,3.0
1982-01-07,-8.5,-14.7,-2.9,9130,0.0,0.2,3.4
1982-01-08,-9.4,-16.1,-1.8,9130,0.0,0.16,4.0
1982-01-09,-13.5,-21.7,-5.7,10590,1.8,0.14,5.1
1982-01-10,-25.8,-28.9,-22.4,10860,0.2,0.04,6.7
1982-01-11,-19.4,-24.6,-15.5,9140,0.3,0.09,4.8
1982-01-12,-15.5,-19.8,-10.7,6150,3.5,0.15,1.6
1982-01-13,-10.8,-13.4,-10.0,8490,3.1,0.23,1.6
1982-01-14,-15.1,-20.5,-11.8,8660,0.0,0.16,2.2
1982-01-15,-17.3,-28.5,-2.0,8070,5.2,0.18,2.3
1982-01-16,-19.2,-28.3,-1.8,11460,1.9,0.14,6.1
1982-01-17,-25.3,-32.5,-16.5,6990,2.1,0.06,3.9
1982-01-18,-12.7,-16.5,-8.3,10620,0.0,0.18,3.3
1982-01-19,-6.6,-11.0,-2.6,5000,0.3,0.33,1.9
1982-01-20,-7.4,-12.9,-0.7,7910,5.2,0.33,3.1
1982-01-21,-3.6,-7.3,0.3,6770,0.7,0.43,3.1
1982-01-22,-3.7,-9.9,7.8,2360,20.2,0.46,5.4
1982-01-23,-4.1,-14.8,8.8,7980,5.5,0.45,6.8
1982-01-24,-15.3,-17.9,-12.6,11040,0.0,0.12,4.8
1982-01-25,-12.0,-17.0,-7.9,8690,1.8,0.19,2.5
1982-01-26,-18.3,-23.9,-12.6,12590,0.0,0.11,2.2
1982-01-27,-5.3,-15.0,2.9,12160,0.0,0.26,5.3
1982-01-28,-0.0,-6.4,3.1,10680,0.0,0.39,5.0
1982-01-29,-1.9,-8.4,5.3,8010,3.2,0.25,2.8
1982-01-30,1.1,-3.0,4.7,1740,36.9,0.63,3.0
1982-01-31,-6.9,-11.6,-3.5,3810,42.1,0.33,7.1
1982-02-01,-16.1,-21.2,-12.0,13370,0.0,0.14,2.5
1982-02-02,-9.6,-13.5,-5.8,12510,0.0,0.25,2.6
1982-02-03,-7.4,-9.8,-5.7,6090,4.0,0.31,5.6
1982-02-04,-14.4,-16.9,-10.4,13910,0.0,0.16,3.5
1982-02-05,-11.6,-14.5,-8.5,7020,2.6,0.22,2.7
1982-02-06,-19.7,-23.4,-14.3,14740,0.0,0.1,4.7
1982-02-07,-13.6,-19.4,-8.6,14480,0.0,0.16,6.1
1982-02-08,-11.0,-16.3,-6.5,9690,2.8,0.22,2.3
1982-02-09,-11.6,-19.1,-7.6,13580,6.6,0.21,5.3
1982-02-10,-22.0,-27.0,-18.1,14720,0.0,0.08,3.2
1982-02-11,-14.5,-18.8,-9.0,15200,0.0,0.16,3.5
1982-02-12,-10.8,-14.1,-6.4,9640,0.3,0.23,1.3
1982-02-13,-10.9,-17.1,-3.8,11680,0.0,0.25,3.4
1982-02-14,-1.8,-5.3,2.7,12920,0.0,0.44,5.9
1982-02-15,2.9,2.0,4.4,13400,0.0,0.65,4.8
1982-02-16,2.4,1.4,3.7,2430,6.8,0.72,2.8
1982-02-17,0.4,-1.0,1.3,5120,1.2,0.57,4.1
1982-02-18,-0.5,-1.4,0.4,2470,5.5,0.55,1.6
1982-02-19,0.5,-1.7,2.8,9210,1.5,0.6,2.9
1982-02-20,4.1,1.1,8.9,9770,1.8,0.69,3.8
1982-02-21,0.9,-1.5,3.2,7010,0.0,0.55,4.1
1982-02-22,-0.3,-6.0,5.6,15400,0.0,0.51,2.1
1982-02-23,4.4,1.0,10.4,14880,0.0,0.66,3.2
1982-02-24,0.3,-3.4,2.6,7440,1.1,0.48,3.8
1982-02-25,-4.8,-8.2,-1.2,15360,0.0,0.25,3.2
1982-02-26,-4.0,-8.6,2.4,16650,0.0,0.22,1.8
1982-02-27,-1.5,-6.4,5.5,17670,0.0,0.27,2.8
1982-02-28,-0.3,-6.1,8.0,16250,0.0,0.36,2.0
1982-03-01,4.3,-1.1,10.5,14140,0.0,0.51,3.4
1982-03-02,1.7,-2.4,7.2,4270,10.2,0.6,2.8
1982-03-03,-6.2,-9.1,-2.8,17900,0.1,0.29,4.8
1982-03-04,-0.1,-6.7,6.7,3180,10.8,0.57,4.5
1982-03-05,-4.6,-8.1,0.3,17680,0.0,0.3,2.2
1982-03-06,-5.3,-8.7,-1.4,9110,0.7,0.31,1.6
1982-03-07,-5.9,-9.0,-2.8,12750,0.0,0.24,3.1
1982-03-08,-3.8,-9.7,3.2,13540,2.7,0.28,3.3
1982-03-09,-6.8,-13.5,-0.4,19430,0.0,0.25,3.1
1982-03-10,4.6,-2.9,12.3,9900,2.5,0.7,3.2
1982-03-11,9.1,1.8,13.0,14910,2.6,0.95,3.8
1982-03-12,7.3,-1.6,15.9,10040,2.6,0.94,4.1
1982-03-13,9.1,2.7,16.1,20170,10.4,0.65,5.9
1982-03-14,5.7,0.3,10.8,11430,2.8,0.51,2.2
1982-03-15,4.4,2.1,6.7,4850,7.7,0.65,4.3
1982-03-16,12.3,5.4,20.6,11070,10.5,1.24,5.0
1982-03-17,7.1,2.1,11.4,19720,0.0,0.78,2.2
1982-03-18,8.0,1.2,15.6,18050,0.0,0.85,1.9
1982-03-19,4.4,2.9,7.1,3360,21.2,0.72,4.6
1982-03-20,9.6,4.0,17.5,15750,4.8,0.98,2.5
1982-03-21,5.0,3.5,7.1,14650,0.0,0.6,4.2
1982-03-22,4.2,1.0,9.0,12820,0.0,0.48,2.7
1982-03-23,5.4,-1.1,10.9,16290,0.0,0.55,2.1
1982-03-24,8.1,4.4,13.9,13460,0.4,0.63,2.8
1982-03-25,4.0,0.9,6.2,10120,7.9,0.57,3.0
1982-03-26,-1.0,-4.4,2.2,17740,1.3,0.31,3.7
1982-03-27,-4.2,-8.5,0.9,23370,0.0,0.24,2.9
1982-03-28,-1.4,-8.4,6.1,23550,0.0,0.31,1.7
1982-03-29,5.3,-3.2,14.0,22380,0.0,0.46,3.0
1982-03-30,12.2,8.1,16.9,7740,13.2,1.1,7.1
1982-03-31,12.4,8.6,15.5,20750,0.4,0.83,5.3
1982-04-01,10.7,4.3,17.2,23240,0.0,0.63,2.1
1982-04-02,12.8,6.8,19.5,17660,2.1,0.91,5.6
1982-04-03,6.8,0.9,15.9,7510,12.6,0.71,9.7
1982-04-04,-0.1,-4.9,4.5,24060,0.0,0.27,4.7
1982-04-05,-1.6,-4.2,1.5,7940,17.8,0.35,5.0
1982-04-06,-7.7,-11.3,-4.7,25220,2.3,0.28,4.7
1982-04-07,-6.1,-14.6,-0.4,21440,0.0,0.27,1.8
1982-04-08,-2.4,-5.9,1.6,14220,5.0,0.39,3.2
1982-04-09,-1.8,-3.7,0.3,19780,5.2,0.47,2.2
1982-04-10,0.5,-4.8,7.0,19690,1.7,0.52,3.4
1982-04-11,-0.1,-5.4,5.2,25960,0.0,0.44,2.3
1982-04-12,7.4,-5.2,17.4,16080,0.1,0.68,4.5
1982-04-13,11.9,6.1,16.1,8620,0.2,0.98,4.3
1982-04-14,7.6,0.6,14.2,25640,0.0,0.67,2.0
1982-04-15,12.7,3.4,22.3,25550,0.0,0.91,3.1
1982-04-16,17.1,15.9,18.4,6580,5.5,1.64,5.1
1982-04-17,13.6,9.3,18.5,14720,2.1,1.14,5.9
1982-04-18,10.1,3.6,15.9,26430,0.0,0.61,2.4
1982-04-19,12.1,6.5,16.8,18530,2.1,0.94,3.0
1982-04-20,11.8,5.9,15.3,24750,2.7,0.85,4.0
1982-04-21,6.5,-0.1,11.9,26550,0.0,0.43,2.5
1982-04-22,7.6,0.0,13.3,26700,0.0,0.52,2.0
1982-04-23,9.5,2.0,16.8,27060,0.0,0.62,2.9
1982-04-24,12.4,6.0,19.0,26950,0.0,0.72,3.0
1982-04-25,13.7,8.2,19.3,15490,0.0,0.92,2.5
1982-04-26,13.6,6.1,19.7,18560,1.7,1.24,1.8
1982-04-27,8.6,4.8,14.0,27260,0.0,0.64,4.5
1982-04-28,8.5,2.4,14.5,26930,0.0,0.51,3.5
1982-04-29,11.1,6.5,16.7,16860,0.0,0.58,4.2
1982-04-30,13.0,9.2,18.0,11560,0.8,0.97,1.5
1982-05-01,15.0,10.3,19.7,16600,0.0,0.99,1.5
1982-05-02,15.2,8.0,21.5,25760,0.0,0.8,1.5
1982-05-03,15.7,6.1,23.4,25050,0.0,0.89,1.8
1982-05-04,18.2,11.6,25.4,24560,0.0,0.97,2.6
1982-05-05,21.3,15.2,27.6,24780,0.0,1.17,4.0
1982-05-06,22.0,16.8,26.4,19330,0.0,1.37,4.7
1982-05-07,14.2,9.4,21.3,3680,40.5,1.34,2.3
1982-05-08,14.3,5.0,22.1,26050,0.5,1.02,1.9
1982-05-09,17.3,9.8,24.1,27320,0.0,1.25,1.0
1982-05-10,18.7,11.8,25.4,27870,0.0,1.25,2.8
1982-05-11,20.3,13.2,26.5,28160,0.0,1.37,3.0
1982-05-12,21.9,15.1,27.8,27140,0.0,1.47,2.6
1982-05-13,22.0,15.2,28.2,26690,0.0,1.47,2.4
1982-05-14,22.9,16.6,28.9,24970,0.0,1.42,2.6
1982-05-15,22.4,16.3,28.0,24950,0.0,1.58,2.1
1982-05-16,21.8,15.6,27.9,25470,2.1,1.84,1.4
1982-05-17,22.7,15.9,28.8,26540,0.0,1.68,2.1
1982-05-18,22.6,17.7,28.2,22570,0.5,1.67,2.6
1982-05-19,21.7,16.1,26.9,24200,0.1,1.74,2.6
1982-05-20,21.4,16.2,26.8,21830,5.3,1.77,2.2
1982-05-21,18.2,12.1,23.8,12980,11.5,1.73,2.8
1982-05-22,20.2,17.2,24.4,19560,7.3,1.85,2.4
1982-05-23,17.2,13.9,20.4,12550,0.0,1.39,2.1
1982-05-24,16.0,12.0,19.5,15230,0.0,1.34,1.4
1982-05-25,17.9,14.4,21.7,16200,0.0,1.38,2.1
1982-05-26,19.1,15.9,23.0,11750,6.2,1.81,2.9
1982-05-27,19.1,17.3,22.4,9180,16.0,1.94,2.2
1982-05-28,19.4,13.3,24.2,19240,0.2,1.7,1.9
1982-05-29,20.2,17.7,24.3,8720,26.5,2.1,3.0
1982-05-30,21.2,17.0,25.4,18650,0.1,1.97,2.4
1982-05-31,21.5,17.2,26.8,21550,20.7,2.14,2.3
1982-06-01,17.4,14.3,20.1,23920,9.2,1.37,3.5
1982-06-02,16.7,10.5,22.1,22550,0.5,1.24,1.3
1982-06-03,13.9,11.1,17.4,15810,7.7,1.24,3.5
1982-06-04,14.0,10.2,17.9,10060,1.3,1.27,3.1
1982-06-05,16.3,11.3,21.8,28280,0.0,1.27,2.5
1982-06-06,17.1,9.3,23.2,26370,0.0,1.32,1.4
1982-06-07,20.0,14.9,26.5,15700,4.6,1.86,2.9
1982-06-08,22.7,18.1,27.8,24110,6.1,2.1,1.6
1982-06-09,21.7,17.3,27.7,14760,16.2,2.26,1.7
1982-06-10,18.6,14.6,21.6,30180,0.0,1.46,3.4
1982-06-11,18.2,10.8,23.4,25890,0.0,1.32,1.1
1982-06-12,19.4,15.5,22.7,22470,0.1,1.54,1.1
1982-06-13,18.3,14.5,21.9,29730,0.0,1.38,2.2
1982-06-14,18.8,11.7,24.9,29500,0.0,1.26,2.3
1982-06-15,20.9,18.1,26.6,16330,13.3,1.77,4.9
1982-06-16,15.6,11.8,19.0,16500,8.0,1.41,3.4
1982-06-17,15.4,6.3,22.5,29600,0.0,1.26,1.7
1982-06-18,19.0,13.7,24.3,18820,1.3,1.62,1.9
1982-06-19,17.4,14.6,20.0,18670,12.3,1.53,3.0
1982-06-20,18.6,14.0,24.0,25550,4.7,1.41,3.9
1982-06-21,17.6,12.2,21.6,24130,0.0,1.32,2.4
1982-06-22,17.8,14.9,21.5,23470,0.1,1.37,2.3
1982-06-23,16.0,9.5,21.1,23800,0.0,1.21,1.7
1982-06-24,18.0,10.3,24.2,28280,0.0,1.33,1.6
1982-06-25,20.6,13.6,26.6,28290,0.0,1.58,2.0
1982-06-26,21.5,14.5,26.4,25400,0.1,1.92,0.7
1982-06-27,23.3,18.9,28.7,22610,6.0,2.3,1.6
1982-06-28,22.2,20.3,24.6,10620,36.5,2.45,1.2
1982-06-29,22.2,18.8,27.3,20070,1.3,2.24,1.7
1982-06-30,18.3,14.4,21.4,29460,0.0,1.34,3.6
1982-07-01,17.3,10.4,23.1,29020,0.0,1.2,1.7
1982-07-02,18.8,14.2,22.6,11800,7.0,1.68,2.4
1982-07-03,22.6,20.2,26.5,12480,24.7,2.41,3.4
1982-07-04,23.7,18.5,28.7,26040,1.1,2.38,1.6
1982-07-05,24.6,18.5,30.6,27830,0.0,2.39,1.8
1982-07-06,26.6,22.3,30.8,25980,0.3,2.63,3.1
1982-07-07,25.9,21.8,28.1,23490,2.0,2.49,3.3
1982-07-08,22.6,17.3,27.3,27650,0.0,2.01,1.8
1982-07-09,21.6,14.3,27.6,29450,0.0,1.69,1.4
1982-07-10,23.2,20.5,27.1,13680,14.6,2.48,3.4
1982-07-11,21.8,19.8,23.8,21830,1.7,2.11,4.1
1982-07-12,21.2,15.6,26.0,25830,0.0,1.79,1.9
1982-07-13,21.8,16.2,26.9,23250,6.1,2.04,1.8
1982-07-14,23.5,18.7,28.4,24890,0.5,2.25,1.7
1982-07-15,24.4,18.7,28.9,26390,0.0,2.2,1.7
1982-07-16,25.6,20.4,30.7,25970,0.0,2.41,2.6
1982-07-17,27.0,23.4,30.5,24160,0.0,2.7,3.4
1982-07-18,26.1,23.3,29.3,19390,1.7,2.74,3.2
1982-07-19,23.8,21.7,28.9,10530,21.5,2.67,1.7
1982-07-20,24.6,21.1,28.7,24080,0.7,2.51,1.7
1982-07-21,24.0,18.9,28.6,26640,0.0,2.19,2.4
1982-07-22,21.8,20.7,23.4,6000,13.9,2.31,2.5
1982-07-23,22.5,17.7,27.2,27400,0.0,2.03,2.9
1982-07-24,23.0,17.6,28.1,27550,0.0,2.09,1.9
1982-07-25,24.1,17.1,29.6,25680,0.0,2.2,1.5
1982-07-26,24.8,18.9,29.3,23750,0.0,2.38,1.3
1982-07-27,24.9,20.6,29.4,22230,4.3,2.59,1.7
1982-07-28,22.8,19.4,25.9,24940,2.4,2.12,3.2
1982-07-29,21.1,15.6,25.9,19560,0.0,1.76,1.3
1982-07-30,22.1,16.5,26.4,22760,0.3,1.97,2.0
1982-07-31,21.9,17.7,25.8,22310,0.0,1.85,1.8
1982-08-01,22.3,16.6,27.0,22890,0.0,1.92,1.8
1982-08-02,24.1,19.5,29.2,23610,0.2,2.17,2.3
1982-08-03,26.0,20.1,31.9,24700,0.0,2.52,2.2
1982-08-04,26.9,23.9,31.7,21780,13.5,2.69,2.4
1982-08-05,25.1,22.3,27.9,13180,11.5,2.75,2.0
1982-08-06,24.5,20.6,28.7,19490,0.0,2.41,2.8
1982-08-07,24.0,21.3,27.3,15130,18.9,2.53,2.0
1982-08-08,23.7,21.0,27.5,16560,8.5,2.42,2.5
1982-08-09,20.5,16.4,23.5,21710,0.0,1.68,3.1
1982-08-10,18.1,16.3,20.3,15440,0.4,1.5,1.6
1982-08-11,17.0,12.1,21.3,21580,0.0,1.37,1.7
1982-08-12,17.5,11.9,22.2,20890,0.0,1.38,1.2
1982-08-13,18.4,11.8,24.1,25910,0.0,1.45,1.5
1982-08-14,19.8,13.0,25.5,24750,0.0,1.61,1.5
1982-08-15,21.7,15.6,27.4,24440,0.0,1.77,1.6
1982-08-16,22.8,17.7,27.9,23070,0.0,1.87,1.9
1982-08-17,22.0,16.6,27.9,23250,0.9,1.93,2.4
1982-08-18,20.5,13.7,25.9,25490,0.0,1.56,1.3
1982-08-19,21.7,15.1,27.8,24350,0.0,1.63,2.3
1982-08-20,23.3,20.3,27.1,12990,7.2,2.03,3.0
1982-08-21,20.1,17.1,23.4,20480,0.0,1.59,2.4
1982-08-22,19.7,14.2,25.0,18290,1.5,1.53,3.0
1982-08-23,22.3,19.0,26.0,17020,1.7,2.13,2.0
1982-08-24,21.4,15.2,27.7,17240,11.0,2.08,2.5
1982-08-25,19.6,16.0,22.9,21650,0.0,1.63,3.3
1982-08-26,18.5,13.4,23.5,15900,0.1,1.56,2.1
1982-08-27,19.1,15.1,24.5,17250,0.0,1.72,2.3
1982-08-28,15.5,9.8,20.7,23610,0.0,1.11,2.5
1982-08-29,17.4,10.5,24.0,22360,0.0,1.25,2.5
1982-08-30,21.4,18.4,25.0,12430,2.0,1.96,2.4
1982-08-31,22.4,18.0,27.3,16040,0.8,2.22,1.1
1982-09-01,23.2,20.7,27.6,7710,2.4,2.57,2.5
1982-09-02,23.0,19.2,27.3,17880,2.6,2.03,3.5
1982-09-03,18.1,13.6,22.1,22250,0.0,1.14,3.2
1982-09-04,16.9,10.1,22.9,22810,0.0,1.22,1.2
1982-09-05,19.0,13.3,25.3,22870,0.0,1.36,2.1
1982-09-06,18.8,14.3,23.1,10090,0.0,1.61,1.2
1982-09-07,18.8,17.0,21.7,8920,1.7,1.8,2.2
1982-09-08,18.1,12.6,23.8,21830,0.0,1.48,1.8
1982-09-09,20.3,14.9,26.2,15350,0.0,1.65,1.7
1982-09-10,22.1,16.9,28.0,18360,0.2,1.82,2.5
1982-09-11,23.3,18.5,28.2,17720,0.0,1.99,2.7
1982-09-12,23.8,19.5,28.7,17410,0.3,2.32,2.9
1982-09-13,24.1,20.5,29.0,12190,0.0,2.37,2.3
1982-09-14,23.8,20.2,28.6,10900,1.6,2.39,1.8
1982-09-15,22.4,19.2,25.8,10980,0.7,2.17,2.2
1982-09-16,17.8,15.1,20.5,18100,0.0,1.23,2.3
1982-09-17,18.3,12.0,24.7,17510,2.4,1.35,2.6
1982-09-18,16.5,13.0,19.6,17220,12.6,1.31,3.0
1982-09-19,14.7,10.9,18.8,11370,0.0,1.04,1.8
1982-09-20,14.6,11.7,17.9,17950,0.0,1.03,3.1
1982-09-21,11.5,8.5,14.6,12960,0.1,0.93,3.4
1982-09-22,12.0,9.0,15.5,12540,0.5,0.98,2.8
1982-09-23,13.2,6.5,20.1,19420,1.8,0.98,2.9
1982-09-24,16.4,13.8,21.1,9860,2.8,1.47,3.3
1982-09-25,14.7,11.9,17.6,9290,0.2,1.33,2.8
1982-09-26,14.3,9.9,18.8,11150,0.1,1.27,1.4
1982-09-27,15.6,12.7,19.7,10500,1.3,1.4,2.0
1982-09-28,16.1,9.9,22.4,18130,0.0,1.29,2.6
1982-09-29,19.0,13.6,25.4,17950,0.0,1.45,3.2
1982-09-30,19.5,13.0,26.4,17820,0.0,1.53,1.9
1982-10-01,20.3,13.9,27.3,17450,0.0,1.62,1.4
1982-10-02,20.4,14.5,26.9,15790,0.0,1.66,2.0
1982-10-03,20.6,16.7,24.6,13150,0.0,1.51,2.0
1982-10-04,18.8,14.1,24.6,14130,0.0,1.36,2.1
1982-10-05,21.2,16.3,27.0,14200,0.0,1.85,2.0
1982-10-06,22.5,17.6,28.1,11640,1.3,1.87,3.4
1982-10-07,17.7,13.1,21.2,14620,9.4,1.42,2.9
1982-10-08,17.1,9.9,24.5,10850,0.0,1.51,1.7
1982-10-09,20.3,18.3,22.4,2320,14.8,2.29,3.2
1982-10-10,17.9,12.7,21.8,16770,1.0,1.31,3.4
1982-10-11,13.1,11.7,14.6,4870,0.0,0.95,2.9
1982-10-12,12.5,9.9,15.5,9640,0.0,0.82,2.1
1982-10-13,11.3,7.1,16.2,11610,0.0,0.89,2.2
1982-10-14,11.1,6.8,14.1,11650,0.0,0.86,4.1
1982-10-15,12.5,8.8,17.2,11260,0.0,0.9,3.6
1982-10-16,8.7,5.3,11.6,15500,0.0,0.57,3.3
1982-10-17,7.1,1.9,13.2,10800,0.9,0.6,2.2
1982-10-18,12.1,6.2,19.5,14800,0.2,0.71,3.7
1982-10-19,15.1,11.5,18.6,8410,1.7,1.11,4.7
1982-10-20,9.3,5.4,17.1,7440,7.1,0.79,6.9
1982-10-21,5.4,2.3,8.3,13280,0.0,0.5,1.6
1982-10-22,5.4,3.0,8.9,12390,0.0,0.53,1.5
1982-10-23,4.7,0.1,10.4,14260,0.0,0.53,1.8
1982-10-24,5.6,-0.1,12.8,14540,0.0,0.55,1.9
1982-10-25,6.8,-0.3,14.6,14340,0.0,0.62,1.7
1982-10-26,8.3,1.3,16.8,13810,0.0,0.64,1.5
1982-10-27,10.2,3.7,17.7,13360,0.0,0.6,2.9
1982-10-28,14.6,10.0,20.5,12280,0.0,0.73,4.8
1982-10-29,13.5,9.5,16.8,11230,3.8,0.91,4.9
1982-10-30,11.9,7.6,16.7,8080,0.0,1.06,2.9
1982-10-31,16.0,13.3,17.8,1340,8.4,1.76,3.6
1982-11-01,18.5,16.9,20.8,3700,2.8,1.86,4.4
1982-11-02,16.7,12.5,18.4,2850,25.1,1.76,3.6
1982-11-03,9.2,3.5,12.3,5950,0.0,0.84,3.4
1982-11-04,0.6,-1.6,2.9,8040,0.0,0.34,3.3
1982-11-05,0.3,-2.4,2.7,6230,0.0,0.35,4.3
1982-11-06,2.3,-0.3,6.7,9940,0.0,0.4,2.8
1982-11-07,7.4,2.5,13.7,8790,0.0,0.58,4.3
1982-11-08,12.4,10.1,15.9,6290,0.0,0.95,2.6
1982-11-09,12.0,9.2,17.4,9140,0.0,0.95,1.5
1982-11-10,12.2,7.4,18.4,9950,1.0,1.04,3.0
1982-11-11,14.6,13.6,16.4,2450,7.2,1.39,5.1
1982-11-12,10.0,-1.1,17.1,6490,9.1,0.79,8.0
1982-11-13,-3.1,-6.5,-0.7,11630,0.0,0.24,3.0
1982-11-14,-1.0,-3.8,2.6,6790,0.0,0.32,3.0
1982-11-15,-2.8,-6.8,1.6,11290,0.0,0.27,2.2
1982-11-16,0.9,-3.1,6.1,8830,0.0,0.37,3.1
1982-11-17,3.5,-3.1,11.1,10790,0.0,0.56,1.9
1982-11-18,9.0,4.9,14.1,6680,0.0,0.99,2.2
1982-11-19,12.2,9.8,15.2,2620,5.0,1.28,3.7
1982-11-20,14.9,13.6,16.5,1590,11.7,1.62,5.0
1982-11-21,10.3,6.3,15.5,3540,9.1,1.07,2.9
1982-11-22,8.2,4.7,11.4,3070,0.0,0.85,2.0
1982-11-23,6.9,1.3,10.1,990,10.2,0.95,3.1
1982-11-24,-3.3,-6.5,0.8,10460,0.1,0.27,3.5
1982-11-25,-2.9,-6.4,0.6,5970,0.0,0.29,2.3
1982-11-26,1.2,0.1,2.4,1860,10.3,0.5,2.8
1982-11-27,0.9,-1.8,3.6,7460,0.0,0.46,2.8
1982-11-28,6.4,0.0,12.6,1840,16.5,0.92,4.3
1982-11-29,5.6,3.8,7.6,4530,0.8,0.73,3.5
1982-11-30,9.3,3.9,16.1,7030,0.0,1.03,3.7
1982-12-01,13.2,10.3,16.3,3000,0.0,1.42,3.3
1982-12-02,18.4,15.7,21.3,6090,0.2,1.78,5.3
1982-12-03,18.0,16.6,19.5,940,43.7,1.87,4.0
1982-12-04,11.5,10.5,16.2,1800,9.1,1.17,2.5
1982-12-05,14.2,9.6,16.4,4100,14.0,1.39,5.1
1982-12-06,5.1,1.2,10.0,8100,0.5,0.56,4.0
1982-12-07,2.6,-1.3,7.9,8090,0.0,0.53,1.4
1982-12-08,1.7,-2.1,7.1,8250,0.0,0.56,2.3
1982-12-09,-3.2,-6.6,-0.5,7250,0.0,0.3,2.6
1982-12-10,-0.5,-2.1,0.6,2110,11.5,0.47,3.3
1982-12-11,-3.3,-7.2,-0.3,6950,0.0,0.37,3.2
1982-12-12,-9.3,-13.4,-6.7,9160,0.0,0.19,2.4
1982-12-13,-7.2,-15.7,-0.8,9010,0.0,0.22,3.9
1982-12-14,1.8,-2.3,6.4,6410,0.6,0.52,5.1
1982-12-15,5.9,2.3,7.1,890,7.7,0.9,2.5
1982-12-16,0.9,-0.9,2.5,3550,0.4,0.54,3.7
1982-12-17,-0.6,-2.1,2.0,6430,0.0,0.43,2.3
1982-12-18,3.0,0.0,7.0,6190,0.0,0.56,5.1
1982-12-19,2.9,0.3,5.7,5210,0.6,0.63,3.7
1982-12-20,-0.4,-1.4,0.8,3910,0.0,0.4,3.4
1982-12-21,-2.1,-5.4,1.7,8060,0.0,0.36,1.8
1982-12-22,3.1,-2.8,9.0,2130,0.6,0.61,3.2
1982-12-23,11.8,9.6,13.8,1140,3.7,1.33,4.9
1982-12-24,13.0,10.4,15.2,2580,5.8,1.31,5.3
1982-12-25,14.7,9.3,17.1,3460,21.8,1.37,5.5
1982-12-26,4.6,1.2,8.0,5350,0.0,0.6,2.8
1982-12-27,9.1,5.8,15.1,1200,8.9,1.09,2.5
1982-12-28,7.8,-1.7,15.7,3730,4.6,0.84,7.5
1982-12-29,-4.3,-5.7,-2.6,6730,0.0,0.25,3.9
1982-12-30,-4.2,-6.9,-1.1,8630,0.0,0.26,1.5
1982-12-31,-2.2,-5.1,2.0,7830,0.0,0.34,2.2
1983-01-01,-0.0,-3.4,5.6,8920,0.0,0.43,3.5
1983-01-02,-1.5,-4.1,1.3,5210,0.0,0.41,2.5
1983-01-03,-4.0,-7.2,-1.0,9350,0.0,0.26,1.9
1983-01-04,-2.1,-6.2,4.0,9370,0.0,0.34,3.4
1983-01-05,0.1,-1.6,3.0,4540,0.0,0.51,2.3
1983-01-06,2.0,-1.6,6.4,4490,0.0,0.56,3.8
1983-01-07,1.3,-2.2,5.6,7260,0.0,0.47,4.2
1983-01-08,-1.1,-3.7,2.6,7620,0.0,0.4,1.6
1983-01-09,0.8,-3.9,6.2,7430,0.0,0.54,3.3
1983-01-10,6.1,2.7,8.1,5840,3.0,0.83,5.4
1983-01-11,0.7,-0.8,2.4,4880,0.4,0.48,4.5
1983-01-12,-4.1,-7.0,-1.2,6810,0.0,0.26,3.6
1983-01-13,-1.8,-6.1,3.9,9780,0.0,0.35,1.9
1983-01-14,1.1,-2.3,4.9,5300,1.1,0.51,5.5
1983-01-15,-2.9,-6.3,0.1,8430,1.4,0.34,5.1
1983-01-16,-5.4,-8.8,-2.0,7910,0.0,0.25,2.1
1983-01-17,-5.6,-8.2,-2.9,6350,0.3,0.28,3.8
1983-01-18,-8.4,-12.2,-4.7,9030,0.0,0.2,3.2
1983-01-19,-7.8,-10.3,-5.1,10430,0.0,0.17,2.3
1983-01-20,-5.3,-8.7,-1.6,7170,0.0,0.21,4.0
1983-01-21,-2.3,-4.5,-0.2,3240,5.4,0.29,4.6
1983-01-22,1.8,-0.1,3.6,2520,5.6,0.66,2.7
1983-01-23,0.3,-0.8,1.9,4130,2.0,0.58,2.3
1983-01-24,0.5,-0.9,2.4,4190,0.0,0.57,2.9
1983-01-25,-1.6,-2.9,-0.3,5770,0.0,0.41,2.6
1983-01-26,-2.8,-5.0,-1.1,5880,1.8,0.4,1.2
1983-01-27,-4.6,-7.6,-1.4,8220,0.0,0.33,1.7
1983-01-28,-1.9,-5.4,3.6,10570,0.0,0.41,2.4
1983-01-29,1.8,-1.7,6.4,5750,2.6,0.61,3.1
1983-01-30,0.5,-1.5,3.6,4470,2.3,0.55,3.9
1983-01-31,-2.7,-4.4,-0.2,9690,0.0,0.36,1.9
1983-02-01,-0.7,-4.8,3.4,4540,7.6,0.45,4.3
1983-02-02,5.0,0.6,7.8,3820,12.9,0.81,4.3
1983-02-03,-3.8,-8.0,-0.1,7060,1.7,0.34,5.5
1983-02-04,-8.3,-10.7,-5.0,12700,0.1,0.21,3.5
1983-02-05,-5.7,-10.8,-0.1,9330,0.0,0.25,1.8
1983-02-06,-2.5,-3.9,-0.7,3150,2.5,0.39,1.7
1983-02-07,-5.1,-8.5,-3.0,9380,0.0,0.33,3.2
1983-02-08,-3.6,-9.4,3.8,13470,0.0,0.32,2.5
1983-02-09,0.8,-1.0,3.9,6050,0.4,0.5,1.6
1983-02-10,-0.1,-2.7,3.3,8230,0.0,0.45,3.4
1983-02-11,-2.4,-4.9,2.1,12930,0.0,0.32,3.0
1983-02-12,-3.3,-7.4,2.3,14170,0.0,0.29,1.5
1983-02-13,-1.1,-5.3,5.5,14190,0.0,0.39,2.3
1983-02-14,1.6,-4.1,10.0,14050,0.0,0.51,2.2
1983-02-15,3.0,-2.3,10.1,9820,0.0,0.65,1.7
1983-02-16,2.6,-1.1,7.7,5860,0.0,0.62,3.2
1983-02-17,3.2,0.7,6.6,8620,0.0,0.59,2.2
1983-02-18,2.8,-0.8,7.6,9970,0.0,0.57,2.1
1983-02-19,6.2,1.0,14.7,13310,0.0,0.68,2.8
1983-02-20,8.2,2.0,16.6,13520,0.0,0.71,2.4
1983-02-21,9.6,3.5,16.6,12650,0.0,0.93,1.7
1983-02-22,10.2,4.5,17.7,13280,0.0,0.93,1.6
1983-02-23,5.4,2.0,9.2,13080,0.0,0.67,2.6
1983-02-24,1.6,-2.0,5.6,11780,1.2,0.52,3.1
1983-02-25,-2.3,-4.2,0.3,9590,0.3,0.3,4.0
1983-02-26,-1.7,-7.1,4.4,16880,0.0,0.34,1.6
1983-02-27,1.4,-3.8,8.4,14260,0.0,0.37,2.4
1983-02-28,4.6,-1.7,11.9,16570,0.0,0.48,1.0
1983-03-01,6.3,0.6,12.9,16520,0.0,0.56,0.9
1983-03-02,8.1,-0.4,18.1,16320,0.0,0.73,1.9
1983-03-03,11.9,4.1,20.4,15940,0.0,0.94,3.3
1983-03-04,16.4,11.9,22.2,12150,0.0,1.25,3.4
1983-03-05,17.3,14.7,21.0,8730,2.6,1.23,4.9
1983-03-06,16.4,13.8,20.2,12900,13.1,1.37,5.2
1983-03-07,13.2,10.4,17.4,13320,4.8,1.23,3.5
1983-03-08,7.6,2.9,10.8,7840,0.4,0.84,3.2
1983-03-09,0.7,-0.4,2.4,7220,0.0,0.38,3.0
1983-03-10,0.8,-1.0,2.9,8120,2.7,0.49,2.8
1983-03-11,0.5,-0.7,2.3,8490,0.0,0.5,4.4
1983-03-12,1.0,-3.6,6.2,19000,0.0,0.44,2.2
1983-03-13,3.1,-4.7,11.5,18320,0.0,0.56,2.6
1983-03-14,6.9,2.2,12.2,16000,0.0,0.73,2.7
1983-03-15,6.2,-1.0,13.5,19210,0.0,0.65,2.1
1983-03-16,7.9,1.9,14.8,19620,0.0,0.6,4.0
1983-03-17,8.8,2.3,16.5,17390,2.6,0.74,3.9
1983-03-18,8.0,5.9,9.5,1680,21.5,1.0,3.2
1983-03-19,4.4,1.8,7.5,10230,1.5,0.66,4.0
1983-03-20,0.7,-0.1,2.5,3360,25.0,0.53,3.5
1983-03-21,-3.2,-7.2,-0.1,16190,7.5,0.43,5.0
1983-03-22,-8.2,-11.1,-5.2,23140,0.0,0.25,3.3
1983-03-23,-7.2,-14.5,-0.8,22370,0.0,0.25,1.7
1983-03-24,-8.4,-13.4,-3.1,22230,0.0,0.24,2.8
1983-03-25,-5.5,-12.4,2.1,22130,0.0,0.3,2.1
1983-03-26,3.0,-1.6,8.5,12570,1.7,0.49,4.3
1983-03-27,7.8,5.2,11.2,11860,9.9,0.86,4.8
1983-03-28,2.5,0.5,5.1,6500,2.3,0.58,4.1
1983-03-29,1.8,-3.2,7.1,20550,0.0,0.45,1.7
1983-03-30,4.0,0.2,8.1,10470,0.0,0.56,1.9
1983-03-31,5.0,-0.8,10.0,11160,0.6,0.67,2.0
1983-04-01,8.3,4.8,13.3,8060,13.6,0.93,3.8
1983-04-02,8.3,5.4,10.0,4170,33.4,0.94,5.4
1983-04-03,5.8,4.1,8.9,10050,0.6,0.75,2.8
1983-04-04,5.8,0.8,10.3,14540,0.6,0.66,2.1
1983-04-05,8.7,3.6,14.4,11310,1.9,0.94,3.3
1983-04-06,12.3,9.9,16.2,5800,2.5,1.28,1.7
1983-04-07,8.7,5.5,12.1,18700,3.8,0.82,2.9
1983-04-08,7.5,1.8,12.9,22000,0.0,0.62,3.9
1983-04-09,8.1,5.1,12.0,6320,16.4,0.87,4.9
1983-04-10,6.1,3.8,9.1,13910,3.3,0.76,3.5
1983-04-11,6.5,4.1,9.7,11190,0.3,0.64,3.4
1983-04-12,8.2,0.4,16.0,20120,1.4,0.75,4.1
1983-04-13,13.8,10.4,19.1,12540,10.5,1.27,5.7
1983-04-14,10.7,6.0,15.0,12230,9.9,0.9,7.4
1983-04-15,4.2,1.6,7.0,11640,0.0,0.4,4.1
1983-04-16,4.3,-2.6,10.8,25250,2.0,0.45,2.8
1983-04-17,2.3,-0.6,6.5,19880,0.0,0.43,3.7
1983-04-18,-0.4,-4.5,3.3,20640,0.0,0.31,3.9
1983-04-19,0.1,-4.9,5.5,20370,0.0,0.32,2.5
1983-04-20,2.6,-4.6,9.7,22260,0.0,0.36,2.7
1983-04-21,7.9,1.3,14.6,23960,0.0,0.51,2.8
1983-04-22,10.8,3.4,17.5,20790,0.0,0.81,1.6
1983-04-23,11.6,3.6,18.0,18200,0.0,0.86,3.0
1983-04-24,7.9,4.7,12.3,25250,0.0,0.59,4.9
1983-04-25,9.7,0.4,18.2,27080,0.0,0.58,2.1
1983-04-26,13.6,4.5,21.9,26130,0.0,0.85,3.7
1983-04-27,18.5,13.9,24.5,22190,2.5,1.25,2.8
1983-04-28,14.2,10.5,16.7,12000,15.5,1.33,2.0
1983-04-29,12.1,6.3,16.9,9510,5.7,1.18,2.2
1983-04-30,14.9,11.6,18.0,9180,14.4,1.52,2.2
1983-05-01,15.3,10.7,19.3,2820,36.0,1.61,4.2
1983-05-02,17.8,12.6,20.6,24800,4.9,1.43,6.1
1983-05-03,9.8,6.1,11.9,12110,3.7,0.93,2.9
1983-05-04,11.3,3.5,19.5,26180,0.0,0.78,3.8
1983-05-05,11.2,3.4,17.3,27280,0.0,0.84,1.2
1983-05-06,16.8,10.2,23.5,22180,0.3,1.06,5.0
1983-05-07,18.2,12.9,20.8,12590,10.4,1.38,6.3
1983-05-08,8.1,3.4,11.8,27450,0.5,0.66,5.3
1983-05-09,8.0,0.2,15.4,28910,0.0,0.64,1.3
1983-05-10,11.8,4.2,19.0,28950,0.0,0.78,2.3
1983-05-11,15.3,6.6,23.5,28080,0.0,1.02,2.5
1983-05-12,18.1,13.5,23.3,16930,5.5,1.53,2.6
1983-05-13,19.1,16.0,24.0,13820,8.9,1.87,2.1
1983-05-14,17.8,13.6,20.5,6230,17.0,1.9,2.7
1983-05-15,11.0,6.9,13.2,15700,2.0,0.89,3.9
1983-05-16,10.5,3.8,16.1,25910,0.0,0.74,1.9
1983-05-17,12.6,6.0,17.6,21620,0.0,0.94,1.3
1983-05-18,14.8,10.4,19.7,13370,3.1,1.08,4.3
1983-05-19,17.7,14.7,21.7,19340,15.3,1.47,5.2
1983-05-20,16.8,12.1,20.8,20230,0.0,1.25,3.0
1983-05-21,17.1,9.8,22.6,20090,1.1,1.47,2.2
1983-05-22,18.7,16.7,22.1,15380,21.7,1.78,4.1
1983-05-23,15.7,12.2,18.0,22630,0.0,1.15,3.6
1983-05-24,15.7,8.1,22.2,29290,0.0,1.02,2.2
1983-05-25,13.7,8.5,16.4,17870,7.3,1.0,3.6
1983-05-26,10.4,3.5,15.9,26980,0.0,0.71,2.1
1983-05-27,12.1,4.6,18.6,21750,1.8,0.89,2.3
1983-05-28,14.7,11.7,18.1,8040,5.5,1.35,2.5
1983-05-29,16.2,12.2,20.7,25770,3.9,1.27,3.8
1983-05-30,11.9,9.2,15.2,15310,0.6,0.89,4.2
1983-05-31,12.6,9.4,16.0,19790,0.6,1.07,3.1
1983-06-01,13.8,7.9,18.3,21380,0.3,1.04,1.8
1983-06-02,15.4,11.1,19.7,13630,0.3,1.21,2.2
1983-06-03,16.4,14.2,19.2,4500,15.1,1.69,2.6
1983-06-04,18.2,13.9,22.8,28460,0.0,1.46,2.5
1983-06-05,18.5,14.9,24.1,20840,10.1,1.52,2.3
1983-06-06,15.6,13.0,18.3,16500,14.0,1.36,2.3
1983-06-07,16.5,9.5,23.3,29950,0.0,1.12,2.6
1983-06-08,17.8,10.1,24.6,29520,0.0,1.25,1.5
1983-06-09,19.8,13.2,25.6,26590,0.0,1.45,2.3
1983-06-10,21.5,15.2,27.1,26880,0.0,1.63,2.0
1983-06-11,21.9,15.3,27.5,24240,0.0,1.69,2.2
1983-06-12,22.7,16.4,27.8,25500,0.0,1.78,2.2
1983-06-13,23.4,17.7,28.8,27590,0.0,1.76,2.3
1983-06-14,23.6,17.8,28.5,28830,0.1,1.68,3.0
1983-06-15,21.6,18.0,25.6,26860,7.2,1.8,1.6
1983-06-16,21.4,14.3,27.2,26930,0.0,1.66,1.4
1983-06-17,21.8,16.4,26.9,28760,0.0,1.68,2.5
1983-06-18,21.5,16.6,27.4,24840,1.9,1.84,2.9
1983-06-19,21.9,18.4,26.0,18210,2.4,2.2,2.0
1983-06-20,22.8,17.8,27.4,22830,0.3,2.22,1.6
1983-06-21,23.5,18.0,28.6,29080,0.0,1.91,2.4
1983-06-22,23.2,17.0,28.5,29900,0.0,1.78,2.4
1983-06-23,24.7,17.4,30.7,29050,0.0,2.09,1.0
1983-06-24,25.5,19.8,31.1,28990,0.0,2.01,1.9
1983-06-25,24.7,17.2,30.8,29280,0.0,1.75,1.5
1983-06-26,26.5,20.4,32.1,26790,0.2,2.07,2.4
1983-06-27,25.0,22.3,28.8,16750,5.0,2.43,2.6
1983-06-28,23.6,20.9,28.3,17100,23.6,2.51,2.1
1983-06-29,22.7,19.8,26.5,12160,6.6,2.36,3.4
1983-06-30,24.2,20.9,27.9,19910,7.3,2.49,2.9
1983-07-01,26.2,21.5,30.8,23520,0.0,2.61,3.5
1983-07-02,27.5,23.3,31.1,27310,0.5,2.65,3.3
1983-07-03,26.4,23.1,29.2,22150,0.5,2.54,4.8
1983-07-04,24.9,20.4,25.8,14520,4.3,2.36,4.2
1983-07-05,19.0,14.6,22.2,24970,0.4,1.55,3.1
1983-07-06,16.0,10.4,21.2,29920,0.0,1.12,2.2
1983-07-07,17.9,10.1,23.9,29340,0.0,1.31,1.4
1983-07-08,20.7,13.5,26.9,29150,0.0,1.51,2.0
1983-07-09,23.6,16.8,29.6,24600,0.0,1.91,1.9
1983-07-10,24.3,18.8,29.2,22380,0.3,2.41,1.1
1983-07-11,26.4,20.4,31.6,27170,0.0,2.3,2.2
1983-07-12,26.9,22.7,31.4,24220,0.0,2.25,2.1
1983-07-13,25.3,18.5,31.0,28170,0.0,1.68,1.2
1983-07-14,26.9,20.7,32.0,22950,0.0,2.26,1.3
1983-07-15,27.3,21.6,32.3,23800,0.8,2.58,1.6
1983-07-16,26.9,22.0,31.1,24760,0.0,2.39,2.1
1983-07-17,26.5,22.8,31.1,22530,6.4,2.45,2.3
1983-07-18,26.8,22.5,32.0,23930,0.9,2.61,1.6
1983-07-19,27.0,22.5,32.0,21910,2.6,2.72,2.1
1983-07-20,29.4,23.8,35.2,24850,0.0,2.8,2.6
1983-07-21,30.8,25.7,35.9,27380,0.0,2.61,2.7
1983-07-22,30.7,26.2,36.3,24560,2.0,2.45,2.5
1983-07-23,28.6,24.5,33.4,20540,9.3,2.69,2.6
1983-07-24,25.6,22.4,29.0,24920,0.0,2.22,2.5
1983-07-25,23.7,19.6,27.3,22440,0.8,1.97,1.9
1983-07-26,23.9,17.5,28.9,27450,0.0,1.71,1.9
1983-07-27,25.3,18.2,31.5,24620,0.0,1.59,2.1
1983-07-28,28.0,21.9,34.2,24590,0.0,2.11,3.3
1983-07-29,29.5,25.4,34.0,22730,4.2,2.47,3.3
1983-07-30,25.2,23.0,29.2,11010,24.6,2.76,1.4
1983-07-31,24.9,21.5,29.7,17910,13.5,2.73,2.8
1983-08-01,23.8,19.1,27.3,26700,0.0,1.9,2.5
1983-08-02,22.6,16.4,27.6,26190,0.0,1.87,1.6
1983-08-03,24.5,17.9,30.3,26680,0.0,1.91,2.2
1983-08-04,25.4,22.6,29.3,16080,4.9,2.33,2.2
1983-08-05,25.0,21.1,29.8,20580,0.3,2.48,1.3
1983-08-06,25.0,20.4,29.5,22580,0.0,2.33,1.8
1983-08-07,25.1,19.7,29.9,23200,0.0,2.3,1.6
1983-08-08,26.3,19.9,32.2,26420,0.0,2.15,1.7
1983-08-09,24.8,20.9,28.4,26270,0.0,1.61,3.1
1983-08-10,24.2,17.1,30.9,25300,0.0,1.7,2.3
1983-08-11,23.5,20.3,28.0,18900,10.6,2.05,4.8
1983-08-12,20.3,15.4,24.9,26540,0.0,1.44,2.6
1983-08-13,20.2,13.6,26.0,25640,0.0,1.41,1.9
1983-08-14,21.5,14.6,27.2,23240,0.0,1.47,1.4
1983-08-15,23.1,16.0,29.6,24960,0.0,1.67,1.2
1983-08-16,24.8,17.3,31.4,25300,0.0,1.78,1.2
1983-08-17,26.8,22.2,33.2,17370,10.9,2.3,3.3
1983-08-18,27.7,23.5,32.3,22220,1.2,2.71,2.3
1983-08-19,28.7,23.5,34.9,22320,0.8,2.88,1.8
1983-08-20,29.6,25.1,34.2,23010,0.0,2.67,1.8
1983-08-21,28.6,22.9,34.8,21810,0.2,2.31,3.0
1983-08-22,28.0,24.9,31.4,19510,1.2,2.44,2.2
1983-08-23,25.3,21.6,29.2,15660,0.2,2.35,2.4
1983-08-24,25.8,20.9,31.2,20740,0.0,2.06,2.3
1983-08-25,26.9,21.1,32.3,19860,0.0,2.03,1.4
1983-08-26,25.9,22.7,30.8,11680,8.2,2.56,1.5
1983-08-27,25.6,22.3,29.9,14160,14.4,2.79,1.0
1983-08-28,25.1,21.6,29.8,19850,4.8,2.38,2.0
1983-08-29,24.5,18.0,30.7,23290,0.0,2.13,1.4
1983-08-30,24.9,19.8,30.2,16060,0.6,2.24,2.0
1983-08-31,23.3,19.8,27.4,20020,3.2,2.1,2.6
1983-09-01,22.6,17.8,27.9,23020,0.0,1.72,2.1
1983-09-02,22.7,16.3,28.2,22400,0.0,1.6,1.2
1983-09-03,23.2,16.3,29.5,22860,0.0,1.64,1.4
1983-09-04,24.3,18.5,30.0,19450,0.0,1.91,2.2
1983-09-05,26.7,22.3,31.3,19630,0.0,2.03,4.3
1983-09-06,25.4,21.0,31.0,17790,23.2,2.3,4.2
1983-09-07,20.5,14.6,25.8,22820,0.0,1.41,1.9
1983-09-08,21.4,13.0,28.1,22480,0.0,1.45,1.2
1983-09-09,25.0,18.3,32.4,20820,0.0,1.76,3.0
1983-09-10,27.2,22.0,32.2,19320,0.0,2.05,3.2
1983-09-11,23.3,20.3,26.5,14010,2.5,1.83,2.2
1983-09-12,20.6,15.4,25.7,14800,0.0,1.45,1.6
1983-09-13,18.7,15.7,21.5,14630,0.0,1.18,3.6
1983-09-14,15.9,11.1,20.8,16680,0.0,0.92,2.5
1983-09-15,15.6,11.9,19.6,10120,1.8,0.92,3.3
1983-09-16,17.8,14.9,21.3,11620,8.6,1.48,3.9
1983-09-17,18.2,10.9,24.3,18750,0.0,1.33,1.8
1983-09-18,25.9,21.3,31.2,18320,0.4,1.9,5.1
1983-09-19,26.3,22.4,30.5,18190,0.0,1.91,3.5
1983-09-20,21.6,10.6,26.9,11500,14.6,1.95,5.2
1983-09-21,9.7,6.8,12.9,14310,4.9,0.7,4.5
1983-09-22,8.6,4.9,13.1,13930,0.0,0.56,3.5
1983-09-23,8.8,3.6,13.3,16170,0.0,0.64,2.1
1983-09-24,10.7,3.7,17.9,20010,0.0,0.65,2.5
1983-09-25,14.6,10.4,19.4,8870,2.7,0.92,2.8
1983-09-26,16.8,13.3,21.0,10760,0.5,1.44,1.5
1983-09-27,19.2,14.2,24.6,14300,0.0,1.43,1.8
1983-09-28,19.4,13.5,25.6,18360,0.0,1.32,2.0
1983-09-29,19.0,12.1,26.4,18300,0.0,1.33,1.7
1983-09-30,18.7,12.3,25.5,18310,0.0,1.35,1.9
1983-10-01,17.4,9.2,24.6,18550,0.0,1.15,1.2
1983-10-02,20.2,12.8,28.6,17590,0.0,1.15,3.0
1983-10-03,23.5,19.1,28.4,15940,0.0,1.47,5.0
1983-10-04,21.3,18.7,24.2,7840,0.2,1.73,2.7
1983-10-05,17.4,14.1,20.7,12720,0.2,1.34,3.1
1983-10-06,15.5,11.7,19.9,17750,0.0,0.84,2.7
1983-10-07,15.8,8.8,23.4,16970,0.0,0.74,3.1
1983-10-08,15.9,13.4,17.3,6380,2.3,1.1,3.3
1983-10-09,13.1,9.9,16.7,12740,0.0,0.85,3.4
1983-10-10,12.5,7.4,18.4,10790,0.0,0.96,2.7
1983-10-11,17.9,12.9,23.7,13320,0.0,1.38,3.9
1983-10-12,13.6,7.8,17.6,1750,9.5,1.36,4.2
1983-10-13,8.1,5.1,11.9,9520,7.0,0.69,3.6
1983-10-14,8.2,2.6,15.0,16010,0.2,0.65,3.9
1983-10-15,13.7,7.1,21.4,15170,0.0,0.89,2.8
1983-10-16,14.7,10.3,19.9,10650,1.9,1.05,2.7
1983-10-17,12.9,8.7,16.5,12720,0.0,0.95,2.1
1983-10-18,11.3,9.0,15.7,11560,0.0,0.78,3.0
1983-10-19,10.1,7.6,13.9,5210,3.3,0.87,4.5
1983-10-20,8.7,8.1,9.9,880,24.3,1.0,4.7
1983-10-21,11.6,10.1,13.5,3240,9.3,1.16,4.7
1983-10-22,15.0,11.6,16.6,1720,26.4,1.65,4.3
1983-10-23,13.2,11.9,14.9,3680,1.6,1.38,2.7
1983-10-24,12.0,10.8,13.5,2540,0.3,1.22,2.8
1983-10-25,10.5,6.6,13.2,7830,0.0,0.9,3.2
1983-10-26,7.8,3.5,13.7,13260,0.0,0.69,3.6
1983-10-27,8.3,1.2,14.7,13500,0.0,0.76,2.9
1983-10-28,15.0,11.4,20.7,12840,0.0,1.0,5.4
1983-10-29,9.1,5.9,12.0,12340,0.0,0.68,2.8
1983-10-30,8.0,4.6,12.7,10520,0.0,0.61,2.4
1983-10-31,9.6,5.6,14.6,7410,1.5,0.87,2.1
1983-11-01,15.3,10.7,20.8,10400,0.4,1.38,2.7
1983-11-02,15.2,14.3,16.8,1490,11.1,1.57,2.8
1983-11-03,11.4,5.5,14.9,3460,0.0,1.1,3.4
1983-11-04,3.6,-0.6,8.4,13060,0.0,0.43,3.3
1983-11-05,4.8,-0.8,11.5,12590,0.0,0.65,1.9
1983-11-06,6.0,-0.4,13.0,11410,0.0,0.65,1.8
1983-11-07,10.2,7.5,14.8,8020,0.0,0.78,1.8
1983-11-08,10.5,5.8,16.8,11400,0.0,0.86,2.5
1983-11-09,12.5,7.5,18.4,8180,0.0,1.04,3.1
1983-11-10,12.1,8.1,14.0,2570,22.3,1.19,3.2
1983-11-11,4.0,0.5,7.5,6170,3.2,0.62,6.0
1983-11-12,1.1,-2.3,3.9,6590,0.0,0.43,1.9
1983-11-13,1.8,-0.1,4.9,10110,0.0,0.4,1.3
1983-11-14,4.9,-0.7,10.7,8990,0.0,0.58,3.4
1983-11-15,6.7,4.7,8.2,3160,6.0,0.88,3.0
1983-11-16,4.7,3.4,6.6,4890,2.7,0.65,5.0
1983-11-17,3.1,0.3,6.0,8290,0.0,0.55,2.3
1983-11-18,8.3,3.6,13.2,5820,0.0,0.79,3.7
1983-11-19,14.6,11.0,18.3,5810,2.6,1.34,5.1
1983-11-20,11.5,7.3,15.6,3850,19.4,1.05,6.2
1983-11-21,9.2,5.6,14.3,9870,0.0,0.71,4.0
1983-11-22,10.3,6.2,14.1,5530,0.0,0.97,2.7
1983-11-23,13.6,3.3,18.1,1380,23.6,1.43,5.8
1983-11-24,1.1,-0.7,2.7,9350,0.0,0.35,4.5
1983-11-25,2.9,-2.1,9.1,9970,0.0,0.51,3.6
1983-11-26,7.5,4.5,11.9,9150,0.0,0.64,3.8
1983-11-27,6.1,4.7,7.6,1480,19.5,0.76,3.9
1983-11-28,5.9,2.0,9.7,4960,5.6,0.7,5.5
1983-11-29,0.5,-1.5,2.1,4280,0.0,0.37,6.1
1983-11-30,-2.6,-4.6,-0.4,9400,0.0,0.31,4.6
1983-12-01,-4.0,-5.7,-2.0,7920,0.0,0.27,3.1
1983-12-02,-1.3,-4.4,0.9,2180,3.3,0.44,2.0
1983-12-03,-0.3,-2.3,1.4,6400,1.2,0.49,3.5
1983-12-04,1.4,0.0,3.1,2640,13.8,0.61,2.4
1983-12-05,4.4,1.6,7.2,3380,7.5,0.75,2.3
1983-12-06,1.5,-4.4,5.6,2340,9.8,0.64,4.0
1983-12-07,-3.4,-7.3,0.9,7200,2.3,0.36,2.9
1983-12-08,-3.2,-4.7,-2.0,5520,2.4,0.43,2.0
1983-12-09,-0.4,-2.5,2.1,6620,0.1,0.5,2.5
1983-12-10,-0.9,-4.8,2.4,5570,4.5,0.51,2.6
1983-12-11,5.3,2.4,8.4,970,17.9,0.85,4.5
1983-12-12,3.5,0.9,8.0,3250,0.0,0.71,2.5
1983-12-13,2.5,0.6,5.3,2940,0.0,0.61,2.0
1983-12-14,3.0,-2.9,5.3,1850,11.2,0.71,3.5
1983-12-15,-2.4,-4.3,0.3,4190,0.6,0.33,5.1
1983-12-16,-6.1,-7.8,-3.9,5610,0.0,0.25,4.1
1983-12-17,-7.7,-9.2,-5.5,7900,0.0,0.21,2.7
1983-12-18,-12.0,-17.0,-9.6,5160,1.6,0.14,2.5
1983-12-19,-15.6,-20.6,-11.2,6600,0.0,0.1,2.3
1983-12-20,-9.7,-13.5,-5.3,9100,0.0,0.16,3.2
1983-12-21,-3.4,-7.6,0.0,2610,14.1,0.39,2.8
1983-12-22,-15.4,-25.4,-3.0,9480,0.8,0.18,4.0
1983-12-23,-23.6,-26.4,-20.5,7250,0.0,0.07,3.0
1983-12-24,-27.9,-30.6,-24.1,9470,0.0,0.04,6.1
1983-12-25,-25.3,-27.3,-22.5,9590,0.0,0.05,4.6
1983-12-26,-20.0,-25.4,-12.0,9250,0.0,0.1,4.0
1983-12-27,-9.3,-11.4,-7.0,5440,0.0,0.25,3.0
1983-12-28,-7.8,-12.7,-6.6,5490,4.6,0.3,3.4
1983-12-29,-19.6,-22.7,-13.9,9780,0.0,0.1,4.3
1983-12-30,-22.1,-26.5,-17.3,9860,0.0,0.08,4.0
1983-12-31,-12.5,-17.2,-6.3,6890,0.0,0.17,4.7
1984-01-01,-5.6,-7.7,-2.6,5400,0.8,0.32,2.8
1984-01-02,-5.4,-9.6,-2.6,8240,0.0,0.36,2.5
1984-01-03,-3.4,-6.1,0.3,7840,0.0,0.43,3.9
1984-01-04,-0.3,-3.6,1.5,6760,0.0,0.54,3.5
1984-01-05,-2.8,-7.8,2.3,5900,0.0,0.47,3.3
1984-01-06,0.5,-3.0,2.2,5020,0.0,0.56,3.2
1984-01-07,-3.3,-7.7,1.3,7290,0.0,0.41,1.6
1984-01-08,-3.0,-7.1,-0.3,9310,0.0,0.4,3.0
1984-01-09,-3.8,-6.1,-0.4,2770,3.6,0.39,2.9
1984-01-10,-7.3,-11.8,-4.7,8210,0.0,0.29,3.7
1984-01-11,-12.7,-17.3,-8.4,9330,0.0,0.17,1.9
1984-01-12,-9.2,-12.6,-4.8,9020,0.0,0.21,3.6
1984-01-13,-3.7,-7.3,-0.4,4350,0.5,0.37,2.6
1984-01-14,-5.6,-7.2,-3.9,5490,0.0,0.32,2.8
1984-01-15,-9.9,-12.0,-7.6,8320,0.0,0.22,2.4
1984-01-16,-8.6,-12.6,-4.4,8070,0.0,0.24,1.9
1984-01-17,-8.4,-12.1,-5.7,6800,0.0,0.25,2.2
1984-01-18,-13.5,-17.9,-11.7,8510,0.9,0.15,2.6
1984-01-19,-16.4,-23.5,-9.9,10740,0.0,0.11,3.3
1984-01-20,-18.1,-22.7,-11.6,11340,0.0,0.09,4.1
1984-01-21,-20.1,-27.6,-12.2,10450,0.0,0.07,3.0
1984-01-22,-9.8,-14.5,-3.5,9120,0.0,0.18,3.5
1984-01-23,-3.2,-7.6,1.1,3620,3.6,0.37,3.7
1984-01-24,0.8,-1.1,3.3,8170,0.2,0.57,3.5
1984-01-25,-0.1,-4.0,4.3,11110,0.0,0.5,3.3
1984-01-26,2.0,-0.8,8.3,9570,0.0,0.54,4.3
1984-01-27,-2.8,-7.8,0.3,5370,0.0,0.39,3.1
1984-01-28,-3.8,-8.9,0.7,3460,2.4,0.36,3.7
1984-01-29,-2.5,-4.3,0.3,6070,0.8,0.4,3.2
1984-01-30,-5.3,-8.7,-2.2,7640,12.6,0.37,4.5
1984-01-31,-9.4,-14.8,-4.0,11120,0.0,0.25,2.2
1984-02-01,-4.1,-10.0,0.1,12870,0.0,0.38,2.5
1984-02-02,2.5,-1.3,7.0,11190,2.3,0.62,4.5
1984-02-03,2.1,-0.2,5.5,5130,5.1,0.56,3.6
1984-02-04,0.2,-1.8,3.0,7540,2.0,0.5,3.7
1984-02-05,-5.2,-11.2,-2.0,7680,2.7,0.34,3.6
1984-02-06,-11.6,-13.2,-9.9,11470,0.0,0.16,3.0
1984-02-07,-12.6,-19.2,-6.3,13920,0.0,0.14,1.6
1984-02-08,-6.5,-15.2,2.2,13310,0.0,0.24,2.5
1984-02-09,1.3,-3.6,9.9,13610,0.0,0.42,2.8
1984-02-10,4.2,2.4,6.6,2200,6.3,0.73,3.3
1984-02-11,5.4,1.0,9.8,3610,0.0,0.9,2.2
1984-02-12,12.9,8.3,18.7,10900,1.1,1.19,4.7
1984-02-13,9.1,3.6,13.4,10890,13.2,0.91,3.6
1984-02-14,5.8,-0.8,13.5,14170,0.0,0.66,2.1
1984-02-15,6.3,-1.3,14.2,12650,0.0,0.68,2.7
1984-02-16,6.8,2.4,12.2,8400,1.9,0.74,3.5
1984-02-17,7.3,5.1,9.8,2810,0.2,0.9,2.9
1984-02-18,7.3,4.0,10.3,5650,5.1,0.86,3.1
1984-02-19,6.5,3.8,10.6,5270,0.2,0.75,5.3
1984-02-20,3.4,-1.3,7.8,15670,0.0,0.5,3.4
1984-02-21,3.0,-3.3,9.1,15630,0.0,0.51,1.9
1984-02-22,6.4,0.8,14.3,15660,0.0,0.59,3.2
1984-02-23,8.4,2.5,15.7,16080,0.0,0.65,2.9
1984-02-24,3.8,0.5,7.6,8310,0.6,0.62,3.4
1984-02-25,1.1,-3.3,5.4,15100,0.0,0.37,2.4
1984-02-26,0.2,-3.9,5.6,13150,0.0,0.37,2.6
1984-02-27,-4.0,-5.6,-0.6,2660,24.2,0.35,6.5
1984-02-28,-5.7,-8.8,-4.4,9910,8.1,0.34,7.5
1984-02-29,-8.7,-11.3,-5.3,18340,0.0,0.24,4.5
1984-03-01,-10.7,-16.7,-4.0,16880,0.0,0.24,2.0
1984-03-02,-8.2,-12.7,-3.3,19130,0.0,0.26,2.0
1984-03-03,-8.3,-13.7,-3.4,19350,0.0,0.21,1.7
1984-03-04,-6.0,-15.0,1.8,5750,4.4,0.36,3.5
1984-03-05,-0.1,-1.3,1.8,9000,1.2,0.51,3.9
1984-03-06,-4.2,-8.6,-0.8,10760,0.0,0.34,2.7
1984-03-07,-6.0,-10.1,-2.1,12850,1.4,0.27,2.2
1984-03-08,-8.2,-14.8,-6.0,14070,6.0,0.26,4.0
1984-03-09,-15.2,-22.0,-8.0,20670,0.0,0.15,1.6
1984-03-10,-11.6,-21.2,-2.5,20370,0.0,0.23,3.0
1984-03-11,-7.2,-14.9,-2.6,20810,0.0,0.25,3.9
1984-03-12,-10.4,-15.7,-4.5,12140,8.1,0.22,3.6
1984-03-13,-1.5,-4.1,0.9,11250,3.1,0.49,1.8
1984-03-14,0.1,-2.6,3.6,16170,0.0,0.53,2.0
1984-03-15,7.8,1.0,13.7,6700,26.5,1.0,4.1
1984-03-16,4.1,0.4,12.9,13380,2.4,0.69,4.8
1984-03-17,-1.2,-4.1,1.8,4280,3.1,0.41,4.4
1984-03-18,0.2,-2.9,3.9,16570,0.4,0.46,2.5
1984-03-19,1.5,-2.7,5.9,5230,0.7,0.55,3.7
1984-03-20,7.2,2.4,9.5,6610,10.3,0.82,4.0
1984-03-21,1.0,-0.9,3.1,4740,3.7,0.53,4.2
1984-03-22,2.2,0.7,4.6,9130,4.2,0.53,5.7
1984-03-23,1.8,-3.9,7.9,22310,0.0,0.42,2.1
1984-03-24,1.7,-2.8,5.7,8020,0.8,0.48,2.8
1984-03-25,2.7,1.5,3.9,3480,19.1,0.64,4.2
1984-03-26,3.3,-3.1,9.8,20700,0.1,0.53,2.7
1984-03-27,5.0,3.3,7.5,4150,4.7,0.73,3.7
1984-03-28,5.6,2.7,10.2,9540,0.0,0.58,5.6
1984-03-29,2.9,-0.3,7.3,19430,0.0,0.43,5.1
1984-03-30,1.8,-2.7,6.6,16410,0.2,0.43,3.3
1984-03-31,2.9,-4.0,10.1,21120,0.0,0.44,1.8
1984-04-01,4.1,-3.6,11.3,23010,0.0,0.48,1.7
1984-04-02,5.8,-1.5,11.7,15240,0.0,0.61,1.6
1984-04-03,6.8,6.4,7.5,4240,11.1,0.73,4.5
1984-04-04,9.5,7.0,13.4,8110,25.3,1.11,3.2
1984-04-05,6.7,3.2,10.2,15780,0.7,0.7,5.2
1984-04-06,4.0,0.2,8.1,14570,0.0,0.52,4.0
1984-04-07,5.2,-2.6,13.1,23060,0.0,0.48,2.3
1984-04-08,6.7,3.2,10.8,9140,0.4,0.55,4.2
1984-04-09,9.8,6.1,15.0,9140,0.7,0.76,4.7
1984-04-10,9.6,3.6,15.8,25070,0.0,0.58,4.2
1984-04-11,8.5,0.8,16.6,24630,0.0,0.53,3.2
1984-04-12,10.7,6.0,16.6,9330,16.1,0.9,4.2
1984-04-13,11.8,7.2,17.5,23250,0.3,0.87,4.3
1984-04-14,9.8,4.0,15.7,21640,3.2,0.89,1.5
1984-04-15,6.4,4.8,7.9,3760,4.5,0.92,2.7
1984-04-16,6.0,3.8,9.7,6800,11.1,0.89,4.2
1984-04-17,3.5,1.8,6.8,10210,3.3,0.64,4.3
1984-04-18,4.8,1.6,8.8,14010,1.0,0.62,3.6
1984-04-19,5.9,-0.8,11.6,19050,0.1,0.64,1.7
1984-04-20,7.6,-0.4,13.7,19100,0.0,0.7,2.4
1984-04-21,8.6,7.1,10.8,6810,8.8,0.79,4.5
1984-04-22,8.7,4.4,14.0,7320,11.8,0.89,5.9
1984-04-23,7.4,5.8,8.8,8310,2.0,0.83,2.6
1984-04-24,7.7,4.1,13.3,12460,0.0,0.75,2.4
1984-04-25,12.0,2.0,20.0,22370,0.2,0.96,1.9
1984-04-26,18.3,12.0,24.9,22740,0.0,1.33,3.9
1984-04-27,19.7,15.6,24.4,11250,1.0,1.78,4.6
1984-04-28,16.7,10.4,20.8,27730,0.0,1.0,2.8
1984-04-29,13.0,8.2,19.9,7020,6.3,1.14,4.9
1984-04-30,13.0,8.1,20.4,24670,4.0,0.91,8.4
1984-05-01,10.0,3.7,15.5,26010,0.0,0.59,4.3
1984-05-02,12.0,4.5,19.3,24770,0.0,0.82,2.8
1984-05-03,12.1,8.1,15.5,10090,1.0,1.15,2.9
1984-05-04,9.9,7.3,12.4,9120,2.5,0.95,3.0
1984-05-05,12.4,7.8,17.8,17510,4.9,0.97,1.6
1984-05-06,14.5,8.3,20.2,19190,1.4,1.12,2.6
1984-05-07,17.0,13.8,21.6,15550,2.0,1.45,2.9
1984-05-08,10.2,7.3,12.8,22000,0.0,0.61,5.7
1984-05-09,9.1,6.7,12.7,9820,0.2,0.64,4.3
1984-05-10,12.7,6.2,18.4,19570,1.9,0.95,3.4
1984-05-11,17.2,13.5,21.6,13170,11.5,1.43,3.2
1984-05-12,15.6,10.7,20.7,29020,0.0,1.04,2.8
1984-05-13,14.9,10.6,22.2,14030,2.4,1.19,3.3
1984-05-14,11.7,5.7,17.2,26600,0.0,0.81,3.0
1984-05-15,10.0,5.4,15.4,29590,0.0,0.67,3.1
1984-05-16,9.9,1.9,17.2,30050,0.0,0.64,1.7
1984-05-17,14.1,5.6,21.6,28130,0.4,0.88,2.2
1984-05-18,19.1,12.1,26.4,28590,0.0,1.2,3.4
1984-05-19,20.8,14.8,27.0,25320,0.4,1.48,2.6
1984-05-20,16.5,14.8,18.8,4770,27.6,1.74,2.3
1984-05-21,19.0,12.8,25.2,19180,2.6,1.87,2.8
1984-05-22,21.2,16.7,25.7,14290,21.8,2.15,4.2
1984-05-23,16.8,13.2,21.0,28140,3.4,1.19,3.3
1984-05-24,16.5,8.8,22.8,29480,0.0,1.17,3.1
1984-05-25,19.7,17.4,24.3,9900,19.4,1.53,4.5
1984-05-26,16.6,12.4,19.9,27960,11.5,1.31,2.9
1984-05-27,15.3,9.5,20.4,22830,0.3,1.1,2.7
1984-05-28,11.8,7.8,15.1,3470,13.4,1.23,4.9
1984-05-29,9.7,7.0,13.3,19710,0.1,0.71,4.4
1984-05-30,12.4,6.0,18.5,28530,0.0,0.75,3.0
1984-05-31,14.9,8.1,21.1,29510,0.0,0.99,2.3
1984-06-01,18.2,11.4,24.7,28920,0.0,1.32,2.9
1984-06-02,21.5,16.5,28.3,27280,2.2,1.87,3.3
1984-06-03,19.8,14.2,24.5,29670,0.0,1.52,1.7
1984-06-04,19.9,12.0,26.7,27140,0.0,1.41,2.1
1984-06-05,23.4,18.7,27.9,24370,0.0,1.87,3.8
1984-06-06,25.1,21.0,29.0,26310,0.7,2.1,4.3
1984-06-07,24.8,22.1,27.2,22350,0.1,1.97,5.4
1984-06-08,25.3,23.7,28.1,14680,1.7,2.21,5.8
1984-06-09,25.6,21.0,30.1,26230,1.7,2.15,3.6
1984-06-10,25.1,21.6,29.0,22610,0.0,2.0,4.0
1984-06-11,21.4,16.2,26.3,29650,0.0,1.65,2.2
1984-06-12,24.9,18.4,31.1,26870,0.0,2.01,2.7
1984-06-13,26.1,21.0,31.7,25220,0.5,2.24,2.6
1984-06-14,22.3,15.8,26.3,28470,0.0,1.87,2.8
1984-06-15,19.6,13.1,25.3,26310,0.3,1.46,2.8
1984-06-16,22.4,16.7,28.8,21130,7.7,1.88,2.5
1984-06-17,27.3,23.5,31.4,26330,0.0,2.39,3.8
1984-06-18,26.8,23.6,30.4,23820,5.3,2.41,3.9
1984-06-19,24.6,19.0,29.2,22510,0.0,2.12,1.4
1984-06-20,24.3,19.9,29.3,24780,0.0,1.71,2.4
1984-06-21,24.4,20.4,29.2,22260,0.1,2.06,2.6
1984-06-22,22.9,19.8,28.0,17330,13.2,1.97,2.2
1984-06-23,23.8,18.7,29.1,23870,0.4,2.28,2.4
1984-06-24,21.9,18.6,24.8,28280,2.4,1.66,3.6
1984-06-25,20.8,15.5,25.4,29920,0.0,1.36,2.7
1984-06-26,21.0,13.3,28.4,24060,0.7,1.44,3.0
1984-06-27,22.6,19.4,25.7,23500,5.2,1.71,4.3
1984-06-28,21.4,15.3,25.8,19200,0.0,1.58,1.7
1984-06-29,20.0,17.1,22.7,23980,0.2,1.45,3.3
1984-06-30,18.7,14.8,22.5,19320,0.0,1.42,2.9
1984-07-01,20.2,14.8,25.0,19980,0.1,1.56,1.8
1984-07-02,21.7,15.3,26.8,21600,0.0,1.56,1.3
1984-07-03,23.7,16.4,30.6,23390,2.6,1.75,2.5
1984-07-04,22.9,20.0,26.3,14310,15.8,2.34,1.4
1984-07-05,22.5,17.4,26.9,22080,0.6,1.99,1.3
1984-07-06,20.7,17.5,24.1,19140,5.1,1.69,3.0
1984-07-07,17.4,12.5,21.2,23990,0.0,1.2,1.9
1984-07-08,18.5,9.3,25.8,29250,0.0,1.17,1.9
1984-07-09,25.5,18.9,33.1,25280,0.0,1.98,3.6
1984-07-10,29.0,24.9,33.5,25760,0.5,2.58,3.6
1984-07-11,23.8,19.4,27.8,14380,14.7,2.09,3.6
1984-07-12,22.0,14.8,27.4,22690,0.3,1.8,1.5
1984-07-13,24.1,18.8,28.6,24600,0.0,2.08,1.1
1984-07-14,25.3,18.4,31.1,27410,0.0,1.99,1.8
1984-07-15,24.3,21.3,27.5,13360,7.9,2.12,3.0
1984-07-16,22.2,17.9,25.6,27780,0.0,1.62,2.8
1984-07-17,20.9,16.6,24.8,18540,1.0,1.63,2.9
1984-07-18,18.6,15.0,22.4,19870,0.0,1.31,3.5
1984-07-19,19.7,11.1,26.6,28720,0.0,1.31,1.7
1984-07-20,20.5,19.1,23.4,10490,8.3,1.82,2.8
1984-07-21,22.5,16.2,28.1,23190,0.2,2.13,1.0
1984-07-22,24.6,18.1,30.1,27210,0.0,1.99,1.5
1984-07-23,25.0,17.2,30.9,28200,0.0,1.92,1.6
1984-07-24,23.8,21.3,27.3,12610,9.4,2.35,1.5
1984-07-25,21.5,18.1,24.7,16750,0.2,1.89,2.1
1984-07-26,19.3,17.4,22.0,8990,8.0,1.82,2.1
1984-07-27,18.8,14.9,23.0,21250,5.3,1.73,2.1
1984-07-28,19.3,14.7,23.9,23250,0.3,1.7,2.1
1984-07-29,19.5,13.1,24.6,26180,0.0,1.33,2.5
1984-07-30,20.2,13.4,26.1,24330,0.0,1.44,1.7
1984-07-31,21.8,14.9,26.7,21420,0.0,1.78,1.4
1984-08-01,23.4,17.8,28.3,19770,0.2,2.16,1.0
1984-08-02,24.2,20.9,28.6,17180,1.6,2.41,1.0
1984-08-03,24.1,20.1,27.6,17430,1.9,2.48,0.7
1984-08-04,23.7,19.4,27.8,20650,4.3,2.43,0.9
1984-08-05,24.1,19.1,28.5,21500,0.1,2.38,1.4
1984-08-06,25.7,20.6,31.0,23280,0.8,2.42,2.5
1984-08-07,26.7,22.5,30.6,21600,0.4,2.64,2.3
1984-08-08,26.7,23.2,32.7,20940,9.1,2.74,2.3
1984-08-09,26.3,21.9,30.7,23340,0.0,2.42,1.9
1984-08-10,25.4,21.0,30.0,21700,0.1,2.3,1.5
1984-08-11,22.8,19.1,26.6,16880,0.0,2.0,2.8
1984-08-12,22.6,18.1,26.7,23040,0.0,1.89,2.3
1984-08-13,22.5,16.9,27.3,21500,0.1,1.87,1.4
1984-08-14,23.0,16.6,28.6,24820,0.0,1.74,1.4
1984-08-15,23.7,17.2,29.3,21560,0.0,1.7,1.3
1984-08-16,25.4,19.5,30.9,21040,0.1,2.1,1.6
1984-08-17,24.3,20.9,29.7,15260,6.4,2.44,1.3
1984-08-18,23.5,19.4,27.7,18940,0.6,2.22,1.4
1984-08-19,21.5,16.5,25.5,21050,0.0,1.64,3.0
1984-08-20,20.4,14.4,25.8,25660,0.0,1.33,2.7
1984-08-21,22.1,15.1,28.6,23820,0.0,1.51,2.5
1984-08-22,23.5,20.3,28.7,17180,5.4,1.81,2.6
1984-08-23,20.4,16.5,24.2,19350,0.0,1.49,3.4
1984-08-24,18.8,13.3,24.1,23460,0.0,1.38,2.0
1984-08-25,19.1,12.1,25.2,21260,0.0,1.35,1.5
1984-08-26,21.5,14.4,27.7,23720,0.0,1.46,1.7
1984-08-27,24.4,18.4,30.5,20640,0.0,1.66,3.6
1984-08-28,25.5,20.7,30.7,19850,10.6,2.44,3.2
1984-08-29,26.3,21.4,31.6,19700,7.2,2.68,3.5
1984-08-30,25.3,20.9,28.0,21900,0.0,2.05,4.0
1984-08-31,20.4,14.9,25.8,23730,0.0,1.07,2.1
1984-09-01,22.2,16.2,30.1,19260,7.2,1.68,3.6
1984-09-02,26.6,22.1,31.6,19390,3.1,2.27,4.2
1984-09-03,19.7,16.3,22.1,11700,5.9,1.78,3.9
1984-09-04,17.3,13.2,21.7,16730,1.0,1.3,2.2
1984-09-05,16.0,12.1,20.4,19230,1.4,1.21,2.0
1984-09-06,16.0,9.3,22.5,21100,0.8,1.14,2.8
1984-09-07,21.4,16.1,27.6,18660,2.6,1.49,5.1
1984-09-08,23.0,19.4,27.1,19010,0.0,1.52,5.7
1984-09-09,19.7,18.2,23.2,4850,13.6,1.91,3.9
1984-09-10,21.3,18.4,25.7,12070,2.7,2.14,2.3
1984-09-11,21.8,18.4,25.0,16390,33.6,2.04,2.4
1984-09-12,21.2,15.2,27.6,19660,0.0,1.9,3.0
1984-09-13,24.4,21.3,29.1,16070,14.8,2.42,3.1
1984-09-14,18.8,16.6,20.9,5430,8.4,1.86,2.1
1984-09-15,13.6,10.8,16.4,13980,0.0,1.08,3.9
1984-09-16,12.1,6.8,16.2,14740,0.0,0.93,1.4
1984-09-17,13.3,7.6,18.5,18010,0.0,1.01,1.8
1984-09-18,14.4,7.2,21.0,20740,0.0,1.11,1.3
1984-09-19,18.2,12.2,25.7,19860,0.0,1.44,2.6
1984-09-20,21.3,16.7,27.8,19680,0.0,1.67,3.2
1984-09-21,20.3,14.1,27.5,19420,0.0,1.71,2.1
1984-09-22,22.4,18.1,27.3,14950,0.2,1.65,3.1
1984-09-23,20.1,18.2,22.3,4070,14.0,1.98,3.6
1984-09-24,21.9,20.2,24.5,6380,0.1,2.32,3.6
1984-09-25,20.3,11.9,25.1,4760,12.5,2.08,4.9
1984-09-26,10.4,7.6,13.5,17090,0.0,0.71,3.6
1984-09-27,9.1,7.0,10.2,4080,1.3,0.79,2.9
1984-09-28,9.0,3.6,13.4,12670,0.0,0.84,1.8
1984-09-29,9.5,6.0,12.5,11520,0.0,0.83,2.6
1984-09-30,9.8,6.3,13.5,12770,0.1,0.79,2.1
1984-10-01,9.8,4.1,15.7,15250,0.0,0.78,1.9
1984-10-02,11.0,4.9,17.6,18390,0.0,0.75,3.0
1984-10-03,15.7,11.5,22.5,17670,0.0,1.01,3.7
1984-10-04,13.8,7.7,20.6,15590,0.0,1.01,2.0
1984-10-05,16.0,10.8,20.9,10070,0.4,1.32,2.2
1984-10-06,17.2,14.7,22.7,10380,4.5,1.36,4.1
1984-10-07,16.4,15.9,17.9,2400,13.0,1.7,4.2
1984-10-08,17.5,15.9,20.4,7680,3.0,1.82,2.3
1984-10-09,17.6,14.5,21.7,7710,0.1,1.74,1.8
1984-10-10,18.0,13.7,23.3,13370,0.0,1.68,2.4
1984-10-11,17.8,13.5,22.3,12560,0.0,1.61,3.2
1984-10-12,17.8,14.0,22.3,10870,0.0,1.69,2.1
1984-10-13,17.8,16.2,21.0,5880,13.2,1.84,1.7
1984-10-14,18.8,16.8,22.4,6200,6.6,1.92,2.0
1984-10-15,18.3,17.0,20.2,5080,4.5,1.87,3.3
1984-10-16,19.6,14.9,24.7,10290,0.0,1.83,3.3
1984-10-17,15.3,9.8,21.7,14840,3.8,1.13,3.4
1984-10-18,14.1,7.6,19.8,9710,1.4,1.27,3.4
1984-10-19,16.2,10.3,20.3,14690,12.3,1.23,5.2
1984-10-20,9.2,4.0,13.7,6330,21.0,0.83,2.4
1984-10-21,10.6,9.0,13.3,4940,21.7,1.07,2.6
1984-10-22,9.8,7.2,13.0,9940,0.0,0.79,2.3
1984-10-23,7.9,4.4,12.7,9550,0.0,0.73,1.6
1984-10-24,8.6,4.5,13.7,13890,0.0,0.76,1.4
1984-10-25,11.5,7.3,18.1,2240,9.2,1.25,2.8
1984-10-26,17.4,15.0,19.6,2700,0.6,1.81,2.7
1984-10-27,20.1,17.3,23.8,9390,2.2,1.77,4.8
1984-10-28,16.3,9.3,20.5,5350,0.0,1.41,3.8
1984-10-29,10.6,5.9,15.8,12610,0.0,0.91,1.9
1984-10-30,13.8,9.9,18.2,7580,0.9,1.27,2.4
1984-10-31,14.4,10.9,18.3,5510,0.1,1.29,3.8
1984-11-01,15.5,6.1,19.6,1400,17.6,1.51,5.4
1984-11-02,1.5,-1.5,5.0,13110,0.0,0.28,3.2
1984-11-03,5.3,-0.5,12.4,12790,0.0,0.53,3.6
1984-11-04,13.9,11.0,16.4,10030,0.0,1.17,4.1
1984-11-05,6.4,3.5,10.0,9910,0.0,0.67,3.3
1984-11-06,3.2,-1.5,8.5,12220,0.0,0.51,2.3
1984-11-07,5.9,1.2,11.3,8590,0.0,0.63,3.6
1984-11-08,10.6,8.7,14.3,7740,0.4,0.78,4.5
1984-11-09,13.1,10.7,16.3,2350,32.4,1.37,4.4
1984-11-10,13.2,8.7,14.8,3070,15.6,1.46,3.1
1984-11-11,4.4,2.1,8.4,4290,9.1,0.66,5.3
1984-11-12,1.8,-0.5,5.0,8700,0.0,0.4,3.1
1984-11-13,2.5,-1.0,7.6,10880,0.0,0.51,1.5
1984-11-14,5.7,0.6,11.3,9200,0.0,0.52,4.5
1984-11-15,9.8,4.2,13.1,8130,5.9,0.79,6.0
1984-11-16,0.7,-2.2,3.7,11490,0.0,0.28,4.7
1984-11-17,0.5,-4.1,5.3,6520,0.0,0.4,1.6
1984-11-18,2.6,0.8,4.7,4560,3.1,0.56,2.0
1984-11-19,1.1,-2.3,3.2,7700,0.0,0.41,3.4
1984-11-20,-2.4,-6.5,1.5,8670,0.0,0.35,1.3
1984-11-21,-1.9,-5.4,2.0,7490,0.0,0.38,1.2
1984-11-22,-1.2,-5.2,3.8,10250,0.0,0.38,2.6
1984-11-23,2.3,-0.8,8.3,10070,0.0,0.51,2.3
1984-11-24,3.3,-2.1,10.9,10080,0.0,0.62,1.9
1984-11-25,5.1,0.5,11.4,7000,0.0,0.62,2.8
1984-11-26,10.7,6.1,15.6,5560,0.2,0.84,4.7
1984-11-27,12.3,8.2,14.7,1000,19.6,1.22,5.3
1984-11-28,2.5,0.4,6.7,4760,2.5,0.48,4.0
1984-11-29,3.8,-0.6,9.0,9360,0.0,0.46,3.4
1984-11-30,6.0,4.0,8.6,4710,0.0,0.65,3.4
1984-12-01,2.4,-1.8,6.3,7790,0.0,0.55,2.3
1984-12-02,5.3,0.9,10.8,5770,5.7,0.7,3.5
1984-12-03,-2.8,-5.1,3.7,9370,0.4,0.29,5.1
1984-12-04,-5.0,-7.4,-1.8,7450,0.0,0.24,2.6
1984-12-05,-4.6,-7.6,-0.5,4290,1.5,0.29,1.3
1984-12-06,-8.3,-12.0,-4.1,7750,0.7,0.22,4.6
1984-12-07,-7.5,-12.8,-1.6,9040,0.0,0.22,3.8
1984-12-08,-0.2,-3.2,5.6,9420,0.0,0.49,2.9
1984-12-09,1.5,-3.4,7.4,6170,0.9,0.61,2.4
1984-12-10,5.5,0.7,8.1,4920,0.1,0.84,2.3
1984-12-11,3.3,-0.4,6.9,5650,0.0,0.71,3.4
1984-12-12,10.2,5.4,14.0,960,3.7,1.19,5.1
1984-12-13,5.6,4.3,10.4,2010,6.2,0.84,3.5
1984-12-14,10.9,3.8,17.0,4180,5.3,1.19,4.6
1984-12-15,8.6,4.1,13.1,3300,0.0,1.01,1.9
1984-12-16,14.0,11.7,17.1,2610,0.1,1.28,5.8
1984-12-17,8.4,2.1,14.2,7940,0.0,0.88,2.4
1984-12-18,-0.4,-4.5,5.8,7740,0.0,0.42,2.6
1984-12-19,1.7,-0.7,3.5,4120,5.4,0.53,3.6
1984-12-20,-0.6,-4.5,2.4,8070,0.0,0.42,2.0
1984-12-21,7.3,1.8,14.1,790,23.4,0.94,5.7
1984-12-22,0.0,-3.5,4.8,8780,0.0,0.37,4.6
1984-12-23,1.3,-4.0,7.3,8900,0.0,0.42,4.2
1984-12-24,-0.0,-9.2,3.9,2340,1.3,0.48,3.4
1984-12-25,-9.8,-13.6,-5.5,9430,0.0,0.13,2.8
1984-12-26,-2.8,-7.6,2.5,2880,0.0,0.25,2.6
1984-12-27,6.6,2.7,10.1,3530,0.0,0.82,3.8
1984-12-28,15.2,10.2,18.0,3440,0.0,1.52,7.0
1984-12-29,12.9,3.3,17.3,1270,24.8,1.33,5.6
1984-12-30,3.1,0.9,6.6,8830,7.4,0.63,2.7
1984-12-31,4.7,1.5,6.6,1040,5.5,0.78,2.4
1985-01-01,2.5,-5.6,13.5,2980,23.8,0.66,4.2
1985-01-02,-7.1,-8.8,-5.4,8730,0.0,0.22,2.4
1985-01-03,-5.3,-9.1,-1.0,9510,0.0,0.23,3.1
1985-01-04,-3.4,-5.3,0.8,7520,0.0,0.26,3.0
1985-01-05,0.2,-2.3,3.2,6920,0.0,0.47,3.0
1985-01-06,-0.2,-2.5,3.4,7740,0.0,0.46,4.6
1985-01-07,0.3,-0.9,1.2,3270,0.2,0.5,4.4
1985-01-08,-1.9,-5.6,-0.1,7210,0.0,0.34,3.3
1985-01-09,-5.8,-7.4,-3.9,5830,0.0,0.17,3.2
1985-01-10,-5.1,-6.2,-3.0,4550,4.3,0.3,3.0
1985-01-11,-6.1,-8.4,-2.7,7610,0.2,0.3,2.5
1985-01-12,-9.9,-13.7,-5.7,10160,0.0,0.19,3.9
1985-01-13,-5.4,-10.2,0.7,9000,0.0,0.25,5.2
1985-01-14,-3.3,-8.2,0.3,4250,0.7,0.36,5.3
1985-01-15,-10.1,-14.0,-6.7,9900,0.0,0.14,2.5
1985-01-16,-6.3,-9.9,-2.4,4790,1.5,0.21,3.0
1985-01-17,-5.0,-7.1,-2.4,5530,1.2,0.35,3.9
1985-01-18,-3.9,-6.6,0.8,4690,4.5,0.4,4.3
1985-01-19,-16.3,-25.5,-7.2,9360,0.0,0.13,5.4
1985-01-20,-28.1,-31.6,-24.5,11650,0.0,0.03,5.5
1985-01-21,-16.3,-23.7,-8.5,7670,0.0,0.14,5.1
1985-01-22,-8.0,-10.2,-5.9,8670,0.0,0.25,4.2
1985-01-23,-6.2,-10.4,-1.9,11060,0.0,0.3,4.5
1985-01-24,-3.7,-5.7,-1.3,4730,1.4,0.38,4.2
1985-01-25,-7.5,-13.8,-1.8,8200,1.2,0.27,6.6
1985-01-26,-13.5,-19.0,-7.0,12030,0.0,0.15,3.5
1985-01-27,-3.8,-6.9,-0.6,8770,0.0,0.3,4.1
1985-01-28,-7.5,-10.4,-4.4,11070,0.0,0.25,2.3
1985-01-29,-7.8,-12.6,-2.9,11290,0.0,0.23,1.5
1985-01-30,-4.6,-8.5,-0.7,8360,1.7,0.35,1.9
1985-01-31,-7.7,-14.1,-3.4,8170,3.0,0.27,3.3
1985-02-01,-15.7,-18.1,-11.8,11720,0.0,0.09,2.7
1985-02-02,-14.2,-17.4,-10.3,8560,0.5,0.13,2.2
1985-02-03,-13.7,-18.5,-6.8,13100,0.0,0.12,1.4
1985-02-04,-11.6,-18.0,-5.2,12390,0.0,0.15,2.2
1985-02-05,-6.9,-9.9,-4.3,5490,4.6,0.31,1.5
1985-02-06,-9.5,-12.1,-6.6,8380,0.0,0.24,2.8
1985-02-07,-12.6,-15.0,-9.8,12060,0.0,0.17,3.6
1985-02-08,-14.4,-21.3,-7.6,14430,0.0,0.15,1.7
1985-02-09,-12.9,-19.8,-5.7,10800,0.0,0.18,2.8
1985-02-10,-3.1,-6.7,0.1,4710,13.1,0.44,3.5
1985-02-11,-0.2,-4.7,1.4,2840,25.5,0.58,2.7
1985-02-12,-6.5,-7.2,-5.1,7080,8.2,0.32,8.3
1985-02-13,-9.3,-11.4,-6.8,11970,0.6,0.24,5.9
1985-02-14,-8.8,-11.1,-8.0,10160,1.8,0.26,5.3
1985-02-15,-15.3,-19.4,-11.9,16010,0.0,0.15,2.9
1985-02-16,-7.3,-16.1,0.6,14650,0.0,0.32,4.6
1985-02-17,-4.1,-7.2,-0.9,16390,0.0,0.37,3.9
1985-02-18,-3.4,-10.5,3.6,9590,0.4,0.41,3.7
1985-02-19,-4.0,-9.4,0.1,14250,0.0,0.32,2.0
1985-02-20,-0.3,-6.6,6.2,15200,0.0,0.44,2.5
1985-02-21,4.7,0.4,9.3,5160,5.4,0.71,4.8
1985-02-22,10.4,9.1,11.9,1850,15.1,1.2,4.6
1985-02-23,13.4,11.5,15.0,3630,50.0,1.36,4.4
1985-02-24,8.2,3.1,14.0,2600,6.4,1.01,3.1
1985-02-25,3.3,-0.4,6.4,9010,0.0,0.58,1.5
1985-02-26,4.4,-2.0,11.6,13580,4.5,0.65,2.8
1985-02-27,-0.7,-4.2,1.7,14010,1.8,0.39,2.7
1985-02-28,-0.0,-5.6,7.4,17550,0.0,0.39,3.1
1985-03-01,3.4,1.1,5.5,4100,2.3,0.61,3.6
1985-03-02,2.9,-1.7,8.1,17430,0.0,0.53,2.5
1985-03-03,2.6,-1.5,7.9,12810,5.5,0.5,4.6
1985-03-04,9.9,3.0,14.0,2040,17.3,0.96,7.0
1985-03-05,-2.2,-4.9,2.0,12920,0.0,0.22,5.7
1985-03-06,-3.0,-7.2,2.6,18590,0.0,0.27,2.4
1985-03-07,3.3,-1.4,8.9,2530,3.8,0.56,4.1
1985-03-08,8.5,4.2,11.9,11780,1.4,0.84,2.9
1985-03-09,5.4,-1.6,12.4,19390,0.0,0.5,3.0
1985-03-10,8.2,0.6,16.5,18960,0.0,0.62,3.1
1985-03-11,10.7,7.5,14.7,3640,23.4,1.1,4.2
1985-03-12,5.2,2.0,9.1,19490,0.0,0.46,5.7
1985-03-13,3.3,1.3,5.8,5460,3.2,0.55,2.0
1985-03-14,4.7,-0.5,9.9,18170,0.0,0.54,3.3
1985-03-15,2.7,-3.1,8.2,20340,0.0,0.47,1.4
1985-03-16,5.2,-0.9,13.5,17290,0.0,0.52,3.7
1985-03-17,0.7,-5.2,5.0,19950,0.6,0.37,3.9
1985-03-18,-1.0,-7.4,6.4,21330,0.0,0.29,1.7
1985-03-19,8.9,0.9,17.9,18530,1.1,0.65,4.6
1985-03-20,7.5,2.0,13.2,20780,1.5,0.67,2.8
1985-03-21,3.9,-0.8,9.1,18280,0.0,0.35,4.3
1985-03-22,5.2,1.1,9.7,9560,0.0,0.56,3.8
1985-03-23,7.1,4.8,11.3,4270,3.4,0.88,2.2
1985-03-24,4.1,1.7,6.3,10050,4.1,0.66,3.7
1985-03-25,5.6,2.0,11.0,16300,0.0,0.66,2.1
1985-03-26,7.9,-0.2,16.4,22190,0.0,0.68,3.5
1985-03-27,14.7,11.9,19.0,7460,7.9,1.19,6.3
1985-03-28,19.6,16.0,24.2,10730,2.1,1.76,5.9
1985-03-29,13.4,7.9,20.0,15190,8.7,1.02,2.8
1985-03-30,5.5,3.4,8.9,3770,11.6,0.76,5.0
1985-03-31,7.5,2.6,14.5,10690,9.0,0.8,7.1
1985-04-01,2.6,-0.9,5.8,10670,0.0,0.38,6.2
1985-04-02,4.8,-2.5,10.5,22980,1.1,0.45,3.4
1985-04-03,10.7,7.3,14.4,22820,0.2,0.66,4.6
1985-04-04,13.1,4.4,21.1,15980,2.6,1.01,4.7
1985-04-05,9.4,2.5,18.1,2180,30.6,1.08,3.4
1985-04-06,5.1,2.3,9.2,17330,2.1,0.54,6.5
1985-04-07,4.8,0.8,10.4,21210,1.2,0.49,3.4
1985-04-08,2.1,-1.6,6.3,20880,3.5,0.42,3.8
1985-04-09,0.1,-4.8,5.1,18770,0.0,0.33,2.5
1985-04-10,3.4,-2.9,9.2,13470,0.0,0.5,4.2
1985-04-11,11.2,4.0,18.7,22350,0.0,0.97,1.6
1985-04-12,14.7,7.5,21.8,20620,0.0,1.24,2.3
1985-04-13,16.0,10.8,21.9,20120,0.7,1.29,3.4
1985-04-14,15.4,11.4,20.3,15470,5.3,1.43,2.2
1985-04-15,15.5,10.6,20.2,15880,1.3,1.46,1.2
1985-04-16,13.3,5.7,19.7,25030,0.0,1.05,3.3
1985-04-17,12.4,5.4,20.8,25400,0.0,0.84,3.6
1985-04-18,20.2,15.6,26.0,21820,0.0,1.42,5.3
1985-04-19,21.5,16.6,26.6,23760,0.0,1.43,4.2
1985-04-20,20.7,15.5,25.8,20780,0.0,1.49,3.8
1985-04-21,21.4,15.9,26.9,24030,0.0,1.5,3.3
1985-04-22,21.7,17.6,26.2,20600,0.4,1.52,3.3
1985-04-23,20.2,17.5,23.8,15850,3.6,1.55,4.7
1985-04-24,16.1,12.6,18.7,11850,9.5,1.41,3.9
1985-04-25,15.7,7.6,22.7,24240,0.1,1.17,1.9
1985-04-26,18.2,10.2,25.5,22310,0.1,1.32,1.9
1985-04-27,16.7,13.7,21.5,10070,7.3,1.51,2.1
1985-04-28,14.0,9.2,19.4,24410,0.0,1.0,3.3
1985-04-29,14.0,7.7,20.8,28030,0.0,0.89,2.6
1985-04-30,16.2,8.8,22.4,21010,0.1,1.06,1.5
1985-05-01,14.6,12.7,17.1,2820,24.5,1.44,3.2
1985-05-02,13.5,9.4,18.9,22140,2.7,0.9,4.9
1985-05-03,12.9,5.7,19.2,28140,0.0,0.74,2.0
1985-05-04,14.5,7.9,20.9,26690,0.0,0.92,3.1
1985-05-05,18.5,12.7,24.0,23300,0.1,1.26,4.3
1985-05-06,19.3,15.1,24.0,18770,3.5,1.4,4.2
1985-05-07,15.8,8.7,21.1,27030,0.0,1.07,1.3
1985-05-08,17.0,9.4,22.6,22390,0.0,1.11,1.4
1985-05-09,18.1,10.7,24.5,28520,0.0,1.16,2.6
1985-05-10,19.2,13.1,25.0,24150,0.0,1.41,3.0
1985-05-11,20.3,15.7,24.9,17480,0.3,1.72,4.1
1985-05-12,22.2,18.4,27.4,21650,3.7,1.82,5.0
1985-05-13,20.0,13.3,25.6,24400,0.0,1.47,2.2
1985-05-14,22.3,18.6,28.8,19810,9.3,2.0,3.4
1985-05-15,19.2,16.6,21.4,18740,9.0,1.6,3.7
1985-05-16,14.6,12.2,16.1,6260,0.8,1.14,3.1
1985-05-17,11.8,9.3,13.4,16160,0.0,1.01,4.7
1985-05-18,13.7,6.9,20.7,22180,0.2,0.98,3.3
1985-05-19,16.8,8.4,24.5,27200,0.0,1.12,3.5
1985-05-20,19.5,15.9,24.6,22170,5.7,1.47,4.0
1985-05-21,16.5,11.4,21.3,29060,0.5,1.17,2.6
1985-05-22,14.3,10.1,18.4,17050,0.0,0.92,3.6
1985-05-23,15.8,8.5,22.4,30030,0.0,0.89,2.8
1985-05-24,17.3,8.4,24.2,29510,0.0,1.07,1.6
1985-05-25,19.5,10.7,26.2,29390,0.0,1.22,2.0
1985-05-26,22.4,16.3,28.1,27080,0.0,1.5,4.3
1985-05-27,21.4,15.3,27.3,16870,23.1,1.94,3.4
1985-05-28,17.0,13.6,21.6,29110,0.0,1.22,3.2
1985-05-29,17.5,11.5,23.8,26450,0.0,1.22,2.8
1985-05-30,21.2,16.6,26.9,21010,10.8,1.85,3.5
1985-05-31,22.7,19.4,26.8,29310,35.9,1.78,4.8
1985-06-01,19.8,13.7,24.7,28260,0.0,1.47,2.3
1985-06-02,21.7,17.2,27.0,22410,4.2,1.88,1.5
1985-06-03,17.9,12.6,24.1,28960,10.3,1.3,2.9
1985-06-04,15.2,13.3,16.9,6490,26.5,1.35,2.9
1985-06-05,17.3,13.2,22.2,17810,0.0,1.4,2.1
1985-06-06,17.8,12.3,23.3,24160,0.0,1.23,2.5
1985-06-07,20.5,16.0,25.4,21920,0.0,1.65,2.0
1985-06-08,22.9,16.7,29.3,26330,0.0,1.97,3.1
1985-06-09,25.2,21.8,28.9,28290,0.0,1.86,4.0
1985-06-10,21.7,16.7,26.6,29400,0.0,1.29,2.0
1985-06-11,15.1,11.5,19.0,2430,40.9,1.4,3.5
1985-06-12,12.5,10.7,15.7,15680,0.0,0.97,3.5
1985-06-13,13.9,7.0,19.7,27510,0.1,1.0,2.8
1985-06-14,16.6,11.3,21.9,22540,2.0,1.17,2.4
1985-06-15,17.2,14.6,22.9,12590,16.9,1.68,3.3
1985-06-16,20.0,15.2,24.7,25390,0.0,1.7,2.9
1985-06-17,21.2,17.3,26.2,14750,8.5,1.91,3.4
1985-06-18,17.8,15.2,20.8,21990,3.9,1.32,3.7
1985-06-19,16.5,12.0,20.7,24150,0.0,1.3,2.5
1985-06-20,17.5,11.3,23.0,22900,0.0,1.33,1.8
1985-06-21,21.0,15.8,27.1,23610,3.0,1.7,4.0
1985-06-22,21.8,19.0,24.6,22700,9.4,1.75,4.4
1985-06-23,21.5,15.2,28.6,26310,1.8,1.87,3.3
1985-06-24,22.7,18.7,27.2,22730,2.9,2.14,2.4
1985-06-25,22.6,16.9,28.2,28980,0.0,1.92,2.0
1985-06-26,23.4,16.9,29.4,26490,0.0,1.95,1.6
1985-06-27,22.1,17.0,27.3,28430,0.0,1.58,3.0
1985-06-28,20.4,14.2,25.8,29700,0.0,1.44,2.2
1985-06-29,21.1,14.6,25.7,23840,0.0,1.54,1.5
1985-06-30,21.6,16.2,27.1,26570,0.2,1.61,2.2
1985-07-01,21.2,16.8,25.9,23990,3.8,1.81,1.9
1985-07-02,20.8,15.1,26.6,23070,10.3,1.96,1.6
1985-07-03,22.1,17.9,26.8,27860,0.5,1.88,1.5
1985-07-04,22.8,16.2,27.9,25240,0.3,1.92,3.3
1985-07-05,22.8,20.1,25.7,24950,0.6,1.82,3.7
1985-07-06,20.9,16.2,25.4,20760,0.0,1.68,2.6
1985-07-07,23.3,16.4,28.9,26220,0.0,1.93,2.8
1985-07-08,26.8,22.1,31.9,27180,0.0,2.27,4.4
1985-07-09,26.6,22.1,30.4,22540,21.6,2.44,2.1
1985-07-10,22.9,19.2,26.2,25630,0.5,2.1,3.0
1985-07-11,21.3,15.7,25.6,21940,0.0,1.62,1.7
1985-07-12,23.3,17.3,28.3,22410,0.0,2.07,1.3
1985-07-13,24.5,20.2,30.7,18810,10.2,2.37,3.6
1985-07-14,26.4,24.5,28.1,12150,3.2,2.68,3.2
1985-07-15,24.1,21.2,27.5,22180,20.1,2.34,2.2
1985-07-16,20.8,15.2,25.1,24450,0.0,1.63,1.9
1985-07-17,19.8,13.0,25.2,29390,0.0,1.5,1.7
1985-07-18,21.3,15.1,26.8,28400,0.0,1.69,1.5
1985-07-19,23.3,16.2,28.7,24220,0.0,2.08,1.8
1985-07-20,23.9,21.5,26.8,15330,4.0,2.49,1.0
1985-07-21,22.2,18.4,26.2,16080,1.9,2.24,1.3
1985-07-22,22.3,18.0,26.8,26600,0.0,1.87,2.5
1985-07-23,19.4,13.5,25.4,29010,0.0,1.31,2.5
1985-07-24,22.7,15.4,29.4,26580,0.0,1.77,2.7
1985-07-25,25.7,22.0,30.1,23690,9.9,2.49,3.7
1985-07-26,22.3,18.7,25.4,27980,5.7,1.89,3.2
1985-07-27,21.0,14.5,27.0,28110,0.0,1.56,1.6
1985-07-28,22.2,15.1,27.8,27910,0.0,1.67,1.5
1985-07-29,23.4,16.7,28.7,26330,0.0,1.86,0.9
1985-07-30,23.4,19.9,27.9,13490,0.7,2.16,1.8
1985-07-31,23.0,21.0,26.3,9790,16.9,2.43,2.4
1985-08-01,19.9,17.6,23.6,10750,0.8,1.69,3.4
1985-08-02,19.6,14.4,24.7,28300,0.0,1.44,2.2
1985-08-03,20.5,14.6,26.0,24870,0.0,1.51,1.8
1985-08-04,21.3,17.2,25.6,12230,5.2,1.99,2.6
1985-08-05,21.2,19.4,23.1,7660,50.8,2.27,3.9
1985-08-06,22.6,19.5,28.0,17070,11.5,2.41,3.3
1985-08-07,22.5,19.7,27.4,16850,5.0,2.35,1.9
1985-08-08,21.5,15.7,26.0,26670,0.0,1.85,2.1
1985-08-09,22.5,16.9,28.4,23570,0.0,1.99,1.8
1985-08-10,22.7,18.6,26.6,11150,3.3,2.33,2.9
1985-08-11,19.7,14.2,25.2,24420,0.0,1.76,2.2
1985-08-12,22.0,17.0,28.4,21340,0.0,1.93,2.6
1985-08-13,25.1,22.6,29.4,19030,8.4,2.61,3.1
1985-08-14,23.8,20.9,28.1,16040,30.6,2.6,1.7
1985-08-15,21.2,18.6,23.7,9860,14.7,2.28,2.3
1985-08-16,20.6,15.9,25.4,18850,0.0,1.9,2.2
1985-08-17,22.2,17.4,26.8,17460,0.0,2.12,1.4
1985-08-18,21.9,18.4,25.5,18250,2.3,2.09,2.2
1985-08-19,17.0,14.2,20.1,13070,0.9,1.42,2.0
1985-08-20,16.0,9.6,21.1,18340,0.0,1.41,1.3
1985-08-21,17.7,13.0,21.9,19020,0.0,1.48,1.5
1985-08-22,18.6,13.6,23.5,20410,0.0,1.52,1.4
1985-08-23,20.7,15.8,25.0,17190,0.0,1.79,1.6
1985-08-24,21.0,18.2,23.7,13320,9.4,2.08,2.2
1985-08-25,18.4,14.9,21.6,16420,0.6,1.65,1.6
1985-08-26,18.8,14.6,22.4,19430,0.2,1.73,1.1
1985-08-27,19.2,13.9,24.2,19430,0.0,1.67,1.4
1985-08-28,19.6,13.6,24.8,17000,0.0,1.75,1.4
1985-08-29,21.4,16.5,26.3,17190,0.7,1.91,2.3
1985-08-30,21.6,18.7,24.9,14990,9.2,2.15,2.8
1985-08-31,19.3,15.7,23.7,19960,0.0,1.72,2.3
1985-09-01,22.2,16.4,28.7,20930,0.0,1.98,3.1
1985-09-02,25.0,21.7,28.8,14470,0.0,2.33,1.7
1985-09-03,24.9,21.1,28.9,18470,0.0,2.25,3.7
1985-09-04,25.3,22.6,28.0,15510,0.1,2.44,3.3
1985-09-05,25.1,22.6,28.4,10020,0.1,2.51,3.9
1985-09-06,26.6,22.9,30.8,18080,0.0,2.68,4.0
1985-09-07,27.1,22.6,31.8,20550,0.0,2.68,2.4
1985-09-08,26.4,23.1,30.7,18060,2.4,2.72,1.9
1985-09-09,24.7,21.4,30.9,16970,13.5,2.64,2.4
1985-09-10,21.2,18.2,25.2,11490,0.2,1.97,3.1
1985-09-11,17.4,14.3,19.6,16270,0.0,1.25,3.2
1985-09-12,14.2,10.8,17.6,12710,0.0,1.01,2.9
1985-09-13,12.8,7.9,17.6,22100,0.0,0.81,3.7
1985-09-14,13.2,8.0,18.5,18660,0.0,0.89,2.3
1985-09-15,15.1,9.1,21.2,21440,0.0,1.03,1.8
1985-09-16,16.3,9.2,23.5,21330,0.0,1.09,2.2
1985-09-17,20.1,15.2,25.4,16250,0.1,1.41,3.8
1985-09-18,22.6,18.7,27.7,18110,0.0,1.63,3.6
1985-09-19,22.4,17.3,27.8,19290,0.0,1.55,2.6
1985-09-20,22.3,16.5,28.1,19240,0.0,1.6,2.6
1985-09-21,21.8,17.0,26.7,16020,0.0,1.7,2.0
1985-09-22,22.2,18.6,26.1,11870,0.0,1.68,3.0
1985-09-23,20.2,12.2,23.8,9360,8.4,1.7,5.3
1985-09-24,11.6,7.1,15.8,19750,0.0,0.72,3.1
1985-09-25,13.0,7.6,17.7,8610,1.7,0.83,2.8
1985-09-26,12.7,8.6,16.4,12810,2.8,1.07,2.8
1985-09-27,11.6,7.3,16.2,11150,0.0,1.03,1.8
1985-09-28,14.2,8.6,21.5,18640,0.0,1.02,2.9
1985-09-29,16.0,9.4,22.5,18500,0.0,1.1,2.8
1985-09-30,14.1,9.5,17.0,1870,9.6,1.23,4.1
1985-10-01,8.7,5.4,12.3,16930,0.0,0.63,3.2
1985-10-02,8.1,1.2,14.5,18680,0.0,0.63,1.3
1985-10-03,10.6,3.3,17.8,17380,0.0,0.77,1.9
1985-10-04,12.3,11.6,13.5,5640,9.3,0.99,5.3
1985-10-05,10.3,8.7,11.9,6330,0.1,0.74,5.6
1985-10-06,8.5,3.3,13.2,15720,0.0,0.64,2.6
1985-10-07,13.6,7.5,20.4,16370,0.0,0.83,3.9
1985-10-08,16.6,14.8,20.7,9760,2.4,1.05,5.9
1985-10-09,18.9,16.8,22.5,7040,0.0,1.36,3.2
1985-10-10,16.4,12.3,19.5,4500,0.8,1.55,2.9
1985-10-11,13.2,10.7,15.8,3980,2.9,1.3,2.6
1985-10-12,20.7,15.4,25.9,11990,8.7,1.83,4.2
1985-10-13,17.9,13.6,21.5,15560,2.7,1.58,1.9
1985-10-14,16.8,13.6,20.6,10720,24.7,1.56,1.6
1985-10-15,14.8,12.3,18.0,15710,1.1,1.13,3.0
1985-10-16,11.7,7.9,15.1,15370,0.0,0.84,2.4
1985-10-17,13.6,8.2,21.2,14290,0.0,0.97,2.8
1985-10-18,17.7,13.9,20.9,4810,19.4,1.81,2.9
1985-10-19,19.6,16.4,21.8,6760,7.3,2.03,3.1
1985-10-20,14.8,12.8,16.3,4200,0.7,1.21,3.2
1985-10-21,13.0,9.6,16.3,9690,0.0,1.14,1.7
1985-10-22,14.6,12.5,16.9,6820,0.0,1.24,1.7
1985-10-23,16.0,12.4,20.1,9150,0.0,1.36,2.5
1985-10-24,18.4,13.2,23.1,10540,5.5,1.62,3.5
1985-10-25,11.2,5.4,16.7,14430,0.0,0.68,1.2
1985-10-26,11.3,5.6,19.0,14140,0.0,0.77,2.1
1985-10-27,11.8,7.8,18.3,10300,0.0,0.93,2.4
1985-10-28,8.9,5.6,13.0,12710,0.0,0.68,4.0
1985-10-29,8.7,5.6,12.1,7450,0.0,0.53,3.6
1985-10-30,9.9,8.1,13.2,8490,0.0,0.66,3.3
1985-10-31,11.0,7.7,16.1,4120,5.6,1.1,4.3
1985-11-01,15.2,13.6,16.6,3300,27.7,1.51,3.1
1985-11-02,10.9,9.1,15.2,3700,10.7,1.09,3.4
1985-11-03,8.6,6.8,10.7,6000,0.0,0.76,3.0
1985-11-04,7.2,6.3,8.6,5440,0.0,0.69,4.5
1985-11-05,8.8,6.7,11.6,4370,0.0,0.86,4.1
1985-11-06,10.4,7.7,14.6,10030,1.0,0.93,2.7
1985-11-07,7.0,4.8,10.1,9880,1.0,0.71,3.8
1985-11-08,7.2,2.6,12.8,10170,0.9,0.67,3.1
1985-11-09,11.5,9.1,15.3,2740,6.4,0.94,5.4
1985-11-10,9.1,4.4,15.1,980,35.5,1.13,3.8
1985-11-11,4.9,3.2,6.7,2740,0.5,0.75,2.9
1985-11-12,11.5,7.1,16.2,1920,1.1,1.3,2.2
1985-11-13,15.4,12.6,16.8,1580,5.3,1.68,2.2
1985-11-14,12.5,6.4,17.2,2070,4.8,1.35,3.2
1985-11-15,6.5,5.3,8.4,2440,13.1,0.75,3.9
1985-11-16,7.5,4.6,12.8,5330,20.0,0.84,5.0
1985-11-17,7.3,1.8,13.4,10770,0.0,0.74,2.5
1985-11-18,15.0,10.1,18.7,3120,9.7,1.46,4.6
1985-11-19,18.2,16.2,20.0,3920,27.4,1.79,5.9
1985-11-20,-1.1,-4.2,9.9,8490,0.4,0.31,4.4
1985-11-21,-2.3,-6.4,2.3,10600,0.0,0.32,2.8
1985-11-22,1.5,-2.1,5.7,8870,4.5,0.51,2.8
1985-11-23,0.2,-4.7,5.4,4910,0.0,0.49,1.9
1985-11-24,-1.7,-7.1,1.4,10020,0.0,0.35,2.6
1985-11-25,2.3,-0.4,9.4,900,2.0,0.6,3.6
1985-11-26,10.8,3.9,15.3,810,9.0,1.31,3.4
1985-11-27,3.5,2.6,5.3,2870,5.1,0.66,4.0
1985-11-28,2.3,0.9,3.6,2800,8.5,0.62,2.5
1985-11-29,2.4,0.9,3.6,2820,0.0,0.57,2.3
1985-11-30,4.6,2.8,6.8,3840,0.0,0.69,0.9
1985-12-01,4.2,-9.1,11.5,1220,9.8,0.77,5.8
1985-12-02,-9.1,-10.6,-7.0,8130,0.3,0.16,6.9
1985-12-03,-8.2,-12.4,-3.8,6150,0.0,0.18,1.8
1985-12-04,-1.1,-3.6,3.1,8340,0.0,0.29,2.7
1985-12-05,-1.1,-3.6,1.3,2890,3.3,0.44,3.1
1985-12-06,-2.2,-6.0,2.1,6610,0.0,0.41,2.6
1985-12-07,-0.8,-2.8,2.6,6660,0.0,0.45,2.8
1985-12-08,0.9,-2.8,6.6,9110,0.0,0.54,2.4
1985-12-09,-0.7,-2.6,1.0,5100,0.6,0.52,1.4
1985-12-10,4.8,0.7,8.4,1520,4.0,0.81,2.7
1985-12-11,1.8,0.7,3.0,760,22.7,0.67,3.3
1985-12-12,-1.8,-5.1,0.1,5310,0.0,0.41,2.3
1985-12-13,-8.9,-14.3,-6.1,3950,0.7,0.19,3.6
1985-12-14,-13.8,-18.6,-8.7,9650,0.0,0.1,3.9
1985-12-15,-4.4,-9.5,0.5,6780,0.0,0.28,4.4
1985-12-16,-4.4,-8.8,1.6,4990,0.0,0.3,4.0
1985-12-17,-9.2,-13.4,-6.2,4590,3.5,0.19,2.9
1985-12-18,-16.1,-19.8,-12.2,9580,0.0,0.09,3.7
1985-12-19,-12.6,-17.2,-7.1,9450,0.0,0.11,1.9
1985-12-20,-8.7,-13.8,-6.4,7690,2.0,0.22,2.3
1985-12-21,-12.5,-16.5,-8.3,9130,0.0,0.16,2.8
1985-12-22,-1.7,-8.4,3.4,6170,0.2,0.45,4.8
1985-12-23,0.1,-1.9,2.2,3710,1.0,0.55,4.1
1985-12-24,-6.6,-14.6,2.0,8380,1.2,0.3,4.6
1985-12-25,-17.1,-19.6,-14.9,8820,0.0,0.09,4.1
1985-12-26,-9.6,-18.3,0.7,3590,3.6,0.24,5.3
1985-12-27,-3.5,-11.5,0.6,6620,0.6,0.37,5.6
1985-12-28,-8.9,-13.2,-4.7,8980,0.0,0.21,3.9
1985-12-29,-6.9,-10.2,-4.2,9510,0.4,0.27,3.8
1985-12-30,-5.7,-13.5,2.4,8720,0.0,0.27,3.9
1985-12-31,-1.2,-6.3,2.8,4360,0.0,0.4,4.9
1986-01-01,-4.2,-10.1,2.8,8920,0.0,0.26,3.1
1986-01-02,1.6,-0.5,4.4,3940,1.6,0.38,4.2
1986-01-03,0.2,-1.8,3.1,3680,1.5,0.5,3.7
1986-01-04,-0.4,-3.1,3.6,4150,2.5,0.48,3.4
1986-01-05,-4.9,-8.7,-1.6,9540,0.3,0.24,5.8
1986-01-06,-5.8,-9.3,-2.4,8280,0.0,0.21,3.0
1986-01-07,-10.8,-14.5,-7.0,10060,0.0,0.15,2.7
1986-01-08,-10.0,-14.7,-4.2,9950,0.0,0.16,1.7
1986-01-09,-3.0,-7.9,4.2,10100,0.0,0.17,4.9
1986-01-10,0.2,-4.4,4.5,7310,0.0,0.39,2.9
1986-01-11,0.5,-5.0,8.3,9650,0.0,0.46,3.4
1986-01-12,2.8,-1.9,6.1,8380,0.8,0.46,6.2
1986-01-13,-5.9,-8.6,-3.2,9170,0.0,0.19,3.9
1986-01-14,-3.2,-5.3,0.0,8720,0.0,0.28,3.2
1986-01-15,-3.2,-8.7,3.6,10240,0.0,0.31,2.6
1986-01-16,3.1,-3.0,10.3,8310,0.0,0.52,3.8
1986-01-17,9.2,7.6,12.5,5380,0.4,0.99,4.2
1986-01-18,8.5,4.2,11.1,3370,0.9,1.03,3.9
1986-01-19,0.9,-1.2,3.5,5190,0.0,0.55,3.8
1986-01-20,-1.0,-2.8,2.7,8790,0.0,0.4,2.5
1986-01-21,4.8,-2.7,13.1,10330,0.0,0.68,4.5
1986-01-22,1.4,-3.1,5.6,6810,0.0,0.46,3.9
1986-01-23,-2.0,-6.0,3.7,11250,0.0,0.39,0.9
1986-01-24,0.0,-4.5,4.5,6010,1.3,0.41,3.7
1986-01-25,1.7,-0.5,3.4,3930,1.5,0.55,4.6
1986-01-26,-5.9,-11.8,-1.4,6720,0.8,0.22,5.1
1986-01-27,-17.1,-20.4,-12.5,11970,0.0,0.08,4.9
1986-01-28,-11.2,-16.6,-4.7,8670,0.0,0.14,2.4
1986-01-29,-4.4,-7.9,-2.4,6640,0.1,0.27,3.2
1986-01-30,-7.7,-13.3,-3.2,11810,0.0,0.2,1.5
1986-01-31,-0.8,-3.4,4.0,9710,0.0,0.32,1.9
1986-02-01,6.9,0.4,11.8,1680,1.5,0.89,4.7
1986-02-02,1.7,-3.4,7.3,11480,0.0,0.6,1.5
1986-02-03,1.7,-1.6,5.2,2510,6.2,0.65,3.0
1986-02-04,8.9,4.3,13.0,1260,27.2,1.15,3.4
1986-02-05,4.2,1.4,9.8,2080,0.5,0.81,1.6
1986-02-06,0.3,-2.9,2.0,4460,8.3,0.54,4.3
1986-02-07,-3.8,-4.8,-2.4,4680,12.5,0.38,3.1
1986-02-08,-4.6,-7.3,-2.3,8010,0.0,0.34,1.9
1986-02-09,-6.5,-11.4,-4.6,10540,0.0,0.27,3.0
1986-02-10,-10.9,-13.5,-7.7,11930,0.0,0.17,2.5
1986-02-11,-9.7,-12.2,-6.9,11670,0.0,0.18,2.7
1986-02-12,-12.9,-16.0,-9.3,14250,0.0,0.14,3.6
1986-02-13,-12.4,-19.9,-6.2,14180,0.0,0.15,3.1
1986-02-14,-4.4,-6.4,-1.7,6230,4.7,0.34,3.4
1986-02-15,-11.0,-16.4,-7.3,15580,0.0,0.2,2.8
1986-02-16,-2.4,-7.7,3.9,6810,3.3,0.45,2.3
1986-02-17,4.3,1.2,8.1,4110,0.8,0.84,1.5
1986-02-18,6.7,2.5,15.1,9320,0.3,0.9,1.6
1986-02-19,5.0,-0.1,9.3,9840,2.1,0.77,2.4
1986-02-20,3.6,-1.5,10.5,6290,3.3,0.74,2.5
1986-02-21,-3.2,-7.3,0.7,14420,4.7,0.38,3.8
1986-02-22,-5.6,-9.1,-2.1,16780,0.0,0.31,1.9
1986-02-23,-5.3,-10.0,-2.7,10590,3.9,0.34,1.8
1986-02-24,-3.9,-9.1,-2.5,14370,2.0,0.41,3.0
1986-02-25,-8.2,-14.5,-2.1,17570,0.0,0.25,1.7
1986-02-26,-0.4,-5.1,1.5,8400,7.1,0.54,3.0
1986-02-27,-3.4,-10.0,0.2,11670,0.8,0.41,3.9
1986-02-28,-8.7,-14.2,-3.3,15830,0.0,0.2,2.9
1986-03-01,-7.2,-13.5,-0.2,18100,0.0,0.25,2.3
1986-03-02,-1.2,-8.8,4.7,8680,2.0,0.45,3.3
1986-03-03,1.0,-0.9,3.3,6460,0.0,0.55,3.0
1986-03-04,1.6,-0.8,5.7,12970,1.0,0.53,2.0
1986-03-05,2.7,-2.8,9.6,14060,4.4,0.57,3.8
1986-03-06,1.2,-1.5,4.6,12810,0.0,0.44,5.7
1986-03-07,-7.3,-11.9,-0.2,19080,0.0,0.16,4.6
1986-03-08,-5.1,-12.4,3.1,15490,0.0,0.15,3.5
1986-03-09,10.2,2.5,17.7,14250,0.5,0.72,5.7
1986-03-10,13.1,3.6,16.1,6430,11.2,1.11,7.1
1986-03-11,4.0,-0.7,9.0,17490,0.0,0.56,2.6
1986-03-12,3.9,2.0,5.1,3010,17.2,0.69,4.5
1986-03-13,11.6,5.5,16.9,10110,8.0,1.19,2.9
1986-03-14,8.2,3.7,12.3,16260,0.0,0.8,1.8
1986-03-15,5.6,2.0,8.1,13130,0.0,0.63,2.6
1986-03-16,4.3,0.7,6.9,12690,0.0,0.58,1.8
1986-03-17,6.2,0.9,12.7,17920,0.0,0.63,1.3
1986-03-18,10.3,6.1,17.3,9040,25.5,0.88,4.7
1986-03-19,7.2,0.8,13.7,4890,2.4,0.87,4.9
1986-03-20,-6.9,-10.2,-0.0,21230,1.0,0.21,4.2
1986-03-21,-5.2,-10.3,0.9,22100,0.0,0.2,1.3
1986-03-22,1.2,-4.5,8.0,21900,0.0,0.33,4.3
1986-03-23,8.6,3.4,15.7,20040,0.0,0.55,3.8
1986-03-24,5.5,-2.6,12.3,22060,0.0,0.49,3.0
1986-03-25,14.6,8.6,21.1,21520,0.0,0.82,5.7
1986-03-26,13.6,10.4,16.0,8950,4.2,0.87,4.6
1986-03-27,5.5,-0.8,10.2,22750,0.0,0.52,2.1
1986-03-28,9.9,2.7,17.9,16500,0.0,0.69,4.0
1986-03-29,16.9,11.2,23.7,21860,0.0,0.99,5.2
1986-03-30,18.6,13.6,24.8,21490,0.0,1.17,3.8
1986-03-31,16.9,9.7,26.1,21630,0.0,1.0,3.2
1986-04-01,13.4,5.7,20.5,12900,7.1,1.01,3.6
1986-04-02,8.6,2.1,15.3,23670,0.0,0.68,2.9
1986-04-03,11.3,5.3,18.5,12340,1.2,0.92,3.6
1986-04-04,18.0,12.4,24.7,19030,0.1,1.39,2.9
1986-04-05,16.8,13.1,21.7,12870,2.9,1.5,3.0
1986-04-06,15.3,10.0,20.3,22840,0.0,1.14,2.9
1986-04-07,14.2,5.5,23.0,21390,1.0,1.14,2.8
1986-04-08,10.7,5.7,14.8,21810,0.9,0.69,4.1
1986-04-09,5.2,1.8,9.7,14940,0.5,0.56,4.3
1986-04-10,5.5,-1.2,13.0,25390,0.0,0.47,3.2
1986-04-11,8.0,-0.3,16.3,25260,0.0,0.56,2.6
1986-04-12,11.1,2.2,20.5,22740,0.7,0.8,1.3
1986-04-13,11.2,5.5,17.1,21720,1.5,0.82,3.3
1986-04-14,11.1,7.0,19.9,9460,8.8,0.86,4.9
1986-04-15,4.2,2.5,6.5,11790,1.5,0.49,3.6
1986-04-16,4.8,1.3,9.7,12930,0.0,0.64,3.8
1986-04-17,9.8,4.3,15.5,21870,0.0,0.81,3.2
1986-04-18,13.2,6.1,19.9,22230,0.0,0.97,2.8
1986-04-19,15.3,11.6,20.0,16420,0.0,1.07,3.6
1986-04-20,9.6,7.5,11.0,3660,16.2,1.0,2.0
1986-04-21,6.1,1.2,9.5,21710,0.6,0.7,3.7
1986-04-22,1.7,-2.0,6.5,22180,0.0,0.37,3.2
1986-04-23,5.0,-3.1,13.4,27680,0.0,0.42,1.6
1986-04-24,12.7,5.1,21.0,26290,0.0,0.73,3.9
1986-04-25,18.3,11.5,25.4,23660,0.0,1.42,2.7
1986-04-26,21.2,14.7,27.9,25770,0.0,1.58,2.4
1986-04-27,21.1,14.3,27.5,26580,0.0,1.33,3.3
1986-04-28,16.6,12.6,19.8,7590,4.5,1.22,4.9
1986-04-29,15.2,8.1,21.5,27230,0.0,0.92,3.2
1986-04-30,18.0,14.9,21.6,10800,1.3,1.35,3.7
1986-05-01,16.6,12.3,19.3,27080,3.6,1.08,4.7
1986-05-02,9.1,5.3,11.9,17050,0.0,0.63,2.9
1986-05-03,8.2,0.0,14.7,28560,0.0,0.57,1.3
1986-05-04,12.4,3.7,20.5,25100,0.0,0.74,3.6
1986-05-05,19.8,13.6,25.9,25830,0.0,1.04,5.4
1986-05-06,21.6,18.7,26.2,15350,18.5,1.79,4.4
1986-05-07,20.6,17.2,25.2,14330,5.8,1.9,1.9
1986-05-08,18.5,11.4,25.4,27570,0.0,1.26,2.6
1986-05-09,16.6,10.1,22.3,28180,0.0,1.14,3.6
1986-05-10,17.6,10.0,25.1,27710,0.0,1.25,2.9
1986-05-11,19.7,13.8,25.2,20030,2.0,1.54,1.7
1986-05-12,17.4,15.0,20.4,14050,10.2,1.56,2.2
1986-05-13,17.8,10.2,24.8,27220,0.4,1.22,1.9
1986-05-14,19.2,16.0,23.2,24110,3.5,1.5,3.2
1986-05-15,18.5,12.9,23.7,9730,16.9,1.83,4.5
1986-05-16,20.5,15.7,25.4,24940,0.7,1.72,3.8
1986-05-17,22.0,17.2,27.8,20670,15.1,2.05,3.3
1986-05-18,15.2,11.8,20.1,4380,4.4,1.51,3.3
1986-05-19,11.3,9.2,12.1,4960,1.8,1.12,4.1
1986-05-20,9.4,8.3,11.2,5900,0.0,0.83,3.6
1986-05-21,11.2,7.8,14.5,12760,0.0,0.88,2.1
1986-05-22,12.8,7.4,17.5,16510,0.0,1.0,2.0
1986-05-23,14.7,9.0,20.5,26550,0.0,1.11,2.2
1986-05-24,16.5,8.2,23.8,26400,0.0,1.22,1.4
1986-05-25,18.9,14.1,24.1,20960,1.7,1.41,2.5
1986-05-26,17.0,15.3,18.3,5030,28.3,1.63,3.6
1986-05-27,19.8,16.7,23.9,20280,1.9,1.8,2.1
1986-05-28,19.4,12.5,24.6,18200,0.0,1.65,1.7
1986-05-29,20.7,16.7,25.3,20180,4.6,1.95,1.4
1986-05-30,20.8,14.5,26.2,25020,0.8,1.9,1.7
1986-05-31,22.3,16.4,27.4,27730,0.0,1.9,2.1
1986-06-01,22.1,13.9,28.7,25530,0.0,1.69,3.2
1986-06-02,15.3,12.5,19.1,29710,0.0,0.99,4.1
1986-06-03,16.1,8.4,23.2,30660,0.0,1.02,2.6
1986-06-04,20.0,14.4,27.1,16130,9.7,1.85,2.3
1986-06-05,21.6,19.6,25.8,9760,35.4,2.38,2.1
1986-06-06,21.8,19.8,25.2,8900,8.5,2.37,1.4
1986-06-07,21.9,20.1,25.3,11180,18.2,2.4,2.1
1986-06-08,22.0,17.5,26.5,26330,0.0,1.98,2.4
1986-06-09,20.5,14.9,25.9,21630,1.0,1.67,3.4
1986-06-10,23.1,19.4,28.0,12750,15.0,2.25,3.6
1986-06-11,24.2,21.5,28.5,14970,19.6,2.61,4.1
1986-06-12,18.0,16.8,21.2,6230,0.0,1.66,4.1
1986-06-13,20.7,14.8,25.7,23270,0.0,1.75,1.4
1986-06-14,21.8,16.2,26.9,22300,0.6,2.04,1.5
1986-06-15,22.6,19.7,25.9,17420,0.7,2.15,2.7
1986-06-16,24.7,20.3,30.0,27070,0.2,2.25,4.3
1986-06-17,18.0,14.3,21.6,30210,0.0,1.3,2.7
1986-06-18,18.0,9.9,24.8,28480,0.0,1.31,1.2
1986-06-19,23.4,17.3,29.6,27100,0.0,1.93,2.6
1986-06-20,25.3,21.0,29.6,27550,0.0,2.32,2.1
1986-06-21,24.5,17.6,31.4,28220,0.0,2.01,2.3
1986-06-22,26.3,22.8,31.2,25980,1.2,2.36,3.5
1986-06-23,23.7,19.8,27.0,26810,0.0,1.9,2.1
1986-06-24,18.2,12.8,20.6,20650,0.0,1.39,3.6
1986-06-25,16.1,8.2,23.6,30680,0.0,1.16,1.5
1986-06-26,21.2,12.8,28.4,23850,0.0,1.64,2.4
1986-06-27,26.3,22.2,31.8,23210,34.5,2.41,3.7
1986-06-28,24.7,21.5,28.6,22730,6.1,2.51,1.5
1986-06-29,23.8,18.3,27.8,23400,0.0,2.19,1.4
1986-06-30,20.0,17.4,22.7,10070,12.8,1.95,3.1
1986-07-01,20.8,17.5,24.5,6020,12.4,2.25,2.0
1986-07-02,20.0,17.7,22.8,17510,1.2,1.88,3.3
1986-07-03,18.9,13.6,23.5,29870,0.0,1.5,1.6
1986-07-04,22.2,16.1,28.4,27030,0.0,1.85,4.1
1986-07-05,25.2,20.5,29.8,28900,0.0,2.03,3.8
1986-07-06,26.2,21.2,31.0,26880,0.0,2.39,3.3
1986-07-07,26.5,21.9,30.9,23810,1.5,2.73,1.0
1986-07-08,27.1,23.1,31.4,25310,0.1,2.6,2.8
1986-07-09,24.7,21.3,26.8,13630,0.9,2.52,2.2
1986-07-10,22.7,19.3,26.3,14350,15.1,2.4,2.2
1986-07-11,24.0,21.7,27.6,14840,43.7,2.64,3.1
1986-07-12,23.9,21.1,27.3,16060,17.1,2.62,3.9
1986-07-13,24.3,21.6,27.7,25850,13.9,2.3,3.4
1986-07-14,23.0,19.2,27.0,14910,4.2,2.25,1.0
1986-07-15,24.8,20.2,29.9,21770,1.9,2.63,1.6
1986-07-16,27.2,23.5,31.4,23940,0.0,2.75,2.6
1986-07-17,27.8,22.9,32.4,27260,0.0,2.83,2.0
1986-07-18,27.9,23.3,32.4,26900,0.0,2.83,2.3
1986-07-19,28.1,23.1,32.8,26080,0.0,2.87,2.5
1986-07-20,26.0,22.2,28.3,23190,0.6,2.69,3.1
1986-07-21,22.5,18.2,26.8,22680,1.4,2.2,1.8
1986-07-22,23.3,18.4,27.6,24020,0.0,2.17,1.4
1986-07-23,24.1,18.8,28.8,25700,0.0,2.15,1.7
1986-07-24,25.3,19.4,30.3,26190,0.0,2.15,2.2
1986-07-25,25.5,22.7,31.5,19730,26.0,2.58,2.5
1986-07-26,24.0,20.8,27.8,20630,0.0,2.44,2.0
1986-07-27,23.5,17.9,28.5,27740,0.0,2.08,1.4
1986-07-28,25.2,21.6,30.1,18480,1.6,2.56,2.3
1986-07-29,23.3,18.2,27.4,26580,0.0,2.19,1.9
1986-07-30,22.3,15.3,28.4,27730,0.0,1.93,1.4
1986-07-31,22.4,19.7,25.7,17150,0.8,2.0,1.5
1986-08-01,22.6,18.7,26.6,26330,0.4,1.92,2.3
1986-08-02,21.5,17.0,26.1,23180,0.6,1.82,2.4
1986-08-03,19.8,14.3,24.0,23610,0.0,1.49,2.1
1986-08-04,20.2,13.8,25.4,23840,0.0,1.6,1.1
1986-08-05,21.8,15.4,27.0,22230,0.0,1.73,1.2
1986-08-06,21.8,19.7,24.6,12960,8.8,1.89,2.3
1986-08-07,20.7,17.7,24.6,12800,0.4,2.03,2.3
1986-08-08,22.0,17.1,27.0,21630,0.0,2.02,2.7
1986-08-09,22.1,15.8,27.0,24440,0.0,1.81,1.2
1986-08-10,21.6,18.8,25.5,14220,1.2,1.97,2.2
1986-08-11,19.0,14.5,22.6,21030,0.0,1.45,2.2
1986-08-12,17.9,10.6,23.3,26880,0.0,1.23,1.7
1986-08-13,19.4,12.7,25.0,23810,0.0,1.25,1.9
1986-08-14,23.2,16.5,29.3,24110,0.0,1.69,2.8
1986-08-15,24.8,22.1,29.9,16330,2.0,2.26,2.8
1986-08-16,23.6,19.4,27.7,19130,3.3,2.24,0.9
1986-08-17,23.6,17.9,29.1,23220,0.0,2.13,1.7
1986-08-18,23.5,19.9,28.0,21220,0.0,2.06,3.1
1986-08-19,22.2,18.7,26.7,22400,0.0,1.51,2.8
1986-08-20,22.3,16.6,27.8,25420,0.0,1.61,2.7
1986-08-21,23.1,17.9,28.5,24480,0.0,1.59,2.8
1986-08-22,23.8,17.9,29.6,19220,0.0,1.99,2.1
1986-08-23,24.1,18.9,28.8,17970,0.0,2.06,3.8
1986-08-24,19.6,13.3,24.9,25180,0.0,1.18,2.1
1986-08-25,21.6,14.3,27.9,18110,0.0,1.33,2.5
1986-08-26,24.2,20.7,30.4,16060,24.2,2.32,4.0
1986-08-27,18.3,14.4,21.0,16100,0.1,1.6,3.7
1986-08-28,13.6,9.8,17.1,18730,0.0,0.91,2.8
1986-08-29,13.7,6.9,19.7,24730,0.0,0.89,1.5
1986-08-30,16.5,9.4,23.4,24580,0.0,0.94,1.8
1986-08-31,18.4,10.9,25.5,24120,0.0,1.11,1.8
1986-09-01,20.1,12.8,26.4,22260,0.0,1.28,1.4
1986-09-02,21.4,16.1,26.0,16230,0.0,1.79,1.7
1986-09-03,22.9,17.6,27.7,18530,0.0,1.91,2.2
1986-09-04,23.5,19.4,28.3,15970,2.1,1.92,2.9
1986-09-05,20.2,14.6,24.9,23090,0.0,1.09,3.0
1986-09-06,17.8,12.5,22.7,19660,0.3,1.15,2.2
1986-09-07,15.2,11.6,18.9,19580,0.0,1.01,2.2
1986-09-08,14.2,6.7,20.7,23140,0.0,0.87,1.4
1986-09-09,17.2,8.3,25.5,19780,0.0,0.97,2.5
1986-09-10,24.2,19.4,30.6,17310,0.1,1.73,5.5
1986-09-11,22.3,19.7,25.5,2600,34.6,2.36,5.6
1986-09-12,18.3,14.6,20.1,11710,0.0,1.47,3.4
1986-09-13,17.0,10.3,23.5,19370,0.0,1.29,1.6
1986-09-14,19.1,13.8,25.6,19230,0.0,1.48,2.1
1986-09-15,21.3,16.9,26.7,15000,0.1,1.57,3.2
1986-09-16,15.5,11.1,19.7,20560,0.0,1.06,3.8
1986-09-17,16.8,10.8,23.9,17290,1.6,1.19,3.5
1986-09-18,20.4,17.8,23.8,6430,0.5,2.06,1.7
1986-09-19,21.2,18.2,24.5,6550,1.2,2.19,2.6
1986-09-20,21.9,19.7,25.1,7310,8.9,2.24,2.1
1986-09-21,22.0,16.8,28.2,17380,1.2,2.14,2.0
1986-09-22,24.3,20.6,29.0,17010,0.2,2.37,3.5
1986-09-23,22.3,20.6,24.9,6220,8.3,2.3,2.7
1986-09-24,21.6,19.8,24.2,3940,19.3,2.41,2.3
1986-09-25,25.2,22.0,29.1,14890,0.2,2.47,4.0
1986-09-26,24.2,22.1,29.0,13380,9.0,2.43,3.4
1986-09-27,24.0,21.3,27.7,14520,1.0,2.43,3.0
1986-09-28,24.5,20.6,29.3,14880,1.3,2.52,2.2
1986-09-29,25.3,22.4,29.5,13450,9.9,2.41,4.6
1986-09-30,22.3,20.7,27.2,7520,21.3,2.36,3.0
1986-10-01,20.2,19.2,21.8,2810,25.9,2.22,2.4
1986-10-02,20.2,17.6,23.4,9140,10.9,2.01,1.8
1986-10-03,21.5,20.6,22.4,2220,28.0,2.37,4.3
1986-10-04,20.1,15.3,24.4,8010,8.5,2.1,3.4
1986-10-05,14.4,10.5,18.2,12830,0.1,1.04,3.7
1986-10-06,10.4,7.0,13.3,15370,0.0,0.73,2.3
1986-10-07,10.4,4.6,16.8,17190,0.0,0.78,2.7
1986-10-08,15.8,11.5,21.7,16260,0.0,1.12,3.7
1986-10-09,13.3,10.3,15.7,7940,3.5,1.16,3.3
1986-10-10,10.5,6.2,14.7,16400,0.0,0.82,3.3
1986-10-11,14.2,8.1,21.1,14430,0.2,1.21,2.5
1986-10-12,15.7,11.2,17.4,1420,14.1,1.62,4.1
1986-10-13,8.8,6.7,10.8,3960,3.7,0.9,1.8
1986-10-14,6.0,4.2,8.0,8080,0.2,0.57,4.2
1986-10-15,7.6,2.9,13.0,13800,0.0,0.61,2.4
1986-10-16,8.7,3.4,14.5,10010,0.2,0.78,2.3
1986-10-17,9.5,5.4,12.2,12070,0.0,0.82,2.6
1986-10-18,9.3,4.6,14.4,15020,0.0,0.81,2.8
1986-10-19,9.3,3.4,16.3,15170,0.0,0.83,1.6
1986-10-20,10.9,3.9,18.7,12970,0.0,0.98,2.0
1986-10-21,15.6,11.0,22.6,13200,0.0,1.36,2.5
1986-10-22,15.3,9.4,21.3,9970,0.0,1.36,1.9
1986-10-23,15.1,12.8,17.6,4830,1.0,1.36,1.8
1986-10-24,13.7,12.9,14.8,2130,6.3,1.48,2.2
1986-10-25,12.7,10.7,14.2,1640,14.4,1.37,4.2
1986-10-26,13.4,12.0,15.1,6810,0.0,1.33,2.9
1986-10-27,12.0,9.8,13.9,3800,0.1,1.14,2.4
1986-10-28,12.2,7.0,19.0,13340,0.0,1.07,3.4
1986-10-29,13.1,10.9,16.2,7150,0.4,1.18,3.3
1986-10-30,9.9,7.6,13.3,12420,0.0,0.81,2.1
1986-10-31,11.4,6.1,18.4,13010,0.0,0.97,3.3
1986-11-01,14.5,11.0,19.3,9930,0.0,1.28,2.8
1986-11-02,7.7,2.4,10.5,10570,0.0,0.73,2.4
1986-11-03,3.7,-0.8,7.4,1090,4.0,0.7,2.3
1986-11-04,6.5,4.7,8.1,3120,2.5,0.82,2.5
1986-11-05,7.6,4.5,11.0,7220,2.1,0.84,2.0
1986-11-06,8.9,6.2,11.7,8420,0.0,0.86,1.5
1986-11-07,12.7,9.7,16.5,6870,0.1,1.17,2.8
1986-11-08,14.9,9.6,18.4,8810,5.6,1.34,4.5
1986-11-09,4.8,0.0,9.4,12210,0.7,0.56,3.7
1986-11-10,1.1,-4.3,6.0,11750,0.3,0.4,1.7
1986-11-11,0.8,-2.9,2.5,8530,3.7,0.5,2.1
1986-11-12,-2.5,-7.9,1.9,6290,0.6,0.35,2.9
1986-11-13,-10.0,-12.4,-7.5,12460,0.0,0.12,3.1
1986-11-14,-5.7,-10.8,-0.0,11490,0.0,0.19,3.0
1986-11-15,0.4,-1.4,3.6,6960,0.0,0.42,2.8
1986-11-16,2.2,-1.9,8.5,10780,0.0,0.61,2.5
1986-11-17,4.2,-2.2,10.2,10060,0.0,0.69,1.4
1986-11-18,3.2,-0.3,5.0,1560,7.1,0.69,3.5
1986-11-19,-0.8,-5.1,3.3,10060,0.0,0.42,3.4
1986-11-20,2.9,1.5,5.1,1650,8.4,0.65,3.8
1986-11-21,1.0,-1.1,3.6,6910,0.0,0.49,2.6
1986-11-22,2.7,-1.6,9.3,10310,0.0,0.55,3.1
1986-11-23,5.2,2.9,7.9,1220,1.1,0.75,3.4
1986-11-24,0.5,-1.6,3.1,8860,0.0,0.47,2.3
1986-11-25,3.3,-2.6,11.0,8820,2.2,0.57,2.4
1986-11-26,6.0,4.7,7.3,1370,37.3,0.86,3.7
1986-11-27,3.3,0.2,6.8,7720,0.0,0.62,1.7
1986-11-28,1.8,-2.1,7.2,9500,0.0,0.59,2.6
1986-11-29,2.4,-2.5,8.2,9640,0.0,0.62,1.6
1986-11-30,2.8,-0.1,7.4,7110,0.0,0.6,4.4
1986-12-01,3.0,2.1,4.5,1720,14.0,0.54,5.7
1986-12-02,6.5,4.5,8.0,1170,4.3,0.94,2.7
1986-12-03,2.4,0.2,7.0,3940,0.2,0.51,5.4
1986-12-04,-0.4,-2.3,0.4,3510,0.0,0.32,4.8
1986-12-05,-3.2,-6.2,0.2,9510,0.0,0.3,2.2
1986-12-06,0.0,-3.9,3.6,2910,0.0,0.43,2.7
1986-12-07,4.0,1.6,6.5,3090,2.6,0.64,2.7
1986-12-08,5.0,3.8,6.7,700,4.7,0.84,2.0
1986-12-09,4.2,-2.2,6.8,1000,6.7,0.77,2.7
1986-12-10,-6.6,-8.4,-4.0,9520,0.0,0.18,3.6
1986-12-11,-4.4,-8.7,1.0,9090,0.0,0.23,3.6
1986-12-12,-5.0,-9.5,-0.6,9420,0.0,0.23,3.9
1986-12-13,-8.7,-13.0,-3.6,9360,0.0,0.17,2.3
1986-12-14,-0.9,-6.1,5.8,8440,0.0,0.35,4.4
1986-12-15,0.9,-2.9,7.1,8610,0.0,0.55,2.2
1986-12-16,3.3,0.3,6.5,2560,0.0,0.71,1.7
1986-12-17,3.5,1.8,5.3,1050,1.9,0.77,1.6
1986-12-18,-0.0,-1.4,2.8,4280,0.1,0.47,3.6
1986-12-19,-0.5,-2.5,3.5,7920,0.0,0.45,2.3
1986-12-20,-0.1,-4.1,5.0,7550,0.0,0.51,1.4
1986-12-21,0.6,-1.7,2.5,5270,0.0,0.51,1.3
1986-12-22,-0.2,-2.4,2.7,6780,0.0,0.45,1.6
1986-12-23,-0.7,-4.1,4.1,8040,0.0,0.49,1.8
1986-12-24,-0.4,-3.1,1.2,1030,1.6,0.52,3.4
1986-12-25,-0.5,-2.2,1.7,5270,0.0,0.51,2.0
1986-12-26,-1.7,-2.3,-0.9,3110,0.0,0.44,0.7
1986-12-27,-1.3,-2.2,0.2,4200,0.0,0.4,0.7
1986-12-28,-1.3,-3.8,2.8,8850,0.0,0.42,2.0
1986-12-29,-0.5,-3.6,4.7,7630,1.8,0.48,2.8
1986-12-30,0.7,-0.7,2.8,3200,0.4,0.58,2.3
1986-12-31,0.2,-1.2,2.1,5270,0.0,0.51,1.7
1987-01-01,-0.7,-2.9,2.1,4470,0.3,0.49,1.3
1987-01-02,-0.6,-2.4,2.8,6460,0.6,0.48,2.6
1987-01-03,-0.3,-2.5,2.2,5390,0.0,0.48,1.5
1987-01-04,-0.2,-2.3,2.8,6450,0.0,0.47,1.7
1987-01-05,-1.0,-4.7,4.1,9350,0.0,0.4,2.1
1987-01-06,4.1,0.1,9.3,8560,0.0,0.56,4.9
1987-01-07,2.7,0.6,6.4,4110,0.0,0.52,3.4
1987-01-08,-0.9,-1.7,0.3,3710,0.0,0.4,2.6
1987-01-09,-1.9,-3.3,-0.4,2510,13.7,0.4,2.5
1987-01-10,-0.9,-2.9,0.2,4660,5.0,0.54,4.3
1987-01-11,-2.5,-4.5,0.0,8610,0.9,0.46,5.2
1987-01-12,-3.0,-5.6,0.0,10320,0.0,0.43,3.2
1987-01-13,-3.1,-10.8,3.1,10340,0.0,0.45,3.0
1987-01-14,3.5,1.9,5.3,3990,1.0,0.72,4.0
1987-01-15,3.2,-0.7,5.3,3500,0.0,0.67,3.1
1987-01-16,-2.6,-4.5,-0.6,8920,0.0,0.32,2.8
1987-01-17,-2.5,-5.3,0.5,4870,0.4,0.34,2.2
1987-01-18,-2.2,-3.3,-1.0,6260,6.8,0.46,2.5
1987-01-19,-4.4,-7.6,-3.2,5180,18.0,0.39,4.6
1987-01-20,-9.0,-11.8,-7.0,10220,0.0,0.26,3.6
1987-01-21,-9.1,-14.1,-2.7,11740,0.0,0.26,3.9
1987-01-22,-4.9,-9.2,-2.7,6230,0.4,0.36,4.4
1987-01-23,-17.5,-22.2,-9.9,12610,0.0,0.12,4.7
1987-01-24,-21.7,-25.2,-17.5,12220,0.0,0.08,2.1
1987-01-25,-21.1,-25.7,-15.1,12410,0.0,0.09,2.1
1987-01-26,-17.6,-21.4,-13.1,12280,0.0,0.13,1.9
1987-01-27,-12.5,-19.0,-6.4,6820,2.1,0.21,3.0
1987-01-28,-4.7,-6.8,-2.1,9330,0.0,0.38,2.0
1987-01-29,-0.7,-6.5,4.2,3360,4.1,0.54,4.8
1987-01-30,0.7,-1.2,2.3,7510,1.1,0.58,5.1
1987-01-31,-2.5,-7.4,-0.0,11990,0.0,0.44,2.7
1987-02-01,2.3,0.2,4.6,5600,0.1,0.6,4.0
1987-02-02,1.8,-5.3,8.8,12070,0.0,0.61,2.9
1987-02-03,1.7,-1.2,3.4,6510,0.0,0.54,3.1
1987-02-04,-1.3,-4.6,3.8,13120,0.0,0.41,1.8
1987-02-05,-1.6,-6.0,3.7,7910,0.0,0.42,1.7
1987-02-06,1.7,-3.3,8.0,13020,0.0,0.52,1.9
1987-02-07,2.9,-2.9,10.4,13050,0.0,0.58,2.8
1987-02-08,0.0,-6.1,6.0,6680,0.1,0.38,7.3
1987-02-09,-3.7,-7.1,0.9,13390,0.0,0.28,3.0
1987-02-10,0.5,-3.7,7.3,13700,0.0,0.37,2.5
1987-02-11,3.3,-2.6,11.3,13280,0.0,0.59,2.1
1987-02-12,3.8,-1.2,6.8,11670,0.0,0.61,3.7
1987-02-13,-0.1,-4.8,6.1,14380,0.0,0.41,1.5
1987-02-14,2.5,-0.4,7.1,6960,0.0,0.52,2.5
1987-02-15,-4.8,-7.9,-1.3,11440,0.0,0.2,5.1
1987-02-16,-6.6,-9.8,-1.5,10630,0.0,0.15,5.5
1987-02-17,-3.8,-6.0,-1.7,4580,1.8,0.29,4.1
1987-02-18,-2.7,-7.2,3.2,15890,0.0,0.31,2.8
1987-02-19,-1.3,-6.4,5.7,15220,0.0,0.32,2.0
1987-02-20,1.7,-3.6,7.4,13500,0.0,0.4,1.7
1987-02-21,2.9,0.1,6.9,7690,0.2,0.57,1.3
1987-02-22,3.3,-1.4,8.1,11300,0.1,0.54,2.3
1987-02-23,1.1,-3.6,6.6,15760,0.0,0.43,2.0
1987-02-24,1.4,-3.0,6.8,12920,0.0,0.46,2.1
1987-02-25,2.6,-2.0,8.4,13110,0.0,0.45,3.1
1987-02-26,2.4,-2.1,7.3,11160,0.0,0.34,3.7
1987-02-27,3.3,1.1,6.0,1930,4.6,0.58,4.0
1987-02-28,6.4,3.9,10.3,2340,25.6,0.93,3.9
1987-03-01,6.2,2.6,10.7,4350,8.4,0.82,5.2
1987-03-02,4.5,-0.5,10.5,17490,0.0,0.47,4.6
1987-03-03,2.9,-1.9,7.1,18070,0.0,0.45,2.9
1987-03-04,2.0,-4.1,9.0,16450,0.0,0.4,1.6
1987-03-05,7.5,3.9,13.0,13500,2.7,0.64,3.3
1987-03-06,8.8,1.0,17.8,17900,0.0,0.76,2.3
1987-03-07,12.6,6.0,20.7,18320,0.0,0.86,2.9
1987-03-08,12.0,4.6,20.1,18030,0.0,0.83,1.6
1987-03-09,2.5,-3.5,9.3,6720,0.0,0.49,5.3
1987-03-10,-4.6,-8.6,-0.2,17730,0.0,0.16,4.2
1987-03-11,-2.9,-7.3,2.0,14960,0.0,0.25,1.8
1987-03-12,-1.0,-5.7,4.5,15160,0.0,0.33,1.9
1987-03-13,1.4,-2.6,6.3,8810,0.1,0.44,2.5
1987-03-14,8.2,3.9,15.5,16050,1.3,0.68,3.7
1987-03-15,2.3,0.6,4.8,5940,5.8,0.63,5.1
1987-03-16,3.0,-2.1,9.0,20030,0.0,0.34,5.0
1987-03-17,3.1,-2.6,10.6,20980,0.0,0.31,5.2
1987-03-18,5.5,2.5,10.1,5880,6.9,0.5,5.3
1987-03-19,7.7,4.4,14.4,13540,2.8,0.7,3.2
1987-03-20,5.8,-1.6,13.4,21370,0.0,0.5,2.0
1987-03-21,6.0,-1.4,13.7,20190,0.0,0.51,2.0
1987-03-22,7.4,1.1,14.9,20950,0.0,0.57,2.7
1987-03-23,10.7,3.3,18.9,21560,0.0,0.72,3.8
1987-03-24,12.2,8.3,17.7,11690,1.2,0.83,4.8
1987-03-25,8.9,6.0,12.0,14010,1.1,0.82,4.3
1987-03-26,9.1,4.8,12.7,9570,0.4,0.82,3.9
1987-03-27,8.9,5.6,12.2,8720,1.2,0.9,1.1
1987-03-28,9.8,6.1,14.0,11880,0.0,0.82,2.1
1987-03-29,11.2,4.0,17.7,11880,4.7,0.99,3.8
1987-03-30,0.1,-1.8,2.4,9140,1.4,0.4,4.8
1987-03-31,-0.1,-3.5,3.1,17010,0.0,0.27,4.1
1987-04-01,4.6,-1.0,12.4,14240,3.8,0.54,5.2
1987-04-02,0.9,-2.9,4.3,17640,0.0,0.31,4.4
1987-04-03,-0.3,-5.4,4.4,17420,0.0,0.33,2.3
1987-04-04,0.8,-3.7,6.1,21920,0.0,0.35,5.6
1987-04-05,5.8,2.0,10.7,13570,0.4,0.58,5.6
1987-04-06,7.3,4.9,11.5,6920,0.1,0.74,3.5
1987-04-07,9.7,3.9,17.9,23870,0.0,0.68,3.2
1987-04-08,7.4,0.8,15.6,24780,0.0,0.66,2.8
1987-04-09,8.1,-1.3,17.0,24970,0.0,0.7,1.0
1987-04-10,11.8,3.5,21.0,24320,0.3,0.8,2.4
1987-04-11,11.3,6.8,17.1,19780,19.1,0.96,3.9
1987-04-12,9.7,5.5,13.7,13510,0.6,0.86,2.8
1987-04-13,9.9,4.8,13.9,8480,3.1,0.94,3.8
1987-04-14,14.4,10.8,20.4,7210,18.9,1.35,4.9
1987-04-15,11.9,7.8,16.2,17980,0.5,1.05,1.7
1987-04-16,9.8,7.0,11.9,3350,1.2,1.14,2.6
1987-04-17,13.3,6.6,19.5,19590,0.0,1.15,2.1
1987-04-18,15.2,7.9,21.5,18670,0.0,1.27,1.6
1987-04-19,16.4,8.3,23.5,25490,0.0,1.3,1.9
1987-04-20,18.7,10.9,26.0,25730,0.0,1.38,1.9
1987-04-21,18.5,12.2,27.2,23340,0.0,1.37,2.0
1987-04-22,15.6,12.2,23.1,14320,7.1,1.42,3.4
1987-04-23,11.6,6.6,15.7,20830,1.3,1.04,1.7
1987-04-24,11.1,6.9,16.4,22080,0.0,0.79,4.0
1987-04-25,10.4,3.6,17.1,26360,0.0,0.59,2.4
1987-04-26,12.2,4.6,19.4,26960,0.0,0.67,2.0
1987-04-27,13.7,9.1,20.5,19180,1.8,0.86,3.1
1987-04-28,11.0,4.4,16.7,27770,0.0,0.62,2.6
1987-04-29,18.1,9.0,27.3,27060,0.0,1.04,4.6
1987-04-30,11.1,6.3,15.4,28050,0.0,0.6,3.4
1987-05-01,11.8,3.3,20.2,25250,0.0,0.68,1.6
1987-05-02,16.8,10.5,24.0,20910,0.0,1.23,2.6
1987-05-03,15.5,10.8,20.2,18570,0.0,1.33,3.8
1987-05-04,12.2,6.7,17.6,29020,0.0,0.63,4.4
1987-05-05,12.2,4.9,19.0,28520,0.0,0.63,2.5
1987-05-06,14.8,7.2,22.1,27380,0.0,0.83,1.6
1987-05-07,15.9,10.5,21.3,25330,0.0,0.77,2.6
1987-05-08,16.4,9.0,22.6,28490,0.4,0.84,1.9
1987-05-09,18.8,10.3,27.1,28660,0.0,0.88,3.2
1987-05-10,22.5,16.6,28.8,24570,0.0,1.09,3.6
1987-05-11,23.4,18.6,28.6,23170,0.1,1.35,4.1
1987-05-12,18.1,13.3,22.2,25340,1.8,1.1,3.4
1987-05-13,17.6,9.8,25.4,23030,0.0,1.11,2.8
1987-05-14,23.4,17.4,31.1,23990,1.1,1.76,3.2
1987-05-15,19.0,14.3,23.3,29470,0.0,1.0,3.6
1987-05-16,18.3,10.5,25.7,29070,0.0,0.88,1.9
1987-05-17,22.6,13.7,30.2,25980,0.0,1.37,2.4
1987-05-18,21.8,18.8,25.9,14470,17.2,2.18,2.3
1987-05-19,22.8,18.3,28.0,18850,3.0,2.27,1.7
1987-05-20,24.1,19.0,29.6,18590,0.6,2.37,1.8
1987-05-21,25.7,21.3,31.4,24660,3.0,2.3,3.0
1987-05-22,22.8,18.9,26.5,19490,1.2,2.03,3.3
1987-05-23,16.9,12.9,20.6,26400,0.0,1.23,2.7
1987-05-24,15.5,8.6,22.4,28330,0.0,1.15,2.2
1987-05-25,19.5,15.7,25.5,11090,20.6,1.88,3.0
1987-05-26,23.5,19.3,28.3,24300,0.4,2.27,2.8
1987-05-27,25.0,19.8,30.3,26830,0.0,2.19,2.7
1987-05-28,25.7,20.6,30.2,24800,0.0,2.0,3.1
1987-05-29,25.9,20.2,31.0,24930,0.1,1.87,2.9
1987-05-30,24.4,20.3,29.6,19600,4.5,2.18,2.4
1987-05-31,23.7,19.3,28.8,23830,0.3,2.14,2.8
1987-06-01,24.4,20.4,28.8,22640,0.5,2.15,3.0
1987-06-02,23.3,20.3,28.9,17640,20.6,2.32,2.9
1987-06-03,21.8,18.8,25.0,28840,6.6,1.62,2.9
1987-06-04,18.4,14.1,22.5,29110,0.0,1.17,2.4
1987-06-05,19.1,10.2,26.4,29500,0.0,1.28,1.6
1987-06-06,22.5,15.8,28.3,29920,0.0,1.42,2.5
1987-06-07,24.3,17.7,30.5,29800,0.0,1.53,3.9
1987-06-08,25.7,20.2,31.2,27760,0.0,1.71,4.2
1987-06-09,19.6,14.7,22.6,24850,2.2,1.45,3.4
1987-06-10,18.1,11.2,24.4,28780,0.0,1.08,2.5
1987-06-11,22.3,16.6,29.2,20740,1.0,1.54,3.5
1987-06-12,24.7,20.9,30.0,18350,7.6,2.23,3.1
1987-06-13,25.7,18.7,31.5,25550,0.6,1.96,1.7
1987-06-14,26.9,19.3,33.4,27040,0.0,2.17,2.1
1987-06-15,27.5,22.4,33.3,23940,2.5,2.21,1.7
1987-06-16,25.8,21.2,31.5,28500,0.0,1.77,2.7
1987-06-17,25.8,17.2,32.7,29670,0.0,1.73,1.8
1987-06-18,26.7,19.6,32.6,27620,0.0,1.74,2.1
1987-06-19,24.4,18.4,29.5,18080,4.3,1.92,1.4
1987-06-20,24.1,21.5,27.6,13850,10.1,2.57,1.7
1987-06-21,23.9,21.8,27.7,17140,13.9,2.53,2.6
1987-06-22,23.1,20.1,27.0,16080,0.0,2.22,3.3
1987-06-23,23.2,17.8,28.9,27780,0.0,1.88,1.7
1987-06-24,24.5,18.7,29.9,28740,0.0,1.97,1.4
1987-06-25,23.8,18.3,29.4,23620,4.2,2.07,2.1
1987-06-26,21.8,17.6,25.5,27180,0.0,1.5,3.6
1987-06-27,19.2,15.2,22.1,22760,0.0,1.03,3.8
1987-06-28,21.0,14.0,27.2,28620,0.0,1.22,2.7
1987-06-29,24.0,19.3,30.1,23360,3.9,2.13,3.7
1987-06-30,22.4,20.2,25.3,12580,24.5,2.38,2.0
1987-07-01,20.9,19.1,23.5,8980,22.6,2.26,2.8
1987-07-02,22.2,18.8,25.8,17320,0.2,2.11,1.8
1987-07-03,24.0,19.4,28.8,24400,0.8,2.31,2.5
1987-07-04,23.4,18.5,27.5,24650,0.0,2.15,1.9
1987-07-05,23.8,20.5,27.2,17080,14.3,2.35,2.5
1987-07-06,24.3,21.9,28.1,10530,2.3,2.63,2.8
1987-07-07,24.0,21.1,29.0,14180,15.1,2.63,3.1
1987-07-08,25.0,22.1,29.4,19650,7.4,2.72,2.8
1987-07-09,25.0,22.1,29.2,21560,7.3,2.64,2.9
1987-07-10,25.9,21.8,30.3,26340,0.5,2.72,3.1
1987-07-11,26.7,23.1,30.4,23500,0.7,2.76,2.8
1987-07-12,26.2,22.8,30.4,23740,2.6,2.68,2.9
1987-07-13,22.5,19.4,26.8,17200,7.9,2.36,2.2
1987-07-14,19.2,16.8,21.5,21390,1.3,1.69,2.2
1987-07-15,17.2,13.8,21.3,11570,8.7,1.66,2.1
1987-07-16,18.5,13.5,23.9,26250,0.0,1.66,1.7
1987-07-17,22.8,16.5,29.2,28100,0.0,2.06,2.1
1987-07-18,25.2,19.9,29.9,25870,0.0,2.27,2.6
1987-07-19,26.4,22.4,30.6,25180,0.5,2.46,3.4
1987-07-20,26.7,22.7,31.4,25660,1.5,2.59,2.4
1987-07-21,26.7,21.7,31.5,26430,0.0,2.5,1.3
1987-07-22,26.4,20.1,30.6,25740,0.0,2.42,1.1
1987-07-23,26.5,20.5,31.3,26650,0.0,2.36,1.7
1987-07-24,27.0,22.6,31.2,24150,0.0,2.57,2.5
1987-07-25,27.7,23.4,31.5,23060,0.1,2.78,2.2
1987-07-26,26.8,24.0,31.1,18810,12.1,2.82,1.9
1987-07-27,24.1,20.4,27.3,17090,0.0,2.22,1.8
1987-07-28,24.1,18.4,28.2,24840,0.0,2.08,1.1
1987-07-29,24.9,20.2,31.2,22440,5.0,2.37,1.6
1987-07-30,25.1,21.1,30.2,19440,29.1,2.76,1.2
1987-07-31,26.0,21.9,30.5,21470,0.4,2.87,1.0
1987-08-01,26.1,22.5,29.7,18220,3.2,2.94,1.5
1987-08-02,28.2,24.8,33.6,23220,2.8,3.01,2.6
1987-08-03,27.6,23.2,31.9,27020,0.0,2.73,1.3
1987-08-04,24.6,22.0,28.1,11900,2.9,2.47,2.6
1987-08-05,21.7,18.3,25.5,13850,0.0,1.92,3.0
1987-08-06,22.3,16.6,27.1,23230,0.0,1.88,1.1
1987-08-07,24.2,18.5,29.5,25790,0.0,2.06,0.9
1987-08-08,25.2,21.2,28.6,12560,1.1,2.28,2.3
1987-08-09,24.7,22.6,27.8,20930,13.0,2.52,3.8
1987-08-10,22.4,19.1,26.1,16400,0.0,2.04,2.5
1987-08-11,21.9,17.2,26.6,23360,0.0,1.8,2.4
1987-08-12,22.9,17.2,28.2,24530,0.0,1.94,1.6
1987-08-13,25.2,18.4,31.0,24060,0.4,2.24,2.0
1987-08-14,27.1,24.0,30.8,19230,3.6,2.58,3.5
1987-08-15,28.0,24.7,31.9,22360,0.1,2.38,3.5
1987-08-16,28.2,24.3,32.2,22210,0.0,2.4,3.7
1987-08-17,26.0,22.0,28.5,22080,3.4,2.32,3.0
1987-08-18,24.2,18.2,30.2,24270,0.0,1.83,2.0
1987-08-19,22.8,18.1,26.8,25750,0.0,1.69,2.3
1987-08-20,23.2,17.1,29.4,23820,0.0,1.61,1.6
1987-08-21,25.0,20.4,31.4,13700,20.3,2.21,3.7
1987-08-22,25.0,18.7,29.1,13250,1.9,2.19,4.5
1987-08-23,18.6,15.3,22.2,21140,0.0,1.38,2.5
1987-08-24,17.1,11.8,21.7,21070,0.0,1.18,1.1
1987-08-25,15.9,15.1,17.3,3780,12.8,1.43,2.2
1987-08-26,22.1,16.0,29.5,18130,18.0,2.18,2.8
1987-08-27,20.7,19.0,22.2,6190,9.8,2.23,2.5
1987-08-28,18.5,16.2,20.9,10930,1.1,1.79,2.1
1987-08-29,17.7,12.1,23.1,19130,0.0,1.61,0.8
1987-08-30,20.5,15.3,25.6,20550,0.0,1.65,3.0
1987-08-31,19.0,15.4,21.8,23170,1.8,1.44,2.7
1987-09-01,16.3,10.5,21.4,24150,0.0,1.11,2.1
1987-09-02,18.4,15.0,22.6,19930,0.2,1.32,2.9
1987-09-03,17.4,11.6,23.4,23640,0.0,1.24,2.9
1987-09-04,20.1,13.2,27.8,22510,0.0,1.39,2.7
1987-09-05,23.0,17.6,28.8,17320,0.0,1.69,2.2
1987-09-06,23.9,18.2,29.5,19570,0.0,1.75,2.2
1987-09-07,24.5,19.4,29.4,18360,0.9,1.89,1.5
1987-09-08,21.9,19.3,24.6,12640,1.9,2.19,1.4
1987-09-09,20.7,15.6,25.7,17510,0.2,1.83,1.3
1987-09-10,22.3,16.7,28.7,17800,0.0,1.71,1.6
1987-09-11,22.0,18.7,26.2,15230,1.2,1.83,1.4
1987-09-12,22.2,17.9,28.1,18260,0.4,1.74,1.7
1987-09-13,19.8,13.3,25.3,19770,0.0,1.27,1.7
1987-09-14,21.4,15.7,27.4,19630,0.0,1.5,1.2
1987-09-15,21.7,19.8,27.2,7720,8.7,1.95,1.9
1987-09-16,21.6,19.9,24.6,7620,11.9,2.25,2.8
1987-09-17,21.2,19.3,24.2,11830,2.5,2.05,4.6
1987-09-18,20.0,18.2,22.8,8550,0.8,1.87,3.4
1987-09-19,18.2,13.0,22.3,19030,0.0,1.25,2.9
1987-09-20,15.9,12.0,19.3,15580,0.1,1.11,3.2
1987-09-21,14.0,10.2,17.4,10720,0.9,1.18,3.1
1987-09-22,14.9,12.4,18.5,9350,2.1,1.37,3.6
1987-09-23,15.9,10.6,20.8,16070,0.0,1.18,2.7
1987-09-24,16.9,11.4,23.9,19120,0.0,1.28,2.7
1987-09-25,14.9,9.4,20.8,19770,0.0,1.01,2.2
1987-09-26,16.9,8.6,26.0,19590,0.0,0.96,1.9
1987-09-27,22.3,17.3,28.5,16390,0.1,1.22,2.4
1987-09-28,22.1,18.2,26.9,11340,1.6,1.48,2.8
1987-09-29,18.9,16.7,22.0,15510,30.8,1.61,3.8
1987-09-30,15.2,10.7,19.4,16390,0.0,1.04,3.9
1987-10-01,13.1,6.2,19.4,18340,0.0,0.79,3.6
1987-10-02,12.8,6.7,18.5,14020,0.6,0.8,5.8
1987-10-03,7.5,4.5,11.0,12680,0.3,0.66,3.4
1987-10-04,9.2,2.0,16.8,18120,0.0,0.59,2.6
1987-10-05,13.0,9.5,18.4,10850,1.2,0.84,4.2
1987-10-06,11.0,7.2,13.3,7260,3.1,0.93,3.5
1987-10-07,7.0,5.4,8.9,5200,0.1,0.68,4.4
1987-10-08,7.3,2.0,12.7,16780,0.0,0.54,1.9
1987-10-09,12.1,7.8,19.3,14680,2.1,0.73,4.1
1987-10-10,8.3,6.1,11.5,3530,5.1,0.86,1.8
1987-10-11,7.5,4.7,9.7,8590,0.2,0.76,2.3
1987-10-12,5.4,-1.2,11.2,16820,0.0,0.52,1.3
1987-10-13,7.4,0.8,14.9,16500,0.0,0.58,2.0
1987-10-14,10.8,4.9,17.8,15110,0.0,0.63,2.4
1987-10-15,13.3,6.9,21.3,15620,0.0,0.72,2.3
1987-10-16,15.0,9.0,21.8,14310,1.1,0.82,3.7
1987-10-17,11.9,9.2,14.4,9450,4.8,1.0,4.0
1987-10-18,11.2,4.6,18.4,15270,0.0,0.85,2.3
1987-10-19,12.1,7.7,16.3,9420,1.7,0.99,1.2
1987-10-20,8.9,5.0,11.9,9410,3.5,0.82,3.6
1987-10-21,4.1,0.6,7.2,10000,0.0,0.43,4.4
1987-10-22,5.7,-0.4,11.0,6970,2.4,0.49,3.9
1987-10-23,9.0,4.4,13.5,14390,0.0,0.7,1.7
1987-10-24,8.5,4.2,11.3,3100,7.8,0.91,3.2
1987-10-25,5.2,-1.3,11.4,14530,0.0,0.58,1.8
1987-10-26,8.5,3.4,14.0,4920,7.8,0.76,2.8
1987-10-27,8.2,4.3,11.6,13650,4.2,0.72,3.8
1987-10-28,4.8,0.8,8.8,10190,0.0,0.57,2.5
1987-10-29,7.2,3.4,12.6,10700,0.0,0.65,2.2
1987-10-30,10.0,2.8,19.5,13090,0.0,0.91,2.0
1987-10-31,12.6,6.1,20.8,11010,0.0,1.22,2.5
1987-11-01,16.4,13.4,20.1,8050,0.0,1.35,2.4
1987-11-02,17.1,14.0,21.0,6390,0.7,1.24,3.0
1987-11-03,18.4,14.2,23.8,12300,0.0,1.25,3.8
1987-11-04,17.7,14.7,21.9,10620,0.0,1.23,4.1
1987-11-05,8.3,4.7,14.0,13080,0.0,0.43,4.8
1987-11-06,5.2,-0.0,9.7,10120,0.2,0.39,2.2
1987-11-07,9.4,6.4,12.4,4680,3.1,0.67,3.1
1987-11-08,12.7,9.7,15.7,6960,4.3,0.81,3.4
1987-11-09,6.2,3.7,11.2,6330,0.0,0.65,3.9
1987-11-10,2.3,-0.8,4.8,10220,0.0,0.36,4.1
1987-11-11,0.6,-3.8,5.3,10800,0.0,0.37,2.0
1987-11-12,4.7,-0.7,12.1,11650,0.0,0.48,3.4
1987-11-13,8.9,4.1,15.8,10030,0.0,0.67,3.3
1987-11-14,9.3,4.2,16.4,10610,0.0,0.77,1.6
1987-11-15,10.2,4.4,17.9,10170,0.0,0.65,3.1
1987-11-16,14.1,12.0,16.8,3540,2.1,0.87,4.7
1987-11-17,13.7,7.0,16.8,6270,7.1,1.27,6.4
1987-11-18,5.0,1.0,6.7,5550,0.0,0.52,4.4
1987-11-19,3.1,-1.4,9.3,9140,0.0,0.46,3.9
1987-11-20,-0.2,-3.5,3.1,8890,0.0,0.29,4.9
1987-11-21,-2.9,-6.3,1.2,10670,0.0,0.25,2.2
1987-11-22,3.1,-2.7,10.3,10540,0.0,0.34,4.3
1987-11-23,9.7,5.8,14.7,6460,0.0,0.74,5.6
1987-11-24,4.3,0.7,7.6,4730,8.9,0.67,2.6
1987-11-25,7.7,4.9,9.3,820,37.4,1.02,2.2
1987-11-26,4.0,2.2,5.6,2420,0.0,0.65,4.0
1987-11-27,6.2,3.7,8.7,2830,2.1,0.84,3.4
1987-11-28,10.3,7.8,13.3,2310,16.2,1.16,3.7
1987-11-29,4.4,1.3,7.6,3040,3.7,0.77,3.0
1987-11-30,3.3,1.6,5.5,2270,0.6,0.66,3.4
1987-12-01,1.1,-0.3,2.4,3870,4.6,0.54,4.0
1987-12-02,-0.8,-4.7,2.3,7800,0.1,0.39,3.0
1987-12-03,2.7,0.3,5.6,2850,4.7,0.63,4.5
1987-12-04,-1.0,-3.0,2.2,6790,0.0,0.4,4.0
1987-12-05,-2.5,-5.6,1.8,8780,0.0,0.36,1.7
1987-12-06,-0.5,-4.6,2.9,3860,2.2,0.43,2.7
1987-12-07,3.5,0.7,6.1,2330,17.4,0.66,3.5
1987-12-08,9.2,6.1,11.5,3360,5.2,0.98,4.1
1987-12-09,8.8,4.8,12.1,2950,3.2,0.9,5.6
1987-12-10,2.9,0.6,6.2,5990,0.0,0.61,1.9
1987-12-11,4.9,1.5,7.6,2710,2.2,0.71,4.0
1987-12-12,3.7,0.9,4.8,4650,0.0,0.45,5.4
1987-12-13,0.5,-3.0,3.8,7780,0.0,0.38,2.9
1987-12-14,-0.7,-4.3,3.1,4780,5.4,0.47,2.4
1987-12-15,0.0,-4.2,6.8,3910,27.8,0.55,7.7
1987-12-16,-4.5,-4.9,-3.6,6730,0.1,0.36,5.5
1987-12-17,-5.5,-7.1,-3.4,8630,0.0,0.31,2.5
1987-12-18,-3.1,-7.6,1.2,7960,0.0,0.33,2.7
1987-12-19,1.3,-0.4,3.6,820,13.0,0.57,3.7
1987-12-20,3.3,-2.7,10.1,3180,13.8,0.68,5.4
1987-12-21,-0.7,-4.3,5.0,9160,0.0,0.39,3.2
1987-12-22,1.8,-1.2,6.1,4380,1.2,0.5,3.6
1987-12-23,1.7,-2.1,6.9,8270,0.0,0.55,2.3
1987-12-24,7.5,3.2,10.3,1580,5.5,0.89,3.9
1987-12-25,3.1,0.7,10.1,2550,9.7,0.69,3.2
1987-12-26,0.7,-1.0,1.7,2870,0.9,0.52,2.5
1987-12-27,-0.1,-1.6,2.0,2450,3.9,0.45,2.6
1987-12-28,0.7,-0.4,2.7,1710,18.2,0.58,4.2
1987-12-29,-1.5,-4.5,0.6,4750,0.9,0.43,3.0
1987-12-30,-2.0,-5.3,2.2,8360,0.0,0.33,3.4
1987-12-31,1.0,-5.0,4.1,3460,0.0,0.5,5.6
1988-01-01,-9.3,-11.9,-5.5,9670,0.0,0.16,3.8
1988-01-02,-7.9,-11.6,-2.4,9730,0.0,0.17,2.8
1988-01-03,-3.8,-7.2,0.5,7710,0.1,0.23,3.2
1988-01-04,-8.6,-15.6,-3.0,8780,0.0,0.17,5.3
1988-01-05,-17.4,-20.4,-14.1,10070,0.0,0.07,4.5
1988-01-06,-17.6,-21.2,-13.5,10110,0.0,0.07,2.4
1988-01-07,-11.8,-16.2,-8.4,4590,0.5,0.11,2.1
1988-01-08,-9.8,-13.6,-5.5,9580,0.0,0.16,1.5
1988-01-09,-10.3,-13.7,-7.3,9400,0.0,0.16,2.4
1988-01-10,-12.9,-17.8,-6.9,10470,0.0,0.11,1.6
1988-01-11,-4.4,-10.3,2.7,9450,0.0,0.25,4.6
1988-01-12,2.8,0.0,5.2,3610,0.1,0.45,7.2
1988-01-13,-7.5,-10.4,-2.5,10260,0.0,0.16,4.5
1988-01-14,-9.6,-14.1,-4.9,6710,0.0,0.15,2.2
1988-01-15,-2.4,-6.7,3.7,10290,0.0,0.26,4.2
1988-01-16,4.1,-0.4,9.5,10270,0.0,0.45,6.1
1988-01-17,4.6,3.5,7.1,970,15.2,0.74,4.1
1988-01-18,2.6,-0.1,5.4,7480,0.4,0.65,2.3
1988-01-19,2.8,-0.2,10.3,1710,12.0,0.67,5.4
1988-01-20,4.2,-0.6,10.7,1990,0.8,0.79,4.3
1988-01-21,-2.0,-2.8,-0.7,4800,0.0,0.35,2.8
1988-01-22,-2.0,-3.2,-0.3,4200,0.0,0.34,2.8
1988-01-23,-2.1,-4.8,0.3,6130,1.1,0.35,4.1
1988-01-24,-1.9,-5.1,2.1,7880,0.5,0.38,4.2
1988-01-25,-7.0,-13.2,-3.2,8390,1.1,0.24,3.9
1988-01-26,-10.0,-13.4,-6.0,7510,0.0,0.18,3.9
1988-01-27,-10.0,-15.3,-4.5,12100,0.0,0.15,2.1
1988-01-28,-3.9,-8.1,0.5,12030,0.0,0.29,1.8
1988-01-29,3.7,-2.6,10.9,10590,0.0,0.62,4.3
1988-01-30,10.3,8.0,13.6,7530,0.0,0.92,6.6
1988-01-31,10.9,8.2,11.8,1680,9.3,1.12,5.8
1988-02-01,2.2,-0.5,6.6,1920,4.5,0.68,2.6
1988-02-02,-1.3,-2.7,0.5,6390,0.6,0.42,3.4
1988-02-03,-2.2,-3.2,-0.1,3280,9.1,0.41,2.4
1988-02-04,-7.4,-11.4,-3.4,12790,1.2,0.31,3.2
1988-02-05,-17.4,-20.9,-12.1,14240,0.0,0.12,4.7
1988-02-06,-19.5,-21.8,-16.0,14250,0.0,0.09,3.9
1988-02-07,-9.7,-19.5,-3.1,8900,0.0,0.23,4.7
1988-02-08,-9.7,-15.2,-5.8,12140,0.0,0.2,1.7
1988-02-09,-4.4,-12.2,-1.3,12770,0.0,0.35,2.9
1988-02-10,-7.3,-11.6,-3.4,9650,1.6,0.28,2.6
1988-02-11,-8.3,-10.1,-7.6,7120,9.8,0.28,4.2
1988-02-12,-16.3,-19.7,-11.1,15530,0.0,0.14,3.7
1988-02-13,-18.2,-22.9,-12.1,15720,0.0,0.12,2.4
1988-02-14,-0.8,-12.2,7.2,12050,0.6,0.53,5.5
1988-02-15,-1.4,-5.0,7.2,6880,2.0,0.43,4.5
1988-02-16,-1.6,-7.4,6.1,12380,0.5,0.3,3.4
1988-02-17,1.0,-4.6,6.9,12300,0.0,0.46,1.8
1988-02-18,-0.2,-6.7,7.4,15300,0.0,0.43,1.7
1988-02-19,0.3,-1.7,1.5,2300,12.7,0.58,2.2
1988-02-20,-1.3,-7.9,0.5,11640,1.9,0.43,5.0
1988-02-21,-6.7,-12.8,-0.6,16560,0.0,0.17,3.1
1988-02-22,5.9,-0.9,14.9,13960,0.0,0.55,6.6
1988-02-23,-0.6,-4.8,3.5,15160,0.0,0.31,3.9
1988-02-24,-3.6,-6.4,-0.1,13720,0.0,0.18,4.3
1988-02-25,-4.7,-8.0,-0.3,15480,0.0,0.17,3.1
1988-02-26,1.5,-6.6,11.7,16640,0.0,0.31,4.5
1988-02-27,0.6,-4.0,3.9,17140,0.0,0.44,3.8
1988-02-28,0.7,-5.7,8.0,17090,0.0,0.44,2.7
1988-02-29,2.8,-2.4,8.1,15020,0.0,0.46,2.6
1988-03-01,3.6,-4.6,11.2,17450,0.0,0.49,2.3
1988-03-02,4.6,-1.0,9.0,7010,3.5,0.58,3.7
1988-03-03,-3.1,-3.7,-1.6,4000,14.3,0.35,4.6
1988-03-04,-4.6,-7.8,-1.3,16150,1.0,0.33,3.5
1988-03-05,-7.7,-13.4,-0.6,19730,0.0,0.27,1.9
1988-03-06,-3.8,-11.1,2.8,17810,0.0,0.38,2.5
1988-03-07,3.3,-3.6,11.9,18510,0.0,0.64,2.3
1988-03-08,10.4,4.5,18.0,15620,1.8,0.94,4.3
1988-03-09,6.2,2.3,11.4,10960,3.1,0.71,3.2
1988-03-10,2.4,-3.4,8.8,19280,0.0,0.46,2.3
1988-03-11,7.0,0.0,15.3,19100,0.0,0.56,4.2
1988-03-12,9.9,4.3,13.7,14430,9.3,0.72,6.0
1988-03-13,-1.6,-4.0,3.5,9580,0.0,0.28,5.4
1988-03-14,-3.8,-6.5,-1.0,12940,0.7,0.25,4.4
1988-03-15,-4.4,-6.9,-2.0,12740,0.1,0.27,3.3
1988-03-16,-0.5,-3.7,2.5,10840,0.0,0.33,2.7
1988-03-17,0.8,-4.5,5.6,16320,0.0,0.41,1.8
1988-03-18,1.6,-1.7,5.4,14810,1.0,0.43,2.9
1988-03-19,0.6,-4.8,5.6,17270,0.0,0.35,3.4
1988-03-20,-0.5,-5.2,2.7,18100,0.6,0.36,2.8
1988-03-21,-0.8,-5.4,4.5,21550,0.0,0.32,3.2
1988-03-22,5.3,-3.1,15.6,21360,0.0,0.53,4.3
1988-03-23,15.3,11.6,21.3,18340,3.6,1.1,5.0
1988-03-24,15.7,11.4,20.8,15300,11.1,1.3,4.0
1988-03-25,14.4,8.9,17.9,20190,9.1,0.96,4.5
1988-03-26,8.1,3.0,12.4,18780,0.3,0.56,4.8
1988-03-27,3.6,-2.6,9.7,22940,0.0,0.42,2.5
1988-03-28,9.7,3.3,16.8,9920,2.5,0.68,4.1
1988-03-29,14.6,11.3,18.3,8050,9.4,1.08,4.5
1988-03-30,4.9,0.0,9.9,23600,7.4,0.59,2.9
1988-03-31,6.4,2.0,11.7,7740,1.8,0.75,2.8
1988-04-01,9.2,6.6,12.3,4650,0.3,1.03,2.7
1988-04-02,14.8,10.9,18.3,5090,10.4,1.57,3.8
1988-04-03,15.1,10.4,17.9,12380,11.8,1.39,5.0
1988-04-04,12.7,5.7,19.5,18370,0.0,0.95,2.9
1988-04-05,18.8,12.5,26.0,23190,0.9,1.35,4.1
1988-04-06,10.5,4.6,17.7,3840,38.1,1.16,7.0
1988-04-07,8.9,4.6,13.8,24930,0.0,0.5,6.0
1988-04-08,9.4,2.3,16.7,24390,0.0,0.68,2.0
1988-04-09,10.1,3.5,17.3,24120,0.0,0.7,2.0
1988-04-10,9.8,3.7,17.3,22030,0.0,0.75,2.4
1988-04-11,10.5,6.1,16.9,23590,0.0,0.67,4.5
1988-04-12,10.9,5.8,17.8,24750,0.0,0.72,4.0
1988-04-13,10.6,2.7,18.4,24520,0.0,0.69,1.7
1988-04-14,11.0,7.0,13.6,23570,0.3,0.68,3.7
1988-04-15,5.8,1.4,9.5,19430,0.0,0.45,3.3
1988-04-16,6.9,-0.7,13.8,25970,0.0,0.55,2.1
1988-04-17,12.8,5.3,20.4,26000,3.7,0.84,4.8
1988-04-18,6.7,3.0,11.9,22770,1.3,0.55,3.3
1988-04-19,5.2,-2.1,11.0,25050,0.0,0.41,2.5
1988-04-20,8.3,1.5,16.9,16290,1.7,0.64,3.7
1988-04-21,6.8,1.0,11.8,17330,4.3,0.66,1.6
1988-04-22,9.4,5.5,15.2,14050,1.4,0.78,4.5
1988-04-23,13.1,7.8,16.5,23140,8.1,1.01,5.3
1988-04-24,8.1,4.1,11.6,18770,0.0,0.63,2.7
1988-04-25,9.9,1.5,16.4,26650,0.0,0.66,1.7
1988-04-26,12.7,5.5,19.9,22370,0.0,0.89,2.0
1988-04-27,6.6,4.1,12.3,9680,4.0,0.66,6.9
1988-04-28,7.9,2.8,13.6,23240,0.3,0.6,4.2
1988-04-29,9.3,2.3,16.3,28520,0.0,0.5,2.9
1988-04-30,11.1,1.8,19.7,27880,0.0,0.65,1.9
1988-05-01,12.3,2.3,20.7,28610,0.0,0.73,1.9
1988-05-02,13.9,5.9,21.1,28360,0.0,0.77,2.3
1988-05-03,13.8,7.3,19.6,27430,0.0,0.78,3.3
1988-05-04,12.2,6.5,17.7,23700,0.0,0.62,4.1
1988-05-05,13.2,5.9,20.0,28490,0.0,0.63,3.3
1988-05-06,16.0,8.1,23.6,28950,0.0,0.7,3.0
1988-05-07,17.5,8.3,25.8,27290,0.0,0.91,2.6
1988-05-08,20.7,16.2,26.2,21020,0.6,1.11,5.6
1988-05-09,18.2,15.8,20.6,20150,7.5,1.4,6.5
1988-05-10,16.2,12.5,19.2,17620,0.0,1.04,4.0
1988-05-11,15.0,7.4,22.1,28710,0.0,1.0,1.5
1988-05-12,19.7,13.5,26.6,26290,0.1,1.17,3.5
1988-05-13,18.1,11.3,20.6,25510,0.0,1.04,3.9
1988-05-14,16.9,8.2,25.9,28930,0.0,0.9,2.2
1988-05-15,22.2,17.6,29.7,21270,6.7,1.43,4.2
1988-05-16,17.1,11.1,21.2,19440,0.0,1.21,3.6
1988-05-17,14.2,8.7,21.0,19220,0.0,1.0,3.7
1988-05-18,16.4,9.2,23.5,27250,0.0,1.01,2.7
1988-05-19,17.8,10.3,23.9,23180,0.0,1.11,2.3
1988-05-20,19.3,12.5,24.5,21740,0.0,1.35,1.2
1988-05-21,21.1,13.1,28.1,23620,0.0,1.42,1.1
1988-05-22,23.5,15.4,30.3,22290,0.1,1.35,2.3
1988-05-23,20.2,17.4,23.4,16220,22.1,1.74,2.2
1988-05-24,17.0,11.3,21.7,25180,1.2,1.24,4.1
1988-05-25,12.0,5.5,18.4,30820,0.0,0.57,3.6
1988-05-26,14.8,4.1,22.9,31030,0.0,0.74,1.9
1988-05-27,19.2,11.3,26.1,30500,0.0,0.9,2.9
1988-05-28,21.1,13.2,28.2,26550,0.0,1.11,2.2
1988-05-29,23.5,16.0,30.2,29380,0.0,1.33,2.1
1988-05-30,24.9,15.7,31.0,29980,0.0,1.31,1.3
1988-05-31,25.9,18.7,31.6,29340,0.0,1.35,0.9
1988-06-01,25.6,18.1,31.9,27260,0.0,1.4,1.5
1988-06-02,23.0,17.8,30.8,25060,0.7,1.57,2.5
1988-06-03,17.6,12.0,22.9,29610,0.0,0.87,3.9
1988-06-04,17.2,9.8,23.1,30590,0.0,0.82,2.1
1988-06-05,21.2,13.1,28.9,29950,0.0,0.98,2.4
1988-06-06,24.7,17.4,31.3,29920,0.0,1.17,2.6
1988-06-07,25.4,17.7,31.8,30220,0.0,1.2,2.5
1988-06-08,24.0,17.2,32.4,24380,4.3,1.53,2.4
1988-06-09,15.7,11.5,20.7,31160,0.6,0.76,5.5
1988-06-10,15.7,9.0,22.0,30620,0.0,0.71,2.7
1988-06-11,18.8,10.5,26.4,30830,0.0,0.74,1.2
1988-06-12,22.7,14.3,29.7,30480,0.0,1.04,2.3
1988-06-13,25.7,17.1,32.8,30300,0.0,1.23,2.7
1988-06-14,27.5,20.1,33.5,29980,0.0,1.35,2.8
1988-06-15,27.1,21.7,32.2,23160,0.7,1.64,3.1
1988-06-16,24.3,20.0,28.5,22720,0.1,1.6,2.7
1988-06-17,22.9,15.5,28.3,22640,0.0,1.33,1.5
1988-06-18,24.8,17.1,31.3,27150,0.0,1.26,1.7
1988-06-19,26.5,19.3,32.7,30100,0.0,1.26,2.5
1988-06-20,27.7,22.8,34.1,21110,0.3,1.72,2.8
1988-06-21,30.9,24.4,36.5,26770,0.0,1.82,2.9
1988-06-22,30.6,24.9,36.1,27620,0.7,1.82,4.1
1988-06-23,26.1,21.7,30.1,29320,0.7,1.68,3.2
1988-06-24,26.0,19.6,32.8,25210,0.2,1.27,2.2
1988-06-25,31.6,25.7,37.8,26310,0.2,1.87,4.0
1988-06-26,23.4,18.6,29.0,29950,0.0,1.26,4.8
1988-06-27,21.2,15.0,26.8,29590,0.0,0.99,2.4
1988-06-28,23.0,14.8,29.4,29820,0.0,1.14,1.0
1988-06-29,19.9,17.9,22.5,6650,12.1,1.69,2.5
1988-06-30,18.5,12.9,24.3,30730,0.0,1.14,3.3
1988-07-01,18.8,12.9,24.4,29960,0.0,1.09,2.3
1988-07-02,19.9,11.9,26.2,27080,0.0,1.17,1.5
1988-07-03,21.6,12.3,28.8,30600,0.0,1.1,1.3
1988-07-04,25.6,15.8,33.6,29910,0.0,1.28,1.5
1988-07-05,28.6,21.0,34.8,26180,0.0,1.34,1.9
1988-07-06,28.9,20.8,35.0,25460,0.0,1.61,1.4
1988-07-07,29.3,23.1,34.1,24260,0.0,1.89,1.1
1988-07-08,29.6,22.6,34.8,25610,0.0,1.84,1.5
1988-07-09,29.7,22.7,35.8,25970,0.0,1.83,1.7
1988-07-10,26.9,23.8,33.0,21190,9.1,2.27,2.1
1988-07-11,25.6,21.0,29.9,23520,0.0,2.25,1.1
1988-07-12,25.1,20.1,30.1,26900,0.0,1.75,1.4
1988-07-13,26.1,20.9,30.9,24040,0.2,2.3,2.2
1988-07-14,28.8,24.1,34.1,23760,0.0,2.47,3.0
1988-07-15,29.3,22.4,35.9,24760,0.2,2.13,2.2
1988-07-16,30.0,26.1,35.6,24660,2.6,2.56,4.0
1988-07-17,26.9,21.9,31.8,26270,0.0,2.37,1.6
1988-07-18,25.7,22.6,28.9,10860,14.0,2.48,2.0
1988-07-19,24.7,20.5,29.2,23020,0.0,2.22,2.4
1988-07-20,23.1,21.5,26.3,11890,4.1,2.16,2.7
1988-07-21,22.2,16.9,26.9,23730,1.2,1.9,1.4
1988-07-22,21.8,17.8,26.2,23440,0.0,1.92,1.9
1988-07-23,22.5,17.4,27.3,23930,1.1,1.97,1.6
1988-07-24,23.7,16.5,29.2,23350,0.0,1.74,1.2
1988-07-25,24.0,20.5,29.6,20540,11.8,1.99,2.0
1988-07-26,22.7,18.8,27.5,23650,0.1,1.99,2.2
1988-07-27,22.7,14.6,29.9,27490,0.0,1.67,1.3
1988-07-28,26.8,20.3,33.1,27250,0.0,1.79,1.9
1988-07-29,27.5,20.8,32.9,25010,0.0,2.09,2.5
1988-07-30,25.6,22.2,29.9,14320,17.5,2.59,2.9
1988-07-31,26.4,20.8,32.1,26150,1.6,2.43,1.0
1988-08-01,28.4,23.3,34.2,23720,0.6,2.61,2.2
1988-08-02,28.4,23.5,33.8,24500,3.1,2.74,2.0
1988-08-03,28.9,23.9,33.9,23660,0.3,2.65,1.6
1988-08-04,28.9,24.0,34.2,23380,0.0,2.63,2.2
1988-08-05,26.1,23.9,30.5,14170,13.0,2.73,3.3
1988-08-06,25.3,19.9,29.5,26740,0.0,2.01,1.6
1988-08-07,26.0,19.1,32.0,26810,0.0,1.7,1.5
1988-08-08,27.6,21.1,33.8,23760,0.0,2.09,2.3
1988-08-09,28.2,24.4,33.6,20340,6.3,2.51,2.2
1988-08-10,26.9,23.0,31.2,17600,5.2,2.81,1.3
1988-08-11,28.2,23.4,32.9,22690,0.6,2.66,1.4
1988-08-12,28.8,23.8,34.1,22750,0.8,2.67,1.6
1988-08-13,29.1,24.4,33.4,21060,0.2,2.6,3.2
1988-08-14,28.3,24.7,31.9,17060,9.6,2.74,3.4
1988-08-15,29.6,25.0,35.5,23490,0.7,2.85,2.4
1988-08-16,30.4,23.9,36.4,24720,0.0,2.83,1.0
1988-08-17,31.6,26.0,37.3,23930,0.0,2.32,2.3
1988-08-18,30.6,25.4,35.9,21130,4.5,2.42,2.0
1988-08-19,23.5,22.2,24.7,9230,10.8,2.59,1.7
1988-08-20,22.8,20.1,26.7,16510,0.0,1.94,2.4
1988-08-21,22.3,16.7,27.8,24640,0.0,1.63,2.1
1988-08-22,23.0,17.4,28.4,20460,0.0,1.55,3.0
1988-08-23,23.9,20.0,28.0,19840,8.1,1.85,3.7
1988-08-24,23.0,18.0,27.5,22900,0.0,1.4,3.8
1988-08-25,23.5,16.8,30.2,22390,0.1,1.42,3.6
1988-08-26,20.4,15.0,25.0,24470,0.0,1.18,2.0
1988-08-27,19.0,16.1,25.2,10060,18.8,1.44,2.8
1988-08-28,19.4,16.5,22.5,16620,3.1,1.6,2.6
1988-08-29,17.0,10.8,21.4,19460,0.0,1.15,1.9
1988-08-30,17.6,11.5,23.6,23170,0.0,1.2,1.1
1988-08-31,20.2,13.9,26.7,23540,0.0,1.25,2.0
1988-09-01,21.8,14.9,28.6,23740,0.0,1.32,2.3
1988-09-02,22.9,18.8,28.1,16370,4.6,2.05,2.6
1988-09-03,21.5,18.9,24.6,8980,9.4,2.14,3.1
1988-09-04,18.6,14.2,22.1,17010,0.5,1.61,3.2
1988-09-05,15.8,13.0,17.7,13450,1.2,1.23,4.2
1988-09-06,13.9,9.0,18.0,14920,0.0,1.01,1.5
1988-09-07,15.7,8.4,22.5,23010,0.0,0.95,2.2
1988-09-08,19.2,11.7,27.0,22640,0.0,1.17,3.9
1988-09-09,22.3,18.0,27.8,20280,0.0,1.51,2.3
1988-09-10,21.4,12.4,29.6,22570,0.0,0.97,1.9
1988-09-11,23.7,17.1,30.2,17380,0.0,1.73,3.2
1988-09-12,22.7,20.5,24.5,8120,14.6,2.34,3.1
1988-09-13,21.8,18.4,24.1,12140,0.0,2.04,2.2
1988-09-14,19.3,13.1,25.4,21020,0.0,1.28,1.6
1988-09-15,19.0,12.8,25.4,20730,0.0,1.25,2.9
1988-09-16,21.3,15.3,29.4,17940,13.6,1.68,3.6
1988-09-17,24.0,19.5,29.3,16800,0.0,2.18,3.4
1988-09-18,23.8,20.7,29.4,13040,0.9,2.3,3.2
1988-09-19,21.4,19.6,23.6,3740,29.3,2.23,4.8
1988-09-20,17.9,14.5,21.9,19530,0.0,1.14,5.2
1988-09-21,16.5,11.0,21.7,19440,0.0,1.35,1.5
1988-09-22,21.7,14.8,29.1,16120,0.8,1.8,4.3
1988-09-23,21.0,15.1,26.7,15690,1.0,1.63,3.6
1988-09-24,15.7,12.0,20.1,13900,0.0,1.08,2.3
1988-09-25,15.7,9.5,21.9,19170,0.0,1.18,1.4
1988-09-26,17.4,9.8,25.3,19130,0.0,1.23,1.9
1988-09-27,19.9,13.7,26.7,18120,0.0,1.34,2.7
1988-09-28,20.6,14.6,26.6,16710,0.0,1.5,2.4
1988-09-29,20.7,15.7,26.4,14460,0.0,1.67,3.1
1988-09-30,21.8,17.9,26.5,12120,0.5,2.02,2.4
1988-10-01,19.3,18.0,21.2,1820,12.8,2.07,3.2
1988-10-02,16.4,12.3,19.6,11820,2.2,1.5,2.8
1988-10-03,12.2,8.2,16.1,12860,0.0,0.96,1.9
1988-10-04,9.7,7.7,13.0,16300,0.0,0.64,3.7
1988-10-05,8.4,5.0,12.3,12910,0.0,0.64,3.4
1988-10-06,7.7,1.7,12.3,12470,0.0,0.69,1.2
1988-10-07,8.2,2.3,14.2,16920,0.0,0.67,1.5
1988-10-08,9.8,3.1,16.8,16850,0.0,0.62,2.2
1988-10-09,11.7,7.8,16.4,9840,0.3,0.86,2.4
1988-10-10,13.7,9.4,19.4,14750,0.0,0.88,4.9
1988-10-11,9.8,5.6,12.9,14540,0.0,0.61,3.6
1988-10-12,5.0,1.1,9.5,14120,0.0,0.45,2.6
1988-10-13,5.5,0.1,11.5,16380,0.0,0.53,1.4
1988-10-14,11.8,5.2,20.1,15610,0.0,0.63,4.4
1988-10-15,16.2,11.7,22.4,14340,2.7,0.98,4.7
1988-10-16,14.8,12.2,20.7,5710,11.5,1.26,4.7
1988-10-17,16.4,12.2,19.8,4000,35.7,1.65,4.4
1988-10-18,11.9,8.5,17.1,9360,4.1,0.92,3.8
1988-10-19,8.1,5.2,11.8,13410,0.0,0.63,3.0
1988-10-20,7.2,2.1,12.0,9920,0.0,0.65,1.4
1988-10-21,8.6,7.1,11.1,3330,5.7,0.9,3.0
1988-10-22,6.9,3.1,10.5,13720,0.0,0.62,3.1
1988-10-23,7.2,3.0,11.8,3380,11.2,0.76,4.8
1988-10-24,5.4,3.1,8.0,10740,0.0,0.46,5.2
1988-10-25,4.7,1.2,8.8,14390,0.0,0.45,3.7
1988-10-26,3.1,-0.7,7.4,13680,0.0,0.41,2.9
1988-10-27,7.3,0.1,14.5,11510,5.7,0.6,4.4
1988-10-28,4.9,1.2,12.6,14130,0.8,0.47,4.8
1988-10-29,2.1,-2.7,6.8,13040,0.0,0.38,1.8
1988-10-30,1.0,-3.8,6.0,13520,0.0,0.42,1.7
1988-10-31,3.0,-4.3,10.5,13400,0.0,0.44,2.6
1988-11-01,6.2,2.6,10.1,11550,0.0,0.57,3.5
1988-11-02,5.4,1.6,9.6,10820,0.0,0.63,1.7
1988-11-03,9.4,3.7,15.1,8170,0.0,0.94,3.8
1988-11-04,14.2,12.8,14.7,1860,15.3,1.57,4.4
1988-11-05,8.0,2.6,12.3,1630,1.0,0.95,4.1
1988-11-06,1.5,0.4,3.0,3110,5.0,0.52,5.3
1988-11-07,4.2,-0.6,9.8,11730,0.1,0.54,2.7
1988-11-08,6.5,2.4,10.2,11820,0.5,0.69,3.2
1988-11-09,7.6,1.3,15.5,6980,6.7,0.88,3.9
1988-11-10,9.4,5.2,16.7,6600,21.5,0.94,5.5
1988-11-11,3.3,-0.2,6.5,11560,0.0,0.47,2.3
1988-11-12,5.6,1.4,11.2,1930,13.1,0.74,4.9
1988-11-13,7.6,3.6,11.3,10400,1.4,0.77,4.6
1988-11-14,9.2,4.7,15.3,10810,0.0,0.85,2.4
1988-11-15,12.4,7.8,17.3,4030,0.0,1.26,4.6
1988-11-16,10.9,2.5,17.8,9830,7.9,1.02,7.7
1988-11-17,3.1,-0.7,7.8,11190,0.0,0.4,4.4
1988-11-18,5.8,2.2,10.7,8780,0.2,0.48,3.1
1988-11-19,7.5,5.8,8.9,1360,5.5,0.88,2.8
1988-11-20,4.7,2.3,7.5,1400,27.6,0.79,4.7
1988-11-21,2.1,0.0,3.7,6400,0.0,0.45,1.6
1988-11-22,2.5,-0.5,6.2,8500,0.0,0.5,1.4
1988-11-23,2.6,-1.8,9.1,10080,0.0,0.54,2.2
1988-11-24,6.1,1.7,12.9,10190,0.0,0.66,3.3
1988-11-25,9.5,5.5,14.7,9560,0.0,0.86,3.9
1988-11-26,13.2,12.1,14.3,1180,14.9,1.32,4.8
1988-11-27,7.0,3.4,13.4,3180,3.4,0.73,5.5
1988-11-28,-0.0,-3.3,2.8,4710,0.3,0.38,5.1
1988-11-29,1.7,-3.6,7.4,8290,0.0,0.44,4.2
1988-11-30,2.3,-0.1,6.8,4490,0.0,0.48,4.6
1988-12-01,-2.9,-5.2,-0.3,5810,0.0,0.32,2.8
1988-12-02,-0.8,-5.8,5.7,9210,0.0,0.39,3.3
1988-12-03,4.9,1.0,12.1,9420,0.0,0.6,4.9
1988-12-04,0.2,-4.8,4.6,9280,0.0,0.41,2.4
1988-12-05,2.2,-2.0,8.2,9110,0.0,0.48,3.7
1988-12-06,4.7,0.4,10.7,9300,0.0,0.59,4.0
1988-12-07,3.1,0.9,5.4,3980,0.0,0.59,2.9
1988-12-08,-1.0,-4.2,1.3,8060,0.0,0.32,2.4
1988-12-09,-4.4,-6.1,-3.1,9080,0.0,0.24,2.7
1988-12-10,-3.6,-9.0,0.4,5850,0.2,0.27,3.2
1988-12-11,-8.4,-12.3,-4.6,7910,0.0,0.17,1.8
1988-12-12,-6.7,-11.2,-2.6,8940,0.6,0.19,2.9
1988-12-13,0.9,-3.3,4.4,6090,1.6,0.47,4.1
1988-12-14,4.8,0.2,10.8,6260,0.0,0.58,5.4
1988-12-15,-3.1,-7.8,2.0,5230,0.0,0.28,3.9
1988-12-16,-8.8,-12.3,-5.6,7420,0.5,0.14,3.1
1988-12-17,-6.1,-8.7,-4.2,5370,0.0,0.24,4.3
1988-12-18,-3.9,-8.9,1.6,5420,0.0,0.3,3.4
1988-12-19,3.9,-2.0,10.5,8750,0.0,0.52,4.9
1988-12-20,10.8,5.5,15.7,5200,2.2,0.89,6.9
1988-12-21,-0.2,-3.7,3.7,8790,0.0,0.45,1.8
1988-12-22,1.4,-3.2,10.6,5130,6.7,0.62,4.7
1988-12-23,6.9,1.6,13.0,9120,8.3,0.62,5.1
1988-12-24,2.8,0.9,6.5,3600,3.4,0.58,2.8
1988-12-25,-2.8,-5.1,0.7,9230,0.0,0.31,3.3
1988-12-26,-2.3,-5.8,0.7,2870,3.4,0.35,3.2
1988-12-27,4.2,-1.3,10.5,1790,11.7,0.65,4.7
1988-12-28,-8.0,-10.2,-2.1,7710,14.7,0.28,3.7
1988-12-29,-11.2,-14.5,-7.7,7820,0.0,0.2,2.0
1988-12-30,-6.6,-12.5,-1.9,7110,0.0,0.31,3.3
1988-12-31,-5.4,-9.1,-1.0,9180,0.0,0.37,1.9
1989-01-01,-4.2,-8.5,-0.2,9500,0.0,0.4,2.0
1989-01-02,-3.6,-7.6,-2.2,7070,0.0,0.4,2.8
1989-01-03,-3.2,-8.8,1.5,4880,1.1,0.42,3.9
1989-01-04,-6.5,-10.8,-3.3,9160,0.0,0.28,2.5
1989-01-05,-0.6,-5.4,4.2,6840,14.7,0.47,3.6
1989-01-06,2.1,1.2,3.4,2870,2.7,0.69,1.5
1989-01-07,8.2,1.8,13.7,2610,7.8,1.08,4.7
1989-01-08,-3.5,-7.2,8.4,8010,0.3,0.23,6.4
1989-01-09,-6.5,-10.3,-2.5,10070,0.0,0.15,3.3
1989-01-10,-0.9,-4.1,4.5,9230,0.0,0.35,3.8
1989-01-11,1.2,-3.8,6.4,6930,0.2,0.59,3.6
1989-01-12,3.0,-4.2,7.4,7510,0.7,0.64,4.0
1989-01-13,-3.8,-6.4,0.4,10600,0.0,0.26,2.1
1989-01-14,-2.8,-5.9,-0.4,1750,7.0,0.39,2.7
1989-01-15,-0.8,-3.2,2.2,8290,0.0,0.48,3.1
1989-01-16,-0.8,-4.7,4.1,10670,0.0,0.39,3.8
1989-01-17,2.3,-0.9,6.3,10430,0.0,0.5,4.3
1989-01-18,4.2,1.5,8.6,10250,0.0,0.6,4.6
1989-01-19,3.4,-3.2,10.2,10630,0.0,0.53,3.6
1989-01-20,0.3,-4.7,5.6,6210,0.0,0.37,4.8
1989-01-21,-3.5,-7.3,1.8,11130,0.0,0.26,2.3
1989-01-22,1.2,-2.8,7.6,11370,0.0,0.35,4.1
1989-01-23,3.7,-1.1,9.4,9560,0.0,0.56,3.3
1989-01-24,7.1,2.3,11.7,8320,0.5,0.75,1.8
1989-01-25,9.1,5.4,13.2,3480,7.3,1.06,3.1
1989-01-26,6.1,-0.4,12.6,4120,8.1,0.85,3.8
1989-01-27,1.9,-2.5,8.5,11620,0.0,0.42,3.4
1989-01-28,4.6,-0.3,10.9,11570,0.5,0.55,3.3
1989-01-29,6.4,4.9,8.2,1640,0.5,0.76,3.0
1989-01-30,5.5,3.1,8.7,7950,0.1,0.63,3.6
1989-01-31,8.8,2.3,16.5,12040,0.0,0.73,5.2
1989-02-01,7.2,2.0,11.9,10050,0.0,0.72,4.3
1989-02-02,0.8,-1.1,3.4,3830,2.8,0.5,2.5
1989-02-03,-3.3,-7.1,-1.2,6660,0.0,0.32,3.8
1989-02-04,-6.6,-7.6,-4.7,4920,1.0,0.22,2.4
1989-02-05,-8.4,-14.1,-5.1,5730,7.6,0.27,2.7
1989-02-06,-16.8,-19.6,-14.9,8020,2.4,0.13,3.5
1989-02-07,-15.2,-19.1,-12.2,14540,0.0,0.15,3.4
1989-02-08,-12.0,-16.3,-9.3,14790,0.0,0.19,5.2
1989-02-09,-17.4,-22.6,-10.4,15000,0.0,0.12,4.1
1989-02-10,-9.5,-13.1,-7.2,15260,0.0,0.23,3.7
1989-02-11,-6.0,-9.2,-3.5,15240,0.0,0.32,3.1
1989-02-12,-6.6,-10.5,-1.5,15350,0.0,0.28,2.1
1989-02-13,1.3,-3.4,4.2,3330,6.3,0.6,3.9
1989-02-14,1.2,-0.4,3.8,10960,0.1,0.52,2.2
1989-02-15,0.7,-2.4,2.7,3980,5.2,0.58,2.2
1989-02-16,-2.8,-5.9,1.2,15130,0.0,0.34,3.0
1989-02-17,-4.8,-7.6,-0.6,13530,0.0,0.26,3.0
1989-02-18,-4.3,-8.3,0.4,13850,0.0,0.27,2.0
1989-02-19,-0.3,-2.8,2.9,7880,0.1,0.4,1.6
1989-02-20,1.0,-1.8,3.6,4170,3.5,0.61,1.6
1989-02-21,-0.2,-3.0,2.0,8410,0.7,0.52,3.4
1989-02-22,-5.4,-10.7,-3.1,10020,0.5,0.29,4.1
1989-02-23,-11.5,-14.9,-7.1,15990,0.0,0.14,3.9
1989-02-24,-7.5,-11.9,-2.0,16950,0.0,0.17,1.4
1989-02-25,0.4,-5.2,8.0,15350,0.0,0.35,3.6
1989-02-26,-0.4,-3.8,2.0,7470,1.1,0.43,4.4
1989-02-27,-3.8,-7.2,0.2,15510,0.0,0.27,1.7
1989-02-28,-2.3,-6.9,4.5,15570,0.0,0.29,3.2
1989-03-01,-5.6,-9.5,-1.4,15730,0.0,0.18,2.6
1989-03-02,-3.1,-6.9,1.1,10600,0.0,0.23,2.2
1989-03-03,5.5,-1.4,12.7,9270,0.6,0.56,4.0
1989-03-04,8.9,1.7,11.0,2180,5.0,1.07,3.4
1989-03-05,-4.3,-6.8,1.0,2190,9.4,0.39,5.0
1989-03-06,-5.9,-7.5,-4.2,4460,18.2,0.26,5.7
1989-03-07,-8.5,-12.0,-4.5,19930,0.0,0.19,3.2
1989-03-08,-8.1,-14.8,-0.4,18150,0.0,0.24,2.0
1989-03-09,-2.1,-7.0,3.8,19070,0.0,0.4,1.4
1989-03-10,1.8,-5.7,11.9,17980,0.0,0.51,2.2
1989-03-11,8.0,2.1,17.6,18450,0.0,0.74,2.6
1989-03-12,3.6,-0.5,8.8,15350,0.0,0.55,3.7
1989-03-13,5.8,1.1,11.7,14290,0.0,0.59,1.8
1989-03-14,11.4,4.3,19.8,11820,2.7,1.16,4.5
1989-03-15,4.4,0.9,14.1,9710,0.0,0.43,5.3
1989-03-16,3.0,-4.6,10.8,20600,0.0,0.44,3.2
1989-03-17,9.5,0.3,19.0,14520,6.4,0.8,3.2
1989-03-18,-1.1,-4.1,7.4,14190,5.2,0.41,4.2
1989-03-19,-1.0,-7.1,4.7,19170,0.0,0.32,1.6
1989-03-20,1.8,-1.1,3.3,3890,9.6,0.55,3.3
1989-03-21,-3.4,-7.0,-0.1,22550,0.0,0.28,3.6
1989-03-22,-2.3,-7.7,3.7,22640,0.0,0.29,2.1
1989-03-23,2.9,-3.6,10.7,22360,0.0,0.45,2.5
1989-03-24,6.8,-1.6,15.8,19790,0.0,0.65,2.0
1989-03-25,12.6,8.1,19.4,21810,0.0,1.02,2.8
1989-03-26,14.7,7.8,22.7,21180,0.0,1.19,3.0
1989-03-27,16.7,12.4,22.7,16420,3.0,1.52,4.2
1989-03-28,17.7,15.6,21.1,8410,9.9,1.76,4.8
1989-03-29,13.0,9.5,15.8,8600,2.5,1.23,3.2
1989-03-30,8.6,5.6,13.1,11900,0.7,0.84,3.7
1989-03-31,3.5,1.7,5.9,12660,3.1,0.55,4.3
1989-04-01,3.8,-3.7,9.9,20290,0.3,0.49,2.3
1989-04-02,7.9,6.4,9.1,3540,25.8,0.86,3.7
1989-04-03,10.0,6.0,14.5,8200,23.3,1.1,2.6
1989-04-04,11.1,6.8,16.7,19900,9.9,0.93,4.1
1989-04-05,6.7,4.0,9.7,15250,1.6,0.64,3.3
1989-04-06,5.8,-0.2,11.5,21180,0.4,0.61,1.9
1989-04-07,4.2,-2.1,9.7,21320,2.0,0.61,1.6
1989-04-08,4.2,1.5,8.6,12760,7.3,0.64,3.2
1989-04-09,1.2,-3.4,5.3,21440,0.4,0.34,4.6
1989-04-10,-0.3,-5.9,4.7,20960,0.0,0.28,2.2
1989-04-11,2.1,-4.7,8.5,19650,0.0,0.36,2.7
1989-04-12,6.2,2.5,11.2,13660,0.9,0.48,4.2
1989-04-13,4.5,-1.9,10.3,26070,0.0,0.45,1.2
1989-04-14,9.6,2.4,18.0,23290,1.7,0.67,3.7
1989-04-15,11.2,5.6,16.2,24150,2.8,0.86,2.0
1989-04-16,11.5,2.3,19.8,24770,0.0,0.77,3.3
1989-04-17,12.6,4.5,18.2,11020,8.9,0.97,4.0
1989-04-18,6.5,1.8,11.2,11580,4.4,0.76,2.2
1989-04-19,8.9,0.5,14.9,25600,0.0,0.69,1.5
1989-04-20,10.3,1.4,18.1,26050,0.0,0.66,1.8
1989-04-21,13.7,5.0,20.1,25370,0.0,0.83,1.6
1989-04-22,14.3,10.3,19.7,17690,0.0,0.96,3.4
1989-04-23,11.3,6.7,17.0,17850,0.0,0.64,4.1
1989-04-24,14.0,7.9,21.7,19710,0.2,0.88,3.6
1989-04-25,21.2,14.7,28.2,20130,4.9,1.88,3.1
1989-04-26,19.4,13.8,25.5,23900,3.1,1.72,2.2
1989-04-27,20.1,14.7,25.4,23060,0.1,1.71,1.9
1989-04-28,15.9,11.7,22.4,14380,23.0,1.41,3.1
1989-04-29,15.9,12.2,20.8,11830,2.6,1.4,2.0
1989-04-30,12.0,6.2,16.6,25230,0.0,0.8,2.3
1989-05-01,12.0,8.5,16.3,23550,0.0,0.72,2.9
1989-05-02,7.9,3.9,12.5,18060,4.1,0.75,3.5
1989-05-03,10.2,4.0,16.1,21400,0.2,0.76,2.6
1989-05-04,11.9,7.4,17.6,14750,4.2,0.91,3.7
1989-05-05,14.0,11.3,17.3,25740,0.0,1.02,4.4
1989-05-06,6.2,2.3,10.5,23320,1.2,0.49,4.0
1989-05-07,5.1,-1.1,11.4,25990,0.2,0.56,2.3
1989-05-08,10.0,1.7,16.8,22190,2.4,0.8,1.7
1989-05-09,10.7,8.3,13.8,7730,21.5,1.02,4.4
1989-05-10,9.9,4.4,15.9,28840,0.0,0.66,4.1
1989-05-11,9.3,4.2,15.1,29770,0.0,0.55,4.0
1989-05-12,9.1,2.9,15.4,19000,0.1,0.68,3.1
1989-05-13,10.7,8.0,14.6,9820,2.4,0.99,2.1
1989-05-14,11.3,4.4,16.8,21580,0.6,1.09,1.2
1989-05-15,13.1,6.7,18.6,25680,0.0,1.03,2.2
1989-05-16,14.3,6.3,21.1,25410,0.0,1.04,1.7
1989-05-17,16.7,7.8,23.9,27950,0.0,1.16,2.2
1989-05-18,19.0,13.8,24.1,15670,0.0,1.38,3.7
1989-05-19,19.6,17.9,22.2,11740,24.2,1.79,4.6
1989-05-20,19.6,16.4,23.5,20140,3.9,1.74,3.7
1989-05-21,18.4,10.0,24.9,29380,0.0,1.11,2.2
1989-05-22,15.8,13.2,19.1,7620,12.1,1.36,2.2
1989-05-23,18.1,12.3,24.4,28350,0.0,1.34,2.7
1989-05-24,19.7,12.9,26.4,21640,0.0,1.59,3.8
1989-05-25,22.7,20.4,25.7,10310,40.4,2.23,4.0
1989-05-26,20.0,14.6,25.2,29450,11.5,1.47,3.2
1989-05-27,14.6,10.3,17.9,29200,0.0,0.93,3.0
1989-05-28,14.1,5.7,21.0,29350,0.7,0.98,2.1
1989-05-29,19.4,14.1,26.6,16380,11.4,1.7,3.5
1989-05-30,25.5,21.5,29.2,24210,0.0,2.25,4.9
1989-05-31,25.4,20.9,29.5,22650,3.3,2.39,4.0
1989-06-01,23.1,20.3,28.1,20290,14.2,2.37,2.5
1989-06-02,21.0,16.1,25.0,29260,0.0,1.76,2.0
1989-06-03,20.0,16.4,24.6,13230,23.8,1.92,2.8
1989-06-04,17.3,11.9,21.7,25840,0.0,1.34,1.6
1989-06-05,18.3,14.5,21.9,20420,3.1,1.36,1.9
1989-06-06,19.5,13.1,25.4,25920,0.0,1.49,1.7
1989-06-07,21.0,14.3,26.3,27110,0.3,1.66,1.5
1989-06-08,21.4,14.9,26.4,24970,0.0,1.76,1.6
1989-06-09,19.5,16.8,22.5,23770,0.8,1.7,3.1
1989-06-10,16.3,12.7,19.5,18300,0.0,1.2,2.1
1989-06-11,17.1,9.2,23.7,27660,0.0,1.3,1.9
1989-06-12,19.6,16.2,23.8,9920,24.2,1.85,4.0
1989-06-13,21.1,17.9,24.4,23490,0.3,1.91,2.9
1989-06-14,19.7,16.0,23.6,22390,2.4,1.62,1.9
1989-06-15,17.3,14.0,20.1,19770,0.0,1.46,2.5
1989-06-16,14.5,11.3,18.1,18350,0.4,1.2,2.3
1989-06-17,17.6,11.9,23.1,23630,0.0,1.3,3.0
1989-06-18,20.9,16.5,26.1,20860,0.1,1.76,2.9
1989-06-19,21.3,17.8,26.0,20320,8.5,2.14,1.7
1989-06-20,21.3,17.0,26.0,23460,0.5,2.03,2.1
1989-06-21,22.5,16.8,27.3,24340,0.2,2.04,1.5
1989-06-22,24.5,18.9,29.7,25700,0.0,2.21,2.0
1989-06-23,25.4,20.1,30.4,25520,0.0,2.42,1.5
1989-06-24,25.0,20.6,29.8,24920,0.4,2.58,1.8
1989-06-25,24.9,18.6,30.3,28090,0.0,2.27,1.3
1989-06-26,26.7,21.4,31.4,25060,0.0,2.51,1.6
1989-06-27,23.7,21.1,27.6,15800,19.4,2.49,1.4
1989-06-28,21.2,16.0,26.7,27000,0.0,1.93,2.3
1989-06-29,17.7,13.0,22.8,30510,0.0,1.43,2.8
1989-06-30,19.3,12.0,25.6,30590,0.0,1.52,1.7
1989-07-01,22.3,15.4,27.8,26660,0.0,1.77,1.5
1989-07-02,22.7,19.9,27.1,21370,4.4,2.21,2.4
1989-07-03,20.9,18.5,24.1,7660,5.8,2.05,3.0
1989-07-04,23.5,18.8,28.1,22770,0.2,2.23,2.4
1989-07-05,24.2,18.9,28.4,24080,0.1,2.29,2.3
1989-07-06,25.1,19.4,29.9,27380,0.0,2.33,1.4
1989-07-07,25.4,20.2,31.0,26420,0.0,2.23,2.1
1989-07-08,24.9,17.7,30.5,26830,0.1,2.13,1.4
1989-07-09,26.9,23.4,31.3,21800,6.2,2.66,2.5
1989-07-10,28.9,25.5,32.9,28320,0.0,2.69,3.7
1989-07-11,26.7,23.7,31.4,23880,9.0,2.77,2.3
1989-07-12,24.0,21.6,27.7,16810,7.7,2.63,1.7
1989-07-13,22.0,18.2,25.5,26200,0.0,1.88,3.3
1989-07-14,19.9,16.4,24.2,28270,0.0,1.56,2.6
1989-07-15,20.0,14.6,24.6,20060,0.0,1.51,1.7
1989-07-16,21.3,16.0,25.0,24070,0.0,1.62,1.7
1989-07-17,21.7,15.7,27.0,26480,0.0,1.64,0.9
1989-07-18,22.9,17.3,28.1,22140,1.4,1.67,2.4
1989-07-19,21.4,18.6,25.2,14950,28.8,2.27,2.5
1989-07-20,19.7,18.5,21.8,8070,15.2,2.09,3.6
1989-07-21,21.6,18.1,25.9,19980,19.8,2.25,2.5
1989-07-22,23.1,19.1,26.8,22190,0.4,2.3,1.7
1989-07-23,23.8,20.1,28.5,18960,2.9,2.45,1.7
1989-07-24,24.8,21.2,29.0,20810,6.4,2.69,1.5
1989-07-25,25.0,21.5,29.3,21710,5.9,2.74,1.1
1989-07-26,25.3,21.3,29.4,21710,4.6,2.76,1.4
1989-07-27,25.6,22.4,29.6,23930,0.9,2.7,2.7
1989-07-28,23.4,20.0,25.5,23850,0.0,2.2,2.9
1989-07-29,21.9,17.9,26.5,24640,0.0,1.91,2.1
1989-07-30,23.2,20.9,27.4,11000,20.1,2.39,2.4
1989-07-31,21.4,17.0,25.3,17900,0.0,2.07,2.1
1989-08-01,22.8,19.3,26.9,21330,0.0,2.09,1.8
1989-08-02,23.1,17.5,28.3,26850,0.0,2.15,1.2
1989-08-03,25.4,20.3,30.1,22630,0.0,2.47,3.4
1989-08-04,27.5,25.4,30.5,18840,0.5,2.72,4.2
1989-08-05,26.7,22.1,30.7,18870,5.2,2.93,2.7
1989-08-06,22.5,16.9,25.9,23190,0.1,2.07,3.5
1989-08-07,16.7,14.6,19.6,14410,0.0,1.24,2.2
1989-08-08,17.1,9.8,22.8,22810,0.0,1.27,1.5
1989-08-09,19.4,13.6,24.0,22090,0.0,1.45,1.7
1989-08-10,20.3,13.8,25.4,23280,0.3,1.6,1.0
1989-08-11,20.5,15.2,25.5,22490,0.8,1.83,1.5
1989-08-12,19.9,14.9,24.5,20800,2.3,1.97,1.2
1989-08-13,20.8,14.3,26.4,23100,0.0,1.84,1.0
1989-08-14,22.8,18.4,27.8,21920,0.0,1.87,2.3
1989-08-15,21.7,18.3,26.0,18360,3.6,2.13,1.9
1989-08-16,20.0,16.0,23.7,19620,0.0,1.75,2.0
1989-08-17,19.6,14.9,23.8,19080,0.0,1.59,2.3
1989-08-18,19.8,14.7,25.0,22100,0.0,1.58,2.5
1989-08-19,20.4,13.8,26.0,20980,0.0,1.67,1.6
1989-08-20,23.2,19.7,27.9,14020,6.0,2.23,3.9
1989-08-21,22.8,17.3,28.2,18980,0.0,2.15,1.3
1989-08-22,24.0,21.5,28.8,12400,20.8,2.66,2.9
1989-08-23,24.1,21.6,27.5,10800,12.7,2.69,1.4
1989-08-24,21.4,19.0,24.0,11080,6.8,2.1,3.3
1989-08-25,20.9,17.6,25.4,16290,0.0,1.84,2.8
1989-08-26,22.4,18.8,26.3,15500,0.0,2.04,1.8
1989-08-27,24.6,19.9,29.2,18480,0.2,2.42,1.1
1989-08-28,24.8,21.8,29.4,13770,7.6,2.69,1.9
1989-08-29,23.9,21.7,26.8,10250,6.8,2.56,2.0
1989-08-30,22.3,17.0,26.8,23790,0.0,1.89,1.5
1989-08-31,21.9,15.6,27.1,15650,0.0,2.09,2.7
1989-09-01,24.6,20.5,26.5,10710,13.5,2.48,3.9
1989-09-02,19.2,15.5,22.4,22010,0.0,1.49,2.8
1989-09-03,17.7,12.6,22.8,22970,0.0,1.35,2.6
1989-09-04,19.4,13.0,25.6,21140,0.0,1.56,2.4
1989-09-05,22.3,17.8,27.2,16090,0.1,2.14,1.4
1989-09-06,23.8,20.9,27.1,13000,0.2,2.26,2.5
1989-09-07,24.1,20.7,28.7,14870,2.4,2.38,2.5
1989-09-08,24.8,22.3,27.7,15090,3.0,2.46,3.4
1989-09-09,24.3,21.7,29.2,15140,39.3,2.6,3.3
1989-09-10,20.4,18.5,22.3,12120,1.2,1.88,2.6
1989-09-11,19.3,15.2,23.5,15500,0.0,1.63,1.5
1989-09-12,19.1,16.6,22.6,14000,0.2,1.64,2.4
1989-09-13,14.5,13.4,16.2,4790,1.8,1.27,3.1
1989-09-14,14.1,13.1,15.6,2530,38.0,1.46,4.0
1989-09-15,16.0,11.8,19.9,15130,0.0,1.32,3.0
1989-09-16,15.8,12.4,19.9,10650,1.4,1.3,2.2
1989-09-17,15.1,7.7,21.4,19440,0.0,1.27,0.8
1989-09-18,16.4,9.4,22.7,20580,0.0,1.34,1.8
1989-09-19,16.9,11.4,22.5,19740,0.0,1.42,1.8
1989-09-20,17.4,10.7,23.4,18950,0.0,1.47,1.8
1989-09-21,20.2,14.9,25.6,15020,0.0,1.78,2.0
1989-09-22,21.4,18.5,25.3,13050,0.0,1.95,2.7
1989-09-23,11.2,6.8,17.6,16240,0.9,0.73,5.1
1989-09-24,9.5,3.5,15.0,20150,0.0,0.7,1.6
1989-09-25,11.4,3.9,17.9,18590,0.0,0.84,1.6
1989-09-26,12.4,9.2,16.1,17110,0.0,0.9,3.8
1989-09-27,10.4,5.5,15.9,19460,0.0,0.79,2.6
1989-09-28,12.2,4.4,20.0,19430,0.0,0.89,2.0
1989-09-29,15.7,10.4,22.1,15910,0.0,1.17,2.4
1989-09-30,16.1,9.3,23.4,17870,0.0,1.31,2.0
1989-10-01,17.8,13.1,22.3,9720,0.2,1.72,2.4
1989-10-02,18.5,13.8,21.0,14130,0.0,1.62,3.3
1989-10-03,10.8,6.8,14.7,17850,0.0,0.76,2.7
1989-10-04,7.9,2.6,13.8,18580,0.0,0.57,1.7
1989-10-05,12.3,4.3,19.6,13910,1.3,0.78,3.5
1989-10-06,13.2,10.7,16.0,6990,1.6,1.08,3.2
1989-10-07,9.2,5.1,12.5,17560,0.0,0.6,2.4
1989-10-08,8.4,3.9,13.3,16660,0.0,0.59,2.7
1989-10-09,7.8,-0.1,14.5,15490,0.3,0.68,2.4
1989-10-10,12.8,9.0,16.0,15290,3.3,0.95,4.2
1989-10-11,13.7,5.9,21.8,16570,0.0,0.85,3.8
1989-10-12,19.2,16.4,23.0,16050,0.0,1.21,2.8
1989-10-13,18.0,10.1,26.3,15110,0.0,1.52,1.4
1989-10-14,20.6,15.6,27.7,15530,0.0,1.5,3.2
1989-10-15,20.7,16.4,25.9,13360,0.0,1.5,4.0
1989-10-16,18.8,12.5,25.1,9750,12.5,1.62,3.7
1989-10-17,9.2,7.5,12.1,1610,12.4,0.99,4.6
1989-10-18,6.0,3.4,8.1,11300,0.0,0.47,4.5
1989-10-19,1.9,0.9,4.1,3330,13.6,0.55,5.3
1989-10-20,1.5,0.6,3.0,4740,9.0,0.62,4.8
1989-10-21,6.0,2.1,12.3,14640,0.0,0.59,3.8
1989-10-22,8.0,1.4,16.4,14690,0.0,0.76,2.4
1989-10-23,14.0,9.0,21.1,11630,0.0,1.26,2.7
1989-10-24,17.2,13.0,23.1,12620,0.0,1.51,2.2
1989-10-25,17.6,14.4,22.5,9180,0.0,1.53,1.8
1989-10-26,15.9,10.7,22.4,13530,0.0,1.3,1.7
1989-10-27,15.6,10.4,22.5,13680,0.0,1.19,2.0
1989-10-28,14.5,8.8,22.1,12470,0.0,1.0,2.1
1989-10-29,15.3,10.6,21.9,12760,0.0,1.06,2.4
1989-10-30,15.9,11.2,22.0,12920,0.0,0.93,3.4
1989-10-31,8.9,5.6,16.0,6480,3.5,0.79,4.0
1989-11-01,6.9,1.7,12.4,11860,0.0,0.59,2.5
1989-11-02,5.4,2.6,7.5,7680,0.6,0.6,2.9
1989-11-03,1.4,-2.9,4.9,12030,0.0,0.38,1.9
1989-11-04,5.9,2.1,11.0,9730,0.4,0.48,4.5
1989-11-05,11.8,7.7,15.9,5710,2.5,0.97,5.9
1989-11-06,9.5,7.1,13.5,11470,0.0,0.81,2.4
1989-11-07,7.7,5.8,10.4,7510,9.5,0.85,2.4
1989-11-08,7.6,5.5,11.3,4430,0.8,0.86,2.3
1989-11-09,5.7,2.4,8.9,9650,1.1,0.48,4.9
1989-11-10,4.6,2.5,7.1,9290,0.2,0.56,3.8
1989-11-11,9.4,2.6,17.3,9550,0.0,0.71,3.9
1989-11-12,7.4,2.1,12.0,11290,0.0,0.59,2.4
1989-11-13,14.6,9.2,20.1,11070,0.0,1.08,5.3
1989-11-14,14.9,13.0,16.0,2560,9.5,1.38,4.2
1989-11-15,10.9,1.8,15.1,1000,39.0,1.35,4.3
1989-11-16,-0.7,-4.8,1.7,8340,2.3,0.38,6.1
1989-11-17,-3.5,-7.9,0.9,8430,0.4,0.28,4.6
1989-11-18,-4.8,-7.9,-1.3,10660,0.0,0.25,3.3
1989-11-19,2.4,-4.7,9.9,9740,0.0,0.5,4.0
1989-11-20,9.1,4.0,13.8,9450,0.0,0.74,5.5
1989-11-21,0.9,-1.7,3.2,8030,0.0,0.35,3.1
1989-11-22,-0.7,-2.9,3.0,7090,0.0,0.36,2.8
1989-11-23,-3.3,-5.7,-0.1,8840,0.0,0.3,2.9
1989-11-24,-0.7,-6.0,5.4,10200,0.0,0.34,3.8
1989-11-25,5.6,2.1,9.3,4170,0.2,0.64,4.5
1989-11-26,5.3,0.0,9.3,10040,0.0,0.73,1.6
1989-11-27,10.8,4.4,16.7,2020,2.1,1.16,5.5
1989-11-28,3.0,-1.0,10.6,4370,0.0,0.52,4.5
1989-11-29,-3.9,-7.4,-1.3,10150,0.0,0.23,3.5
1989-11-30,-0.4,-4.0,5.5,10090,0.0,0.37,3.3
1989-12-01,0.7,-3.6,6.7,9740,0.0,0.49,1.9
1989-12-02,0.2,-5.9,4.0,4600,0.0,0.36,6.2
1989-12-03,-6.8,-8.5,-4.2,9980,0.0,0.19,4.3
1989-12-04,-1.9,-7.3,3.9,7120,0.0,0.34,4.0
1989-12-05,2.3,-1.7,8.2,5320,0.0,0.61,1.9
1989-12-06,1.9,-2.4,3.5,3140,1.1,0.56,2.9
1989-12-07,-4.3,-7.2,-0.9,7380,0.0,0.24,2.3
1989-12-08,-4.3,-5.9,-1.5,8570,0.0,0.23,2.5
1989-12-09,-4.3,-9.0,1.6,8950,0.0,0.28,2.2
1989-12-10,-1.8,-4.9,2.5,5760,0.2,0.41,1.6
1989-12-11,-2.8,-7.6,-0.3,5870,1.7,0.4,2.7
1989-12-12,-10.5,-13.7,-8.1,9670,0.0,0.15,2.2
1989-12-13,-8.9,-14.1,-3.8,7790,1.0,0.16,1.8
1989-12-14,-10.7,-13.3,-4.8,8510,0.2,0.18,3.8
1989-12-15,-16.1,-19.7,-13.1,8820,2.1,0.12,3.1
1989-12-16,-18.6,-21.4,-16.3,9780,0.0,0.1,2.8
1989-12-17,-17.6,-25.1,-10.9,9310,0.0,0.11,2.3
1989-12-18,-12.5,-15.9,-8.5,9510,0.0,0.15,1.8
1989-12-19,-12.4,-18.7,-10.2,8290,2.9,0.19,2.4
1989-12-20,-19.4,-23.2,-16.0,9410,0.9,0.11,1.9
1989-12-21,-22.9,-28.6,-16.0,10000,0.1,0.08,3.7
1989-12-22,-27.2,-29.5,-23.6,9970,0.0,0.05,2.6
1989-12-23,-24.4,-27.3,-19.9,9020,0.0,0.06,1.9
1989-12-24,-18.0,-26.0,-11.8,6670,0.0,0.12,3.3
1989-12-25,-7.0,-11.8,-0.1,4540,1.4,0.33,4.3
1989-12-26,-10.9,-15.3,0.1,9930,1.2,0.23,3.6
1989-12-27,-5.5,-12.6,-0.9,5490,0.6,0.36,3.6
1989-12-28,-2.4,-7.5,1.5,7320,0.0,0.47,2.4
1989-12-29,1.7,1.1,2.6,3070,3.3,0.63,2.3
1989-12-30,2.6,0.8,5.6,1130,4.0,0.73,2.5
1989-12-31,0.1,-1.1,3.0,2930,2.2,0.55,3.1
1990-01-01,-2.2,-4.1,-0.3,5010,0.0,0.38,3.2
1990-01-02,-0.6,-4.2,5.1,9390,0.0,0.39,4.3
1990-01-03,4.0,0.2,9.3,9030,0.0,0.61,4.8
1990-01-04,5.3,-1.2,9.1,2400,8.2,0.78,4.8
1990-01-05,-2.2,-6.2,2.7,9490,0.0,0.39,1.7
1990-01-06,-1.0,-3.5,4.0,9650,0.0,0.43,2.0
1990-01-07,1.2,-2.7,8.1,9550,0.0,0.5,3.1
1990-01-08,2.2,-2.4,8.8,9540,0.0,0.49,3.6
1990-01-09,4.2,2.6,7.1,3750,6.2,0.67,4.9
1990-01-10,0.8,-2.4,3.4,9830,0.0,0.46,3.9
1990-01-11,3.2,0.5,5.5,9690,0.0,0.39,6.6
1990-01-12,-1.9,-4.2,0.1,7620,0.0,0.25,5.7
1990-01-13,-4.2,-7.7,-0.1,9740,0.0,0.24,2.6
1990-01-14,1.9,-4.1,6.5,8630,0.0,0.4,4.4
1990-01-15,6.0,2.4,11.9,8670,0.0,0.81,3.3
1990-01-16,10.7,7.1,15.3,4570,0.0,1.17,3.9
1990-01-17,12.6,11.2,13.7,1230,15.7,1.33,4.8
1990-01-18,2.3,-3.4,11.6,6840,3.1,0.59,3.6
1990-01-19,-1.4,-5.5,2.1,5160,1.6,0.37,2.2
1990-01-20,3.1,0.3,5.6,1230,16.1,0.74,2.5
1990-01-21,1.5,0.6,3.8,4250,0.5,0.52,4.5
1990-01-22,2.3,-1.2,7.7,9260,0.0,0.52,3.7
1990-01-23,3.8,-3.2,10.2,3950,0.8,0.63,4.3
1990-01-24,7.0,2.5,11.4,10880,0.0,0.61,3.9
1990-01-25,3.5,-3.6,9.0,3540,9.3,0.7,6.7
1990-01-26,-1.9,-6.6,3.8,11890,0.0,0.38,3.3
1990-01-27,5.3,0.1,12.0,10700,0.0,0.53,6.6
1990-01-28,-1.1,-4.2,3.6,12110,0.0,0.27,1.8
1990-01-29,-0.4,-3.5,4.7,10350,0.1,0.35,1.9
1990-01-30,1.8,-3.7,7.9,11440,0.0,0.45,3.6
1990-01-31,1.3,-5.2,8.8,12370,0.0,0.54,2.6
1990-02-01,6.4,3.4,7.7,1130,15.9,0.82,4.1
1990-02-02,3.5,1.3,6.7,2600,9.1,0.72,2.8
1990-02-03,2.4,0.7,4.7,2650,0.1,0.61,2.0
1990-02-04,0.6,-3.2,3.6,9790,2.2,0.52,3.2
1990-02-05,1.9,-4.4,9.0,12390,0.0,0.5,4.2
1990-02-06,3.9,-1.3,9.0,8460,0.8,0.62,2.9
1990-02-07,5.1,2.4,9.2,11670,0.2,0.73,2.0
1990-02-08,8.1,2.6,15.2,13030,0.0,0.81,5.3
1990-02-09,10.3,5.8,13.4,10120,4.8,0.92,3.7
1990-02-10,2.4,-3.7,6.4,12620,0.0,0.33,2.1
1990-02-11,2.5,-0.5,5.3,11100,0.0,0.44,2.0
1990-02-12,4.3,-4.2,12.1,13620,0.0,0.56,3.2
1990-02-13,11.3,1.0,15.5,6940,0.2,0.77,5.7
1990-02-14,-1.2,-2.0,0.7,1210,14.6,0.48,4.6
1990-02-15,1.1,-1.1,3.5,1520,34.2,0.65,3.0
1990-02-16,0.8,-4.0,2.5,6340,0.2,0.51,4.3
1990-02-17,-4.1,-6.7,-1.0,10370,0.0,0.26,2.9
1990-02-18,1.2,-4.1,8.7,15570,0.0,0.39,3.9
1990-02-19,-1.6,-5.4,2.6,16030,0.0,0.35,3.0
1990-02-20,-3.0,-7.6,3.2,16170,0.0,0.28,1.4
1990-02-21,3.0,-3.5,11.6,14980,0.0,0.41,2.8
1990-02-22,7.1,3.4,10.6,1560,54.0,0.92,1.7
1990-02-23,1.4,-0.8,4.2,10230,1.1,0.5,3.5
1990-02-24,-3.4,-9.2,0.9,13500,3.3,0.34,7.1
1990-02-25,-11.0,-14.6,-8.1,15390,0.0,0.13,2.6
1990-02-26,-4.9,-11.0,0.4,9180,0.0,0.22,3.4
1990-02-27,2.4,-1.7,6.4,15280,0.2,0.5,2.8
1990-02-28,-2.5,-5.9,1.6,14950,0.0,0.3,2.2
1990-03-01,-1.2,-7.0,6.3,18010,0.0,0.31,1.5
1990-03-02,3.2,-2.9,11.8,17880,0.0,0.47,2.9
1990-03-03,-0.6,-5.3,2.3,16600,0.0,0.36,3.2
1990-03-04,-1.0,-6.4,5.8,17720,0.0,0.3,2.0
1990-03-05,5.1,1.3,11.0,10030,0.0,0.55,2.2
1990-03-06,-0.3,-3.2,2.3,7600,0.2,0.4,4.5
1990-03-07,0.4,-5.5,7.7,13160,0.0,0.28,4.3
1990-03-08,6.4,2.9,10.1,2180,16.3,0.82,4.3
1990-03-09,11.7,8.3,16.0,17540,0.4,1.07,3.3
1990-03-10,14.0,7.9,19.5,4760,4.8,1.5,3.1
1990-03-11,19.0,15.5,24.2,15200,0.7,1.75,4.2
1990-03-12,19.3,17.2,23.5,10680,0.1,1.64,5.7
1990-03-13,19.0,15.4,23.8,13750,0.3,1.8,4.1
1990-03-14,19.3,16.2,22.6,11310,0.0,1.43,4.5
1990-03-15,16.5,10.0,19.8,4410,5.5,1.32,5.4
1990-03-16,10.9,6.2,16.0,19000,0.7,0.89,3.2
1990-03-17,7.4,4.4,10.7,14690,0.0,0.58,5.0
1990-03-18,4.8,-0.7,9.5,17300,1.7,0.48,4.7
1990-03-19,-0.9,-4.6,2.9,17460,0.4,0.32,3.6
1990-03-20,-1.2,-7.0,5.5,21590,0.0,0.32,1.5
1990-03-21,5.4,-1.9,13.4,20190,0.0,0.51,4.1
1990-03-22,9.6,7.4,12.9,8900,4.4,0.81,4.9
1990-03-23,2.0,-1.5,7.6,15800,0.0,0.36,3.8
1990-03-24,-1.0,-4.1,2.2,14700,1.8,0.3,1.8
1990-03-25,0.9,-4.7,6.5,22150,0.0,0.34,2.5
1990-03-26,1.6,-2.2,6.1,19230,0.0,0.39,3.0
1990-03-27,0.9,-5.6,7.7,22790,0.0,0.35,1.1
1990-03-28,3.8,-1.7,8.9,8140,0.2,0.41,2.8
1990-03-29,6.5,4.2,9.5,3240,11.2,0.85,3.0
1990-03-30,8.8,7.7,10.5,2750,11.0,1.08,2.2
1990-03-31,9.6,7.3,12.9,5560,3.6,1.09,1.6
1990-04-01,11.3,8.4,15.3,13490,3.2,1.1,2.2
1990-04-02,4.8,2.1,10.6,5710,1.9,0.64,5.5
1990-04-03,2.4,-0.5,7.5,15050,0.0,0.49,4.4
1990-04-04,4.7,-2.8,12.2,14410,1.1,0.63,2.1
1990-04-05,5.3,0.2,11.1,18760,0.2,0.61,3.3
1990-04-06,1.4,-4.2,6.4,19090,0.0,0.32,3.6
1990-04-07,0.5,-5.5,6.5,24080,0.0,0.28,2.8
1990-04-08,5.8,-3.5,15.1,24520,0.0,0.49,3.2
1990-04-09,9.0,4.9,13.0,7120,1.8,0.66,3.7
1990-04-10,7.8,2.7,11.3,2010,23.0,0.94,4.3
1990-04-11,2.9,-1.4,7.3,20760,2.7,0.49,3.1
1990-04-12,1.7,-3.0,5.7,17330,0.0,0.37,2.1
1990-04-13,5.5,0.1,11.0,13930,6.7,0.62,2.9
1990-04-14,8.0,5.3,8.9,7260,4.9,0.83,3.8
1990-04-15,7.8,2.4,12.8,10600,0.0,0.79,2.7
1990-04-16,10.4,3.0,16.9,17550,0.0,0.87,2.8
1990-04-17,5.3,0.6,10.8,25390,0.0,0.5,4.3
1990-04-18,3.9,-3.1,10.9,26990,0.0,0.39,1.8
1990-04-19,9.0,2.8,15.5,17640,0.5,0.68,3.5
1990-04-20,13.9,11.0,16.7,6630,14.4,1.43,3.6
1990-04-21,14.9,10.7,19.5,17650,0.3,1.29,2.6
1990-04-22,13.5,4.6,20.9,26030,0.0,1.02,1.6
1990-04-23,16.7,8.3,24.6,24520,0.0,1.21,2.4
1990-04-24,20.7,15.1,27.0,23180,0.3,1.66,3.5
1990-04-25,22.1,16.9,28.0,23260,0.9,1.9,2.9
1990-04-26,21.3,16.1,26.3,24080,0.0,1.67,3.5
1990-04-27,21.5,16.2,26.3,23940,0.0,1.47,3.9
1990-04-28,18.1,12.8,20.9,10340,5.5,1.39,4.4
1990-04-29,14.8,10.6,20.0,23130,0.0,1.1,2.7
1990-04-30,15.9,13.4,19.1,9690,0.9,1.24,2.7
1990-05-01,12.1,6.8,17.0,23050,0.0,0.74,2.3
1990-05-02,11.8,5.4,16.6,21880,0.0,0.65,1.7
1990-05-03,10.0,8.9,11.3,2950,15.4,0.84,3.5
1990-05-04,14.2,9.1,21.5,15990,10.3,1.39,4.3
1990-05-05,10.7,6.9,16.1,16990,0.0,0.84,3.8
1990-05-06,12.9,8.6,17.9,23810,17.7,0.94,1.7
1990-05-07,16.1,9.5,22.8,27150,0.0,1.05,4.1
1990-05-08,19.3,14.0,24.4,25670,0.0,1.31,5.1
1990-05-09,19.5,14.8,23.8,24060,2.1,1.47,5.4
1990-05-10,9.9,6.5,16.8,18420,9.7,0.83,7.7
1990-05-11,11.0,3.7,16.5,25410,0.0,0.66,2.3
1990-05-12,12.0,9.7,15.6,3870,35.9,1.22,2.9
1990-05-13,13.1,10.1,15.7,8360,5.2,1.25,2.9
1990-05-14,13.8,7.6,20.2,14230,1.0,1.2,3.0
1990-05-15,18.9,16.0,22.8,9190,14.4,1.86,3.1
1990-05-16,21.2,18.4,25.3,10230,15.3,2.15,5.2
1990-05-17,16.6,13.2,18.6,26140,9.6,1.1,6.2
1990-05-18,16.8,11.2,22.2,29390,0.0,0.93,4.1
1990-05-19,17.5,12.1,22.5,9670,3.2,1.48,3.8
1990-05-20,18.6,11.1,22.0,22230,2.1,1.66,3.9
1990-05-21,12.7,10.9,13.9,5960,0.1,1.14,3.2
1990-05-22,13.3,9.5,16.9,19660,0.0,0.97,2.6
1990-05-23,13.9,6.7,18.5,16690,0.0,1.06,1.3
1990-05-24,15.4,7.5,21.1,22130,0.0,1.2,1.4
1990-05-25,15.5,13.2,17.6,4710,27.5,1.59,2.7
1990-05-26,17.1,13.9,20.2,10300,2.6,1.63,2.5
1990-05-27,17.7,12.7,22.2,20600,0.0,1.43,2.5
1990-05-28,17.4,13.6,22.1,15500,0.0,1.28,3.5
1990-05-29,16.2,11.3,21.9,29430,0.0,1.2,3.7
1990-05-30,13.3,8.0,18.8,28920,0.0,0.87,2.3
1990-05-31,14.9,6.9,21.6,30730,0.0,0.98,2.0
1990-06-01,20.2,12.8,27.2,24690,0.0,1.52,3.6
1990-06-02,22.6,20.6,25.8,11150,3.0,2.27,5.9
1990-06-03,18.8,12.0,25.3,26650,1.8,1.26,6.2
1990-06-04,11.9,9.5,14.9,18970,0.0,0.87,3.2
1990-06-05,12.6,4.7,18.8,19990,0.0,0.99,3.0
1990-06-06,20.7,16.8,25.4,16840,0.4,1.83,3.3
1990-06-07,21.6,15.6,26.7,23660,3.1,2.0,1.9
1990-06-08,23.3,19.7,28.0,16570,13.5,2.39,3.3
1990-06-09,22.5,19.3,26.1,27470,6.7,1.92,2.6
1990-06-10,18.9,15.1,22.6,26640,0.0,1.52,3.0
1990-06-11,18.7,11.4,24.6,27430,0.0,1.48,1.5
1990-06-12,21.4,16.0,26.9,29120,0.0,1.6,4.0
1990-06-13,24.4,18.8,29.7,29580,0.0,1.9,4.2
1990-06-14,24.1,21.3,28.2,15800,12.0,2.41,2.2
1990-06-15,23.8,18.3,28.8,24740,0.0,2.2,2.3
1990-06-16,24.0,17.7,29.8,24290,0.0,2.06,2.4
1990-06-17,26.9,22.6,31.0,25250,0.7,2.65,3.6
1990-06-18,24.6,20.1,27.8,29620,2.2,2.09,3.8
1990-06-19,20.3,14.6,24.9,25170,0.0,1.52,2.0
1990-06-20,21.4,19.4,23.9,8670,13.3,2.09,2.8
1990-06-21,22.8,17.0,27.5,25760,0.0,1.94,2.8
1990-06-22,20.0,16.8,21.8,12610,9.0,1.79,4.5
1990-06-23,17.3,15.3,20.1,14960,2.3,1.56,4.7
1990-06-24,18.3,12.8,23.1,29430,0.0,1.44,2.0
1990-06-25,19.7,11.7,26.4,29100,0.0,1.47,1.7
1990-06-26,21.6,16.8,27.0,23760,1.7,1.78,2.8
1990-06-27,23.7,17.5,29.5,26370,0.6,2.3,1.2
1990-06-28,25.4,20.3,29.8,24980,0.0,2.3,2.6
1990-06-29,25.9,22.6,29.3,18850,4.2,2.48,3.4
1990-06-30,26.1,22.3,29.9,22080,2.7,2.73,2.3
1990-07-01,23.2,19.0,26.1,28530,3.2,2.15,2.9
1990-07-02,21.3,15.7,26.6,29760,0.0,1.77,1.9
1990-07-03,23.8,17.3,29.9,29370,0.0,1.8,3.2
1990-07-04,28.7,23.5,34.4,28480,0.0,2.38,4.1
1990-07-05,27.0,23.2,30.3,24110,0.0,2.38,2.4
1990-07-06,20.9,16.8,24.4,28760,0.0,1.61,2.9
1990-07-07,21.4,15.9,27.1,28770,0.0,1.54,2.6
1990-07-08,26.7,19.7,33.9,27160,0.0,2.03,3.5
1990-07-09,28.3,25.1,32.2,23590,6.4,2.69,2.6
1990-07-10,23.7,21.8,27.0,10290,20.2,2.6,0.9
1990-07-11,21.4,19.3,22.6,5520,33.1,2.39,2.2
1990-07-12,20.0,17.9,22.4,13460,0.0,1.68,4.0
1990-07-13,16.9,16.3,19.2,5250,6.2,1.44,4.5
1990-07-14,18.8,16.1,22.7,13650,3.0,1.87,1.8
1990-07-15,18.0,14.4,21.4,21330,1.3,1.7,3.1
1990-07-16,22.0,15.8,28.0,27900,0.0,1.87,3.7
1990-07-17,23.8,19.2,28.0,28230,0.0,1.82,3.2
1990-07-18,24.2,18.9,28.6,26040,0.0,2.08,2.7
1990-07-19,25.2,20.0,30.3,26260,0.3,2.33,2.3
1990-07-20,24.1,21.6,27.4,15780,18.3,2.46,2.4
1990-07-21,23.1,20.1,26.6,19740,2.0,2.26,1.2
1990-07-22,20.7,18.5,22.2,9980,18.9,2.17,2.6
1990-07-23,19.7,14.9,24.1,21590,0.6,1.86,1.5
1990-07-24,20.2,13.7,24.6,25100,0.0,1.68,0.9
1990-07-25,21.4,14.4,26.3,25880,0.0,1.75,1.2
1990-07-26,22.3,17.0,27.3,25210,0.0,1.84,2.4
1990-07-27,23.2,17.7,28.3,23750,0.0,1.96,2.1
1990-07-28,24.4,19.2,29.1,23230,0.0,2.1,1.8
1990-07-29,24.9,20.7,30.2,21880,9.9,2.39,2.6
1990-07-30,23.1,19.0,26.5,18510,1.6,2.39,3.1
1990-07-31,18.6,15.4,21.9,27310,0.0,1.46,3.3
1990-08-01,18.5,12.1,24.4,26840,0.0,1.48,1.6
1990-08-02,20.6,13.6,26.2,25920,0.0,1.54,1.3
1990-08-03,22.4,15.5,28.2,22430,0.0,1.82,1.9
1990-08-04,22.3,20.5,24.5,7820,33.7,2.33,2.4
1990-08-05,21.7,18.9,24.7,19990,0.9,2.18,2.8
1990-08-06,17.6,14.8,20.4,23970,0.0,1.43,3.7
1990-08-07,16.8,11.8,21.6,18840,0.0,1.34,2.1
1990-08-08,18.4,11.9,24.2,26690,0.0,1.41,1.1
1990-08-09,19.9,12.6,26.0,25700,0.0,1.52,1.6
1990-08-10,20.9,14.2,26.1,22270,0.0,1.64,1.2
1990-08-11,21.9,16.7,25.9,18720,0.2,2.04,0.9
1990-08-12,22.3,18.8,27.4,15430,19.8,2.17,1.8
1990-08-13,20.1,16.8,23.5,21340,11.7,1.84,2.9
1990-08-14,18.2,11.2,23.5,24580,0.0,1.48,1.1
1990-08-15,20.5,15.3,25.6,18400,0.1,1.74,1.8
1990-08-16,22.1,16.9,26.7,21080,0.0,2.03,1.8
1990-08-17,23.0,19.4,27.0,10790,0.1,2.4,2.2
1990-08-18,26.8,22.7,31.5,22420,1.1,2.74,2.8
1990-08-19,26.6,23.1,30.5,21100,6.4,2.68,1.5
1990-08-20,24.5,22.0,29.2,13920,35.3,2.72,2.2
1990-08-21,22.7,20.7,25.8,10880,11.5,2.55,2.0
1990-08-22,20.9,18.8,23.4,8050,0.3,2.07,3.3
1990-08-23,21.6,19.2,24.4,14360,0.0,1.98,1.6
1990-08-24,21.9,18.0,26.5,20020,0.0,2.03,1.5
1990-08-25,23.2,17.9,28.5,23330,0.0,2.16,1.8
1990-08-26,24.5,18.8,30.2,23880,0.0,2.31,1.4
1990-08-27,25.9,19.4,32.0,23430,0.0,2.49,2.0
1990-08-28,26.8,22.2,33.3,21760,17.8,2.6,3.2
1990-08-29,23.4,20.1,28.4,17750,3.8,2.35,1.5
1990-08-30,21.2,15.8,26.0,22320,0.0,1.77,1.6
1990-08-31,21.7,15.2,27.9,22790,0.0,1.86,1.6
1990-09-01,24.2,18.5,30.1,22630,0.0,2.13,2.1
1990-09-02,24.5,20.7,29.6,19340,0.0,2.24,2.2
1990-09-03,22.2,17.6,26.7,21300,0.0,1.87,2.2
1990-09-04,23.9,17.7,30.3,21570,0.0,2.11,2.1
1990-09-05,26.9,23.1,31.6,19880,0.3,2.7,2.1
1990-09-06,27.1,23.3,33.1,19630,1.7,2.62,2.7
1990-09-07,24.5,21.8,26.4,11540,5.7,2.42,2.7
1990-09-08,21.3,17.3,24.7,10650,2.6,2.01,3.0
1990-09-09,22.0,18.8,26.1,13800,5.0,2.11,1.4
1990-09-10,22.6,18.0,27.4,16900,0.0,2.16,1.1
1990-09-11,22.7,19.3,27.1,17150,2.1,2.24,2.4
1990-09-12,22.9,18.8,27.1,15940,0.1,2.21,1.3
1990-09-13,22.8,18.5,27.3,15690,0.0,2.21,1.7
1990-09-14,21.7,18.7,24.8,13560,14.0,2.06,4.9
1990-09-15,17.9,15.3,21.1,19610,0.0,1.22,2.5
1990-09-16,15.8,13.2,18.8,16100,0.7,1.25,3.4
1990-09-17,13.2,8.9,17.5,19870,0.0,0.96,2.1
1990-09-18,13.8,10.7,17.2,7390,1.6,1.07,2.8
1990-09-19,16.6,15.3,18.1,6880,7.1,1.51,2.7
1990-09-20,16.1,12.7,19.9,15650,0.0,1.31,1.1
1990-09-21,16.1,13.0,18.6,3670,5.2,1.58,2.9
1990-09-22,14.9,10.0,20.5,17140,0.9,1.04,3.9
1990-09-23,10.8,8.1,12.7,12410,0.0,0.74,4.3
1990-09-24,11.5,5.5,17.5,19810,0.0,0.78,3.3
1990-09-25,16.2,10.6,23.4,19080,0.0,1.15,4.6
1990-09-26,18.7,12.0,25.6,18860,0.0,1.43,1.7
1990-09-27,19.3,13.0,26.7,18690,0.0,1.42,2.0
1990-09-28,20.7,16.6,26.6,14900,1.4,1.58,2.3
1990-09-29,18.1,15.5,21.0,7530,1.3,1.77,3.0
1990-09-30,14.4,10.6,18.1,17230,1.6,1.11,2.4
1990-10-01,13.7,6.6,20.8,12250,0.0,1.08,3.0
1990-10-02,14.7,6.9,22.1,18280,0.0,0.95,2.3
1990-10-03,20.1,16.0,26.2,8910,18.0,1.62,5.2
1990-10-04,16.3,10.2,20.7,16650,16.3,1.15,4.5
1990-10-05,19.3,13.6,26.3,17430,0.0,1.23,4.6
1990-10-06,21.2,17.3,26.4,16490,0.0,1.4,5.2
1990-10-07,18.0,14.1,20.0,3730,6.9,1.61,3.4
1990-10-08,13.9,12.0,17.4,2660,9.7,1.48,2.5
1990-10-09,9.3,8.3,12.8,850,30.5,1.13,3.7
1990-10-10,7.9,5.6,9.1,2590,11.6,0.96,4.1
1990-10-11,7.4,1.8,13.3,16980,0.0,0.73,1.5
1990-10-12,8.9,3.3,15.3,13420,0.0,0.88,1.8
1990-10-13,10.1,3.9,16.7,16070,0.0,0.93,1.3
1990-10-14,13.9,9.0,19.9,13670,2.4,1.16,3.8
1990-10-15,11.7,6.8,16.3,15510,0.0,0.81,2.6
1990-10-16,12.2,5.4,19.2,10550,0.0,0.95,3.0
1990-10-17,19.8,16.4,24.5,14160,2.4,1.59,6.1
1990-10-18,8.5,5.6,18.0,4220,10.4,0.74,6.8
1990-10-19,5.9,0.6,11.0,15010,0.0,0.58,1.8
1990-10-20,10.2,4.7,17.4,15230,0.0,0.76,3.8
1990-10-21,12.3,9.2,15.8,5260,1.2,1.05,4.0
1990-10-22,9.4,6.2,13.2,12630,0.9,0.87,2.1
1990-10-23,7.3,0.9,13.6,14430,0.0,0.73,1.4
1990-10-24,9.5,6.1,14.0,11980,0.0,0.83,2.7
1990-10-25,6.3,2.5,10.2,10640,0.0,0.66,3.1
1990-10-26,5.2,-0.3,10.5,14070,0.0,0.6,1.2
1990-10-27,9.4,4.3,16.7,13070,0.0,0.68,4.8
1990-10-28,6.4,2.9,9.7,13200,0.0,0.54,2.9
1990-10-29,5.8,-0.6,13.3,13710,0.0,0.6,2.5
1990-10-30,12.4,7.3,20.2,13050,0.0,0.87,3.7
1990-10-31,14.2,8.9,21.3,12700,0.0,1.11,2.6
1990-11-01,14.7,9.2,21.1,13090,0.0,1.02,3.6
1990-11-02,16.1,12.9,20.5,10130,0.0,1.1,4.5
1990-11-03,16.3,12.5,20.8,11370,0.0,1.22,3.5
1990-11-04,13.1,9.2,16.1,4410,3.8,1.21,2.8
1990-11-05,9.7,4.4,14.5,1210,14.9,1.1,4.8
1990-11-06,4.4,0.6,7.6,11210,0.0,0.59,1.6
1990-11-07,3.6,-0.7,6.0,7620,0.0,0.56,2.3
1990-11-08,1.1,-4.6,5.9,10390,0.0,0.42,1.8
1990-11-09,3.8,3.2,4.8,3160,1.1,0.57,1.5
1990-11-10,5.1,-0.7,11.5,11510,0.0,0.65,2.8
1990-11-11,4.3,-3.2,11.1,8970,0.0,0.51,3.1
1990-11-12,3.3,-0.7,8.1,11560,0.0,0.47,2.1
1990-11-13,3.1,-1.9,9.0,10960,0.0,0.48,1.4
1990-11-14,8.3,2.0,17.0,11210,0.0,0.75,3.4
1990-11-15,13.9,10.1,20.0,11010,0.0,1.15,4.6
1990-11-16,12.9,8.2,15.9,7120,0.3,0.97,5.0
1990-11-17,5.8,1.6,10.2,10880,0.0,0.59,2.1
1990-11-18,4.9,1.8,9.6,7170,0.0,0.6,2.3
1990-11-19,7.9,5.6,10.9,3730,0.0,0.71,1.3
1990-11-20,9.4,5.7,14.8,8560,0.0,0.88,2.4
1990-11-21,14.3,9.4,20.2,8240,0.6,1.17,5.4
1990-11-22,10.7,4.7,15.4,6280,9.6,0.93,2.6
1990-11-23,7.1,3.8,12.0,10140,0.0,0.51,5.4
1990-11-24,7.9,3.6,13.3,8970,0.0,0.66,3.1
1990-11-25,10.3,6.6,15.2,9200,0.0,0.77,2.4
1990-11-26,11.2,3.8,18.2,2290,1.0,1.22,3.6
1990-11-27,19.1,18.4,19.9,1680,5.9,1.87,6.8
1990-11-28,5.9,-0.2,19.3,7370,23.4,0.71,5.1
1990-11-29,-0.1,-3.0,3.9,9990,0.0,0.39,2.8
1990-11-30,2.5,-2.1,8.1,9870,0.0,0.43,4.9
1990-12-01,5.9,4.0,8.2,3730,1.0,0.51,4.5
1990-12-02,2.9,0.7,5.7,4680,3.2,0.54,4.2
1990-12-03,5.4,0.5,12.9,3010,20.7,0.78,6.6
1990-12-04,-3.1,-5.5,-0.7,5100,0.0,0.3,5.5
1990-12-05,-2.0,-7.9,4.6,9340,0.0,0.34,3.8
1990-12-06,1.9,-1.2,4.1,5130,0.0,0.51,2.8
1990-12-07,-1.4,-6.2,4.9,9550,0.0,0.37,2.5
1990-12-08,1.3,-2.9,7.4,9090,0.0,0.48,2.1
1990-12-09,3.7,-1.7,11.4,9080,0.0,0.6,3.0
1990-12-10,4.6,0.1,10.1,8870,0.0,0.65,2.2
1990-12-11,5.9,1.2,13.0,9090,0.0,0.71,3.5
1990-12-12,9.4,5.5,13.3,7000,0.0,0.94,4.7
1990-12-13,2.2,-0.7,11.6,7340,0.3,0.49,4.0
1990-12-14,-0.2,-4.7,4.3,8800,1.3,0.4,2.7
1990-12-15,6.5,2.0,11.3,5620,9.5,0.8,5.1
1990-12-16,1.7,-0.5,3.7,6970,0.0,0.51,2.4
1990-12-17,4.2,1.6,8.4,750,13.3,0.73,3.0
1990-12-18,2.9,0.7,8.5,1650,8.6,0.71,2.7
1990-12-19,0.3,-1.0,1.7,5980,0.0,0.5,1.7
1990-12-20,4.0,-0.7,9.6,8000,0.0,0.69,3.4
1990-12-21,11.9,8.5,14.8,1090,18.2,1.36,2.6
1990-12-22,-2.9,-8.6,10.2,5270,3.7,0.41,3.3
1990-12-23,-10.1,-12.4,-8.7,4600,4.6,0.18,3.4
1990-12-24,-15.9,-20.2,-12.7,9550,1.0,0.13,3.6
1990-12-25,-10.9,-16.9,-6.0,9180,0.0,0.21,4.1
1990-12-26,-16.0,-19.1,-11.2,9440,0.0,0.11,1.9
1990-12-27,-10.0,-17.9,-3.2,3870,10.3,0.25,3.1
1990-12-28,-0.6,-3.3,4.5,5650,0.1,0.57,3.0
1990-12-29,9.1,1.5,13.3,580,31.5,1.16,5.0
1990-12-30,-4.4,-13.6,1.1,2070,25.9,0.41,3.4
1990-12-31,-13.7,-17.6,-9.4,9650,0.0,0.13,2.4
1991-01-01,-5.4,-10.4,1.1,9360,0.0,0.26,3.1
1991-01-02,-3.9,-7.8,0.1,7490,0.0,0.36,1.9
1991-01-03,-9.2,-12.8,-3.9,9380,0.0,0.19,2.3
1991-01-04,-8.6,-12.7,-3.4,8990,0.0,0.13,1.4
1991-01-05,-1.8,-5.5,1.1,1730,6.9,0.43,3.2
1991-01-06,-2.7,-5.5,0.2,5170,0.0,0.45,2.3
1991-01-07,-4.2,-6.9,-1.5,9810,0.0,0.36,3.4
1991-01-08,-2.8,-6.4,1.7,7450,0.0,0.4,2.6
1991-01-09,-1.2,-3.7,0.0,4530,0.1,0.5,2.2
1991-01-10,-2.6,-4.4,-1.0,3110,2.5,0.43,3.7
1991-01-11,0.5,-0.8,1.5,960,13.9,0.61,2.7
1991-01-12,-2.2,-4.4,-0.3,4940,0.2,0.48,3.4
1991-01-13,-3.1,-5.0,-0.2,5260,0.2,0.42,3.7
1991-01-14,1.2,-1.4,5.6,9960,0.5,0.57,4.2
1991-01-15,3.1,0.2,8.1,7060,2.7,0.65,2.4
1991-01-16,2.2,0.2,3.5,1790,8.4,0.68,3.1
1991-01-17,-3.3,-5.7,-0.4,3500,0.0,0.41,3.5
1991-01-18,-1.3,-4.1,2.9,10350,0.0,0.41,3.4
1991-01-19,1.9,-2.1,8.2,7090,0.3,0.61,3.9
1991-01-20,0.6,-7.9,2.9,2990,3.4,0.57,3.6
1991-01-21,-9.1,-11.8,-7.1,10120,0.0,0.18,4.3
1991-01-22,-11.5,-16.5,-6.5,11700,0.0,0.14,3.4
1991-01-23,-2.2,-6.5,2.8,8780,0.0,0.34,5.6
1991-01-24,-7.9,-10.8,-5.4,10480,0.0,0.18,2.9
1991-01-25,-9.9,-14.1,-5.7,11470,0.0,0.12,1.1
1991-01-26,-6.3,-8.1,-3.5,9480,1.2,0.24,2.4
1991-01-27,-4.3,-8.9,0.7,4550,1.0,0.36,3.7
1991-01-28,-3.5,-8.5,3.6,12240,0.0,0.35,2.6
1991-01-29,-3.5,-7.3,0.3,5510,2.9,0.41,1.5
1991-01-30,-4.9,-7.7,-3.1,7440,0.4,0.34,3.0
1991-01-31,-8.1,-10.8,-4.5,13020,0.0,0.23,3.5
1991-02-01,-1.8,-7.5,4.9,12330,0.0,0.38,4.1
1991-02-02,3.4,0.3,9.1,12700,0.0,0.52,4.1
1991-02-03,4.6,-0.5,12.1,13070,0.0,0.56,3.5
1991-02-04,7.7,2.6,15.4,11170,0.0,0.83,3.6
1991-02-05,5.9,2.0,8.9,4650,0.0,0.9,1.4
1991-02-06,3.8,1.7,4.6,1840,3.3,0.78,3.4
1991-02-07,0.9,-0.7,3.0,5790,0.0,0.59,2.7
1991-02-08,1.3,-3.2,7.9,13260,0.0,0.54,2.3
1991-02-09,2.0,-2.8,9.8,12450,0.0,0.59,2.3
1991-02-10,-0.1,-3.2,3.8,14190,0.0,0.39,2.9
1991-02-11,-3.2,-6.5,1.1,14340,0.0,0.21,2.8
1991-02-12,-3.2,-8.0,4.2,14270,0.0,0.25,1.8
1991-02-13,2.4,-1.2,5.9,2080,7.8,0.69,2.0
1991-02-14,-2.1,-6.9,-0.1,5770,6.5,0.43,4.9
1991-02-15,-11.6,-14.4,-7.3,13410,0.0,0.15,5.9
1991-02-16,-9.4,-16.5,-1.5,13940,0.0,0.16,4.4
1991-02-17,1.2,-1.2,5.1,7850,0.0,0.45,3.7
1991-02-18,6.0,1.0,13.0,1710,2.6,0.96,3.7
1991-02-19,6.7,1.1,12.7,5390,4.3,0.89,3.5
1991-02-20,1.9,-4.0,8.2,15690,0.0,0.44,3.9
1991-02-21,6.8,0.9,14.8,15110,0.0,0.62,3.8
1991-02-22,3.2,-3.2,6.5,14350,0.0,0.52,4.0
1991-02-23,-1.4,-5.7,4.0,16040,0.0,0.3,2.9
1991-02-24,1.3,-1.7,5.2,13250,0.0,0.4,2.9
1991-02-25,-3.4,-6.3,-1.2,11730,0.0,0.28,2.7
1991-02-26,-4.8,-8.5,-0.4,13400,0.0,0.22,1.7
1991-02-27,-2.2,-6.0,1.8,9190,1.0,0.33,3.0
1991-02-28,5.5,-1.4,13.2,14420,0.4,0.6,3.7
1991-03-01,10.0,7.6,12.6,4380,9.2,0.86,5.3
1991-03-02,8.9,-1.5,14.3,4920,7.5,1.09,5.1
1991-03-03,-2.3,-4.5,0.1,8270,0.0,0.38,4.9
1991-03-04,-1.9,-7.3,5.3,17890,0.0,0.28,3.2
1991-03-05,5.0,-3.5,14.0,14990,0.0,0.59,3.7
1991-03-06,8.0,3.2,11.3,9200,1.1,0.77,5.0
1991-03-07,0.1,-3.8,3.2,18420,0.0,0.32,3.0
1991-03-08,0.4,-5.6,7.2,18790,0.0,0.34,2.0
1991-03-09,2.7,0.3,4.0,16050,0.0,0.4,4.7
1991-03-10,1.4,-3.0,7.0,16640,0.0,0.42,2.2
1991-03-11,4.0,-1.3,10.2,13920,0.0,0.49,3.8
1991-03-12,1.2,-0.9,4.8,2700,25.2,0.53,6.0
1991-03-13,0.1,-0.7,1.2,4020,18.1,0.56,6.6
1991-03-14,-1.2,-3.7,1.5,21500,1.8,0.47,4.2
1991-03-15,-2.5,-7.9,2.4,21240,0.0,0.45,2.0
1991-03-16,2.1,-3.8,9.8,18930,0.0,0.53,2.4
1991-03-17,5.4,1.6,9.8,6270,14.7,0.73,2.7
1991-03-18,5.5,2.5,7.5,6850,0.3,0.76,3.6
1991-03-19,6.4,0.3,13.0,18440,0.0,0.65,2.6
1991-03-20,8.3,-1.1,16.9,15690,0.4,0.8,3.4
1991-03-21,15.9,9.6,22.9,20500,0.0,1.17,4.7
1991-03-22,16.6,14.2,18.9,4120,18.9,1.71,4.1
1991-03-23,13.5,8.2,17.5,15090,6.7,0.95,7.7
1991-03-24,7.5,4.0,11.2,10720,0.4,0.69,5.0
1991-03-25,10.3,1.6,19.3,19870,0.0,0.82,2.0
1991-03-26,15.9,11.1,22.9,9890,16.4,1.34,4.1
1991-03-27,19.7,15.0,22.6,13220,5.1,1.71,7.9
1991-03-28,7.5,2.0,12.6,22340,0.0,0.53,5.5
1991-03-29,1.9,-3.0,8.3,18520,0.0,0.38,4.7
1991-03-30,-0.4,-5.2,4.7,22930,0.0,0.31,2.5
1991-03-31,4.2,-1.6,12.1,15640,1.2,0.47,4.0
1991-04-01,5.9,0.3,11.7,22660,0.0,0.47,3.3
1991-04-02,4.9,-2.0,11.9,23230,0.0,0.43,2.7
1991-04-03,10.0,2.8,18.4,19740,0.0,0.63,3.6
1991-04-04,12.8,11.2,14.0,5790,7.9,1.11,4.3
1991-04-05,15.3,8.1,22.0,19550,0.2,1.27,2.8
1991-04-06,17.9,12.1,24.7,23440,0.0,1.32,4.2
1991-04-07,19.6,14.3,25.2,20500,1.1,1.65,4.1
1991-04-08,18.0,16.5,20.5,7030,6.6,1.87,3.2
1991-04-09,14.9,7.4,19.5,9910,1.3,1.46,4.9
1991-04-10,6.0,3.2,10.5,16300,0.0,0.51,4.7
1991-04-11,5.8,-1.3,13.2,19850,0.0,0.46,3.4
1991-04-12,9.1,4.8,14.8,11050,0.2,0.54,5.4
1991-04-13,13.0,10.5,15.5,3440,6.9,1.42,2.7
1991-04-14,17.2,12.6,21.9,10220,29.0,1.77,4.4
1991-04-15,14.2,8.1,18.3,18160,11.7,1.13,5.2
1991-04-16,15.3,7.7,22.5,23890,0.0,1.09,1.7
1991-04-17,13.0,8.4,18.3,24810,0.0,0.96,2.8
1991-04-18,11.4,6.0,17.1,19490,0.0,0.85,4.1
1991-04-19,9.3,7.0,12.3,6970,14.3,0.88,4.4
1991-04-20,7.7,5.3,11.0,13270,0.0,0.75,4.3
1991-04-21,7.0,4.2,11.1,17330,0.0,0.63,3.7
1991-04-22,8.5,1.3,16.0,24960,0.0,0.58,2.9
1991-04-23,10.3,6.6,17.1,16780,6.7,0.83,4.0
1991-04-24,10.0,4.3,16.4,27140,0.0,0.68,3.5
1991-04-25,11.4,3.3,18.4,22490,0.0,0.83,2.3
1991-04-26,16.4,9.5,23.4,17520,0.0,1.28,2.5
1991-04-27,18.7,15.5,22.3,9150,0.5,1.76,3.6
1991-04-28,18.9,14.6,22.8,10320,1.0,1.86,2.7
1991-04-29,20.1,17.1,24.6,9290,16.9,1.99,5.3
1991-04-30,17.3,13.0,21.2,27530,0.0,0.96,5.8
1991-05-01,13.5,9.6,17.1,20590,3.2,0.89,4.0
1991-05-02,13.7,6.2,21.0,27350,0.0,0.85,3.6
1991-05-03,12.7,6.3,18.6,21340,8.2,0.92,3.5
1991-05-04,15.0,11.1,20.3,12220,4.4,1.36,3.0
1991-05-05,17.1,13.2,21.3,10600,5.3,1.62,4.1
1991-05-06,9.7,8.1,11.4,11530,0.0,0.65,5.3
1991-05-07,12.7,5.3,20.1,27380,0.0,0.9,2.8
1991-05-08,17.4,10.3,24.8,24600,0.3,1.31,2.4
1991-05-09,18.6,13.7,23.4,20490,0.0,1.44,2.6
1991-05-10,19.5,14.4,24.5,14130,0.0,1.77,2.6
1991-05-11,21.6,16.8,27.4,22360,1.1,2.05,2.1
1991-05-12,21.3,16.8,26.4,21270,0.3,2.18,1.1
1991-05-13,22.8,16.6,28.2,25070,0.0,2.12,1.4
1991-05-14,24.0,17.3,29.7,25320,0.0,2.2,1.1
1991-05-15,23.4,17.3,28.5,23970,0.7,2.27,1.2
1991-05-16,23.4,19.0,29.4,22140,5.9,2.17,2.3
1991-05-17,22.5,19.1,27.7,21510,3.6,2.2,2.2
1991-05-18,19.1,15.4,23.1,12700,3.1,1.69,4.1
1991-05-19,17.5,13.6,21.5,17910,0.0,1.34,3.4
1991-05-20,20.8,15.5,26.2,20790,0.0,1.76,2.7
1991-05-21,22.0,16.8,27.4,23380,0.3,1.99,2.1
1991-05-22,23.2,19.6,27.3,18420,3.7,2.31,1.5
1991-05-23,23.5,20.1,27.3,18760,1.0,2.38,2.0
1991-05-24,24.2,20.8,28.5,23830,3.6,2.39,3.2
1991-05-25,23.4,21.3,26.7,13890,7.8,2.44,2.8
1991-05-26,23.2,21.4,26.9,12610,6.3,2.49,4.2
1991-05-27,24.8,20.6,30.0,24060,2.3,2.51,2.2
1991-05-28,26.3,21.0,31.3,27660,0.0,2.47,2.3
1991-05-29,25.1,21.3,29.7,21240,11.6,2.51,2.4
1991-05-30,25.0,21.8,29.8,22740,13.2,2.6,3.1
1991-05-31,25.9,21.9,29.9,25230,0.2,2.5,2.4
1991-06-01,24.5,20.5,29.6,23660,18.4,2.57,1.1
1991-06-02,24.6,20.3,30.3,24630,5.4,2.51,1.8
1991-06-03,23.2,18.4,27.6,21880,0.0,2.2,2.0
1991-06-04,19.7,16.2,22.6,29150,0.0,1.34,4.0
1991-06-05,17.5,12.2,21.7,23530,0.0,1.18,3.0
1991-06-06,18.0,11.6,23.7,27850,0.0,1.21,2.5
1991-06-07,19.5,12.2,24.9,25830,0.0,1.28,1.7
1991-06-08,20.3,12.5,26.1,22770,0.0,1.42,1.2
1991-06-09,21.9,13.4,28.2,26310,0.0,1.54,1.5
1991-06-10,23.2,18.3,27.8,22790,0.0,1.78,3.0
1991-06-11,22.8,20.4,26.9,19830,11.5,2.0,2.9
1991-06-12,23.4,17.0,28.5,26950,0.0,1.99,1.3
1991-06-13,24.2,18.1,29.5,26460,0.0,1.93,2.1
1991-06-14,26.1,20.8,31.1,25880,0.6,2.36,2.8
1991-06-15,27.1,23.4,32.1,26090,5.8,2.56,3.7
1991-06-16,23.1,19.1,25.9,19950,2.1,2.08,2.8
1991-06-17,21.3,15.3,26.9,23250,0.0,1.51,1.7
1991-06-18,23.8,17.7,29.2,29190,0.0,1.77,2.3
1991-06-19,24.3,16.9,30.6,30020,0.0,1.8,2.4
1991-06-20,25.0,17.5,31.2,30160,0.0,1.81,1.9
1991-06-21,26.0,19.4,31.5,24870,0.2,1.98,1.5
1991-06-22,23.7,19.4,29.2,21160,5.3,2.28,2.0
1991-06-23,20.8,16.2,25.7,23860,0.6,1.63,3.3
1991-06-24,21.9,15.4,27.4,27980,0.0,1.6,1.9
1991-06-25,23.7,16.7,29.6,24990,0.0,1.91,1.1
1991-06-26,25.4,20.2,30.2,25480,0.2,2.24,2.5
1991-06-27,25.9,20.9,30.2,24800,0.0,2.08,2.5
1991-06-28,25.8,21.1,29.6,21900,0.0,2.08,2.3
1991-06-29,26.9,22.0,31.3,25300,0.0,2.26,2.4
1991-06-30,27.6,22.8,32.7,23190,0.5,2.56,1.7
1991-07-01,28.3,23.4,33.5,25590,1.9,2.6,2.2
1991-07-02,26.9,22.0,31.6,23140,0.6,2.46,1.6
1991-07-03,26.0,20.6,30.5,25700,0.0,1.93,2.1
1991-07-04,24.7,21.3,28.3,21880,0.7,1.96,2.8
1991-07-05,24.9,19.1,29.4,23420,0.0,1.84,2.3
1991-07-06,27.9,21.7,33.6,27660,0.0,2.22,3.4
1991-07-07,29.2,23.7,34.5,26410,1.9,2.33,3.9
1991-07-08,24.9,21.2,28.2,23140,12.1,2.4,2.6
1991-07-09,20.6,17.2,23.9,11940,0.0,1.71,1.5
1991-07-10,23.4,19.4,27.7,22730,0.2,1.94,1.7
1991-07-11,23.9,19.4,28.0,20350,0.0,2.0,2.0
1991-07-12,24.3,21.3,28.6,14290,13.1,2.42,3.0
1991-07-13,23.1,20.0,25.6,23350,0.5,2.07,3.3
1991-07-14,21.6,17.6,25.4,22800,0.1,1.87,2.2
1991-07-15,22.4,16.5,27.7,24930,0.0,1.75,1.4
1991-07-16,23.8,17.3,28.9,29130,0.0,1.71,1.4
1991-07-17,24.2,16.1,30.0,28940,0.0,1.88,1.4
1991-07-18,26.2,19.7,31.2,27490,0.0,2.16,1.5
1991-07-19,26.9,21.3,32.1,26630,0.0,2.15,2.1
1991-07-20,27.5,22.7,31.5,24680,0.0,2.3,2.7
1991-07-21,28.1,23.5,32.4,23170,0.7,2.55,2.7
1991-07-22,29.6,24.9,34.6,25880,0.6,2.51,3.2
1991-07-23,26.8,22.6,29.4,24260,0.3,2.07,2.9
1991-07-24,22.3,18.6,26.3,15700,0.0,1.55,1.4
1991-07-25,21.2,15.3,26.6,24780,0.0,1.51,2.2
1991-07-26,20.8,14.8,26.0,25670,0.0,1.33,2.6
1991-07-27,21.6,14.9,27.4,27060,0.0,1.39,1.8
1991-07-28,22.9,17.2,27.9,20210,0.0,1.28,2.6
1991-07-29,22.8,19.7,26.7,15330,1.2,1.65,2.9
1991-07-30,20.6,15.3,25.5,19050,0.0,1.53,2.2
1991-07-31,22.8,14.4,30.2,27330,0.0,1.48,1.8
1991-08-01,26.6,20.8,32.5,27090,0.0,1.97,1.5
1991-08-02,28.3,20.6,34.8,24970,0.0,1.97,2.8
1991-08-03,27.2,24.1,31.0,16160,2.7,2.15,2.3
1991-08-04,23.5,20.0,26.7,20740,0.0,1.84,2.8
1991-08-05,20.1,15.9,23.6,10530,1.0,1.59,1.9
1991-08-06,19.7,17.1,22.2,10990,14.8,1.73,2.9
1991-08-07,22.2,16.7,27.8,21600,0.0,1.95,1.5
1991-08-08,22.5,19.0,26.8,12260,15.2,2.21,2.5
1991-08-09,20.1,17.5,23.9,11190,0.0,1.83,3.1
1991-08-10,20.3,15.5,25.1,22620,0.0,1.68,2.7
1991-08-11,20.2,13.7,26.0,22990,0.0,1.58,1.4
1991-08-12,21.6,15.0,27.5,24270,0.0,1.58,1.6
1991-08-13,22.1,15.9,27.4,23340,0.3,1.51,1.4
1991-08-14,22.7,16.2,28.0,23580,0.0,1.53,1.0
1991-08-15,23.5,17.4,29.3,25310,0.0,1.63,2.2
1991-08-16,25.1,19.2,30.9,23360,0.0,1.75,2.6
1991-08-17,24.3,22.2,26.5,13440,5.7,2.05,3.7
1991-08-18,22.8,17.0,28.0,20680,0.8,1.93,1.6
1991-08-19,18.9,16.2,21.8,15380,9.2,1.83,3.4
1991-08-20,20.6,16.8,24.7,18410,0.1,1.71,3.1
1991-08-21,21.2,14.9,27.0,20480,0.0,1.67,1.4
1991-08-22,24.0,19.8,28.7,18550,0.6,1.86,2.6
1991-08-23,23.3,15.8,30.2,24830,0.0,1.68,2.3
1991-08-24,25.1,18.9,31.7,23840,0.0,1.88,2.5
1991-08-25,26.4,19.3,33.2,23090,0.0,1.89,2.1
1991-08-26,27.4,21.7,32.3,22710,0.0,1.95,2.4
1991-08-27,26.3,21.3,30.6,15290,0.0,2.21,1.9
1991-08-28,27.9,22.9,33.2,18160,0.0,2.35,1.4
1991-08-29,27.1,22.7,32.9,16650,4.2,2.45,1.1
1991-08-30,25.6,22.3,29.4,15010,6.3,2.62,1.1
1991-08-31,25.1,21.6,29.3,14750,3.8,2.35,2.2
1991-09-01,21.8,16.4,27.1,22560,0.0,1.48,3.4
1991-09-02,22.6,15.7,29.7,19660,0.0,1.5,2.4
1991-09-03,25.1,22.2,29.8,15850,15.9,2.25,2.9
1991-09-04,22.3,18.9,25.6,20540,5.5,1.9,2.7
1991-09-05,19.5,13.4,24.9,23300,0.0,1.27,1.4
1991-09-06,21.1,14.1,27.4,22410,0.0,1.4,0.9
1991-09-07,22.9,15.8,30.3,22250,0.0,1.42,1.9
1991-09-08,24.3,18.7,30.4,20770,0.0,1.31,3.0
1991-09-09,26.6,22.2,32.1,18530,0.8,2.21,3.4
1991-09-10,25.5,21.5,30.0,14050,0.3,2.28,3.1
1991-09-11,22.7,16.9,28.3,20380,0.0,1.69,1.9
1991-09-12,25.6,19.6,33.3,16530,2.1,2.0,2.3
1991-09-13,25.9,21.3,33.3,18460,4.3,2.54,1.1
1991-09-14,26.9,21.9,33.1,17200,0.4,2.4,2.6
1991-09-15,28.5,24.1,33.2,19060,0.0,2.17,4.0
1991-09-16,25.8,21.1,27.7,12630,0.8,2.06,4.5
1991-09-17,20.3,14.7,24.8,18710,0.0,1.17,1.6
1991-09-18,17.3,13.3,19.5,8310,1.0,0.98,3.2
1991-09-19,10.6,6.5,13.8,20580,0.0,0.56,3.3
1991-09-20,10.5,5.6,15.4,19710,0.0,0.58,2.3
1991-09-21,12.7,5.9,19.8,20850,0.0,0.71,2.1
1991-09-22,15.4,11.9,20.0,5840,4.2,1.13,3.6
1991-09-23,14.4,8.9,18.8,20390,1.4,0.89,2.9
1991-09-24,12.6,8.9,17.9,12700,0.0,0.79,2.5
1991-09-25,12.8,5.0,18.9,12700,0.2,0.88,3.2
1991-09-26,12.4,8.7,15.9,19760,0.0,0.65,4.1
1991-09-27,10.9,4.6,17.7,16880,0.6,0.66,2.1
1991-09-28,13.0,8.5,19.7,14660,0.7,0.85,2.1
1991-09-29,16.7,9.6,24.7,17150,0.0,1.17,1.5
1991-09-30,20.8,15.0,28.0,17950,0.0,1.22,3.4
1991-10-01,20.3,13.7,26.3,14300,0.0,1.26,2.5
1991-10-02,22.2,17.2,27.7,15380,0.0,1.3,4.2
1991-10-03,19.3,16.8,22.5,7800,10.0,1.75,1.7
1991-10-04,21.7,17.7,26.2,13190,30.8,1.9,4.6
1991-10-05,12.8,8.9,22.2,7810,11.9,1.04,5.7
1991-10-06,7.5,3.8,10.7,9110,0.0,0.57,4.9
1991-10-07,8.2,3.7,12.7,17490,0.0,0.57,2.9
1991-10-08,13.4,7.4,20.5,16560,0.0,0.75,5.1
1991-10-09,17.4,13.5,22.4,16090,0.0,1.16,3.6
1991-10-10,15.1,11.3,18.2,16660,0.4,0.96,2.1
1991-10-11,13.1,9.5,18.7,13080,2.1,0.9,2.5
1991-10-12,11.3,8.0,15.2,12900,0.2,0.88,3.1
1991-10-13,9.2,3.4,14.5,16160,0.0,0.68,1.9
1991-10-14,11.4,9.5,15.2,5490,7.4,0.93,4.3
1991-10-15,6.9,4.0,9.9,11120,0.0,0.54,2.7
1991-10-16,6.4,-0.9,13.5,15740,0.0,0.53,2.0
1991-10-17,12.0,5.8,20.0,15470,0.0,0.67,4.0
1991-10-18,13.6,7.7,19.1,14620,4.5,0.95,3.4
1991-10-19,6.2,2.5,9.5,14580,3.9,0.6,3.3
1991-10-20,5.2,-1.7,12.5,15320,0.0,0.49,1.6
1991-10-21,9.7,2.9,17.7,14730,0.0,0.62,3.0
1991-10-22,16.2,10.6,23.3,12070,0.0,1.16,3.9
1991-10-23,18.6,14.9,22.7,11630,0.1,1.69,4.6
1991-10-24,20.2,17.5,22.9,7970,0.0,1.84,5.5
1991-10-25,18.1,17.3,19.3,1350,29.6,1.96,4.7
1991-10-26,17.8,16.9,18.8,2160,18.6,1.94,3.5
1991-10-27,16.4,13.9,18.3,3640,0.7,1.67,2.7
1991-10-28,15.0,12.6,17.3,3450,4.2,1.47,4.7
1991-10-29,18.4,15.1,23.9,7790,11.4,1.74,4.0
1991-10-30,14.1,9.7,18.5,960,14.1,1.54,2.8
1991-10-31,11.9,9.9,14.9,2310,0.0,1.21,2.9
1991-11-01,11.0,3.9,14.4,2410,8.5,0.9,6.4
1991-11-02,-0.6,-3.2,3.1,7710,0.0,0.3,6.4
1991-11-03,-5.2,-6.7,-3.6,9860,0.0,0.19,5.0
1991-11-04,-5.5,-6.9,-3.1,11000,0.0,0.19,2.9
1991-11-05,-2.6,-7.4,2.8,9800,0.0,0.26,4.0
1991-11-06,0.5,-1.8,2.1,7940,0.3,0.41,3.4
1991-11-07,-3.1,-6.8,-0.3,7640,4.0,0.36,2.8
1991-11-08,-6.2,-9.9,-1.5,12570,0.0,0.19,1.7
1991-11-09,-4.2,-9.6,2.7,12270,0.0,0.25,1.6
1991-11-10,-1.3,-6.3,5.3,11950,0.0,0.34,1.6
1991-11-11,1.9,-2.3,6.5,8850,0.4,0.57,2.0
1991-11-12,2.3,0.7,3.7,3150,1.6,0.61,2.0
1991-11-13,5.6,0.9,11.9,10610,0.0,0.71,3.9
1991-11-14,9.8,6.6,13.6,5130,0.5,0.97,3.8
1991-11-15,12.1,10.6,13.6,1440,3.1,1.17,3.6
1991-11-16,8.2,4.7,12.8,6200,2.7,0.91,3.1
1991-11-17,6.7,2.3,12.0,7530,0.2,0.67,4.0
1991-11-18,15.2,10.6,17.5,3400,6.1,1.45,5.7
1991-11-19,17.0,15.6,18.7,3870,7.3,1.78,4.5
1991-11-20,9.5,6.1,16.5,1420,36.0,1.11,3.5
1991-11-21,7.5,5.7,10.5,5010,0.0,0.82,1.5
1991-11-22,8.2,5.3,11.3,6800,0.0,0.93,1.3
1991-11-23,4.5,-1.3,8.2,3930,1.1,0.67,5.3
1991-11-24,-3.3,-5.5,-1.8,4360,0.4,0.31,6.0
1991-11-25,-6.6,-9.3,-4.5,8980,0.0,0.25,3.1
1991-11-26,-4.9,-10.5,0.7,7750,0.0,0.28,2.8
1991-11-27,3.6,-0.1,6.4,4410,3.8,0.61,5.2
1991-11-28,8.0,4.7,12.8,2090,6.3,0.92,3.2
1991-11-29,14.1,12.1,16.4,5100,0.0,1.12,6.3
1991-11-30,10.9,3.0,16.3,9300,4.4,0.96,6.3
1991-12-01,-0.2,-2.7,2.3,5810,0.0,0.37,2.0
1991-12-02,0.6,-0.7,2.3,960,9.0,0.4,3.5
1991-12-03,-1.1,-7.1,1.7,2690,3.9,0.47,4.1
1991-12-04,-12.4,-15.2,-7.3,8900,0.2,0.15,4.8
1991-12-05,-4.0,-13.4,3.8,6740,0.0,0.3,4.2
1991-12-06,-0.5,-5.1,3.9,8870,0.0,0.45,3.2
1991-12-07,8.7,4.0,12.6,2950,0.0,0.97,4.7
1991-12-08,13.6,9.2,17.4,2750,2.2,1.43,5.1
1991-12-09,5.4,1.9,13.2,5990,0.2,0.76,2.0
1991-12-10,2.8,-2.5,8.8,8770,0.0,0.6,2.9
1991-12-11,5.9,3.8,8.5,2160,0.0,0.75,2.5
1991-12-12,10.7,6.9,15.8,1250,11.0,1.09,5.9
1991-12-13,8.2,6.1,14.9,3180,1.3,0.91,1.9
1991-12-14,1.9,-2.6,6.6,8670,0.4,0.45,6.0
1991-12-15,-3.2,-7.2,1.8,8090,0.1,0.22,4.7
1991-12-16,-4.2,-9.9,2.7,7390,0.0,0.25,3.2
1991-12-17,0.8,-1.7,2.8,8320,0.0,0.45,4.9
1991-12-18,-5.0,-7.6,-2.3,6540,0.0,0.21,3.5
1991-12-19,-5.4,-9.3,-0.3,8980,0.0,0.24,2.1
1991-12-20,0.3,-3.2,3.2,2290,4.7,0.32,3.9
1991-12-21,1.2,-2.3,4.6,8230,3.1,0.57,2.4
1991-12-22,1.5,-2.7,5.7,3110,0.0,0.65,3.3
1991-12-23,2.9,-0.1,4.8,1990,5.0,0.67,3.1
1991-12-24,-0.6,-5.1,4.6,8740,0.0,0.42,3.0
1991-12-25,-1.0,-5.1,4.9,8810,0.0,0.47,1.4
1991-12-26,0.8,-2.6,6.8,8290,0.0,0.52,2.1
1991-12-27,0.4,-2.7,5.8,8420,0.0,0.53,2.4
1991-12-28,0.8,-0.9,2.6,2100,0.3,0.58,2.8
1991-12-29,1.7,-0.0,3.7,3040,0.0,0.59,2.5
1991-12-30,0.2,-1.3,2.4,5660,0.0,0.5,1.3
1991-12-31,-0.3,-2.1,1.7,5170,0.0,0.49,1.5
1992-01-01,1.2,-1.4,4.8,4000,0.0,0.56,1.6
1992-01-02,4.0,2.4,5.9,1650,6.0,0.77,2.0
1992-01-03,5.3,4.2,6.9,2430,0.5,0.84,1.9
1992-01-04,2.6,1.1,4.4,5360,0.0,0.6,2.6
1992-01-05,1.5,0.1,3.8,4590,0.0,0.53,2.1
1992-01-06,0.8,-2.2,4.1,6510,0.0,0.52,1.2
1992-01-07,0.2,-3.8,4.7,5990,0.0,0.53,1.4
1992-01-08,2.9,0.6,6.8,1900,5.2,0.66,4.1
1992-01-09,4.4,1.0,8.4,2450,0.7,0.71,4.0
1992-01-10,-0.6,-2.5,1.1,5670,0.0,0.41,3.3
1992-01-11,0.9,-2.9,6.9,9400,0.0,0.46,3.7
1992-01-12,2.0,-0.5,4.1,4230,1.1,0.54,4.2
1992-01-13,4.2,1.7,5.8,1230,0.7,0.78,2.6
1992-01-14,-4.9,-11.3,1.3,7970,6.2,0.34,5.0
1992-01-15,-11.3,-18.4,-4.9,5030,3.0,0.2,4.0
1992-01-16,-16.5,-24.5,-5.1,10450,0.0,0.14,4.4
1992-01-17,-3.3,-8.7,0.3,6700,0.0,0.36,5.4
1992-01-18,-13.0,-17.1,-9.4,10630,0.0,0.15,3.2
1992-01-19,-13.3,-23.1,-1.9,10010,0.0,0.15,4.0
1992-01-20,-1.8,-3.6,0.1,8130,0.0,0.38,3.1
1992-01-21,1.5,-2.9,8.1,10410,0.0,0.51,2.9
1992-01-22,3.2,-0.6,8.9,7800,0.8,0.62,3.4
1992-01-23,2.4,-3.6,4.7,4720,2.6,0.62,5.0
1992-01-24,-6.2,-8.8,-3.5,11170,0.0,0.19,4.7
1992-01-25,-3.1,-6.3,0.0,4410,6.2,0.37,3.1
1992-01-26,-3.2,-6.7,0.7,10000,0.0,0.38,2.0
1992-01-27,-0.2,-2.7,5.3,10990,0.0,0.48,3.0
1992-01-28,-0.8,-2.3,1.1,5930,0.0,0.48,1.3
1992-01-29,-1.1,-3.1,2.9,10760,0.0,0.46,1.8
1992-01-30,1.6,-2.1,7.7,9710,0.0,0.57,2.9
1992-01-31,1.0,-2.9,4.1,6430,0.0,0.54,3.1
1992-02-01,-1.9,-4.1,2.2,11340,0.0,0.38,1.9
1992-02-02,0.9,-4.1,8.8,11840,0.0,0.48,2.3
1992-02-03,4.7,-2.3,13.8,11150,0.0,0.71,1.9
1992-02-04,3.1,-2.3,7.2,5860,0.0,0.62,3.7
1992-02-05,-1.7,-5.4,3.6,12560,0.0,0.35,1.9
1992-02-06,0.7,-5.5,8.3,12180,0.0,0.45,2.5
1992-02-07,-0.5,-3.5,1.3,5050,0.0,0.37,3.3
1992-02-08,-5.2,-7.1,-3.1,11080,0.0,0.21,3.5
1992-02-09,-6.8,-10.8,-2.9,13710,0.0,0.17,1.4
1992-02-10,0.2,-5.0,5.9,10750,0.0,0.28,3.7
1992-02-11,0.3,-6.3,2.6,4510,0.0,0.46,3.1
1992-02-12,-4.4,-7.4,-1.1,6670,0.6,0.23,3.5
1992-02-13,0.4,-2.3,3.9,5230,0.5,0.51,1.9
1992-02-14,1.2,-2.3,4.5,7360,3.0,0.56,2.2
1992-02-15,5.9,0.5,10.0,2510,7.1,0.91,4.0
1992-02-16,1.8,-2.3,5.6,10750,0.0,0.56,2.8
1992-02-17,3.7,-0.9,9.4,10120,4.8,0.63,3.2
1992-02-18,7.5,3.8,12.6,5520,7.6,0.9,3.5
1992-02-19,3.2,1.5,5.3,3280,1.8,0.67,4.0
1992-02-20,3.1,-2.0,8.1,11250,0.0,0.58,3.8
1992-02-21,4.8,-1.0,9.4,13510,0.0,0.58,2.7
1992-02-22,9.4,4.6,14.8,12290,1.5,0.84,1.9
1992-02-23,7.9,3.5,14.2,11570,0.0,0.87,2.8
1992-02-24,6.5,0.7,12.9,13500,0.4,0.75,2.0
1992-02-25,3.4,0.9,8.6,7530,3.3,0.62,3.4
1992-02-26,1.9,-1.8,7.0,12830,0.0,0.45,3.2
1992-02-27,4.2,-1.5,10.8,12230,0.0,0.61,3.1
1992-02-28,5.1,-0.2,13.1,9190,1.3,0.68,5.0
1992-02-29,-0.2,-4.4,3.2,12280,0.0,0.38,2.3
1992-03-01,8.0,0.3,17.2,16790,0.0,0.68,4.9
1992-03-02,13.0,7.4,19.8,15060,0.0,0.98,2.9
1992-03-03,11.8,3.8,20.1,16650,0.0,1.11,1.3
1992-03-04,12.2,5.0,19.8,14520,0.9,1.23,2.2
1992-03-05,14.6,11.2,20.8,6900,4.0,1.33,2.3
1992-03-06,13.8,11.3,16.6,6930,3.3,1.41,2.6
1992-03-07,13.1,11.7,15.9,10820,5.5,1.28,3.3
1992-03-08,13.2,10.6,18.1,13500,0.0,1.09,2.4
1992-03-09,14.2,10.1,19.0,9530,4.0,1.12,4.6
1992-03-10,-1.2,-5.9,13.5,6380,16.5,0.48,5.9
1992-03-11,-6.2,-9.4,-2.7,20010,0.0,0.23,3.2
1992-03-12,-6.9,-9.8,-2.9,17570,0.1,0.24,2.3
1992-03-13,-4.4,-9.5,0.9,19710,0.0,0.22,2.3
1992-03-14,-0.8,-2.8,2.1,13520,1.5,0.38,2.1
1992-03-15,-2.9,-6.5,1.8,15680,0.0,0.28,2.0
1992-03-16,-0.2,-7.1,7.1,20410,0.4,0.35,3.5
1992-03-17,7.2,0.7,12.2,15000,1.0,0.66,3.8
1992-03-18,0.5,-1.3,1.4,2440,17.3,0.52,4.7
1992-03-19,0.4,-3.1,5.4,15810,0.3,0.37,3.8
1992-03-20,1.6,-4.4,9.4,16480,1.3,0.45,2.7
1992-03-21,2.0,-2.3,7.3,9620,0.3,0.48,2.7
1992-03-22,2.3,-3.4,6.2,10530,3.9,0.56,4.3
1992-03-23,0.5,-5.6,7.6,20660,0.0,0.38,1.9
1992-03-24,5.6,-1.6,13.5,19740,0.0,0.53,2.7
1992-03-25,6.3,4.6,9.7,6560,4.3,0.7,3.0
1992-03-26,5.3,0.4,10.6,12270,3.5,0.69,3.6
1992-03-27,2.0,-1.8,5.7,17140,0.0,0.46,5.0
1992-03-28,2.1,-5.2,9.0,20160,0.0,0.41,1.6
1992-03-29,4.9,3.1,6.4,5040,5.1,0.62,3.0
1992-03-30,4.8,2.1,7.7,12090,0.4,0.67,3.8
1992-03-31,5.8,-1.4,13.7,20050,2.8,0.61,3.5
1992-04-01,1.9,-0.4,4.8,19300,0.8,0.45,3.3
1992-04-02,-0.9,-4.1,2.0,16410,0.1,0.34,2.6
1992-04-03,0.9,-4.4,7.6,14150,3.8,0.45,2.7
1992-04-04,2.9,-1.4,8.1,18550,3.7,0.53,3.8
1992-04-05,3.5,-3.9,10.9,24000,0.0,0.47,1.4
1992-04-06,8.2,1.4,15.4,19980,0.0,0.62,2.7
1992-04-07,11.5,6.4,17.3,18230,0.1,0.94,3.1
1992-04-08,10.3,1.6,17.8,21000,0.8,0.75,1.5
1992-04-09,11.9,5.7,18.5,22090,2.1,0.97,2.0
1992-04-10,12.9,7.8,21.5,8730,17.5,1.28,3.0
1992-04-11,16.9,8.5,22.6,16210,2.6,1.41,4.4
1992-04-12,5.2,0.7,8.2,24460,0.0,0.49,4.0
1992-04-13,4.8,-0.8,9.8,9130,0.0,0.43,3.3
1992-04-14,8.3,6.5,11.4,6970,0.9,0.73,3.2
1992-04-15,13.7,7.1,22.2,20080,0.0,1.2,3.3
1992-04-16,18.5,13.3,23.4,16090,18.0,1.79,4.0
1992-04-17,8.4,6.0,11.2,7040,7.4,0.92,2.1
1992-04-18,15.9,9.9,22.3,9990,24.3,1.6,2.8
1992-04-19,19.6,16.9,23.1,14390,1.5,1.58,4.1
1992-04-20,18.7,15.8,22.8,11120,11.1,1.84,4.7
1992-04-21,14.0,9.8,18.3,19750,11.4,1.14,3.9
1992-04-22,8.5,5.9,11.9,15550,0.0,0.67,4.3
1992-04-23,15.1,5.2,24.1,21820,0.6,1.14,3.3
1992-04-24,11.3,7.0,15.5,14890,3.2,1.01,3.5
1992-04-25,7.5,5.7,8.9,13060,1.7,0.71,3.4
1992-04-26,7.2,4.0,11.3,14730,0.3,0.75,3.0
1992-04-27,5.8,3.1,9.4,17560,0.1,0.63,3.7
1992-04-28,6.6,-1.1,13.6,26850,0.0,0.6,1.5
1992-04-29,10.5,6.1,15.8,13690,6.0,0.94,3.8
1992-04-30,15.4,8.9,21.9,25940,0.4,1.23,2.0
1992-05-01,19.8,13.1,26.9,26740,0.0,1.35,5.1
1992-05-02,21.0,15.7,25.3,21840,0.0,1.44,4.9
1992-05-03,13.3,8.5,16.8,22090,0.0,0.75,3.8
1992-05-04,9.0,3.2,14.5,20230,2.0,0.74,1.7
1992-05-05,7.4,2.5,12.6,24780,0.0,0.56,3.6
1992-05-06,8.6,2.5,14.9,27570,0.0,0.59,2.9
1992-05-07,10.6,2.1,17.6,28680,0.0,0.65,1.8
1992-05-08,13.2,4.9,20.7,25340,0.0,0.83,2.8
1992-05-09,15.4,10.2,21.2,19690,0.8,1.16,2.1
1992-05-10,18.2,11.0,25.3,27450,0.0,1.36,2.5
1992-05-11,20.8,13.6,27.4,26370,0.0,1.4,3.6
1992-05-12,19.5,16.4,23.8,16230,6.6,1.65,2.5
1992-05-13,17.0,10.9,21.0,28570,1.0,1.22,3.8
1992-05-14,12.0,8.2,16.7,11560,1.2,0.94,2.3
1992-05-15,15.4,7.1,23.5,26700,0.0,1.23,1.6
1992-05-16,20.2,12.3,27.7,27100,0.0,1.53,2.8
1992-05-17,22.0,19.3,26.2,17900,15.0,2.06,3.7
1992-05-18,18.0,15.4,20.2,11420,1.5,1.68,2.8
1992-05-19,17.2,12.0,22.7,17340,0.0,1.43,2.0
1992-05-20,20.3,13.7,26.0,24820,0.0,1.6,2.1
1992-05-21,21.5,16.3,26.1,22740,0.5,1.9,2.3
1992-05-22,20.8,17.0,26.1,19050,4.0,2.08,2.0
1992-05-23,17.6,9.8,24.0,11950,19.1,1.81,3.2
1992-05-24,10.9,7.6,15.0,21300,0.0,0.78,4.1
1992-05-25,9.3,5.6,12.7,20920,0.0,0.72,1.7
1992-05-26,10.0,5.7,13.3,21060,1.5,0.84,2.1
1992-05-27,10.3,4.0,15.7,22110,0.0,0.7,2.2
1992-05-28,12.7,5.1,18.4,23170,0.0,0.69,2.5
1992-05-29,13.8,8.0,20.3,20300,6.5,0.96,3.6
1992-05-30,12.6,11.6,13.9,3790,5.7,1.3,3.3
1992-05-31,15.1,7.9,21.7,28210,0.0,1.07,2.7
1992-06-01,16.9,8.7,23.2,25980,0.0,1.16,1.6
1992-06-02,17.4,9.1,23.3,23360,0.0,1.24,1.4
1992-06-03,19.4,13.5,25.2,25650,1.2,1.4,2.7
1992-06-04,19.3,17.0,22.5,13980,10.1,1.89,1.9
1992-06-05,19.5,14.8,24.9,19850,1.0,1.89,1.9
1992-06-06,20.0,13.5,25.9,22640,2.7,1.78,1.1
1992-06-07,20.0,16.0,23.5,23990,8.2,1.66,2.6
1992-06-08,17.4,11.3,22.6,25090,0.0,1.22,2.2
1992-06-09,18.8,13.3,24.4,24660,0.0,1.48,2.6
1992-06-10,18.5,13.3,23.2,26510,0.0,1.25,2.3
1992-06-11,19.0,12.2,25.0,27090,0.0,1.17,2.5
1992-06-12,19.9,11.5,26.8,30400,0.0,1.3,2.1
1992-06-13,21.5,15.0,27.3,25400,2.3,1.8,1.4
1992-06-14,22.1,16.2,27.1,24690,2.6,2.12,1.3
1992-06-15,21.6,18.0,25.9,18330,2.3,1.94,3.0
1992-06-16,22.5,16.3,28.3,26090,0.0,1.61,3.8
1992-06-17,26.1,21.5,32.7,23610,17.0,2.32,5.8
1992-06-18,23.4,19.7,28.0,24260,2.5,2.06,4.1
1992-06-19,19.1,15.0,21.5,28390,0.0,1.48,3.4
1992-06-20,13.7,10.2,17.4,17480,0.7,1.01,3.4
1992-06-21,11.9,7.2,16.9,27660,0.0,0.84,3.1
1992-06-22,12.1,4.6,18.2,22940,0.2,0.8,1.1
1992-06-23,18.0,13.4,24.7,19860,1.9,1.35,3.0
1992-06-24,19.3,11.9,24.9,23250,0.6,1.65,1.4
1992-06-25,19.9,13.0,25.4,24690,0.0,1.57,1.5
1992-06-26,20.0,16.0,23.8,28370,0.0,1.39,3.0
1992-06-27,17.4,12.0,22.0,23770,0.0,1.27,2.2
1992-06-28,18.2,9.8,24.7,29630,0.0,1.22,1.2
1992-06-29,21.3,14.1,27.1,26470,0.0,1.51,1.6
1992-06-30,22.7,15.7,28.6,28680,0.0,1.68,1.2
1992-07-01,25.0,19.5,29.5,24520,0.0,2.26,1.8
1992-07-02,26.8,20.9,32.3,22610,0.0,2.44,2.9
1992-07-03,23.5,19.3,26.7,20430,12.4,2.23,4.1
1992-07-04,21.3,14.7,26.5,24940,0.0,1.54,2.8
1992-07-05,22.5,19.0,26.6,21670,0.5,1.78,1.9
1992-07-06,19.5,12.6,24.7,27450,0.0,1.25,1.3
1992-07-07,19.3,14.6,26.4,17990,2.4,1.58,2.9
1992-07-08,24.7,19.7,29.9,18960,4.0,2.36,4.1
1992-07-09,25.4,21.0,30.0,23340,0.1,2.39,2.2
1992-07-10,24.2,20.8,27.4,15910,9.2,2.48,3.4
1992-07-11,23.1,18.9,28.2,15370,5.9,2.4,1.3
1992-07-12,24.0,21.0,28.3,14360,39.8,2.58,3.3
1992-07-13,25.7,21.3,30.1,21190,30.0,2.67,3.4
1992-07-14,25.3,21.8,28.0,19450,15.4,2.36,3.9
1992-07-15,21.1,19.1,22.9,12560,7.0,2.16,2.0
1992-07-16,22.0,17.2,28.3,20230,20.4,2.29,2.4
1992-07-17,22.0,19.8,26.0,18710,15.6,2.11,2.1
1992-07-18,21.2,17.1,25.3,25090,2.4,1.95,2.3
1992-07-19,22.1,16.6,27.1,24910,0.2,2.05,2.1
1992-07-20,21.9,19.0,25.2,14080,7.3,2.22,2.5
1992-07-21,19.0,16.3,22.1,18510,0.3,1.67,2.9
1992-07-22,19.4,15.7,24.0,13060,0.1,1.78,2.8
1992-07-23,22.1,19.5,25.6,12060,4.9,2.33,1.9
1992-07-24,21.6,19.5,23.7,12910,2.0,2.27,1.4
1992-07-25,21.8,17.2,26.1,10710,3.7,2.36,1.8
1992-07-26,23.6,22.1,26.3,11740,14.5,2.66,2.2
1992-07-27,21.7,17.9,25.4,20550,0.1,2.09,1.8
1992-07-28,21.1,14.5,26.3,27350,0.0,1.92,2.2
1992-07-29,21.8,18.9,25.6,16450,13.6,2.21,2.2
1992-07-30,21.0,16.2,26.9,14020,21.1,2.17,2.1
1992-07-31,17.9,15.3,21.0,17960,0.0,1.59,3.3
1992-08-01,17.7,10.5,23.3,25110,0.0,1.47,1.5
1992-08-02,19.8,14.1,24.6,23050,0.1,1.68,2.5
1992-08-03,20.1,15.6,24.1,22550,0.6,1.86,1.7
1992-08-04,17.7,12.8,21.7,21730,0.1,1.55,2.3
1992-08-05,17.8,12.6,23.3,21820,0.0,1.53,1.5
1992-08-06,19.2,13.4,24.6,25260,0.0,1.53,2.4
1992-08-07,21.1,15.2,26.3,18640,1.5,1.95,2.6
1992-08-08,24.3,21.4,28.2,21580,2.6,2.48,3.3
1992-08-09,25.0,17.8,30.4,23600,0.7,2.58,1.4
1992-08-10,25.5,22.2,31.1,22560,4.6,2.75,1.9
1992-08-11,21.8,18.4,24.5,23240,0.4,1.81,2.9
1992-08-12,19.8,14.8,24.5,20210,0.9,1.64,1.0
1992-08-13,17.7,14.0,21.5,19050,0.4,1.58,1.9
1992-08-14,16.9,13.6,20.2,21700,0.0,1.31,2.9
1992-08-15,16.4,11.9,21.0,18390,0.5,1.4,2.8
1992-08-16,17.3,12.1,22.0,24570,0.0,1.33,1.8
1992-08-17,17.8,10.9,23.5,25250,0.0,1.29,1.4
1992-08-18,19.3,13.9,25.2,19590,0.4,1.6,2.6
1992-08-19,18.9,15.1,22.9,22100,0.0,1.58,2.4
1992-08-20,17.3,11.0,22.9,24460,0.0,1.34,1.7
1992-08-21,18.9,12.0,24.7,24780,0.0,1.45,1.4
1992-08-22,21.3,15.4,26.7,19990,0.0,1.74,2.0
1992-08-23,22.8,18.2,28.1,20150,0.7,2.22,2.2
1992-08-24,23.7,20.2,27.9,16520,0.0,2.37,2.2
1992-08-25,25.1,20.4,30.2,20690,0.4,2.36,2.6
1992-08-26,24.8,22.0,29.6,18320,11.7,2.51,2.3
1992-08-27,20.8,17.6,22.1,2690,44.8,2.37,1.3
1992-08-28,16.7,15.0,18.9,16560,0.2,1.41,4.1
1992-08-29,17.5,10.9,24.0,23220,0.0,1.44,2.9
1992-08-30,20.5,16.7,22.9,20310,0.0,1.52,4.4
1992-08-31,17.4,12.4,22.1,23200,0.0,1.35,2.0
1992-09-01,18.2,12.5,23.5,22450,0.0,1.47,1.3
1992-09-02,20.6,17.7,24.2,12030,4.9,1.94,3.9
1992-09-03,21.4,17.7,25.7,17130,2.3,2.07,3.0
1992-09-04,18.7,13.0,24.6,23060,0.0,1.45,2.2
1992-09-05,20.9,16.8,25.4,14870,1.1,2.06,2.5
1992-09-06,22.7,19.1,28.3,18700,11.6,2.31,2.9
1992-09-07,22.7,18.8,26.9,15280,0.9,2.36,1.8
1992-09-08,20.7,15.6,23.6,19170,2.6,1.89,3.1
1992-09-09,21.2,15.3,26.9,8770,19.9,2.13,3.6
1992-09-10,18.3,14.6,22.1,22110,7.9,1.44,3.6
1992-09-11,15.4,11.9,19.0,15080,0.0,1.17,1.8
1992-09-12,15.3,9.4,21.4,20440,0.0,1.23,1.9
1992-09-13,17.9,11.9,24.5,20630,0.0,1.37,2.5
1992-09-14,21.2,15.5,27.5,20300,0.0,1.78,3.1
1992-09-15,23.5,19.1,29.1,18460,0.3,2.05,3.0
1992-09-16,23.4,19.5,27.6,18400,0.0,1.92,3.7
1992-09-17,23.5,18.9,28.1,18120,0.0,1.91,3.9
1992-09-18,21.5,16.4,24.7,10880,1.0,1.99,4.2
1992-09-19,14.5,9.6,18.2,20030,0.0,0.98,1.6
1992-09-20,15.2,10.1,21.4,10400,18.8,1.31,3.0
1992-09-21,20.5,19.0,22.5,3680,16.6,2.28,4.5
1992-09-22,17.0,11.7,19.8,17140,0.1,1.46,3.9
1992-09-23,11.0,7.1,14.6,20030,0.0,0.74,3.0
1992-09-24,11.8,6.1,18.7,19890,0.0,0.87,3.1
1992-09-25,15.4,9.7,22.2,17020,0.0,1.18,2.5
1992-09-26,17.0,15.6,18.9,2400,12.5,1.64,2.8
1992-09-27,15.5,11.2,19.6,18910,4.8,1.23,3.5
1992-09-28,13.1,8.7,18.3,18550,0.0,1.01,2.8
1992-09-29,10.1,4.7,15.0,18520,0.0,0.84,1.1
1992-09-30,11.5,5.6,17.5,17000,0.0,0.92,0.8
1992-10-01,13.2,6.9,20.4,17960,0.0,1.02,2.0
1992-10-02,15.6,10.0,22.4,17870,0.0,1.14,2.9
1992-10-03,17.4,11.7,24.5,17490,0.0,1.32,2.9
1992-10-04,16.0,10.5,21.5,14130,0.0,1.34,2.8
1992-10-05,11.8,6.7,17.1,17900,0.0,0.83,2.8
1992-10-06,11.4,4.2,18.5,17700,0.0,0.93,1.5
1992-10-07,14.3,8.4,21.3,14190,0.0,1.12,2.5
1992-10-08,15.5,12.7,19.3,7840,3.3,1.25,5.4
1992-10-09,12.6,10.5,14.8,8420,0.7,0.84,5.1
1992-10-10,12.9,9.4,17.7,12990,2.1,0.92,2.4
1992-10-11,11.5,8.0,16.1,12860,0.0,0.85,3.0
1992-10-12,11.2,6.4,17.8,14490,0.0,0.71,3.6
1992-10-13,10.2,4.3,16.2,15220,2.8,0.62,2.4
1992-10-14,19.5,10.8,25.5,14250,0.0,1.32,4.5
1992-10-15,18.3,16.4,21.2,2970,12.3,1.61,3.6
1992-10-16,11.6,6.0,17.5,11660,2.0,1.05,5.3
1992-10-17,5.5,0.6,9.2,15490,0.0,0.47,1.6
1992-10-18,5.8,0.9,8.6,11150,0.0,0.5,2.8
1992-10-19,2.4,-2.9,7.3,14970,0.0,0.37,1.6
1992-10-20,6.5,2.6,12.7,6310,3.2,0.72,4.0
1992-10-21,9.6,4.3,14.4,13780,0.0,0.95,1.4
1992-10-22,12.2,5.1,21.1,13740,0.0,1.14,2.2
1992-10-23,16.8,12.1,22.8,11580,0.0,1.49,3.7
1992-10-24,14.4,9.4,17.8,9900,0.0,1.29,3.5
1992-10-25,9.8,4.0,15.8,13710,0.0,0.86,1.4
1992-10-26,12.2,8.2,17.1,10020,0.0,0.97,3.1
1992-10-27,7.8,3.1,13.4,13920,0.0,0.75,2.0
1992-10-28,9.0,2.2,17.1,13060,0.0,0.74,2.3
1992-10-29,9.3,7.5,12.0,5390,1.4,0.85,2.1
1992-10-30,7.8,6.5,9.3,4070,2.5,0.84,3.1
1992-10-31,8.1,4.9,11.8,9590,0.0,0.75,3.2
1992-11-01,9.8,7.1,17.3,1010,31.9,1.13,5.1
1992-11-02,13.0,7.2,17.2,4250,13.7,1.29,5.8
1992-11-03,8.3,2.8,14.5,8180,1.2,0.76,3.2
1992-11-04,3.9,1.4,9.9,7680,0.7,0.56,4.1
1992-11-05,2.2,1.2,3.9,4290,0.2,0.47,2.4
1992-11-06,1.3,-1.1,4.1,5680,0.0,0.47,2.3
1992-11-07,1.6,0.0,3.4,5970,0.5,0.54,1.7
1992-11-08,2.2,-2.3,7.4,7960,0.0,0.57,2.7
1992-11-09,7.4,5.0,10.0,1880,3.9,0.72,4.2
1992-11-10,10.3,8.9,11.7,2820,2.6,0.92,4.9
1992-11-11,11.3,10.6,12.0,900,14.9,1.3,2.1
1992-11-12,9.8,2.7,13.6,650,43.2,1.19,4.9
1992-11-13,1.7,0.1,3.7,9960,0.5,0.34,5.4
1992-11-14,-1.0,-3.8,1.3,6460,0.0,0.32,2.7
1992-11-15,-1.4,-4.2,1.4,5970,0.0,0.33,2.2
1992-11-16,2.8,-2.2,8.5,8840,0.0,0.49,4.0
1992-11-17,9.2,4.9,11.9,3420,0.0,0.89,3.5
1992-11-18,5.7,3.2,8.6,6340,0.6,0.73,2.5
1992-11-19,6.1,4.1,8.8,4230,3.0,0.77,3.5
1992-11-20,12.3,7.3,17.0,7700,0.2,0.85,4.9
1992-11-21,13.0,10.1,14.2,4040,6.6,1.28,4.1
1992-11-22,9.6,8.0,13.8,1030,32.7,1.09,4.2
1992-11-23,6.4,5.2,8.1,1970,0.1,0.78,3.0
1992-11-24,5.4,4.0,6.9,2930,0.8,0.75,1.6
1992-11-25,6.3,4.3,9.8,2740,1.3,0.88,4.0
1992-11-26,3.4,0.5,6.2,2580,0.0,0.54,4.5
1992-11-27,-0.1,-1.7,1.0,4130,0.0,0.42,1.4
1992-11-28,-0.1,-1.2,1.2,5720,0.0,0.41,1.5
1992-11-29,1.1,-2.6,5.9,9520,0.0,0.47,3.3
1992-11-30,0.8,-1.0,3.2,4090,0.4,0.51,3.1
1992-12-01,-0.6,-3.1,1.9,4110,0.0,0.45,2.9
1992-12-02,1.2,-0.8,2.5,5470,3.3,0.53,5.1
1992-12-03,-1.2,-2.4,0.7,5470,0.0,0.38,2.2
1992-12-04,-0.0,-5.8,3.3,5580,0.0,0.43,3.8
1992-12-05,-6.1,-8.1,-3.6,8390,0.0,0.22,3.7
1992-12-06,-4.3,-6.9,-2.2,2780,0.9,0.28,2.3
1992-12-07,-2.4,-3.5,-1.2,4490,0.0,0.39,2.2
1992-12-08,-2.1,-3.1,-0.9,3950,0.0,0.37,1.1
1992-12-09,-1.5,-3.8,1.5,6390,5.5,0.41,3.2
1992-12-10,0.1,-0.9,0.6,4620,6.3,0.58,3.4
1992-12-11,0.2,-1.2,1.8,5270,0.0,0.56,4.1
1992-12-12,-0.9,-4.7,1.7,5600,0.0,0.5,1.9
1992-12-13,1.2,-0.8,3.4,6430,0.0,0.57,2.9
1992-12-14,0.3,-5.0,6.1,8600,0.0,0.54,2.5
1992-12-15,5.8,1.8,11.6,1840,6.0,0.81,4.9
1992-12-16,4.6,2.8,12.0,3980,0.3,0.69,4.1
1992-12-17,0.9,-0.6,2.5,3590,1.7,0.52,2.1
1992-12-18,-0.4,-2.1,1.7,4380,0.0,0.44,2.4
1992-12-19,3.6,0.7,6.7,3700,4.7,0.68,3.5
1992-12-20,-4.4,-7.4,1.2,9180,0.7,0.32,2.8
1992-12-21,-3.1,-7.4,3.2,5890,0.0,0.34,2.9
1992-12-22,-0.5,-4.9,5.2,8920,0.0,0.49,2.3
1992-12-23,0.8,-5.2,5.2,8860,0.0,0.54,3.6
1992-12-24,-9.4,-13.4,-6.2,9220,0.0,0.13,3.7
1992-12-25,-3.9,-7.3,1.2,6450,0.0,0.2,5.7
1992-12-26,-7.8,-11.5,-4.3,8310,0.0,0.15,2.2
1992-12-27,-1.1,-5.6,5.1,9040,0.0,0.33,3.7
1992-12-28,2.6,1.2,4.8,2240,0.0,0.7,2.1
1992-12-29,6.1,3.6,9.2,680,5.2,0.94,3.8
1992-12-30,13.0,9.4,14.9,1160,2.4,1.47,4.6
1992-12-31,1.7,-7.7,14.9,6200,2.7,0.63,4.2
1993-01-01,-7.8,-10.3,-4.6,9170,0.0,0.17,2.2
1993-01-02,-4.0,-8.3,0.9,2310,2.1,0.31,3.2
1993-01-03,7.1,1.5,11.3,2080,9.1,0.93,5.2
1993-01-04,11.1,1.8,12.9,800,40.2,1.26,5.2
1993-01-05,0.1,-1.4,1.3,3720,0.5,0.5,2.5
1993-01-06,-2.3,-4.6,-0.1,8950,0.0,0.36,1.5
1993-01-07,-2.2,-5.0,1.4,7200,0.6,0.38,0.8
1993-01-08,-2.7,-4.7,-0.9,7620,1.5,0.39,3.4
1993-01-09,-3.0,-4.0,-0.9,4120,1.6,0.32,4.9
1993-01-10,-5.2,-5.8,-4.2,6610,11.5,0.36,3.9
1993-01-11,-5.8,-7.6,-4.5,7420,0.0,0.36,2.3
1993-01-12,-1.0,-4.8,1.7,3100,6.9,0.55,3.0
1993-01-13,-1.3,-4.7,2.2,4920,3.1,0.52,5.0
1993-01-14,-5.0,-6.6,-3.8,6930,0.0,0.38,2.6
1993-01-15,-6.4,-7.3,-4.9,5250,0.0,0.32,1.4
1993-01-16,-5.3,-11.8,-1.2,5690,0.0,0.37,1.9
1993-01-17,-4.3,-9.6,-0.8,6130,0.0,0.38,3.7
1993-01-18,-10.5,-16.6,-4.9,6550,0.0,0.22,1.5
1993-01-19,-9.6,-15.1,-2.8,11390,0.0,0.22,2.6
1993-01-20,-2.1,-7.9,4.3,4270,7.3,0.44,3.8
1993-01-21,4.1,1.2,5.7,1440,21.5,0.79,3.5
1993-01-22,1.4,-1.2,4.9,5580,0.9,0.58,3.7
1993-01-23,3.7,-2.8,9.3,4720,0.1,0.63,4.2
1993-01-24,0.0,-4.4,5.8,9930,6.3,0.45,4.4
1993-01-25,-4.7,-7.4,-0.5,11710,0.0,0.26,2.1
1993-01-26,-2.4,-7.4,4.2,8720,0.0,0.31,3.7
1993-01-27,0.9,-0.9,3.9,9880,0.2,0.48,2.2
1993-01-28,3.6,0.5,8.7,10480,0.1,0.59,4.3
1993-01-29,-5.2,-8.8,-0.5,12450,0.0,0.19,3.6
1993-01-30,-3.2,-7.9,3.7,12580,0.0,0.17,4.6
1993-01-31,3.6,-1.0,10.2,11600,0.0,0.47,5.5
1993-02-01,-0.4,-5.4,3.8,12540,0.0,0.37,3.9
1993-02-02,-3.2,-7.1,2.8,12560,0.0,0.24,1.7
1993-02-03,0.1,-4.5,7.2,11920,0.0,0.32,1.6
1993-02-04,1.1,-3.5,8.8,12880,0.0,0.42,2.0
1993-02-05,1.9,-4.2,10.5,12920,0.0,0.46,1.9
1993-02-06,-0.1,-1.8,2.4,5990,0.0,0.47,2.2
1993-02-07,1.1,-4.0,8.8,11780,0.0,0.48,2.5
1993-02-08,1.5,-0.3,3.3,5690,0.0,0.56,2.2
1993-02-09,2.7,-1.3,7.8,7000,0.0,0.59,2.4
1993-02-10,5.9,0.1,13.7,10530,0.0,0.79,1.7
1993-02-11,2.1,-1.0,4.7,4890,8.0,0.61,5.0
1993-02-12,-0.6,-1.9,2.5,3770,5.6,0.51,3.8
1993-02-13,-1.1,-2.9,1.6,8370,0.1,0.41,3.2
1993-02-14,-1.9,-2.7,-1.0,5530,0.0,0.38,3.0
1993-02-15,-2.8,-4.4,-1.0,6190,1.5,0.35,1.7
1993-02-16,-3.3,-7.4,-1.5,10290,12.0,0.43,4.4
1993-02-17,-11.7,-16.4,-8.6,15410,0.0,0.2,3.6
1993-02-18,-17.9,-21.6,-14.4,16070,0.0,0.11,3.8
1993-02-19,-12.0,-18.7,-4.6,14220,0.0,0.21,2.9
1993-02-20,-5.3,-12.3,-1.5,13940,1.6,0.36,1.8
1993-02-21,1.1,-2.1,3.8,3470,12.5,0.65,3.8
1993-02-22,-4.3,-6.5,-1.1,10900,3.5,0.38,4.8
1993-02-23,-9.7,-12.8,-6.1,13030,0.3,0.25,4.6
1993-02-24,-17.7,-22.5,-13.5,18080,0.0,0.12,2.8
1993-02-25,-11.5,-19.1,-6.0,8420,8.9,0.22,3.4
1993-02-26,-7.0,-10.8,-5.7,15470,2.2,0.3,4.2
1993-02-27,-12.4,-17.5,-6.9,16630,0.0,0.21,1.0
1993-02-28,-9.8,-16.1,-3.4,17040,0.0,0.26,1.7
1993-03-01,-1.8,-5.3,2.2,17990,0.0,0.47,3.7
1993-03-02,1.0,-2.1,3.8,10060,9.3,0.61,2.0
1993-03-03,3.6,2.6,5.7,3260,0.6,0.73,4.0
1993-03-04,1.5,0.3,3.2,2650,19.0,0.62,4.8
1993-03-05,-1.2,-4.9,0.5,14970,1.7,0.49,4.0
1993-03-06,-3.2,-11.2,5.0,18830,0.0,0.42,2.3
1993-03-07,2.2,-2.9,9.9,14940,0.7,0.58,3.2
1993-03-08,3.1,0.7,6.3,13010,1.5,0.59,4.5
1993-03-09,1.3,-3.4,5.8,15140,0.0,0.47,1.7
1993-03-10,2.9,0.2,7.1,14410,3.6,0.57,4.3
1993-03-11,-0.3,-2.9,2.8,11500,0.0,0.43,3.1
1993-03-12,-2.6,-4.9,0.2,14730,0.0,0.28,1.8
1993-03-13,-5.9,-11.6,-2.8,12970,0.3,0.22,4.9
1993-03-14,-8.0,-12.2,-3.4,18010,0.0,0.12,3.8
1993-03-15,-0.3,-9.1,9.4,19040,0.0,0.27,4.4
1993-03-16,3.2,1.2,5.7,3500,10.8,0.65,6.1
1993-03-17,-3.2,-9.2,4.4,18040,1.5,0.32,4.5
1993-03-18,-5.5,-10.0,0.2,21240,0.0,0.18,3.1
1993-03-19,-1.4,-5.3,2.4,6630,4.2,0.36,3.0
1993-03-20,2.6,1.1,4.4,4510,2.6,0.66,1.5
1993-03-21,2.7,-0.6,6.0,9970,0.6,0.6,1.1
1993-03-22,4.9,1.5,9.8,6130,15.2,0.77,3.6
1993-03-23,9.1,6.1,11.5,8250,8.9,0.97,3.2
1993-03-24,7.3,4.0,10.9,10110,0.0,0.77,1.3
1993-03-25,7.9,3.9,12.3,14110,0.0,0.81,2.5
1993-03-26,8.9,2.5,16.9,20310,0.0,0.92,3.3
1993-03-27,9.0,2.5,16.3,21920,0.0,0.85,3.1
1993-03-28,8.8,4.0,15.9,18480,0.0,0.81,2.3
1993-03-29,9.2,1.3,17.5,22110,0.0,0.83,1.4
1993-03-30,11.9,3.3,20.2,21740,0.0,0.99,2.5
1993-03-31,12.7,11.1,14.2,4020,15.8,1.25,2.7
1993-04-01,4.8,-1.1,11.9,3920,7.5,0.81,3.4
1993-04-02,0.3,-2.6,4.0,13860,0.6,0.4,3.7
1993-04-03,1.6,-5.1,7.6,21180,0.0,0.4,1.8
1993-04-04,2.7,-4.3,8.5,22950,0.0,0.42,2.4
1993-04-05,4.1,0.8,8.0,13350,0.1,0.55,2.8
1993-04-06,7.3,2.2,12.0,10050,0.0,0.77,1.8
1993-04-07,11.4,6.9,16.5,14310,0.4,0.94,2.7
1993-04-08,12.6,10.5,15.4,6310,7.2,1.21,4.4
1993-04-09,11.1,6.7,13.0,4950,9.0,1.16,3.1
1993-04-10,8.6,1.2,15.3,24870,0.0,0.73,1.3
1993-04-11,11.2,8.2,16.2,18380,2.1,0.84,5.1
1993-04-12,7.0,3.4,10.9,13840,0.0,0.71,3.3
1993-04-13,9.8,5.4,14.8,17540,0.3,0.77,3.0
1993-04-14,11.9,7.2,16.4,8940,13.0,1.12,3.6
1993-04-15,15.3,10.1,19.7,7390,18.8,1.46,5.2
1993-04-16,5.7,3.1,9.0,12120,0.2,0.64,5.4
1993-04-17,6.1,0.3,13.2,25170,0.0,0.57,3.1
1993-04-18,11.0,4.6,17.3,19900,0.0,0.8,3.7
1993-04-19,13.6,9.0,18.1,8930,9.1,1.18,4.3
1993-04-20,11.8,2.8,16.4,15780,5.0,1.1,5.4
1993-04-21,5.3,1.6,10.0,22750,0.0,0.44,4.5
1993-04-22,7.4,-1.3,14.7,22050,0.0,0.47,2.0
1993-04-23,11.1,2.8,19.0,20560,0.2,0.75,3.3
1993-04-24,16.4,12.9,20.7,11710,1.5,1.27,6.5
1993-04-25,12.4,7.8,15.7,12860,35.0,1.15,3.2
1993-04-26,9.6,5.9,14.2,26950,0.0,0.74,2.9
1993-04-27,10.5,3.8,17.8,26270,0.0,0.76,3.0
1993-04-28,16.0,11.3,22.0,18440,0.0,1.06,3.1
1993-04-29,15.3,13.9,16.8,8450,10.1,1.3,3.2
1993-04-30,14.9,9.7,21.2,24940,0.0,1.19,1.1
1993-05-01,16.9,12.1,23.3,22870,0.7,1.22,3.7
1993-05-02,17.0,12.8,21.1,14010,2.3,1.52,3.4
1993-05-03,16.3,15.1,18.9,7080,11.3,1.58,4.9
1993-05-04,16.6,14.9,19.5,14790,7.2,1.6,3.7
1993-05-05,17.7,14.2,22.6,16670,0.2,1.61,2.3
1993-05-06,17.4,10.1,24.5,26000,0.0,1.39,1.7
1993-05-07,19.2,14.9,24.7,18280,0.0,1.22,2.8
1993-05-08,21.0,15.2,27.3,27690,0.0,1.34,3.3
1993-05-09,22.4,16.5,28.6,25950,1.0,1.71,2.7
1993-05-10,22.9,17.6,28.8,25450,0.3,1.86,2.2
1993-05-11,22.0,16.6,27.6,20540,3.3,1.93,1.2
1993-05-12,18.2,12.0,25.3,20990,3.2,1.41,2.7
1993-05-13,11.6,8.0,16.4,29190,0.0,0.69,3.8
1993-05-14,13.9,4.4,22.1,28660,0.0,0.95,2.8
1993-05-15,18.7,14.8,23.6,28180,0.4,1.1,3.5
1993-05-16,13.7,11.0,17.3,16250,0.0,0.92,2.2
1993-05-17,14.5,7.4,20.5,25950,0.0,0.89,1.4
1993-05-18,15.1,11.0,18.9,14450,0.7,1.09,2.5
1993-05-19,11.1,5.8,15.6,25480,0.0,0.73,2.6
1993-05-20,10.6,3.7,16.3,27330,0.4,0.69,1.5
1993-05-21,12.7,5.6,17.9,24880,0.0,0.81,2.1
1993-05-22,15.4,6.9,22.4,27130,1.5,0.94,2.4
1993-05-23,17.5,12.8,24.9,14260,18.5,1.48,5.5
1993-05-24,19.6,16.6,23.6,23310,3.3,1.6,5.7
1993-05-25,14.5,11.1,17.0,12150,0.0,1.05,2.8
1993-05-26,16.7,9.9,22.5,29860,0.0,1.12,1.8
1993-05-27,18.6,12.1,24.3,25300,0.2,1.23,3.3
1993-05-28,20.1,12.6,26.0,17330,2.2,1.54,3.8
1993-05-29,14.5,9.1,20.1,28260,4.0,1.06,3.1
1993-05-30,17.4,11.8,24.9,16550,24.9,1.53,3.6
1993-05-31,14.5,11.1,19.0,14470,0.2,1.22,4.3
1993-06-01,12.1,5.5,16.7,30500,0.0,0.86,1.5
1993-06-02,13.4,9.6,16.6,13960,4.2,1.14,2.4
1993-06-03,15.3,12.3,18.7,10250,2.9,1.31,2.5
1993-06-04,15.1,13.2,17.5,9810,16.9,1.4,3.5
1993-06-05,14.9,11.3,19.1,22550,0.6,1.15,3.2
1993-06-06,16.3,8.9,21.7,25200,0.0,1.23,2.4
1993-06-07,19.9,14.9,25.8,9930,4.0,1.92,2.4
1993-06-08,23.7,20.9,27.2,15350,20.4,2.3,3.3
1993-06-09,23.8,19.9,27.7,25010,13.2,2.17,4.9
1993-06-10,22.4,18.0,26.0,19420,0.0,2.01,2.3
1993-06-11,21.7,15.2,26.6,21220,0.0,1.88,1.6
1993-06-12,21.2,17.2,25.7,20750,6.2,1.98,2.6
1993-06-13,22.7,17.5,27.6,22980,0.3,2.17,1.7
1993-06-14,22.7,19.7,25.6,16680,13.0,2.16,2.7
1993-06-15,19.1,15.0,23.0,29340,0.0,1.41,2.7
1993-06-16,18.9,11.6,25.7,28790,0.0,1.52,2.3
1993-06-17,23.7,16.8,30.2,29300,0.0,1.96,2.6
1993-06-18,25.0,20.5,29.3,22660,6.4,2.51,2.1
1993-06-19,25.6,21.5,29.1,23540,0.3,2.3,3.0
1993-06-20,22.4,20.2,24.8,12250,14.7,2.25,3.1
1993-06-21,20.7,17.7,23.5,19180,0.1,1.87,3.0
1993-06-22,21.9,15.1,28.0,28810,0.0,1.91,1.0
1993-06-23,22.9,16.9,28.0,25600,0.4,2.13,2.2
1993-06-24,24.7,20.5,29.7,25980,1.7,2.23,3.5
1993-06-25,22.3,18.7,24.2,9570,8.6,2.26,3.4
1993-06-26,21.9,16.0,27.5,27850,0.3,1.64,3.0
1993-06-27,22.6,18.6,27.3,22360,6.8,2.04,3.2
1993-06-28,22.5,19.5,27.4,19730,13.3,2.35,2.1
1993-06-29,21.5,17.0,25.4,22460,0.0,1.96,1.8
1993-06-30,21.2,19.1,25.0,14670,18.0,2.11,3.6
1993-07-01,20.3,17.7,23.4,6170,14.3,2.12,2.6
1993-07-02,22.9,17.9,28.3,19020,7.5,2.48,2.3
1993-07-03,24.5,20.3,29.7,21120,0.7,2.64,2.0
1993-07-04,27.0,22.9,31.5,28590,0.0,2.67,3.7
1993-07-05,27.5,24.1,30.8,27270,0.4,2.58,4.8
1993-07-06,25.4,23.0,28.7,18130,7.3,2.51,3.8
1993-07-07,24.3,21.0,28.4,15150,23.6,2.63,2.4
1993-07-08,25.8,21.6,30.2,25070,6.2,2.72,2.5
1993-07-09,26.4,23.6,30.4,24840,1.0,2.65,3.5
1993-07-10,24.9,20.6,29.1,20220,3.0,2.67,1.3
1993-07-11,25.0,21.9,30.0,23670,12.0,2.64,2.5
1993-07-12,23.5,20.3,26.5,24400,0.3,2.33,2.0
1993-07-13,22.3,15.5,28.7,27100,0.0,2.04,2.1
1993-07-14,23.9,20.8,27.2,15470,12.6,2.46,1.5
1993-07-15,22.4,19.0,25.3,14190,1.7,2.26,2.3
1993-07-16,22.3,19.8,24.8,13460,3.5,2.26,2.6
1993-07-17,23.5,21.1,26.2,12840,0.7,2.48,1.7
1993-07-18,25.9,22.1,31.2,23450,8.3,2.86,2.4
1993-07-19,24.8,22.1,28.0,22120,9.0,2.59,2.4
1993-07-20,22.9,18.2,26.4,27000,0.0,2.08,2.1
1993-07-21,21.5,18.1,25.2,24740,1.2,1.7,1.9
1993-07-22,20.4,16.3,24.7,20170,0.7,1.72,2.7
1993-07-23,21.6,18.6,26.2,13850,4.6,2.03,2.4
1993-07-24,23.7,19.5,28.5,14620,5.1,2.38,2.2
1993-07-25,27.2,24.0,30.8,19050,3.1,2.98,2.9
1993-07-26,26.2,23.3,28.8,28000,0.1,2.56,2.5
1993-07-27,25.5,19.3,31.0,25990,0.0,2.62,1.8
1993-07-28,26.7,22.8,29.7,24850,2.3,2.63,3.8
1993-07-29,22.0,19.0,24.5,20650,0.0,1.89,4.0
1993-07-30,20.8,16.8,24.5,26670,0.0,1.76,2.4
1993-07-31,21.3,16.1,26.3,25800,0.0,1.7,1.1
1993-08-01,23.7,20.8,28.1,17150,4.1,2.3,2.4
1993-08-02,21.4,17.4,24.9,25230,0.0,1.77,3.3
1993-08-03,21.3,16.6,26.8,25080,2.7,1.83,2.7
1993-08-04,19.4,16.3,22.4,22460,0.5,1.61,2.3
1993-08-05,17.6,11.0,22.2,20070,0.0,1.34,1.3
1993-08-06,18.4,15.9,21.7,15800,7.8,1.68,1.7
1993-08-07,18.1,11.6,22.8,19860,0.0,1.46,1.0
1993-08-08,19.9,13.7,24.7,20480,0.0,1.51,1.0
1993-08-09,21.2,14.8,26.8,21000,0.0,1.74,1.8
1993-08-10,22.3,20.0,26.2,12380,19.4,2.31,2.4
1993-08-11,23.4,18.3,28.3,22380,0.1,2.36,1.2
1993-08-12,22.3,21.4,23.9,4550,32.2,2.54,2.4
1993-08-13,23.4,19.3,27.6,16950,0.8,2.46,1.5
1993-08-14,24.6,19.1,29.0,21870,0.0,2.46,0.8
1993-08-15,24.9,20.1,29.3,19240,0.0,2.49,2.1
1993-08-16,24.2,21.4,28.3,13360,13.1,2.69,1.5
1993-08-17,24.3,21.7,27.8,14180,0.8,2.54,1.1
1993-08-18,24.2,19.4,29.2,21660,0.0,2.37,1.8
1993-08-19,24.6,20.1,29.5,18790,14.6,2.59,2.2
1993-08-20,23.5,19.2,27.1,21350,4.4,2.33,2.8
1993-08-21,20.9,17.4,25.0,16840,1.1,1.97,2.1
1993-08-22,21.2,15.5,26.5,19370,0.0,1.85,2.0
1993-08-23,24.6,20.7,30.6,21140,8.7,2.56,3.2
1993-08-24,25.3,22.1,29.0,16930,1.0,2.74,2.5
1993-08-25,24.7,21.2,29.7,17650,9.4,2.73,1.4
1993-08-26,26.4,22.4,31.0,20820,1.1,2.86,1.7
1993-08-27,27.0,23.0,31.0,21180,0.0,2.83,2.5
1993-08-28,24.9,22.0,27.8,14620,0.2,2.56,1.4
1993-08-29,24.8,20.6,29.8,18400,2.9,2.63,1.4
1993-08-30,25.8,22.3,29.8,20390,3.6,2.77,2.6
1993-08-31,21.4,17.9,24.4,4720,25.9,2.36,2.6
1993-09-01,19.1,14.1,23.6,14170,0.0,1.72,2.0
1993-09-02,21.2,18.6,23.5,4950,14.7,2.31,2.7
1993-09-03,20.0,17.0,20.9,4270,29.3,2.2,2.1
1993-09-04,17.7,13.4,22.1,14920,0.0,1.6,1.8
1993-09-05,19.2,14.8,24.6,15330,0.3,1.75,1.8
1993-09-06,18.1,16.4,20.8,8580,12.9,1.77,1.9
1993-09-07,17.3,13.3,21.5,20570,0.0,1.33,1.9
1993-09-08,16.7,13.1,21.2,16370,1.0,1.4,1.2
1993-09-09,18.2,13.1,23.7,20690,0.7,1.5,3.7
1993-09-10,15.5,12.7,18.1,18230,0.0,1.04,4.0
1993-09-11,13.8,6.5,19.5,21950,0.2,1.04,1.9
1993-09-12,19.1,14.6,24.3,14870,10.7,1.49,5.2
1993-09-13,23.9,20.0,27.3,15480,0.0,1.77,5.3
1993-09-14,23.4,15.3,27.4,11150,27.2,2.21,5.8
1993-09-15,14.7,13.4,16.5,6280,0.7,1.24,3.4
1993-09-16,14.0,11.7,16.2,10140,0.0,1.09,2.0
1993-09-17,14.4,11.5,17.2,13780,0.0,1.12,1.6
1993-09-18,15.6,11.5,19.5,13940,0.0,1.25,1.5
1993-09-19,17.0,12.6,21.5,13620,0.0,1.48,2.7
1993-09-20,18.2,15.6,22.1,11100,1.4,1.59,2.8
1993-09-21,16.9,13.7,19.3,10390,0.0,1.52,2.6
1993-09-22,16.9,13.2,21.4,7620,5.2,1.67,2.9
1993-09-23,17.2,10.6,18.9,7720,1.5,1.68,2.8
1993-09-24,13.0,7.6,18.6,15830,0.0,1.17,1.9
1993-09-25,14.8,13.2,16.0,2310,25.1,1.55,2.8
1993-09-26,15.9,13.8,17.9,10500,0.9,1.43,3.2
1993-09-27,11.8,8.9,14.6,12230,13.1,1.0,4.5
1993-09-28,12.1,8.7,16.7,16530,0.6,0.83,4.2
1993-09-29,8.7,5.2,12.1,13960,0.0,0.72,3.2
1993-09-30,8.3,0.7,14.3,18820,0.0,0.67,2.7
1993-10-01,15.6,10.9,21.5,11030,1.4,1.14,5.1
1993-10-02,11.1,7.0,15.4,14850,0.0,0.72,3.0
1993-10-03,11.0,4.3,18.7,17840,0.0,0.73,4.0
1993-10-04,15.6,11.1,22.1,16300,0.0,1.17,4.5
1993-10-05,10.3,4.4,15.7,17960,0.0,0.76,1.7
1993-10-06,14.4,8.1,22.4,16910,0.0,1.11,3.0
1993-10-07,19.0,13.9,25.1,16810,0.0,1.61,3.3
1993-10-08,18.8,13.6,24.1,13390,2.9,1.64,2.6
1993-10-09,11.4,7.3,17.6,3700,11.7,1.11,4.9
1993-10-10,7.2,5.2,10.1,16420,0.0,0.59,1.1
1993-10-11,7.1,2.4,12.4,14660,0.0,0.68,1.6
1993-10-12,9.4,5.1,15.5,11420,0.0,0.86,3.4
1993-10-13,7.4,3.5,11.8,16050,0.0,0.62,2.1
1993-10-14,8.2,1.3,15.9,11510,0.0,0.76,1.5
1993-10-15,15.0,9.9,21.3,12370,0.0,1.17,2.7
1993-10-16,17.1,15.1,19.9,5070,13.0,1.77,3.2
1993-10-17,14.6,9.7,16.4,5640,13.9,1.5,3.3
1993-10-18,11.0,5.5,16.0,14170,0.0,0.99,1.7
1993-10-19,14.7,12.5,17.8,6200,0.7,1.38,1.0
1993-10-20,15.2,13.6,18.2,3130,9.5,1.61,1.9
1993-10-21,9.5,6.0,14.3,14960,0.2,0.68,5.2
1993-10-22,7.9,2.1,13.8,14970,0.0,0.59,1.7
1993-10-23,8.9,2.4,16.9,14490,0.0,0.77,2.5
1993-10-24,12.0,7.4,18.8,14220,0.0,0.88,2.9
1993-10-25,12.2,5.8,19.2,14070,0.0,1.0,2.2
1993-10-26,12.8,9.3,17.5,12070,0.0,1.11,2.7
1993-10-27,7.5,4.0,10.3,5610,0.0,0.63,3.4
1993-10-28,7.1,1.9,12.4,11690,0.0,0.58,4.9
1993-10-29,5.0,2.3,11.0,12150,0.0,0.42,3.9
1993-10-30,2.1,0.7,4.2,6050,4.1,0.5,2.9
1993-10-31,1.5,-0.9,4.8,10340,0.4,0.53,3.9
1993-11-01,1.3,-2.8,5.9,13310,0.0,0.41,2.3
1993-11-02,4.6,0.9,9.1,7870,0.2,0.5,3.9
1993-11-03,8.0,5.2,12.3,11220,2.8,0.76,4.4
1993-11-04,9.9,6.2,13.4,4440,0.0,0.99,5.0
1993-11-05,7.5,2.8,13.1,6440,0.6,0.82,4.8
1993-11-06,0.7,-1.3,2.4,7760,0.3,0.42,3.5
1993-11-07,-2.1,-6.1,2.2,12240,0.0,0.31,3.4
1993-11-08,2.4,-1.5,8.7,12060,0.0,0.45,3.8
1993-11-09,4.5,-0.8,11.0,11830,0.0,0.58,1.7
1993-11-10,5.0,0.5,12.0,11100,0.0,0.67,2.4
1993-11-11,7.3,-0.1,13.7,8760,0.0,0.82,3.6
1993-11-12,10.6,8.4,13.9,4280,3.0,1.06,2.8
1993-11-13,14.1,10.2,18.8,3630,4.4,1.39,5.4
1993-11-14,9.7,8.8,12.7,830,38.9,1.08,2.3
1993-11-15,7.9,5.8,9.2,2620,0.0,0.88,3.1
1993-11-16,6.4,3.3,10.1,8930,0.0,0.76,1.6
1993-11-17,6.1,3.4,7.0,1850,33.8,0.85,4.0
1993-11-18,4.0,0.1,9.7,10350,0.0,0.65,2.3
1993-11-19,5.9,1.7,8.2,2300,0.4,0.73,4.7
1993-11-20,1.0,-3.5,5.9,10480,0.0,0.31,3.9
1993-11-21,5.3,1.7,10.5,9860,0.0,0.46,5.1
1993-11-22,6.7,2.5,12.0,9720,0.0,0.62,3.3
1993-11-23,7.4,4.1,11.2,5670,0.4,0.65,3.2
1993-11-24,8.5,6.7,11.2,3400,3.1,0.9,2.5
1993-11-25,6.7,3.9,9.5,4830,7.1,0.81,4.1
1993-11-26,2.9,-3.9,9.2,1260,12.2,0.71,2.8
1993-11-27,-3.1,-7.0,2.3,10090,0.0,0.3,2.3
1993-11-28,-0.9,-3.1,1.7,5040,2.5,0.43,2.8
1993-11-29,-1.8,-3.9,0.9,6580,0.0,0.38,2.9
1993-11-30,-0.9,-3.0,2.7,8590,0.0,0.42,1.9
1993-12-01,2.3,-2.5,9.0,9080,0.0,0.56,3.0
1993-12-02,7.3,1.9,10.3,2410,8.7,0.88,3.9
1993-12-03,3.8,0.1,7.4,4230,0.6,0.75,1.7
1993-12-04,6.4,4.9,7.0,1590,9.7,0.89,3.7
1993-12-05,4.4,2.7,7.2,8390,0.0,0.68,2.2
1993-12-06,3.3,-0.4,5.1,2290,0.0,0.57,5.1
1993-12-07,0.0,-3.7,4.8,8190,0.0,0.4,2.0
1993-12-08,1.3,-1.2,4.6,8150,0.0,0.52,2.7
1993-12-09,4.6,-0.8,8.8,2740,0.0,0.7,3.8
1993-12-10,7.2,1.6,11.8,5540,0.4,0.87,5.1
1993-12-11,-1.6,-4.3,1.2,6180,0.0,0.33,4.0
1993-12-12,-1.4,-5.5,4.0,8590,0.0,0.35,3.0
1993-12-13,3.1,-0.5,7.6,5500,0.0,0.36,3.9
1993-12-14,4.3,2.0,7.2,2800,6.8,0.62,3.1
1993-12-15,4.0,2.0,6.4,2510,1.8,0.63,3.0
1993-12-16,4.5,1.6,6.8,7340,0.0,0.64,1.8
1993-12-17,3.7,1.6,5.1,1630,0.8,0.72,2.4
1993-12-18,4.0,2.3,4.8,4400,6.1,0.71,4.1
1993-12-19,1.7,0.4,2.9,2430,0.0,0.53,2.8
1993-12-20,1.0,-1.1,2.3,2070,5.0,0.54,3.4
1993-12-21,-3.0,-4.2,-1.5,5750,0.0,0.31,3.5
1993-12-22,-1.5,-4.0,0.7,6040,0.2,0.4,2.9
1993-12-23,-4.4,-6.4,-2.0,7010,0.0,0.29,2.7
1993-12-24,-6.4,-8.9,-4.4,7910,0.1,0.21,3.1
1993-12-25,-7.4,-12.7,-4.7,7200,1.9,0.24,4.0
1993-12-26,-11.4,-14.3,-8.3,8160,2.4,0.17,2.1
1993-12-27,-10.3,-14.2,-6.9,5610,0.0,0.19,1.7
1993-12-28,-8.9,-12.6,-6.9,7580,0.0,0.22,2.3
1993-12-29,-9.8,-17.4,-5.2,5750,0.0,0.21,4.7
1993-12-30,-12.1,-17.3,-6.5,7650,1.1,0.15,3.7
1993-12-31,-2.3,-6.0,1.4,7640,0.0,0.37,3.7
1994-01-01,1.9,-0.6,6.2,4810,1.0,0.55,5.4
1994-01-02,-0.6,-2.2,0.7,4290,0.0,0.45,1.9
1994-01-03,-1.6,-3.5,0.6,5230,0.0,0.4,2.9
1994-01-04,-3.8,-6.0,-0.3,6230,0.0,0.31,4.4
1994-01-05,-4.7,-6.7,-2.1,6180,0.5,0.28,3.1
1994-01-06,0.1,-1.8,1.9,1880,4.3,0.52,2.6
1994-01-07,-7.8,-17.0,-0.9,4730,0.8,0.31,3.6
1994-01-08,-16.6,-20.0,-11.4,9320,0.0,0.11,3.6
1994-01-09,-11.7,-18.2,-4.6,9260,0.0,0.16,1.5
1994-01-10,-3.7,-10.4,1.1,5960,2.8,0.31,3.9
1994-01-11,0.9,0.0,1.7,3110,0.0,0.6,2.4
1994-01-12,0.8,-0.4,2.8,4240,0.0,0.59,1.8
1994-01-13,-2.5,-6.9,0.3,3910,1.0,0.42,2.3
1994-01-14,-16.1,-20.6,-8.3,10810,0.0,0.11,4.7
1994-01-15,-22.4,-25.3,-19.3,11040,0.0,0.05,4.2
1994-01-16,-16.7,-22.9,-9.4,2880,9.3,0.1,3.1
1994-01-17,-14.3,-23.8,-7.7,10020,3.3,0.18,4.2
1994-01-18,-28.8,-31.4,-24.9,11560,0.0,0.04,4.5
1994-01-19,-26.4,-33.6,-18.0,8120,2.7,0.06,2.3
1994-01-20,-20.4,-25.1,-15.9,11420,0.0,0.1,1.3
1994-01-21,-18.2,-26.2,-8.3,10920,0.0,0.13,3.1
1994-01-22,-6.2,-10.3,-0.4,11430,0.0,0.34,2.5
1994-01-23,1.9,0.7,3.0,5160,0.0,0.67,4.5
1994-01-24,2.5,1.3,4.2,4090,0.0,0.71,2.6
1994-01-25,1.9,-1.9,3.8,1020,3.7,0.69,2.5
1994-01-26,-4.3,-6.5,-2.5,3810,0.1,0.3,4.8
1994-01-27,4.2,-6.2,11.4,1350,12.9,0.83,4.8
1994-01-28,1.2,-4.4,9.4,4190,13.5,0.59,4.7
1994-01-29,-3.4,-6.4,-0.3,7310,0.0,0.31,2.2
1994-01-30,-3.2,-6.1,0.9,9190,0.0,0.33,2.0
1994-01-31,-8.4,-12.8,-5.8,11470,1.3,0.2,3.5
1994-02-01,-11.5,-15.9,-6.5,12510,0.0,0.12,2.6
1994-02-02,-4.8,-10.2,0.9,11100,0.0,0.22,4.5
1994-02-03,-8.7,-14.4,-3.4,13450,0.0,0.14,4.4
1994-02-04,-4.2,-7.6,-0.4,11950,0.7,0.23,1.9
1994-02-05,-3.6,-8.3,2.6,12750,0.0,0.2,2.5
1994-02-06,-1.3,-8.0,7.3,13340,0.0,0.3,3.3
1994-02-07,-6.7,-8.6,-3.9,9070,1.7,0.21,3.1
1994-02-08,-8.5,-9.7,-7.1,4050,8.1,0.26,3.9
1994-02-09,-11.3,-14.3,-9.1,8410,0.7,0.19,3.4
1994-02-10,-12.2,-18.2,-6.2,13920,0.0,0.16,2.6
1994-02-11,-7.5,-10.7,-1.8,14430,0.0,0.23,2.7
1994-02-12,-3.7,-9.2,1.4,5280,0.8,0.42,3.2
1994-02-13,-3.2,-7.1,1.4,14310,0.0,0.37,3.9
1994-02-14,0.6,-6.1,9.4,14860,0.0,0.36,4.3
1994-02-15,3.2,-1.6,7.1,14960,0.0,0.47,3.7
1994-02-16,0.6,-6.6,9.2,15160,0.0,0.44,2.1
1994-02-17,5.5,0.6,12.6,10840,0.0,0.6,3.4
1994-02-18,8.3,1.6,16.4,14380,0.0,0.7,3.7
1994-02-19,13.6,10.8,16.6,7230,0.4,1.05,5.6
1994-02-20,13.2,6.7,15.4,8160,4.5,1.22,4.5
1994-02-21,4.0,-1.7,5.9,7480,0.0,0.62,2.3
1994-02-22,-1.9,-4.3,2.0,5700,7.7,0.36,4.9
1994-02-23,-2.4,-6.1,0.5,6930,4.7,0.47,3.8
1994-02-24,-8.6,-10.4,-6.7,13880,0.2,0.26,4.0
1994-02-25,-7.1,-12.0,0.4,6770,5.1,0.31,4.9
1994-02-26,-11.8,-15.1,-10.1,16250,0.0,0.2,3.1
1994-02-27,-15.0,-23.6,-7.9,18260,0.0,0.16,1.8
1994-02-28,-4.5,-11.4,-0.3,11850,0.9,0.34,2.2
1994-03-01,-1.5,-3.2,1.5,14880,1.4,0.46,3.0
1994-03-02,-4.0,-7.3,-0.8,18330,0.0,0.37,4.0
1994-03-03,-2.2,-9.2,5.5,17900,0.0,0.45,2.8
1994-03-04,4.1,0.3,8.9,17510,0.0,0.67,3.7
1994-03-05,4.1,-3.8,13.5,17480,0.0,0.66,1.9
1994-03-06,10.4,6.2,17.3,17160,0.5,0.85,3.0
1994-03-07,6.4,3.1,9.2,6630,11.8,0.72,2.2
1994-03-08,1.0,-2.5,3.5,16430,0.0,0.26,3.7
1994-03-09,-1.6,-3.7,1.0,7000,0.0,0.29,3.2
1994-03-10,-0.7,-5.4,5.0,16620,0.0,0.31,2.5
1994-03-11,-0.3,-5.3,5.8,18960,0.0,0.37,1.5
1994-03-12,5.4,-1.3,13.5,18050,0.0,0.56,3.6
1994-03-13,7.2,3.3,11.1,13570,3.2,0.72,2.8
1994-03-14,5.1,-1.9,11.3,11940,0.4,0.64,3.1
1994-03-15,6.3,0.9,9.9,17110,0.3,0.62,4.8
1994-03-16,-2.4,-5.8,1.3,21160,0.0,0.27,3.6
1994-03-17,-1.4,-7.6,4.9,15490,0.6,0.21,2.7
1994-03-18,4.8,-1.2,10.2,12450,0.7,0.55,4.8
1994-03-19,2.0,-5.2,9.0,18250,0.0,0.48,1.4
1994-03-20,7.5,3.2,13.9,8210,0.2,0.69,3.5
1994-03-21,10.6,4.7,15.0,5100,1.2,1.04,4.3
1994-03-22,9.3,1.3,17.8,21080,0.0,0.6,4.3
1994-03-23,14.5,7.2,21.2,21120,0.0,0.88,4.8
1994-03-24,10.7,4.2,17.4,20630,1.2,0.85,4.6
1994-03-25,2.6,-0.6,6.7,22140,0.0,0.41,2.7
1994-03-26,3.9,-0.4,9.7,9970,9.4,0.58,2.8
1994-03-27,5.4,3.6,7.4,7790,5.1,0.72,2.4
1994-03-28,4.1,-2.1,8.7,18520,0.3,0.57,2.3
1994-03-29,2.4,-2.4,6.6,14600,0.0,0.42,3.0
1994-03-30,1.9,-4.3,7.0,16490,0.0,0.38,1.8
1994-03-31,2.4,-4.7,9.2,23480,0.0,0.43,2.1
1994-04-01,8.8,1.5,18.1,23090,0.0,0.63,3.5
1994-04-02,13.6,6.9,21.8,21410,1.3,0.92,3.9
1994-04-03,4.8,0.7,9.9,23900,8.0,0.56,3.2
1994-04-04,6.5,-0.9,14.1,23400,0.0,0.57,3.4
1994-04-05,6.8,1.2,10.7,6690,4.8,0.7,4.1
1994-04-06,0.1,-1.9,1.4,6700,15.9,0.53,4.5
1994-04-07,-1.1,-8.0,5.5,26000,0.0,0.37,1.9
1994-04-08,6.1,-2.2,14.9,21060,0.2,0.55,3.8
1994-04-09,12.9,9.9,16.8,11690,2.0,1.04,3.5
1994-04-10,9.3,6.3,13.6,11270,13.2,0.84,3.0
1994-04-11,5.7,5.1,7.0,2500,23.7,0.75,4.7
1994-04-12,13.3,5.6,22.1,10000,21.1,1.29,4.8
1994-04-13,9.1,8.2,11.0,7310,0.5,0.79,4.2
1994-04-14,14.7,5.4,23.9,24830,0.0,1.1,3.3
1994-04-15,16.0,8.4,19.0,10950,10.1,1.26,5.9
1994-04-16,11.3,7.5,15.8,24830,0.0,0.53,5.8
1994-04-17,11.9,6.5,17.7,26400,0.0,0.65,3.6
1994-04-18,16.2,7.3,25.2,22940,0.7,1.02,4.4
1994-04-19,16.1,12.3,18.4,26240,0.0,0.92,3.6
1994-04-20,11.8,5.0,16.8,26440,0.3,0.67,1.9
1994-04-21,11.0,7.6,14.6,17360,0.8,0.72,2.0
1994-04-22,8.6,2.8,14.5,27590,0.0,0.46,2.8
1994-04-23,10.1,1.1,18.1,27560,0.0,0.6,2.5
1994-04-24,16.9,9.6,25.0,26450,0.0,1.02,4.1
1994-04-25,21.2,15.7,26.9,24260,0.0,1.58,4.5
1994-04-26,22.3,18.3,27.5,18770,0.0,1.82,5.2
1994-04-27,18.1,12.4,21.5,26830,3.9,1.34,3.6
1994-04-28,11.8,7.0,18.9,4990,41.4,1.25,3.7
1994-04-29,12.8,8.7,18.2,19970,1.0,1.04,3.3
1994-04-30,6.6,4.0,8.7,4110,17.5,0.75,3.6
1994-05-01,5.8,2.7,10.1,15670,0.0,0.61,3.2
1994-05-02,8.3,0.8,14.8,21470,0.0,0.65,1.5
1994-05-03,10.4,6.6,15.4,16540,0.0,0.71,2.9
1994-05-04,10.9,3.8,16.7,18990,0.0,0.91,1.4
1994-05-05,14.4,8.2,21.2,22350,3.6,1.08,3.0
1994-05-06,10.2,7.6,12.7,10470,6.8,0.91,1.9
1994-05-07,9.2,7.4,10.4,4840,18.1,0.97,3.5
1994-05-08,11.2,3.3,18.4,27190,0.0,0.88,1.9
1994-05-09,14.2,8.9,20.7,22110,0.0,0.92,3.1
1994-05-10,13.8,6.9,20.5,29040,0.0,0.81,1.9
1994-05-11,16.7,10.1,24.5,21320,8.4,1.15,4.8
1994-05-12,13.2,7.2,18.0,28580,0.0,0.94,2.6
1994-05-13,13.7,6.9,20.1,27300,0.0,0.91,2.1
1994-05-14,15.9,10.6,22.2,14080,6.3,1.4,3.6
1994-05-15,19.1,16.0,22.9,20770,0.4,1.64,3.5
1994-05-16,12.6,7.8,17.1,28820,0.0,0.95,3.7
1994-05-17,11.1,4.7,18.1,29290,0.0,0.85,2.9
1994-05-18,11.9,4.8,19.2,29260,0.0,0.88,2.8
1994-05-19,13.3,5.3,20.0,29360,0.0,0.96,2.1
1994-05-20,15.4,7.8,21.8,29130,0.0,1.1,1.7
1994-05-21,18.3,10.2,25.1,28960,0.0,1.23,1.0
1994-05-22,20.4,11.9,27.6,28890,0.0,1.43,1.7
1994-05-23,22.5,16.6,28.5,26020,0.2,1.64,2.1
1994-05-24,21.7,17.7,28.7,23250,13.4,1.83,2.9
1994-05-25,20.1,17.2,25.1,20330,1.7,1.92,2.5
1994-05-26,14.4,9.4,17.3,23900,1.8,1.26,4.4
1994-05-27,11.6,6.3,16.4,25390,0.0,0.82,1.4
1994-05-28,15.1,7.7,22.0,29040,0.0,0.98,1.9
1994-05-29,18.8,11.6,25.2,29960,0.0,1.1,2.9
1994-05-30,21.0,16.7,27.3,18950,0.2,1.62,2.8
1994-05-31,23.0,18.6,28.5,22980,0.6,2.06,3.7
1994-06-01,18.7,13.7,23.3,27950,0.7,1.15,2.9
1994-06-02,14.6,11.4,19.2,20700,0.9,0.64,2.4
1994-06-03,16.2,7.8,23.4,29100,0.0,0.95,1.3
1994-06-04,19.5,10.8,26.2,29520,0.0,1.26,1.0
1994-06-05,22.1,12.4,29.2,27530,0.0,1.48,2.7
1994-06-06,24.7,20.0,29.5,23860,7.7,2.16,2.6
1994-06-07,23.8,17.6,30.0,27870,0.1,1.8,2.3
1994-06-08,15.6,13.0,18.7,7940,9.6,1.39,4.2
1994-06-09,17.4,13.4,22.4,18490,0.0,1.07,2.5
1994-06-10,20.3,15.3,26.0,24130,0.0,1.23,1.6
1994-06-11,20.8,12.6,26.3,26330,0.0,1.35,2.0
1994-06-12,22.4,17.8,28.8,24040,3.8,1.86,2.5
1994-06-13,25.9,20.7,31.4,25310,0.1,2.34,4.2
1994-06-14,27.3,21.4,32.8,27190,5.7,2.48,3.8
1994-06-15,28.2,23.3,33.4,27780,0.4,2.38,2.8
1994-06-16,27.8,21.9,32.8,25570,1.8,2.29,1.1
1994-06-17,27.4,21.3,32.3,26250,0.1,2.5,1.6
1994-06-18,28.7,22.7,34.3,27180,0.0,2.38,1.8
1994-06-19,28.9,23.5,34.1,26330,0.3,2.4,2.0
1994-06-20,28.3,23.6,33.6,26590,0.7,2.51,1.6
1994-06-21,27.0,23.9,31.8,22720,2.2,2.5,2.5
1994-06-22,24.0,15.7,30.6,30450,0.0,1.36,1.6
1994-06-23,24.8,21.3,30.3,16170,22.7,2.08,2.1
1994-06-24,20.5,17.3,23.2,7020,18.2,2.13,4.5
1994-06-25,20.6,15.0,25.7,24760,0.0,1.57,3.3
1994-06-26,20.8,19.0,24.7,13380,21.8,2.1,2.2
1994-06-27,20.9,16.3,25.3,29540,0.0,1.79,1.8
1994-06-28,23.1,18.0,29.1,25470,2.1,1.89,3.0
1994-06-29,21.9,19.8,24.2,22070,4.5,1.83,3.7
1994-06-30,21.6,16.2,26.2,27440,0.0,1.82,1.4
1994-07-01,24.1,18.6,29.9,28230,0.0,1.94,2.7
1994-07-02,22.8,19.9,26.4,20120,6.4,2.13,2.7
1994-07-03,22.9,19.6,27.9,19130,7.5,2.35,3.0
1994-07-04,26.4,22.0,30.7,24580,0.3,2.57,3.3
1994-07-05,27.8,23.9,31.6,25140,3.1,2.72,2.5
1994-07-06,26.5,23.6,29.8,20110,2.6,2.78,1.9
1994-07-07,25.3,21.9,29.5,19130,15.8,2.73,2.3
1994-07-08,23.9,22.1,28.6,12410,8.6,2.54,3.7
1994-07-09,20.6,16.4,23.9,21390,0.0,1.81,3.6
1994-07-10,19.5,16.4,22.4,18920,0.1,1.7,2.1
1994-07-11,20.1,14.3,25.3,28730,0.0,1.65,1.3
1994-07-12,23.5,17.7,28.9,26820,0.0,1.97,1.8
1994-07-13,23.7,17.6,28.6,24580,0.7,2.34,1.7
1994-07-14,24.0,20.6,29.5,20410,4.2,2.53,1.6
1994-07-15,22.6,19.1,25.8,23490,0.0,2.13,2.1
1994-07-16,22.0,14.9,27.2,26280,0.0,1.79,1.4
1994-07-17,23.1,19.5,27.0,19630,2.2,2.11,1.9
1994-07-18,23.6,17.6,28.2,28640,0.0,1.91,1.3
1994-07-19,24.9,19.5,30.7,20810,0.4,2.13,2.7
1994-07-20,27.5,23.2,31.8,24620,4.5,2.63,3.1
1994-07-21,23.9,22.0,26.2,14170,12.8,2.58,2.3
1994-07-22,22.9,19.8,25.6,22060,0.2,2.18,2.7
1994-07-23,22.9,18.1,26.8,22850,0.0,2.09,1.9
1994-07-24,23.0,19.6,27.8,19720,1.0,2.19,2.4
1994-07-25,22.0,16.7,26.4,25380,0.0,1.89,2.0
1994-07-26,20.6,16.0,24.5,24220,0.0,1.57,2.1
1994-07-27,18.9,14.6,23.3,20690,2.1,1.6,1.6
1994-07-28,19.0,14.4,23.2,21010,0.1,1.61,2.1
1994-07-29,20.0,13.4,25.6,26330,0.1,1.57,1.4
1994-07-30,21.2,15.6,26.2,22550,0.0,1.72,1.1
1994-07-31,23.0,18.3,27.6,21170,0.0,1.63,2.3
1994-08-01,24.6,18.6,30.3,26810,0.0,1.68,2.4
1994-08-02,23.2,17.9,28.1,22440,2.8,2.18,1.2
1994-08-03,24.3,17.8,29.7,22420,0.1,2.13,1.9
1994-08-04,23.5,19.6,25.3,12190,13.4,2.22,3.2
1994-08-05,17.5,14.9,19.8,21640,0.0,1.28,3.4
1994-08-06,17.2,12.4,21.0,21120,0.0,1.19,1.8
1994-08-07,18.8,11.2,25.1,27100,0.0,1.38,1.3
1994-08-08,22.6,15.9,29.2,22350,0.2,1.9,2.6
1994-08-09,20.1,17.1,22.9,25690,0.0,1.61,3.0
1994-08-10,18.4,13.2,23.1,14640,0.0,1.41,1.8
1994-08-11,21.9,19.0,25.9,12250,6.0,2.04,2.7
1994-08-12,22.6,19.1,26.7,17900,1.4,2.09,1.6
1994-08-13,26.5,22.0,31.0,19160,16.8,2.39,4.0
1994-08-14,20.8,16.3,23.2,20590,8.3,1.9,2.8
1994-08-15,18.0,11.5,22.8,20710,0.0,1.39,0.9
1994-08-16,19.2,12.4,25.0,24420,0.0,1.52,1.5
1994-08-17,20.7,14.4,26.4,25140,0.0,1.71,1.5
1994-08-18,22.0,15.5,27.6,22990,0.0,1.89,1.4
1994-08-19,24.9,19.8,30.8,22800,0.0,1.87,2.7
1994-08-20,22.4,19.6,24.6,6960,5.7,1.99,3.2
1994-08-21,19.8,16.8,23.4,16220,0.6,1.83,3.0
1994-08-22,20.1,14.5,25.6,23410,0.0,1.69,1.4
1994-08-23,22.0,18.0,26.2,15220,0.0,1.76,1.9
1994-08-24,24.1,19.4,29.1,18780,0.2,1.91,2.9
1994-08-25,25.7,20.9,31.0,22710,0.0,1.98,2.1
1994-08-26,25.0,21.5,29.0,16780,0.2,2.06,2.2
1994-08-27,25.5,20.5,30.5,20130,0.0,2.21,1.9
1994-08-28,24.8,19.6,28.7,9950,18.8,2.23,4.0
1994-08-29,18.9,12.9,24.2,22740,0.0,1.53,1.3
1994-08-30,17.9,14.9,20.7,5950,6.6,1.64,2.8
1994-08-31,20.1,16.4,22.6,15850,4.3,1.91,2.8
1994-09-01,15.9,12.7,19.1,20400,0.0,1.19,2.6
1994-09-02,15.4,9.9,20.6,22040,0.0,1.09,2.0
1994-09-03,16.1,11.9,20.9,16260,0.7,1.15,2.0
1994-09-04,15.9,11.0,21.0,14920,3.5,1.23,2.5
1994-09-05,17.6,14.8,21.5,10720,4.6,1.65,2.2
1994-09-06,19.6,15.3,23.6,18030,0.0,1.66,2.3
1994-09-07,19.1,14.6,24.0,20240,0.0,1.45,1.4
1994-09-08,19.1,12.1,25.4,22040,0.0,1.46,1.6
1994-09-09,21.5,16.3,27.6,19650,0.0,1.66,1.9
1994-09-10,22.8,17.9,28.5,18040,0.0,1.81,1.7
1994-09-11,22.4,17.2,28.0,19720,0.0,1.99,1.3
1994-09-12,23.2,17.4,28.8,18240,0.0,1.85,1.7
1994-09-13,24.5,20.0,29.8,17110,0.0,1.78,3.0
1994-09-14,25.5,20.7,30.5,17040,0.0,1.85,3.0
1994-09-15,25.6,21.2,30.3,17580,0.0,1.72,3.4
1994-09-16,24.9,20.9,29.7,17010,1.1,1.83,4.1
1994-09-17,20.2,16.5,23.7,14260,0.0,1.55,3.4
1994-09-18,18.6,12.8,24.6,20590,0.0,1.17,2.1
1994-09-19,19.3,12.6,25.7,17090,0.0,1.14,1.7
1994-09-20,20.9,15.0,27.2,19020,0.0,1.17,1.8
1994-09-21,20.9,14.4,27.2,18780,0.0,1.19,1.8
1994-09-22,21.9,17.1,26.5,14360,0.8,1.29,2.9
1994-09-23,18.9,17.2,21.8,6410,9.9,1.59,2.5
1994-09-24,17.1,14.3,20.6,8650,9.0,1.53,2.2
1994-09-25,13.2,10.2,16.6,7630,3.7,1.23,1.4
1994-09-26,12.9,9.6,16.6,8860,2.3,1.27,2.1
1994-09-27,13.7,11.7,15.6,5320,0.1,1.19,3.2
1994-09-28,14.6,11.3,17.8,14760,0.0,0.98,4.2
1994-09-29,13.9,8.5,19.9,18670,0.0,0.99,1.8
1994-09-30,17.8,10.3,26.0,17290,0.0,1.29,3.1
1994-10-01,21.3,15.9,26.7,14480,0.0,1.62,4.0
1994-10-02,16.2,12.8,20.5,16330,0.0,1.12,4.1
1994-10-03,14.0,9.6,19.4,17400,0.0,0.81,3.6
1994-10-04,12.8,8.0,17.8,12150,0.0,0.9,2.2
1994-10-05,12.7,8.3,16.1,10520,0.0,0.97,1.2
1994-10-06,15.1,9.1,22.0,16910,0.0,1.03,3.0
1994-10-07,19.8,15.0,25.5,14370,0.0,1.35,5.0
1994-10-08,18.2,11.5,22.5,5840,18.1,1.55,4.3
1994-10-09,11.6,7.9,15.2,16750,1.6,0.82,3.4
1994-10-10,9.8,4.9,15.0,16830,0.0,0.7,2.2
1994-10-11,9.9,4.0,16.8,17130,0.0,0.67,2.6
1994-10-12,12.5,6.8,19.8,16480,0.0,0.71,2.8
1994-10-13,13.5,10.3,18.7,7020,0.0,1.02,2.3
1994-10-14,15.6,12.7,20.1,8380,0.0,1.28,2.8
1994-10-15,15.8,10.7,21.7,11570,0.0,1.25,3.1
1994-10-16,17.8,12.7,23.8,13600,0.0,1.18,2.4
1994-10-17,18.5,14.0,24.3,12780,0.0,1.24,2.9
1994-10-18,17.2,15.8,19.4,3560,2.9,1.49,3.7
1994-10-19,17.2,15.1,22.0,5510,4.0,1.63,3.1
1994-10-20,14.1,10.3,18.3,12490,0.0,1.0,2.6
1994-10-21,12.5,5.8,19.5,14880,0.0,0.95,1.5
1994-10-22,14.0,7.7,21.3,14410,0.0,0.99,1.9
1994-10-23,12.7,8.2,16.3,14800,0.2,0.82,3.6
1994-10-24,9.8,6.8,13.5,7460,0.7,0.66,3.4
1994-10-25,6.0,2.5,9.2,10870,0.0,0.5,3.1
1994-10-26,6.9,3.5,10.9,11870,0.0,0.58,1.8
1994-10-27,6.7,0.6,13.6,13880,0.0,0.64,2.2
1994-10-28,10.7,5.7,16.6,12790,0.0,0.66,4.4
1994-10-29,14.1,10.1,18.7,12660,0.0,0.93,4.4
1994-10-30,13.6,12.2,15.2,4300,0.1,1.2,1.5
1994-10-31,11.3,7.0,14.4,4460,25.1,1.18,3.2
1994-11-01,6.5,4.1,10.4,7830,8.2,0.72,5.4
1994-11-02,8.8,1.8,16.6,12930,0.0,0.6,3.9
1994-11-03,16.0,11.9,21.1,6480,1.0,1.19,4.8
1994-11-04,18.2,16.9,18.9,1560,10.7,1.9,5.1
1994-11-05,16.0,13.9,18.8,1540,26.9,1.7,3.8
1994-11-06,11.0,6.4,16.4,5550,1.7,1.01,4.6
1994-11-07,8.4,2.6,14.3,11010,0.0,0.71,2.9
1994-11-08,13.0,9.4,17.1,7550,0.0,0.99,3.8
1994-11-09,11.4,6.2,15.3,1460,13.3,1.25,3.8
1994-11-10,6.2,2.6,11.1,12170,0.0,0.6,3.6
1994-11-11,6.2,2.0,12.5,12000,0.0,0.57,3.1
1994-11-12,11.2,6.6,14.8,4780,0.0,0.93,3.1
1994-11-13,14.2,11.5,18.2,6870,0.0,1.26,4.1
1994-11-14,15.1,11.1,16.2,1610,4.9,1.51,3.8
1994-11-15,8.2,5.5,10.3,6720,0.0,0.73,2.7
1994-11-16,7.4,3.9,11.8,10970,0.0,0.7,2.2
1994-11-17,7.1,2.5,12.4,8240,0.0,0.85,3.0
1994-11-18,10.2,5.5,15.0,10910,0.0,0.8,4.3
1994-11-19,5.5,-0.3,11.0,9960,0.0,0.58,1.1
1994-11-20,10.3,6.8,15.2,3380,3.5,0.78,4.0
1994-11-21,10.3,6.2,15.7,7640,9.0,0.78,6.9
1994-11-22,0.9,-2.3,4.9,9020,0.0,0.28,4.0
1994-11-23,0.7,-2.4,5.6,10520,0.0,0.36,3.9
1994-11-24,3.1,-1.8,9.2,10410,0.0,0.49,4.2
1994-11-25,4.5,-0.2,8.5,10350,0.0,0.53,2.0
1994-11-26,2.8,-0.8,8.0,9460,0.0,0.44,3.1
1994-11-27,9.5,4.4,15.8,940,21.5,1.02,6.1
1994-11-28,5.4,2.8,12.5,5410,0.0,0.44,7.2
1994-11-29,2.6,-0.4,5.7,9930,0.0,0.4,3.7
1994-11-30,-1.0,-2.7,2.0,7880,0.0,0.41,2.1
1994-12-01,3.3,-2.2,9.7,9470,0.0,0.45,4.6
1994-12-02,6.7,2.8,11.7,9490,0.0,0.51,4.5
1994-12-03,8.8,5.7,11.5,3580,0.4,0.77,3.4
1994-12-04,11.5,9.1,14.8,2790,1.2,1.24,1.6
1994-12-05,10.9,7.6,13.8,2650,0.2,1.24,1.8
1994-12-06,6.4,5.8,7.0,1600,6.8,0.87,1.7
1994-12-07,4.2,0.2,9.5,3390,9.8,0.73,3.1
1994-12-08,0.3,-3.2,4.4,8710,0.0,0.42,2.8
1994-12-09,1.9,-0.4,3.3,2460,3.1,0.55,2.3
1994-12-10,-0.3,-6.2,1.8,3020,0.0,0.43,3.0
1994-12-11,-5.6,-7.5,-3.6,8760,0.0,0.24,3.0
1994-12-12,-3.7,-6.2,-0.1,6730,0.0,0.3,1.7
1994-12-13,-4.1,-7.2,0.7,8780,0.0,0.34,1.5
1994-12-14,-2.4,-5.5,2.6,9010,0.0,0.39,2.4
1994-12-15,0.3,-3.4,4.8,2690,0.0,0.51,2.0
1994-12-16,3.3,-0.4,7.1,1490,8.4,0.73,2.9
1994-12-17,4.3,2.5,7.2,6450,0.0,0.68,3.6
1994-12-18,0.2,-1.2,2.3,4390,0.0,0.45,3.4
1994-12-19,-0.4,-3.1,3.3,8160,0.0,0.42,2.0
1994-12-20,2.2,-1.1,8.6,7590,0.2,0.55,2.7
1994-12-21,3.6,-1.1,10.4,8590,0.0,0.64,2.0
1994-12-22,4.7,0.3,10.9,6830,0.0,0.75,1.2
1994-12-23,3.9,2.0,6.7,3210,0.0,0.67,3.0
1994-12-24,3.0,-0.4,5.7,5960,0.0,0.63,3.0
1994-12-25,1.1,-3.1,7.9,9150,0.0,0.5,2.1
1994-12-26,0.0,-3.3,5.7,6710,0.0,0.58,1.3
1994-12-27,2.4,-1.6,9.4,9010,0.0,0.61,2.9
1994-12-28,3.6,1.7,5.7,5910,0.0,0.63,3.2
1994-12-29,1.1,-1.8,3.2,7670,0.0,0.42,3.8
1994-12-30,0.9,-3.1,6.9,8740,0.0,0.39,2.4
1994-12-31,2.2,1.3,2.9,940,4.9,0.65,1.6
1995-01-01,-2.5,-8.3,1.1,6580,1.8,0.41,3.8
1995-01-02,-7.2,-9.2,-3.5,7230,0.0,0.2,4.2
1995-01-03,-7.4,-10.6,-5.0,5620,0.0,0.21,3.6
1995-01-04,-13.1,-15.1,-10.8,9720,0.0,0.12,3.5
1995-01-05,-11.5,-16.3,-5.1,9940,0.0,0.1,3.3
1995-01-06,-3.6,-7.6,-0.7,2750,9.2,0.34,3.3
1995-01-07,-4.6,-6.1,-2.7,4690,0.2,0.37,2.8
1995-01-08,-6.7,-8.9,-3.4,8420,0.0,0.28,2.8
1995-01-09,-8.3,-11.5,-5.3,8090,0.0,0.25,1.4
1995-01-10,-3.0,-6.5,1.9,9550,0.0,0.41,2.1
1995-01-11,4.0,-1.8,8.8,1550,1.1,0.81,2.2
1995-01-12,13.0,9.0,14.7,2870,4.7,1.44,4.2
1995-01-13,12.5,11.0,14.5,2570,13.2,1.38,3.2
1995-01-14,8.9,2.3,12.9,1540,11.8,1.05,3.0
1995-01-15,2.1,-0.4,4.6,6050,0.0,0.58,3.7
1995-01-16,0.2,-1.0,2.9,7110,0.0,0.48,1.7
1995-01-17,3.4,-1.4,9.5,8310,0.4,0.58,3.6
1995-01-18,4.5,2.9,6.2,1290,2.1,0.76,2.2
1995-01-19,6.7,3.3,11.6,3450,16.4,0.89,3.7
1995-01-20,0.1,-3.5,4.3,2870,0.0,0.51,5.3
1995-01-21,-4.4,-5.4,-3.2,3740,0.0,0.29,5.2
1995-01-22,-5.3,-6.5,-3.9,5360,1.5,0.27,4.8
1995-01-23,-5.9,-7.8,-4.0,8380,1.7,0.29,2.7
1995-01-24,-7.5,-10.6,-3.7,11930,0.0,0.22,2.1
1995-01-25,-7.2,-11.1,-1.7,10790,0.0,0.19,1.2
1995-01-26,-5.6,-9.4,-0.0,12120,0.0,0.25,1.8
1995-01-27,-3.0,-7.3,1.6,6650,1.2,0.34,2.8
1995-01-28,-2.2,-7.1,-0.3,7180,0.2,0.39,4.9
1995-01-29,-7.4,-11.1,-2.4,12240,0.0,0.25,2.8
1995-01-30,-4.5,-7.5,-0.6,9550,0.0,0.34,2.0
1995-01-31,-0.4,-5.1,5.7,11990,0.0,0.44,4.1
1995-02-01,2.8,-0.4,7.4,9450,1.7,0.59,2.7
1995-02-02,-0.4,-2.8,3.2,10440,0.0,0.42,1.9
1995-02-03,-1.0,-2.5,1.4,6070,0.0,0.38,2.8
1995-02-04,-3.7,-6.4,-1.1,8680,0.6,0.26,5.3
1995-02-05,-9.5,-12.3,-6.9,12990,0.0,0.12,4.4
1995-02-06,-9.5,-12.5,-4.6,13800,0.0,0.1,3.0
1995-02-07,-7.8,-10.5,-4.0,8070,0.4,0.16,2.7
1995-02-08,-10.3,-13.9,-6.2,14310,0.0,0.11,3.8
1995-02-09,-3.2,-9.7,4.9,13270,0.0,0.21,4.7
1995-02-10,-0.4,-5.2,5.2,10300,0.0,0.36,5.2
1995-02-11,-10.2,-16.1,-5.7,14090,0.0,0.11,4.7
1995-02-12,-12.3,-17.0,-6.5,14970,0.0,0.08,3.0
1995-02-13,-5.8,-9.4,-0.5,13880,0.0,0.16,2.6
1995-02-14,-4.7,-9.5,0.9,14120,0.4,0.2,2.1
1995-02-15,1.8,-1.6,5.2,1560,1.1,0.61,4.6
1995-02-16,-1.9,-6.3,3.5,13780,0.0,0.34,2.0
1995-02-17,-1.0,-7.2,7.0,15520,0.0,0.32,1.4
1995-02-18,2.7,-3.1,11.3,15510,0.0,0.41,2.7
1995-02-19,3.4,-1.7,10.7,13540,0.0,0.54,2.2
1995-02-20,3.3,-4.0,11.9,12880,0.8,0.6,3.0
1995-02-21,-1.7,-5.4,3.1,14270,0.0,0.34,4.4
1995-02-22,3.4,-5.5,12.8,13900,0.4,0.51,3.0
1995-02-23,4.1,-1.9,11.5,14050,0.0,0.55,3.1
1995-02-24,0.1,-1.9,3.3,12360,0.0,0.33,3.5
1995-02-25,4.2,-1.5,11.9,14130,0.0,0.46,3.2
1995-02-26,4.8,2.5,7.3,4000,7.4,0.67,2.4
1995-02-27,5.9,0.6,8.8,1560,9.5,0.88,3.0
1995-02-28,-0.1,-2.7,1.3,4450,0.3,0.47,3.6
1995-03-01,-5.1,-9.1,-2.6,17560,0.0,0.23,3.0
1995-03-02,-6.1,-9.2,-1.7,15080,0.0,0.17,2.3
1995-03-03,-4.3,-9.5,1.2,18370,0.0,0.22,1.0
1995-03-04,-0.8,-6.8,6.1,17650,0.0,0.3,2.2
1995-03-05,3.8,1.1,6.6,1950,8.0,0.72,3.0
1995-03-06,3.1,-0.2,6.4,6810,0.0,0.66,2.1
1995-03-07,3.5,-2.5,11.7,1240,48.4,0.79,3.6
1995-03-08,-3.1,-5.3,-0.5,14050,0.0,0.31,3.9
1995-03-09,-4.1,-8.1,0.9,19300,0.0,0.25,1.4
1995-03-10,2.4,-3.8,10.3,19120,0.0,0.4,4.0
1995-03-11,8.3,2.0,15.8,19560,0.0,0.64,4.3
1995-03-12,11.5,5.4,19.1,18910,0.0,0.8,3.8
1995-03-13,13.5,7.5,21.0,18320,0.0,0.9,2.9
1995-03-14,14.3,7.4,22.3,19130,0.0,1.1,1.6
1995-03-15,13.5,5.3,21.8,19430,0.0,1.04,1.5
1995-03-16,12.8,6.7,20.1,18140,0.0,1.03,1.8
1995-03-17,11.5,5.2,18.0,18640,0.0,0.95,1.5
1995-03-18,10.2,4.2,17.4,18740,0.0,0.79,3.0
1995-03-19,13.0,9.1,18.9,16190,1.8,0.99,3.7
1995-03-20,13.0,8.7,17.5,10460,1.3,1.07,5.2
1995-03-21,8.1,3.4,12.0,18620,0.0,0.58,4.5
1995-03-22,6.7,0.7,12.0,19780,0.4,0.6,2.1
1995-03-23,6.8,1.3,10.2,8250,2.8,0.74,3.0
1995-03-24,4.2,-3.1,12.2,22470,0.0,0.49,1.9
1995-03-25,6.1,-1.2,14.2,22310,0.0,0.49,2.3
1995-03-26,8.1,4.3,13.8,10340,1.3,0.5,3.7
1995-03-27,8.4,5.6,11.4,5640,10.4,0.75,3.7
1995-03-28,6.8,5.1,9.3,8800,0.2,0.67,2.1
1995-03-29,5.4,2.3,8.2,9770,0.4,0.64,2.7
1995-03-30,5.1,1.6,9.3,18370,1.7,0.61,2.3
1995-03-31,3.3,-0.4,6.9,14530,0.0,0.47,2.5
1995-04-01,2.9,-3.2,7.6,14070,0.0,0.43,1.9
1995-04-02,6.5,1.4,12.5,22480,1.8,0.63,2.2
1995-04-03,11.9,7.1,16.8,13810,2.8,0.9,4.4
1995-04-04,2.4,-2.3,9.2,25060,0.0,0.37,4.5
1995-04-05,1.1,-6.2,8.9,23930,0.0,0.32,2.5
1995-04-06,11.4,6.2,18.6,15320,2.4,0.81,3.8
1995-04-07,10.0,3.3,17.1,16790,0.5,0.81,3.0
1995-04-08,14.1,10.4,18.7,11370,16.3,1.35,2.4
1995-04-09,6.8,1.9,10.9,4540,28.6,0.87,5.2
1995-04-10,5.9,1.8,10.8,12020,14.0,0.68,5.3
1995-04-11,14.7,7.4,21.3,8830,17.4,1.33,5.2
1995-04-12,7.1,3.1,10.9,17810,1.8,0.62,5.7
1995-04-13,8.6,4.3,14.4,22200,0.0,0.57,4.9
1995-04-14,7.9,1.6,13.5,24970,0.0,0.58,1.8
1995-04-15,11.0,6.1,17.0,14280,1.0,0.76,3.4
1995-04-16,15.2,8.1,21.6,18550,0.3,1.19,1.6
1995-04-17,17.1,13.7,22.1,12270,12.7,1.61,1.4
1995-04-18,19.2,15.4,23.3,12920,5.2,1.69,6.0
1995-04-19,10.5,7.0,14.9,16040,0.0,0.72,4.4
1995-04-20,8.7,4.4,14.5,5370,19.0,0.97,3.5
1995-04-21,13.5,9.3,15.4,21780,32.4,1.18,4.3
1995-04-22,9.2,6.5,13.0,16820,0.0,0.69,2.7
1995-04-23,8.6,3.6,12.8,12450,0.3,0.69,2.6
1995-04-24,9.4,1.8,15.2,23940,0.0,0.73,1.8
1995-04-25,9.9,4.5,14.5,23130,0.6,0.74,2.9
1995-04-26,13.0,8.2,18.8,13360,1.0,0.84,4.3
1995-04-27,11.7,7.5,15.6,14070,2.6,0.87,5.6
1995-04-28,10.1,3.9,15.8,19410,0.0,0.65,2.7
1995-04-29,11.8,4.7,18.2,18840,3.5,0.84,1.4
1995-04-30,10.2,8.1,12.3,10180,3.9,0.99,3.3
1995-05-01,8.4,4.2,11.1,11590,0.9,0.77,3.6
1995-05-02,10.0,5.5,14.6,21580,0.0,0.73,3.5
1995-05-03,10.3,1.1,17.0,21930,0.0,0.76,1.2
1995-05-04,11.1,9.1,13.7,9000,3.3,1.03,1.3
1995-05-05,12.1,5.5,18.5,23360,0.0,0.95,2.2
1995-05-06,13.8,6.6,20.1,25200,0.0,0.95,1.6
1995-05-07,16.8,10.1,22.6,22700,0.0,1.1,2.4
1995-05-08,16.5,11.9,21.9,14400,1.4,1.0,5.3
1995-05-09,19.9,14.9,25.4,25630,5.7,1.56,3.7
1995-05-10,15.8,11.9,18.6,13930,14.5,1.55,3.7
1995-05-11,13.4,10.8,16.9,10170,0.1,1.07,2.4
1995-05-12,14.5,7.7,19.5,20280,0.0,1.14,1.7
1995-05-13,15.7,12.5,19.8,7090,9.9,1.49,4.2
1995-05-14,19.7,15.8,21.9,25800,2.3,1.69,4.9
1995-05-15,16.2,10.4,21.0,29360,0.0,1.1,1.6
1995-05-16,17.6,11.3,24.1,14310,1.2,1.54,3.0
1995-05-17,17.4,12.7,20.3,9680,20.5,1.63,2.6
1995-05-18,11.0,9.1,12.4,4870,29.5,1.09,4.5
1995-05-19,14.5,6.9,22.2,28460,0.0,0.94,2.6
1995-05-20,16.9,10.8,22.6,24990,1.6,1.2,3.6
1995-05-21,16.1,9.8,21.3,29800,0.0,0.97,2.6
1995-05-22,16.1,7.8,23.0,27260,0.0,1.09,1.7
1995-05-23,20.6,15.0,26.1,21600,0.3,1.53,3.5
1995-05-24,16.4,13.5,21.4,5730,22.0,1.72,2.2
1995-05-25,14.6,13.1,16.4,10090,1.3,1.4,2.7
1995-05-26,16.1,12.8,19.9,16550,0.0,1.23,2.7
1995-05-27,16.6,13.9,20.1,10200,10.3,1.42,4.3
1995-05-28,21.7,18.0,26.4,22300,8.7,1.89,5.8
1995-05-29,15.0,13.4,17.1,9280,0.0,1.19,4.2
1995-05-30,17.6,11.3,24.1,28350,0.0,1.3,2.1
1995-05-31,18.7,12.3,24.4,26210,0.0,1.45,1.8
1995-06-01,20.4,16.1,24.1,21430,0.3,1.64,1.2
1995-06-02,19.1,15.1,23.5,16730,5.4,1.84,1.0
1995-06-03,18.6,13.9,23.5,21960,1.0,1.8,2.1
1995-06-04,19.4,13.9,24.5,28000,0.0,1.61,2.6
1995-06-05,20.7,15.3,25.5,21070,0.0,1.75,1.8
1995-06-06,22.0,15.2,28.5,25870,2.5,2.01,1.8
1995-06-07,24.1,18.9,29.6,25500,0.0,2.29,2.9
1995-06-08,20.9,17.0,24.5,15940,5.9,2.13,2.4
1995-06-09,20.4,16.9,24.2,13990,6.8,2.06,2.0
1995-06-10,21.8,18.7,26.6,14970,10.7,2.27,2.3
1995-06-11,18.0,14.2,20.4,13380,0.5,1.51,2.3
1995-06-12,14.9,10.2,19.0,26100,0.0,1.02,3.1
1995-06-13,16.7,7.6,24.5,30050,0.0,1.16,1.5
1995-06-14,20.2,12.9,26.5,27330,0.3,1.52,1.4
1995-06-15,21.6,14.7,27.4,25760,0.0,1.63,1.2
1995-06-16,22.4,16.1,27.4,25900,0.0,1.68,1.9
1995-06-17,23.1,17.2,28.1,24020,0.0,1.85,1.9
1995-06-18,23.9,18.3,29.1,24160,0.0,1.87,1.5
1995-06-19,24.3,18.2,29.7,26140,0.0,1.97,2.1
1995-06-20,26.0,20.0,32.4,28160,0.0,2.27,2.2
1995-06-21,24.5,20.3,30.1,23770,3.2,2.48,1.8
1995-06-22,24.7,19.6,30.1,26390,0.3,2.34,1.5
1995-06-23,24.4,19.6,29.5,25760,3.1,2.42,1.6
1995-06-24,23.7,18.5,28.2,24450,3.6,2.33,1.0
1995-06-25,23.7,18.4,28.1,24370,2.0,2.3,1.0
1995-06-26,22.3,20.1,25.6,14700,10.1,2.3,2.1
1995-06-27,21.3,18.6,24.7,16850,8.4,2.17,2.5
1995-06-28,21.8,19.0,26.1,18690,7.9,2.24,2.6
1995-06-29,22.3,19.1,26.2,21350,7.0,2.24,2.0
1995-06-30,22.2,18.6,25.3,21880,0.1,2.16,2.6
1995-07-01,19.2,15.7,22.4,29470,0.0,1.41,2.7
1995-07-02,16.9,10.4,21.5,29100,0.0,1.23,1.7
1995-07-03,19.4,12.8,25.2,25610,0.0,1.5,2.6
1995-07-04,23.1,19.0,28.5,15060,1.1,2.33,4.2
1995-07-05,23.8,21.3,26.1,11330,4.8,2.42,4.6
1995-07-06,23.3,20.5,26.2,26550,0.2,1.96,4.4
1995-07-07,21.1,16.9,25.5,27680,0.0,1.62,3.3
1995-07-08,19.8,12.6,25.3,29680,0.0,1.54,1.0
1995-07-09,21.7,16.5,27.3,23010,3.0,1.87,1.8
1995-07-10,22.6,16.8,28.0,28220,0.0,1.98,1.4
1995-07-11,25.3,20.0,30.6,25150,0.0,2.32,1.5
1995-07-12,27.4,21.7,32.6,26130,0.0,2.57,2.4
1995-07-13,29.6,24.7,34.5,28030,0.0,2.87,2.9
1995-07-14,30.7,25.8,35.6,27680,0.0,3.06,2.4
1995-07-15,29.1,25.4,33.4,23890,5.7,2.92,2.1
1995-07-16,26.6,22.7,31.7,23210,5.3,2.82,2.1
1995-07-17,25.9,22.0,29.6,26460,0.0,2.21,2.8
1995-07-18,23.6,18.6,28.1,25550,0.0,1.54,2.8
1995-07-19,23.8,16.2,29.3,27170,0.0,1.51,1.2
1995-07-20,23.3,21.5,27.1,9840,4.1,1.86,2.5
1995-07-21,23.9,19.8,28.0,20550,0.9,2.19,1.5
1995-07-22,24.2,19.8,30.6,19520,17.8,2.29,2.6
1995-07-23,23.7,20.9,29.4,19500,18.1,2.54,1.9
1995-07-24,24.3,21.6,29.0,20330,2.3,2.58,1.8
1995-07-25,24.3,21.2,28.6,18500,1.4,2.52,1.6
1995-07-26,24.6,21.0,29.8,20930,4.4,2.55,1.7
1995-07-27,25.5,21.2,29.7,23050,0.1,2.67,2.1
1995-07-28,26.1,23.4,30.2,21380,3.9,2.59,3.2
1995-07-29,25.6,18.6,31.2,27350,0.0,2.37,1.1
1995-07-30,26.7,20.6,31.5,24950,0.0,2.51,1.1
1995-07-31,27.1,21.5,31.9,26040,0.0,2.44,1.5
1995-08-01,26.7,23.5,30.8,22140,5.9,2.74,1.5
1995-08-02,25.8,22.5,29.9,19530,5.4,2.79,1.1
1995-08-03,25.9,22.9,30.4,17240,3.6,2.77,1.2
1995-08-04,24.0,22.6,25.6,8560,10.3,2.68,1.3
1995-08-05,23.3,21.3,26.5,12420,22.1,2.54,2.1
1995-08-06,24.1,20.0,27.7,22620,0.1,2.36,1.8
1995-08-07,24.3,21.6,28.1,16800,10.7,2.51,2.2
1995-08-08,24.9,21.3,28.9,16260,0.4,2.56,1.4
1995-08-09,25.0,21.6,30.5,20660,16.2,2.67,1.4
1995-08-10,25.3,21.2,30.3,18630,8.5,2.72,1.6
1995-08-11,26.9,21.9,31.5,24260,0.0,2.85,1.6
1995-08-12,28.2,23.9,32.9,24270,0.0,2.87,2.3
1995-08-13,28.3,24.2,32.6,23900,0.2,2.86,2.5
1995-08-14,28.4,24.9,32.5,23210,0.1,2.85,3.1
1995-08-15,28.2,24.5,32.1,22740,0.1,2.81,2.0
1995-08-16,28.0,24.0,31.8,20790,0.8,2.93,1.7
1995-08-17,27.7,24.6,30.9,19330,2.8,2.94,1.6
1995-08-18,27.1,22.7,30.8,20130,0.7,2.85,1.2
1995-08-19,26.9,21.9,31.4,20770,0.0,2.73,1.3
1995-08-20,26.2,22.9,29.7,18580,0.8,2.69,2.2
1995-08-21,24.4,19.4,30.0,25160,0.0,1.89,2.3
1995-08-22,22.5,17.0,28.1,25410,0.0,1.61,2.0
1995-08-23,22.2,15.3,29.0,25030,0.0,1.57,1.2
1995-08-24,23.9,16.0,31.2,24490,0.0,1.82,1.1
1995-08-25,25.3,20.1,30.8,23280,0.0,2.07,2.4
1995-08-26,26.0,19.7,31.6,20660,0.0,2.03,1.6
1995-08-27,26.6,20.5,31.8,21730,0.0,2.11,1.9
1995-08-28,26.3,20.4,31.6,20190,0.0,2.29,1.4
1995-08-29,27.5,23.2,32.7,17790,0.2,2.47,1.3
1995-08-30,28.1,22.9,33.7,21110,0.0,2.31,2.4
1995-08-31,27.8,24.4,32.4,16370,0.2,2.11,3.4
1995-09-01,22.2,18.0,26.7,20920,0.1,1.59,2.6
1995-09-02,19.7,12.5,26.0,23660,0.0,1.32,1.2
1995-09-03,22.3,15.7,28.8,22630,0.0,1.37,1.7
1995-09-04,24.0,17.8,29.8,19990,0.0,1.45,1.6
1995-09-05,24.2,17.5,29.9,18870,0.0,1.52,1.6
1995-09-06,25.1,19.6,30.3,18490,0.0,1.53,2.6
1995-09-07,22.5,19.4,26.2,13330,5.3,1.81,1.8
1995-09-08,16.8,15.2,19.0,5790,3.7,1.58,3.4
1995-09-09,17.2,15.5,19.6,5890,0.1,1.4,2.6
1995-09-10,17.3,12.9,22.0,19960,0.0,1.13,2.7
1995-09-11,17.1,10.4,23.8,21330,0.0,1.14,2.2
1995-09-12,20.9,16.0,25.8,13820,0.1,1.53,1.6
1995-09-13,23.3,18.4,28.9,17840,0.5,1.89,3.6
1995-09-14,22.1,18.2,26.7,21380,0.0,1.43,2.7
1995-09-15,19.3,13.2,25.1,17840,0.0,1.32,2.5
1995-09-16,21.8,17.5,26.8,15190,0.0,1.66,2.5
1995-09-17,18.9,15.3,20.8,10390,0.0,1.42,3.4
1995-09-18,16.1,11.2,21.2,20540,0.0,0.9,1.9
1995-09-19,18.1,12.5,25.3,17240,1.1,1.11,2.9
1995-09-20,17.8,15.7,20.9,7870,3.2,1.5,2.2
1995-09-21,14.3,8.0,19.6,9440,2.4,1.28,2.9
1995-09-22,8.6,5.1,12.6,21060,0.0,0.57,3.8
1995-09-23,8.4,1.5,14.7,20870,0.0,0.49,2.0
1995-09-24,11.2,5.3,17.0,19340,0.0,0.66,1.8
1995-09-25,15.0,9.3,20.9,17700,0.0,0.82,1.9
1995-09-26,16.1,8.5,22.3,19390,0.0,0.93,2.1
1995-09-27,18.4,12.0,25.7,18660,0.0,0.97,2.8
1995-09-28,19.5,12.8,26.3,18930,0.0,1.06,1.9
1995-09-29,20.4,14.1,26.6,15740,0.0,1.12,3.0
1995-09-30,22.3,18.3,27.5,17240,0.0,1.39,5.1
1995-10-01,21.6,18.0,25.5,16800,0.1,1.26,5.0
1995-10-02,18.9,10.9,26.2,18400,0.0,1.04,1.6
1995-10-03,16.3,14.2,19.2,6510,35.8,1.38,2.4
1995-10-04,14.9,8.9,20.3,16610,0.0,1.23,1.9
1995-10-05,15.5,13.4,18.4,5800,0.0,1.42,4.0
1995-10-06,16.0,13.6,19.6,11560,3.5,1.3,3.5
1995-10-07,12.5,11.6,13.6,6340,0.5,0.96,4.2
1995-10-08,12.3,9.9,16.3,14440,0.0,0.91,1.3
1995-10-09,15.2,9.9,21.9,16250,0.0,1.12,2.9
1995-10-10,15.5,8.9,21.6,16680,0.0,1.07,1.2
1995-10-11,16.0,8.0,24.4,16720,0.0,1.15,1.8
1995-10-12,19.1,13.5,25.7,16320,0.0,1.32,2.6
1995-10-13,20.0,14.8,26.1,16050,0.0,1.42,3.6
1995-10-14,12.6,10.0,19.8,10360,1.0,0.81,5.5
1995-10-15,9.3,4.9,13.9,16520,0.0,0.51,4.2
1995-10-16,9.0,3.5,15.4,16410,0.0,0.53,2.3
1995-10-17,13.5,6.9,21.2,13700,0.0,0.65,4.4
1995-10-18,18.5,14.0,24.4,14460,0.0,1.05,3.7
1995-10-19,19.2,14.7,24.4,13880,0.0,1.27,4.5
1995-10-20,9.6,5.6,19.2,6080,25.0,0.92,4.6
1995-10-21,6.4,4.9,8.8,5370,0.5,0.62,4.7
1995-10-22,11.0,4.3,18.2,14750,0.0,0.71,3.5
1995-10-23,15.8,11.3,20.9,14600,0.3,0.9,5.5
1995-10-24,9.8,6.6,16.8,7590,0.1,0.64,6.1
1995-10-25,8.4,2.7,15.2,13890,0.0,0.62,2.4
1995-10-26,11.4,7.0,17.4,7540,0.6,0.79,3.5
1995-10-27,13.5,10.5,16.1,11280,17.7,1.16,5.8
1995-10-28,9.2,7.7,10.0,3230,2.2,0.9,5.0
1995-10-29,8.3,3.1,13.4,13290,0.2,0.65,3.3
1995-10-30,8.2,7.0,10.6,3840,5.1,0.74,1.9
1995-10-31,9.8,7.4,11.9,1390,10.2,1.07,2.0
1995-11-01,14.1,10.7,18.1,6390,12.9,1.4,4.1
1995-11-02,12.5,4.4,16.4,2100,6.6,1.43,4.1
1995-11-03,0.6,-3.2,4.1,12920,0.0,0.3,4.6
1995-11-04,-2.2,-4.3,0.0,11020,0.0,0.28,2.8
1995-11-05,-2.5,-6.0,1.7,5400,0.3,0.31,2.5
1995-11-06,2.7,-2.8,8.9,10730,0.1,0.53,4.3
1995-11-07,6.7,2.3,9.4,11440,1.2,0.74,3.7
1995-11-08,-0.2,-3.6,1.9,10820,0.0,0.26,4.3
1995-11-09,0.1,-5.9,5.8,8140,0.0,0.34,4.0
1995-11-10,11.0,6.3,13.0,1580,5.6,0.93,7.3
1995-11-11,1.8,-6.8,13.7,6440,26.0,0.64,6.5
1995-11-12,-4.0,-8.8,1.1,8150,0.0,0.26,3.1
1995-11-13,-0.0,-3.4,3.2,9700,0.0,0.45,2.4
1995-11-14,-1.6,-4.7,1.9,10090,0.0,0.34,2.6
1995-11-15,-2.1,-5.0,1.3,11600,0.0,0.34,3.2
1995-11-16,0.3,-2.4,3.8,6100,1.3,0.49,2.8
1995-11-17,3.1,-2.2,6.9,3470,4.9,0.64,2.4
1995-11-18,3.2,1.1,6.6,3250,0.0,0.66,2.4
1995-11-19,4.1,0.4,9.0,10060,0.0,0.63,2.5
1995-11-20,6.9,3.0,12.4,9590,0.0,0.66,3.8
1995-11-21,1.2,-1.5,5.1,5260,0.0,0.33,5.2
1995-11-22,-0.7,-6.4,5.1,8600,0.2,0.32,3.1
1995-11-23,0.9,-2.1,5.0,6650,0.0,0.42,3.4
1995-11-24,-2.7,-6.7,1.5,10380,0.0,0.31,1.6
1995-11-25,2.2,-1.9,8.4,9840,0.0,0.48,3.5
1995-11-26,7.3,0.2,14.6,8840,0.0,0.79,3.9
1995-11-27,10.5,2.2,15.2,2470,1.3,0.97,5.6
1995-11-28,-0.4,-3.3,1.8,7940,0.2,0.42,2.9
1995-11-29,-1.9,-4.7,1.8,8160,0.0,0.37,1.3
1995-11-30,1.9,-3.4,7.5,8540,0.0,0.5,4.5
1995-12-01,8.5,2.1,11.6,9170,0.0,0.64,4.3
1995-12-02,5.3,-1.2,13.0,9280,0.0,0.69,3.3
1995-12-03,10.1,3.7,13.1,6420,2.2,1.03,3.6
1995-12-04,2.8,-1.1,6.6,8720,0.0,0.55,2.3
1995-12-05,4.6,-1.1,9.9,7950,1.2,0.47,5.1
1995-12-06,-1.0,-3.6,1.5,4190,0.2,0.2,3.5
1995-12-07,-3.1,-6.2,0.9,9710,0.0,0.22,2.8
1995-12-08,-3.9,-6.4,-2.0,2810,2.9,0.27,2.2
1995-12-09,-13.1,-18.4,-2.9,9940,0.0,0.14,6.0
1995-12-10,-11.9,-15.8,-7.5,9900,0.0,0.11,5.1
1995-12-11,-9.8,-12.9,-7.9,7330,0.0,0.12,2.2
1995-12-12,-7.2,-9.7,-3.4,7140,0.3,0.2,2.5
1995-12-13,-1.3,-7.2,6.7,1000,4.3,0.48,3.7
1995-12-14,7.1,-0.5,11.6,4270,1.0,0.94,4.4
1995-12-15,1.3,-2.0,5.4,3560,0.0,0.6,1.3
1995-12-16,-0.6,-4.3,5.3,8860,0.0,0.46,1.5
1995-12-17,-0.4,-3.7,4.0,6800,0.0,0.42,3.2
1995-12-18,0.3,-0.3,1.4,930,14.1,0.54,4.4
1995-12-19,-2.1,-4.4,-0.7,4610,9.1,0.42,5.7
1995-12-20,-4.9,-7.5,-1.9,8090,0.0,0.33,2.8
1995-12-21,-5.6,-8.1,-2.6,7980,0.0,0.31,2.4
1995-12-22,-5.3,-7.2,-3.5,8240,0.0,0.29,1.8
1995-12-23,-5.1,-7.5,-2.3,7730,0.0,0.3,2.3
1995-12-24,-4.0,-5.3,-2.7,6530,0.0,0.36,3.6
1995-12-25,-4.3,-6.4,-3.3,5590,0.0,0.31,3.4
1995-12-26,-5.2,-8.8,-1.7,4640,0.3,0.32,2.5
1995-12-27,-4.1,-5.8,-2.5,5720,0.0,0.38,2.8
1995-12-28,-5.0,-8.0,-1.9,7990,0.0,0.32,2.3
1995-12-29,-7.1,-10.6,-2.4,9590,0.0,0.28,2.2
1995-12-30,-2.9,-6.7,1.1,7740,0.3,0.4,2.7
1995-12-31,0.9,-0.3,2.6,4160,0.6,0.6,2.0
1996-01-01,0.8,-1.1,3.0,4080,0.0,0.61,2.2
1996-01-02,-2.2,-7.0,1.0,3550,5.1,0.44,5.1
1996-01-03,-9.8,-12.9,-7.5,9670,2.6,0.22,2.6
1996-01-04,-10.0,-14.2,-6.4,5100,3.1,0.25,1.8
1996-01-05,-12.9,-17.9,-9.5,7240,0.0,0.19,2.1
1996-01-06,-12.9,-17.5,-9.2,6800,0.8,0.18,2.8
1996-01-07,-9.5,-11.4,-8.1,7490,0.6,0.22,4.7
1996-01-08,-12.1,-15.7,-8.5,9870,0.0,0.18,3.4
1996-01-09,-3.5,-8.1,0.6,6030,0.2,0.41,4.6
1996-01-10,-6.2,-10.0,-2.6,9530,0.0,0.31,2.1
1996-01-11,-5.9,-8.6,-3.7,4450,4.7,0.34,3.7
1996-01-12,-6.3,-11.5,-2.1,7180,0.1,0.35,2.5
1996-01-13,-1.6,-4.1,1.1,10140,0.0,0.5,2.8
1996-01-14,1.3,-2.0,3.7,10500,0.0,0.6,3.5
1996-01-15,-5.3,-7.5,-2.3,10440,0.0,0.34,3.3
1996-01-16,1.4,-7.6,9.7,3410,1.2,0.69,4.3
1996-01-17,10.4,7.5,12.8,2020,3.3,1.15,4.5
1996-01-18,10.5,-7.7,16.0,2820,14.3,1.08,7.7
1996-01-19,-11.4,-14.0,-8.5,10990,0.0,0.1,5.6
1996-01-20,-7.7,-11.6,-3.5,8940,0.3,0.14,1.7
1996-01-21,-3.5,-8.3,2.2,10910,0.1,0.3,2.4
1996-01-22,1.6,-2.0,6.9,9250,0.0,0.53,4.9
1996-01-23,4.5,2.1,7.7,1330,16.5,0.82,3.1
1996-01-24,-3.1,-7.2,5.5,7620,1.4,0.36,4.4
1996-01-25,-4.4,-9.5,2.0,7410,0.0,0.22,3.4
1996-01-26,2.2,-0.8,6.1,4410,5.8,0.53,5.2
1996-01-27,-6.8,-9.6,-1.5,10570,0.3,0.18,7.4
1996-01-28,-4.9,-10.3,1.4,7970,0.0,0.15,3.2
1996-01-29,-2.8,-11.0,1.8,11280,0.7,0.22,5.4
1996-01-30,-11.4,-12.9,-9.3,6620,0.9,0.12,3.1
1996-01-31,-14.1,-18.2,-10.2,13140,0.0,0.08,2.6
1996-02-01,-12.0,-14.9,-7.5,8040,0.0,0.08,2.5
1996-02-02,-18.3,-21.5,-15.0,11250,0.0,0.05,3.4
1996-02-03,-19.2,-22.7,-14.4,13590,0.0,0.05,2.9
1996-02-04,-19.8,-24.8,-13.9,13500,0.0,0.05,2.7
1996-02-05,-10.1,-16.8,-1.7,12530,0.0,0.13,3.8
1996-02-06,-5.9,-13.9,2.8,12560,0.0,0.23,2.7
1996-02-07,2.7,-1.4,5.7,2590,0.4,0.67,5.3
1996-02-08,7.5,2.5,12.4,6610,2.6,0.91,4.8
1996-02-09,3.1,-2.3,10.4,13100,0.0,0.6,2.6
1996-02-10,7.6,3.7,16.1,10830,0.0,0.77,5.5
1996-02-11,1.1,-2.6,2.6,6920,1.6,0.4,5.9
1996-02-12,-4.2,-6.8,-2.0,8970,0.1,0.26,3.0
1996-02-13,-0.9,-6.0,5.0,10230,0.5,0.36,3.7
1996-02-14,0.2,-2.4,2.9,6860,0.0,0.44,3.3
1996-02-15,-2.8,-7.1,1.1,9820,1.1,0.32,2.1
1996-02-16,-5.5,-9.6,-1.5,15260,0.1,0.2,3.3
1996-02-17,-4.0,-7.3,1.2,7660,0.7,0.26,4.3
1996-02-18,-5.7,-10.6,-0.7,13150,0.1,0.21,1.8
1996-02-19,2.2,-2.8,9.8,14550,0.1,0.43,2.8
1996-02-20,6.7,2.6,13.2,8180,0.0,0.88,2.9
1996-02-21,4.1,0.7,7.0,8020,0.0,0.73,2.6
1996-02-22,4.9,2.5,8.3,7700,0.1,0.79,3.0
1996-02-23,10.2,4.4,17.2,4320,0.4,1.14,5.3
1996-02-24,7.8,2.3,14.4,16550,0.0,0.49,4.5
1996-02-25,8.8,5.2,14.2,8200,0.0,0.65,2.9
1996-02-26,13.7,8.6,19.9,9210,4.8,1.35,2.3
1996-02-27,13.2,3.9,17.5,4010,5.4,1.44,3.9
1996-02-28,-4.9,-9.2,2.6,17060,0.0,0.2,5.4
1996-02-29,-6.4,-9.1,-2.6,17560,0.0,0.14,3.2
1996-03-01,-2.9,-9.0,4.0,17810,0.1,0.2,3.9
1996-03-02,-2.2,-8.6,1.4,16150,0.0,0.24,4.9
1996-03-03,-9.3,-14.7,-3.3,18990,0.0,0.08,3.7
1996-03-04,-1.2,-7.8,6.5,15720,0.0,0.22,3.0
1996-03-05,6.0,1.3,9.1,1580,24.6,0.82,3.8
1996-03-06,-2.9,-6.5,1.0,2410,8.6,0.43,4.8
1996-03-07,-9.3,-11.9,-6.7,15540,0.0,0.17,4.7
1996-03-08,-10.8,-14.0,-7.7,18830,0.0,0.12,4.4
1996-03-09,-6.5,-11.1,-1.5,19680,0.0,0.18,1.8
1996-03-10,-2.8,-7.6,3.8,20030,0.0,0.24,2.3
1996-03-11,0.5,-5.0,7.7,19820,0.0,0.3,2.2
1996-03-12,3.4,-2.9,11.3,19390,0.0,0.4,2.1
1996-03-13,6.4,0.2,14.6,16020,0.2,0.59,2.7
1996-03-14,9.8,2.2,18.8,16790,0.0,0.94,2.0
1996-03-15,6.6,1.3,13.0,19760,0.0,0.68,2.7
1996-03-16,3.8,-2.8,10.4,20370,0.0,0.52,2.7
1996-03-17,3.9,-3.0,11.5,11460,1.5,0.64,2.2
1996-03-18,3.5,-4.3,10.4,18030,0.0,0.51,1.8
1996-03-19,1.2,0.1,3.6,3120,17.3,0.48,5.8
1996-03-20,-2.7,-5.8,0.5,14540,8.4,0.43,7.3
1996-03-21,-6.6,-10.7,-3.1,22020,0.0,0.28,4.0
1996-03-22,-6.4,-14.1,2.0,23480,0.0,0.28,2.2
1996-03-23,-2.0,-9.4,4.0,22320,0.5,0.39,2.0
1996-03-24,6.9,0.7,14.7,20510,0.9,0.75,4.9
1996-03-25,5.1,-3.8,13.3,16730,4.5,0.6,7.8
1996-03-26,-4.8,-9.0,0.1,23510,0.0,0.16,4.0
1996-03-27,-2.2,-8.8,5.2,21530,0.0,0.22,3.0
1996-03-28,2.9,-1.2,8.1,7690,2.0,0.45,3.2
1996-03-29,6.4,1.9,12.5,13380,2.9,0.75,2.2
1996-03-30,9.1,3.3,15.4,15040,0.0,0.89,2.7
1996-03-31,6.8,1.7,11.0,9450,9.4,0.86,4.2
1996-04-01,3.0,-1.2,8.6,23850,0.4,0.39,4.6
1996-04-02,5.7,-2.4,14.3,21860,0.2,0.45,3.4
1996-04-03,13.2,6.7,20.7,23410,0.0,0.8,4.7
1996-04-04,7.7,-0.4,14.8,6110,1.3,0.74,5.1
1996-04-05,1.3,-2.2,6.1,22090,0.0,0.38,3.2
1996-04-06,-0.1,-5.0,5.4,22840,0.0,0.31,3.0
1996-04-07,-0.2,-5.7,6.0,23260,0.6,0.35,1.9
1996-04-08,-0.2,-6.5,5.7,20220,0.0,0.32,2.3
1996-04-09,0.9,-4.4,6.6,19920,0.7,0.39,3.1
1996-04-10,5.5,-2.8,13.9,25390,0.0,0.5,2.4
1996-04-11,12.8,4.6,21.3,24130,0.0,0.87,4.9
1996-04-12,18.8,14.5,23.3,19740,0.1,1.47,5.4
1996-04-13,9.9,1.4,17.4,13800,2.8,0.88,3.7
1996-04-14,5.4,-0.4,12.5,22690,0.0,0.59,3.3
1996-04-15,9.3,4.9,12.9,7730,16.5,0.96,4.2
1996-04-16,5.8,2.3,9.9,17570,2.9,0.59,4.2
1996-04-17,8.5,-1.2,17.7,25560,0.0,0.69,2.5
1996-04-18,15.8,9.9,22.0,21230,0.2,1.17,5.1
1996-04-19,17.2,12.2,22.4,16790,29.2,1.5,4.2
1996-04-20,16.2,12.3,18.5,22710,2.9,1.31,5.7
1996-04-21,11.9,4.8,17.4,24980,0.0,0.87,1.7
1996-04-22,15.6,12.0,19.5,7590,40.3,1.53,2.9
1996-04-23,8.2,5.2,11.7,17720,4.3,0.71,3.9
1996-04-24,10.6,2.7,18.5,20160,0.4,0.84,4.3
1996-04-25,16.2,12.2,22.5,17320,4.8,1.08,6.2
1996-04-26,9.1,6.1,12.6,12230,0.7,0.61,4.8
1996-04-27,9.2,2.3,15.4,21110,0.0,0.59,2.9
1996-04-28,9.9,8.0,11.7,4650,17.2,1.04,3.2
1996-04-29,11.4,8.6,15.5,6340,8.3,1.19,4.3
1996-04-30,7.5,3.0,12.6,21290,2.0,0.58,6.2
1996-05-01,11.5,6.9,16.6,25020,1.1,0.72,4.6
1996-05-02,11.8,4.1,18.2,20430,0.3,0.73,1.8
1996-05-03,15.0,10.0,20.1,17480,4.0,1.17,2.4
1996-05-04,12.3,10.0,14.5,9140,8.3,1.18,2.8
1996-05-05,11.1,8.1,14.4,5860,2.0,1.13,2.8
1996-05-06,12.5,7.8,17.5,21840,0.0,1.03,2.5
1996-05-07,11.9,8.1,16.2,5900,4.9,1.14,2.5
1996-05-08,16.7,13.8,19.8,4720,14.0,1.81,2.4
1996-05-09,21.5,16.8,27.0,19360,7.9,1.96,3.0
1996-05-10,18.1,8.4,21.7,6510,21.9,1.83,4.5
1996-05-11,8.6,6.4,11.4,12950,2.5,0.8,4.1
1996-05-12,6.9,1.8,11.7,20660,0.0,0.51,2.3
1996-05-13,7.5,2.2,12.0,19700,0.1,0.63,1.9
1996-05-14,9.8,1.9,16.1,21950,4.2,0.74,2.8
1996-05-15,13.1,9.6,18.1,5540,5.5,1.39,2.4
1996-05-16,20.4,15.4,25.7,14530,8.9,2.1,1.6
1996-05-17,23.2,18.0,29.3,19670,1.9,2.21,3.4
1996-05-18,25.5,21.4,29.7,23510,0.0,2.18,4.9
1996-05-19,25.9,21.8,30.5,27870,0.0,2.05,5.4
1996-05-20,25.4,22.1,28.6,22230,1.2,2.06,4.9
1996-05-21,18.6,13.1,24.1,27610,5.8,1.4,2.5
1996-05-22,19.2,12.4,25.0,29440,0.0,1.2,1.7
1996-05-23,17.3,14.7,19.5,7370,9.0,1.46,2.6
1996-05-24,16.8,14.5,18.8,14350,7.2,1.58,4.4
1996-05-25,14.8,11.2,19.3,15460,2.1,1.12,3.8
1996-05-26,13.7,9.8,18.2,15880,25.1,1.26,3.8
1996-05-27,12.5,11.1,13.9,3560,33.8,1.28,4.7
1996-05-28,14.6,12.3,17.6,9190,44.1,1.5,3.9
1996-05-29,15.7,11.6,20.1,27100,3.4,1.16,3.9
1996-05-30,13.5,6.7,19.2,30940,0.0,0.9,2.2
1996-05-31,16.1,9.0,22.4,30440,0.0,1.07,2.2
1996-06-01,18.3,13.9,22.6,12520,7.5,1.64,3.4
1996-06-02,19.8,16.8,23.6,22880,8.4,1.7,3.7
1996-06-03,17.8,15.2,20.5,22920,1.1,1.41,3.0
1996-06-04,14.8,12.2,17.9,15980,6.4,1.27,2.6
1996-06-05,16.1,8.9,22.4,29340,0.0,1.22,2.1
1996-06-06,19.6,17.1,23.2,7420,39.7,2.01,3.3
1996-06-07,19.0,15.5,21.6,17550,8.3,1.75,3.4
1996-06-08,16.9,11.6,21.7,18210,1.6,1.51,1.9
1996-06-09,19.2,16.2,23.9,13580,27.5,1.94,2.4
1996-06-10,18.3,16.4,21.1,15410,9.0,1.82,2.5
1996-06-11,18.5,16.0,21.8,16740,2.2,1.8,1.5
1996-06-12,19.3,13.8,24.1,24060,0.4,1.74,1.3
1996-06-13,22.1,15.1,28.3,27450,0.0,1.9,1.8
1996-06-14,23.4,18.1,29.1,26120,1.6,2.25,1.5
1996-06-15,21.7,14.7,27.8,30200,0.0,1.59,1.6
1996-06-16,22.8,14.5,29.8,27150,0.4,1.98,1.3
1996-06-17,26.0,22.1,29.9,23300,0.9,2.42,2.9
1996-06-18,23.9,21.2,27.1,17950,8.1,2.41,3.0
1996-06-19,23.4,19.6,27.0,21930,0.5,2.25,1.7
1996-06-20,22.9,18.7,27.2,21880,0.2,2.2,2.0
1996-06-21,24.3,18.8,29.6,21300,0.0,2.36,2.5
1996-06-22,24.5,20.5,26.2,16730,3.2,2.38,2.8
1996-06-23,22.1,16.5,28.2,21720,1.4,1.99,2.4
1996-06-24,23.8,18.5,26.0,15280,12.9,2.51,3.3
1996-06-25,18.1,13.1,22.9,30210,0.0,1.44,2.7
1996-06-26,19.6,13.1,25.2,29270,0.0,1.6,1.5
1996-06-27,22.3,15.0,28.0,29600,0.0,1.84,1.2
1996-06-28,24.5,17.3,30.6,29510,0.0,2.2,1.4
1996-06-29,26.1,20.8,31.1,29540,0.0,2.38,3.2
1996-06-30,26.8,23.7,30.8,21030,0.5,2.59,2.5
1996-07-01,24.8,20.4,29.2,26070,0.0,2.2,1.6
1996-07-02,21.9,16.0,28.2,24450,4.9,1.9,2.2
1996-07-03,18.6,14.8,22.5,27640,0.0,1.38,4.1
1996-07-04,17.6,10.9,23.7,29760,0.0,1.21,1.6
1996-07-05,19.9,12.3,26.3,30340,0.0,1.38,1.0
1996-07-06,22.2,14.2,28.9,29860,0.0,1.64,1.7
1996-07-07,24.6,18.6,30.5,23830,1.4,2.1,1.9
1996-07-08,23.6,18.5,27.5,21850,0.5,1.94,2.4
1996-07-09,19.4,15.6,22.4,22570,0.5,1.35,2.9
1996-07-10,17.8,11.4,22.8,22180,0.0,1.23,1.5
1996-07-11,19.4,12.0,25.8,29850,0.0,1.31,1.9
1996-07-12,21.9,13.9,27.9,26100,0.0,1.55,1.8
1996-07-13,23.7,20.4,27.2,23320,0.4,1.87,2.4
1996-07-14,21.7,17.9,28.1,16080,24.7,1.89,1.7
1996-07-15,21.1,16.5,25.6,22680,12.1,1.95,2.6
1996-07-16,23.7,19.9,28.0,22370,0.2,2.1,2.6
1996-07-17,24.8,21.2,29.4,21430,3.4,2.44,2.5
1996-07-18,27.0,24.0,30.5,19010,2.0,2.82,4.1
1996-07-19,25.7,19.9,28.3,21970,2.6,2.51,4.3
1996-07-20,20.6,18.4,24.1,24360,0.0,1.68,3.2
1996-07-21,17.2,15.8,18.9,3330,30.5,1.59,3.6
1996-07-22,18.8,12.3,24.6,26830,0.0,1.71,1.6
1996-07-23,21.7,17.8,25.6,23640,0.2,2.0,2.1
1996-07-24,21.9,17.7,27.5,23730,5.2,2.05,2.9
1996-07-25,20.2,16.2,23.8,23670,0.1,1.8,2.6
1996-07-26,19.9,14.8,24.4,24490,0.1,1.64,1.9
1996-07-27,20.0,14.7,25.2,21070,0.5,1.77,1.1
1996-07-28,21.7,18.2,25.4,24780,1.5,1.95,1.8
1996-07-29,21.7,18.7,25.6,18850,9.5,2.21,2.1
1996-07-30,20.3,18.0,23.7,16420,27.7,2.06,2.4
1996-07-31,19.0,13.6,23.6,22330,0.0,1.65,2.4
1996-08-01,19.2,14.4,23.0,18910,0.1,1.68,1.4
1996-08-02,20.1,14.5,24.3,21170,1.0,1.9,1.1
1996-08-03,20.8,14.3,26.1,24860,0.0,1.91,1.0
1996-08-04,22.8,17.0,27.5,21080,0.2,2.08,2.0
1996-08-05,25.8,21.9,30.5,23630,0.0,2.41,3.1
1996-08-06,27.1,22.4,31.8,25320,0.0,2.7,2.7
1996-08-07,27.1,23.3,31.6,23790,7.1,2.82,2.4
1996-08-08,23.9,20.2,27.4,20810,6.5,2.33,2.5
1996-08-09,20.4,14.7,24.9,22540,0.0,1.62,1.8
1996-08-10,19.7,13.4,24.7,21280,0.0,1.56,1.4
1996-08-11,20.5,17.5,23.9,9760,0.0,1.75,1.7
1996-08-12,21.3,16.0,26.0,24300,0.0,1.76,2.1
1996-08-13,22.1,15.7,27.5,23080,0.0,1.96,1.9
1996-08-14,23.8,18.4,29.0,24640,0.4,2.06,3.0
1996-08-15,22.6,19.3,26.0,21990,1.9,1.97,2.6
1996-08-16,21.3,17.7,25.5,20970,0.0,1.72,1.2
1996-08-17,20.0,16.6,23.1,9410,0.6,1.78,1.6
1996-08-18,22.3,18.6,27.3,14950,3.6,2.17,2.0
1996-08-19,24.8,21.2,29.6,20360,6.0,2.53,2.7
1996-08-20,25.9,22.6,30.7,21910,1.5,2.53,2.7
1996-08-21,25.7,21.2,30.3,22500,0.1,2.52,1.5
1996-08-22,26.4,22.2,30.6,22090,0.0,2.47,2.5
1996-08-23,23.6,19.8,26.7,15270,6.4,2.38,1.9
1996-08-24,21.8,16.7,27.0,24930,1.3,1.74,2.2
1996-08-25,21.9,15.8,27.6,24390,0.0,1.65,1.6
1996-08-26,22.5,16.6,27.8,19240,0.0,1.83,1.2
1996-08-27,22.9,18.9,27.3,20740,0.6,2.04,1.7
1996-08-28,22.2,17.2,26.6,19360,0.3,1.93,1.5
1996-08-29,21.9,17.9,26.1,15490,0.3,1.86,1.8
1996-08-30,22.4,18.2,26.8,16410,0.0,1.67,1.7
1996-08-31,22.6,17.8,27.1,15920,0.0,1.59,1.5
1996-09-01,22.7,16.4,28.7,21470,0.0,1.48,1.7
1996-09-02,22.7,17.4,27.8,19530,1.0,1.86,1.4
1996-09-03,23.7,18.7,28.3,17900,0.0,2.01,1.0
1996-09-04,23.9,17.7,29.3,19290,0.0,1.74,1.8
1996-09-05,24.5,18.8,30.1,21460,0.0,1.69,2.9
1996-09-06,24.0,20.3,29.0,16960,6.3,2.22,2.2
1996-09-07,23.1,19.0,28.0,18760,6.0,2.26,1.5
1996-09-08,22.9,18.6,28.0,17170,2.8,2.26,1.2
1996-09-09,21.9,19.4,25.4,14970,8.8,2.12,2.4
1996-09-10,21.4,16.5,26.4,19550,0.0,1.86,1.6
1996-09-11,21.5,15.5,28.4,19610,0.7,1.81,2.1
1996-09-12,17.2,12.3,20.6,19570,0.2,1.25,3.6
1996-09-13,15.0,12.5,18.1,14860,1.8,1.16,3.7
1996-09-14,14.3,9.1,18.7,16240,0.0,0.9,3.1
1996-09-15,16.0,10.2,21.0,13960,0.0,1.16,1.6
1996-09-16,15.7,13.9,18.3,4080,7.0,1.34,3.5
1996-09-17,16.7,12.9,21.1,15300,0.0,1.23,3.6
1996-09-18,16.2,10.4,22.4,17420,0.0,1.21,2.5
1996-09-19,15.8,9.0,22.9,19710,0.0,1.24,1.5
1996-09-20,17.8,12.2,23.8,17300,2.6,1.27,2.3
1996-09-21,17.0,15.6,19.2,4770,13.9,1.69,1.3
1996-09-22,17.6,13.3,23.0,18820,0.1,1.13,3.6
1996-09-23,16.3,11.0,21.6,13580,1.3,1.27,1.6
1996-09-24,17.1,12.3,21.0,16140,0.0,1.3,2.5
1996-09-25,14.1,7.7,19.1,14470,0.2,1.02,1.9
1996-09-26,17.3,13.4,20.7,6120,20.1,1.48,5.0
1996-09-27,17.1,11.8,19.9,9190,25.8,1.55,3.9
1996-09-28,12.5,9.2,15.7,11500,0.0,0.96,3.7
1996-09-29,14.3,8.4,21.5,18450,0.0,1.0,2.8
1996-09-30,15.7,9.9,22.6,18240,0.0,1.18,2.1
1996-10-01,17.1,12.7,22.6,10480,0.0,1.54,2.9
1996-10-02,17.9,12.7,23.7,13400,0.3,1.62,4.3
1996-10-03,10.0,6.7,12.9,17670,0.0,0.68,3.1
1996-10-04,9.3,4.2,15.3,16750,0.0,0.69,2.8
1996-10-05,12.2,6.5,19.4,16920,0.0,0.85,2.3
1996-10-06,16.0,10.5,22.8,16260,0.0,1.36,2.4
1996-10-07,15.1,10.7,21.5,14210,0.0,1.31,2.3
1996-10-08,11.1,9.5,12.1,2490,6.7,1.16,3.0
1996-10-09,10.4,7.1,14.4,13740,1.0,0.8,2.8
1996-10-10,9.6,6.7,12.9,10470,4.2,0.94,2.8
1996-10-11,8.1,2.0,14.0,16260,0.0,0.78,2.0
1996-10-12,14.0,9.3,20.1,15440,0.0,1.0,4.3
1996-10-13,17.4,12.8,23.2,14820,0.0,1.23,4.1
1996-10-14,18.8,13.0,23.9,12710,0.0,1.64,1.8
1996-10-15,18.8,14.7,24.4,15440,0.0,1.49,3.1
1996-10-16,18.1,13.9,23.4,12920,0.0,1.41,3.2
1996-10-17,18.7,14.6,24.6,13530,15.6,1.51,4.6
1996-10-18,9.6,6.6,12.5,14690,6.1,0.61,4.7
1996-10-19,7.2,2.5,12.5,15760,0.0,0.46,2.2
1996-10-20,7.6,0.2,14.5,14290,0.0,0.73,1.2
1996-10-21,11.9,5.7,18.2,11800,0.0,0.95,1.8
1996-10-22,15.4,13.2,18.7,4200,12.1,1.51,3.4
1996-10-23,7.3,5.2,12.2,5470,7.5,0.75,5.3
1996-10-24,10.5,7.1,15.5,13680,0.0,0.81,3.8
1996-10-25,11.8,6.3,18.3,13660,0.0,0.96,3.4
1996-10-26,15.9,13.3,19.4,5330,0.8,1.48,3.2
1996-10-27,17.0,13.8,20.7,7610,0.0,1.67,2.8
1996-10-28,12.0,8.1,14.7,12600,0.1,0.86,2.4
1996-10-29,13.0,5.8,19.9,4150,4.2,1.17,3.9
1996-10-30,12.0,4.5,17.9,11540,0.4,0.74,6.9
1996-10-31,3.3,-0.5,7.1,13410,0.0,0.3,4.0
1996-11-01,2.2,-1.5,5.4,13380,0.0,0.3,3.5
1996-11-02,-0.4,-4.1,2.4,11660,0.0,0.31,3.1
1996-11-03,0.9,-4.0,7.0,12750,0.0,0.39,2.8
1996-11-04,5.2,1.0,9.9,8970,0.0,0.51,3.8
1996-11-05,10.3,6.7,13.7,4610,0.8,0.94,2.8
1996-11-06,15.2,12.5,19.0,6870,5.5,1.5,4.4
1996-11-07,8.8,2.9,16.6,950,44.8,1.11,3.8
1996-11-08,3.9,-0.2,9.3,10970,1.6,0.64,2.7
1996-11-09,2.0,-0.4,4.6,10120,0.0,0.42,4.1
1996-11-10,-1.3,-4.2,1.3,8390,0.0,0.31,3.4
1996-11-11,-2.6,-5.7,1.0,9890,0.0,0.26,2.7
1996-11-12,-3.5,-6.5,-0.6,12050,0.0,0.25,1.9
1996-11-13,-2.4,-5.7,0.5,7960,0.3,0.29,0.8
1996-11-14,-2.8,-6.4,1.6,10550,0.0,0.32,2.1
1996-11-15,-0.6,-4.8,4.5,7580,0.0,0.31,4.2
1996-11-16,6.6,2.2,11.3,8520,0.0,0.6,4.3
1996-11-17,8.5,0.7,11.3,1090,7.3,0.93,5.2
1996-11-18,1.0,-2.0,5.9,8930,0.0,0.45,1.6
1996-11-19,0.7,-2.2,3.6,5450,0.0,0.49,1.2
1996-11-20,-0.1,-2.5,1.9,5010,0.2,0.41,2.4
1996-11-21,1.0,-0.6,3.0,6450,0.1,0.46,3.2
1996-11-22,0.9,-2.5,4.4,8530,0.0,0.49,1.9
1996-11-23,2.8,-1.1,7.0,7610,0.0,0.53,2.6
1996-11-24,4.0,1.4,5.1,940,12.6,0.73,2.0
1996-11-25,0.3,-0.4,1.3,1750,12.5,0.57,4.0
1996-11-26,-2.2,-5.6,0.4,8150,0.3,0.36,3.7
1996-11-27,-4.4,-7.6,-0.4,9460,0.0,0.25,1.5
1996-11-28,-1.9,-4.9,2.7,10160,0.3,0.33,1.9
1996-11-29,1.7,-2.7,7.1,8250,4.2,0.5,3.3
1996-11-30,8.1,5.6,9.7,1300,8.7,1.03,3.1
1996-12-01,2.5,-0.5,6.5,4050,7.9,0.64,3.9
1996-12-02,0.6,-3.5,5.8,9330,0.0,0.48,2.8
1996-12-03,2.7,-2.3,4.9,2070,0.9,0.56,4.6
1996-12-04,-2.8,-5.6,1.4,9530,0.0,0.36,1.9
1996-12-05,0.1,-2.9,1.4,1610,9.9,0.52,4.3
1996-12-06,1.1,-2.7,5.7,5030,0.0,0.55,3.0
1996-12-07,1.4,-2.4,6.3,9250,0.0,0.53,3.0
1996-12-08,-1.7,-2.5,-0.1,4080,0.4,0.39,4.9
1996-12-09,-2.5,-5.7,0.2,8740,0.0,0.37,2.5
1996-12-10,4.2,-1.3,10.5,8590,0.0,0.68,3.3
1996-12-11,9.2,3.6,12.4,1360,19.3,1.14,2.3
1996-12-12,3.7,3.5,4.1,1220,0.6,0.74,2.6
1996-12-13,2.4,0.4,5.5,7300,0.0,0.6,1.6
1996-12-14,4.1,0.6,8.3,6020,0.0,0.61,2.8
1996-12-15,3.9,0.3,5.5,650,10.4,0.59,4.4
1996-12-16,-1.2,-2.8,0.1,2680,1.6,0.44,1.5
1996-12-17,-1.7,-5.4,0.6,7410,0.7,0.4,3.6
1996-12-18,-7.3,-9.6,-5.8,7830,0.0,0.18,3.8
1996-12-19,-11.2,-13.7,-9.5,7780,0.0,0.12,4.0
1996-12-20,-10.6,-13.5,-6.8,9270,0.0,0.14,3.5
1996-12-21,-3.3,-9.9,2.2,7240,0.0,0.29,5.1
1996-12-22,3.1,1.5,6.3,810,3.4,0.67,3.6
1996-12-23,10.0,6.7,12.0,1180,21.9,1.2,5.4
1996-12-24,-4.9,-8.6,6.3,6270,0.1,0.3,5.5
1996-12-25,-9.8,-12.6,-7.4,8530,0.0,0.13,2.5
1996-12-26,-3.9,-9.4,-0.9,2290,1.3,0.32,1.9
1996-12-27,0.7,-3.4,5.4,6280,0.5,0.59,2.2
1996-12-28,6.5,3.8,10.1,2960,0.2,0.93,3.5
1996-12-29,4.3,-0.2,8.4,3880,0.0,0.75,2.1
1996-12-30,1.1,-2.1,6.5,8490,0.0,0.57,1.5
1996-12-31,2.5,0.6,4.0,4060,0.1,0.67,2.4
1997-01-01,4.0,0.8,6.8,1650,0.7,0.8,3.2
1997-01-02,10.6,6.8,13.0,2040,0.0,1.23,4.3
1997-01-03,11.0,9.5,12.9,2790,0.0,1.25,2.4
1997-01-04,15.0,12.1,16.5,1190,8.7,1.6,5.0
1997-01-05,1.5,-3.9,9.4,4610,0.0,0.44,6.2
1997-01-06,-7.2,-10.4,-4.6,9780,0.0,0.17,4.1
1997-01-07,-7.1,-10.5,-3.1,10180,0.0,0.15,2.9
1997-01-08,-5.9,-9.6,-1.8,7510,0.0,0.22,1.9
1997-01-09,-4.3,-4.9,-3.5,3710,10.8,0.35,3.4
1997-01-10,-10.8,-15.7,-4.9,7080,3.1,0.24,5.6
1997-01-11,-15.2,-18.4,-12.0,8370,0.1,0.15,4.5
1997-01-12,-22.1,-25.1,-19.1,10960,0.0,0.08,2.8
1997-01-13,-20.7,-23.4,-16.9,10790,0.0,0.09,2.0
1997-01-14,-17.8,-22.1,-12.7,10800,0.0,0.12,1.8
1997-01-15,-5.7,-12.5,0.1,4110,16.5,0.38,4.2
1997-01-16,-12.4,-20.2,-1.5,11000,0.3,0.21,6.7
1997-01-17,-22.0,-24.8,-19.9,11840,0.0,0.07,4.5
1997-01-18,-20.7,-23.1,-18.0,11710,0.0,0.08,3.6
1997-01-19,-11.7,-17.4,-7.0,9930,0.0,0.21,2.7
1997-01-20,-3.4,-7.5,0.8,10970,0.0,0.43,2.8
1997-01-21,0.1,-6.5,6.9,4910,2.2,0.6,4.7
1997-01-22,6.5,-0.7,8.9,4670,8.0,0.84,5.7
1997-01-23,-3.6,-7.3,-0.7,8420,0.0,0.28,2.6
1997-01-24,0.3,-2.9,6.7,4400,6.3,0.49,3.2
1997-01-25,-8.7,-12.0,-1.5,10000,0.0,0.21,5.4
1997-01-26,-10.1,-13.9,-4.4,2890,4.7,0.2,2.0
1997-01-27,-1.5,-5.6,1.5,2330,12.5,0.48,2.3
1997-01-28,-16.5,-21.4,-7.1,13090,0.0,0.14,3.4
1997-01-29,-15.6,-24.5,-7.9,11350,0.0,0.15,1.9
1997-01-30,-8.0,-13.7,-4.1,9850,0.0,0.27,2.7
1997-01-31,0.6,-5.0,4.1,8130,0.0,0.54,4.8
1997-02-01,0.0,-2.5,2.3,8080,0.0,0.55,1.7
1997-02-02,2.4,-1.6,8.9,10310,0.0,0.6,1.6
1997-02-03,0.0,-3.6,4.3,9220,0.0,0.48,3.6
1997-02-04,3.7,0.5,6.7,2490,12.6,0.74,4.5
1997-02-05,-0.2,-2.6,2.6,7190,0.0,0.46,3.6
1997-02-06,-2.5,-4.5,0.3,7350,0.0,0.4,1.9
1997-02-07,-2.2,-3.6,-0.3,5610,0.0,0.39,1.5
1997-02-08,-1.6,-4.5,1.7,9450,0.0,0.36,2.5
1997-02-09,-1.6,-3.9,1.3,7230,0.0,0.37,1.1
1997-02-10,-1.7,-3.5,0.6,5950,0.0,0.36,1.4
1997-02-11,-2.1,-3.8,-0.1,5990,0.0,0.36,2.8
1997-02-12,-3.3,-6.8,-1.9,7890,0.8,0.33,3.2
1997-02-13,-4.3,-9.4,1.3,10600,0.8,0.26,3.1
1997-02-14,-1.4,-5.3,3.3,12240,0.0,0.39,2.3
1997-02-15,-4.0,-6.4,-0.2,10740,0.0,0.28,3.3
1997-02-16,-2.7,-8.6,0.5,8870,4.0,0.36,3.5
1997-02-17,-1.0,-9.3,7.9,14920,0.0,0.35,4.2
1997-02-18,9.5,5.4,15.1,12210,0.0,0.65,6.5
1997-02-19,7.7,0.7,10.6,8670,0.7,0.75,4.3
1997-02-20,5.5,-3.1,15.2,3320,14.8,0.88,3.3
1997-02-21,12.1,0.1,15.8,1830,29.5,1.36,5.8
1997-02-22,-1.5,-3.6,1.6,13130,1.5,0.34,4.0
1997-02-23,0.1,-3.6,4.7,12400,0.2,0.41,3.5
1997-02-24,-3.8,-7.4,0.8,11820,0.0,0.26,2.0
1997-02-25,-2.7,-8.6,4.7,17130,0.0,0.34,2.1
1997-02-26,3.1,0.1,5.7,2180,26.7,0.68,2.5
1997-02-27,4.2,2.0,7.7,5190,21.4,0.71,3.9
1997-02-28,5.4,-1.4,12.6,16170,0.0,0.7,2.3
1997-03-01,14.4,9.6,18.8,7330,9.5,1.42,3.5
1997-03-02,3.6,-1.1,11.9,15160,1.7,0.58,3.4
1997-03-03,2.0,-2.4,7.9,16530,0.0,0.46,3.2
1997-03-04,6.4,-0.6,14.1,14420,0.0,0.7,3.1
1997-03-05,2.2,0.7,5.9,3250,16.5,0.61,3.5
1997-03-06,-0.5,-3.9,3.0,19010,0.0,0.3,4.7
1997-03-07,1.4,-6.5,10.7,15600,0.0,0.38,3.1
1997-03-08,7.5,3.2,10.2,18820,0.0,0.63,3.5
1997-03-09,6.4,2.6,11.4,3560,14.4,0.83,4.5
1997-03-10,5.7,-1.6,12.7,19120,0.0,0.44,3.6
1997-03-11,6.0,-0.1,10.3,19030,0.0,0.53,3.5
1997-03-12,2.6,-3.6,9.6,19560,0.0,0.37,2.5
1997-03-13,4.4,2.1,8.3,8100,20.9,0.52,4.8
1997-03-14,1.8,-3.9,5.0,10520,17.7,0.53,5.3
1997-03-15,-4.6,-8.5,-0.4,20880,0.0,0.2,3.9
1997-03-16,-3.0,-8.7,3.6,20760,0.0,0.21,2.1
1997-03-17,6.7,-0.3,13.2,12510,0.0,0.6,3.8
1997-03-18,4.0,1.2,7.4,2110,12.0,0.73,3.6
1997-03-19,2.4,-3.8,9.0,20790,0.0,0.37,2.3
1997-03-20,7.7,2.6,14.7,20490,0.1,0.73,2.2
1997-03-21,13.2,3.1,23.3,20240,0.0,1.05,4.1
1997-03-22,6.0,1.9,13.5,11420,0.0,0.57,3.7
1997-03-23,3.1,-1.6,8.0,19900,0.0,0.5,3.2
1997-03-24,3.3,-2.9,10.5,15500,4.0,0.5,4.1
1997-03-25,9.1,5.9,12.4,3780,10.7,0.87,5.2
1997-03-26,5.9,-1.0,12.4,22260,0.0,0.51,3.5
1997-03-27,12.4,6.2,19.6,22460,0.1,0.74,4.3
1997-03-28,13.2,9.1,18.5,8510,13.0,1.19,3.9
1997-03-29,10.4,6.7,12.6,14730,1.8,0.92,3.8
1997-03-30,8.0,3.0,10.8,13360,3.6,0.82,2.7
1997-03-31,3.2,-1.1,8.8,23730,1.6,0.43,3.1
1997-04-01,4.7,-5.0,14.4,24140,0.0,0.42,1.9
1997-04-02,9.8,2.5,18.0,23060,0.0,0.61,2.0
1997-04-03,13.4,7.3,20.6,17690,1.1,0.93,2.5
1997-04-04,15.9,10.0,22.3,17140,0.5,1.09,3.2
1997-04-05,16.1,13.2,20.1,8240,30.3,1.51,6.0
1997-04-06,13.3,5.3,19.2,21850,0.0,0.85,7.3
1997-04-07,2.8,-1.4,6.9,25480,0.0,0.3,5.4
1997-04-08,1.3,-4.3,5.6,18120,0.0,0.32,3.5
1997-04-09,-1.8,-6.3,3.3,18460,0.0,0.26,2.4
1997-04-10,-0.4,-5.9,5.0,17510,2.5,0.34,1.5
1997-04-11,5.5,0.5,13.0,14040,7.3,0.7,3.3
1997-04-12,7.7,3.1,11.9,6920,5.4,0.93,3.3
1997-04-13,3.4,-0.3,7.8,14050,0.1,0.47,3.5
1997-04-14,4.6,-3.4,11.6,24940,0.0,0.46,1.6
1997-04-15,9.0,1.4,16.7,25530,0.0,0.61,3.1
1997-04-16,10.0,4.5,13.8,23800,4.5,0.72,3.9
1997-04-17,4.0,1.1,7.8,16460,0.3,0.52,3.7
1997-04-18,6.1,-2.3,13.8,23060,0.1,0.53,1.6
1997-04-19,8.9,3.7,14.0,18410,1.6,0.74,2.0
1997-04-20,9.3,3.1,15.1,15780,0.0,0.71,1.0
1997-04-21,11.1,6.1,16.8,21230,4.0,1.02,1.8
1997-04-22,7.7,2.3,14.0,24120,0.0,0.62,3.3
1997-04-23,8.5,3.1,14.0,23600,0.2,0.69,3.3
1997-04-24,7.7,1.8,13.7,23940,1.1,0.76,2.5
1997-04-25,8.7,2.0,15.2,25460,0.3,0.69,2.3
1997-04-26,9.9,0.2,17.3,26970,0.0,0.59,2.3
1997-04-27,10.8,7.9,12.4,5430,1.4,0.9,2.6
1997-04-28,10.3,2.0,17.0,26750,0.0,0.8,1.9
1997-04-29,12.7,5.3,19.3,26610,0.0,0.84,2.5
1997-04-30,15.1,9.8,23.3,16790,3.4,1.14,5.3
1997-05-01,8.5,2.6,15.1,21240,4.0,0.69,5.0
1997-05-02,10.6,8.0,13.1,4900,20.0,1.03,2.7
1997-05-03,9.9,7.5,13.1,11550,15.4,1.03,3.5
1997-05-04,10.8,4.7,16.9,28650,0.0,0.65,3.3
1997-05-05,13.5,7.8,19.4,17760,6.4,1.0,5.2
1997-05-06,13.8,7.9,18.2,27260,0.0,0.79,3.3
1997-05-07,13.1,4.9,19.8,18750,0.8,0.87,2.1
1997-05-08,16.1,12.1,22.1,16640,3.4,1.17,4.2
1997-05-09,10.7,7.9,15.1,9140,0.1,0.7,5.0
1997-05-10,9.9,3.9,15.7,29300,0.0,0.66,2.6
1997-05-11,14.3,6.6,21.8,23300,4.1,0.93,4.5
1997-05-12,12.0,7.4,15.2,28630,1.8,0.75,4.4
1997-05-13,10.5,6.5,14.3,20570,0.7,0.84,1.9
1997-05-14,12.6,7.7,17.9,24400,0.5,0.92,3.4
1997-05-15,9.1,5.8,11.7,26260,0.2,0.58,5.0
1997-05-16,10.1,2.1,16.8,28860,0.3,0.66,3.2
1997-05-17,17.9,12.3,24.4,25440,0.8,1.3,2.8
1997-05-18,21.2,14.2,27.8,21720,0.6,1.78,4.0
1997-05-19,18.9,13.3,22.5,11500,10.2,1.73,4.0
1997-05-20,12.9,7.6,18.0,22920,0.0,0.84,2.2
1997-05-21,10.4,5.4,15.4,28940,0.0,0.68,2.8
1997-05-22,11.1,2.6,18.2,30380,0.0,0.72,1.9
1997-05-23,14.5,6.6,21.4,28200,0.0,0.92,2.1
1997-05-24,18.5,12.0,26.7,20540,7.2,1.38,2.6
1997-05-25,17.6,14.0,20.0,6890,28.5,1.86,2.8
1997-05-26,12.9,10.7,14.8,8410,2.9,0.96,4.8
1997-05-27,14.4,8.8,19.7,27190,0.0,0.86,5.3
1997-05-28,14.0,12.3,15.6,6660,10.3,1.25,4.2
1997-05-29,16.3,14.6,18.1,12200,10.9,1.47,3.4
1997-05-30,15.8,13.0,19.3,13000,5.3,1.39,2.5
1997-05-31,16.5,14.5,19.5,13490,5.3,1.57,3.2
1997-06-01,14.4,13.0,15.4,6920,18.6,1.42,5.1
1997-06-02,15.4,13.2,18.9,7170,2.7,1.59,3.1
1997-06-03,16.6,14.8,19.5,9260,0.3,1.57,3.4
1997-06-04,16.1,10.4,21.3,26260,0.0,1.22,3.5
1997-06-05,17.2,11.8,22.2,22420,2.7,1.44,2.4
1997-06-06,16.2,14.6,19.8,10860,16.7,1.68,2.5
1997-06-07,16.1,14.3,19.3,17370,6.1,1.53,2.9
1997-06-08,15.4,13.1,17.7,10150,5.3,1.42,3.6
1997-06-09,17.3,11.7,23.3,25410,0.0,1.36,3.5
1997-06-10,18.8,12.0,24.6,25850,0.0,1.51,2.2
1997-06-11,19.6,13.9,24.4,23110,1.4,1.85,1.7
1997-06-12,19.6,16.6,23.0,14760,8.0,2.05,2.2
1997-06-13,20.7,15.8,26.1,23360,1.0,1.86,1.1
1997-06-14,19.0,14.6,22.4,29020,0.0,1.4,3.3
1997-06-15,18.1,9.7,25.1,29740,0.0,1.4,2.6
1997-06-16,20.9,18.7,24.3,10050,4.7,1.93,3.7
1997-06-17,19.9,14.2,24.9,24060,0.4,1.78,2.0
1997-06-18,21.9,16.8,26.8,22510,0.3,1.98,1.2
1997-06-19,24.1,18.0,29.5,27470,0.2,2.06,2.4
1997-06-20,25.4,21.3,29.4,22190,0.0,2.2,3.8
1997-06-21,24.7,21.7,29.8,21400,13.3,2.45,3.7
1997-06-22,23.9,18.1,28.9,27460,0.0,2.2,1.3
1997-06-23,25.3,20.3,30.2,25100,1.3,2.43,2.0
1997-06-24,26.8,22.1,31.4,26750,0.0,2.69,2.9
1997-06-25,26.5,22.8,30.5,24890,7.1,2.55,3.4
1997-06-26,23.7,20.3,27.3,29270,0.7,1.98,2.2
1997-06-27,21.7,14.4,27.7,30650,0.0,1.59,1.4
1997-06-28,23.4,18.5,28.0,25750,0.0,1.91,1.9
1997-06-29,23.5,18.3,28.8,23730,0.0,2.18,1.8
1997-06-30,23.5,19.4,27.6,20670,5.2,2.38,2.1
1997-07-01,24.9,20.1,29.9,25430,0.0,2.36,1.4
1997-07-02,26.7,23.0,31.4,26590,1.3,2.39,3.8
1997-07-03,21.2,17.8,23.8,23670,0.0,1.64,4.3
1997-07-04,17.7,14.1,19.7,13980,0.3,1.36,3.3
1997-07-05,17.9,12.0,23.0,25210,0.0,1.23,1.7
1997-07-06,20.2,14.7,25.4,25710,3.5,1.54,3.0
1997-07-07,21.4,16.5,26.2,25920,3.4,1.93,1.3
1997-07-08,24.4,20.5,29.3,24800,3.3,2.1,3.4
1997-07-09,19.9,17.7,21.6,14030,2.6,1.85,2.6
1997-07-10,18.8,12.5,24.0,30070,0.0,1.48,2.0
1997-07-11,20.7,13.7,26.6,29080,0.0,1.64,1.7
1997-07-12,22.4,14.8,28.6,28490,0.0,1.78,1.3
1997-07-13,25.1,18.6,30.9,24810,0.0,2.26,2.1
1997-07-14,26.2,23.1,32.1,21610,9.7,2.75,3.2
1997-07-15,24.3,18.9,29.0,28770,0.0,2.06,2.1
1997-07-16,25.3,19.2,30.8,28110,0.0,2.02,2.1
1997-07-17,25.9,20.3,31.3,28410,0.0,2.13,2.5
1997-07-18,26.6,21.2,32.0,24710,0.2,2.42,1.9
1997-07-19,25.3,21.2,29.5,24760,2.7,2.35,1.9
1997-07-20,24.8,19.2,30.1,25580,0.0,1.94,1.8
1997-07-21,24.3,22.3,26.4,11690,3.8,2.26,1.5
1997-07-22,22.4,20.5,25.4,8220,24.8,2.44,2.2
1997-07-23,22.2,20.1,24.5,11120,1.6,2.34,2.1
1997-07-24,23.0,18.5,26.7,19600,0.0,2.2,1.6
1997-07-25,24.4,18.6,29.6,21160,0.0,2.3,1.6
1997-07-26,28.9,24.0,34.2,26340,0.0,2.99,3.6
1997-07-27,28.4,24.0,33.0,23310,1.2,2.94,1.9
1997-07-28,26.4,22.4,29.6,22350,0.5,2.61,3.1
1997-07-29,21.0,17.1,24.2,22870,0.0,1.56,3.5
1997-07-30,19.9,14.7,24.3,28830,0.0,1.29,3.0
1997-07-31,20.6,13.2,27.0,28490,0.0,1.43,1.7
1997-08-01,22.8,16.0,28.7,26690,0.0,1.62,2.1
1997-08-02,24.2,19.8,28.8,16430,0.7,2.08,2.4
1997-08-03,25.4,17.7,31.8,25590,0.3,2.2,1.3
1997-08-04,23.8,19.9,27.4,22100,0.3,1.99,3.0
1997-08-05,20.0,16.4,23.8,24980,0.0,1.29,3.5
1997-08-06,18.8,12.3,23.7,20410,0.0,1.15,1.4
1997-08-07,20.1,13.9,25.1,19880,0.0,1.28,1.2
1997-08-08,21.9,15.3,27.8,27180,0.0,1.24,2.2
1997-08-09,20.9,19.9,22.3,9010,4.5,1.9,3.5
1997-08-10,22.5,19.6,26.5,12180,0.2,2.1,2.1
1997-08-11,22.5,19.5,25.3,12680,1.6,2.21,1.9
1997-08-12,22.6,19.2,26.2,11030,4.9,2.33,2.3
1997-08-13,21.4,19.1,23.1,10320,1.1,2.12,2.1
1997-08-14,20.5,14.2,25.7,17440,0.0,1.72,2.3
1997-08-15,25.3,22.0,29.9,15710,8.0,2.49,5.1
1997-08-16,26.1,22.8,30.7,17100,18.7,2.75,3.6
1997-08-17,23.1,20.7,24.9,6370,19.5,2.61,1.9
1997-08-18,19.7,17.9,21.2,13950,0.6,2.0,2.2
1997-08-19,18.5,15.8,21.2,7810,5.3,1.74,1.9
1997-08-20,19.2,15.0,22.6,16490,2.5,1.81,2.3
1997-08-21,17.4,14.2,20.4,17710,0.1,1.49,3.5
1997-08-22,16.8,12.8,21.6,22460,0.0,1.38,2.6
1997-08-23,17.4,10.6,22.5,19820,0.1,1.39,1.6
1997-08-24,19.5,16.7,23.2,11780,2.8,1.72,3.6
1997-08-25,20.2,16.6,24.0,15800,0.0,1.87,1.1
1997-08-26,21.8,16.0,27.4,22860,0.0,1.96,1.1
1997-08-27,24.3,20.1,28.9,17730,0.3,2.38,1.8
1997-08-28,22.9,18.9,27.5,20830,0.2,2.13,2.1
1997-08-29,19.3,14.0,24.5,21770,0.0,1.63,1.7
1997-08-30,20.3,14.7,25.3,17960,0.2,1.7,2.6
1997-08-31,22.6,18.7,27.7,15330,2.9,2.11,1.9
1997-09-01,22.8,16.5,29.2,21940,0.0,2.09,1.2
1997-09-02,23.2,18.9,28.4,14860,1.2,2.29,2.1
1997-09-03,17.2,13.9,20.2,22370,0.1,1.16,4.2
1997-09-04,15.4,8.8,21.3,23780,0.0,1.04,1.3
1997-09-05,16.6,9.5,23.4,23020,0.0,1.09,2.3
1997-09-06,20.9,15.6,27.4,20410,0.4,1.35,3.2
1997-09-07,22.0,17.1,27.5,16580,1.6,1.99,1.5
1997-09-08,20.3,17.2,26.0,12480,14.5,2.06,1.3
1997-09-09,19.6,17.4,23.0,10980,6.5,2.04,1.8
1997-09-10,17.9,16.1,20.5,9210,0.1,1.62,3.6
1997-09-11,17.4,14.3,21.3,13460,0.0,1.35,2.4
1997-09-12,17.2,11.6,22.2,15870,0.0,1.34,1.2
1997-09-13,17.7,11.0,24.2,18920,0.1,1.38,1.1
1997-09-14,19.7,14.9,25.1,11670,0.0,1.7,1.5
1997-09-15,22.0,18.5,26.7,13000,0.2,1.93,2.0
1997-09-16,23.5,19.6,28.3,14860,0.0,2.02,3.4
1997-09-17,22.9,16.5,26.0,17280,12.6,1.87,3.5
1997-09-18,20.2,14.3,26.9,20150,0.0,1.35,2.7
1997-09-19,23.5,18.7,29.4,13860,11.7,1.87,3.5
1997-09-20,19.5,13.8,22.0,13380,12.0,1.81,3.6
1997-09-21,14.1,10.0,18.0,20010,0.0,1.02,2.1
1997-09-22,14.5,9.0,19.8,17320,0.0,1.09,1.2
1997-09-23,15.0,13.3,18.1,6250,6.3,1.32,1.8
1997-09-24,15.1,11.0,20.2,19090,0.0,1.2,2.2
1997-09-25,16.0,9.9,23.4,19230,0.0,1.31,2.9
1997-09-26,16.1,11.0,21.7,19250,0.0,1.31,1.8
1997-09-27,17.1,11.3,23.6,18880,0.0,1.35,2.1
1997-09-28,17.5,14.0,23.0,11900,3.0,1.39,2.8
1997-09-29,18.4,13.1,24.5,18890,0.0,1.01,5.6
1997-09-30,16.6,14.4,19.2,8920,0.0,1.02,4.1
1997-10-01,12.6,9.7,15.9,16250,0.0,1.0,2.3
1997-10-02,13.9,6.9,22.0,16150,0.0,1.04,3.3
1997-10-03,20.7,15.2,27.2,17130,0.0,1.54,4.2
1997-10-04,22.8,19.4,27.9,14570,0.1,1.76,3.7
1997-10-05,22.4,17.8,28.5,16220,0.0,1.69,3.5
1997-10-06,22.5,17.4,28.2,16870,0.0,1.69,3.1
1997-10-07,22.6,19.0,27.4,10910,0.0,1.71,2.5
1997-10-08,22.3,18.1,27.5,11040,0.0,1.71,2.9
1997-10-09,21.0,16.5,23.9,5490,3.7,1.82,3.9
1997-10-10,15.1,9.5,21.3,17220,0.0,0.92,1.7
1997-10-11,15.8,8.8,24.2,16730,0.0,0.93,2.4
1997-10-12,21.0,15.2,27.3,11990,0.0,1.3,4.4
1997-10-13,17.2,10.6,23.4,1390,10.8,1.44,5.0
1997-10-14,9.7,6.0,14.4,15850,0.0,0.59,3.1
1997-10-15,7.6,3.2,12.7,14920,0.0,0.58,1.3
1997-10-16,9.3,5.4,14.1,12650,0.0,0.67,2.4
1997-10-17,9.0,4.5,12.6,10300,0.2,0.73,2.1
1997-10-18,8.8,3.3,13.2,13370,0.0,0.75,1.1
1997-10-19,10.9,3.5,16.7,15270,0.0,0.77,1.7
1997-10-20,10.5,5.5,13.8,14330,0.0,0.78,2.8
1997-10-21,7.2,3.8,11.9,14700,0.0,0.56,2.6
1997-10-22,3.5,0.1,7.6,14090,0.0,0.39,2.0
1997-10-23,5.3,-0.1,10.6,4840,0.1,0.49,2.8
1997-10-24,8.4,5.6,11.2,5850,1.1,0.79,2.6
1997-10-25,9.1,5.1,13.4,10490,0.0,0.82,3.6
1997-10-26,6.7,5.1,8.6,1880,10.3,0.83,4.7
1997-10-27,3.6,0.1,6.9,9220,3.4,0.58,3.5
1997-10-28,3.8,-2.4,11.0,13680,0.0,0.54,3.2
1997-10-29,8.3,3.4,14.7,13330,0.0,0.79,2.1
1997-10-30,10.9,5.4,17.1,12290,0.0,0.97,3.7
1997-10-31,14.9,12.5,18.6,8600,1.6,1.17,4.7
1997-11-01,11.7,8.2,13.6,2940,5.5,1.13,3.8
1997-11-02,6.3,3.5,8.1,6100,0.3,0.6,4.4
1997-11-03,1.6,-0.0,3.1,4780,2.5,0.51,3.7
1997-11-04,2.2,0.6,3.9,4440,0.0,0.54,2.6
1997-11-05,6.1,1.1,11.6,10360,0.7,0.64,2.3
1997-11-06,7.3,4.9,10.8,5420,0.5,0.78,3.4
1997-11-07,6.9,2.9,10.6,8810,0.0,0.73,3.3
1997-11-08,7.5,4.6,11.4,10250,0.0,0.75,3.1
1997-11-09,5.2,3.5,7.1,4340,0.0,0.67,2.0
1997-11-10,4.4,1.5,5.7,2860,0.7,0.62,2.2
1997-11-11,0.0,-2.4,2.8,6960,0.0,0.37,2.5
1997-11-12,-1.7,-5.2,1.1,9890,0.0,0.29,2.1
1997-11-13,-0.9,-3.8,2.3,5720,5.0,0.32,2.6
1997-11-14,0.5,-1.5,3.2,7070,3.1,0.52,2.5
1997-11-15,-0.2,-1.5,0.6,8600,3.3,0.49,3.6
1997-11-16,-4.5,-6.9,-2.0,8620,0.0,0.33,3.4
1997-11-17,-5.1,-8.8,0.6,11490,0.0,0.3,3.3
1997-11-18,-1.2,-5.4,4.9,10050,0.0,0.43,3.6
1997-11-19,1.1,-3.1,6.7,9960,0.3,0.54,1.9
1997-11-20,4.5,-1.7,10.9,6420,0.2,0.66,3.1
1997-11-21,6.0,4.1,8.3,2900,4.7,0.82,2.7
1997-11-22,4.0,1.3,8.1,7190,0.3,0.66,2.0
1997-11-23,-0.4,-4.3,3.6,8820,0.0,0.38,3.5
1997-11-24,-1.6,-6.0,2.2,10570,0.0,0.36,1.8
1997-11-25,7.3,-0.4,13.5,8760,0.0,0.71,5.0
1997-11-26,9.5,3.4,11.6,6360,0.9,0.84,5.1
1997-11-27,3.9,-3.3,10.3,4990,0.0,0.47,3.5
1997-11-28,13.6,10.1,16.1,2980,11.1,1.41,3.8
1997-11-29,13.7,11.1,16.5,5060,1.9,1.44,1.6
1997-11-30,8.5,4.1,10.6,2300,3.0,1.02,3.8
1997-12-01,3.4,1.5,4.9,6940,0.0,0.51,2.8
1997-12-02,1.9,-0.5,5.8,8720,0.0,0.51,1.5
1997-12-03,2.9,0.0,5.2,1350,3.4,0.69,2.3
1997-12-04,0.9,-1.9,3.7,3950,0.0,0.46,3.4
1997-12-05,-3.5,-5.4,-2.0,4910,0.0,0.3,4.6
1997-12-06,-3.5,-5.7,-1.5,3480,0.0,0.34,4.4
1997-12-07,-1.3,-2.6,1.5,5960,0.0,0.42,2.5
1997-12-08,-1.5,-3.2,1.0,5450,0.3,0.41,2.1
1997-12-09,-0.1,-1.7,2.2,4520,4.1,0.52,2.0
1997-12-10,0.5,-0.1,1.1,3860,9.7,0.61,2.9
1997-12-11,-1.3,-3.5,0.5,6980,0.0,0.49,1.6
1997-12-12,-0.8,-2.6,1.0,7240,0.0,0.49,2.8
1997-12-13,-3.0,-5.9,0.2,8770,0.0,0.41,3.7
1997-12-14,-5.4,-11.4,0.7,8730,0.0,0.39,1.5
1997-12-15,-2.4,-9.7,4.9,8910,0.0,0.45,3.1
1997-12-16,1.7,-1.2,7.5,8960,0.0,0.54,3.2
1997-12-17,0.6,-3.7,6.8,9230,0.0,0.52,1.5
1997-12-18,2.6,-3.8,9.4,8340,0.0,0.59,3.2
1997-12-19,5.0,1.0,11.2,8400,0.0,0.72,2.4
1997-12-20,2.3,0.6,3.9,3150,0.0,0.62,2.6
1997-12-21,0.2,-2.3,3.0,6620,0.9,0.46,3.3
1997-12-22,2.4,0.6,4.8,700,7.9,0.68,3.2
1997-12-23,1.8,-0.0,3.9,3620,0.0,0.61,2.0
1997-12-24,1.9,-0.6,6.4,1030,11.5,0.66,3.8
1997-12-25,1.4,-0.7,6.1,2280,1.0,0.59,3.5
1997-12-26,-0.5,-2.6,3.5,5290,0.0,0.41,3.7
1997-12-27,-2.3,-5.2,0.5,5360,0.0,0.38,1.9
1997-12-28,-2.2,-6.5,2.4,7360,0.0,0.34,3.0
1997-12-29,-0.2,-1.8,2.6,5130,0.2,0.45,2.0
1997-12-30,-3.7,-5.9,-1.2,7460,0.3,0.32,3.4
1997-12-31,-6.2,-9.2,-4.2,8130,0.0,0.24,3.2
1998-01-01,-0.9,-9.2,5.8,7350,0.0,0.35,5.7
1998-01-02,5.8,3.2,8.3,3690,0.0,0.66,5.9
1998-01-03,11.6,8.4,14.2,4070,0.8,1.1,6.0
1998-01-04,12.8,11.9,14.1,3770,7.1,1.33,4.0
1998-01-05,12.8,12.3,13.4,670,27.5,1.39,4.0
1998-01-06,12.5,10.9,14.4,3200,13.5,1.33,2.2
1998-01-07,7.5,3.9,11.8,760,17.8,1.02,4.6
1998-01-08,4.1,3.0,6.1,1130,16.9,0.75,5.1
1998-01-09,1.3,-1.4,4.0,6270,0.6,0.49,4.7
1998-01-10,-4.5,-8.7,1.1,10060,0.0,0.24,3.7
1998-01-11,-4.8,-8.0,-1.4,6900,0.0,0.2,1.2
1998-01-12,0.1,-2.6,2.7,1160,1.8,0.5,2.5
1998-01-13,-8.0,-11.2,-3.4,10710,0.8,0.18,2.9
1998-01-14,-4.8,-10.3,2.7,9040,1.1,0.22,3.1
1998-01-15,-3.0,-5.4,-1.0,5730,2.4,0.42,2.3
1998-01-16,-2.3,-3.7,-1.0,5210,0.0,0.39,1.9
1998-01-17,-1.7,-2.7,0.3,5970,0.4,0.42,1.9
1998-01-18,-3.3,-7.2,-1.8,9530,0.0,0.37,2.0
1998-01-19,-4.4,-7.2,-1.2,6960,0.0,0.33,1.8
1998-01-20,-3.9,-5.8,-0.8,7190,0.0,0.35,1.4
1998-01-21,-0.4,-3.1,2.2,3720,0.4,0.45,2.9
1998-01-22,1.4,0.2,3.7,3010,6.9,0.65,1.1
1998-01-23,-1.1,-3.0,0.8,4400,3.0,0.53,2.6
1998-01-24,-2.5,-6.1,0.6,7710,0.0,0.44,1.5
1998-01-25,-1.0,-3.7,2.8,7440,0.0,0.45,2.5
1998-01-26,1.5,-2.3,6.2,8580,0.1,0.56,2.1
1998-01-27,4.2,1.7,8.7,6640,1.0,0.72,1.7
1998-01-28,3.5,-1.2,11.1,7730,0.0,0.68,2.1
1998-01-29,3.4,0.8,7.0,3050,0.0,0.64,4.0
1998-01-30,1.0,-1.1,3.6,6260,0.0,0.51,1.0
1998-01-31,0.7,-4.3,6.8,12010,0.0,0.49,1.8
1998-02-01,3.6,-1.7,10.1,8990,0.0,0.53,3.8
1998-02-02,2.9,-1.3,8.6,10890,0.0,0.55,2.9
1998-02-03,0.8,-2.9,5.7,9480,0.0,0.47,2.8
1998-02-04,-1.0,-3.1,0.6,4950,0.0,0.36,4.4
1998-02-05,-0.6,-2.7,2.2,6180,0.0,0.32,4.0
1998-02-06,0.2,-2.4,5.6,10020,0.0,0.39,2.4
1998-02-07,0.7,-3.7,7.0,13260,0.0,0.46,1.9
1998-02-08,0.7,-4.9,7.3,13460,0.0,0.5,1.3
1998-02-09,1.6,-4.5,9.3,13650,0.0,0.51,1.4
1998-02-10,4.6,-0.9,11.7,10210,1.0,0.64,2.5
1998-02-11,7.1,6.2,8.5,2140,16.8,0.89,2.9
1998-02-12,2.9,-0.4,6.3,6090,0.0,0.6,3.5
1998-02-13,1.1,-3.6,6.4,12720,0.0,0.51,1.4
1998-02-14,2.6,-1.8,7.8,11940,0.0,0.54,1.1
1998-02-15,4.7,-0.4,10.9,12470,0.0,0.55,3.0
1998-02-16,6.4,3.8,10.1,3630,4.4,0.7,4.6
1998-02-17,8.0,6.8,10.9,2160,10.4,0.97,4.3
1998-02-18,4.2,2.9,6.7,1970,3.1,0.74,3.3
1998-02-19,3.6,1.8,6.1,4700,1.7,0.66,1.6
1998-02-20,3.5,1.4,5.8,4320,2.3,0.67,1.7
1998-02-21,4.6,1.7,7.3,6880,0.0,0.66,1.7
1998-02-22,6.0,0.9,11.5,11510,0.0,0.68,1.7
1998-02-23,4.7,0.7,8.8,12720,0.0,0.54,2.5
1998-02-24,7.0,1.2,13.5,15850,2.0,0.69,2.9
1998-02-25,6.4,-0.4,14.0,16100,0.0,0.62,3.0
1998-02-26,12.3,7.9,18.9,13900,0.4,0.69,5.0
1998-02-27,10.2,4.8,12.4,14280,8.6,0.86,5.0
1998-02-28,5.8,3.0,10.8,10450,0.0,0.63,2.5
1998-03-01,1.3,-2.8,3.5,8770,0.7,0.49,2.0
1998-03-02,0.2,-3.1,3.4,11310,1.9,0.46,2.3
1998-03-03,1.3,-0.7,4.2,6600,1.3,0.54,3.3
1998-03-04,0.2,-2.5,3.6,10930,0.2,0.43,2.4
1998-03-05,-0.7,-5.3,3.6,11720,0.0,0.41,1.6
1998-03-06,2.5,-1.0,7.4,16510,0.0,0.48,1.4
1998-03-07,2.9,-0.9,6.5,6830,1.7,0.54,3.6
1998-03-08,7.1,3.7,11.0,1960,12.4,0.96,3.7
1998-03-09,-0.1,-6.2,6.9,5390,45.1,0.58,5.8
1998-03-10,-10.6,-14.6,-6.8,20640,0.0,0.21,4.1
1998-03-11,-11.7,-16.5,-7.9,17330,0.1,0.2,3.1
1998-03-12,-14.2,-18.1,-9.8,21880,0.0,0.16,2.4
1998-03-13,-5.0,-16.2,2.6,18300,0.0,0.35,4.3
1998-03-14,-2.6,-7.8,2.7,19260,0.0,0.39,4.1
1998-03-15,-5.1,-11.2,0.7,18750,0.0,0.31,2.0
1998-03-16,-0.2,-2.8,3.2,13830,0.0,0.45,3.4
1998-03-17,3.9,0.8,9.0,3580,17.8,0.74,4.2
1998-03-18,11.6,9.6,15.4,7390,4.1,1.23,3.1
1998-03-19,7.1,3.3,9.6,8290,0.9,0.85,2.5
1998-03-20,1.1,-0.3,3.5,1800,30.4,0.62,5.4
1998-03-21,-0.0,-1.5,2.4,13290,1.9,0.5,4.6
1998-03-22,-0.5,-8.0,5.5,19960,0.0,0.41,2.0
1998-03-23,1.1,-4.4,7.1,18650,0.8,0.45,1.9
1998-03-24,2.2,-4.2,8.6,22370,0.0,0.39,1.4
1998-03-25,8.6,3.1,14.9,9460,0.0,0.8,3.9
1998-03-26,18.3,15.1,22.1,19850,0.0,1.35,6.8
1998-03-27,19.5,16.6,23.1,19960,0.0,1.35,6.3
1998-03-28,16.9,13.2,20.3,14910,16.7,1.35,5.8
1998-03-29,17.3,8.2,25.5,21060,1.8,1.41,3.7
1998-03-30,20.7,17.5,23.5,15790,0.4,1.65,6.1
1998-03-31,18.5,10.8,22.2,10260,9.5,1.3,5.4
1998-04-01,8.7,5.9,11.2,11350,2.8,0.76,5.5
1998-04-02,8.2,2.2,14.5,21450,0.0,0.63,3.1
1998-04-03,7.1,3.4,12.1,13280,0.5,0.7,3.9
1998-04-04,7.2,3.7,11.6,18360,0.0,0.63,3.9
1998-04-05,7.1,-0.5,14.2,23170,0.0,0.66,1.1
1998-04-06,9.1,0.6,16.9,22410,0.0,0.73,1.7
1998-04-07,11.5,8.2,14.5,9440,13.0,1.0,3.8
1998-04-08,13.3,9.4,18.1,17240,7.9,1.08,3.4
1998-04-09,7.8,6.1,9.4,3230,12.7,0.98,3.4
1998-04-10,7.8,3.1,13.0,24840,0.5,0.51,3.4
1998-04-11,9.2,-0.3,17.4,25140,0.0,0.65,1.6
1998-04-12,13.9,8.1,20.1,24290,0.0,0.81,4.1
1998-04-13,15.0,12.6,18.7,14480,11.6,1.02,5.8
1998-04-14,14.7,11.7,19.0,15130,4.9,1.26,3.8
1998-04-15,13.6,7.4,19.4,16190,9.0,1.27,3.0
1998-04-16,13.9,7.1,16.5,14500,1.6,1.35,4.3
1998-04-17,8.1,2.6,12.1,22960,0.0,0.6,2.5
1998-04-18,8.6,1.5,13.7,17900,0.0,0.64,1.7
1998-04-19,10.3,5.2,14.9,21410,0.0,0.75,2.1
1998-04-20,10.7,4.3,17.3,22500,3.5,0.87,2.2
1998-04-21,10.5,7.7,13.7,13230,10.6,1.03,1.8
1998-04-22,11.1,6.4,17.1,15800,2.3,0.95,2.6
1998-04-23,13.1,6.2,20.0,23450,0.0,0.78,2.3
1998-04-24,15.3,8.3,22.0,25080,0.0,0.91,3.0
1998-04-25,14.2,8.1,19.2,13190,4.3,1.14,3.3
1998-04-26,17.0,9.3,22.4,17530,1.6,1.28,4.4
1998-04-27,9.6,3.8,14.2,25670,0.0,0.56,4.9
1998-04-28,10.7,4.9,16.9,20900,0.5,0.7,3.8
1998-04-29,14.8,10.7,20.0,11600,6.6,1.41,2.7
1998-04-30,15.0,12.7,18.3,9920,7.5,1.48,1.9
1998-05-01,14.3,10.7,18.9,14120,1.2,1.36,1.8
1998-05-02,15.2,10.9,20.5,17290,0.1,1.3,2.3
1998-05-03,13.1,9.9,17.6,12490,16.2,1.3,1.8
1998-05-04,14.8,11.2,19.3,16080,5.1,1.39,1.5
1998-05-05,16.3,8.4,22.7,24780,0.0,1.33,1.8
1998-05-06,17.3,12.8,23.1,17370,7.3,1.52,3.0
1998-05-07,15.5,15.2,16.2,3020,60.8,1.64,3.3
1998-05-08,16.6,14.0,21.1,11460,9.5,1.58,4.2
1998-05-09,17.4,12.5,21.9,20680,0.0,1.41,3.2
1998-05-10,17.2,13.1,22.0,24550,0.0,1.27,3.6
1998-05-11,16.0,8.8,21.8,22500,0.3,1.23,1.6
1998-05-12,18.6,11.2,25.2,25900,0.4,1.36,3.0
1998-05-13,21.0,15.7,26.7,24940,4.2,1.76,2.1
1998-05-14,21.5,12.2,29.2,28360,0.0,1.8,1.7
1998-05-15,24.0,18.6,29.2,24150,0.0,2.18,3.8
1998-05-16,22.5,19.0,26.5,28790,0.2,1.72,3.6
1998-05-17,21.0,13.3,27.3,29510,0.0,1.29,1.4
1998-05-18,21.9,14.1,28.8,29450,0.0,1.36,2.8
1998-05-19,23.0,18.7,29.4,24430,9.5,1.87,2.6
1998-05-20,22.0,17.3,28.1,20250,1.3,2.14,1.6
1998-05-21,19.4,13.9,24.1,27610,0.0,1.32,1.9
1998-05-22,17.3,14.6,20.5,15700,19.9,1.38,3.1
1998-05-23,16.5,12.6,20.8,11820,10.8,1.39,3.9
1998-05-24,19.3,16.5,23.2,11520,2.8,1.85,3.2
1998-05-25,16.6,11.9,21.0,16910,0.6,1.43,1.7
1998-05-26,17.0,10.1,22.5,26710,0.0,1.28,1.9
1998-05-27,19.2,12.0,25.2,25800,0.0,1.54,1.3
1998-05-28,22.5,16.5,28.3,28400,0.0,1.95,3.1
1998-05-29,22.8,18.3,29.5,21860,11.2,2.17,2.3
1998-05-30,23.5,18.0,28.7,25870,1.1,2.25,2.5
1998-05-31,25.1,20.4,29.8,25430,0.5,2.15,5.4
1998-06-01,19.3,15.7,23.0,24200,0.2,1.45,2.2
1998-06-02,21.3,15.6,27.9,28310,0.0,1.59,4.1
1998-06-03,14.6,10.4,19.1,15240,1.9,1.18,1.9
1998-06-04,14.7,11.6,18.2,15300,0.0,1.01,1.6
1998-06-05,13.0,10.3,15.6,18050,6.6,0.94,3.4
1998-06-06,12.2,7.2,16.4,22870,0.9,0.91,2.2
1998-06-07,13.7,7.8,19.6,25590,0.2,1.07,2.2
1998-06-08,14.4,9.5,17.9,11660,3.5,1.32,1.8
1998-06-09,17.0,14.0,21.6,7090,16.3,1.72,3.2
1998-06-10,20.6,16.4,25.2,22740,0.1,1.92,1.6
1998-06-11,21.8,18.6,24.6,9410,23.9,2.37,3.5
1998-06-12,23.4,19.7,29.5,25080,14.2,2.33,3.9
1998-06-13,19.8,16.8,22.9,21320,0.5,1.68,3.4
1998-06-14,18.4,13.8,24.1,17010,4.9,1.68,2.4
1998-06-15,19.5,17.4,23.5,10800,14.7,2.02,1.7
1998-06-16,19.1,16.5,23.8,14400,9.3,1.97,2.7
1998-06-17,22.1,16.6,27.5,27250,0.0,2.04,2.1
1998-06-18,25.0,19.7,30.4,24590,5.3,2.45,2.7
1998-06-19,23.6,20.7,26.5,28180,14.1,2.16,3.4
1998-06-20,23.8,18.9,27.6,23800,0.6,2.32,2.7
1998-06-21,24.7,21.3,28.8,19070,1.3,2.6,2.0
1998-06-22,24.5,19.6,28.8,22970,13.5,2.54,1.6
1998-06-23,24.4,20.3,28.7,24050,8.0,2.4,1.4
1998-06-24,26.9,21.7,31.8,28370,0.0,2.59,2.7
1998-06-25,28.1,23.8,32.2,27270,0.0,2.59,3.8
1998-06-26,28.4,25.7,31.9,24260,0.1,2.71,3.8
1998-06-27,27.8,24.5,31.3,23300,0.0,2.8,3.2
1998-06-28,27.6,24.5,31.5,21220,0.7,2.8,2.8
1998-06-29,23.7,21.6,27.2,11100,42.9,2.67,2.3
1998-06-30,23.0,20.3,25.3,23580,17.3,2.19,3.9
1998-07-01,21.3,16.3,25.4,24370,0.1,1.86,1.8
1998-07-02,21.2,13.6,26.3,29250,0.0,1.67,1.2
1998-07-03,22.9,16.8,28.2,24930,0.0,1.99,2.3
1998-07-04,23.4,20.9,25.8,23260,6.6,2.4,3.0
1998-07-05,21.6,17.4,25.5,26210,0.0,1.92,1.9
1998-07-06,22.5,18.8,25.7,13780,0.2,2.18,2.2
1998-07-07,23.8,21.8,26.0,12070,15.2,2.64,1.7
1998-07-08,23.8,19.7,27.4,22400,0.1,2.43,1.5
1998-07-09,22.8,18.4,26.6,22340,0.3,2.18,1.5
1998-07-10,22.6,17.3,26.5,25980,0.0,2.06,1.9
1998-07-11,20.8,16.7,24.5,29660,0.0,1.74,2.2
1998-07-12,20.4,13.5,25.9,30060,0.0,1.63,1.6
1998-07-13,22.2,14.8,28.0,26260,0.0,1.86,1.2
1998-07-14,24.0,19.2,28.3,24150,0.0,2.22,1.7
1998-07-15,23.2,17.8,26.8,21780,1.0,2.22,1.5
1998-07-16,24.2,19.9,28.7,26120,0.1,2.19,2.0
1998-07-17,23.5,18.9,28.0,24250,0.0,1.97,1.5
1998-07-18,23.5,17.5,28.2,24620,0.0,2.15,1.0
1998-07-19,25.7,21.2,32.7,24210,12.9,2.68,2.6
1998-07-20,26.4,21.6,30.5,22460,0.5,2.82,2.7
1998-07-21,29.0,25.6,33.4,27320,0.0,2.84,4.1
1998-07-22,25.3,22.3,29.5,17720,36.0,2.72,2.0
1998-07-23,22.8,19.5,25.7,26340,2.8,2.09,2.3
1998-07-24,20.4,16.3,23.8,23030,0.0,1.59,1.9
1998-07-25,20.2,14.6,24.5,23390,0.0,1.61,1.0
1998-07-26,20.1,13.9,24.7,20650,0.0,1.71,1.2
1998-07-27,21.2,15.2,25.9,22710,0.0,1.88,1.7
1998-07-28,23.8,19.8,27.9,19510,0.7,2.22,3.0
1998-07-29,24.3,21.3,27.7,25650,0.0,2.14,2.1
1998-07-30,20.4,16.7,23.7,10420,0.9,1.71,2.1
1998-07-31,21.0,16.2,25.4,22640,0.0,1.74,2.1
1998-08-01,21.2,17.4,25.5,21850,0.0,1.7,2.0
1998-08-02,20.9,14.1,26.4,27480,0.0,1.6,1.9
1998-08-03,23.4,18.5,28.0,17920,0.6,2.02,2.3
1998-08-04,22.7,20.9,26.0,8520,24.5,2.49,2.2
1998-08-05,22.8,20.8,26.5,10090,35.7,2.55,2.3
1998-08-06,23.1,20.9,25.9,13040,6.9,2.56,2.8
1998-08-07,23.0,21.8,25.7,8300,14.5,2.59,2.3
1998-08-08,23.5,21.5,25.9,12110,2.3,2.54,2.1
1998-08-09,23.1,20.9,26.7,13540,8.6,2.49,1.2
1998-08-10,23.6,20.0,28.2,21750,2.5,2.46,2.1
1998-08-11,22.6,19.1,26.5,25240,0.0,2.11,2.3
1998-08-12,21.0,17.2,24.7,20040,0.3,1.94,2.0
1998-08-13,20.3,15.8,24.4,17920,0.0,1.83,1.3
1998-08-14,20.8,14.6,25.7,23400,0.0,1.83,1.3
1998-08-15,22.2,17.2,27.5,22000,0.8,2.18,1.5
1998-08-16,22.9,17.9,27.5,20340,0.6,2.31,1.1
1998-08-17,24.2,19.5,28.7,22510,0.0,2.36,2.2
1998-08-18,24.2,20.8,27.4,19770,0.1,2.4,1.7
1998-08-19,20.3,16.4,23.9,25530,0.0,1.71,2.5
1998-08-20,20.7,14.4,26.9,25440,0.0,1.72,1.5
1998-08-21,22.7,16.1,28.6,24670,0.0,2.03,1.8
1998-08-22,23.9,19.3,29.0,22860,0.0,2.08,1.8
1998-08-23,25.1,20.7,30.1,24380,0.0,2.25,3.5
1998-08-24,27.4,23.7,31.7,21920,0.4,2.53,4.0
1998-08-25,26.1,22.1,28.2,18330,2.8,2.33,3.4
1998-08-26,22.5,16.1,27.5,23620,0.0,1.93,1.6
1998-08-27,22.7,17.6,27.7,23050,0.0,1.87,1.7
1998-08-28,22.0,18.9,26.0,10970,3.7,2.03,1.8
1998-08-29,23.1,17.9,28.4,21900,0.0,2.1,2.1
1998-08-30,23.4,19.2,28.2,22850,0.0,1.95,2.5
1998-08-31,20.8,15.3,25.6,23970,0.0,1.47,1.6
1998-09-01,19.6,14.7,25.2,16800,0.0,1.54,1.5
1998-09-02,20.2,16.6,24.5,23790,0.0,1.48,2.5
1998-09-03,21.4,14.4,28.3,21130,0.2,1.6,2.0
1998-09-04,22.6,18.2,27.4,22810,0.0,1.74,2.1
1998-09-05,23.3,15.0,31.5,22470,0.0,1.92,2.1
1998-09-06,27.2,22.5,32.4,20060,0.0,1.99,3.4
1998-09-07,23.1,17.8,25.7,14030,6.4,1.94,3.2
1998-09-08,16.9,14.6,19.3,14990,0.3,1.25,3.0
1998-09-09,16.2,10.7,21.9,21210,0.0,1.14,1.7
1998-09-10,17.2,9.5,23.9,22130,0.0,1.24,1.3
1998-09-11,20.0,13.5,27.2,21980,0.0,1.25,2.2
1998-09-12,22.3,14.5,29.8,21860,0.0,1.4,2.0
1998-09-13,24.1,17.3,31.0,20990,0.0,1.73,1.8
1998-09-14,24.5,20.8,29.4,10490,1.0,1.74,2.6
1998-09-15,22.7,19.4,26.0,8780,5.1,2.05,4.1
1998-09-16,22.4,18.8,26.4,12470,0.1,2.1,1.1
1998-09-17,21.9,19.8,24.7,9310,0.0,2.02,1.9
1998-09-18,22.0,16.8,27.3,16960,0.0,1.63,1.6
1998-09-19,22.9,17.7,28.1,16470,0.3,1.92,1.6
1998-09-20,24.2,19.3,30.5,17070,3.1,2.15,2.2
1998-09-21,21.8,17.3,25.8,15600,0.3,1.97,2.5
1998-09-22,17.5,14.5,21.5,12630,0.0,1.23,3.2
1998-09-23,14.4,8.6,19.6,20040,0.0,0.86,1.9
1998-09-24,16.3,11.6,21.7,8790,2.8,1.18,2.6
1998-09-25,21.9,17.8,27.1,7670,0.0,2.03,2.7
1998-09-26,26.0,21.9,31.2,18490,0.0,2.05,4.7
1998-09-27,25.3,21.4,30.9,14700,0.5,1.87,4.0
1998-09-28,19.8,15.0,24.3,15760,0.2,1.64,1.1
1998-09-29,20.7,14.6,27.4,14250,0.0,1.49,2.0
1998-09-30,20.4,14.5,26.3,13490,0.0,1.64,2.1
1998-10-01,14.7,11.0,19.3,15290,0.0,0.92,2.9
1998-10-02,11.6,6.6,16.4,7530,0.0,0.81,2.0
1998-10-03,12.5,11.4,13.4,3340,2.0,0.93,4.1
1998-10-04,12.9,11.0,15.6,7320,0.0,1.1,3.4
1998-10-05,19.7,13.0,27.4,11810,1.1,1.8,4.1
1998-10-06,21.1,14.1,26.1,6810,13.2,2.04,4.7
1998-10-07,14.0,12.6,16.2,7120,17.0,1.19,2.1
1998-10-08,13.2,11.6,15.3,5860,0.1,1.04,2.5
1998-10-09,11.5,6.2,15.8,14230,0.0,0.94,1.3
1998-10-10,12.0,7.0,17.6,16840,0.0,1.01,1.2
1998-10-11,13.2,7.2,20.3,16730,0.0,1.07,1.8
1998-10-12,15.3,9.0,22.4,15330,0.0,1.2,2.4
1998-10-13,11.2,7.0,15.9,16560,0.0,0.76,3.0
1998-10-14,9.0,3.6,14.9,16080,0.0,0.75,1.2
1998-10-15,13.1,6.1,20.4,11260,0.6,0.97,2.6
1998-10-16,18.6,12.9,25.3,14650,0.4,1.35,3.6
1998-10-17,20.1,17.2,22.4,5880,5.1,1.56,4.7
1998-10-18,16.1,9.8,20.7,6990,10.2,1.24,4.7
1998-10-19,10.9,4.5,17.5,15420,0.0,0.88,2.1
1998-10-20,10.1,5.8,14.4,15460,0.0,0.6,2.8
1998-10-21,9.3,6.3,12.6,12410,0.9,0.67,3.5
1998-10-22,6.8,2.8,11.3,11760,0.0,0.61,1.4
1998-10-23,7.8,2.0,15.3,14790,0.0,0.61,2.1
1998-10-24,10.1,4.0,17.4,14580,0.0,0.77,2.6
1998-10-25,13.0,7.8,19.6,13030,0.0,0.89,2.2
1998-10-26,14.3,9.5,21.4,13010,0.0,1.02,2.1
1998-10-27,15.8,11.9,21.6,10460,1.8,1.2,2.8
1998-10-28,15.8,11.3,19.1,5370,5.9,1.53,2.8
1998-10-29,13.8,8.5,19.5,9290,2.7,1.35,2.6
1998-10-30,16.4,13.7,20.1,8970,5.2,1.57,2.6
1998-10-31,14.5,13.1,15.8,3410,0.0,1.38,1.8
1998-11-01,12.4,10.3,14.7,4210,3.1,1.2,2.4
1998-11-02,8.5,6.3,10.0,3600,9.0,0.94,4.8
1998-11-03,5.6,3.5,8.1,7730,1.0,0.57,4.7
1998-11-04,2.5,0.3,4.9,11760,0.0,0.4,2.9
1998-11-05,2.8,-0.5,6.1,6980,0.0,0.51,1.6
1998-11-06,3.6,1.0,6.3,10400,0.0,0.5,2.4
1998-11-07,3.1,0.4,6.0,10710,0.0,0.46,1.2
1998-11-08,4.3,1.6,6.9,5140,0.7,0.65,1.0
1998-11-09,6.7,4.0,9.8,3780,4.4,0.76,2.7
1998-11-10,12.5,6.4,17.4,3690,18.7,1.12,8.0
1998-11-11,4.9,2.6,7.7,11730,0.0,0.4,5.8
1998-11-12,5.8,1.0,11.5,8880,0.0,0.49,2.9
1998-11-13,7.2,2.7,12.7,10240,0.6,0.7,1.5
1998-11-14,9.3,4.8,15.4,10290,0.0,0.88,3.9
1998-11-15,6.1,3.4,9.2,9630,0.0,0.69,2.2
1998-11-16,8.5,3.4,14.7,9180,0.3,0.83,3.8
1998-11-17,6.8,4.1,9.4,8540,0.0,0.7,2.3
1998-11-18,7.7,2.8,14.7,10180,0.0,0.73,3.5
1998-11-19,9.7,4.8,13.2,10290,0.0,0.82,4.5
1998-11-20,2.8,-0.2,5.6,10920,0.0,0.39,3.6
1998-11-21,0.5,-4.7,5.7,10570,0.0,0.39,1.9
1998-11-22,7.0,1.8,13.2,9560,0.0,0.6,4.9
1998-11-23,11.4,8.4,16.0,9200,0.0,0.74,5.0
1998-11-24,6.8,1.0,12.8,10310,0.0,0.61,1.8
1998-11-25,8.5,5.9,11.2,1880,5.6,0.81,3.5
1998-11-26,8.6,4.5,14.4,9930,0.0,0.66,3.7
1998-11-27,8.5,1.3,16.6,9770,0.0,0.87,2.1
1998-11-28,11.4,6.4,17.5,9640,0.0,1.11,3.1
1998-11-29,16.2,13.4,19.2,3320,0.0,1.59,5.0
1998-11-30,15.2,9.2,17.6,2260,8.7,1.4,5.7
1998-12-01,7.1,1.4,13.1,9600,0.0,0.69,2.7
1998-12-02,10.6,7.2,15.6,9050,0.0,0.81,4.4
1998-12-03,15.5,12.3,18.4,2580,0.2,1.47,3.9
1998-12-04,16.9,15.6,18.3,2460,0.3,1.69,3.1
1998-12-05,16.1,14.7,17.5,3990,0.1,1.57,3.9
1998-12-06,17.7,16.4,20.3,3100,8.6,1.75,4.9
1998-12-07,6.8,5.2,13.8,6390,6.1,0.72,3.0
1998-12-08,4.0,0.5,6.4,8790,0.0,0.52,1.9
1998-12-09,2.1,-2.6,8.3,9410,0.0,0.47,1.8
1998-12-10,1.6,-2.0,6.4,7200,0.0,0.49,2.1
1998-12-11,0.5,-4.7,7.1,9460,0.0,0.46,1.6
1998-12-12,1.7,-3.7,8.9,8410,0.0,0.46,1.4
1998-12-13,1.9,-3.9,8.9,9090,0.0,0.53,2.1
1998-12-14,1.4,-4.2,7.4,8500,0.0,0.57,1.5
1998-12-15,3.5,-0.7,10.9,9130,0.0,0.55,2.9
1998-12-16,2.8,0.6,6.3,4670,0.0,0.59,2.4
1998-12-17,-0.4,-3.1,3.1,9080,0.0,0.38,3.1
1998-12-18,3.5,-3.1,9.5,8310,0.0,0.46,5.3
1998-12-19,4.7,2.3,7.8,1900,5.7,0.68,3.2
1998-12-20,2.3,0.7,4.1,1490,0.3,0.58,2.0
1998-12-21,0.9,-6.2,4.9,650,19.7,0.62,2.9
1998-12-22,-11.6,-14.8,-6.8,9800,0.0,0.12,4.0
1998-12-23,-10.5,-13.7,-6.3,8470,0.0,0.1,1.6
1998-12-24,-8.1,-11.5,-3.4,9730,0.0,0.13,2.1
1998-12-25,-5.8,-9.4,-0.8,9460,0.0,0.16,3.3
1998-12-26,-3.7,-5.8,-0.4,8560,0.0,0.25,3.0
1998-12-27,0.1,-3.5,4.2,7980,0.0,0.39,4.0
1998-12-28,-0.8,-6.1,4.9,9280,0.0,0.49,1.7
1998-12-29,-0.4,-7.3,2.4,2130,1.2,0.53,4.5
1998-12-30,-10.8,-15.5,-8.1,8050,0.8,0.14,2.7
1998-12-31,-10.7,-13.5,-8.2,9620,1.7,0.19,2.1
1999-01-01,-11.2,-15.0,-7.1,5620,3.1,0.18,3.0
1999-01-02,-5.4,-9.1,1.9,2300,45.3,0.38,7.4
1999-01-03,-10.3,-15.7,-6.7,8640,0.3,0.23,8.7
1999-01-04,-19.9,-23.7,-16.1,9810,0.0,0.1,5.8
1999-01-05,-22.7,-29.7,-10.0,10400,0.1,0.08,3.9
1999-01-06,-5.6,-10.4,-1.0,3780,4.0,0.34,6.2
1999-01-07,-16.7,-19.2,-11.1,8420,0.0,0.12,2.6
1999-01-08,-10.2,-14.9,-7.9,5110,3.1,0.24,3.7
1999-01-09,-14.4,-22.3,-9.4,10590,0.4,0.17,4.5
1999-01-10,-15.8,-23.7,-11.0,9310,0.0,0.14,6.1
1999-01-11,-12.5,-20.6,1.2,5200,2.2,0.22,4.9
1999-01-12,-0.6,-5.4,2.7,6200,1.3,0.54,2.8
1999-01-13,-6.4,-9.8,0.2,3750,5.0,0.33,7.3
1999-01-14,-12.2,-14.5,-10.4,6050,0.0,0.19,3.6
1999-01-15,-9.7,-16.0,-2.4,9420,0.0,0.26,3.5
1999-01-16,0.4,-3.2,2.1,9860,0.0,0.55,5.3
1999-01-17,1.6,-5.3,7.0,5820,6.4,0.66,4.6
1999-01-18,0.3,-2.3,4.4,6160,8.8,0.56,6.5
1999-01-19,-3.5,-8.6,-0.3,5720,1.5,0.4,3.1
1999-01-20,-1.9,-6.3,1.3,10210,0.0,0.49,2.2
1999-01-21,2.6,0.9,4.7,6520,9.7,0.7,3.4
1999-01-22,11.7,5.2,15.3,3190,34.8,1.31,3.8
1999-01-23,9.2,0.2,14.0,2660,11.4,1.08,4.6
1999-01-24,1.2,-1.1,4.8,9300,0.0,0.49,3.4
1999-01-25,-0.1,-1.9,1.1,5460,0.0,0.49,2.8
1999-01-26,0.5,-5.3,7.4,10290,0.0,0.47,1.9
1999-01-27,10.5,4.0,16.5,9920,0.0,0.96,5.0
1999-01-28,1.3,-0.6,4.5,7560,0.0,0.5,2.9
1999-01-29,0.2,-2.9,4.7,11270,0.0,0.45,1.7
1999-01-30,1.2,-3.8,8.4,12160,0.0,0.43,3.4
1999-01-31,2.5,-0.3,6.3,4800,7.7,0.5,4.9
1999-02-01,4.9,3.5,6.5,1820,3.5,0.83,3.1
1999-02-02,5.0,0.4,6.2,2650,3.8,0.76,4.1
1999-02-03,3.7,-0.6,7.9,8180,0.0,0.38,4.8
1999-02-04,1.7,-3.7,6.9,12780,0.0,0.43,4.6
1999-02-05,0.7,-5.9,7.2,10460,0.0,0.35,3.3
1999-02-06,7.4,3.2,10.3,10460,0.2,0.7,3.0
1999-02-07,2.0,-0.0,3.0,3990,33.5,0.64,4.0
1999-02-08,3.5,-2.1,10.6,11240,0.0,0.64,2.9
1999-02-09,7.0,3.3,11.9,13720,0.0,0.67,2.6
1999-02-10,6.9,-0.9,14.7,12520,0.0,0.55,2.9
1999-02-11,15.3,3.6,21.3,9460,7.5,1.38,6.7
1999-02-12,-1.5,-6.0,2.8,11680,0.4,0.27,6.3
1999-02-13,-4.8,-8.6,0.5,15000,0.0,0.19,3.8
1999-02-14,-1.1,-6.5,5.8,14310,0.0,0.32,3.2
1999-02-15,4.5,-0.2,11.2,12290,0.0,0.46,4.7
1999-02-16,5.7,2.9,8.9,4450,3.6,0.68,3.8
1999-02-17,0.9,-1.7,3.4,11950,0.0,0.38,3.3
1999-02-18,-1.3,-5.8,3.0,12060,0.0,0.38,1.6
1999-02-19,-0.4,-3.2,3.3,11210,0.0,0.4,2.2
1999-02-20,-1.8,-3.8,0.7,8600,0.0,0.34,2.6
1999-02-21,-2.8,-5.8,2.2,15530,0.0,0.27,3.1
1999-02-22,-3.9,-7.5,0.2,16030,0.0,0.21,2.2
1999-02-23,-1.3,-3.6,2.4,9450,0.0,0.27,3.1
1999-02-24,-1.2,-6.0,3.9,11850,3.5,0.4,2.4
1999-02-25,0.0,-3.1,3.5,14320,0.4,0.48,1.9
1999-02-26,0.7,-5.0,7.9,14760,0.0,0.44,2.7
1999-02-27,8.6,3.8,15.0,3980,9.0,1.03,3.4
1999-02-28,3.9,2.6,6.0,7740,1.0,0.6,5.3
1999-03-01,3.7,0.4,8.1,15770,0.0,0.47,3.3
1999-03-02,2.5,-2.3,7.1,4760,10.6,0.62,2.3
1999-03-03,0.2,-1.2,2.8,8930,0.4,0.43,5.2
1999-03-04,0.1,-4.2,5.4,17360,0.0,0.36,2.1
1999-03-05,4.7,1.0,10.5,8050,9.8,0.55,2.5
1999-03-06,-0.6,-4.9,5.3,7330,8.9,0.49,3.8
1999-03-07,-5.0,-8.6,-1.2,19700,0.0,0.22,2.1
1999-03-08,-2.8,-7.4,3.0,8370,4.2,0.24,4.8
1999-03-09,-1.0,-2.7,0.4,8840,12.8,0.52,3.7
1999-03-10,-5.5,-10.6,-2.8,20380,0.0,0.35,2.6
1999-03-11,-7.9,-15.1,-0.5,18600,0.0,0.31,1.5
1999-03-12,-7.8,-15.1,-0.9,20480,0.0,0.31,2.0
1999-03-13,-4.6,-8.2,-0.6,12910,0.0,0.33,3.4
1999-03-14,-2.5,-5.0,1.1,17310,0.0,0.39,4.7
1999-03-15,-3.1,-9.8,4.0,20890,0.0,0.32,1.8
1999-03-16,4.6,-6.3,14.9,20460,0.0,0.55,3.9
1999-03-17,12.1,7.0,19.7,18280,0.0,0.84,5.8
1999-03-18,5.1,1.1,9.1,19940,0.0,0.46,4.4
1999-03-19,2.4,-3.3,8.4,20280,0.0,0.48,1.9
1999-03-20,3.8,-3.5,11.9,18180,0.0,0.54,1.7
1999-03-21,4.1,0.1,7.3,15480,0.0,0.48,3.7
1999-03-22,1.1,-3.7,6.9,20390,0.0,0.41,2.2
1999-03-23,3.5,-2.4,10.6,19730,0.0,0.51,1.9
1999-03-24,3.4,-1.1,8.2,22110,0.0,0.5,3.0
1999-03-25,0.4,-4.1,5.6,16460,0.0,0.37,2.6
1999-03-26,1.7,-4.6,7.9,22280,0.0,0.44,2.1
1999-03-27,3.8,-4.0,11.9,22580,0.0,0.51,1.5
1999-03-28,7.0,-0.5,14.3,17800,0.0,0.64,2.8
1999-03-29,9.2,2.3,15.5,20610,0.0,0.69,2.4
1999-03-30,10.5,1.7,19.2,22740,0.0,0.68,2.9
1999-03-31,11.9,6.2,18.2,17280,0.0,0.91,3.9
1999-04-01,14.2,12.0,17.4,8490,0.0,1.35,3.1
1999-04-02,16.3,11.0,21.7,14810,0.1,1.48,3.3
1999-04-03,18.7,15.3,24.2,14950,7.4,1.81,3.6
1999-04-04,17.2,11.4,20.5,17940,7.6,1.39,3.2
1999-04-05,12.4,6.8,18.7,14440,0.6,1.03,3.8
1999-04-06,14.1,10.6,16.9,20430,6.0,1.04,6.2
1999-04-07,13.7,4.0,21.2,24130,0.0,0.94,3.6
1999-04-08,17.3,8.9,23.7,18940,5.2,1.33,2.7
1999-04-09,14.6,7.5,17.9,11160,22.4,1.33,4.6
1999-04-10,10.0,3.7,16.8,24190,1.8,0.77,4.3
1999-04-11,11.1,7.7,12.8,12380,7.4,0.96,5.0
1999-04-12,8.3,3.8,13.7,22930,0.0,0.67,2.6
1999-04-13,9.8,3.0,15.5,24400,0.0,0.75,1.3
1999-04-14,11.3,5.1,17.1,20180,0.0,0.75,2.1
1999-04-15,10.6,9.0,12.2,2380,28.1,1.06,3.8
1999-04-16,4.1,1.9,9.4,3000,25.2,0.79,6.8
1999-04-17,5.7,2.8,9.1,9540,3.3,0.75,3.5
1999-04-18,7.2,4.0,11.3,17150,1.1,0.75,2.9
1999-04-19,8.1,-0.5,15.9,20640,0.0,0.69,1.6
1999-04-20,9.5,1.9,16.0,23410,1.6,0.78,1.7
1999-04-21,14.7,9.3,22.1,10260,11.4,1.41,3.1
1999-04-22,19.3,16.6,22.4,15240,2.9,1.43,3.7
1999-04-23,12.9,7.9,17.2,11190,7.2,1.24,4.5
1999-04-24,8.6,2.5,14.8,27190,0.0,0.58,2.9
1999-04-25,9.8,2.5,16.9,27500,0.0,0.62,2.3
1999-04-26,12.8,6.5,20.3,17330,0.0,0.87,1.8
1999-04-27,12.9,11.4,16.0,6790,9.6,1.18,4.3
1999-04-28,12.8,9.6,17.4,11550,1.9,1.04,4.5
1999-04-29,13.7,8.3,18.9,25500,0.0,0.79,4.7
1999-04-30,12.6,4.8,19.4,28200,0.0,0.73,2.5
1999-05-01,13.9,5.8,20.9,28420,0.0,0.83,2.1
1999-05-02,15.6,6.5,23.5,27800,0.0,0.94,2.2
1999-05-03,17.5,9.5,24.3,25540,0.0,1.04,2.3
1999-05-04,19.4,12.9,25.5,22550,0.0,1.29,3.6
1999-05-05,19.5,15.9,24.8,12840,10.5,1.71,4.8
1999-05-06,17.0,15.3,18.6,15840,7.8,1.42,5.1
1999-05-07,15.4,11.9,18.8,19810,0.0,0.96,4.7
1999-05-08,12.5,10.1,15.5,5360,1.0,1.1,3.4
1999-05-09,14.5,10.3,18.9,17570,0.0,1.19,1.0
1999-05-10,17.6,9.2,25.2,27970,0.0,1.33,2.6
1999-05-11,20.4,14.1,26.5,23510,0.0,1.45,2.8
1999-05-12,21.1,17.5,25.7,20620,3.9,1.72,2.0
1999-05-13,13.5,10.5,17.0,7830,14.1,1.24,3.7
1999-05-14,15.9,11.1,21.3,21150,0.0,1.19,2.5
1999-05-15,18.6,13.2,22.6,16900,0.7,1.6,2.3
1999-05-16,21.3,15.8,26.7,23140,2.8,1.9,3.5
1999-05-17,22.4,19.4,27.5,22220,13.6,2.13,4.8
1999-05-18,17.6,14.8,19.8,20440,0.7,1.44,3.7
1999-05-19,16.2,9.2,22.0,29580,0.0,1.12,1.3
1999-05-20,17.9,10.6,24.2,29060,0.0,1.29,2.3
1999-05-21,19.9,13.5,25.8,25550,3.5,1.45,2.9
1999-05-22,19.1,15.7,23.4,20550,8.3,1.75,3.1
1999-05-23,16.8,11.5,22.5,13610,5.9,1.57,2.8
1999-05-24,12.4,10.6,13.9,10300,0.0,0.84,5.0
1999-05-25,13.6,8.3,19.1,24830,0.2,0.78,4.1
1999-05-26,14.3,7.9,19.4,24760,0.0,0.96,2.3
1999-05-27,16.3,6.6,23.7,30430,0.0,1.07,1.7
1999-05-28,19.7,12.5,26.2,28210,0.0,1.3,2.3
1999-05-29,21.2,13.5,27.4,28900,0.0,1.47,1.5
1999-05-30,20.6,14.1,25.6,20250,3.2,1.7,2.4
1999-05-31,21.2,18.1,24.9,20310,10.0,2.14,3.8
1999-06-01,22.3,19.1,26.9,18640,1.5,2.14,3.3
1999-06-02,21.0,18.8,23.0,19020,8.8,1.96,4.2
1999-06-03,19.4,16.7,23.0,18090,0.2,1.66,1.5
1999-06-04,20.3,14.0,26.4,26600,0.0,1.67,2.7
1999-06-05,24.9,18.6,30.7,28060,0.0,2.33,2.8
1999-06-06,26.9,21.8,31.3,27120,0.0,2.37,3.4
1999-06-07,26.4,22.6,30.8,26800,0.0,2.31,3.9
1999-06-08,26.0,19.5,31.7,29500,0.0,2.1,1.2
1999-06-09,24.9,20.9,29.3,22090,9.6,2.53,1.5
1999-06-10,26.2,21.3,31.0,26480,0.1,2.52,1.7
1999-06-11,25.8,21.8,30.2,24310,1.1,2.46,2.0
1999-06-12,25.4,21.8,29.7,22940,1.7,2.38,1.4
1999-06-13,23.0,20.4,25.9,11730,9.8,2.39,1.3
1999-06-14,20.3,16.7,23.5,24930,1.5,1.72,3.1
1999-06-15,15.8,12.6,18.3,28950,0.0,1.07,2.6
1999-06-16,14.5,10.1,18.2,15100,0.0,0.95,2.0
1999-06-17,14.7,9.9,18.9,25730,0.0,1.05,2.6
1999-06-18,15.8,8.1,22.3,30710,0.0,1.02,2.0
1999-06-19,18.4,13.5,23.3,22760,0.0,1.16,2.2
1999-06-20,19.5,12.7,24.8,18940,0.0,1.52,1.6
1999-06-21,22.8,18.1,27.2,22020,0.0,1.72,1.5
1999-06-22,23.6,18.6,28.4,21760,0.2,1.83,2.0
1999-06-23,25.1,20.3,29.7,25210,0.0,1.79,3.5
1999-06-24,22.2,20.9,24.1,5910,6.0,2.37,1.8
1999-06-25,23.8,18.4,29.3,27600,0.0,2.02,1.9
1999-06-26,24.6,20.9,29.5,17020,0.9,2.18,1.7
1999-06-27,24.2,20.7,28.1,17550,7.2,2.48,1.4
1999-06-28,24.3,21.6,28.6,16470,10.1,2.58,2.9
1999-06-29,20.5,17.4,22.1,23590,0.0,1.64,2.9
1999-06-30,20.4,14.3,25.4,25000,0.0,1.48,1.8
1999-07-01,21.9,19.4,25.6,10030,25.1,2.19,3.3
1999-07-02,24.3,18.9,29.3,26850,0.0,2.33,2.1
1999-07-03,27.7,24.4,31.5,25170,0.0,2.69,4.1
1999-07-04,28.5,24.4,32.7,28890,0.0,2.71,3.7
1999-07-05,28.0,24.1,31.8,27710,0.0,2.63,3.2
1999-07-06,26.0,22.7,29.5,18680,4.6,2.62,2.7
1999-07-07,22.7,16.5,27.6,29410,0.0,1.92,1.4
1999-07-08,23.4,15.7,29.3,29510,0.0,1.76,1.9
1999-07-09,25.6,22.8,29.9,18400,0.8,2.27,4.3
1999-07-10,21.1,17.8,23.8,27350,0.0,1.64,3.4
1999-07-11,19.8,13.6,24.8,27800,0.0,1.28,2.0
1999-07-12,21.0,14.6,26.0,26420,0.0,1.29,1.7
1999-07-13,22.1,16.0,27.6,26200,0.0,1.39,1.1
1999-07-14,23.0,15.2,28.8,28610,0.0,1.65,2.0
1999-07-15,25.4,19.7,30.9,28270,0.0,1.89,2.8
1999-07-16,26.1,20.9,30.4,24180,0.0,2.0,3.1
1999-07-17,24.6,22.4,29.3,15660,6.9,2.16,3.2
1999-07-18,25.2,20.6,29.9,24320,0.3,2.37,2.1
1999-07-19,26.7,21.2,31.7,24080,0.0,2.35,2.0
1999-07-20,25.6,21.6,29.9,19360,17.1,2.73,1.0
1999-07-21,27.8,23.0,32.7,25500,1.4,2.92,2.1
1999-07-22,28.8,24.8,32.8,25940,0.2,2.8,2.2
1999-07-23,28.6,23.8,33.0,25630,0.2,2.71,2.1
1999-07-24,27.8,22.6,33.0,25570,0.0,2.65,1.7
1999-07-25,28.3,22.4,33.8,27260,0.0,2.56,1.7
1999-07-26,28.4,23.3,34.6,21720,0.0,2.66,1.5
1999-07-27,27.1,22.7,31.0,23370,0.9,2.65,1.2
1999-07-28,27.2,22.1,33.0,22240,5.4,2.85,2.3
1999-07-29,29.2,22.9,34.7,27730,0.4,2.7,2.9
1999-07-30,30.6,25.8,36.3,25350,0.8,2.78,2.5
1999-07-31,29.0,25.3,33.6,21310,3.0,2.6,3.3
1999-08-01,25.2,22.1,28.7,21260,0.4,2.33,2.6
1999-08-02,22.4,17.5,27.3,24090,0.0,1.63,2.7
1999-08-03,21.9,15.4,27.3,27530,0.0,1.54,1.4
1999-08-04,22.6,16.9,27.9,21170,0.3,1.78,2.2
1999-08-05,21.9,16.1,27.2,25630,0.0,1.54,1.9
1999-08-06,22.9,15.6,28.9,26320,0.0,1.58,1.5
1999-08-07,24.0,19.0,29.6,14260,4.5,2.0,2.7
1999-08-08,22.0,18.3,23.9,13210,6.6,2.06,3.3
1999-08-09,19.9,14.9,25.2,25000,0.0,1.48,1.5
1999-08-10,23.3,17.1,29.2,22850,0.2,1.9,2.6
1999-08-11,24.4,18.5,28.8,20390,0.0,2.13,1.2
1999-08-12,24.7,20.6,29.8,15240,2.0,2.11,2.5
1999-08-13,25.6,21.3,30.1,22050,4.9,2.35,4.3
1999-08-14,20.0,17.3,22.1,17400,0.0,1.53,3.2
1999-08-15,20.6,15.5,25.4,26390,0.0,1.37,1.7
1999-08-16,23.0,16.3,30.1,26440,0.0,1.53,2.2
1999-08-17,25.2,20.6,31.2,24910,0.0,1.76,2.3
1999-08-18,21.9,17.1,26.0,14610,2.6,1.9,1.7
1999-08-19,20.7,18.3,24.1,13490,2.5,1.87,2.9
1999-08-20,19.8,13.8,25.6,25710,0.0,1.35,2.3
1999-08-21,19.9,11.9,25.6,21520,0.0,1.46,1.4
1999-08-22,21.7,14.7,27.8,22890,0.0,1.53,1.2
1999-08-23,24.4,19.1,30.8,18690,0.0,1.6,1.9
1999-08-24,21.9,18.5,24.5,16930,13.1,1.75,2.0
1999-08-25,19.9,14.6,24.7,19010,0.0,1.65,1.4
1999-08-26,21.5,18.0,26.0,14520,2.0,2.09,2.1
1999-08-27,23.0,17.2,28.2,18550,0.0,2.07,1.3
1999-08-28,24.7,19.3,30.6,18790,0.3,2.19,1.7
1999-08-29,22.9,18.5,27.1,22510,0.0,1.82,3.0
1999-08-30,18.6,13.4,23.6,24460,0.0,1.15,3.3
1999-08-31,20.2,12.9,27.6,22450,0.0,1.26,2.2
1999-09-01,23.6,16.5,31.3,23350,0.0,1.39,1.7
1999-09-02,25.0,16.8,32.5,23360,0.0,1.48,1.4
1999-09-03,26.3,18.4,33.1,22940,0.0,1.29,1.7
1999-09-04,27.2,19.4,34.5,23020,0.0,1.34,1.8
1999-09-05,27.7,20.5,34.2,22490,0.0,1.38,1.5
1999-09-06,23.4,19.0,27.1,15950,0.0,1.82,3.0
1999-09-07,20.7,13.6,27.8,23140,0.0,1.29,1.4
1999-09-08,22.7,16.9,31.1,17060,1.2,1.41,2.9
1999-09-09,19.6,15.1,24.4,19570,0.0,0.92,3.9
1999-09-10,17.9,11.3,24.3,22280,0.0,0.84,2.6
1999-09-11,21.1,11.4,29.4,20880,0.0,1.1,1.5
1999-09-12,23.5,19.0,29.8,11130,1.6,1.38,2.9
1999-09-13,19.0,15.5,23.0,20160,0.4,1.3,3.2
1999-09-14,16.6,10.6,22.6,20950,0.0,0.83,2.4
1999-09-15,16.4,10.4,22.1,17280,0.0,0.86,2.0
1999-09-16,15.9,10.7,22.2,20240,0.0,0.96,3.2
1999-09-17,16.0,9.0,22.4,21070,0.0,1.03,1.2
1999-09-18,17.9,9.7,25.4,20830,0.0,0.94,1.8
1999-09-19,20.1,13.2,27.7,17440,0.2,1.11,2.5
1999-09-20,17.7,14.1,20.9,13540,1.7,1.33,3.3
1999-09-21,13.5,9.5,17.8,20300,0.0,0.77,3.4
1999-09-22,13.3,5.4,20.9,20320,0.0,0.76,1.7
1999-09-23,17.8,10.4,25.5,20430,0.0,0.76,3.7
1999-09-24,18.8,13.8,23.7,18740,0.0,0.98,2.6
1999-09-25,20.3,12.2,30.1,19270,0.0,1.03,2.4
1999-09-26,23.3,16.7,29.6,19380,0.0,1.05,4.0
1999-09-27,25.0,20.8,29.7,16590,0.0,1.46,3.7
1999-09-28,24.2,19.6,30.0,13260,1.0,2.03,2.6
1999-09-29,14.5,12.1,18.8,3700,11.5,1.34,3.9
1999-09-30,13.5,6.5,19.7,18960,0.0,0.69,3.2
1999-10-01,14.3,8.7,19.2,18380,0.0,0.68,2.3
1999-10-02,14.1,11.6,19.0,8810,1.0,0.83,3.0
1999-10-03,10.0,8.3,12.9,5760,12.2,0.93,3.4
1999-10-04,8.7,6.6,12.1,8950,1.2,0.8,3.3
1999-10-05,9.7,1.6,16.7,17850,0.0,0.72,2.1
1999-10-06,12.2,6.2,18.6,17200,0.0,0.92,2.1
1999-10-07,14.3,7.4,22.6,17400,0.0,0.88,3.6
1999-10-08,15.6,13.7,17.6,2380,14.4,1.38,3.8
1999-10-09,17.0,15.8,18.8,2910,12.4,1.85,1.8
1999-10-10,18.2,14.9,23.2,10620,0.0,1.69,1.6
1999-10-11,15.1,9.7,19.7,16960,0.0,0.93,2.5
1999-10-12,15.3,9.4,22.1,15560,0.0,1.04,3.3
1999-10-13,15.3,9.0,18.8,5880,12.5,1.28,4.8
1999-10-14,9.4,3.7,14.7,16300,0.0,0.71,2.0
1999-10-15,14.7,8.3,22.7,15620,0.0,0.97,3.9
1999-10-16,18.7,14.6,23.3,12180,4.1,1.51,4.3
1999-10-17,11.3,6.0,14.4,7420,1.3,0.96,3.5
1999-10-18,7.5,2.6,11.9,10830,0.0,0.62,1.7
1999-10-19,9.1,4.0,14.3,12620,0.0,0.69,1.8
1999-10-20,7.8,3.9,11.8,13980,0.0,0.63,2.0
1999-10-21,10.2,4.0,17.5,14780,0.0,0.69,4.0
1999-10-22,11.6,6.9,15.3,13280,0.0,0.59,5.6
1999-10-23,6.2,3.0,8.9,9210,0.0,0.48,4.8
1999-10-24,6.2,3.2,10.3,13570,0.0,0.52,2.4
1999-10-25,8.4,2.5,16.0,13950,0.0,0.57,3.6
1999-10-26,11.1,6.0,17.2,13540,0.0,0.59,2.7
1999-10-27,9.8,3.7,17.3,13930,0.0,0.66,2.3
1999-10-28,15.5,9.8,24.1,13530,0.0,0.98,3.2
1999-10-29,17.8,13.0,24.2,12280,0.0,1.19,3.5
1999-10-30,17.9,13.6,23.0,12880,0.0,1.12,4.0
1999-10-31,18.0,15.1,21.7,7550,0.0,1.41,1.7
1999-11-01,17.8,13.4,23.8,10530,3.5,1.51,2.3
1999-11-02,6.8,3.1,11.3,9100,4.6,0.55,5.5
1999-11-03,3.3,-0.3,7.8,13350,0.0,0.31,3.8
1999-11-04,7.9,1.3,15.8,13040,0.0,0.5,3.5
1999-11-05,13.7,9.4,20.3,11940,0.0,0.96,4.5
1999-11-06,10.3,5.4,15.8,11890,0.0,0.72,1.8
1999-11-07,9.0,5.5,13.9,8250,0.0,0.45,2.3
1999-11-08,13.3,7.4,21.9,9690,0.0,0.92,2.6
1999-11-09,17.1,13.3,22.7,11560,0.0,1.23,4.2
1999-11-10,17.6,13.2,22.0,10930,0.0,1.08,4.7
1999-11-11,10.8,8.4,13.2,8470,0.0,0.88,2.8
1999-11-12,9.7,3.9,16.2,10670,0.0,0.91,2.0
1999-11-13,13.8,8.1,21.2,11050,0.0,1.17,2.8
1999-11-14,11.9,5.2,16.3,11410,0.0,0.79,4.2
1999-11-15,5.8,0.6,11.1,11010,0.0,0.53,2.1
1999-11-16,5.0,1.4,9.0,7780,0.0,0.54,2.6
1999-11-17,3.3,-1.4,9.1,10630,0.0,0.47,1.9
1999-11-18,10.8,5.5,18.1,10490,0.0,0.61,4.7
1999-11-19,12.0,8.0,14.0,4560,4.3,0.82,5.5
1999-11-20,6.6,3.3,9.1,6430,0.0,0.65,2.0
1999-11-21,8.8,3.1,14.0,3360,0.1,1.01,2.2
1999-11-22,12.7,9.5,16.6,5380,0.4,1.26,2.8
1999-11-23,14.9,12.1,19.7,6970,5.1,1.37,5.0
1999-11-24,6.1,3.4,9.6,10110,0.0,0.57,3.4
1999-11-25,3.9,-0.0,7.8,6060,0.0,0.52,1.8
1999-11-26,5.8,1.9,9.6,9930,0.2,0.54,2.4
1999-11-27,6.5,3.3,10.6,6720,0.0,0.6,2.4
1999-11-28,3.0,-1.0,8.5,9760,0.0,0.46,1.8
1999-11-29,0.7,-2.6,4.3,10050,0.0,0.37,3.1
1999-11-30,-1.2,-4.9,4.2,9600,0.0,0.34,1.4
1999-12-01,0.9,-3.2,6.4,9630,0.0,0.36,3.6
1999-12-02,6.9,2.3,12.6,7550,0.0,0.57,4.4
1999-12-03,11.6,9.2,12.7,3120,0.8,0.97,5.0
1999-12-04,13.3,10.9,16.2,2020,5.3,1.42,3.2
1999-12-05,10.2,2.9,14.7,2330,23.1,1.13,4.2
1999-12-06,0.3,-3.3,3.2,9080,0.7,0.45,2.6
1999-12-07,0.6,-3.8,6.5,8200,0.0,0.45,3.2
1999-12-08,4.5,-0.0,10.7,9000,0.0,0.58,3.0
1999-12-09,7.3,2.3,12.4,8540,2.0,0.8,2.6
1999-12-10,4.0,-2.1,8.6,9380,6.4,0.62,3.4
1999-12-11,-0.0,-4.5,5.1,8730,0.4,0.43,1.9
1999-12-12,2.9,1.3,4.9,2940,0.7,0.56,1.1
1999-12-13,3.1,-0.8,7.5,9080,0.0,0.57,3.0
1999-12-14,2.7,1.6,3.6,1960,13.8,0.66,3.2
1999-12-15,2.6,-0.0,5.8,3690,5.3,0.66,4.8
1999-12-16,-1.4,-4.0,-0.2,7820,0.2,0.36,4.2
1999-12-17,-1.4,-3.9,2.6,7260,0.2,0.37,2.3
1999-12-18,-3.4,-5.5,-0.0,8240,0.0,0.3,2.1
1999-12-19,-0.0,-4.8,6.5,7000,1.0,0.5,2.1
1999-12-20,-1.8,-8.9,2.8,8150,1.3,0.42,4.5
1999-12-21,-10.1,-12.7,-6.9,9070,0.0,0.13,2.2
1999-12-22,-8.4,-12.3,-4.5,5980,0.0,0.15,1.4
1999-12-23,-8.5,-12.7,-5.7,9160,0.8,0.17,2.4
1999-12-24,-6.8,-9.7,-4.2,8050,0.8,0.24,2.0
1999-12-25,-7.5,-12.9,-1.4,9050,0.0,0.21,3.5
1999-12-26,-1.4,-5.5,0.8,8860,0.0,0.35,5.1
1999-12-27,-4.8,-7.3,-2.4,4280,0.4,0.27,2.9
1999-12-28,-5.7,-9.8,-1.1,3180,0.7,0.28,3.9
1999-12-29,0.7,-3.2,5.3,7790,0.0,0.5,4.1
1999-12-30,2.6,-2.3,6.3,7350,0.0,0.6,2.6
1999-12-31,-0.3,-5.1,6.4,9360,0.0,0.47,1.8
2000-01-01,4.4,-0.1,11.6,8160,0.0,0.66,2.9
2000-01-02,11.5,7.4,15.2,5640,1.4,1.16,5.5
2000-01-03,5.5,0.5,11.7,1840,17.3,0.87,2.3
2000-01-04,-0.2,-3.7,9.6,3100,0.0,0.47,5.1
2000-01-05,-4.6,-7.9,-0.6,9550,0.0,0.28,2.9
2000-01-06,-0.1,-3.6,5.0,9360,0.0,0.39,3.8
2000-01-07,-2.0,-3.8,0.2,8410,0.0,0.36,2.8
2000-01-08,1.5,-3.5,7.4,7790,0.0,0.45,4.3
2000-01-09,4.2,2.5,6.9,3080,2.3,0.69,2.7
2000-01-10,6.7,5.0,10.0,7210,2.6,0.73,5.3
2000-01-11,2.3,-1.3,5.7,8640,0.0,0.39,5.2
2000-01-12,0.6,-4.7,6.6,8740,0.0,0.39,2.5
2000-01-13,-0.6,-4.3,3.2,7320,0.0,0.41,3.9
2000-01-14,-4.5,-8.2,-0.6,8550,0.0,0.26,2.2
2000-01-15,1.2,-3.4,7.3,9270,0.0,0.4,4.3
2000-01-16,1.3,-4.1,5.0,7010,0.0,0.48,4.3
2000-01-17,-4.7,-7.8,-2.2,5070,2.1,0.2,4.1
2000-01-18,-2.4,-5.9,1.3,10680,0.3,0.36,2.3
2000-01-19,-3.6,-7.2,0.1,4850,6.8,0.36,1.8
2000-01-20,-10.4,-18.3,-3.2,11730,1.6,0.25,4.7
2000-01-21,-19.6,-23.2,-16.0,12140,0.0,0.1,2.1
2000-01-22,-10.4,-23.2,-3.2,5610,2.8,0.27,2.6
2000-01-23,-7.4,-14.4,-3.1,11180,0.0,0.32,3.0
2000-01-24,-18.1,-23.0,-14.5,12360,0.0,0.11,2.0
2000-01-25,-11.1,-16.1,-7.7,8990,0.0,0.21,3.8
2000-01-26,-10.7,-12.2,-9.0,10220,0.0,0.23,3.0
2000-01-27,-16.1,-24.4,-11.4,12830,0.0,0.14,1.7
2000-01-28,-17.8,-25.0,-9.6,12250,0.0,0.13,2.4
2000-01-29,-7.7,-12.0,-4.5,6020,5.8,0.28,3.7
2000-01-30,-5.5,-7.4,-3.7,9240,0.9,0.36,3.0
2000-01-31,-7.8,-10.9,-4.6,13170,0.0,0.29,4.5
2000-02-01,-5.9,-8.1,-4.2,12710,0.0,0.34,3.5
2000-02-02,-8.3,-14.1,-3.2,12610,0.4,0.29,3.1
2000-02-03,-0.7,-2.8,1.6,12020,1.3,0.5,5.1
2000-02-04,-3.7,-6.6,-1.1,8550,0.4,0.4,4.4
2000-02-05,-7.9,-12.6,-3.7,12600,0.0,0.29,3.4
2000-02-06,-5.3,-11.7,-0.0,9850,0.0,0.37,2.0
2000-02-07,-2.4,-6.4,0.3,13710,0.0,0.45,2.3
2000-02-08,-6.0,-14.4,0.3,13310,0.0,0.37,2.0
2000-02-09,1.7,-1.6,5.0,13510,0.0,0.59,3.7
2000-02-10,5.6,1.8,11.7,6310,5.2,0.83,2.6
2000-02-11,-2.1,-6.2,0.8,6190,0.0,0.42,4.0
2000-02-12,-2.9,-7.8,3.4,14300,0.0,0.29,2.3
2000-02-13,0.7,-1.6,4.0,2450,6.6,0.56,2.2
2000-02-14,-1.3,-3.3,1.0,5950,0.0,0.44,3.0
2000-02-15,1.7,-3.2,6.8,12010,0.2,0.47,3.5
2000-02-16,0.8,-4.8,6.8,7090,0.0,0.47,3.8
2000-02-17,-1.6,-6.3,4.8,11280,0.2,0.3,2.8
2000-02-18,0.0,-1.2,1.1,1690,21.9,0.54,3.6
2000-02-19,-1.8,-4.1,0.4,7980,0.1,0.43,2.9
2000-02-20,-1.8,-5.0,-0.2,11780,0.0,0.42,3.1
2000-02-21,2.7,-5.6,10.9,13220,0.0,0.47,3.4
2000-02-22,10.2,6.1,15.5,11150,0.5,0.81,4.3
2000-02-23,13.0,9.3,17.5,14130,0.7,0.84,4.5
2000-02-24,13.9,10.2,18.9,7820,3.1,1.21,5.1
2000-02-25,14.7,7.8,21.5,12240,0.0,1.26,3.7
2000-02-26,14.7,12.7,16.8,3460,25.7,1.39,5.2
2000-02-27,8.6,4.5,12.1,13010,8.8,0.74,4.2
2000-02-28,5.6,-1.9,12.5,17320,0.0,0.52,1.6
2000-02-29,9.9,4.5,16.8,15880,0.0,0.61,4.4
2000-03-01,10.2,5.3,14.2,13960,0.4,0.79,5.3
2000-03-02,2.8,-1.4,5.9,16560,0.0,0.44,2.8
2000-03-03,1.5,-5.0,8.7,17200,0.0,0.46,1.6
2000-03-04,4.4,-3.7,13.2,18020,0.0,0.53,2.2
2000-03-05,9.8,3.6,18.3,17880,0.0,0.72,2.5
2000-03-06,10.6,2.4,18.7,18450,0.0,0.76,2.3
2000-03-07,15.8,10.2,23.4,17380,0.0,1.19,3.7
2000-03-08,17.3,10.8,23.3,17610,0.1,1.28,4.6
2000-03-09,11.8,0.4,18.9,10740,0.4,0.85,5.9
2000-03-10,1.4,-0.8,5.2,13810,0.0,0.41,2.5
2000-03-11,-0.3,-1.6,2.3,5900,6.4,0.42,4.1
2000-03-12,-0.9,-5.9,4.2,20900,0.0,0.36,2.3
2000-03-13,2.3,-1.9,7.3,12650,0.5,0.53,3.4
2000-03-14,5.8,-1.1,12.4,17810,0.9,0.65,2.1
2000-03-15,11.4,5.7,18.7,15760,1.3,0.87,3.5
2000-03-16,2.8,-1.3,12.4,3230,5.6,0.62,4.2
2000-03-17,-0.3,-4.4,4.2,20850,0.0,0.34,2.9
2000-03-18,1.4,-4.6,7.4,14940,0.2,0.34,3.1
2000-03-19,7.3,4.7,9.9,1810,16.8,0.85,3.1
2000-03-20,10.3,6.4,14.1,8730,4.9,1.02,3.7
2000-03-21,8.4,2.4,13.4,17730,0.0,0.84,0.9
2000-03-22,10.3,7.4,13.9,9650,0.0,0.98,1.1
2000-03-23,10.9,4.7,17.4,20800,0.0,0.94,2.5
2000-03-24,14.6,8.7,21.7,16340,0.6,1.2,4.0
2000-03-25,13.6,10.5,16.8,22360,0.0,0.86,4.0
2000-03-26,11.3,3.5,17.9,21280,0.0,0.64,2.7
2000-03-27,9.6,4.6,14.7,19630,4.9,0.63,4.4
2000-03-28,4.8,1.9,6.8,14260,3.1,0.54,4.3
2000-03-29,4.7,-2.4,11.0,20020,0.0,0.56,1.8
2000-03-30,5.1,-1.2,11.9,23600,0.0,0.55,2.3
2000-03-31,6.0,-2.5,14.5,23810,0.0,0.53,1.0
2000-04-01,10.6,3.4,17.6,20800,0.0,0.71,1.9
2000-04-02,11.0,7.9,14.1,7440,0.0,0.91,1.6
2000-04-03,12.3,9.0,16.3,12360,0.0,0.95,2.9
2000-04-04,4.9,1.5,7.8,17360,1.1,0.46,4.6
2000-04-05,7.4,-1.1,14.8,21030,0.0,0.51,4.2
2000-04-06,12.6,9.1,15.5,17820,0.0,0.71,4.2
2000-04-07,9.5,5.6,14.4,7750,9.4,0.98,2.6
2000-04-08,2.7,-0.0,5.2,21990,3.6,0.5,5.3
2000-04-09,5.7,-2.3,14.8,23040,0.0,0.52,3.4
2000-04-10,5.0,-0.7,10.2,13330,0.5,0.54,3.2
2000-04-11,6.4,2.7,12.7,18330,1.7,0.7,3.3
2000-04-12,3.8,-2.5,9.4,25560,0.0,0.47,1.8
2000-04-13,7.9,1.1,15.9,25520,0.0,0.59,2.8
2000-04-14,13.1,5.3,21.2,21600,0.0,1.07,3.0
2000-04-15,16.6,11.7,22.3,17240,0.0,1.37,3.2
2000-04-16,15.8,9.8,20.5,15630,0.4,1.42,2.3
2000-04-17,12.9,8.3,16.4,7660,5.4,1.31,2.5
2000-04-18,10.7,6.3,16.4,17680,0.0,0.96,1.7
2000-04-19,13.9,8.0,19.7,16720,0.2,1.19,3.4
2000-04-20,15.8,8.9,18.4,8360,34.9,1.39,5.0
2000-04-21,6.1,4.4,7.4,6440,7.3,0.75,5.7
2000-04-22,10.1,2.2,17.5,27370,0.0,0.69,2.1
2000-04-23,10.2,3.4,17.5,14330,0.5,0.85,1.9
2000-04-24,12.9,8.4,18.5,21530,0.0,0.83,3.6
2000-04-25,10.8,3.9,17.2,27700,0.0,0.64,3.4
2000-04-26,10.4,2.8,17.2,27910,0.0,0.62,1.9
2000-04-27,12.6,5.1,19.7,26990,0.0,0.75,1.5
2000-04-28,12.3,4.3,19.2,27810,0.0,0.76,1.9
2000-04-29,12.7,8.0,18.7,25540,1.3,0.94,2.7
2000-04-30,13.5,4.2,22.1,26560,0.0,0.98,1.7
2000-05-01,14.6,11.7,18.1,5390,14.9,1.3,3.2
2000-05-02,13.7,5.3,20.9,27130,0.0,1.03,1.5
2000-05-03,17.2,9.6,24.1,23420,0.8,1.3,2.7
2000-05-04,20.2,15.8,25.3,20380,0.0,1.86,3.6
2000-05-05,21.4,16.6,27.0,24270,0.4,1.92,3.0
2000-05-06,21.8,17.1,27.6,23240,3.3,1.97,3.7
2000-05-07,20.1,18.7,21.2,8670,4.8,1.98,4.2
2000-05-08,23.2,19.5,27.1,15200,0.2,2.15,4.7
2000-05-09,21.8,16.4,25.7,14060,11.6,2.11,4.5
2000-05-10,15.4,10.1,20.5,26570,0.8,1.08,3.3
2000-05-11,20.2,13.7,27.3,18790,0.0,1.57,4.6
2000-05-12,24.5,21.0,28.3,15440,2.6,2.33,5.3
2000-05-13,15.5,10.7,19.8,29070,0.0,1.1,4.6
2000-05-14,12.4,6.1,17.5,24660,0.0,0.66,3.3
2000-05-15,14.3,7.2,19.9,29780,0.0,0.75,1.7
2000-05-16,16.0,12.3,20.1,13770,1.7,1.07,3.2
2000-05-17,18.5,13.5,22.7,12620,0.9,1.64,3.3
2000-05-18,23.2,19.0,26.9,21690,7.7,1.76,6.4
2000-05-19,13.8,11.3,18.6,11120,5.2,1.33,2.9
2000-05-20,12.0,10.1,14.0,7530,0.0,1.05,1.2
2000-05-21,14.8,11.1,18.3,14820,0.3,1.16,1.1
2000-05-22,17.4,11.9,23.9,22240,3.0,1.44,3.4
2000-05-23,20.6,15.7,26.0,22760,8.0,1.64,4.0
2000-05-24,20.6,13.4,27.0,26080,0.2,1.43,3.2
2000-05-25,18.0,12.2,22.5,30320,0.0,0.97,3.0
2000-05-26,16.6,10.4,22.8,12590,2.8,1.23,2.0
2000-05-27,18.9,14.0,25.2,11320,14.2,1.88,2.7
2000-05-28,17.7,15.3,18.9,13360,3.6,1.66,3.3
2000-05-29,16.6,10.5,21.9,29640,0.0,1.33,1.7
2000-05-30,19.7,13.3,25.9,25770,0.0,1.67,3.6
2000-05-31,23.7,18.4,28.8,22420,0.0,2.17,3.3
2000-06-01,25.3,19.7,29.9,28600,0.0,2.21,3.2
2000-06-02,21.5,15.1,24.8,17130,3.2,1.86,3.8
2000-06-03,15.4,10.1,19.9,30650,0.0,1.04,2.3
2000-06-04,16.0,9.8,22.3,20720,4.9,1.24,1.9
2000-06-05,14.0,11.7,16.2,11110,14.6,1.3,3.7
2000-06-06,14.4,7.7,20.4,30680,0.0,1.01,2.6
2000-06-07,17.2,7.7,23.5,30340,0.0,1.16,2.4
2000-06-08,21.7,16.2,27.7,29290,0.0,1.4,4.2
2000-06-09,23.2,17.4,28.7,30180,0.0,1.53,3.8
2000-06-10,25.1,20.5,29.5,25100,0.0,1.94,4.3
2000-06-11,24.4,22.5,26.9,11540,3.2,2.26,2.9
2000-06-12,24.6,20.6,29.0,20130,4.5,2.39,2.9
2000-06-13,25.4,20.8,29.6,24260,2.4,2.42,3.2
2000-06-14,24.8,20.8,28.3,23390,16.5,2.18,4.8
2000-06-15,21.4,17.8,24.8,23940,0.2,1.74,4.2
2000-06-16,22.6,18.7,25.8,16770,8.7,2.05,4.1
2000-06-17,19.3,16.1,23.3,19850,14.7,1.69,2.1
2000-06-18,18.4,14.2,22.8,20060,2.8,1.57,1.8
2000-06-19,19.9,13.6,25.1,29170,0.0,1.68,1.6
2000-06-20,21.7,18.1,27.2,14090,19.9,2.2,4.0
2000-06-21,23.5,21.1,26.4,22080,25.8,2.14,4.5
2000-06-22,22.1,17.8,26.8,29790,0.0,1.61,3.9
2000-06-23,22.8,14.5,29.1,28980,0.0,1.93,1.7
2000-06-24,24.0,22.1,28.2,14260,21.1,2.46,3.5
2000-06-25,23.1,18.0,27.6,25880,0.1,2.13,2.3
2000-06-26,22.1,19.3,26.0,12590,14.9,2.25,2.9
2000-06-27,20.2,15.5,24.0,24780,0.0,1.72,1.8
2000-06-28,18.7,13.9,23.2,22430,0.8,1.46,1.3
2000-06-29,18.8,13.9,22.9,25250,0.5,1.55,2.5
2000-06-30,18.9,12.2,23.9,27720,0.0,1.5,1.1
2000-07-01,20.4,13.4,25.4,25820,0.0,1.71,1.9
2000-07-02,23.3,19.6,27.0,18820,1.1,2.23,3.4
2000-07-03,23.8,22.2,25.9,9860,16.0,2.53,2.6
2000-07-04,24.0,20.0,28.3,17660,0.6,2.49,0.9
2000-07-05,24.6,21.4,28.3,19550,11.9,2.63,1.0
2000-07-06,24.2,20.5,27.7,23560,1.5,2.47,2.1
2000-07-07,20.9,17.0,24.6,26180,0.0,1.76,2.8
2000-07-08,21.4,15.4,26.8,29150,0.0,1.88,1.9
2000-07-09,24.2,18.6,29.5,21510,4.3,2.41,3.2
2000-07-10,24.4,22.4,28.3,12120,16.9,2.66,2.1
2000-07-11,23.1,21.3,25.6,10950,11.1,2.49,2.1
2000-07-12,21.9,17.2,26.6,26290,0.0,1.81,2.8
2000-07-13,22.7,16.7,27.1,24860,0.0,2.04,1.4
2000-07-14,23.7,20.4,28.2,24260,2.6,2.21,2.9
2000-07-15,21.5,18.5,24.6,24100,0.0,1.94,2.5
2000-07-16,21.0,16.0,25.9,24070,0.0,1.85,2.4
2000-07-17,22.5,16.3,27.8,22820,0.0,2.11,2.1
2000-07-18,22.1,19.7,24.5,27400,0.1,2.05,2.7
2000-07-19,19.2,16.0,22.7,18720,13.2,1.63,2.8
2000-07-20,19.2,13.9,22.6,18890,0.0,1.66,1.6
2000-07-21,19.6,16.2,23.0,25990,0.0,1.6,2.3
2000-07-22,18.1,12.3,22.4,21520,0.0,1.49,1.7
2000-07-23,17.8,12.5,22.0,20090,0.0,1.44,2.2
2000-07-24,19.2,14.5,23.7,22490,0.0,1.55,1.8
2000-07-25,20.1,13.5,25.7,27420,0.0,1.53,1.5
2000-07-26,21.7,14.9,27.3,25680,0.0,1.78,1.5
2000-07-27,22.4,17.0,28.6,23010,2.2,2.01,2.4
2000-07-28,22.8,19.2,27.7,23020,6.7,2.3,1.7
2000-07-29,21.7,19.0,25.3,13630,7.7,2.3,1.2
2000-07-30,21.7,18.5,25.7,18930,5.2,2.22,1.0
2000-07-31,21.3,17.2,25.8,24290,0.0,2.01,1.8
2000-08-01,23.2,19.4,27.7,23820,3.3,2.23,2.7
2000-08-02,23.7,21.1,28.9,21200,5.2,2.28,3.4
2000-08-03,20.7,17.1,23.4,21120,0.0,1.98,2.6
2000-08-04,18.7,12.8,23.9,22260,0.4,1.56,1.7
2000-08-05,19.7,13.8,24.5,17230,2.8,1.76,3.3
2000-08-06,25.8,23.3,29.9,20290,32.4,2.62,4.3
2000-08-07,24.6,21.6,28.7,22790,2.0,2.46,2.7
2000-08-08,24.9,21.8,28.3,16920,0.9,2.62,3.8
2000-08-09,25.8,22.6,29.1,18940,2.5,2.75,2.8
2000-08-10,22.8,18.9,26.4,22960,0.0,2.04,1.7
2000-08-11,21.2,16.2,25.6,22440,0.5,1.95,2.0
2000-08-12,20.7,15.7,25.2,25920,0.0,1.75,1.5
2000-08-13,19.7,14.0,24.4,17720,0.4,1.67,1.3
2000-08-14,22.1,16.3,27.5,21940,0.0,2.01,1.8
2000-08-15,26.1,21.4,31.5,24490,0.0,2.42,3.1
2000-08-16,23.5,20.1,26.0,25780,0.0,2.01,2.3
2000-08-17,22.1,18.1,28.7,17580,20.3,2.16,2.4
2000-08-18,20.6,17.2,22.6,17920,3.8,1.96,2.9
2000-08-19,18.0,13.6,22.4,21880,0.0,1.51,2.1
2000-08-20,17.9,14.4,22.2,25270,0.0,1.37,2.6
2000-08-21,19.2,12.6,25.5,24740,0.0,1.59,2.5
2000-08-22,23.6,19.5,28.4,21060,0.0,2.13,2.6
2000-08-23,24.6,21.4,28.7,15930,18.5,2.6,2.5
2000-08-24,22.7,19.8,26.6,21540,0.0,2.15,1.7
2000-08-25,21.5,15.9,26.8,24410,0.0,1.86,1.6
2000-08-26,21.8,18.5,26.4,11740,11.3,2.14,2.3
2000-08-27,21.8,18.6,26.0,19670,4.3,2.11,1.8
2000-08-28,22.0,16.6,27.2,22440,0.0,1.99,2.3
2000-08-29,25.6,21.5,30.1,20910,0.0,2.47,2.5
2000-08-30,26.3,23.8,29.9,18750,0.0,2.63,1.8
2000-08-31,25.3,20.2,30.4,23050,0.0,2.38,2.1
2000-09-01,25.7,20.6,30.8,22530,0.0,2.46,1.3
2000-09-02,25.6,19.4,30.3,22190,0.0,2.46,1.5
2000-09-03,25.1,20.6,30.2,18820,0.0,2.51,1.5
2000-09-04,20.4,17.6,23.6,7710,18.3,2.04,3.2
2000-09-05,16.2,11.7,19.8,22230,0.0,1.13,4.1
2000-09-06,16.7,9.9,24.1,23090,0.0,1.36,2.7
2000-09-07,22.0,16.5,27.8,20110,0.0,1.79,3.1
2000-09-08,22.9,18.8,26.8,17050,0.3,2.07,2.7
2000-09-09,22.5,19.0,26.3,11550,0.6,2.28,2.9
2000-09-10,22.9,21.5,25.3,7390,8.2,2.51,3.3
2000-09-11,23.9,21.0,27.6,13720,0.6,2.48,3.8
2000-09-12,20.5,14.3,23.8,8680,10.6,1.97,3.5
2000-09-13,16.4,9.4,22.9,21470,0.0,1.16,1.4
2000-09-14,17.3,14.9,20.6,9330,1.8,1.4,2.4
2000-09-15,13.7,10.9,16.5,16480,0.0,1.03,3.5
2000-09-16,12.4,8.0,17.0,15330,0.0,0.9,1.3
2000-09-17,16.6,10.7,24.4,20250,0.0,1.1,3.3
2000-09-18,19.0,11.3,27.1,20430,0.0,1.43,2.1
2000-09-19,21.7,15.7,28.3,20270,0.0,1.39,4.6
2000-09-20,19.8,12.3,25.9,12200,8.4,1.41,4.7
2000-09-21,13.0,8.6,17.5,20540,0.0,0.89,2.7
2000-09-22,15.9,8.8,24.1,12080,0.0,1.29,3.6
2000-09-23,21.3,17.0,24.5,6430,2.0,2.19,4.0
2000-09-24,13.8,11.8,16.7,6880,8.3,1.19,3.5
2000-09-25,9.5,8.2,11.5,3710,7.8,0.9,3.4
2000-09-26,10.7,4.1,17.4,19100,0.0,0.89,1.8
2000-09-27,14.2,7.9,21.7,19150,0.0,1.08,2.8
2000-09-28,13.0,8.1,17.9,17540,0.0,1.06,2.2
2000-09-29,13.5,7.4,20.6,18890,0.0,0.98,2.2
2000-09-30,15.8,9.7,22.6,15590,0.0,1.16,3.1
2000-10-01,19.1,13.4,25.3,18040,0.0,1.31,4.2
2000-10-02,21.6,17.8,26.6,16710,0.0,1.49,4.4
2000-10-03,19.8,13.6,25.4,17360,0.0,1.61,1.8
2000-10-04,16.3,12.1,20.2,9330,13.1,1.43,2.8
2000-10-05,14.0,13.2,15.1,3360,22.3,1.44,2.5
2000-10-06,9.4,4.9,13.5,13440,0.0,0.79,4.4
2000-10-07,4.4,0.4,8.6,16760,0.0,0.36,3.6
2000-10-08,4.9,2.2,8.7,14580,0.0,0.52,4.1
2000-10-09,5.5,-0.1,12.2,16940,0.0,0.47,2.8
2000-10-10,8.3,2.4,15.4,17480,0.0,0.56,2.9
2000-10-11,10.4,3.7,18.1,17090,0.0,0.68,1.9
2000-10-12,11.9,4.4,20.0,16880,0.0,0.79,2.5
2000-10-13,15.8,10.4,22.6,15250,0.0,0.92,3.7
2000-10-14,18.0,13.7,23.4,12190,0.6,1.11,3.7
2000-10-15,16.6,14.6,20.9,6020,10.5,1.51,1.6
2000-10-16,13.5,10.3,17.1,7010,1.7,1.25,1.9
2000-10-17,13.6,9.9,18.1,14750,2.7,1.16,2.0
2000-10-18,12.3,5.5,19.3,14210,0.0,1.05,1.5
2000-10-19,14.5,9.1,21.8,14800,0.0,1.17,2.4
2000-10-20,15.3,9.7,22.1,14880,0.0,1.14,2.7
2000-10-21,16.3,11.2,23.2,13940,0.0,1.15,1.9
2000-10-22,15.8,10.9,22.0,10810,0.4,1.45,1.8
2000-10-23,18.4,14.5,23.7,11060,0.0,1.71,1.4
2000-10-24,18.9,16.4,22.7,8360,3.0,1.81,1.6
2000-10-25,17.3,13.4,22.2,8850,0.0,1.62,1.5
2000-10-26,19.1,15.3,24.8,9140,0.7,1.69,2.7
2000-10-27,18.9,15.1,23.6,10450,0.0,1.54,2.4
2000-10-28,12.9,8.3,14.9,7140,0.0,1.08,3.2
2000-10-29,8.2,2.7,15.0,14120,0.0,0.65,3.1
2000-10-30,10.1,4.8,17.4,13420,0.0,0.66,2.9
2000-10-31,13.3,9.3,20.2,8820,0.0,0.8,2.3
2000-11-01,16.2,11.8,22.5,10800,0.5,0.95,3.2
2000-11-02,16.8,14.4,20.0,4120,0.5,1.31,2.7
2000-11-03,12.7,8.8,17.2,12310,0.0,0.91,2.2
2000-11-04,9.1,4.7,13.1,11750,0.0,0.56,2.0
2000-11-05,7.8,2.7,14.6,12580,0.0,0.54,2.6
2000-11-06,8.8,6.5,12.4,3260,6.2,0.78,5.0
2000-11-07,13.4,9.3,15.1,6010,5.3,1.3,3.0
2000-11-08,8.6,6.2,11.5,7620,1.2,0.72,1.2
2000-11-09,9.3,4.0,11.7,1370,21.3,1.12,2.8
2000-11-10,4.3,1.4,7.1,8540,0.0,0.53,4.1
2000-11-11,5.3,1.9,9.3,8770,0.0,0.62,2.1
2000-11-12,5.9,1.3,10.5,9390,0.1,0.7,2.2
2000-11-13,4.6,1.4,7.5,5610,9.9,0.68,3.3
2000-11-14,1.7,0.3,4.5,4130,0.2,0.45,5.0
2000-11-15,1.3,-2.6,5.5,11180,0.0,0.41,3.2
2000-11-16,4.1,0.5,8.8,8240,0.0,0.49,5.6
2000-11-17,-1.4,-3.0,0.1,5630,0.0,0.31,4.1
2000-11-18,-1.0,-3.6,3.0,9680,0.0,0.3,3.6
2000-11-19,0.3,-4.5,5.7,8640,0.5,0.41,3.9
2000-11-20,-3.0,-5.4,0.4,6450,0.0,0.28,6.0
2000-11-21,-6.7,-9.1,-4.2,10700,0.0,0.19,3.9
2000-11-22,-4.9,-8.1,0.0,10720,0.0,0.24,1.9
2000-11-23,-3.0,-7.2,3.1,10060,0.0,0.32,1.8
2000-11-24,-0.2,-5.1,6.7,9830,0.0,0.38,1.8
2000-11-25,3.7,0.3,6.2,1220,14.8,0.71,3.0
2000-11-26,4.4,3.4,6.4,1350,3.3,0.8,2.7
2000-11-27,1.9,-1.0,3.9,5910,0.0,0.56,2.9
2000-11-28,1.3,-2.1,7.1,9830,0.0,0.53,2.6
2000-11-29,1.0,-1.6,4.3,6050,4.9,0.56,3.2
2000-11-30,1.6,0.1,3.2,4370,0.0,0.54,2.3
2000-12-01,0.6,-2.6,2.6,3400,1.8,0.54,2.1
2000-12-02,-3.0,-4.9,-0.6,7520,0.0,0.32,3.4
2000-12-03,-3.6,-7.0,0.8,9990,0.0,0.31,1.9
2000-12-04,-1.7,-5.5,2.3,6640,0.0,0.37,3.8
2000-12-05,-5.3,-8.5,0.7,9020,0.0,0.24,4.0
2000-12-06,-6.6,-9.5,-3.7,7120,0.0,0.17,2.7
2000-12-07,-2.2,-6.3,2.1,2620,1.2,0.37,2.9
2000-12-08,-3.2,-6.4,1.4,5400,0.0,0.37,2.8
2000-12-09,-5.6,-10.7,-0.2,6930,0.0,0.28,2.0
2000-12-10,0.2,-2.5,2.5,2580,0.0,0.46,2.2
2000-12-11,-0.0,-2.9,4.1,700,24.9,0.58,2.7
2000-12-12,-11.2,-17.2,-3.8,8820,0.6,0.2,3.9
2000-12-13,-9.6,-17.2,-4.4,2270,14.8,0.25,2.3
2000-12-14,-6.6,-8.9,-4.4,7420,1.0,0.34,1.9
2000-12-15,-6.1,-9.5,0.1,6320,0.7,0.36,2.5
2000-12-16,1.2,-2.8,2.7,2700,4.0,0.64,3.6
2000-12-17,-14.1,-17.6,-4.1,6850,2.6,0.17,5.2
2000-12-18,-13.9,-19.8,-6.7,7420,2.7,0.18,2.6
2000-12-19,-11.0,-15.7,-6.8,6970,0.5,0.23,4.3
2000-12-20,-12.6,-17.3,-8.3,7370,0.4,0.2,3.4
2000-12-21,-11.9,-18.7,-6.1,7810,1.9,0.21,4.6
2000-12-22,-20.0,-22.3,-17.3,9400,0.0,0.1,3.7
2000-12-23,-14.1,-23.4,-5.7,5980,0.0,0.18,3.0
2000-12-24,-13.7,-19.6,-5.6,8170,0.0,0.18,3.6
2000-12-25,-19.4,-24.2,-13.8,9520,0.0,0.11,1.2
2000-12-26,-12.7,-18.1,-7.9,5430,1.3,0.2,1.4
2000-12-27,-10.4,-13.0,-8.5,7770,0.0,0.24,2.1
2000-12-28,-15.8,-21.4,-12.5,9580,0.0,0.15,2.0
2000-12-29,-11.0,-13.3,-9.1,5520,1.6,0.22,1.8
2000-12-30,-7.2,-11.4,-4.0,7060,0.3,0.32,2.2
2000-12-31,-7.6,-10.3,-5.1,8380,0.0,0.31,2.2
