Date,Year,DiseaseSeverity,Source
1972-10-04,1972.0,0.0,FraNchEstYN
1972-10-05,1972.0,0.0,FraNchEstYN
1972-10-06,1972.0,0.0,FraNchEstYN
1972-10-07,1972.0,0.0,FraNchEstYN
1972-10-08,1972.0,0.0,FraNchEstYN
1972-10-09,1972.0,0.0,FraNchEstYN
1972-10-10,1972.0,0.0,FraNchEstYN
1972-10-11,1972.0,0.0,FraNchEstYN
1972-10-12,1972.0,0.0,FraNchEstYN
1972-10-13,1972.0,0.0,FraNchEstYN
1972-10-14,1972.0,0.0,FraNchEstYN
1972-10-15,1972.0,0.0,FraNchEstYN
1972-10-16,1972.0,0.0,FraNchEstYN
1972-10-17,1972.0,0.0,FraNchEstYN
1972-10-18,1972.0,0.0,FraNchEstYN
1972-10-19,1972.0,0.0,FraNchEstYN
1972-10-20,1972.0,0.0,FraNchEstYN
1972-10-21,1972.0,0.0,FraNchEstYN
1972-10-22,1972.0,0.0,FraNchEstYN
1972-10-23,1972.0,0.0,FraNchEstYN
1972-10-24,1972.0,0.0,FraNchEstYN
1972-10-25,1972.0,0.0,FraNchEstYN
1972-10-26,1972.0,0.0,FraNchEstYN
1972-10-27,1972.0,0.0,FraNchEstYN
1972-10-28,1972.0,0.0,FraNchEstYN
1972-10-29,1972.0,0.0,FraNchEstYN
1972-10-30,1972.0,0.0,FraNchEstYN
1972-10-31,1972.0,0.0,FraNchEstYN
1972-11-01,1972.0,0.0,FraNchEstYN
1972-11-02,1972.0,0.0,FraNchEstYN
1972-11-03,1972.0,0.0,FraNchEstYN
1972-11-04,1972.0,0.0,FraNchEstYN
1972-11-05,1972.0,0.0,FraNchEstYN
1972-11-06,1972.0,0.0,FraNchEstYN
1972-11-07,1972.0,0.0,FraNchEstYN
1972-11-08,1972.0,0.0,FraNchEstYN
1972-11-09,1972.0,0.0,FraNchEstYN
1972-11-10,1972.0,0.0,FraNchEstYN
1972-11-11,1972.0,0.0,FraNchEstYN
1972-11-12,1972.0,0.0,FraNchEstYN
1972-11-13,1972.0,0.0,FraNchEstYN
1972-11-14,1972.0,0.0,FraNchEstYN
1972-11-15,1972.0,0.0,FraNchEstYN
1972-11-16,1972.0,0.0,FraNchEstYN
1972-11-17,1972.0,0.0,FraNchEstYN
1972-11-18,1972.0,0.0,FraNchEstYN
1972-11-19,1972.0,0.0,FraNchEstYN
1972-11-20,1972.0,0.0,FraNchEstYN
1972-11-21,1972.0,0.0,FraNchEstYN
1972-11-22,1972.0,0.0,FraNchEstYN
1972-11-23,1972.0,0.0,FraNchEstYN
1972-11-24,1972.0,0.0,FraNchEstYN
1972-11-25,1972.0,0.0,FraNchEstYN
1972-11-26,1972.0,0.0,FraNchEstYN
1972-11-27,1972.0,0.0,FraNchEstYN
1972-11-28,1972.0,0.0,FraNchEstYN
1972-11-29,1972.0,0.0,FraNchEstYN
1972-11-30,1972.0,0.0,FraNchEstYN
1972-12-01,1972.0,0.0,FraNchEstYN
1972-12-02,1972.0,0.0,FraNchEstYN
1972-12-03,1972.0,0.0,FraNchEstYN
1972-12-04,1972.0,0.0,FraNchEstYN
1972-12-05,1972.0,0.0,FraNchEstYN
1972-12-06,1972.0,0.0,FraNchEstYN
1972-12-07,1972.0,0.0,FraNchEstYN
1972-12-08,1972.0,0.0,FraNchEstYN
1972-12-09,1972.0,0.0,FraNchEstYN
1972-12-10,1972.0,0.0,FraNchEstYN
1972-12-11,1972.0,0.0,FraNchEstYN
1972-12-12,1972.0,0.0,FraNchEstYN
1972-12-13,1972.0,0.0,FraNchEstYN
1972-12-14,1972.0,0.0,FraNchEstYN
1972-12-15,1972.0,0.0,FraNchEstYN
1972-12-16,1972.0,0.0,FraNchEstYN
1972-12-17,1972.0,0.0,FraNchEstYN
1972-12-18,1972.0,0.0,FraNchEstYN
1972-12-19,1972.0,0.0,FraNchEstYN
1972-12-20,1972.0,0.0,FraNchEstYN
1972-12-21,1972.0,0.0,FraNchEstYN
1972-12-22,1972.0,0.0,FraNchEstYN
1972-12-23,1972.0,0.0,FraNchEstYN
1972-12-24,1972.0,0.0,FraNchEstYN
1972-12-25,1972.0,0.0,FraNchEstYN
1972-12-26,1972.0,0.0,FraNchEstYN
1972-12-27,1972.0,0.0,FraNchEstYN
1972-12-28,1972.0,0.0,FraNchEstYN
1972-12-29,1972.0,0.0,FraNchEstYN
1972-12-30,1972.0,0.0,FraNchEstYN
1972-12-31,1972.0,0.0,FraNchEstYN
1973-01-01,1973.0,0.0,FraNchEstYN
1973-01-02,1973.0,0.0,FraNchEstYN
1973-01-03,1973.0,0.0,FraNchEstYN
1973-01-04,1973.0,0.0,FraNchEstYN
1973-01-05,1973.0,0.0,FraNchEstYN
1973-01-06,1973.0,0.0,FraNchEstYN
1973-01-07,1973.0,0.0,FraNchEstYN
1973-01-08,1973.0,0.0,FraNchEstYN
1973-01-09,1973.0,0.0,FraNchEstYN
1973-01-10,1973.0,0.0,FraNchEstYN
1973-01-11,1973.0,0.0,FraNchEstYN
1973-01-12,1973.0,0.0,FraNchEstYN
1973-01-13,1973.0,0.0,FraNchEstYN
1973-01-14,1973.0,0.0,FraNchEstYN
1973-01-15,1973.0,0.0,FraNchEstYN
1973-01-16,1973.0,0.0,FraNchEstYN
1973-01-17,1973.0,0.0,FraNchEstYN
1973-01-18,1973.0,0.0,FraNchEstYN
1973-01-19,1973.0,0.0,FraNchEstYN
1973-01-20,1973.0,0.0,FraNchEstYN
1973-01-21,1973.0,0.0,FraNchEstYN
1973-01-22,1973.0,0.0,FraNchEstYN
1973-01-23,1973.0,0.0,FraNchEstYN
1973-01-24,1973.0,0.0,FraNchEstYN
1973-01-25,1973.0,0.0,FraNchEstYN
1973-01-26,1973.0,0.0,FraNchEstYN
1973-01-27,1973.0,0.0,FraNchEstYN
1973-01-28,1973.0,0.0,FraNchEstYN
1973-01-29,1973.0,0.0,FraNchEstYN
1973-01-30,1973.0,0.0,FraNchEstYN
1973-01-31,1973.0,0.0,FraNchEstYN
1973-02-01,1973.0,0.0,FraNchEstYN
1973-02-02,1973.0,0.0,FraNchEstYN
1973-02-03,1973.0,0.0,FraNchEstYN
1973-02-04,1973.0,0.0,FraNchEstYN
1973-02-05,1973.0,0.0,FraNchEstYN
1973-02-06,1973.0,0.0,FraNchEstYN
1973-02-07,1973.0,0.0,FraNchEstYN
1973-02-08,1973.0,0.0,FraNchEstYN
1973-02-09,1973.0,0.0,FraNchEstYN
1973-02-10,1973.0,0.0,FraNchEstYN
1973-02-11,1973.0,0.0,FraNchEstYN
1973-02-12,1973.0,0.0,FraNchEstYN
1973-02-13,1973.0,0.0,FraNchEstYN
1973-02-14,1973.0,0.0,FraNchEstYN
1973-02-15,1973.0,0.0,FraNchEstYN
1973-02-16,1973.0,0.0,FraNchEstYN
1973-02-17,1973.0,0.0,FraNchEstYN
1973-02-18,1973.0,0.0,FraNchEstYN
1973-02-19,1973.0,0.0,FraNchEstYN
1973-02-20,1973.0,0.0,FraNchEstYN
1973-02-21,1973.0,0.0,FraNchEstYN
1973-02-22,1973.0,0.0,FraNchEstYN
1973-02-23,1973.0,0.0,FraNchEstYN
1973-02-24,1973.0,0.0,FraNchEstYN
1973-02-25,1973.0,0.0,FraNchEstYN
1973-02-26,1973.0,0.0,FraNchEstYN
1973-02-27,1973.0,0.0,FraNchEstYN
1973-02-28,1973.0,0.0,FraNchEstYN
1973-03-01,1973.0,0.0,FraNchEstYN
1973-03-02,1973.0,0.0,FraNchEstYN
1973-03-03,1973.0,0.0,FraNchEstYN
1973-03-04,1973.0,0.0,FraNchEstYN
1973-03-05,1973.0,0.0,FraNchEstYN
1973-03-06,1973.0,0.0,FraNchEstYN
1973-03-07,1973.0,0.0,FraNchEstYN
1973-03-08,1973.0,0.0,FraNchEstYN
1973-03-09,1973.0,0.0,FraNchEstYN
1973-03-10,1973.0,0.0,FraNchEstYN
1973-03-11,1973.0,0.0,FraNchEstYN
1973-03-12,1973.0,0.0,FraNchEstYN
1973-03-13,1973.0,0.0,FraNchEstYN
1973-03-14,1973.0,0.0,FraNchEstYN
1973-03-15,1973.0,0.0,FraNchEstYN
1973-03-16,1973.0,0.0,FraNchEstYN
1973-03-17,1973.0,0.0,FraNchEstYN
1973-03-18,1973.0,0.0,FraNchEstYN
1973-03-19,1973.0,0.0,FraNchEstYN
1973-03-20,1973.0,0.0,FraNchEstYN
1973-03-21,1973.0,0.0,FraNchEstYN
1973-03-22,1973.0,0.0,FraNchEstYN
1973-03-23,1973.0,0.0,FraNchEstYN
1973-03-24,1973.0,0.0,FraNchEstYN
1973-03-25,1973.0,0.0,FraNchEstYN
1973-03-26,1973.0,0.0,FraNchEstYN
1973-03-27,1973.0,0.0,FraNchEstYN
1973-03-28,1973.0,0.0,FraNchEstYN
1973-03-29,1973.0,0.0,FraNchEstYN
1973-03-30,1973.0,0.0,FraNchEstYN
1973-03-31,1973.0,0.0,FraNchEstYN
1973-04-01,1973.0,0.0,FraNchEstYN
1973-04-02,1973.0,0.0,FraNchEstYN
1973-04-03,1973.0,0.0,FraNchEstYN
1973-04-04,1973.0,0.0,FraNchEstYN
1973-04-05,1973.0,0.0,FraNchEstYN
1973-04-06,1973.0,0.0,FraNchEstYN
1973-04-07,1973.0,0.0,FraNchEstYN
1973-04-08,1973.0,0.0,FraNchEstYN
1973-04-09,1973.0,0.0,FraNchEstYN
1973-04-10,1973.0,0.0,FraNchEstYN
1973-04-11,1973.0,0.0,FraNchEstYN
1973-04-12,1973.0,0.0,FraNchEstYN
1973-04-13,1973.0,0.0,FraNchEstYN
1973-04-14,1973.0,0.0,FraNchEstYN
1973-04-15,1973.0,0.0,FraNchEstYN
1973-04-16,1973.0,0.0,FraNchEstYN
1973-04-17,1973.0,0.0,FraNchEstYN
1973-04-18,1973.0,0.0,FraNchEstYN
1973-04-19,1973.0,0.0,FraNchEstYN
1973-04-20,1973.0,0.0,FraNchEstYN
1973-04-21,1973.0,0.0,FraNchEstYN
1973-04-22,1973.0,0.0,FraNchEstYN
1973-04-23,1973.0,0.0,FraNchEstYN
1973-04-24,1973.0,0.0,FraNchEstYN
1973-04-25,1973.0,0.0,FraNchEstYN
1973-04-26,1973.0,0.0,FraNchEstYN
1973-04-27,1973.0,0.0,FraNchEstYN
1973-04-28,1973.0,0.0,FraNchEstYN
1973-04-29,1973.0,0.0,FraNchEstYN
1973-04-30,1973.0,0.0,FraNchEstYN
1973-05-01,1973.0,0.0,FraNchEstYN
1973-05-02,1973.0,0.0,FraNchEstYN
1973-05-03,1973.0,0.0,FraNchEstYN
1973-05-04,1973.0,0.0,FraNchEstYN
1973-05-05,1973.0,0.0,FraNchEstYN
1973-05-06,1973.0,0.0,FraNchEstYN
1973-05-07,1973.0,0.0,FraNchEstYN
1973-05-08,1973.0,0.0,FraNchEstYN
1973-05-09,1973.0,0.0,FraNchEstYN
1973-05-10,1973.0,0.0,FraNchEstYN
1973-05-11,1973.0,0.0,FraNchEstYN
1973-05-12,1973.0,0.0,FraNchEstYN
1973-05-13,1973.0,0.0,FraNchEstYN
1973-05-14,1973.0,0.0,FraNchEstYN
1973-05-15,1973.0,0.0,FraNchEstYN
1973-05-16,1973.0,0.0,FraNchEstYN
1973-05-17,1973.0,0.0,FraNchEstYN
1973-05-18,1973.0,0.0,FraNchEstYN
1973-05-19,1973.0,0.025149124,FraNchEstYN
1973-05-20,1973.0,0.05152511,FraNchEstYN
1973-05-21,1973.0,0.05152511,FraNchEstYN
1973-05-22,1973.0,0.05152511,FraNchEstYN
1973-05-23,1973.0,0.05152511,FraNchEstYN
1973-05-24,1973.0,0.05152511,FraNchEstYN
1973-05-25,1973.0,0.12761603,FraNchEstYN
1973-05-26,1973.0,0.12761603,FraNchEstYN
1973-05-27,1973.0,0.16255303,FraNchEstYN
1973-05-28,1973.0,0.16255303,FraNchEstYN
1973-05-29,1973.0,0.19442119,FraNchEstYN
1973-05-30,1973.0,0.23640938,FraNchEstYN
1973-05-31,1973.0,0.23640938,FraNchEstYN
1973-06-01,1973.0,0.23640938,FraNchEstYN
1973-06-02,1973.0,0.23640938,FraNchEstYN
1973-06-03,1973.0,0.23640938,FraNchEstYN
1973-06-04,1973.0,0.23640938,FraNchEstYN
1973-06-05,1973.0,0.2724498,FraNchEstYN
1973-06-06,1973.0,0.2724498,FraNchEstYN
1973-06-07,1973.0,0.31766033,FraNchEstYN
1973-06-08,1973.0,0.3611098,FraNchEstYN
1973-06-09,1973.0,0.37685373,FraNchEstYN
1973-06-10,1973.0,0.39790526,FraNchEstYN
1973-06-11,1973.0,0.39790526,FraNchEstYN
1973-06-12,1973.0,0.4367208,FraNchEstYN
1973-06-13,1973.0,0.4689695,FraNchEstYN
1973-06-14,1973.0,0.49631724,FraNchEstYN
1973-06-15,1973.0,0.5144684,FraNchEstYN
1973-06-16,1973.0,0.5144684,FraNchEstYN
1973-06-17,1973.0,0.5144684,FraNchEstYN
1973-06-18,1973.0,0.54376704,FraNchEstYN
1973-06-19,1973.0,0.57165563,FraNchEstYN
1973-06-20,1973.0,0.5985287,FraNchEstYN
1973-06-21,1973.0,0.6121442,FraNchEstYN
1973-06-22,1973.0,0.6121442,FraNchEstYN
1973-06-23,1973.0,0.6121442,FraNchEstYN
1973-06-24,1973.0,0.6121442,FraNchEstYN
1973-06-25,1973.0,0.6121442,FraNchEstYN
1973-06-26,1973.0,0.61741406,FraNchEstYN
1973-06-27,1973.0,0.6251094,FraNchEstYN
1973-06-28,1973.0,0.62934786,FraNchEstYN
1973-06-29,1973.0,0.62934786,FraNchEstYN
1973-06-30,1973.0,0.6359871,FraNchEstYN
1973-07-01,1973.0,0.63744897,FraNchEstYN
1973-07-02,1973.0,0.64358336,FraNchEstYN
1973-07-03,1973.0,0.64358336,FraNchEstYN
1973-07-04,1973.0,0.6485274,FraNchEstYN
1973-07-05,1973.0,0.6515136,FraNchEstYN
1973-07-06,1973.0,0.6515996,FraNchEstYN
1973-07-07,1973.0,0.65165627,FraNchEstYN
1973-07-08,1973.0,0.65165627,FraNchEstYN
1973-07-09,1973.0,0.65167475,FraNchEstYN
1973-07-10,1973.0,0.65167475,FraNchEstYN
1973-07-11,1973.0,0.6516804,FraNchEstYN
1973-07-12,1973.0,0.6522543,FraNchEstYN
1973-07-13,1973.0,0.6524319,FraNchEstYN
1973-07-14,1973.0,0.65243185,FraNchEstYN
1973-07-15,1973.0,0.65243185,FraNchEstYN
1973-07-16,1973.0,0.65243185,FraNchEstYN
1973-07-17,1973.0,0.6524319,FraNchEstYN
1973-07-18,1973.0,0.6524319,FraNchEstYN
1973-07-19,1973.0,0.65243185,FraNchEstYN
1973-07-20,1973.0,0.6524319,FraNchEstYN
1973-07-21,1973.0,0.6524319,FraNchEstYN
1973-07-22,1973.0,0.6524319,FraNchEstYN
1973-07-23,1973.0,0.6524319,FraNchEstYN
1973-07-24,1973.0,0.6524319,FraNchEstYN
1973-09-28,1973.0,0.0,FraNchEstYN
1973-09-29,1973.0,0.0,FraNchEstYN
1973-09-30,1973.0,0.0,FraNchEstYN
1973-10-01,1973.0,0.0,FraNchEstYN
1973-10-02,1973.0,0.0,FraNchEstYN
1973-10-03,1973.0,0.0,FraNchEstYN
1973-10-04,1973.0,0.0,FraNchEstYN
1973-10-05,1973.0,0.0,FraNchEstYN
1973-10-06,1973.0,0.0,FraNchEstYN
1973-10-07,1973.0,0.0,FraNchEstYN
1973-10-08,1973.0,0.0,FraNchEstYN
1973-10-09,1973.0,0.0,FraNchEstYN
1973-10-10,1973.0,0.0,FraNchEstYN
1973-10-11,1973.0,0.0,FraNchEstYN
1973-10-12,1973.0,0.0,FraNchEstYN
1973-10-13,1973.0,0.0,FraNchEstYN
1973-10-14,1973.0,0.0,FraNchEstYN
1973-10-15,1973.0,0.0,FraNchEstYN
1973-10-16,1973.0,0.0,FraNchEstYN
1973-10-17,1973.0,0.0,FraNchEstYN
1973-10-18,1973.0,0.0,FraNchEstYN
1973-10-19,1973.0,0.0,FraNchEstYN
1973-10-20,1973.0,0.0,FraNchEstYN
1973-10-21,1973.0,0.0,FraNchEstYN
1973-10-22,1973.0,0.0,FraNchEstYN
1973-10-23,1973.0,0.0,FraNchEstYN
1973-10-24,1973.0,0.0,FraNchEstYN
1973-10-25,1973.0,0.0,FraNchEstYN
1973-10-26,1973.0,0.0,FraNchEstYN
1973-10-27,1973.0,0.0,FraNchEstYN
1973-10-28,1973.0,0.0,FraNchEstYN
1973-10-29,1973.0,0.0,FraNchEstYN
1973-10-30,1973.0,0.0,FraNchEstYN
1973-10-31,1973.0,0.0,FraNchEstYN
1973-11-01,1973.0,0.0,FraNchEstYN
1973-11-02,1973.0,0.0,FraNchEstYN
1973-11-03,1973.0,0.0,FraNchEstYN
1973-11-04,1973.0,0.0,FraNchEstYN
1973-11-05,1973.0,0.0,FraNchEstYN
1973-11-06,1973.0,0.0,FraNchEstYN
1973-11-07,1973.0,0.0,FraNchEstYN
1973-11-08,1973.0,0.0,FraNchEstYN
1973-11-09,1973.0,0.0,FraNchEstYN
1973-11-10,1973.0,0.0,FraNchEstYN
1973-11-11,1973.0,0.0,FraNchEstYN
1973-11-12,1973.0,0.0,FraNchEstYN
1973-11-13,1973.0,0.0,FraNchEstYN
1973-11-14,1973.0,0.0,FraNchEstYN
1973-11-15,1973.0,0.0,FraNchEstYN
1973-11-16,1973.0,0.0,FraNchEstYN
1973-11-17,1973.0,0.0,FraNchEstYN
1973-11-18,1973.0,0.0,FraNchEstYN
1973-11-19,1973.0,0.0,FraNchEstYN
1973-11-20,1973.0,0.0,FraNchEstYN
1973-11-21,1973.0,0.0,FraNchEstYN
1973-11-22,1973.0,0.0,FraNchEstYN
1973-11-23,1973.0,0.0,FraNchEstYN
1973-11-24,1973.0,0.0,FraNchEstYN
1973-11-25,1973.0,0.0,FraNchEstYN
1973-11-26,1973.0,0.0,FraNchEstYN
1973-11-27,1973.0,0.0,FraNchEstYN
1973-11-28,1973.0,0.0,FraNchEstYN
1973-11-29,1973.0,0.0,FraNchEstYN
1973-11-30,1973.0,0.0,FraNchEstYN
1973-12-01,1973.0,0.0,FraNchEstYN
1973-12-02,1973.0,0.0,FraNchEstYN
1973-12-03,1973.0,0.0,FraNchEstYN
1973-12-04,1973.0,0.0,FraNchEstYN
1973-12-05,1973.0,0.0,FraNchEstYN
1973-12-06,1973.0,0.0,FraNchEstYN
1973-12-07,1973.0,0.0,FraNchEstYN
1973-12-08,1973.0,0.0,FraNchEstYN
1973-12-09,1973.0,0.0,FraNchEstYN
1973-12-10,1973.0,0.0,FraNchEstYN
1973-12-11,1973.0,0.0,FraNchEstYN
1973-12-12,1973.0,0.0,FraNchEstYN
1973-12-13,1973.0,0.0,FraNchEstYN
1973-12-14,1973.0,0.0,FraNchEstYN
1973-12-15,1973.0,0.0,FraNchEstYN
1973-12-16,1973.0,0.0,FraNchEstYN
1973-12-17,1973.0,0.0,FraNchEstYN
1973-12-18,1973.0,0.0,FraNchEstYN
1973-12-19,1973.0,0.0,FraNchEstYN
1973-12-20,1973.0,0.0,FraNchEstYN
1973-12-21,1973.0,0.0,FraNchEstYN
1973-12-22,1973.0,0.0,FraNchEstYN
1973-12-23,1973.0,0.0,FraNchEstYN
1973-12-24,1973.0,0.0,FraNchEstYN
1973-12-25,1973.0,0.0,FraNchEstYN
1973-12-26,1973.0,0.0,FraNchEstYN
1973-12-27,1973.0,0.0,FraNchEstYN
1973-12-28,1973.0,0.0,FraNchEstYN
1973-12-29,1973.0,0.0,FraNchEstYN
1973-12-30,1973.0,0.0,FraNchEstYN
1973-12-31,1973.0,0.0,FraNchEstYN
1974-01-01,1974.0,0.0,FraNchEstYN
1974-01-02,1974.0,0.0,FraNchEstYN
1974-01-03,1974.0,0.0,FraNchEstYN
1974-01-04,1974.0,0.0,FraNchEstYN
1974-01-05,1974.0,0.0,FraNchEstYN
1974-01-06,1974.0,0.0,FraNchEstYN
1974-01-07,1974.0,0.0,FraNchEstYN
1974-01-08,1974.0,0.0,FraNchEstYN
1974-01-09,1974.0,0.0,FraNchEstYN
1974-01-10,1974.0,0.0,FraNchEstYN
1974-01-11,1974.0,0.0,FraNchEstYN
1974-01-12,1974.0,0.0,FraNchEstYN
1974-01-13,1974.0,0.0,FraNchEstYN
1974-01-14,1974.0,0.0,FraNchEstYN
1974-01-15,1974.0,0.0,FraNchEstYN
1974-01-16,1974.0,0.0,FraNchEstYN
1974-01-17,1974.0,0.0,FraNchEstYN
1974-01-18,1974.0,0.0,FraNchEstYN
1974-01-19,1974.0,0.0,FraNchEstYN
1974-01-20,1974.0,0.0,FraNchEstYN
1974-01-21,1974.0,0.0,FraNchEstYN
1974-01-22,1974.0,0.0,FraNchEstYN
1974-01-23,1974.0,0.0,FraNchEstYN
1974-01-24,1974.0,0.0,FraNchEstYN
1974-01-25,1974.0,0.0,FraNchEstYN
1974-01-26,1974.0,0.0,FraNchEstYN
1974-01-27,1974.0,0.0,FraNchEstYN
1974-01-28,1974.0,0.0,FraNchEstYN
1974-01-29,1974.0,0.0,FraNchEstYN
1974-01-30,1974.0,0.0,FraNchEstYN
1974-01-31,1974.0,0.0,FraNchEstYN
1974-02-01,1974.0,0.0,FraNchEstYN
1974-02-02,1974.0,0.0,FraNchEstYN
1974-02-03,1974.0,0.0,FraNchEstYN
1974-02-04,1974.0,0.0,FraNchEstYN
1974-02-05,1974.0,0.0,FraNchEstYN
1974-02-06,1974.0,0.0,FraNchEstYN
1974-02-07,1974.0,0.0,FraNchEstYN
1974-02-08,1974.0,0.0,FraNchEstYN
1974-02-09,1974.0,0.0,FraNchEstYN
1974-02-10,1974.0,0.0,FraNchEstYN
1974-02-11,1974.0,0.0,FraNchEstYN
1974-02-12,1974.0,0.0,FraNchEstYN
1974-02-13,1974.0,0.0,FraNchEstYN
1974-02-14,1974.0,0.0,FraNchEstYN
1974-02-15,1974.0,0.0,FraNchEstYN
1974-02-16,1974.0,0.0,FraNchEstYN
1974-02-17,1974.0,0.0,FraNchEstYN
1974-02-18,1974.0,0.0,FraNchEstYN
1974-02-19,1974.0,0.0,FraNchEstYN
1974-02-20,1974.0,0.0,FraNchEstYN
1974-02-21,1974.0,0.0,FraNchEstYN
1974-02-22,1974.0,0.0,FraNchEstYN
1974-02-23,1974.0,0.0,FraNchEstYN
1974-02-24,1974.0,0.0,FraNchEstYN
1974-02-25,1974.0,0.0,FraNchEstYN
1974-02-26,1974.0,0.0,FraNchEstYN
1974-02-27,1974.0,0.0,FraNchEstYN
1974-02-28,1974.0,0.0,FraNchEstYN
1974-03-01,1974.0,0.0,FraNchEstYN
1974-03-02,1974.0,0.0,FraNchEstYN
1974-03-03,1974.0,0.0,FraNchEstYN
1974-03-04,1974.0,0.0,FraNchEstYN
1974-03-05,1974.0,0.0,FraNchEstYN
1974-03-06,1974.0,0.0,FraNchEstYN
1974-03-07,1974.0,0.0,FraNchEstYN
1974-03-08,1974.0,0.0,FraNchEstYN
1974-03-09,1974.0,0.0,FraNchEstYN
1974-03-10,1974.0,0.0,FraNchEstYN
1974-03-11,1974.0,0.0,FraNchEstYN
1974-03-12,1974.0,0.0,FraNchEstYN
1974-03-13,1974.0,0.0,FraNchEstYN
1974-03-14,1974.0,0.0,FraNchEstYN
1974-03-15,1974.0,0.0,FraNchEstYN
1974-03-16,1974.0,0.0,FraNchEstYN
1974-03-17,1974.0,0.0,FraNchEstYN
1974-03-18,1974.0,0.0,FraNchEstYN
1974-03-19,1974.0,0.0,FraNchEstYN
1974-03-20,1974.0,0.0,FraNchEstYN
1974-03-21,1974.0,0.0,FraNchEstYN
1974-03-22,1974.0,0.0,FraNchEstYN
1974-03-23,1974.0,0.0,FraNchEstYN
1974-03-24,1974.0,0.0,FraNchEstYN
1974-03-25,1974.0,0.0,FraNchEstYN
1974-03-26,1974.0,0.0,FraNchEstYN
1974-03-27,1974.0,0.0,FraNchEstYN
1974-03-28,1974.0,0.0,FraNchEstYN
1974-03-29,1974.0,0.0,FraNchEstYN
1974-03-30,1974.0,0.0,FraNchEstYN
1974-03-31,1974.0,0.0,FraNchEstYN
1974-04-01,1974.0,0.0,FraNchEstYN
1974-04-02,1974.0,0.0,FraNchEstYN
1974-04-03,1974.0,0.0,FraNchEstYN
1974-04-04,1974.0,0.0,FraNchEstYN
1974-04-05,1974.0,0.0,FraNchEstYN
1974-04-06,1974.0,0.0,FraNchEstYN
1974-04-07,1974.0,0.0,FraNchEstYN
1974-04-08,1974.0,0.0,FraNchEstYN
1974-04-09,1974.0,0.0,FraNchEstYN
1974-04-10,1974.0,0.0,FraNchEstYN
1974-04-11,1974.0,0.0,FraNchEstYN
1974-04-12,1974.0,0.0,FraNchEstYN
1974-04-13,1974.0,0.0,FraNchEstYN
1974-04-14,1974.0,0.0,FraNchEstYN
1974-04-15,1974.0,0.0,FraNchEstYN
1974-04-16,1974.0,0.0,FraNchEstYN
1974-04-17,1974.0,0.0,FraNchEstYN
1974-04-18,1974.0,0.0,FraNchEstYN
1974-04-19,1974.0,0.0,FraNchEstYN
1974-04-20,1974.0,0.0,FraNchEstYN
1974-04-21,1974.0,0.0,FraNchEstYN
1974-04-22,1974.0,0.01628338,FraNchEstYN
1974-04-23,1974.0,0.01628338,FraNchEstYN
1974-04-24,1974.0,0.01628338,FraNchEstYN
1974-04-25,1974.0,0.01628338,FraNchEstYN
1974-04-26,1974.0,0.050234713,FraNchEstYN
1974-04-27,1974.0,0.050234713,FraNchEstYN
1974-04-28,1974.0,0.07469176,FraNchEstYN
1974-04-29,1974.0,0.11626916,FraNchEstYN
1974-04-30,1974.0,0.11626916,FraNchEstYN
1974-05-01,1974.0,0.11626916,FraNchEstYN
1974-05-02,1974.0,0.14994973,FraNchEstYN
1974-05-03,1974.0,0.14994973,FraNchEstYN
1974-05-04,1974.0,0.14994973,FraNchEstYN
1974-05-05,1974.0,0.14994973,FraNchEstYN
1974-05-06,1974.0,0.17393604,FraNchEstYN
1974-05-07,1974.0,0.17393604,FraNchEstYN
1974-05-08,1974.0,0.17393604,FraNchEstYN
1974-05-09,1974.0,0.17393604,FraNchEstYN
1974-05-10,1974.0,0.17393604,FraNchEstYN
1974-05-11,1974.0,0.2195961,FraNchEstYN
1974-05-12,1974.0,0.262737,FraNchEstYN
1974-05-13,1974.0,0.262737,FraNchEstYN
1974-05-14,1974.0,0.262737,FraNchEstYN
1974-05-15,1974.0,0.262737,FraNchEstYN
1974-05-16,1974.0,0.3045183,FraNchEstYN
1974-05-17,1974.0,0.34174198,FraNchEstYN
1974-05-18,1974.0,0.34174198,FraNchEstYN
1974-05-19,1974.0,0.34174198,FraNchEstYN
1974-05-20,1974.0,0.38364175,FraNchEstYN
1974-05-21,1974.0,0.42327654,FraNchEstYN
1974-05-22,1974.0,0.45494565,FraNchEstYN
1974-05-23,1974.0,0.45494565,FraNchEstYN
1974-05-24,1974.0,0.4733643,FraNchEstYN
1974-05-25,1974.0,0.4733643,FraNchEstYN
1974-05-26,1974.0,0.4733643,FraNchEstYN
1974-05-27,1974.0,0.4881672,FraNchEstYN
1974-05-28,1974.0,0.4881672,FraNchEstYN
1974-05-29,1974.0,0.5331977,FraNchEstYN
1974-05-30,1974.0,0.5331977,FraNchEstYN
1974-05-31,1974.0,0.5777889,FraNchEstYN
1974-06-01,1974.0,0.5777889,FraNchEstYN
1974-06-02,1974.0,0.6025193,FraNchEstYN
1974-06-03,1974.0,0.6025193,FraNchEstYN
1974-06-04,1974.0,0.61767286,FraNchEstYN
1974-06-05,1974.0,0.6355217,FraNchEstYN
1974-06-06,1974.0,0.63679534,FraNchEstYN
1974-06-07,1974.0,0.65052617,FraNchEstYN
1974-06-08,1974.0,0.6516884,FraNchEstYN
1974-06-09,1974.0,0.6531985,FraNchEstYN
1974-06-10,1974.0,0.6531985,FraNchEstYN
1974-06-11,1974.0,0.6531985,FraNchEstYN
1974-06-12,1974.0,0.6585011,FraNchEstYN
1974-06-13,1974.0,0.6633395,FraNchEstYN
1974-06-14,1974.0,0.66489995,FraNchEstYN
1974-06-15,1974.0,0.6687391,FraNchEstYN
1974-06-16,1974.0,0.6687391,FraNchEstYN
1974-06-17,1974.0,0.6687391,FraNchEstYN
1974-06-18,1974.0,0.6687391,FraNchEstYN
1974-06-19,1974.0,0.6687391,FraNchEstYN
1974-06-20,1974.0,0.6687391,FraNchEstYN
1974-06-21,1974.0,0.66958886,FraNchEstYN
1974-06-22,1974.0,0.6703794,FraNchEstYN
1974-06-23,1974.0,0.67073274,FraNchEstYN
1974-06-24,1974.0,0.67073274,FraNchEstYN
1974-06-25,1974.0,0.67073274,FraNchEstYN
1974-06-26,1974.0,0.67073274,FraNchEstYN
1974-06-27,1974.0,0.67073274,FraNchEstYN
1974-06-28,1974.0,0.67073274,FraNchEstYN
1974-06-29,1974.0,0.6707328,FraNchEstYN
1974-06-30,1974.0,0.6707328,FraNchEstYN
1974-07-01,1974.0,0.67073274,FraNchEstYN
1974-07-02,1974.0,0.67073274,FraNchEstYN
1974-07-03,1974.0,0.67073274,FraNchEstYN
1974-07-04,1974.0,0.67073274,FraNchEstYN
1974-07-05,1974.0,0.67073274,FraNchEstYN
1974-07-06,1974.0,0.67073274,FraNchEstYN
1974-07-07,1974.0,0.6707328,FraNchEstYN
1974-10-02,1974.0,0.0,FraNchEstYN
1974-10-03,1974.0,0.0,FraNchEstYN
1974-10-04,1974.0,0.0,FraNchEstYN
1974-10-05,1974.0,0.0,FraNchEstYN
1974-10-06,1974.0,0.0,FraNchEstYN
1974-10-07,1974.0,0.0,FraNchEstYN
1974-10-08,1974.0,0.0,FraNchEstYN
1974-10-09,1974.0,0.0,FraNchEstYN
1974-10-10,1974.0,0.0,FraNchEstYN
1974-10-11,1974.0,0.0,FraNchEstYN
1974-10-12,1974.0,0.0,FraNchEstYN
1974-10-13,1974.0,0.0,FraNchEstYN
1974-10-14,1974.0,0.0,FraNchEstYN
1974-10-15,1974.0,0.0,FraNchEstYN
1974-10-16,1974.0,0.0,FraNchEstYN
1974-10-17,1974.0,0.0,FraNchEstYN
1974-10-18,1974.0,0.0,FraNchEstYN
1974-10-19,1974.0,0.0,FraNchEstYN
1974-10-20,1974.0,0.0,FraNchEstYN
1974-10-21,1974.0,0.0,FraNchEstYN
1974-10-22,1974.0,0.0,FraNchEstYN
1974-10-23,1974.0,0.0,FraNchEstYN
1974-10-24,1974.0,0.0,FraNchEstYN
1974-10-25,1974.0,0.0,FraNchEstYN
1974-10-26,1974.0,0.0,FraNchEstYN
1974-10-27,1974.0,0.0,FraNchEstYN
1974-10-28,1974.0,0.0,FraNchEstYN
1974-10-29,1974.0,0.0,FraNchEstYN
1974-10-30,1974.0,0.0,FraNchEstYN
1974-10-31,1974.0,0.0,FraNchEstYN
1974-11-01,1974.0,0.0,FraNchEstYN
1974-11-02,1974.0,0.0,FraNchEstYN
1974-11-03,1974.0,0.0,FraNchEstYN
1974-11-04,1974.0,0.0,FraNchEstYN
1974-11-05,1974.0,0.0,FraNchEstYN
1974-11-06,1974.0,0.0,FraNchEstYN
1974-11-07,1974.0,0.0,FraNchEstYN
1974-11-08,1974.0,0.0,FraNchEstYN
1974-11-09,1974.0,0.0,FraNchEstYN
1974-11-10,1974.0,0.0,FraNchEstYN
1974-11-11,1974.0,0.0,FraNchEstYN
1974-11-12,1974.0,0.0,FraNchEstYN
1974-11-13,1974.0,0.0,FraNchEstYN
1974-11-14,1974.0,0.0,FraNchEstYN
1974-11-15,1974.0,0.0,FraNchEstYN
1974-11-16,1974.0,0.0,FraNchEstYN
1974-11-17,1974.0,0.0,FraNchEstYN
1974-11-18,1974.0,0.0,FraNchEstYN
1974-11-19,1974.0,0.0,FraNchEstYN
1974-11-20,1974.0,0.0,FraNchEstYN
1974-11-21,1974.0,0.0,FraNchEstYN
1974-11-22,1974.0,0.0,FraNchEstYN
1974-11-23,1974.0,0.0,FraNchEstYN
1974-11-24,1974.0,0.0,FraNchEstYN
1974-11-25,1974.0,0.0,FraNchEstYN
1974-11-26,1974.0,0.0,FraNchEstYN
1974-11-27,1974.0,0.0,FraNchEstYN
1974-11-28,1974.0,0.0,FraNchEstYN
1974-11-29,1974.0,0.0,FraNchEstYN
1974-11-30,1974.0,0.0,FraNchEstYN
1974-12-01,1974.0,0.0,FraNchEstYN
1974-12-02,1974.0,0.0,FraNchEstYN
1974-12-03,1974.0,0.0,FraNchEstYN
1974-12-04,1974.0,0.0,FraNchEstYN
1974-12-05,1974.0,0.0,FraNchEstYN
1974-12-06,1974.0,0.0,FraNchEstYN
1974-12-07,1974.0,0.0,FraNchEstYN
1974-12-08,1974.0,0.0,FraNchEstYN
1974-12-09,1974.0,0.0,FraNchEstYN
1974-12-10,1974.0,0.0,FraNchEstYN
1974-12-11,1974.0,0.0,FraNchEstYN
1974-12-12,1974.0,0.0,FraNchEstYN
1974-12-13,1974.0,0.0,FraNchEstYN
1974-12-14,1974.0,0.0,FraNchEstYN
1974-12-15,1974.0,0.0,FraNchEstYN
1974-12-16,1974.0,0.0,FraNchEstYN
1974-12-17,1974.0,0.0,FraNchEstYN
1974-12-18,1974.0,0.0,FraNchEstYN
1974-12-19,1974.0,0.0,FraNchEstYN
1974-12-20,1974.0,0.0,FraNchEstYN
1974-12-21,1974.0,0.0,FraNchEstYN
1974-12-22,1974.0,0.0,FraNchEstYN
1974-12-23,1974.0,0.0,FraNchEstYN
1974-12-24,1974.0,0.0,FraNchEstYN
1974-12-25,1974.0,0.0,FraNchEstYN
1974-12-26,1974.0,0.0,FraNchEstYN
1974-12-27,1974.0,0.0,FraNchEstYN
1974-12-28,1974.0,0.0,FraNchEstYN
1974-12-29,1974.0,0.0,FraNchEstYN
1974-12-30,1974.0,0.0,FraNchEstYN
1974-12-31,1974.0,0.0,FraNchEstYN
1975-01-01,1975.0,0.0,FraNchEstYN
1975-01-02,1975.0,0.0,FraNchEstYN
1975-01-03,1975.0,0.0,FraNchEstYN
1975-01-04,1975.0,0.0,FraNchEstYN
1975-01-05,1975.0,0.0,FraNchEstYN
1975-01-06,1975.0,0.0,FraNchEstYN
1975-01-07,1975.0,0.0,FraNchEstYN
1975-01-08,1975.0,0.0,FraNchEstYN
1975-01-09,1975.0,0.0,FraNchEstYN
1975-01-10,1975.0,0.0,FraNchEstYN
1975-01-11,1975.0,0.0,FraNchEstYN
1975-01-12,1975.0,0.0,FraNchEstYN
1975-01-13,1975.0,0.0,FraNchEstYN
1975-01-14,1975.0,0.0,FraNchEstYN
1975-01-15,1975.0,0.0,FraNchEstYN
1975-01-16,1975.0,0.0,FraNchEstYN
1975-01-17,1975.0,0.0,FraNchEstYN
1975-01-18,1975.0,0.0,FraNchEstYN
1975-01-19,1975.0,0.0,FraNchEstYN
1975-01-20,1975.0,0.0,FraNchEstYN
1975-01-21,1975.0,0.0,FraNchEstYN
1975-01-22,1975.0,0.0,FraNchEstYN
1975-01-23,1975.0,0.0,FraNchEstYN
1975-01-24,1975.0,0.0,FraNchEstYN
1975-01-25,1975.0,0.0,FraNchEstYN
1975-01-26,1975.0,0.0,FraNchEstYN
1975-01-27,1975.0,0.0,FraNchEstYN
1975-01-28,1975.0,0.0,FraNchEstYN
1975-01-29,1975.0,0.0,FraNchEstYN
1975-01-30,1975.0,0.0,FraNchEstYN
1975-01-31,1975.0,0.0,FraNchEstYN
1975-02-01,1975.0,0.0,FraNchEstYN
1975-02-02,1975.0,0.0,FraNchEstYN
1975-02-03,1975.0,0.0,FraNchEstYN
1975-02-04,1975.0,0.0,FraNchEstYN
1975-02-05,1975.0,0.0,FraNchEstYN
1975-02-06,1975.0,0.0,FraNchEstYN
1975-02-07,1975.0,0.0,FraNchEstYN
1975-02-08,1975.0,0.0,FraNchEstYN
1975-02-09,1975.0,0.0,FraNchEstYN
1975-02-10,1975.0,0.0,FraNchEstYN
1975-02-11,1975.0,0.0,FraNchEstYN
1975-02-12,1975.0,0.0,FraNchEstYN
1975-02-13,1975.0,0.0,FraNchEstYN
1975-02-14,1975.0,0.0,FraNchEstYN
1975-02-15,1975.0,0.0,FraNchEstYN
1975-02-16,1975.0,0.0,FraNchEstYN
1975-02-17,1975.0,0.0,FraNchEstYN
1975-02-18,1975.0,0.0,FraNchEstYN
1975-02-19,1975.0,0.0,FraNchEstYN
1975-02-20,1975.0,0.0,FraNchEstYN
1975-02-21,1975.0,0.0,FraNchEstYN
1975-02-22,1975.0,0.0,FraNchEstYN
1975-02-23,1975.0,0.0,FraNchEstYN
1975-02-24,1975.0,0.0,FraNchEstYN
1975-02-25,1975.0,0.0,FraNchEstYN
1975-02-26,1975.0,0.0,FraNchEstYN
1975-02-27,1975.0,0.0,FraNchEstYN
1975-02-28,1975.0,0.0,FraNchEstYN
1975-03-01,1975.0,0.0,FraNchEstYN
1975-03-02,1975.0,0.0,FraNchEstYN
1975-03-03,1975.0,0.0,FraNchEstYN
1975-03-04,1975.0,0.0,FraNchEstYN
1975-03-05,1975.0,0.0,FraNchEstYN
1975-03-06,1975.0,0.0,FraNchEstYN
1975-03-07,1975.0,0.0,FraNchEstYN
1975-03-08,1975.0,0.0,FraNchEstYN
1975-03-09,1975.0,0.0,FraNchEstYN
1975-03-10,1975.0,0.0,FraNchEstYN
1975-03-11,1975.0,0.0,FraNchEstYN
1975-03-12,1975.0,0.0,FraNchEstYN
1975-03-13,1975.0,0.0,FraNchEstYN
1975-03-14,1975.0,0.0,FraNchEstYN
1975-03-15,1975.0,0.0,FraNchEstYN
1975-03-16,1975.0,0.0,FraNchEstYN
1975-03-17,1975.0,0.0,FraNchEstYN
1975-03-18,1975.0,0.0,FraNchEstYN
1975-03-19,1975.0,0.0,FraNchEstYN
1975-03-20,1975.0,0.0,FraNchEstYN
1975-03-21,1975.0,0.0,FraNchEstYN
1975-03-22,1975.0,0.0,FraNchEstYN
1975-03-23,1975.0,0.0,FraNchEstYN
1975-03-24,1975.0,0.0,FraNchEstYN
1975-03-25,1975.0,0.0,FraNchEstYN
1975-03-26,1975.0,0.0,FraNchEstYN
1975-03-27,1975.0,0.0,FraNchEstYN
1975-03-28,1975.0,0.0,FraNchEstYN
1975-03-29,1975.0,0.0,FraNchEstYN
1975-03-30,1975.0,0.0,FraNchEstYN
1975-03-31,1975.0,0.0,FraNchEstYN
1975-04-01,1975.0,0.0,FraNchEstYN
1975-04-02,1975.0,0.0,FraNchEstYN
1975-04-03,1975.0,0.0,FraNchEstYN
1975-04-04,1975.0,0.0,FraNchEstYN
1975-04-05,1975.0,0.0,FraNchEstYN
1975-04-06,1975.0,0.0,FraNchEstYN
1975-04-07,1975.0,0.0,FraNchEstYN
1975-04-08,1975.0,0.0,FraNchEstYN
1975-04-09,1975.0,0.0,FraNchEstYN
1975-04-10,1975.0,0.0,FraNchEstYN
1975-04-11,1975.0,0.0,FraNchEstYN
1975-04-12,1975.0,0.0,FraNchEstYN
1975-04-13,1975.0,0.0,FraNchEstYN
1975-04-14,1975.0,0.0,FraNchEstYN
1975-04-15,1975.0,0.0,FraNchEstYN
1975-04-16,1975.0,0.0,FraNchEstYN
1975-04-17,1975.0,0.0,FraNchEstYN
1975-04-18,1975.0,0.0,FraNchEstYN
1975-04-19,1975.0,0.0,FraNchEstYN
1975-04-20,1975.0,0.0,FraNchEstYN
1975-04-21,1975.0,0.0,FraNchEstYN
1975-04-22,1975.0,0.0,FraNchEstYN
1975-04-23,1975.0,0.0,FraNchEstYN
1975-04-24,1975.0,0.0,FraNchEstYN
1975-04-25,1975.0,0.0,FraNchEstYN
1975-04-26,1975.0,0.0,FraNchEstYN
1975-04-27,1975.0,0.0,FraNchEstYN
1975-04-28,1975.0,0.0,FraNchEstYN
1975-04-29,1975.0,0.0,FraNchEstYN
1975-04-30,1975.0,0.0,FraNchEstYN
1975-05-01,1975.0,0.0,FraNchEstYN
1975-05-02,1975.0,0.0,FraNchEstYN
1975-05-03,1975.0,0.0,FraNchEstYN
1975-05-04,1975.0,0.0,FraNchEstYN
1975-05-05,1975.0,0.0,FraNchEstYN
1975-05-06,1975.0,0.0,FraNchEstYN
1975-05-07,1975.0,0.0,FraNchEstYN
1975-05-08,1975.0,0.0,FraNchEstYN
1975-05-09,1975.0,0.0,FraNchEstYN
1975-05-10,1975.0,0.0,FraNchEstYN
1975-05-11,1975.0,0.0,FraNchEstYN
1975-05-12,1975.0,0.0,FraNchEstYN
1975-05-13,1975.0,0.0,FraNchEstYN
1975-05-14,1975.0,0.0,FraNchEstYN
1975-05-15,1975.0,0.0,FraNchEstYN
1975-05-16,1975.0,0.0,FraNchEstYN
1975-05-17,1975.0,0.0,FraNchEstYN
1975-05-18,1975.0,0.0,FraNchEstYN
1975-05-19,1975.0,0.0,FraNchEstYN
1975-05-20,1975.0,0.016967567,FraNchEstYN
1975-05-21,1975.0,0.016967567,FraNchEstYN
1975-05-22,1975.0,0.03957007,FraNchEstYN
1975-05-23,1975.0,0.03957007,FraNchEstYN
1975-05-24,1975.0,0.03957007,FraNchEstYN
1975-05-25,1975.0,0.03957007,FraNchEstYN
1975-05-26,1975.0,0.03957007,FraNchEstYN
1975-05-27,1975.0,0.03957007,FraNchEstYN
1975-05-28,1975.0,0.03957007,FraNchEstYN
1975-05-29,1975.0,0.084415525,FraNchEstYN
1975-05-30,1975.0,0.084415525,FraNchEstYN
1975-05-31,1975.0,0.104381084,FraNchEstYN
1975-06-01,1975.0,0.104381084,FraNchEstYN
1975-06-02,1975.0,0.104381084,FraNchEstYN
1975-06-03,1975.0,0.104381084,FraNchEstYN
1975-06-04,1975.0,0.104381084,FraNchEstYN
1975-06-05,1975.0,0.13553861,FraNchEstYN
1975-06-06,1975.0,0.18589711,FraNchEstYN
1975-06-07,1975.0,0.18589711,FraNchEstYN
1975-06-08,1975.0,0.18589711,FraNchEstYN
1975-06-09,1975.0,0.18589711,FraNchEstYN
1975-06-10,1975.0,0.2317636,FraNchEstYN
1975-06-11,1975.0,0.25474632,FraNchEstYN
1975-06-12,1975.0,0.2750562,FraNchEstYN
1975-06-13,1975.0,0.2750562,FraNchEstYN
1975-06-14,1975.0,0.2753661,FraNchEstYN
1975-06-15,1975.0,0.32002023,FraNchEstYN
1975-06-16,1975.0,0.35974196,FraNchEstYN
1975-06-17,1975.0,0.36111498,FraNchEstYN
1975-06-18,1975.0,0.36179784,FraNchEstYN
1975-06-19,1975.0,0.36179784,FraNchEstYN
1975-06-20,1975.0,0.36179784,FraNchEstYN
1975-06-21,1975.0,0.3963229,FraNchEstYN
1975-06-22,1975.0,0.40977764,FraNchEstYN
1975-06-23,1975.0,0.40977764,FraNchEstYN
1975-06-24,1975.0,0.40977764,FraNchEstYN
1975-06-25,1975.0,0.40977764,FraNchEstYN
1975-06-26,1975.0,0.44061065,FraNchEstYN
1975-06-27,1975.0,0.4501368,FraNchEstYN
1975-06-28,1975.0,0.45154786,FraNchEstYN
1975-06-29,1975.0,0.45154786,FraNchEstYN
1975-06-30,1975.0,0.46024597,FraNchEstYN
1975-07-01,1975.0,0.4785522,FraNchEstYN
1975-07-02,1975.0,0.4785522,FraNchEstYN
1975-07-03,1975.0,0.49157158,FraNchEstYN
1975-07-04,1975.0,0.49157158,FraNchEstYN
1975-07-05,1975.0,0.49218014,FraNchEstYN
1975-07-06,1975.0,0.49218014,FraNchEstYN
1975-07-07,1975.0,0.49218014,FraNchEstYN
1975-07-08,1975.0,0.49643788,FraNchEstYN
1975-07-09,1975.0,0.49890268,FraNchEstYN
1975-07-10,1975.0,0.5029881,FraNchEstYN
1975-07-11,1975.0,0.5066207,FraNchEstYN
1975-07-12,1975.0,0.5066287,FraNchEstYN
1975-07-13,1975.0,0.5066287,FraNchEstYN
1975-07-14,1975.0,0.5066314,FraNchEstYN
1975-07-15,1975.0,0.5066314,FraNchEstYN
1975-07-16,1975.0,0.5066314,FraNchEstYN
1975-07-17,1975.0,0.5066314,FraNchEstYN
1975-07-18,1975.0,0.5066314,FraNchEstYN
1975-07-19,1975.0,0.50762904,FraNchEstYN
1975-07-20,1975.0,0.50762904,FraNchEstYN
1975-07-21,1975.0,0.50808215,FraNchEstYN
1975-07-22,1975.0,0.5081827,FraNchEstYN
1975-07-23,1975.0,0.5081827,FraNchEstYN
1975-07-24,1975.0,0.5081827,FraNchEstYN
1975-10-03,1975.0,0.0,FraNchEstYN
1975-10-04,1975.0,0.0,FraNchEstYN
1975-10-05,1975.0,0.0,FraNchEstYN
1975-10-06,1975.0,0.0,FraNchEstYN
1975-10-07,1975.0,0.0,FraNchEstYN
1975-10-08,1975.0,0.0,FraNchEstYN
1975-10-09,1975.0,0.0,FraNchEstYN
1975-10-10,1975.0,0.0,FraNchEstYN
1975-10-11,1975.0,0.0,FraNchEstYN
1975-10-12,1975.0,0.0,FraNchEstYN
1975-10-13,1975.0,0.0,FraNchEstYN
1975-10-14,1975.0,0.0,FraNchEstYN
1975-10-15,1975.0,0.0,FraNchEstYN
1975-10-16,1975.0,0.0,FraNchEstYN
1975-10-17,1975.0,0.0,FraNchEstYN
1975-10-18,1975.0,0.0,FraNchEstYN
1975-10-19,1975.0,0.0,FraNchEstYN
1975-10-20,1975.0,0.0,FraNchEstYN
1975-10-21,1975.0,0.0,FraNchEstYN
1975-10-22,1975.0,0.0,FraNchEstYN
1975-10-23,1975.0,0.0,FraNchEstYN
1975-10-24,1975.0,0.0,FraNchEstYN
1975-10-25,1975.0,0.0,FraNchEstYN
1975-10-26,1975.0,0.0,FraNchEstYN
1975-10-27,1975.0,0.0,FraNchEstYN
1975-10-28,1975.0,0.0,FraNchEstYN
1975-10-29,1975.0,0.0,FraNchEstYN
1975-10-30,1975.0,0.0,FraNchEstYN
1975-10-31,1975.0,0.0,FraNchEstYN
1975-11-01,1975.0,0.0,FraNchEstYN
1975-11-02,1975.0,0.0,FraNchEstYN
1975-11-03,1975.0,0.0,FraNchEstYN
1975-11-04,1975.0,0.0,FraNchEstYN
1975-11-05,1975.0,0.0,FraNchEstYN
1975-11-06,1975.0,0.0,FraNchEstYN
1975-11-07,1975.0,0.0,FraNchEstYN
1975-11-08,1975.0,0.0,FraNchEstYN
1975-11-09,1975.0,0.0,FraNchEstYN
1975-11-10,1975.0,0.0,FraNchEstYN
1975-11-11,1975.0,0.0,FraNchEstYN
1975-11-12,1975.0,0.0,FraNchEstYN
1975-11-13,1975.0,0.0,FraNchEstYN
1975-11-14,1975.0,0.0,FraNchEstYN
1975-11-15,1975.0,0.0,FraNchEstYN
1975-11-16,1975.0,0.0,FraNchEstYN
1975-11-17,1975.0,0.0,FraNchEstYN
1975-11-18,1975.0,0.0,FraNchEstYN
1975-11-19,1975.0,0.0,FraNchEstYN
1975-11-20,1975.0,0.0,FraNchEstYN
1975-11-21,1975.0,0.0,FraNchEstYN
1975-11-22,1975.0,0.0,FraNchEstYN
1975-11-23,1975.0,0.0,FraNchEstYN
1975-11-24,1975.0,0.0,FraNchEstYN
1975-11-25,1975.0,0.0,FraNchEstYN
1975-11-26,1975.0,0.0,FraNchEstYN
1975-11-27,1975.0,0.0,FraNchEstYN
1975-11-28,1975.0,0.0,FraNchEstYN
1975-11-29,1975.0,0.0,FraNchEstYN
1975-11-30,1975.0,0.0,FraNchEstYN
1975-12-01,1975.0,0.0,FraNchEstYN
1975-12-02,1975.0,0.0,FraNchEstYN
1975-12-03,1975.0,0.0,FraNchEstYN
1975-12-04,1975.0,0.0,FraNchEstYN
1975-12-05,1975.0,0.0,FraNchEstYN
1975-12-06,1975.0,0.0,FraNchEstYN
1975-12-07,1975.0,0.0,FraNchEstYN
1975-12-08,1975.0,0.0,FraNchEstYN
1975-12-09,1975.0,0.0,FraNchEstYN
1975-12-10,1975.0,0.0,FraNchEstYN
1975-12-11,1975.0,0.0,FraNchEstYN
1975-12-12,1975.0,0.0,FraNchEstYN
1975-12-13,1975.0,0.0,FraNchEstYN
1975-12-14,1975.0,0.0,FraNchEstYN
1975-12-15,1975.0,0.0,FraNchEstYN
1975-12-16,1975.0,0.0,FraNchEstYN
1975-12-17,1975.0,0.0,FraNchEstYN
1975-12-18,1975.0,0.0,FraNchEstYN
1975-12-19,1975.0,0.0,FraNchEstYN
1975-12-20,1975.0,0.0,FraNchEstYN
1975-12-21,1975.0,0.0,FraNchEstYN
1975-12-22,1975.0,0.0,FraNchEstYN
1975-12-23,1975.0,0.0,FraNchEstYN
1975-12-24,1975.0,0.0,FraNchEstYN
1975-12-25,1975.0,0.0,FraNchEstYN
1975-12-26,1975.0,0.0,FraNchEstYN
1975-12-27,1975.0,0.0,FraNchEstYN
1975-12-28,1975.0,0.0,FraNchEstYN
1975-12-29,1975.0,0.0,FraNchEstYN
1975-12-30,1975.0,0.0,FraNchEstYN
1975-12-31,1975.0,0.0,FraNchEstYN
1976-01-01,1976.0,0.0,FraNchEstYN
1976-01-02,1976.0,0.0,FraNchEstYN
1976-01-03,1976.0,0.0,FraNchEstYN
1976-01-04,1976.0,0.0,FraNchEstYN
1976-01-05,1976.0,0.0,FraNchEstYN
1976-01-06,1976.0,0.0,FraNchEstYN
1976-01-07,1976.0,0.0,FraNchEstYN
1976-01-08,1976.0,0.0,FraNchEstYN
1976-01-09,1976.0,0.0,FraNchEstYN
1976-01-10,1976.0,0.0,FraNchEstYN
1976-01-11,1976.0,0.0,FraNchEstYN
1976-01-12,1976.0,0.0,FraNchEstYN
1976-01-13,1976.0,0.0,FraNchEstYN
1976-01-14,1976.0,0.0,FraNchEstYN
1976-01-15,1976.0,0.0,FraNchEstYN
1976-01-16,1976.0,0.0,FraNchEstYN
1976-01-17,1976.0,0.0,FraNchEstYN
1976-01-18,1976.0,0.0,FraNchEstYN
1976-01-19,1976.0,0.0,FraNchEstYN
1976-01-20,1976.0,0.0,FraNchEstYN
1976-01-21,1976.0,0.0,FraNchEstYN
1976-01-22,1976.0,0.0,FraNchEstYN
1976-01-23,1976.0,0.0,FraNchEstYN
1976-01-24,1976.0,0.0,FraNchEstYN
1976-01-25,1976.0,0.0,FraNchEstYN
1976-01-26,1976.0,0.0,FraNchEstYN
1976-01-27,1976.0,0.0,FraNchEstYN
1976-01-28,1976.0,0.0,FraNchEstYN
1976-01-29,1976.0,0.0,FraNchEstYN
1976-01-30,1976.0,0.0,FraNchEstYN
1976-01-31,1976.0,0.0,FraNchEstYN
1976-02-01,1976.0,0.0,FraNchEstYN
1976-02-02,1976.0,0.0,FraNchEstYN
1976-02-03,1976.0,0.0,FraNchEstYN
1976-02-04,1976.0,0.0,FraNchEstYN
1976-02-05,1976.0,0.0,FraNchEstYN
1976-02-06,1976.0,0.0,FraNchEstYN
1976-02-07,1976.0,0.0,FraNchEstYN
1976-02-08,1976.0,0.0,FraNchEstYN
1976-02-09,1976.0,0.0,FraNchEstYN
1976-02-10,1976.0,0.0,FraNchEstYN
1976-02-11,1976.0,0.0,FraNchEstYN
1976-02-12,1976.0,0.0,FraNchEstYN
1976-02-13,1976.0,0.0,FraNchEstYN
1976-02-14,1976.0,0.0,FraNchEstYN
1976-02-15,1976.0,0.0,FraNchEstYN
1976-02-16,1976.0,0.0,FraNchEstYN
1976-02-17,1976.0,0.0,FraNchEstYN
1976-02-18,1976.0,0.0,FraNchEstYN
1976-02-19,1976.0,0.0,FraNchEstYN
1976-02-20,1976.0,0.0,FraNchEstYN
1976-02-21,1976.0,0.0,FraNchEstYN
1976-02-22,1976.0,0.0,FraNchEstYN
1976-02-23,1976.0,0.0,FraNchEstYN
1976-02-24,1976.0,0.0,FraNchEstYN
1976-02-25,1976.0,0.0,FraNchEstYN
1976-02-26,1976.0,0.0,FraNchEstYN
1976-02-27,1976.0,0.0,FraNchEstYN
1976-02-28,1976.0,0.0,FraNchEstYN
1976-02-29,1976.0,0.0,FraNchEstYN
1976-03-01,1976.0,0.0,FraNchEstYN
1976-03-02,1976.0,0.0,FraNchEstYN
1976-03-03,1976.0,0.0,FraNchEstYN
1976-03-04,1976.0,0.0,FraNchEstYN
1976-03-05,1976.0,0.0,FraNchEstYN
1976-03-06,1976.0,0.0,FraNchEstYN
1976-03-07,1976.0,0.0,FraNchEstYN
1976-03-08,1976.0,0.0,FraNchEstYN
1976-03-09,1976.0,0.0,FraNchEstYN
1976-03-10,1976.0,0.0,FraNchEstYN
1976-03-11,1976.0,0.0,FraNchEstYN
1976-03-12,1976.0,0.0,FraNchEstYN
1976-03-13,1976.0,0.0,FraNchEstYN
1976-03-14,1976.0,0.0,FraNchEstYN
1976-03-15,1976.0,0.0,FraNchEstYN
1976-03-16,1976.0,0.0,FraNchEstYN
1976-03-17,1976.0,0.0,FraNchEstYN
1976-03-18,1976.0,0.0,FraNchEstYN
1976-03-19,1976.0,0.0,FraNchEstYN
1976-03-20,1976.0,0.0,FraNchEstYN
1976-03-21,1976.0,0.0,FraNchEstYN
1976-03-22,1976.0,0.0,FraNchEstYN
1976-03-23,1976.0,0.0,FraNchEstYN
1976-03-24,1976.0,0.0,FraNchEstYN
1976-03-25,1976.0,0.0,FraNchEstYN
1976-03-26,1976.0,0.0,FraNchEstYN
1976-03-27,1976.0,0.0,FraNchEstYN
1976-03-28,1976.0,0.0,FraNchEstYN
1976-03-29,1976.0,0.0,FraNchEstYN
1976-03-30,1976.0,0.0,FraNchEstYN
1976-03-31,1976.0,0.0,FraNchEstYN
1976-04-01,1976.0,0.0,FraNchEstYN
1976-04-02,1976.0,0.0,FraNchEstYN
1976-04-03,1976.0,0.0,FraNchEstYN
1976-04-04,1976.0,0.0,FraNchEstYN
1976-04-05,1976.0,0.0,FraNchEstYN
1976-04-06,1976.0,0.0,FraNchEstYN
1976-04-07,1976.0,0.0,FraNchEstYN
1976-04-08,1976.0,0.0,FraNchEstYN
1976-04-09,1976.0,0.0,FraNchEstYN
1976-04-10,1976.0,0.0,FraNchEstYN
1976-04-11,1976.0,0.0,FraNchEstYN
1976-04-12,1976.0,0.0,FraNchEstYN
1976-04-13,1976.0,0.0,FraNchEstYN
1976-04-14,1976.0,0.0,FraNchEstYN
1976-04-15,1976.0,0.0,FraNchEstYN
1976-04-16,1976.0,0.0,FraNchEstYN
1976-04-17,1976.0,0.0,FraNchEstYN
1976-04-18,1976.0,0.0,FraNchEstYN
1976-04-19,1976.0,0.029613633,FraNchEstYN
1976-04-20,1976.0,0.050062507,FraNchEstYN
1976-04-21,1976.0,0.083502665,FraNchEstYN
1976-04-22,1976.0,0.083502665,FraNchEstYN
1976-04-23,1976.0,0.121318415,FraNchEstYN
1976-04-24,1976.0,0.14280331,FraNchEstYN
1976-04-25,1976.0,0.14280331,FraNchEstYN
1976-04-26,1976.0,0.14280331,FraNchEstYN
1976-04-27,1976.0,0.14280331,FraNchEstYN
1976-04-28,1976.0,0.14280331,FraNchEstYN
1976-04-29,1976.0,0.14280331,FraNchEstYN
1976-04-30,1976.0,0.14280331,FraNchEstYN
1976-05-01,1976.0,0.16738236,FraNchEstYN
1976-05-02,1976.0,0.16738236,FraNchEstYN
1976-05-03,1976.0,0.16738236,FraNchEstYN
1976-05-04,1976.0,0.16738236,FraNchEstYN
1976-05-05,1976.0,0.16738236,FraNchEstYN
1976-05-06,1976.0,0.16738236,FraNchEstYN
1976-05-07,1976.0,0.16738236,FraNchEstYN
1976-05-08,1976.0,0.16738236,FraNchEstYN
1976-05-09,1976.0,0.16738236,FraNchEstYN
1976-05-10,1976.0,0.16738236,FraNchEstYN
1976-05-11,1976.0,0.18765923,FraNchEstYN
1976-05-12,1976.0,0.18765923,FraNchEstYN
1976-05-13,1976.0,0.2135888,FraNchEstYN
1976-05-14,1976.0,0.23642047,FraNchEstYN
1976-05-15,1976.0,0.2531522,FraNchEstYN
1976-05-16,1976.0,0.2531522,FraNchEstYN
1976-05-17,1976.0,0.28837934,FraNchEstYN
1976-05-18,1976.0,0.28837934,FraNchEstYN
1976-05-19,1976.0,0.33002773,FraNchEstYN
1976-05-20,1976.0,0.33002773,FraNchEstYN
1976-05-21,1976.0,0.3302602,FraNchEstYN
1976-05-22,1976.0,0.3495714,FraNchEstYN
1976-05-23,1976.0,0.3495714,FraNchEstYN
1976-05-24,1976.0,0.36829332,FraNchEstYN
1976-05-25,1976.0,0.36829332,FraNchEstYN
1976-05-26,1976.0,0.36898988,FraNchEstYN
1976-05-27,1976.0,0.36898988,FraNchEstYN
1976-05-28,1976.0,0.3947186,FraNchEstYN
1976-05-29,1976.0,0.3947186,FraNchEstYN
1976-05-30,1976.0,0.3947186,FraNchEstYN
1976-05-31,1976.0,0.3947186,FraNchEstYN
1976-06-01,1976.0,0.4205825,FraNchEstYN
1976-06-02,1976.0,0.45223236,FraNchEstYN
1976-06-03,1976.0,0.48375663,FraNchEstYN
1976-06-04,1976.0,0.4944618,FraNchEstYN
1976-06-05,1976.0,0.5063152,FraNchEstYN
1976-06-06,1976.0,0.5063152,FraNchEstYN
1976-06-07,1976.0,0.51907754,FraNchEstYN
1976-06-08,1976.0,0.51907754,FraNchEstYN
1976-06-09,1976.0,0.51907754,FraNchEstYN
1976-06-10,1976.0,0.51907754,FraNchEstYN
1976-06-11,1976.0,0.51907754,FraNchEstYN
1976-06-12,1976.0,0.5274095,FraNchEstYN
1976-06-13,1976.0,0.52838826,FraNchEstYN
1976-06-14,1976.0,0.52838826,FraNchEstYN
1976-06-15,1976.0,0.5295078,FraNchEstYN
1976-06-16,1976.0,0.53595483,FraNchEstYN
1976-06-17,1976.0,0.53962123,FraNchEstYN
1976-06-18,1976.0,0.53977996,FraNchEstYN
1976-06-19,1976.0,0.53977996,FraNchEstYN
1976-06-20,1976.0,0.53977996,FraNchEstYN
1976-06-21,1976.0,0.53977996,FraNchEstYN
1976-06-22,1976.0,0.53977996,FraNchEstYN
1976-06-23,1976.0,0.53977996,FraNchEstYN
1976-06-24,1976.0,0.53977996,FraNchEstYN
1976-06-25,1976.0,0.53978,FraNchEstYN
1976-06-26,1976.0,0.53977996,FraNchEstYN
1976-06-27,1976.0,0.53977996,FraNchEstYN
1976-06-28,1976.0,0.53977996,FraNchEstYN
1976-06-29,1976.0,0.5401061,FraNchEstYN
1976-06-30,1976.0,0.5402274,FraNchEstYN
1976-07-01,1976.0,0.5403102,FraNchEstYN
1976-07-02,1976.0,0.5403102,FraNchEstYN
1976-07-03,1976.0,0.5403102,FraNchEstYN
1976-07-04,1976.0,0.5403102,FraNchEstYN
1976-07-05,1976.0,0.5403102,FraNchEstYN
1976-10-03,1976.0,0.0,FraNchEstYN
1976-10-04,1976.0,0.0,FraNchEstYN
1976-10-05,1976.0,0.0,FraNchEstYN
1976-10-06,1976.0,0.0,FraNchEstYN
1976-10-07,1976.0,0.0,FraNchEstYN
1976-10-08,1976.0,0.0,FraNchEstYN
1976-10-09,1976.0,0.0,FraNchEstYN
1976-10-10,1976.0,0.0,FraNchEstYN
1976-10-11,1976.0,0.0,FraNchEstYN
1976-10-12,1976.0,0.0,FraNchEstYN
1976-10-13,1976.0,0.0,FraNchEstYN
1976-10-14,1976.0,0.0,FraNchEstYN
1976-10-15,1976.0,0.0,FraNchEstYN
1976-10-16,1976.0,0.0,FraNchEstYN
1976-10-17,1976.0,0.0,FraNchEstYN
1976-10-18,1976.0,0.0,FraNchEstYN
1976-10-19,1976.0,0.0,FraNchEstYN
1976-10-20,1976.0,0.0,FraNchEstYN
1976-10-21,1976.0,0.0,FraNchEstYN
1976-10-22,1976.0,0.0,FraNchEstYN
1976-10-23,1976.0,0.0,FraNchEstYN
1976-10-24,1976.0,0.0,FraNchEstYN
1976-10-25,1976.0,0.0,FraNchEstYN
1976-10-26,1976.0,0.0,FraNchEstYN
1976-10-27,1976.0,0.0,FraNchEstYN
1976-10-28,1976.0,0.0,FraNchEstYN
1976-10-29,1976.0,0.0,FraNchEstYN
1976-10-30,1976.0,0.0,FraNchEstYN
1976-10-31,1976.0,0.0,FraNchEstYN
1976-11-01,1976.0,0.0,FraNchEstYN
1976-11-02,1976.0,0.0,FraNchEstYN
1976-11-03,1976.0,0.0,FraNchEstYN
1976-11-04,1976.0,0.0,FraNchEstYN
1976-11-05,1976.0,0.0,FraNchEstYN
1976-11-06,1976.0,0.0,FraNchEstYN
1976-11-07,1976.0,0.0,FraNchEstYN
1976-11-08,1976.0,0.0,FraNchEstYN
1976-11-09,1976.0,0.0,FraNchEstYN
1976-11-10,1976.0,0.0,FraNchEstYN
1976-11-11,1976.0,0.0,FraNchEstYN
1976-11-12,1976.0,0.0,FraNchEstYN
1976-11-13,1976.0,0.0,FraNchEstYN
1976-11-14,1976.0,0.0,FraNchEstYN
1976-11-15,1976.0,0.0,FraNchEstYN
1976-11-16,1976.0,0.0,FraNchEstYN
1976-11-17,1976.0,0.0,FraNchEstYN
1976-11-18,1976.0,0.0,FraNchEstYN
1976-11-19,1976.0,0.0,FraNchEstYN
1976-11-20,1976.0,0.0,FraNchEstYN
1976-11-21,1976.0,0.0,FraNchEstYN
1976-11-22,1976.0,0.0,FraNchEstYN
1976-11-23,1976.0,0.0,FraNchEstYN
1976-11-24,1976.0,0.0,FraNchEstYN
1976-11-25,1976.0,0.0,FraNchEstYN
1976-11-26,1976.0,0.0,FraNchEstYN
1976-11-27,1976.0,0.0,FraNchEstYN
1976-11-28,1976.0,0.0,FraNchEstYN
1976-11-29,1976.0,0.0,FraNchEstYN
1976-11-30,1976.0,0.0,FraNchEstYN
1976-12-01,1976.0,0.0,FraNchEstYN
1976-12-02,1976.0,0.0,FraNchEstYN
1976-12-03,1976.0,0.0,FraNchEstYN
1976-12-04,1976.0,0.0,FraNchEstYN
1976-12-05,1976.0,0.0,FraNchEstYN
1976-12-06,1976.0,0.0,FraNchEstYN
1976-12-07,1976.0,0.0,FraNchEstYN
1976-12-08,1976.0,0.0,FraNchEstYN
1976-12-09,1976.0,0.0,FraNchEstYN
1976-12-10,1976.0,0.0,FraNchEstYN
1976-12-11,1976.0,0.0,FraNchEstYN
1976-12-12,1976.0,0.0,FraNchEstYN
1976-12-13,1976.0,0.0,FraNchEstYN
1976-12-14,1976.0,0.0,FraNchEstYN
1976-12-15,1976.0,0.0,FraNchEstYN
1976-12-16,1976.0,0.0,FraNchEstYN
1976-12-17,1976.0,0.0,FraNchEstYN
1976-12-18,1976.0,0.0,FraNchEstYN
1976-12-19,1976.0,0.0,FraNchEstYN
1976-12-20,1976.0,0.0,FraNchEstYN
1976-12-21,1976.0,0.0,FraNchEstYN
1976-12-22,1976.0,0.0,FraNchEstYN
1976-12-23,1976.0,0.0,FraNchEstYN
1976-12-24,1976.0,0.0,FraNchEstYN
1976-12-25,1976.0,0.0,FraNchEstYN
1976-12-26,1976.0,0.0,FraNchEstYN
1976-12-27,1976.0,0.0,FraNchEstYN
1976-12-28,1976.0,0.0,FraNchEstYN
1976-12-29,1976.0,0.0,FraNchEstYN
1976-12-30,1976.0,0.0,FraNchEstYN
1976-12-31,1976.0,0.0,FraNchEstYN
1977-01-01,1977.0,0.0,FraNchEstYN
1977-01-02,1977.0,0.0,FraNchEstYN
1977-01-03,1977.0,0.0,FraNchEstYN
1977-01-04,1977.0,0.0,FraNchEstYN
1977-01-05,1977.0,0.0,FraNchEstYN
1977-01-06,1977.0,0.0,FraNchEstYN
1977-01-07,1977.0,0.0,FraNchEstYN
1977-01-08,1977.0,0.0,FraNchEstYN
1977-01-09,1977.0,0.0,FraNchEstYN
1977-01-10,1977.0,0.0,FraNchEstYN
1977-01-11,1977.0,0.0,FraNchEstYN
1977-01-12,1977.0,0.0,FraNchEstYN
1977-01-13,1977.0,0.0,FraNchEstYN
1977-01-14,1977.0,0.0,FraNchEstYN
1977-01-15,1977.0,0.0,FraNchEstYN
1977-01-16,1977.0,0.0,FraNchEstYN
1977-01-17,1977.0,0.0,FraNchEstYN
1977-01-18,1977.0,0.0,FraNchEstYN
1977-01-19,1977.0,0.0,FraNchEstYN
1977-01-20,1977.0,0.0,FraNchEstYN
1977-01-21,1977.0,0.0,FraNchEstYN
1977-01-22,1977.0,0.0,FraNchEstYN
1977-01-23,1977.0,0.0,FraNchEstYN
1977-01-24,1977.0,0.0,FraNchEstYN
1977-01-25,1977.0,0.0,FraNchEstYN
1977-01-26,1977.0,0.0,FraNchEstYN
1977-01-27,1977.0,0.0,FraNchEstYN
1977-01-28,1977.0,0.0,FraNchEstYN
1977-01-29,1977.0,0.0,FraNchEstYN
1977-01-30,1977.0,0.0,FraNchEstYN
1977-01-31,1977.0,0.0,FraNchEstYN
1977-02-01,1977.0,0.0,FraNchEstYN
1977-02-02,1977.0,0.0,FraNchEstYN
1977-02-03,1977.0,0.0,FraNchEstYN
1977-02-04,1977.0,0.0,FraNchEstYN
1977-02-05,1977.0,0.0,FraNchEstYN
1977-02-06,1977.0,0.0,FraNchEstYN
1977-02-07,1977.0,0.0,FraNchEstYN
1977-02-08,1977.0,0.0,FraNchEstYN
1977-02-09,1977.0,0.0,FraNchEstYN
1977-02-10,1977.0,0.0,FraNchEstYN
1977-02-11,1977.0,0.0,FraNchEstYN
1977-02-12,1977.0,0.0,FraNchEstYN
1977-02-13,1977.0,0.0,FraNchEstYN
1977-02-14,1977.0,0.0,FraNchEstYN
1977-02-15,1977.0,0.0,FraNchEstYN
1977-02-16,1977.0,0.0,FraNchEstYN
1977-02-17,1977.0,0.0,FraNchEstYN
1977-02-18,1977.0,0.0,FraNchEstYN
1977-02-19,1977.0,0.0,FraNchEstYN
1977-02-20,1977.0,0.0,FraNchEstYN
1977-02-21,1977.0,0.0,FraNchEstYN
1977-02-22,1977.0,0.0,FraNchEstYN
1977-02-23,1977.0,0.0,FraNchEstYN
1977-02-24,1977.0,0.0,FraNchEstYN
1977-02-25,1977.0,0.0,FraNchEstYN
1977-02-26,1977.0,0.0,FraNchEstYN
1977-02-27,1977.0,0.0,FraNchEstYN
1977-02-28,1977.0,0.0,FraNchEstYN
1977-03-01,1977.0,0.0,FraNchEstYN
1977-03-02,1977.0,0.0,FraNchEstYN
1977-03-03,1977.0,0.0,FraNchEstYN
1977-03-04,1977.0,0.0,FraNchEstYN
1977-03-05,1977.0,0.0,FraNchEstYN
1977-03-06,1977.0,0.0,FraNchEstYN
1977-03-07,1977.0,0.0,FraNchEstYN
1977-03-08,1977.0,0.0,FraNchEstYN
1977-03-09,1977.0,0.0,FraNchEstYN
1977-03-10,1977.0,0.0,FraNchEstYN
1977-03-11,1977.0,0.0,FraNchEstYN
1977-03-12,1977.0,0.0,FraNchEstYN
1977-03-13,1977.0,0.0,FraNchEstYN
1977-03-14,1977.0,0.0,FraNchEstYN
1977-03-15,1977.0,0.0,FraNchEstYN
1977-03-16,1977.0,0.0,FraNchEstYN
1977-03-17,1977.0,0.0,FraNchEstYN
1977-03-18,1977.0,0.0,FraNchEstYN
1977-03-19,1977.0,0.0,FraNchEstYN
1977-03-20,1977.0,0.0,FraNchEstYN
1977-03-21,1977.0,0.0,FraNchEstYN
1977-03-22,1977.0,0.0,FraNchEstYN
1977-03-23,1977.0,0.0,FraNchEstYN
1977-03-24,1977.0,0.0,FraNchEstYN
1977-03-25,1977.0,0.0,FraNchEstYN
1977-03-26,1977.0,0.0,FraNchEstYN
1977-03-27,1977.0,0.0,FraNchEstYN
1977-03-28,1977.0,0.0,FraNchEstYN
1977-03-29,1977.0,0.0,FraNchEstYN
1977-03-30,1977.0,0.0,FraNchEstYN
1977-03-31,1977.0,0.0,FraNchEstYN
1977-04-01,1977.0,0.0,FraNchEstYN
1977-04-02,1977.0,0.0,FraNchEstYN
1977-04-03,1977.0,0.0,FraNchEstYN
1977-04-04,1977.0,0.0,FraNchEstYN
1977-04-05,1977.0,0.0,FraNchEstYN
1977-04-06,1977.0,0.0,FraNchEstYN
1977-04-07,1977.0,0.0,FraNchEstYN
1977-04-08,1977.0,0.0,FraNchEstYN
1977-04-09,1977.0,0.0,FraNchEstYN
1977-04-10,1977.0,0.0,FraNchEstYN
1977-04-11,1977.0,0.0,FraNchEstYN
1977-04-12,1977.0,0.0,FraNchEstYN
1977-04-13,1977.0,0.0,FraNchEstYN
1977-04-14,1977.0,0.0,FraNchEstYN
1977-04-15,1977.0,0.0,FraNchEstYN
1977-04-16,1977.0,0.0,FraNchEstYN
1977-04-17,1977.0,0.0,FraNchEstYN
1977-04-18,1977.0,0.0,FraNchEstYN
1977-04-19,1977.0,0.0,FraNchEstYN
1977-04-20,1977.0,0.0,FraNchEstYN
1977-04-21,1977.0,0.0,FraNchEstYN
1977-04-22,1977.0,0.0,FraNchEstYN
1977-04-23,1977.0,0.0,FraNchEstYN
1977-04-24,1977.0,0.0,FraNchEstYN
1977-04-25,1977.0,0.0,FraNchEstYN
1977-04-26,1977.0,0.0,FraNchEstYN
1977-04-27,1977.0,0.0,FraNchEstYN
1977-04-28,1977.0,0.0,FraNchEstYN
1977-04-29,1977.0,0.0,FraNchEstYN
1977-04-30,1977.0,0.0,FraNchEstYN
1977-05-01,1977.0,0.0,FraNchEstYN
1977-05-02,1977.0,0.0,FraNchEstYN
1977-05-03,1977.0,0.0,FraNchEstYN
1977-05-04,1977.0,0.0,FraNchEstYN
1977-05-05,1977.0,0.0,FraNchEstYN
1977-05-06,1977.0,0.0,FraNchEstYN
1977-05-07,1977.0,0.0,FraNchEstYN
1977-05-08,1977.0,0.0,FraNchEstYN
1977-05-09,1977.0,0.0,FraNchEstYN
1977-05-10,1977.0,0.0,FraNchEstYN
1977-05-11,1977.0,0.0,FraNchEstYN
1977-05-12,1977.0,0.0,FraNchEstYN
1977-05-13,1977.0,0.0,FraNchEstYN
1977-05-14,1977.0,0.024328059,FraNchEstYN
1977-05-15,1977.0,0.045213394,FraNchEstYN
1977-05-16,1977.0,0.061195232,FraNchEstYN
1977-05-17,1977.0,0.061195232,FraNchEstYN
1977-05-18,1977.0,0.08833423,FraNchEstYN
1977-05-19,1977.0,0.08833423,FraNchEstYN
1977-05-20,1977.0,0.13031791,FraNchEstYN
1977-05-21,1977.0,0.14814971,FraNchEstYN
1977-05-22,1977.0,0.19382207,FraNchEstYN
1977-05-23,1977.0,0.23764011,FraNchEstYN
1977-05-24,1977.0,0.28202108,FraNchEstYN
1977-05-25,1977.0,0.3065183,FraNchEstYN
1977-05-26,1977.0,0.3065183,FraNchEstYN
1977-05-27,1977.0,0.3065183,FraNchEstYN
1977-05-28,1977.0,0.3065183,FraNchEstYN
1977-05-29,1977.0,0.3065183,FraNchEstYN
1977-05-30,1977.0,0.3065183,FraNchEstYN
1977-05-31,1977.0,0.3065183,FraNchEstYN
1977-06-01,1977.0,0.3065183,FraNchEstYN
1977-06-02,1977.0,0.3065183,FraNchEstYN
1977-06-03,1977.0,0.3065183,FraNchEstYN
1977-06-04,1977.0,0.3065183,FraNchEstYN
1977-06-05,1977.0,0.30736902,FraNchEstYN
1977-06-06,1977.0,0.33011687,FraNchEstYN
1977-06-07,1977.0,0.34375262,FraNchEstYN
1977-06-08,1977.0,0.34375262,FraNchEstYN
1977-06-09,1977.0,0.34375262,FraNchEstYN
1977-06-10,1977.0,0.34375262,FraNchEstYN
1977-06-11,1977.0,0.3578782,FraNchEstYN
1977-06-12,1977.0,0.3578782,FraNchEstYN
1977-06-13,1977.0,0.35787818,FraNchEstYN
1977-06-14,1977.0,0.3578782,FraNchEstYN
1977-06-15,1977.0,0.35787818,FraNchEstYN
1977-06-16,1977.0,0.37132278,FraNchEstYN
1977-06-17,1977.0,0.3861076,FraNchEstYN
1977-06-18,1977.0,0.3861076,FraNchEstYN
1977-06-19,1977.0,0.38610762,FraNchEstYN
1977-06-20,1977.0,0.38610762,FraNchEstYN
1977-06-21,1977.0,0.38843286,FraNchEstYN
1977-06-22,1977.0,0.40274537,FraNchEstYN
1977-06-23,1977.0,0.40274537,FraNchEstYN
1977-06-24,1977.0,0.41943908,FraNchEstYN
1977-06-25,1977.0,0.41943908,FraNchEstYN
1977-06-26,1977.0,0.42995644,FraNchEstYN
1977-06-27,1977.0,0.4319775,FraNchEstYN
1977-06-28,1977.0,0.43313748,FraNchEstYN
1977-06-29,1977.0,0.43313748,FraNchEstYN
1977-06-30,1977.0,0.43313748,FraNchEstYN
1977-07-01,1977.0,0.43313748,FraNchEstYN
1977-07-02,1977.0,0.4349497,FraNchEstYN
1977-07-03,1977.0,0.43685395,FraNchEstYN
1977-07-04,1977.0,0.43685395,FraNchEstYN
1977-07-05,1977.0,0.43686783,FraNchEstYN
1977-07-06,1977.0,0.43686783,FraNchEstYN
1977-07-07,1977.0,0.43686783,FraNchEstYN
1977-07-08,1977.0,0.43686783,FraNchEstYN
1977-07-09,1977.0,0.43826994,FraNchEstYN
1977-07-10,1977.0,0.43826994,FraNchEstYN
1977-07-11,1977.0,0.43859118,FraNchEstYN
1977-07-12,1977.0,0.43936998,FraNchEstYN
1977-07-13,1977.0,0.43936998,FraNchEstYN
1977-07-14,1977.0,0.44006124,FraNchEstYN
1977-07-15,1977.0,0.44006124,FraNchEstYN
1977-07-16,1977.0,0.44026336,FraNchEstYN
1977-07-17,1977.0,0.44026336,FraNchEstYN
1977-07-18,1977.0,0.44042045,FraNchEstYN
1977-10-13,1977.0,0.0,FraNchEstYN
1977-10-14,1977.0,0.0,FraNchEstYN
1977-10-15,1977.0,0.0,FraNchEstYN
1977-10-16,1977.0,0.0,FraNchEstYN
1977-10-17,1977.0,0.0,FraNchEstYN
1977-10-18,1977.0,0.0,FraNchEstYN
1977-10-19,1977.0,0.0,FraNchEstYN
1977-10-20,1977.0,0.0,FraNchEstYN
1977-10-21,1977.0,0.0,FraNchEstYN
1977-10-22,1977.0,0.0,FraNchEstYN
1977-10-23,1977.0,0.0,FraNchEstYN
1977-10-24,1977.0,0.0,FraNchEstYN
1977-10-25,1977.0,0.0,FraNchEstYN
1977-10-26,1977.0,0.0,FraNchEstYN
1977-10-27,1977.0,0.0,FraNchEstYN
1977-10-28,1977.0,0.0,FraNchEstYN
1977-10-29,1977.0,0.0,FraNchEstYN
1977-10-30,1977.0,0.0,FraNchEstYN
1977-10-31,1977.0,0.0,FraNchEstYN
1977-11-01,1977.0,0.0,FraNchEstYN
1977-11-02,1977.0,0.0,FraNchEstYN
1977-11-03,1977.0,0.0,FraNchEstYN
1977-11-04,1977.0,0.0,FraNchEstYN
1977-11-05,1977.0,0.0,FraNchEstYN
1977-11-06,1977.0,0.0,FraNchEstYN
1977-11-07,1977.0,0.0,FraNchEstYN
1977-11-08,1977.0,0.0,FraNchEstYN
1977-11-09,1977.0,0.0,FraNchEstYN
1977-11-10,1977.0,0.0,FraNchEstYN
1977-11-11,1977.0,0.0,FraNchEstYN
1977-11-12,1977.0,0.0,FraNchEstYN
1977-11-13,1977.0,0.0,FraNchEstYN
1977-11-14,1977.0,0.0,FraNchEstYN
1977-11-15,1977.0,0.0,FraNchEstYN
1977-11-16,1977.0,0.0,FraNchEstYN
1977-11-17,1977.0,0.0,FraNchEstYN
1977-11-18,1977.0,0.0,FraNchEstYN
1977-11-19,1977.0,0.0,FraNchEstYN
1977-11-20,1977.0,0.0,FraNchEstYN
1977-11-21,1977.0,0.0,FraNchEstYN
1977-11-22,1977.0,0.0,FraNchEstYN
1977-11-23,1977.0,0.0,FraNchEstYN
1977-11-24,1977.0,0.0,FraNchEstYN
1977-11-25,1977.0,0.0,FraNchEstYN
1977-11-26,1977.0,0.0,FraNchEstYN
1977-11-27,1977.0,0.0,FraNchEstYN
1977-11-28,1977.0,0.0,FraNchEstYN
1977-11-29,1977.0,0.0,FraNchEstYN
1977-11-30,1977.0,0.0,FraNchEstYN
1977-12-01,1977.0,0.0,FraNchEstYN
1977-12-02,1977.0,0.0,FraNchEstYN
1977-12-03,1977.0,0.0,FraNchEstYN
1977-12-04,1977.0,0.0,FraNchEstYN
1977-12-05,1977.0,0.0,FraNchEstYN
1977-12-06,1977.0,0.0,FraNchEstYN
1977-12-07,1977.0,0.0,FraNchEstYN
1977-12-08,1977.0,0.0,FraNchEstYN
1977-12-09,1977.0,0.0,FraNchEstYN
1977-12-10,1977.0,0.0,FraNchEstYN
1977-12-11,1977.0,0.0,FraNchEstYN
1977-12-12,1977.0,0.0,FraNchEstYN
1977-12-13,1977.0,0.0,FraNchEstYN
1977-12-14,1977.0,0.0,FraNchEstYN
1977-12-15,1977.0,0.0,FraNchEstYN
1977-12-16,1977.0,0.0,FraNchEstYN
1977-12-17,1977.0,0.0,FraNchEstYN
1977-12-18,1977.0,0.0,FraNchEstYN
1977-12-19,1977.0,0.0,FraNchEstYN
1977-12-20,1977.0,0.0,FraNchEstYN
1977-12-21,1977.0,0.0,FraNchEstYN
1977-12-22,1977.0,0.0,FraNchEstYN
1977-12-23,1977.0,0.0,FraNchEstYN
1977-12-24,1977.0,0.0,FraNchEstYN
1977-12-25,1977.0,0.0,FraNchEstYN
1977-12-26,1977.0,0.0,FraNchEstYN
1977-12-27,1977.0,0.0,FraNchEstYN
1977-12-28,1977.0,0.0,FraNchEstYN
1977-12-29,1977.0,0.0,FraNchEstYN
1977-12-30,1977.0,0.0,FraNchEstYN
1977-12-31,1977.0,0.0,FraNchEstYN
1978-01-01,1978.0,0.0,FraNchEstYN
1978-01-02,1978.0,0.0,FraNchEstYN
1978-01-03,1978.0,0.0,FraNchEstYN
1978-01-04,1978.0,0.0,FraNchEstYN
1978-01-05,1978.0,0.0,FraNchEstYN
1978-01-06,1978.0,0.0,FraNchEstYN
1978-01-07,1978.0,0.0,FraNchEstYN
1978-01-08,1978.0,0.0,FraNchEstYN
1978-01-09,1978.0,0.0,FraNchEstYN
1978-01-10,1978.0,0.0,FraNchEstYN
1978-01-11,1978.0,0.0,FraNchEstYN
1978-01-12,1978.0,0.0,FraNchEstYN
1978-01-13,1978.0,0.0,FraNchEstYN
1978-01-14,1978.0,0.0,FraNchEstYN
1978-01-15,1978.0,0.0,FraNchEstYN
1978-01-16,1978.0,0.0,FraNchEstYN
1978-01-17,1978.0,0.0,FraNchEstYN
1978-01-18,1978.0,0.0,FraNchEstYN
1978-01-19,1978.0,0.0,FraNchEstYN
1978-01-20,1978.0,0.0,FraNchEstYN
1978-01-21,1978.0,0.0,FraNchEstYN
1978-01-22,1978.0,0.0,FraNchEstYN
1978-01-23,1978.0,0.0,FraNchEstYN
1978-01-24,1978.0,0.0,FraNchEstYN
1978-01-25,1978.0,0.0,FraNchEstYN
1978-01-26,1978.0,0.0,FraNchEstYN
1978-01-27,1978.0,0.0,FraNchEstYN
1978-01-28,1978.0,0.0,FraNchEstYN
1978-01-29,1978.0,0.0,FraNchEstYN
1978-01-30,1978.0,0.0,FraNchEstYN
1978-01-31,1978.0,0.0,FraNchEstYN
1978-02-01,1978.0,0.0,FraNchEstYN
1978-02-02,1978.0,0.0,FraNchEstYN
1978-02-03,1978.0,0.0,FraNchEstYN
1978-02-04,1978.0,0.0,FraNchEstYN
1978-02-05,1978.0,0.0,FraNchEstYN
1978-02-06,1978.0,0.0,FraNchEstYN
1978-02-07,1978.0,0.0,FraNchEstYN
1978-02-08,1978.0,0.0,FraNchEstYN
1978-02-09,1978.0,0.0,FraNchEstYN
1978-02-10,1978.0,0.0,FraNchEstYN
1978-02-11,1978.0,0.0,FraNchEstYN
1978-02-12,1978.0,0.0,FraNchEstYN
1978-02-13,1978.0,0.0,FraNchEstYN
1978-02-14,1978.0,0.0,FraNchEstYN
1978-02-15,1978.0,0.0,FraNchEstYN
1978-02-16,1978.0,0.0,FraNchEstYN
1978-02-17,1978.0,0.0,FraNchEstYN
1978-02-18,1978.0,0.0,FraNchEstYN
1978-02-19,1978.0,0.0,FraNchEstYN
1978-02-20,1978.0,0.0,FraNchEstYN
1978-02-21,1978.0,0.0,FraNchEstYN
1978-02-22,1978.0,0.0,FraNchEstYN
1978-02-23,1978.0,0.0,FraNchEstYN
1978-02-24,1978.0,0.0,FraNchEstYN
1978-02-25,1978.0,0.0,FraNchEstYN
1978-02-26,1978.0,0.0,FraNchEstYN
1978-02-27,1978.0,0.0,FraNchEstYN
1978-02-28,1978.0,0.0,FraNchEstYN
1978-03-01,1978.0,0.0,FraNchEstYN
1978-03-02,1978.0,0.0,FraNchEstYN
1978-03-03,1978.0,0.0,FraNchEstYN
1978-03-04,1978.0,0.0,FraNchEstYN
1978-03-05,1978.0,0.0,FraNchEstYN
1978-03-06,1978.0,0.0,FraNchEstYN
1978-03-07,1978.0,0.0,FraNchEstYN
1978-03-08,1978.0,0.0,FraNchEstYN
1978-03-09,1978.0,0.0,FraNchEstYN
1978-03-10,1978.0,0.0,FraNchEstYN
1978-03-11,1978.0,0.0,FraNchEstYN
1978-03-12,1978.0,0.0,FraNchEstYN
1978-03-13,1978.0,0.0,FraNchEstYN
1978-03-14,1978.0,0.0,FraNchEstYN
1978-03-15,1978.0,0.0,FraNchEstYN
1978-03-16,1978.0,0.0,FraNchEstYN
1978-03-17,1978.0,0.0,FraNchEstYN
1978-03-18,1978.0,0.0,FraNchEstYN
1978-03-19,1978.0,0.0,FraNchEstYN
1978-03-20,1978.0,0.0,FraNchEstYN
1978-03-21,1978.0,0.0,FraNchEstYN
1978-03-22,1978.0,0.0,FraNchEstYN
1978-03-23,1978.0,0.0,FraNchEstYN
1978-03-24,1978.0,0.0,FraNchEstYN
1978-03-25,1978.0,0.0,FraNchEstYN
1978-03-26,1978.0,0.0,FraNchEstYN
1978-03-27,1978.0,0.0,FraNchEstYN
1978-03-28,1978.0,0.0,FraNchEstYN
1978-03-29,1978.0,0.0,FraNchEstYN
1978-03-30,1978.0,0.0,FraNchEstYN
1978-03-31,1978.0,0.0,FraNchEstYN
1978-04-01,1978.0,0.0,FraNchEstYN
1978-04-02,1978.0,0.0,FraNchEstYN
1978-04-03,1978.0,0.0,FraNchEstYN
1978-04-04,1978.0,0.0,FraNchEstYN
1978-04-05,1978.0,0.0,FraNchEstYN
1978-04-06,1978.0,0.0,FraNchEstYN
1978-04-07,1978.0,0.0,FraNchEstYN
1978-04-08,1978.0,0.0,FraNchEstYN
1978-04-09,1978.0,0.0,FraNchEstYN
1978-04-10,1978.0,0.0,FraNchEstYN
1978-04-11,1978.0,0.0,FraNchEstYN
1978-04-12,1978.0,0.0,FraNchEstYN
1978-04-13,1978.0,0.0,FraNchEstYN
1978-04-14,1978.0,0.0,FraNchEstYN
1978-04-15,1978.0,0.0,FraNchEstYN
1978-04-16,1978.0,0.0,FraNchEstYN
1978-04-17,1978.0,0.0,FraNchEstYN
1978-04-18,1978.0,0.0,FraNchEstYN
1978-04-19,1978.0,0.0,FraNchEstYN
1978-04-20,1978.0,0.0,FraNchEstYN
1978-04-21,1978.0,0.0,FraNchEstYN
1978-04-22,1978.0,0.0,FraNchEstYN
1978-04-23,1978.0,0.0,FraNchEstYN
1978-04-24,1978.0,0.0,FraNchEstYN
1978-04-25,1978.0,0.0,FraNchEstYN
1978-04-26,1978.0,0.0,FraNchEstYN
1978-04-27,1978.0,0.0,FraNchEstYN
1978-04-28,1978.0,0.0,FraNchEstYN
1978-04-29,1978.0,0.0,FraNchEstYN
1978-04-30,1978.0,0.0,FraNchEstYN
1978-05-01,1978.0,0.0,FraNchEstYN
1978-05-02,1978.0,0.0,FraNchEstYN
1978-05-03,1978.0,0.0,FraNchEstYN
1978-05-04,1978.0,0.0,FraNchEstYN
1978-05-05,1978.0,0.0,FraNchEstYN
1978-05-06,1978.0,0.0,FraNchEstYN
1978-05-07,1978.0,0.0,FraNchEstYN
1978-05-08,1978.0,0.0,FraNchEstYN
1978-05-09,1978.0,0.0,FraNchEstYN
1978-05-10,1978.0,0.0,FraNchEstYN
1978-05-11,1978.0,0.0,FraNchEstYN
1978-05-12,1978.0,0.0,FraNchEstYN
1978-05-13,1978.0,0.0,FraNchEstYN
1978-05-14,1978.0,0.0,FraNchEstYN
1978-05-15,1978.0,0.0,FraNchEstYN
1978-05-16,1978.0,0.0,FraNchEstYN
1978-05-17,1978.0,0.0,FraNchEstYN
1978-05-18,1978.0,0.0,FraNchEstYN
1978-05-19,1978.0,0.0,FraNchEstYN
1978-05-20,1978.0,0.0,FraNchEstYN
1978-05-21,1978.0,0.0,FraNchEstYN
1978-05-22,1978.0,0.0,FraNchEstYN
1978-05-23,1978.0,0.0,FraNchEstYN
1978-05-24,1978.0,0.0,FraNchEstYN
1978-05-25,1978.0,0.0,FraNchEstYN
1978-05-26,1978.0,0.0,FraNchEstYN
1978-05-27,1978.0,0.008968858,FraNchEstYN
1978-05-28,1978.0,0.008968858,FraNchEstYN
1978-05-29,1978.0,0.008968858,FraNchEstYN
1978-05-30,1978.0,0.07602033,FraNchEstYN
1978-05-31,1978.0,0.10059695,FraNchEstYN
1978-06-01,1978.0,0.1167746,FraNchEstYN
1978-06-02,1978.0,0.1167746,FraNchEstYN
1978-06-03,1978.0,0.1167746,FraNchEstYN
1978-06-04,1978.0,0.1167746,FraNchEstYN
1978-06-05,1978.0,0.16469438,FraNchEstYN
1978-06-06,1978.0,0.16469438,FraNchEstYN
1978-06-07,1978.0,0.209114,FraNchEstYN
1978-06-08,1978.0,0.23183337,FraNchEstYN
1978-06-09,1978.0,0.23183337,FraNchEstYN
1978-06-10,1978.0,0.23183337,FraNchEstYN
1978-06-11,1978.0,0.23183337,FraNchEstYN
1978-06-12,1978.0,0.23183337,FraNchEstYN
1978-06-13,1978.0,0.23183337,FraNchEstYN
1978-06-14,1978.0,0.25268456,FraNchEstYN
1978-06-15,1978.0,0.28832263,FraNchEstYN
1978-06-16,1978.0,0.28832263,FraNchEstYN
1978-06-17,1978.0,0.30696788,FraNchEstYN
1978-06-18,1978.0,0.35237038,FraNchEstYN
1978-06-19,1978.0,0.35237038,FraNchEstYN
1978-06-20,1978.0,0.35237038,FraNchEstYN
1978-06-21,1978.0,0.36731085,FraNchEstYN
1978-06-22,1978.0,0.36731085,FraNchEstYN
1978-06-23,1978.0,0.4103083,FraNchEstYN
1978-06-24,1978.0,0.4103083,FraNchEstYN
1978-06-25,1978.0,0.4103083,FraNchEstYN
1978-06-26,1978.0,0.4103083,FraNchEstYN
1978-06-27,1978.0,0.4103083,FraNchEstYN
1978-06-28,1978.0,0.44825047,FraNchEstYN
1978-06-29,1978.0,0.44825047,FraNchEstYN
1978-06-30,1978.0,0.44825047,FraNchEstYN
1978-07-01,1978.0,0.45878112,FraNchEstYN
1978-07-02,1978.0,0.45878112,FraNchEstYN
1978-07-03,1978.0,0.45878112,FraNchEstYN
1978-07-04,1978.0,0.48396802,FraNchEstYN
1978-07-05,1978.0,0.48396802,FraNchEstYN
1978-07-06,1978.0,0.48396802,FraNchEstYN
1978-07-07,1978.0,0.4935345,FraNchEstYN
1978-07-08,1978.0,0.4935345,FraNchEstYN
1978-07-09,1978.0,0.4935345,FraNchEstYN
1978-07-10,1978.0,0.4935345,FraNchEstYN
1978-07-11,1978.0,0.49576235,FraNchEstYN
1978-07-12,1978.0,0.50653946,FraNchEstYN
1978-07-13,1978.0,0.50653946,FraNchEstYN
1978-07-14,1978.0,0.50839597,FraNchEstYN
1978-07-15,1978.0,0.50839597,FraNchEstYN
1978-07-16,1978.0,0.51223207,FraNchEstYN
1978-07-17,1978.0,0.51580334,FraNchEstYN
1978-07-18,1978.0,0.51583534,FraNchEstYN
1978-07-19,1978.0,0.51583534,FraNchEstYN
1978-07-20,1978.0,0.51583534,FraNchEstYN
1978-07-21,1978.0,0.5158354,FraNchEstYN
1978-07-22,1978.0,0.5158354,FraNchEstYN
1978-07-23,1978.0,0.5158354,FraNchEstYN
1978-07-24,1978.0,0.5158365,FraNchEstYN
1978-07-25,1978.0,0.5162559,FraNchEstYN
1978-07-26,1978.0,0.5162561,FraNchEstYN
1978-07-27,1978.0,0.5162561,FraNchEstYN
1978-07-28,1978.0,0.5162561,FraNchEstYN
1978-07-29,1978.0,0.51661587,FraNchEstYN
1978-07-30,1978.0,0.51661587,FraNchEstYN
1978-07-31,1978.0,0.51661587,FraNchEstYN
1978-09-28,1978.0,0.0,FraNchEstYN
1978-09-29,1978.0,0.0,FraNchEstYN
1978-09-30,1978.0,0.0,FraNchEstYN
1978-10-01,1978.0,0.0,FraNchEstYN
1978-10-02,1978.0,0.0,FraNchEstYN
1978-10-03,1978.0,0.0,FraNchEstYN
1978-10-04,1978.0,0.0,FraNchEstYN
1978-10-05,1978.0,0.0,FraNchEstYN
1978-10-06,1978.0,0.0,FraNchEstYN
1978-10-07,1978.0,0.0,FraNchEstYN
1978-10-08,1978.0,0.0,FraNchEstYN
1978-10-09,1978.0,0.0,FraNchEstYN
1978-10-10,1978.0,0.0,FraNchEstYN
1978-10-11,1978.0,0.0,FraNchEstYN
1978-10-12,1978.0,0.0,FraNchEstYN
1978-10-13,1978.0,0.0,FraNchEstYN
1978-10-14,1978.0,0.0,FraNchEstYN
1978-10-15,1978.0,0.0,FraNchEstYN
1978-10-16,1978.0,0.0,FraNchEstYN
1978-10-17,1978.0,0.0,FraNchEstYN
1978-10-18,1978.0,0.0,FraNchEstYN
1978-10-19,1978.0,0.0,FraNchEstYN
1978-10-20,1978.0,0.0,FraNchEstYN
1978-10-21,1978.0,0.0,FraNchEstYN
1978-10-22,1978.0,0.0,FraNchEstYN
1978-10-23,1978.0,0.0,FraNchEstYN
1978-10-24,1978.0,0.0,FraNchEstYN
1978-10-25,1978.0,0.0,FraNchEstYN
1978-10-26,1978.0,0.0,FraNchEstYN
1978-10-27,1978.0,0.0,FraNchEstYN
1978-10-28,1978.0,0.0,FraNchEstYN
1978-10-29,1978.0,0.0,FraNchEstYN
1978-10-30,1978.0,0.0,FraNchEstYN
1978-10-31,1978.0,0.0,FraNchEstYN
1978-11-01,1978.0,0.0,FraNchEstYN
1978-11-02,1978.0,0.0,FraNchEstYN
1978-11-03,1978.0,0.0,FraNchEstYN
1978-11-04,1978.0,0.0,FraNchEstYN
1978-11-05,1978.0,0.0,FraNchEstYN
1978-11-06,1978.0,0.0,FraNchEstYN
1978-11-07,1978.0,0.0,FraNchEstYN
1978-11-08,1978.0,0.0,FraNchEstYN
1978-11-09,1978.0,0.0,FraNchEstYN
1978-11-10,1978.0,0.0,FraNchEstYN
1978-11-11,1978.0,0.0,FraNchEstYN
1978-11-12,1978.0,0.0,FraNchEstYN
1978-11-13,1978.0,0.0,FraNchEstYN
1978-11-14,1978.0,0.0,FraNchEstYN
1978-11-15,1978.0,0.0,FraNchEstYN
1978-11-16,1978.0,0.0,FraNchEstYN
1978-11-17,1978.0,0.0,FraNchEstYN
1978-11-18,1978.0,0.0,FraNchEstYN
1978-11-19,1978.0,0.0,FraNchEstYN
1978-11-20,1978.0,0.0,FraNchEstYN
1978-11-21,1978.0,0.0,FraNchEstYN
1978-11-22,1978.0,0.0,FraNchEstYN
1978-11-23,1978.0,0.0,FraNchEstYN
1978-11-24,1978.0,0.0,FraNchEstYN
1978-11-25,1978.0,0.0,FraNchEstYN
1978-11-26,1978.0,0.0,FraNchEstYN
1978-11-27,1978.0,0.0,FraNchEstYN
1978-11-28,1978.0,0.0,FraNchEstYN
1978-11-29,1978.0,0.0,FraNchEstYN
1978-11-30,1978.0,0.0,FraNchEstYN
1978-12-01,1978.0,0.0,FraNchEstYN
1978-12-02,1978.0,0.0,FraNchEstYN
1978-12-03,1978.0,0.0,FraNchEstYN
1978-12-04,1978.0,0.0,FraNchEstYN
1978-12-05,1978.0,0.0,FraNchEstYN
1978-12-06,1978.0,0.0,FraNchEstYN
1978-12-07,1978.0,0.0,FraNchEstYN
1978-12-08,1978.0,0.0,FraNchEstYN
1978-12-09,1978.0,0.0,FraNchEstYN
1978-12-10,1978.0,0.0,FraNchEstYN
1978-12-11,1978.0,0.0,FraNchEstYN
1978-12-12,1978.0,0.0,FraNchEstYN
1978-12-13,1978.0,0.0,FraNchEstYN
1978-12-14,1978.0,0.0,FraNchEstYN
1978-12-15,1978.0,0.0,FraNchEstYN
1978-12-16,1978.0,0.0,FraNchEstYN
1978-12-17,1978.0,0.0,FraNchEstYN
1978-12-18,1978.0,0.0,FraNchEstYN
1978-12-19,1978.0,0.0,FraNchEstYN
1978-12-20,1978.0,0.0,FraNchEstYN
1978-12-21,1978.0,0.0,FraNchEstYN
1978-12-22,1978.0,0.0,FraNchEstYN
1978-12-23,1978.0,0.0,FraNchEstYN
1978-12-24,1978.0,0.0,FraNchEstYN
1978-12-25,1978.0,0.0,FraNchEstYN
1978-12-26,1978.0,0.0,FraNchEstYN
1978-12-27,1978.0,0.0,FraNchEstYN
1978-12-28,1978.0,0.0,FraNchEstYN
1978-12-29,1978.0,0.0,FraNchEstYN
1978-12-30,1978.0,0.0,FraNchEstYN
1978-12-31,1978.0,0.0,FraNchEstYN
1979-01-01,1979.0,0.0,FraNchEstYN
1979-01-02,1979.0,0.0,FraNchEstYN
1979-01-03,1979.0,0.0,FraNchEstYN
1979-01-04,1979.0,0.0,FraNchEstYN
1979-01-05,1979.0,0.0,FraNchEstYN
1979-01-06,1979.0,0.0,FraNchEstYN
1979-01-07,1979.0,0.0,FraNchEstYN
1979-01-08,1979.0,0.0,FraNchEstYN
1979-01-09,1979.0,0.0,FraNchEstYN
1979-01-10,1979.0,0.0,FraNchEstYN
1979-01-11,1979.0,0.0,FraNchEstYN
1979-01-12,1979.0,0.0,FraNchEstYN
1979-01-13,1979.0,0.0,FraNchEstYN
1979-01-14,1979.0,0.0,FraNchEstYN
1979-01-15,1979.0,0.0,FraNchEstYN
1979-01-16,1979.0,0.0,FraNchEstYN
1979-01-17,1979.0,0.0,FraNchEstYN
1979-01-18,1979.0,0.0,FraNchEstYN
1979-01-19,1979.0,0.0,FraNchEstYN
1979-01-20,1979.0,0.0,FraNchEstYN
1979-01-21,1979.0,0.0,FraNchEstYN
1979-01-22,1979.0,0.0,FraNchEstYN
1979-01-23,1979.0,0.0,FraNchEstYN
1979-01-24,1979.0,0.0,FraNchEstYN
1979-01-25,1979.0,0.0,FraNchEstYN
1979-01-26,1979.0,0.0,FraNchEstYN
1979-01-27,1979.0,0.0,FraNchEstYN
1979-01-28,1979.0,0.0,FraNchEstYN
1979-01-29,1979.0,0.0,FraNchEstYN
1979-01-30,1979.0,0.0,FraNchEstYN
1979-01-31,1979.0,0.0,FraNchEstYN
1979-02-01,1979.0,0.0,FraNchEstYN
1979-02-02,1979.0,0.0,FraNchEstYN
1979-02-03,1979.0,0.0,FraNchEstYN
1979-02-04,1979.0,0.0,FraNchEstYN
1979-02-05,1979.0,0.0,FraNchEstYN
1979-02-06,1979.0,0.0,FraNchEstYN
1979-02-07,1979.0,0.0,FraNchEstYN
1979-02-08,1979.0,0.0,FraNchEstYN
1979-02-09,1979.0,0.0,FraNchEstYN
1979-02-10,1979.0,0.0,FraNchEstYN
1979-02-11,1979.0,0.0,FraNchEstYN
1979-02-12,1979.0,0.0,FraNchEstYN
1979-02-13,1979.0,0.0,FraNchEstYN
1979-02-14,1979.0,0.0,FraNchEstYN
1979-02-15,1979.0,0.0,FraNchEstYN
1979-02-16,1979.0,0.0,FraNchEstYN
1979-02-17,1979.0,0.0,FraNchEstYN
1979-02-18,1979.0,0.0,FraNchEstYN
1979-02-19,1979.0,0.0,FraNchEstYN
1979-02-20,1979.0,0.0,FraNchEstYN
1979-02-21,1979.0,0.0,FraNchEstYN
1979-02-22,1979.0,0.0,FraNchEstYN
1979-02-23,1979.0,0.0,FraNchEstYN
1979-02-24,1979.0,0.0,FraNchEstYN
1979-02-25,1979.0,0.0,FraNchEstYN
1979-02-26,1979.0,0.0,FraNchEstYN
1979-02-27,1979.0,0.0,FraNchEstYN
1979-02-28,1979.0,0.0,FraNchEstYN
1979-03-01,1979.0,0.0,FraNchEstYN
1979-03-02,1979.0,0.0,FraNchEstYN
1979-03-03,1979.0,0.0,FraNchEstYN
1979-03-04,1979.0,0.0,FraNchEstYN
1979-03-05,1979.0,0.0,FraNchEstYN
1979-03-06,1979.0,0.0,FraNchEstYN
1979-03-07,1979.0,0.0,FraNchEstYN
1979-03-08,1979.0,0.0,FraNchEstYN
1979-03-09,1979.0,0.0,FraNchEstYN
1979-03-10,1979.0,0.0,FraNchEstYN
1979-03-11,1979.0,0.0,FraNchEstYN
1979-03-12,1979.0,0.0,FraNchEstYN
1979-03-13,1979.0,0.0,FraNchEstYN
1979-03-14,1979.0,0.0,FraNchEstYN
1979-03-15,1979.0,0.0,FraNchEstYN
1979-03-16,1979.0,0.0,FraNchEstYN
1979-03-17,1979.0,0.0,FraNchEstYN
1979-03-18,1979.0,0.0,FraNchEstYN
1979-03-19,1979.0,0.0,FraNchEstYN
1979-03-20,1979.0,0.0,FraNchEstYN
1979-03-21,1979.0,0.0,FraNchEstYN
1979-03-22,1979.0,0.0,FraNchEstYN
1979-03-23,1979.0,0.0,FraNchEstYN
1979-03-24,1979.0,0.0,FraNchEstYN
1979-03-25,1979.0,0.0,FraNchEstYN
1979-03-26,1979.0,0.0,FraNchEstYN
1979-03-27,1979.0,0.0,FraNchEstYN
1979-03-28,1979.0,0.0,FraNchEstYN
1979-03-29,1979.0,0.0,FraNchEstYN
1979-03-30,1979.0,0.0,FraNchEstYN
1979-03-31,1979.0,0.0,FraNchEstYN
1979-04-01,1979.0,0.0,FraNchEstYN
1979-04-02,1979.0,0.0,FraNchEstYN
1979-04-03,1979.0,0.0,FraNchEstYN
1979-04-04,1979.0,0.0,FraNchEstYN
1979-04-05,1979.0,0.0,FraNchEstYN
1979-04-06,1979.0,0.0,FraNchEstYN
1979-04-07,1979.0,0.0,FraNchEstYN
1979-04-08,1979.0,0.0,FraNchEstYN
1979-04-09,1979.0,0.0,FraNchEstYN
1979-04-10,1979.0,0.0,FraNchEstYN
1979-04-11,1979.0,0.0,FraNchEstYN
1979-04-12,1979.0,0.0,FraNchEstYN
1979-04-13,1979.0,0.0,FraNchEstYN
1979-04-14,1979.0,0.0,FraNchEstYN
1979-04-15,1979.0,0.0,FraNchEstYN
1979-04-16,1979.0,0.0,FraNchEstYN
1979-04-17,1979.0,0.0,FraNchEstYN
1979-04-18,1979.0,0.0,FraNchEstYN
1979-04-19,1979.0,0.0,FraNchEstYN
1979-04-20,1979.0,0.0,FraNchEstYN
1979-04-21,1979.0,0.0,FraNchEstYN
1979-04-22,1979.0,0.0,FraNchEstYN
1979-04-23,1979.0,0.0,FraNchEstYN
1979-04-24,1979.0,0.0,FraNchEstYN
1979-04-25,1979.0,0.0,FraNchEstYN
1979-04-26,1979.0,0.0,FraNchEstYN
1979-04-27,1979.0,0.0,FraNchEstYN
1979-04-28,1979.0,0.0,FraNchEstYN
1979-04-29,1979.0,0.0,FraNchEstYN
1979-04-30,1979.0,0.0,FraNchEstYN
1979-05-01,1979.0,0.0,FraNchEstYN
1979-05-02,1979.0,0.0,FraNchEstYN
1979-05-03,1979.0,0.0,FraNchEstYN
1979-05-04,1979.0,0.0,FraNchEstYN
1979-05-05,1979.0,0.0,FraNchEstYN
1979-05-06,1979.0,0.0,FraNchEstYN
1979-05-07,1979.0,0.0,FraNchEstYN
1979-05-08,1979.0,0.0,FraNchEstYN
1979-05-09,1979.0,0.0,FraNchEstYN
1979-05-10,1979.0,0.0,FraNchEstYN
1979-05-11,1979.0,0.0,FraNchEstYN
1979-05-12,1979.0,0.0,FraNchEstYN
1979-05-13,1979.0,0.0,FraNchEstYN
1979-05-14,1979.0,0.0,FraNchEstYN
1979-05-15,1979.0,0.0,FraNchEstYN
1979-05-16,1979.0,0.02517804,FraNchEstYN
1979-05-17,1979.0,0.02517804,FraNchEstYN
1979-05-18,1979.0,0.02517804,FraNchEstYN
1979-05-19,1979.0,0.10297285,FraNchEstYN
1979-05-20,1979.0,0.10297285,FraNchEstYN
1979-05-21,1979.0,0.13270229,FraNchEstYN
1979-05-22,1979.0,0.13270229,FraNchEstYN
1979-05-23,1979.0,0.1659874,FraNchEstYN
1979-05-24,1979.0,0.1659874,FraNchEstYN
1979-05-25,1979.0,0.1659874,FraNchEstYN
1979-05-26,1979.0,0.1659874,FraNchEstYN
1979-05-27,1979.0,0.1659874,FraNchEstYN
1979-05-28,1979.0,0.1659874,FraNchEstYN
1979-05-29,1979.0,0.18903044,FraNchEstYN
1979-05-30,1979.0,0.21188249,FraNchEstYN
1979-05-31,1979.0,0.24866743,FraNchEstYN
1979-06-01,1979.0,0.28023386,FraNchEstYN
1979-06-02,1979.0,0.28023386,FraNchEstYN
1979-06-03,1979.0,0.28023386,FraNchEstYN
1979-06-04,1979.0,0.28023386,FraNchEstYN
1979-06-05,1979.0,0.28023386,FraNchEstYN
1979-06-06,1979.0,0.3012093,FraNchEstYN
1979-06-07,1979.0,0.3012093,FraNchEstYN
1979-06-08,1979.0,0.3012093,FraNchEstYN
1979-06-09,1979.0,0.3012093,FraNchEstYN
1979-06-10,1979.0,0.31931815,FraNchEstYN
1979-06-11,1979.0,0.31982625,FraNchEstYN
1979-06-12,1979.0,0.32016096,FraNchEstYN
1979-06-13,1979.0,0.32016096,FraNchEstYN
1979-06-14,1979.0,0.32016096,FraNchEstYN
1979-06-15,1979.0,0.33552215,FraNchEstYN
1979-06-16,1979.0,0.35990703,FraNchEstYN
1979-06-17,1979.0,0.35990703,FraNchEstYN
1979-06-18,1979.0,0.35990703,FraNchEstYN
1979-06-19,1979.0,0.35990703,FraNchEstYN
1979-06-20,1979.0,0.3739069,FraNchEstYN
1979-06-21,1979.0,0.40274262,FraNchEstYN
1979-06-22,1979.0,0.4315135,FraNchEstYN
1979-06-23,1979.0,0.44012278,FraNchEstYN
1979-06-24,1979.0,0.4424489,FraNchEstYN
1979-06-25,1979.0,0.4424489,FraNchEstYN
1979-06-26,1979.0,0.4424489,FraNchEstYN
1979-06-27,1979.0,0.4424489,FraNchEstYN
1979-06-28,1979.0,0.44670337,FraNchEstYN
1979-06-29,1979.0,0.44670337,FraNchEstYN
1979-06-30,1979.0,0.44734353,FraNchEstYN
1979-07-01,1979.0,0.44734353,FraNchEstYN
1979-07-02,1979.0,0.44909,FraNchEstYN
1979-07-03,1979.0,0.4546252,FraNchEstYN
1979-07-04,1979.0,0.45911837,FraNchEstYN
1979-07-05,1979.0,0.46280855,FraNchEstYN
1979-07-06,1979.0,0.46599218,FraNchEstYN
1979-07-07,1979.0,0.4660042,FraNchEstYN
1979-07-08,1979.0,0.4660042,FraNchEstYN
1979-07-09,1979.0,0.4660042,FraNchEstYN
1979-07-10,1979.0,0.4660042,FraNchEstYN
1979-07-11,1979.0,0.46600416,FraNchEstYN
1979-07-12,1979.0,0.46600416,FraNchEstYN
1979-07-13,1979.0,0.4660046,FraNchEstYN
1979-07-14,1979.0,0.4672944,FraNchEstYN
1979-07-15,1979.0,0.4681629,FraNchEstYN
1979-07-16,1979.0,0.46816295,FraNchEstYN
1979-07-17,1979.0,0.46816295,FraNchEstYN
1979-07-18,1979.0,0.46816295,FraNchEstYN
1979-07-19,1979.0,0.46845895,FraNchEstYN
1979-07-20,1979.0,0.46845895,FraNchEstYN
1979-10-05,1979.0,0.0,FraNchEstYN
1979-10-06,1979.0,0.0,FraNchEstYN
1979-10-07,1979.0,0.0,FraNchEstYN
1979-10-08,1979.0,0.0,FraNchEstYN
1979-10-09,1979.0,0.0,FraNchEstYN
1979-10-10,1979.0,0.0,FraNchEstYN
1979-10-11,1979.0,0.0,FraNchEstYN
1979-10-12,1979.0,0.0,FraNchEstYN
1979-10-13,1979.0,0.0,FraNchEstYN
1979-10-14,1979.0,0.0,FraNchEstYN
1979-10-15,1979.0,0.0,FraNchEstYN
1979-10-16,1979.0,0.0,FraNchEstYN
1979-10-17,1979.0,0.0,FraNchEstYN
1979-10-18,1979.0,0.0,FraNchEstYN
1979-10-19,1979.0,0.0,FraNchEstYN
1979-10-20,1979.0,0.0,FraNchEstYN
1979-10-21,1979.0,0.0,FraNchEstYN
1979-10-22,1979.0,0.0,FraNchEstYN
1979-10-23,1979.0,0.0,FraNchEstYN
1979-10-24,1979.0,0.0,FraNchEstYN
1979-10-25,1979.0,0.0,FraNchEstYN
1979-10-26,1979.0,0.0,FraNchEstYN
1979-10-27,1979.0,0.0,FraNchEstYN
1979-10-28,1979.0,0.0,FraNchEstYN
1979-10-29,1979.0,0.0,FraNchEstYN
1979-10-30,1979.0,0.0,FraNchEstYN
1979-10-31,1979.0,0.0,FraNchEstYN
1979-11-01,1979.0,0.0,FraNchEstYN
1979-11-02,1979.0,0.0,FraNchEstYN
1979-11-03,1979.0,0.0,FraNchEstYN
1979-11-04,1979.0,0.0,FraNchEstYN
1979-11-05,1979.0,0.0,FraNchEstYN
1979-11-06,1979.0,0.0,FraNchEstYN
1979-11-07,1979.0,0.0,FraNchEstYN
1979-11-08,1979.0,0.0,FraNchEstYN
1979-11-09,1979.0,0.0,FraNchEstYN
1979-11-10,1979.0,0.0,FraNchEstYN
1979-11-11,1979.0,0.0,FraNchEstYN
1979-11-12,1979.0,0.0,FraNchEstYN
1979-11-13,1979.0,0.0,FraNchEstYN
1979-11-14,1979.0,0.0,FraNchEstYN
1979-11-15,1979.0,0.0,FraNchEstYN
1979-11-16,1979.0,0.0,FraNchEstYN
1979-11-17,1979.0,0.0,FraNchEstYN
1979-11-18,1979.0,0.0,FraNchEstYN
1979-11-19,1979.0,0.0,FraNchEstYN
1979-11-20,1979.0,0.0,FraNchEstYN
1979-11-21,1979.0,0.0,FraNchEstYN
1979-11-22,1979.0,0.0,FraNchEstYN
1979-11-23,1979.0,0.0,FraNchEstYN
1979-11-24,1979.0,0.0,FraNchEstYN
1979-11-25,1979.0,0.0,FraNchEstYN
1979-11-26,1979.0,0.0,FraNchEstYN
1979-11-27,1979.0,0.0,FraNchEstYN
1979-11-28,1979.0,0.0,FraNchEstYN
1979-11-29,1979.0,0.0,FraNchEstYN
1979-11-30,1979.0,0.0,FraNchEstYN
1979-12-01,1979.0,0.0,FraNchEstYN
1979-12-02,1979.0,0.0,FraNchEstYN
1979-12-03,1979.0,0.0,FraNchEstYN
1979-12-04,1979.0,0.0,FraNchEstYN
1979-12-05,1979.0,0.0,FraNchEstYN
1979-12-06,1979.0,0.0,FraNchEstYN
1979-12-07,1979.0,0.0,FraNchEstYN
1979-12-08,1979.0,0.0,FraNchEstYN
1979-12-09,1979.0,0.0,FraNchEstYN
1979-12-10,1979.0,0.0,FraNchEstYN
1979-12-11,1979.0,0.0,FraNchEstYN
1979-12-12,1979.0,0.0,FraNchEstYN
1979-12-13,1979.0,0.0,FraNchEstYN
1979-12-14,1979.0,0.0,FraNchEstYN
1979-12-15,1979.0,0.0,FraNchEstYN
1979-12-16,1979.0,0.0,FraNchEstYN
1979-12-17,1979.0,0.0,FraNchEstYN
1979-12-18,1979.0,0.0,FraNchEstYN
1979-12-19,1979.0,0.0,FraNchEstYN
1979-12-20,1979.0,0.0,FraNchEstYN
1979-12-21,1979.0,0.0,FraNchEstYN
1979-12-22,1979.0,0.0,FraNchEstYN
1979-12-23,1979.0,0.0,FraNchEstYN
1979-12-24,1979.0,0.0,FraNchEstYN
1979-12-25,1979.0,0.0,FraNchEstYN
1979-12-26,1979.0,0.0,FraNchEstYN
1979-12-27,1979.0,0.0,FraNchEstYN
1979-12-28,1979.0,0.0,FraNchEstYN
1979-12-29,1979.0,0.0,FraNchEstYN
1979-12-30,1979.0,0.0,FraNchEstYN
1979-12-31,1979.0,0.0,FraNchEstYN
1980-01-01,1980.0,0.0,FraNchEstYN
1980-01-02,1980.0,0.0,FraNchEstYN
1980-01-03,1980.0,0.0,FraNchEstYN
1980-01-04,1980.0,0.0,FraNchEstYN
1980-01-05,1980.0,0.0,FraNchEstYN
1980-01-06,1980.0,0.0,FraNchEstYN
1980-01-07,1980.0,0.0,FraNchEstYN
1980-01-08,1980.0,0.0,FraNchEstYN
1980-01-09,1980.0,0.0,FraNchEstYN
1980-01-10,1980.0,0.0,FraNchEstYN
1980-01-11,1980.0,0.0,FraNchEstYN
1980-01-12,1980.0,0.0,FraNchEstYN
1980-01-13,1980.0,0.0,FraNchEstYN
1980-01-14,1980.0,0.0,FraNchEstYN
1980-01-15,1980.0,0.0,FraNchEstYN
1980-01-16,1980.0,0.0,FraNchEstYN
1980-01-17,1980.0,0.0,FraNchEstYN
1980-01-18,1980.0,0.0,FraNchEstYN
1980-01-19,1980.0,0.0,FraNchEstYN
1980-01-20,1980.0,0.0,FraNchEstYN
1980-01-21,1980.0,0.0,FraNchEstYN
1980-01-22,1980.0,0.0,FraNchEstYN
1980-01-23,1980.0,0.0,FraNchEstYN
1980-01-24,1980.0,0.0,FraNchEstYN
1980-01-25,1980.0,0.0,FraNchEstYN
1980-01-26,1980.0,0.0,FraNchEstYN
1980-01-27,1980.0,0.0,FraNchEstYN
1980-01-28,1980.0,0.0,FraNchEstYN
1980-01-29,1980.0,0.0,FraNchEstYN
1980-01-30,1980.0,0.0,FraNchEstYN
1980-01-31,1980.0,0.0,FraNchEstYN
1980-02-01,1980.0,0.0,FraNchEstYN
1980-02-02,1980.0,0.0,FraNchEstYN
1980-02-03,1980.0,0.0,FraNchEstYN
1980-02-04,1980.0,0.0,FraNchEstYN
1980-02-05,1980.0,0.0,FraNchEstYN
1980-02-06,1980.0,0.0,FraNchEstYN
1980-02-07,1980.0,0.0,FraNchEstYN
1980-02-08,1980.0,0.0,FraNchEstYN
1980-02-09,1980.0,0.0,FraNchEstYN
1980-02-10,1980.0,0.0,FraNchEstYN
1980-02-11,1980.0,0.0,FraNchEstYN
1980-02-12,1980.0,0.0,FraNchEstYN
1980-02-13,1980.0,0.0,FraNchEstYN
1980-02-14,1980.0,0.0,FraNchEstYN
1980-02-15,1980.0,0.0,FraNchEstYN
1980-02-16,1980.0,0.0,FraNchEstYN
1980-02-17,1980.0,0.0,FraNchEstYN
1980-02-18,1980.0,0.0,FraNchEstYN
1980-02-19,1980.0,0.0,FraNchEstYN
1980-02-20,1980.0,0.0,FraNchEstYN
1980-02-21,1980.0,0.0,FraNchEstYN
1980-02-22,1980.0,0.0,FraNchEstYN
1980-02-23,1980.0,0.0,FraNchEstYN
1980-02-24,1980.0,0.0,FraNchEstYN
1980-02-25,1980.0,0.0,FraNchEstYN
1980-02-26,1980.0,0.0,FraNchEstYN
1980-02-27,1980.0,0.0,FraNchEstYN
1980-02-28,1980.0,0.0,FraNchEstYN
1980-02-29,1980.0,0.0,FraNchEstYN
1980-03-01,1980.0,0.0,FraNchEstYN
1980-03-02,1980.0,0.0,FraNchEstYN
1980-03-03,1980.0,0.0,FraNchEstYN
1980-03-04,1980.0,0.0,FraNchEstYN
1980-03-05,1980.0,0.0,FraNchEstYN
1980-03-06,1980.0,0.0,FraNchEstYN
1980-03-07,1980.0,0.0,FraNchEstYN
1980-03-08,1980.0,0.0,FraNchEstYN
1980-03-09,1980.0,0.0,FraNchEstYN
1980-03-10,1980.0,0.0,FraNchEstYN
1980-03-11,1980.0,0.0,FraNchEstYN
1980-03-12,1980.0,0.0,FraNchEstYN
1980-03-13,1980.0,0.0,FraNchEstYN
1980-03-14,1980.0,0.0,FraNchEstYN
1980-03-15,1980.0,0.0,FraNchEstYN
1980-03-16,1980.0,0.0,FraNchEstYN
1980-03-17,1980.0,0.0,FraNchEstYN
1980-03-18,1980.0,0.0,FraNchEstYN
1980-03-19,1980.0,0.0,FraNchEstYN
1980-03-20,1980.0,0.0,FraNchEstYN
1980-03-21,1980.0,0.0,FraNchEstYN
1980-03-22,1980.0,0.0,FraNchEstYN
1980-03-23,1980.0,0.0,FraNchEstYN
1980-03-24,1980.0,0.0,FraNchEstYN
1980-03-25,1980.0,0.0,FraNchEstYN
1980-03-26,1980.0,0.0,FraNchEstYN
1980-03-27,1980.0,0.0,FraNchEstYN
1980-03-28,1980.0,0.0,FraNchEstYN
1980-03-29,1980.0,0.0,FraNchEstYN
1980-03-30,1980.0,0.0,FraNchEstYN
1980-03-31,1980.0,0.0,FraNchEstYN
1980-04-01,1980.0,0.0,FraNchEstYN
1980-04-02,1980.0,0.0,FraNchEstYN
1980-04-03,1980.0,0.0,FraNchEstYN
1980-04-04,1980.0,0.0,FraNchEstYN
1980-04-05,1980.0,0.0,FraNchEstYN
1980-04-06,1980.0,0.0,FraNchEstYN
1980-04-07,1980.0,0.0,FraNchEstYN
1980-04-08,1980.0,0.0,FraNchEstYN
1980-04-09,1980.0,0.0,FraNchEstYN
1980-04-10,1980.0,0.0,FraNchEstYN
1980-04-11,1980.0,0.0,FraNchEstYN
1980-04-12,1980.0,0.0,FraNchEstYN
1980-04-13,1980.0,0.0,FraNchEstYN
1980-04-14,1980.0,0.0,FraNchEstYN
1980-04-15,1980.0,0.0,FraNchEstYN
1980-04-16,1980.0,0.0,FraNchEstYN
1980-04-17,1980.0,0.0,FraNchEstYN
1980-04-18,1980.0,0.0,FraNchEstYN
1980-04-19,1980.0,0.0,FraNchEstYN
1980-04-20,1980.0,0.0,FraNchEstYN
1980-04-21,1980.0,0.0,FraNchEstYN
1980-04-22,1980.0,0.0,FraNchEstYN
1980-04-23,1980.0,0.0,FraNchEstYN
1980-04-24,1980.0,0.0,FraNchEstYN
1980-04-25,1980.0,0.0,FraNchEstYN
1980-04-26,1980.0,0.0,FraNchEstYN
1980-04-27,1980.0,0.0,FraNchEstYN
1980-04-28,1980.0,0.0,FraNchEstYN
1980-04-29,1980.0,0.0,FraNchEstYN
1980-04-30,1980.0,0.0,FraNchEstYN
1980-05-01,1980.0,0.0,FraNchEstYN
1980-05-02,1980.0,0.0,FraNchEstYN
1980-05-03,1980.0,0.0,FraNchEstYN
1980-05-04,1980.0,0.0,FraNchEstYN
1980-05-05,1980.0,0.0,FraNchEstYN
1980-05-06,1980.0,0.0,FraNchEstYN
1980-05-07,1980.0,0.0,FraNchEstYN
1980-05-08,1980.0,0.0,FraNchEstYN
1980-05-09,1980.0,0.0,FraNchEstYN
1980-05-10,1980.0,0.0,FraNchEstYN
1980-05-11,1980.0,0.0,FraNchEstYN
1980-05-12,1980.0,0.0,FraNchEstYN
1980-05-13,1980.0,0.0,FraNchEstYN
1980-05-14,1980.0,0.0,FraNchEstYN
1980-05-15,1980.0,0.0,FraNchEstYN
1980-05-16,1980.0,0.0,FraNchEstYN
1980-05-17,1980.0,0.0,FraNchEstYN
1980-05-18,1980.0,0.0,FraNchEstYN
1980-05-19,1980.0,0.0,FraNchEstYN
1980-05-20,1980.0,0.0,FraNchEstYN
1980-05-21,1980.0,0.0,FraNchEstYN
1980-05-22,1980.0,0.0,FraNchEstYN
1980-05-23,1980.0,0.0,FraNchEstYN
1980-05-24,1980.0,0.0,FraNchEstYN
1980-05-25,1980.0,0.0,FraNchEstYN
1980-05-26,1980.0,0.0,FraNchEstYN
1980-05-27,1980.0,0.0,FraNchEstYN
1980-05-28,1980.0,0.043025807,FraNchEstYN
1980-05-29,1980.0,0.07735778,FraNchEstYN
1980-05-30,1980.0,0.12512259,FraNchEstYN
1980-05-31,1980.0,0.12512259,FraNchEstYN
1980-06-01,1980.0,0.12512259,FraNchEstYN
1980-06-02,1980.0,0.21235915,FraNchEstYN
1980-06-03,1980.0,0.23087564,FraNchEstYN
1980-06-04,1980.0,0.23087564,FraNchEstYN
1980-06-05,1980.0,0.23087564,FraNchEstYN
1980-06-06,1980.0,0.23087564,FraNchEstYN
1980-06-07,1980.0,0.2799972,FraNchEstYN
1980-06-08,1980.0,0.32276872,FraNchEstYN
1980-06-09,1980.0,0.32276872,FraNchEstYN
1980-06-10,1980.0,0.32276872,FraNchEstYN
1980-06-11,1980.0,0.32276872,FraNchEstYN
1980-06-12,1980.0,0.32276872,FraNchEstYN
1980-06-13,1980.0,0.32276872,FraNchEstYN
1980-06-14,1980.0,0.32276872,FraNchEstYN
1980-06-15,1980.0,0.35190377,FraNchEstYN
1980-06-16,1980.0,0.3798531,FraNchEstYN
1980-06-17,1980.0,0.3798531,FraNchEstYN
1980-06-18,1980.0,0.42112884,FraNchEstYN
1980-06-19,1980.0,0.45931926,FraNchEstYN
1980-06-20,1980.0,0.4981567,FraNchEstYN
1980-06-21,1980.0,0.4981567,FraNchEstYN
1980-06-22,1980.0,0.4981567,FraNchEstYN
1980-06-23,1980.0,0.5108973,FraNchEstYN
1980-06-24,1980.0,0.5379686,FraNchEstYN
1980-06-25,1980.0,0.5389722,FraNchEstYN
1980-06-26,1980.0,0.5389722,FraNchEstYN
1980-06-27,1980.0,0.54030085,FraNchEstYN
1980-06-28,1980.0,0.54030085,FraNchEstYN
1980-06-29,1980.0,0.54030085,FraNchEstYN
1980-06-30,1980.0,0.5485021,FraNchEstYN
1980-07-01,1980.0,0.57144505,FraNchEstYN
1980-07-02,1980.0,0.5865374,FraNchEstYN
1980-07-03,1980.0,0.5865374,FraNchEstYN
1980-07-04,1980.0,0.5865374,FraNchEstYN
1980-07-05,1980.0,0.5881698,FraNchEstYN
1980-07-06,1980.0,0.5881698,FraNchEstYN
1980-07-07,1980.0,0.5881698,FraNchEstYN
1980-07-08,1980.0,0.5881698,FraNchEstYN
1980-07-09,1980.0,0.597397,FraNchEstYN
1980-07-10,1980.0,0.6052777,FraNchEstYN
1980-07-11,1980.0,0.60563433,FraNchEstYN
1980-07-12,1980.0,0.60563433,FraNchEstYN
1980-07-13,1980.0,0.60563433,FraNchEstYN
1980-07-14,1980.0,0.60563433,FraNchEstYN
1980-07-15,1980.0,0.60778475,FraNchEstYN
1980-07-16,1980.0,0.60778475,FraNchEstYN
1980-07-17,1980.0,0.6092945,FraNchEstYN
1980-07-18,1980.0,0.60931575,FraNchEstYN
1980-07-19,1980.0,0.60931575,FraNchEstYN
1980-07-20,1980.0,0.60932463,FraNchEstYN
1980-07-21,1980.0,0.60932463,FraNchEstYN
1980-07-22,1980.0,0.60932744,FraNchEstYN
1980-07-23,1980.0,0.60980517,FraNchEstYN
1980-07-24,1980.0,0.6102393,FraNchEstYN
1980-07-25,1980.0,0.6102393,FraNchEstYN
1980-07-26,1980.0,0.61023927,FraNchEstYN
1980-07-27,1980.0,0.6102393,FraNchEstYN
1980-07-28,1980.0,0.61023927,FraNchEstYN
1980-07-29,1980.0,0.61023927,FraNchEstYN
1980-07-30,1980.0,0.61023927,FraNchEstYN
1980-09-29,1980.0,0.0,FraNchEstYN
1980-09-30,1980.0,0.0,FraNchEstYN
1980-10-01,1980.0,0.0,FraNchEstYN
1980-10-02,1980.0,0.0,FraNchEstYN
1980-10-03,1980.0,0.0,FraNchEstYN
1980-10-04,1980.0,0.0,FraNchEstYN
1980-10-05,1980.0,0.0,FraNchEstYN
1980-10-06,1980.0,0.0,FraNchEstYN
1980-10-07,1980.0,0.0,FraNchEstYN
1980-10-08,1980.0,0.0,FraNchEstYN
1980-10-09,1980.0,0.0,FraNchEstYN
1980-10-10,1980.0,0.0,FraNchEstYN
1980-10-11,1980.0,0.0,FraNchEstYN
1980-10-12,1980.0,0.0,FraNchEstYN
1980-10-13,1980.0,0.0,FraNchEstYN
1980-10-14,1980.0,0.0,FraNchEstYN
1980-10-15,1980.0,0.0,FraNchEstYN
1980-10-16,1980.0,0.0,FraNchEstYN
1980-10-17,1980.0,0.0,FraNchEstYN
1980-10-18,1980.0,0.0,FraNchEstYN
1980-10-19,1980.0,0.0,FraNchEstYN
1980-10-20,1980.0,0.0,FraNchEstYN
1980-10-21,1980.0,0.0,FraNchEstYN
1980-10-22,1980.0,0.0,FraNchEstYN
1980-10-23,1980.0,0.0,FraNchEstYN
1980-10-24,1980.0,0.0,FraNchEstYN
1980-10-25,1980.0,0.0,FraNchEstYN
1980-10-26,1980.0,0.0,FraNchEstYN
1980-10-27,1980.0,0.0,FraNchEstYN
1980-10-28,1980.0,0.0,FraNchEstYN
1980-10-29,1980.0,0.0,FraNchEstYN
1980-10-30,1980.0,0.0,FraNchEstYN
1980-10-31,1980.0,0.0,FraNchEstYN
1980-11-01,1980.0,0.0,FraNchEstYN
1980-11-02,1980.0,0.0,FraNchEstYN
1980-11-03,1980.0,0.0,FraNchEstYN
1980-11-04,1980.0,0.0,FraNchEstYN
1980-11-05,1980.0,0.0,FraNchEstYN
1980-11-06,1980.0,0.0,FraNchEstYN
1980-11-07,1980.0,0.0,FraNchEstYN
1980-11-08,1980.0,0.0,FraNchEstYN
1980-11-09,1980.0,0.0,FraNchEstYN
1980-11-10,1980.0,0.0,FraNchEstYN
1980-11-11,1980.0,0.0,FraNchEstYN
1980-11-12,1980.0,0.0,FraNchEstYN
1980-11-13,1980.0,0.0,FraNchEstYN
1980-11-14,1980.0,0.0,FraNchEstYN
1980-11-15,1980.0,0.0,FraNchEstYN
1980-11-16,1980.0,0.0,FraNchEstYN
1980-11-17,1980.0,0.0,FraNchEstYN
1980-11-18,1980.0,0.0,FraNchEstYN
1980-11-19,1980.0,0.0,FraNchEstYN
1980-11-20,1980.0,0.0,FraNchEstYN
1980-11-21,1980.0,0.0,FraNchEstYN
1980-11-22,1980.0,0.0,FraNchEstYN
1980-11-23,1980.0,0.0,FraNchEstYN
1980-11-24,1980.0,0.0,FraNchEstYN
1980-11-25,1980.0,0.0,FraNchEstYN
1980-11-26,1980.0,0.0,FraNchEstYN
1980-11-27,1980.0,0.0,FraNchEstYN
1980-11-28,1980.0,0.0,FraNchEstYN
1980-11-29,1980.0,0.0,FraNchEstYN
1980-11-30,1980.0,0.0,FraNchEstYN
1980-12-01,1980.0,0.0,FraNchEstYN
1980-12-02,1980.0,0.0,FraNchEstYN
1980-12-03,1980.0,0.0,FraNchEstYN
1980-12-04,1980.0,0.0,FraNchEstYN
1980-12-05,1980.0,0.0,FraNchEstYN
1980-12-06,1980.0,0.0,FraNchEstYN
1980-12-07,1980.0,0.0,FraNchEstYN
1980-12-08,1980.0,0.0,FraNchEstYN
1980-12-09,1980.0,0.0,FraNchEstYN
1980-12-10,1980.0,0.0,FraNchEstYN
1980-12-11,1980.0,0.0,FraNchEstYN
1980-12-12,1980.0,0.0,FraNchEstYN
1980-12-13,1980.0,0.0,FraNchEstYN
1980-12-14,1980.0,0.0,FraNchEstYN
1980-12-15,1980.0,0.0,FraNchEstYN
1980-12-16,1980.0,0.0,FraNchEstYN
1980-12-17,1980.0,0.0,FraNchEstYN
1980-12-18,1980.0,0.0,FraNchEstYN
1980-12-19,1980.0,0.0,FraNchEstYN
1980-12-20,1980.0,0.0,FraNchEstYN
1980-12-21,1980.0,0.0,FraNchEstYN
1980-12-22,1980.0,0.0,FraNchEstYN
1980-12-23,1980.0,0.0,FraNchEstYN
1980-12-24,1980.0,0.0,FraNchEstYN
1980-12-25,1980.0,0.0,FraNchEstYN
1980-12-26,1980.0,0.0,FraNchEstYN
1980-12-27,1980.0,0.0,FraNchEstYN
1980-12-28,1980.0,0.0,FraNchEstYN
1980-12-29,1980.0,0.0,FraNchEstYN
1980-12-30,1980.0,0.0,FraNchEstYN
1980-12-31,1980.0,0.0,FraNchEstYN
1981-01-01,1981.0,0.0,FraNchEstYN
1981-01-02,1981.0,0.0,FraNchEstYN
1981-01-03,1981.0,0.0,FraNchEstYN
1981-01-04,1981.0,0.0,FraNchEstYN
1981-01-05,1981.0,0.0,FraNchEstYN
1981-01-06,1981.0,0.0,FraNchEstYN
1981-01-07,1981.0,0.0,FraNchEstYN
1981-01-08,1981.0,0.0,FraNchEstYN
1981-01-09,1981.0,0.0,FraNchEstYN
1981-01-10,1981.0,0.0,FraNchEstYN
1981-01-11,1981.0,0.0,FraNchEstYN
1981-01-12,1981.0,0.0,FraNchEstYN
1981-01-13,1981.0,0.0,FraNchEstYN
1981-01-14,1981.0,0.0,FraNchEstYN
1981-01-15,1981.0,0.0,FraNchEstYN
1981-01-16,1981.0,0.0,FraNchEstYN
1981-01-17,1981.0,0.0,FraNchEstYN
1981-01-18,1981.0,0.0,FraNchEstYN
1981-01-19,1981.0,0.0,FraNchEstYN
1981-01-20,1981.0,0.0,FraNchEstYN
1981-01-21,1981.0,0.0,FraNchEstYN
1981-01-22,1981.0,0.0,FraNchEstYN
1981-01-23,1981.0,0.0,FraNchEstYN
1981-01-24,1981.0,0.0,FraNchEstYN
1981-01-25,1981.0,0.0,FraNchEstYN
1981-01-26,1981.0,0.0,FraNchEstYN
1981-01-27,1981.0,0.0,FraNchEstYN
1981-01-28,1981.0,0.0,FraNchEstYN
1981-01-29,1981.0,0.0,FraNchEstYN
1981-01-30,1981.0,0.0,FraNchEstYN
1981-01-31,1981.0,0.0,FraNchEstYN
1981-02-01,1981.0,0.0,FraNchEstYN
1981-02-02,1981.0,0.0,FraNchEstYN
1981-02-03,1981.0,0.0,FraNchEstYN
1981-02-04,1981.0,0.0,FraNchEstYN
1981-02-05,1981.0,0.0,FraNchEstYN
1981-02-06,1981.0,0.0,FraNchEstYN
1981-02-07,1981.0,0.0,FraNchEstYN
1981-02-08,1981.0,0.0,FraNchEstYN
1981-02-09,1981.0,0.0,FraNchEstYN
1981-02-10,1981.0,0.0,FraNchEstYN
1981-02-11,1981.0,0.0,FraNchEstYN
1981-02-12,1981.0,0.0,FraNchEstYN
1981-02-13,1981.0,0.0,FraNchEstYN
1981-02-14,1981.0,0.0,FraNchEstYN
1981-02-15,1981.0,0.0,FraNchEstYN
1981-02-16,1981.0,0.0,FraNchEstYN
1981-02-17,1981.0,0.0,FraNchEstYN
1981-02-18,1981.0,0.0,FraNchEstYN
1981-02-19,1981.0,0.0,FraNchEstYN
1981-02-20,1981.0,0.0,FraNchEstYN
1981-02-21,1981.0,0.0,FraNchEstYN
1981-02-22,1981.0,0.0,FraNchEstYN
1981-02-23,1981.0,0.0,FraNchEstYN
1981-02-24,1981.0,0.0,FraNchEstYN
1981-02-25,1981.0,0.0,FraNchEstYN
1981-02-26,1981.0,0.0,FraNchEstYN
1981-02-27,1981.0,0.0,FraNchEstYN
1981-02-28,1981.0,0.0,FraNchEstYN
1981-03-01,1981.0,0.0,FraNchEstYN
1981-03-02,1981.0,0.0,FraNchEstYN
1981-03-03,1981.0,0.0,FraNchEstYN
1981-03-04,1981.0,0.0,FraNchEstYN
1981-03-05,1981.0,0.0,FraNchEstYN
1981-03-06,1981.0,0.0,FraNchEstYN
1981-03-07,1981.0,0.0,FraNchEstYN
1981-03-08,1981.0,0.0,FraNchEstYN
1981-03-09,1981.0,0.0,FraNchEstYN
1981-03-10,1981.0,0.0,FraNchEstYN
1981-03-11,1981.0,0.0,FraNchEstYN
1981-03-12,1981.0,0.0,FraNchEstYN
1981-03-13,1981.0,0.0,FraNchEstYN
1981-03-14,1981.0,0.0,FraNchEstYN
1981-03-15,1981.0,0.0,FraNchEstYN
1981-03-16,1981.0,0.0,FraNchEstYN
1981-03-17,1981.0,0.0,FraNchEstYN
1981-03-18,1981.0,0.0,FraNchEstYN
1981-03-19,1981.0,0.0,FraNchEstYN
1981-03-20,1981.0,0.0,FraNchEstYN
1981-03-21,1981.0,0.0,FraNchEstYN
1981-03-22,1981.0,0.0,FraNchEstYN
1981-03-23,1981.0,0.0,FraNchEstYN
1981-03-24,1981.0,0.0,FraNchEstYN
1981-03-25,1981.0,0.0,FraNchEstYN
1981-03-26,1981.0,0.0,FraNchEstYN
1981-03-27,1981.0,0.0,FraNchEstYN
1981-03-28,1981.0,0.0,FraNchEstYN
1981-03-29,1981.0,0.0,FraNchEstYN
1981-03-30,1981.0,0.0,FraNchEstYN
1981-03-31,1981.0,0.0,FraNchEstYN
1981-04-01,1981.0,0.0,FraNchEstYN
1981-04-02,1981.0,0.0,FraNchEstYN
1981-04-03,1981.0,0.0,FraNchEstYN
1981-04-04,1981.0,0.0,FraNchEstYN
1981-04-05,1981.0,0.0,FraNchEstYN
1981-04-06,1981.0,0.0,FraNchEstYN
1981-04-07,1981.0,0.0,FraNchEstYN
1981-04-08,1981.0,0.0,FraNchEstYN
1981-04-09,1981.0,0.0,FraNchEstYN
1981-04-10,1981.0,0.0,FraNchEstYN
1981-04-11,1981.0,0.0,FraNchEstYN
1981-04-12,1981.0,0.0,FraNchEstYN
1981-04-13,1981.0,0.0,FraNchEstYN
1981-04-14,1981.0,0.0,FraNchEstYN
1981-04-15,1981.0,0.0,FraNchEstYN
1981-04-16,1981.0,0.0,FraNchEstYN
1981-04-17,1981.0,0.0,FraNchEstYN
1981-04-18,1981.0,0.0,FraNchEstYN
1981-04-19,1981.0,0.0,FraNchEstYN
1981-04-20,1981.0,0.0,FraNchEstYN
1981-04-21,1981.0,0.0,FraNchEstYN
1981-04-22,1981.0,0.0,FraNchEstYN
1981-04-23,1981.0,0.0,FraNchEstYN
1981-04-24,1981.0,0.0,FraNchEstYN
1981-04-25,1981.0,0.0,FraNchEstYN
1981-04-26,1981.0,0.0,FraNchEstYN
1981-04-27,1981.0,0.0,FraNchEstYN
1981-04-28,1981.0,0.0,FraNchEstYN
1981-04-29,1981.0,0.0,FraNchEstYN
1981-04-30,1981.0,0.0,FraNchEstYN
1981-05-01,1981.0,0.0,FraNchEstYN
1981-05-02,1981.0,0.0,FraNchEstYN
1981-05-03,1981.0,0.0,FraNchEstYN
1981-05-04,1981.0,0.0,FraNchEstYN
1981-05-05,1981.0,0.01117114,FraNchEstYN
1981-05-06,1981.0,0.01117114,FraNchEstYN
1981-05-07,1981.0,0.01117114,FraNchEstYN
1981-05-08,1981.0,0.04148462,FraNchEstYN
1981-05-09,1981.0,0.070141196,FraNchEstYN
1981-05-10,1981.0,0.070141196,FraNchEstYN
1981-05-11,1981.0,0.070141196,FraNchEstYN
1981-05-12,1981.0,0.070141196,FraNchEstYN
1981-05-13,1981.0,0.070141196,FraNchEstYN
1981-05-14,1981.0,0.09648023,FraNchEstYN
1981-05-15,1981.0,0.09648023,FraNchEstYN
1981-05-16,1981.0,0.09648023,FraNchEstYN
1981-05-17,1981.0,0.09648023,FraNchEstYN
1981-05-18,1981.0,0.09648023,FraNchEstYN
1981-05-19,1981.0,0.09648023,FraNchEstYN
1981-05-20,1981.0,0.12036793,FraNchEstYN
1981-05-21,1981.0,0.14941543,FraNchEstYN
1981-05-22,1981.0,0.14941543,FraNchEstYN
1981-05-23,1981.0,0.14941543,FraNchEstYN
1981-05-24,1981.0,0.18023565,FraNchEstYN
1981-05-25,1981.0,0.21615201,FraNchEstYN
1981-05-26,1981.0,0.24429479,FraNchEstYN
1981-05-27,1981.0,0.24429479,FraNchEstYN
1981-05-28,1981.0,0.24429479,FraNchEstYN
1981-05-29,1981.0,0.28028202,FraNchEstYN
1981-05-30,1981.0,0.31683612,FraNchEstYN
1981-05-31,1981.0,0.31683612,FraNchEstYN
1981-06-01,1981.0,0.36785796,FraNchEstYN
1981-06-02,1981.0,0.36920622,FraNchEstYN
1981-06-03,1981.0,0.39049947,FraNchEstYN
1981-06-04,1981.0,0.39287227,FraNchEstYN
1981-06-05,1981.0,0.39313054,FraNchEstYN
1981-06-06,1981.0,0.39313054,FraNchEstYN
1981-06-07,1981.0,0.39432907,FraNchEstYN
1981-06-08,1981.0,0.43342495,FraNchEstYN
1981-06-09,1981.0,0.4675654,FraNchEstYN
1981-06-10,1981.0,0.49584237,FraNchEstYN
1981-06-11,1981.0,0.5268275,FraNchEstYN
1981-06-12,1981.0,0.5268276,FraNchEstYN
1981-06-13,1981.0,0.5268275,FraNchEstYN
1981-06-14,1981.0,0.5554086,FraNchEstYN
1981-06-15,1981.0,0.5554086,FraNchEstYN
1981-06-16,1981.0,0.5554086,FraNchEstYN
1981-06-17,1981.0,0.56354177,FraNchEstYN
1981-06-18,1981.0,0.57620853,FraNchEstYN
1981-06-19,1981.0,0.5814111,FraNchEstYN
1981-06-20,1981.0,0.5996631,FraNchEstYN
1981-06-21,1981.0,0.6134154,FraNchEstYN
1981-06-22,1981.0,0.6134154,FraNchEstYN
1981-06-23,1981.0,0.6149269,FraNchEstYN
1981-06-24,1981.0,0.6241786,FraNchEstYN
1981-06-25,1981.0,0.63164246,FraNchEstYN
1981-06-26,1981.0,0.63164246,FraNchEstYN
1981-06-27,1981.0,0.6373176,FraNchEstYN
1981-06-28,1981.0,0.64169765,FraNchEstYN
1981-06-29,1981.0,0.64184994,FraNchEstYN
1981-06-30,1981.0,0.641919,FraNchEstYN
1981-07-01,1981.0,0.6442189,FraNchEstYN
1981-07-02,1981.0,0.6442189,FraNchEstYN
1981-07-03,1981.0,0.6442189,FraNchEstYN
1981-07-04,1981.0,0.6442234,FraNchEstYN
1981-07-05,1981.0,0.6442234,FraNchEstYN
1981-07-06,1981.0,0.6446469,FraNchEstYN
1981-07-07,1981.0,0.6447278,FraNchEstYN
1981-07-08,1981.0,0.6447278,FraNchEstYN
1981-07-09,1981.0,0.6447278,FraNchEstYN
1981-07-10,1981.0,0.6447278,FraNchEstYN
1981-07-11,1981.0,0.6447278,FraNchEstYN
1981-07-12,1981.0,0.6447278,FraNchEstYN
1981-07-13,1981.0,0.6447278,FraNchEstYN
1981-07-14,1981.0,0.6447278,FraNchEstYN
1981-07-15,1981.0,0.6447278,FraNchEstYN
1981-07-16,1981.0,0.6447278,FraNchEstYN
1981-07-17,1981.0,0.6447278,FraNchEstYN
1981-09-30,1981.0,0.0,FraNchEstYN
1981-10-01,1981.0,0.0,FraNchEstYN
1981-10-02,1981.0,0.0,FraNchEstYN
1981-10-03,1981.0,0.0,FraNchEstYN
1981-10-04,1981.0,0.0,FraNchEstYN
1981-10-05,1981.0,0.0,FraNchEstYN
1981-10-06,1981.0,0.0,FraNchEstYN
1981-10-07,1981.0,0.0,FraNchEstYN
1981-10-08,1981.0,0.0,FraNchEstYN
1981-10-09,1981.0,0.0,FraNchEstYN
1981-10-10,1981.0,0.0,FraNchEstYN
1981-10-11,1981.0,0.0,FraNchEstYN
1981-10-12,1981.0,0.0,FraNchEstYN
1981-10-13,1981.0,0.0,FraNchEstYN
1981-10-14,1981.0,0.0,FraNchEstYN
1981-10-15,1981.0,0.0,FraNchEstYN
1981-10-16,1981.0,0.0,FraNchEstYN
1981-10-17,1981.0,0.0,FraNchEstYN
1981-10-18,1981.0,0.0,FraNchEstYN
1981-10-19,1981.0,0.0,FraNchEstYN
1981-10-20,1981.0,0.0,FraNchEstYN
1981-10-21,1981.0,0.0,FraNchEstYN
1981-10-22,1981.0,0.0,FraNchEstYN
1981-10-23,1981.0,0.0,FraNchEstYN
1981-10-24,1981.0,0.0,FraNchEstYN
1981-10-25,1981.0,0.0,FraNchEstYN
1981-10-26,1981.0,0.0,FraNchEstYN
1981-10-27,1981.0,0.0,FraNchEstYN
1981-10-28,1981.0,0.0,FraNchEstYN
1981-10-29,1981.0,0.0,FraNchEstYN
1981-10-30,1981.0,0.0,FraNchEstYN
1981-10-31,1981.0,0.0,FraNchEstYN
1981-11-01,1981.0,0.0,FraNchEstYN
1981-11-02,1981.0,0.0,FraNchEstYN
1981-11-03,1981.0,0.0,FraNchEstYN
1981-11-04,1981.0,0.0,FraNchEstYN
1981-11-05,1981.0,0.0,FraNchEstYN
1981-11-06,1981.0,0.0,FraNchEstYN
1981-11-07,1981.0,0.0,FraNchEstYN
1981-11-08,1981.0,0.0,FraNchEstYN
1981-11-09,1981.0,0.0,FraNchEstYN
1981-11-10,1981.0,0.0,FraNchEstYN
1981-11-11,1981.0,0.0,FraNchEstYN
1981-11-12,1981.0,0.0,FraNchEstYN
1981-11-13,1981.0,0.0,FraNchEstYN
1981-11-14,1981.0,0.0,FraNchEstYN
1981-11-15,1981.0,0.0,FraNchEstYN
1981-11-16,1981.0,0.0,FraNchEstYN
1981-11-17,1981.0,0.0,FraNchEstYN
1981-11-18,1981.0,0.0,FraNchEstYN
1981-11-19,1981.0,0.0,FraNchEstYN
1981-11-20,1981.0,0.0,FraNchEstYN
1981-11-21,1981.0,0.0,FraNchEstYN
1981-11-22,1981.0,0.0,FraNchEstYN
1981-11-23,1981.0,0.0,FraNchEstYN
1981-11-24,1981.0,0.0,FraNchEstYN
1981-11-25,1981.0,0.0,FraNchEstYN
1981-11-26,1981.0,0.0,FraNchEstYN
1981-11-27,1981.0,0.0,FraNchEstYN
1981-11-28,1981.0,0.0,FraNchEstYN
1981-11-29,1981.0,0.0,FraNchEstYN
1981-11-30,1981.0,0.0,FraNchEstYN
1981-12-01,1981.0,0.0,FraNchEstYN
1981-12-02,1981.0,0.0,FraNchEstYN
1981-12-03,1981.0,0.0,FraNchEstYN
1981-12-04,1981.0,0.0,FraNchEstYN
1981-12-05,1981.0,0.0,FraNchEstYN
1981-12-06,1981.0,0.0,FraNchEstYN
1981-12-07,1981.0,0.0,FraNchEstYN
1981-12-08,1981.0,0.0,FraNchEstYN
1981-12-09,1981.0,0.0,FraNchEstYN
1981-12-10,1981.0,0.0,FraNchEstYN
1981-12-11,1981.0,0.0,FraNchEstYN
1981-12-12,1981.0,0.0,FraNchEstYN
1981-12-13,1981.0,0.0,FraNchEstYN
1981-12-14,1981.0,0.0,FraNchEstYN
1981-12-15,1981.0,0.0,FraNchEstYN
1981-12-16,1981.0,0.0,FraNchEstYN
1981-12-17,1981.0,0.0,FraNchEstYN
1981-12-18,1981.0,0.0,FraNchEstYN
1981-12-19,1981.0,0.0,FraNchEstYN
1981-12-20,1981.0,0.0,FraNchEstYN
1981-12-21,1981.0,0.0,FraNchEstYN
1981-12-22,1981.0,0.0,FraNchEstYN
1981-12-23,1981.0,0.0,FraNchEstYN
1981-12-24,1981.0,0.0,FraNchEstYN
1981-12-25,1981.0,0.0,FraNchEstYN
1981-12-26,1981.0,0.0,FraNchEstYN
1981-12-27,1981.0,0.0,FraNchEstYN
1981-12-28,1981.0,0.0,FraNchEstYN
1981-12-29,1981.0,0.0,FraNchEstYN
1981-12-30,1981.0,0.0,FraNchEstYN
1981-12-31,1981.0,0.0,FraNchEstYN
1982-01-01,1982.0,0.0,FraNchEstYN
1982-01-02,1982.0,0.0,FraNchEstYN
1982-01-03,1982.0,0.0,FraNchEstYN
1982-01-04,1982.0,0.0,FraNchEstYN
1982-01-05,1982.0,0.0,FraNchEstYN
1982-01-06,1982.0,0.0,FraNchEstYN
1982-01-07,1982.0,0.0,FraNchEstYN
1982-01-08,1982.0,0.0,FraNchEstYN
1982-01-09,1982.0,0.0,FraNchEstYN
1982-01-10,1982.0,0.0,FraNchEstYN
1982-01-11,1982.0,0.0,FraNchEstYN
1982-01-12,1982.0,0.0,FraNchEstYN
1982-01-13,1982.0,0.0,FraNchEstYN
1982-01-14,1982.0,0.0,FraNchEstYN
1982-01-15,1982.0,0.0,FraNchEstYN
1982-01-16,1982.0,0.0,FraNchEstYN
1982-01-17,1982.0,0.0,FraNchEstYN
1982-01-18,1982.0,0.0,FraNchEstYN
1982-01-19,1982.0,0.0,FraNchEstYN
1982-01-20,1982.0,0.0,FraNchEstYN
1982-01-21,1982.0,0.0,FraNchEstYN
1982-01-22,1982.0,0.0,FraNchEstYN
1982-01-23,1982.0,0.0,FraNchEstYN
1982-01-24,1982.0,0.0,FraNchEstYN
1982-01-25,1982.0,0.0,FraNchEstYN
1982-01-26,1982.0,0.0,FraNchEstYN
1982-01-27,1982.0,0.0,FraNchEstYN
1982-01-28,1982.0,0.0,FraNchEstYN
1982-01-29,1982.0,0.0,FraNchEstYN
1982-01-30,1982.0,0.0,FraNchEstYN
1982-01-31,1982.0,0.0,FraNchEstYN
1982-02-01,1982.0,0.0,FraNchEstYN
1982-02-02,1982.0,0.0,FraNchEstYN
1982-02-03,1982.0,0.0,FraNchEstYN
1982-02-04,1982.0,0.0,FraNchEstYN
1982-02-05,1982.0,0.0,FraNchEstYN
1982-02-06,1982.0,0.0,FraNchEstYN
1982-02-07,1982.0,0.0,FraNchEstYN
1982-02-08,1982.0,0.0,FraNchEstYN
1982-02-09,1982.0,0.0,FraNchEstYN
1982-02-10,1982.0,0.0,FraNchEstYN
1982-02-11,1982.0,0.0,FraNchEstYN
1982-02-12,1982.0,0.0,FraNchEstYN
1982-02-13,1982.0,0.0,FraNchEstYN
1982-02-14,1982.0,0.0,FraNchEstYN
1982-02-15,1982.0,0.0,FraNchEstYN
1982-02-16,1982.0,0.0,FraNchEstYN
1982-02-17,1982.0,0.0,FraNchEstYN
1982-02-18,1982.0,0.0,FraNchEstYN
1982-02-19,1982.0,0.0,FraNchEstYN
1982-02-20,1982.0,0.0,FraNchEstYN
1982-02-21,1982.0,0.0,FraNchEstYN
1982-02-22,1982.0,0.0,FraNchEstYN
1982-02-23,1982.0,0.0,FraNchEstYN
1982-02-24,1982.0,0.0,FraNchEstYN
1982-02-25,1982.0,0.0,FraNchEstYN
1982-02-26,1982.0,0.0,FraNchEstYN
1982-02-27,1982.0,0.0,FraNchEstYN
1982-02-28,1982.0,0.0,FraNchEstYN
1982-03-01,1982.0,0.0,FraNchEstYN
1982-03-02,1982.0,0.0,FraNchEstYN
1982-03-03,1982.0,0.0,FraNchEstYN
1982-03-04,1982.0,0.0,FraNchEstYN
1982-03-05,1982.0,0.0,FraNchEstYN
1982-03-06,1982.0,0.0,FraNchEstYN
1982-03-07,1982.0,0.0,FraNchEstYN
1982-03-08,1982.0,0.0,FraNchEstYN
1982-03-09,1982.0,0.0,FraNchEstYN
1982-03-10,1982.0,0.0,FraNchEstYN
1982-03-11,1982.0,0.0,FraNchEstYN
1982-03-12,1982.0,0.0,FraNchEstYN
1982-03-13,1982.0,0.0,FraNchEstYN
1982-03-14,1982.0,0.0,FraNchEstYN
1982-03-15,1982.0,0.0,FraNchEstYN
1982-03-16,1982.0,0.0,FraNchEstYN
1982-03-17,1982.0,0.0,FraNchEstYN
1982-03-18,1982.0,0.0,FraNchEstYN
1982-03-19,1982.0,0.0,FraNchEstYN
1982-03-20,1982.0,0.0,FraNchEstYN
1982-03-21,1982.0,0.0,FraNchEstYN
1982-03-22,1982.0,0.0,FraNchEstYN
1982-03-23,1982.0,0.0,FraNchEstYN
1982-03-24,1982.0,0.0,FraNchEstYN
1982-03-25,1982.0,0.0,FraNchEstYN
1982-03-26,1982.0,0.0,FraNchEstYN
1982-03-27,1982.0,0.0,FraNchEstYN
1982-03-28,1982.0,0.0,FraNchEstYN
1982-03-29,1982.0,0.0,FraNchEstYN
1982-03-30,1982.0,0.0,FraNchEstYN
1982-03-31,1982.0,0.0,FraNchEstYN
1982-04-01,1982.0,0.0,FraNchEstYN
1982-04-02,1982.0,0.0,FraNchEstYN
1982-04-03,1982.0,0.0,FraNchEstYN
1982-04-04,1982.0,0.0,FraNchEstYN
1982-04-05,1982.0,0.0,FraNchEstYN
1982-04-06,1982.0,0.0,FraNchEstYN
1982-04-07,1982.0,0.0,FraNchEstYN
1982-04-08,1982.0,0.0,FraNchEstYN
1982-04-09,1982.0,0.0,FraNchEstYN
1982-04-10,1982.0,0.0,FraNchEstYN
1982-04-11,1982.0,0.0,FraNchEstYN
1982-04-12,1982.0,0.0,FraNchEstYN
1982-04-13,1982.0,0.0,FraNchEstYN
1982-04-14,1982.0,0.0,FraNchEstYN
1982-04-15,1982.0,0.0,FraNchEstYN
1982-04-16,1982.0,0.0,FraNchEstYN
1982-04-17,1982.0,0.0,FraNchEstYN
1982-04-18,1982.0,0.0,FraNchEstYN
1982-04-19,1982.0,0.0,FraNchEstYN
1982-04-20,1982.0,0.0,FraNchEstYN
1982-04-21,1982.0,0.0,FraNchEstYN
1982-04-22,1982.0,0.0,FraNchEstYN
1982-04-23,1982.0,0.0,FraNchEstYN
1982-04-24,1982.0,0.0,FraNchEstYN
1982-04-25,1982.0,0.0,FraNchEstYN
1982-04-26,1982.0,0.0,FraNchEstYN
1982-04-27,1982.0,0.0,FraNchEstYN
1982-04-28,1982.0,0.0,FraNchEstYN
1982-04-29,1982.0,0.0,FraNchEstYN
1982-04-30,1982.0,0.0,FraNchEstYN
1982-05-01,1982.0,0.0,FraNchEstYN
1982-05-02,1982.0,0.0,FraNchEstYN
1982-05-03,1982.0,0.0,FraNchEstYN
1982-05-04,1982.0,0.0,FraNchEstYN
1982-05-05,1982.0,0.0,FraNchEstYN
1982-05-06,1982.0,0.0,FraNchEstYN
1982-05-07,1982.0,0.0,FraNchEstYN
1982-05-08,1982.0,0.0,FraNchEstYN
1982-05-09,1982.0,0.0,FraNchEstYN
1982-05-10,1982.0,0.0,FraNchEstYN
1982-05-11,1982.0,0.0,FraNchEstYN
1982-05-12,1982.0,0.0,FraNchEstYN
1982-05-13,1982.0,0.0,FraNchEstYN
1982-05-14,1982.0,0.0,FraNchEstYN
1982-05-15,1982.0,0.0,FraNchEstYN
1982-05-16,1982.0,0.0,FraNchEstYN
1982-05-17,1982.0,0.0,FraNchEstYN
1982-05-18,1982.0,0.0,FraNchEstYN
1982-05-19,1982.0,0.0,FraNchEstYN
1982-05-20,1982.0,0.0,FraNchEstYN
1982-05-21,1982.0,0.023326771,FraNchEstYN
1982-05-22,1982.0,0.069294356,FraNchEstYN
1982-05-23,1982.0,0.069294356,FraNchEstYN
1982-05-24,1982.0,0.069294356,FraNchEstYN
1982-05-25,1982.0,0.069294356,FraNchEstYN
1982-05-26,1982.0,0.069294356,FraNchEstYN
1982-05-27,1982.0,0.069294356,FraNchEstYN
1982-05-28,1982.0,0.069294356,FraNchEstYN
1982-05-29,1982.0,0.069294356,FraNchEstYN
1982-05-30,1982.0,0.069294356,FraNchEstYN
1982-05-31,1982.0,0.069294356,FraNchEstYN
1982-06-01,1982.0,0.069294356,FraNchEstYN
1982-06-02,1982.0,0.090152286,FraNchEstYN
1982-06-03,1982.0,0.090152286,FraNchEstYN
1982-06-04,1982.0,0.090152286,FraNchEstYN
1982-06-05,1982.0,0.14255442,FraNchEstYN
1982-06-06,1982.0,0.18605682,FraNchEstYN
1982-06-07,1982.0,0.2352004,FraNchEstYN
1982-06-08,1982.0,0.2583443,FraNchEstYN
1982-06-09,1982.0,0.2755616,FraNchEstYN
1982-06-10,1982.0,0.29849797,FraNchEstYN
1982-06-11,1982.0,0.3391978,FraNchEstYN
1982-06-12,1982.0,0.37821501,FraNchEstYN
1982-06-13,1982.0,0.37821501,FraNchEstYN
1982-06-14,1982.0,0.41329858,FraNchEstYN
1982-06-15,1982.0,0.4293485,FraNchEstYN
1982-06-16,1982.0,0.4575865,FraNchEstYN
1982-06-17,1982.0,0.4575865,FraNchEstYN
1982-06-18,1982.0,0.48236245,FraNchEstYN
1982-06-19,1982.0,0.50029576,FraNchEstYN
1982-06-20,1982.0,0.5007421,FraNchEstYN
1982-06-21,1982.0,0.5007421,FraNchEstYN
1982-06-22,1982.0,0.5007421,FraNchEstYN
1982-06-23,1982.0,0.5018369,FraNchEstYN
1982-06-24,1982.0,0.5191829,FraNchEstYN
1982-06-25,1982.0,0.5338145,FraNchEstYN
1982-06-26,1982.0,0.537101,FraNchEstYN
1982-06-27,1982.0,0.537101,FraNchEstYN
1982-06-28,1982.0,0.53957975,FraNchEstYN
1982-06-29,1982.0,0.54104096,FraNchEstYN
1982-06-30,1982.0,0.54104096,FraNchEstYN
1982-07-01,1982.0,0.5476885,FraNchEstYN
1982-07-02,1982.0,0.55300486,FraNchEstYN
1982-07-03,1982.0,0.5530048,FraNchEstYN
1982-07-04,1982.0,0.5530048,FraNchEstYN
1982-07-05,1982.0,0.5617104,FraNchEstYN
1982-07-06,1982.0,0.56171036,FraNchEstYN
1982-07-07,1982.0,0.56171036,FraNchEstYN
1982-07-08,1982.0,0.56173503,FraNchEstYN
1982-07-09,1982.0,0.561735,FraNchEstYN
1982-07-10,1982.0,0.561735,FraNchEstYN
1982-07-11,1982.0,0.561735,FraNchEstYN
1982-07-12,1982.0,0.5623666,FraNchEstYN
1982-07-13,1982.0,0.5637294,FraNchEstYN
1982-07-14,1982.0,0.5645534,FraNchEstYN
1982-07-15,1982.0,0.56455344,FraNchEstYN
1982-07-16,1982.0,0.56455344,FraNchEstYN
1982-07-17,1982.0,0.56455344,FraNchEstYN
1982-07-18,1982.0,0.56455344,FraNchEstYN
1982-07-19,1982.0,0.56455344,FraNchEstYN
1982-07-20,1982.0,0.56455344,FraNchEstYN
1982-07-21,1982.0,0.56455344,FraNchEstYN
1982-10-13,1982.0,0.0,FraNchEstYN
1982-10-14,1982.0,0.0,FraNchEstYN
1982-10-15,1982.0,0.0,FraNchEstYN
1982-10-16,1982.0,0.0,FraNchEstYN
1982-10-17,1982.0,0.0,FraNchEstYN
1982-10-18,1982.0,0.0,FraNchEstYN
1982-10-19,1982.0,0.0,FraNchEstYN
1982-10-20,1982.0,0.0,FraNchEstYN
1982-10-21,1982.0,0.0,FraNchEstYN
1982-10-22,1982.0,0.0,FraNchEstYN
1982-10-23,1982.0,0.0,FraNchEstYN
1982-10-24,1982.0,0.0,FraNchEstYN
1982-10-25,1982.0,0.0,FraNchEstYN
1982-10-26,1982.0,0.0,FraNchEstYN
1982-10-27,1982.0,0.0,FraNchEstYN
1982-10-28,1982.0,0.0,FraNchEstYN
1982-10-29,1982.0,0.0,FraNchEstYN
1982-10-30,1982.0,0.0,FraNchEstYN
1982-10-31,1982.0,0.0,FraNchEstYN
1982-11-01,1982.0,0.0,FraNchEstYN
1982-11-02,1982.0,0.0,FraNchEstYN
1982-11-03,1982.0,0.0,FraNchEstYN
1982-11-04,1982.0,0.0,FraNchEstYN
1982-11-05,1982.0,0.0,FraNchEstYN
1982-11-06,1982.0,0.0,FraNchEstYN
1982-11-07,1982.0,0.0,FraNchEstYN
1982-11-08,1982.0,0.0,FraNchEstYN
1982-11-09,1982.0,0.0,FraNchEstYN
1982-11-10,1982.0,0.0,FraNchEstYN
1982-11-11,1982.0,0.0,FraNchEstYN
1982-11-12,1982.0,0.0,FraNchEstYN
1982-11-13,1982.0,0.0,FraNchEstYN
1982-11-14,1982.0,0.0,FraNchEstYN
1982-11-15,1982.0,0.0,FraNchEstYN
1982-11-16,1982.0,0.0,FraNchEstYN
1982-11-17,1982.0,0.0,FraNchEstYN
1982-11-18,1982.0,0.0,FraNchEstYN
1982-11-19,1982.0,0.0,FraNchEstYN
1982-11-20,1982.0,0.0,FraNchEstYN
1982-11-21,1982.0,0.0,FraNchEstYN
1982-11-22,1982.0,0.0,FraNchEstYN
1982-11-23,1982.0,0.0,FraNchEstYN
1982-11-24,1982.0,0.0,FraNchEstYN
1982-11-25,1982.0,0.0,FraNchEstYN
1982-11-26,1982.0,0.0,FraNchEstYN
1982-11-27,1982.0,0.0,FraNchEstYN
1982-11-28,1982.0,0.0,FraNchEstYN
1982-11-29,1982.0,0.0,FraNchEstYN
1982-11-30,1982.0,0.0,FraNchEstYN
1982-12-01,1982.0,0.0,FraNchEstYN
1982-12-02,1982.0,0.0,FraNchEstYN
1982-12-03,1982.0,0.0,FraNchEstYN
1982-12-04,1982.0,0.0,FraNchEstYN
1982-12-05,1982.0,0.0,FraNchEstYN
1982-12-06,1982.0,0.0,FraNchEstYN
1982-12-07,1982.0,0.0,FraNchEstYN
1982-12-08,1982.0,0.0,FraNchEstYN
1982-12-09,1982.0,0.0,FraNchEstYN
1982-12-10,1982.0,0.0,FraNchEstYN
1982-12-11,1982.0,0.0,FraNchEstYN
1982-12-12,1982.0,0.0,FraNchEstYN
1982-12-13,1982.0,0.0,FraNchEstYN
1982-12-14,1982.0,0.0,FraNchEstYN
1982-12-15,1982.0,0.0,FraNchEstYN
1982-12-16,1982.0,0.0,FraNchEstYN
1982-12-17,1982.0,0.0,FraNchEstYN
1982-12-18,1982.0,0.0,FraNchEstYN
1982-12-19,1982.0,0.0,FraNchEstYN
1982-12-20,1982.0,0.0,FraNchEstYN
1982-12-21,1982.0,0.0,FraNchEstYN
1982-12-22,1982.0,0.0,FraNchEstYN
1982-12-23,1982.0,0.0,FraNchEstYN
1982-12-24,1982.0,0.0,FraNchEstYN
1982-12-25,1982.0,0.0,FraNchEstYN
1982-12-26,1982.0,0.0,FraNchEstYN
1982-12-27,1982.0,0.0,FraNchEstYN
1982-12-28,1982.0,0.0,FraNchEstYN
1982-12-29,1982.0,0.0,FraNchEstYN
1982-12-30,1982.0,0.0,FraNchEstYN
1982-12-31,1982.0,0.0,FraNchEstYN
1983-01-01,1983.0,0.0,FraNchEstYN
1983-01-02,1983.0,0.0,FraNchEstYN
1983-01-03,1983.0,0.0,FraNchEstYN
1983-01-04,1983.0,0.0,FraNchEstYN
1983-01-05,1983.0,0.0,FraNchEstYN
1983-01-06,1983.0,0.0,FraNchEstYN
1983-01-07,1983.0,0.0,FraNchEstYN
1983-01-08,1983.0,0.0,FraNchEstYN
1983-01-09,1983.0,0.0,FraNchEstYN
1983-01-10,1983.0,0.0,FraNchEstYN
1983-01-11,1983.0,0.0,FraNchEstYN
1983-01-12,1983.0,0.0,FraNchEstYN
1983-01-13,1983.0,0.0,FraNchEstYN
1983-01-14,1983.0,0.0,FraNchEstYN
1983-01-15,1983.0,0.0,FraNchEstYN
1983-01-16,1983.0,0.0,FraNchEstYN
1983-01-17,1983.0,0.0,FraNchEstYN
1983-01-18,1983.0,0.0,FraNchEstYN
1983-01-19,1983.0,0.0,FraNchEstYN
1983-01-20,1983.0,0.0,FraNchEstYN
1983-01-21,1983.0,0.0,FraNchEstYN
1983-01-22,1983.0,0.0,FraNchEstYN
1983-01-23,1983.0,0.0,FraNchEstYN
1983-01-24,1983.0,0.0,FraNchEstYN
1983-01-25,1983.0,0.0,FraNchEstYN
1983-01-26,1983.0,0.0,FraNchEstYN
1983-01-27,1983.0,0.0,FraNchEstYN
1983-01-28,1983.0,0.0,FraNchEstYN
1983-01-29,1983.0,0.0,FraNchEstYN
1983-01-30,1983.0,0.0,FraNchEstYN
1983-01-31,1983.0,0.0,FraNchEstYN
1983-02-01,1983.0,0.0,FraNchEstYN
1983-02-02,1983.0,0.0,FraNchEstYN
1983-02-03,1983.0,0.0,FraNchEstYN
1983-02-04,1983.0,0.0,FraNchEstYN
1983-02-05,1983.0,0.0,FraNchEstYN
1983-02-06,1983.0,0.0,FraNchEstYN
1983-02-07,1983.0,0.0,FraNchEstYN
1983-02-08,1983.0,0.0,FraNchEstYN
1983-02-09,1983.0,0.0,FraNchEstYN
1983-02-10,1983.0,0.0,FraNchEstYN
1983-02-11,1983.0,0.0,FraNchEstYN
1983-02-12,1983.0,0.0,FraNchEstYN
1983-02-13,1983.0,0.0,FraNchEstYN
1983-02-14,1983.0,0.0,FraNchEstYN
1983-02-15,1983.0,0.0,FraNchEstYN
1983-02-16,1983.0,0.0,FraNchEstYN
1983-02-17,1983.0,0.0,FraNchEstYN
1983-02-18,1983.0,0.0,FraNchEstYN
1983-02-19,1983.0,0.0,FraNchEstYN
1983-02-20,1983.0,0.0,FraNchEstYN
1983-02-21,1983.0,0.0,FraNchEstYN
1983-02-22,1983.0,0.0,FraNchEstYN
1983-02-23,1983.0,0.0,FraNchEstYN
1983-02-24,1983.0,0.0,FraNchEstYN
1983-02-25,1983.0,0.0,FraNchEstYN
1983-02-26,1983.0,0.0,FraNchEstYN
1983-02-27,1983.0,0.0,FraNchEstYN
1983-02-28,1983.0,0.0,FraNchEstYN
1983-03-01,1983.0,0.0,FraNchEstYN
1983-03-02,1983.0,0.0,FraNchEstYN
1983-03-03,1983.0,0.0,FraNchEstYN
1983-03-04,1983.0,0.0,FraNchEstYN
1983-03-05,1983.0,0.0,FraNchEstYN
1983-03-06,1983.0,0.0,FraNchEstYN
1983-03-07,1983.0,0.0,FraNchEstYN
1983-03-08,1983.0,0.0,FraNchEstYN
1983-03-09,1983.0,0.0,FraNchEstYN
1983-03-10,1983.0,0.0,FraNchEstYN
1983-03-11,1983.0,0.0,FraNchEstYN
1983-03-12,1983.0,0.0,FraNchEstYN
1983-03-13,1983.0,0.0,FraNchEstYN
1983-03-14,1983.0,0.0,FraNchEstYN
1983-03-15,1983.0,0.0,FraNchEstYN
1983-03-16,1983.0,0.0,FraNchEstYN
1983-03-17,1983.0,0.0,FraNchEstYN
1983-03-18,1983.0,0.0,FraNchEstYN
1983-03-19,1983.0,0.0,FraNchEstYN
1983-03-20,1983.0,0.0,FraNchEstYN
1983-03-21,1983.0,0.0,FraNchEstYN
1983-03-22,1983.0,0.0,FraNchEstYN
1983-03-23,1983.0,0.0,FraNchEstYN
1983-03-24,1983.0,0.0,FraNchEstYN
1983-03-25,1983.0,0.0,FraNchEstYN
1983-03-26,1983.0,0.0,FraNchEstYN
1983-03-27,1983.0,0.0,FraNchEstYN
1983-03-28,1983.0,0.0,FraNchEstYN
1983-03-29,1983.0,0.0,FraNchEstYN
1983-03-30,1983.0,0.0,FraNchEstYN
1983-03-31,1983.0,0.0,FraNchEstYN
1983-04-01,1983.0,0.0,FraNchEstYN
1983-04-02,1983.0,0.0,FraNchEstYN
1983-04-03,1983.0,0.0,FraNchEstYN
1983-04-04,1983.0,0.0,FraNchEstYN
1983-04-05,1983.0,0.0,FraNchEstYN
1983-04-06,1983.0,0.0,FraNchEstYN
1983-04-07,1983.0,0.0,FraNchEstYN
1983-04-08,1983.0,0.0,FraNchEstYN
1983-04-09,1983.0,0.0,FraNchEstYN
1983-04-10,1983.0,0.0,FraNchEstYN
1983-04-11,1983.0,0.0,FraNchEstYN
1983-04-12,1983.0,0.0,FraNchEstYN
1983-04-13,1983.0,0.0,FraNchEstYN
1983-04-14,1983.0,0.0,FraNchEstYN
1983-04-15,1983.0,0.0,FraNchEstYN
1983-04-16,1983.0,0.0,FraNchEstYN
1983-04-17,1983.0,0.0,FraNchEstYN
1983-04-18,1983.0,0.0,FraNchEstYN
1983-04-19,1983.0,0.0,FraNchEstYN
1983-04-20,1983.0,0.0,FraNchEstYN
1983-04-21,1983.0,0.0,FraNchEstYN
1983-04-22,1983.0,0.0,FraNchEstYN
1983-04-23,1983.0,0.0,FraNchEstYN
1983-04-24,1983.0,0.0,FraNchEstYN
1983-04-25,1983.0,0.0,FraNchEstYN
1983-04-26,1983.0,0.0,FraNchEstYN
1983-04-27,1983.0,0.0,FraNchEstYN
1983-04-28,1983.0,0.0,FraNchEstYN
1983-04-29,1983.0,0.0,FraNchEstYN
1983-04-30,1983.0,0.0,FraNchEstYN
1983-05-01,1983.0,0.0,FraNchEstYN
1983-05-02,1983.0,0.0,FraNchEstYN
1983-05-03,1983.0,0.0,FraNchEstYN
1983-05-04,1983.0,0.0,FraNchEstYN
1983-05-05,1983.0,0.0,FraNchEstYN
1983-05-06,1983.0,0.0,FraNchEstYN
1983-05-07,1983.0,0.0,FraNchEstYN
1983-05-08,1983.0,0.0,FraNchEstYN
1983-05-09,1983.0,0.0,FraNchEstYN
1983-05-10,1983.0,0.0,FraNchEstYN
1983-05-11,1983.0,0.0,FraNchEstYN
1983-05-12,1983.0,0.0,FraNchEstYN
1983-05-13,1983.0,0.0,FraNchEstYN
1983-05-14,1983.0,0.0,FraNchEstYN
1983-05-15,1983.0,0.0,FraNchEstYN
1983-05-16,1983.0,0.0,FraNchEstYN
1983-05-17,1983.0,0.0,FraNchEstYN
1983-05-18,1983.0,0.0,FraNchEstYN
1983-05-19,1983.0,0.0,FraNchEstYN
1983-05-20,1983.0,0.0,FraNchEstYN
1983-05-21,1983.0,0.031338774,FraNchEstYN
1983-05-22,1983.0,0.061529186,FraNchEstYN
1983-05-23,1983.0,0.08985645,FraNchEstYN
1983-05-24,1983.0,0.13161394,FraNchEstYN
1983-05-25,1983.0,0.13161394,FraNchEstYN
1983-05-26,1983.0,0.13161394,FraNchEstYN
1983-05-27,1983.0,0.13161394,FraNchEstYN
1983-05-28,1983.0,0.13161394,FraNchEstYN
1983-05-29,1983.0,0.17967364,FraNchEstYN
1983-05-30,1983.0,0.17967364,FraNchEstYN
1983-05-31,1983.0,0.17967364,FraNchEstYN
1983-06-01,1983.0,0.17967364,FraNchEstYN
1983-06-02,1983.0,0.17967364,FraNchEstYN
1983-06-03,1983.0,0.23110767,FraNchEstYN
1983-06-04,1983.0,0.28038034,FraNchEstYN
1983-06-05,1983.0,0.28038034,FraNchEstYN
1983-06-06,1983.0,0.28038034,FraNchEstYN
1983-06-07,1983.0,0.28038034,FraNchEstYN
1983-06-08,1983.0,0.32213548,FraNchEstYN
1983-06-09,1983.0,0.32213548,FraNchEstYN
1983-06-10,1983.0,0.36471215,FraNchEstYN
1983-06-11,1983.0,0.37957278,FraNchEstYN
1983-06-12,1983.0,0.37957278,FraNchEstYN
1983-06-13,1983.0,0.4140355,FraNchEstYN
1983-06-14,1983.0,0.44189447,FraNchEstYN
1983-06-15,1983.0,0.4717716,FraNchEstYN
1983-06-16,1983.0,0.47296,FraNchEstYN
1983-06-17,1983.0,0.47296,FraNchEstYN
1983-06-18,1983.0,0.5021603,FraNchEstYN
1983-06-19,1983.0,0.51234215,FraNchEstYN
1983-06-20,1983.0,0.52517664,FraNchEstYN
1983-06-21,1983.0,0.5503448,FraNchEstYN
1983-06-22,1983.0,0.5503448,FraNchEstYN
1983-06-23,1983.0,0.55034477,FraNchEstYN
1983-06-24,1983.0,0.5503448,FraNchEstYN
1983-06-25,1983.0,0.5503448,FraNchEstYN
1983-06-26,1983.0,0.5503448,FraNchEstYN
1983-06-27,1983.0,0.5503448,FraNchEstYN
1983-06-28,1983.0,0.5503448,FraNchEstYN
1983-06-29,1983.0,0.5503448,FraNchEstYN
1983-06-30,1983.0,0.5700363,FraNchEstYN
1983-07-01,1983.0,0.5700363,FraNchEstYN
1983-07-02,1983.0,0.5700363,FraNchEstYN
1983-07-03,1983.0,0.57246244,FraNchEstYN
1983-07-04,1983.0,0.5743958,FraNchEstYN
1983-07-05,1983.0,0.58014214,FraNchEstYN
1983-07-06,1983.0,0.5809522,FraNchEstYN
1983-07-07,1983.0,0.58136225,FraNchEstYN
1983-07-08,1983.0,0.5813622,FraNchEstYN
1983-07-09,1983.0,0.5813622,FraNchEstYN
1983-07-10,1983.0,0.5813622,FraNchEstYN
1983-07-11,1983.0,0.5813622,FraNchEstYN
1983-07-12,1983.0,0.5813622,FraNchEstYN
1983-07-13,1983.0,0.58274525,FraNchEstYN
1983-07-14,1983.0,0.5848472,FraNchEstYN
1983-07-15,1983.0,0.5848472,FraNchEstYN
1983-07-16,1983.0,0.58667046,FraNchEstYN
1983-07-17,1983.0,0.58782285,FraNchEstYN
1983-07-18,1983.0,0.58782285,FraNchEstYN
1983-07-19,1983.0,0.58809465,FraNchEstYN
1983-07-20,1983.0,0.58809465,FraNchEstYN
1983-07-21,1983.0,0.5880948,FraNchEstYN
1983-07-22,1983.0,0.5880948,FraNchEstYN
1983-07-23,1983.0,0.5880948,FraNchEstYN
1983-07-24,1983.0,0.5881758,FraNchEstYN
1983-07-25,1983.0,0.5881758,FraNchEstYN
1983-07-26,1983.0,0.5881758,FraNchEstYN
1983-07-27,1983.0,0.5881758,FraNchEstYN
1983-09-30,1983.0,0.0,FraNchEstYN
1983-10-01,1983.0,0.0,FraNchEstYN
1983-10-02,1983.0,0.0,FraNchEstYN
1983-10-03,1983.0,0.0,FraNchEstYN
1983-10-04,1983.0,0.0,FraNchEstYN
1983-10-05,1983.0,0.0,FraNchEstYN
1983-10-06,1983.0,0.0,FraNchEstYN
1983-10-07,1983.0,0.0,FraNchEstYN
1983-10-08,1983.0,0.0,FraNchEstYN
1983-10-09,1983.0,0.0,FraNchEstYN
1983-10-10,1983.0,0.0,FraNchEstYN
1983-10-11,1983.0,0.0,FraNchEstYN
1983-10-12,1983.0,0.0,FraNchEstYN
1983-10-13,1983.0,0.0,FraNchEstYN
1983-10-14,1983.0,0.0,FraNchEstYN
1983-10-15,1983.0,0.0,FraNchEstYN
1983-10-16,1983.0,0.0,FraNchEstYN
1983-10-17,1983.0,0.0,FraNchEstYN
1983-10-18,1983.0,0.0,FraNchEstYN
1983-10-19,1983.0,0.0,FraNchEstYN
1983-10-20,1983.0,0.0,FraNchEstYN
1983-10-21,1983.0,0.0,FraNchEstYN
1983-10-22,1983.0,0.0,FraNchEstYN
1983-10-23,1983.0,0.0,FraNchEstYN
1983-10-24,1983.0,0.0,FraNchEstYN
1983-10-25,1983.0,0.0,FraNchEstYN
1983-10-26,1983.0,0.0,FraNchEstYN
1983-10-27,1983.0,0.0,FraNchEstYN
1983-10-28,1983.0,0.0,FraNchEstYN
1983-10-29,1983.0,0.0,FraNchEstYN
1983-10-30,1983.0,0.0,FraNchEstYN
1983-10-31,1983.0,0.0,FraNchEstYN
1983-11-01,1983.0,0.0,FraNchEstYN
1983-11-02,1983.0,0.0,FraNchEstYN
1983-11-03,1983.0,0.0,FraNchEstYN
1983-11-04,1983.0,0.0,FraNchEstYN
1983-11-05,1983.0,0.0,FraNchEstYN
1983-11-06,1983.0,0.0,FraNchEstYN
1983-11-07,1983.0,0.0,FraNchEstYN
1983-11-08,1983.0,0.0,FraNchEstYN
1983-11-09,1983.0,0.0,FraNchEstYN
1983-11-10,1983.0,0.0,FraNchEstYN
1983-11-11,1983.0,0.0,FraNchEstYN
1983-11-12,1983.0,0.0,FraNchEstYN
1983-11-13,1983.0,0.0,FraNchEstYN
1983-11-14,1983.0,0.0,FraNchEstYN
1983-11-15,1983.0,0.0,FraNchEstYN
1983-11-16,1983.0,0.0,FraNchEstYN
1983-11-17,1983.0,0.0,FraNchEstYN
1983-11-18,1983.0,0.0,FraNchEstYN
1983-11-19,1983.0,0.0,FraNchEstYN
1983-11-20,1983.0,0.0,FraNchEstYN
1983-11-21,1983.0,0.0,FraNchEstYN
1983-11-22,1983.0,0.0,FraNchEstYN
1983-11-23,1983.0,0.0,FraNchEstYN
1983-11-24,1983.0,0.0,FraNchEstYN
1983-11-25,1983.0,0.0,FraNchEstYN
1983-11-26,1983.0,0.0,FraNchEstYN
1983-11-27,1983.0,0.0,FraNchEstYN
1983-11-28,1983.0,0.0,FraNchEstYN
1983-11-29,1983.0,0.0,FraNchEstYN
1983-11-30,1983.0,0.0,FraNchEstYN
1983-12-01,1983.0,0.0,FraNchEstYN
1983-12-02,1983.0,0.0,FraNchEstYN
1983-12-03,1983.0,0.0,FraNchEstYN
1983-12-04,1983.0,0.0,FraNchEstYN
1983-12-05,1983.0,0.0,FraNchEstYN
1983-12-06,1983.0,0.0,FraNchEstYN
1983-12-07,1983.0,0.0,FraNchEstYN
1983-12-08,1983.0,0.0,FraNchEstYN
1983-12-09,1983.0,0.0,FraNchEstYN
1983-12-10,1983.0,0.0,FraNchEstYN
1983-12-11,1983.0,0.0,FraNchEstYN
1983-12-12,1983.0,0.0,FraNchEstYN
1983-12-13,1983.0,0.0,FraNchEstYN
1983-12-14,1983.0,0.0,FraNchEstYN
1983-12-15,1983.0,0.0,FraNchEstYN
1983-12-16,1983.0,0.0,FraNchEstYN
1983-12-17,1983.0,0.0,FraNchEstYN
1983-12-18,1983.0,0.0,FraNchEstYN
1983-12-19,1983.0,0.0,FraNchEstYN
1983-12-20,1983.0,0.0,FraNchEstYN
1983-12-21,1983.0,0.0,FraNchEstYN
1983-12-22,1983.0,0.0,FraNchEstYN
1983-12-23,1983.0,0.0,FraNchEstYN
1983-12-24,1983.0,0.0,FraNchEstYN
1983-12-25,1983.0,0.0,FraNchEstYN
1983-12-26,1983.0,0.0,FraNchEstYN
1983-12-27,1983.0,0.0,FraNchEstYN
1983-12-28,1983.0,0.0,FraNchEstYN
1983-12-29,1983.0,0.0,FraNchEstYN
1983-12-30,1983.0,0.0,FraNchEstYN
1983-12-31,1983.0,0.0,FraNchEstYN
1984-01-01,1984.0,0.0,FraNchEstYN
1984-01-02,1984.0,0.0,FraNchEstYN
1984-01-03,1984.0,0.0,FraNchEstYN
1984-01-04,1984.0,0.0,FraNchEstYN
1984-01-05,1984.0,0.0,FraNchEstYN
1984-01-06,1984.0,0.0,FraNchEstYN
1984-01-07,1984.0,0.0,FraNchEstYN
1984-01-08,1984.0,0.0,FraNchEstYN
1984-01-09,1984.0,0.0,FraNchEstYN
1984-01-10,1984.0,0.0,FraNchEstYN
1984-01-11,1984.0,0.0,FraNchEstYN
1984-01-12,1984.0,0.0,FraNchEstYN
1984-01-13,1984.0,0.0,FraNchEstYN
1984-01-14,1984.0,0.0,FraNchEstYN
1984-01-15,1984.0,0.0,FraNchEstYN
1984-01-16,1984.0,0.0,FraNchEstYN
1984-01-17,1984.0,0.0,FraNchEstYN
1984-01-18,1984.0,0.0,FraNchEstYN
1984-01-19,1984.0,0.0,FraNchEstYN
1984-01-20,1984.0,0.0,FraNchEstYN
1984-01-21,1984.0,0.0,FraNchEstYN
1984-01-22,1984.0,0.0,FraNchEstYN
1984-01-23,1984.0,0.0,FraNchEstYN
1984-01-24,1984.0,0.0,FraNchEstYN
1984-01-25,1984.0,0.0,FraNchEstYN
1984-01-26,1984.0,0.0,FraNchEstYN
1984-01-27,1984.0,0.0,FraNchEstYN
1984-01-28,1984.0,0.0,FraNchEstYN
1984-01-29,1984.0,0.0,FraNchEstYN
1984-01-30,1984.0,0.0,FraNchEstYN
1984-01-31,1984.0,0.0,FraNchEstYN
1984-02-01,1984.0,0.0,FraNchEstYN
1984-02-02,1984.0,0.0,FraNchEstYN
1984-02-03,1984.0,0.0,FraNchEstYN
1984-02-04,1984.0,0.0,FraNchEstYN
1984-02-05,1984.0,0.0,FraNchEstYN
1984-02-06,1984.0,0.0,FraNchEstYN
1984-02-07,1984.0,0.0,FraNchEstYN
1984-02-08,1984.0,0.0,FraNchEstYN
1984-02-09,1984.0,0.0,FraNchEstYN
1984-02-10,1984.0,0.0,FraNchEstYN
1984-02-11,1984.0,0.0,FraNchEstYN
1984-02-12,1984.0,0.0,FraNchEstYN
1984-02-13,1984.0,0.0,FraNchEstYN
1984-02-14,1984.0,0.0,FraNchEstYN
1984-02-15,1984.0,0.0,FraNchEstYN
1984-02-16,1984.0,0.0,FraNchEstYN
1984-02-17,1984.0,0.0,FraNchEstYN
1984-02-18,1984.0,0.0,FraNchEstYN
1984-02-19,1984.0,0.0,FraNchEstYN
1984-02-20,1984.0,0.0,FraNchEstYN
1984-02-21,1984.0,0.0,FraNchEstYN
1984-02-22,1984.0,0.0,FraNchEstYN
1984-02-23,1984.0,0.0,FraNchEstYN
1984-02-24,1984.0,0.0,FraNchEstYN
1984-02-25,1984.0,0.0,FraNchEstYN
1984-02-26,1984.0,0.0,FraNchEstYN
1984-02-27,1984.0,0.0,FraNchEstYN
1984-02-28,1984.0,0.0,FraNchEstYN
1984-02-29,1984.0,0.0,FraNchEstYN
1984-03-01,1984.0,0.0,FraNchEstYN
1984-03-02,1984.0,0.0,FraNchEstYN
1984-03-03,1984.0,0.0,FraNchEstYN
1984-03-04,1984.0,0.0,FraNchEstYN
1984-03-05,1984.0,0.0,FraNchEstYN
1984-03-06,1984.0,0.0,FraNchEstYN
1984-03-07,1984.0,0.0,FraNchEstYN
1984-03-08,1984.0,0.0,FraNchEstYN
1984-03-09,1984.0,0.0,FraNchEstYN
1984-03-10,1984.0,0.0,FraNchEstYN
1984-03-11,1984.0,0.0,FraNchEstYN
1984-03-12,1984.0,0.0,FraNchEstYN
1984-03-13,1984.0,0.0,FraNchEstYN
1984-03-14,1984.0,0.0,FraNchEstYN
1984-03-15,1984.0,0.0,FraNchEstYN
1984-03-16,1984.0,0.0,FraNchEstYN
1984-03-17,1984.0,0.0,FraNchEstYN
1984-03-18,1984.0,0.0,FraNchEstYN
1984-03-19,1984.0,0.0,FraNchEstYN
1984-03-20,1984.0,0.0,FraNchEstYN
1984-03-21,1984.0,0.0,FraNchEstYN
1984-03-22,1984.0,0.0,FraNchEstYN
1984-03-23,1984.0,0.0,FraNchEstYN
1984-03-24,1984.0,0.0,FraNchEstYN
1984-03-25,1984.0,0.0,FraNchEstYN
1984-03-26,1984.0,0.0,FraNchEstYN
1984-03-27,1984.0,0.0,FraNchEstYN
1984-03-28,1984.0,0.0,FraNchEstYN
1984-03-29,1984.0,0.0,FraNchEstYN
1984-03-30,1984.0,0.0,FraNchEstYN
1984-03-31,1984.0,0.0,FraNchEstYN
1984-04-01,1984.0,0.0,FraNchEstYN
1984-04-02,1984.0,0.0,FraNchEstYN
1984-04-03,1984.0,0.0,FraNchEstYN
1984-04-04,1984.0,0.0,FraNchEstYN
1984-04-05,1984.0,0.0,FraNchEstYN
1984-04-06,1984.0,0.0,FraNchEstYN
1984-04-07,1984.0,0.0,FraNchEstYN
1984-04-08,1984.0,0.0,FraNchEstYN
1984-04-09,1984.0,0.0,FraNchEstYN
1984-04-10,1984.0,0.0,FraNchEstYN
1984-04-11,1984.0,0.0,FraNchEstYN
1984-04-12,1984.0,0.0,FraNchEstYN
1984-04-13,1984.0,0.0,FraNchEstYN
1984-04-14,1984.0,0.0,FraNchEstYN
1984-04-15,1984.0,0.0,FraNchEstYN
1984-04-16,1984.0,0.0,FraNchEstYN
1984-04-17,1984.0,0.0,FraNchEstYN
1984-04-18,1984.0,0.0,FraNchEstYN
1984-04-19,1984.0,0.0,FraNchEstYN
1984-04-20,1984.0,0.0,FraNchEstYN
1984-04-21,1984.0,0.0,FraNchEstYN
1984-04-22,1984.0,0.0,FraNchEstYN
1984-04-23,1984.0,0.0,FraNchEstYN
1984-04-24,1984.0,0.0,FraNchEstYN
1984-04-25,1984.0,0.0,FraNchEstYN
1984-04-26,1984.0,0.0,FraNchEstYN
1984-04-27,1984.0,0.0,FraNchEstYN
1984-04-28,1984.0,0.0,FraNchEstYN
1984-04-29,1984.0,0.0,FraNchEstYN
1984-04-30,1984.0,0.0,FraNchEstYN
1984-05-01,1984.0,0.0,FraNchEstYN
1984-05-02,1984.0,0.0,FraNchEstYN
1984-05-03,1984.0,0.0,FraNchEstYN
1984-05-04,1984.0,0.0,FraNchEstYN
1984-05-05,1984.0,0.0,FraNchEstYN
1984-05-06,1984.0,0.0,FraNchEstYN
1984-05-07,1984.0,0.0,FraNchEstYN
1984-05-08,1984.0,0.0,FraNchEstYN
1984-05-09,1984.0,0.0,FraNchEstYN
1984-05-10,1984.0,0.0,FraNchEstYN
1984-05-11,1984.0,0.0,FraNchEstYN
1984-05-12,1984.0,0.0,FraNchEstYN
1984-05-13,1984.0,0.0,FraNchEstYN
1984-05-14,1984.0,0.0,FraNchEstYN
1984-05-15,1984.0,0.0,FraNchEstYN
1984-05-16,1984.0,0.0,FraNchEstYN
1984-05-17,1984.0,0.0,FraNchEstYN
1984-05-18,1984.0,0.0,FraNchEstYN
1984-05-19,1984.0,0.0,FraNchEstYN
1984-05-20,1984.0,0.0,FraNchEstYN
1984-05-21,1984.0,0.019320978,FraNchEstYN
1984-05-22,1984.0,0.019320978,FraNchEstYN
1984-05-23,1984.0,0.04504492,FraNchEstYN
1984-05-24,1984.0,0.04504492,FraNchEstYN
1984-05-25,1984.0,0.04504492,FraNchEstYN
1984-05-26,1984.0,0.073181905,FraNchEstYN
1984-05-27,1984.0,0.099910535,FraNchEstYN
1984-05-28,1984.0,0.099910535,FraNchEstYN
1984-05-29,1984.0,0.099910535,FraNchEstYN
1984-05-30,1984.0,0.099910535,FraNchEstYN
1984-05-31,1984.0,0.15172663,FraNchEstYN
1984-06-01,1984.0,0.15172663,FraNchEstYN
1984-06-02,1984.0,0.15172663,FraNchEstYN
1984-06-03,1984.0,0.15172663,FraNchEstYN
1984-06-04,1984.0,0.15172663,FraNchEstYN
1984-06-05,1984.0,0.15172663,FraNchEstYN
1984-06-06,1984.0,0.15172663,FraNchEstYN
1984-06-07,1984.0,0.20209745,FraNchEstYN
1984-06-08,1984.0,0.20209745,FraNchEstYN
1984-06-09,1984.0,0.25238672,FraNchEstYN
1984-06-10,1984.0,0.29259005,FraNchEstYN
1984-06-11,1984.0,0.29259005,FraNchEstYN
1984-06-12,1984.0,0.32392552,FraNchEstYN
1984-06-13,1984.0,0.35798076,FraNchEstYN
1984-06-14,1984.0,0.38422334,FraNchEstYN
1984-06-15,1984.0,0.38422334,FraNchEstYN
1984-06-16,1984.0,0.38422334,FraNchEstYN
1984-06-17,1984.0,0.38422334,FraNchEstYN
1984-06-18,1984.0,0.3854997,FraNchEstYN
1984-06-19,1984.0,0.3865954,FraNchEstYN
1984-06-20,1984.0,0.3865954,FraNchEstYN
1984-06-21,1984.0,0.40067708,FraNchEstYN
1984-06-22,1984.0,0.41615412,FraNchEstYN
1984-06-23,1984.0,0.4405478,FraNchEstYN
1984-06-24,1984.0,0.4649136,FraNchEstYN
1984-06-25,1984.0,0.47591418,FraNchEstYN
1984-06-26,1984.0,0.48724705,FraNchEstYN
1984-06-27,1984.0,0.48724702,FraNchEstYN
1984-06-28,1984.0,0.48724702,FraNchEstYN
1984-06-29,1984.0,0.49350932,FraNchEstYN
1984-06-30,1984.0,0.49350932,FraNchEstYN
1984-07-01,1984.0,0.5035187,FraNchEstYN
1984-07-02,1984.0,0.5046774,FraNchEstYN
1984-07-03,1984.0,0.50909775,FraNchEstYN
1984-07-04,1984.0,0.5094677,FraNchEstYN
1984-07-05,1984.0,0.50970423,FraNchEstYN
1984-07-06,1984.0,0.50984895,FraNchEstYN
1984-07-07,1984.0,0.514444,FraNchEstYN
1984-07-08,1984.0,0.5184098,FraNchEstYN
1984-07-09,1984.0,0.52026236,FraNchEstYN
1984-07-10,1984.0,0.52027214,FraNchEstYN
1984-07-11,1984.0,0.52027214,FraNchEstYN
1984-07-12,1984.0,0.5202722,FraNchEstYN
1984-07-13,1984.0,0.523228,FraNchEstYN
1984-07-14,1984.0,0.523228,FraNchEstYN
1984-07-15,1984.0,0.5232295,FraNchEstYN
1984-07-16,1984.0,0.52323,FraNchEstYN
1984-07-17,1984.0,0.52323,FraNchEstYN
1984-07-18,1984.0,0.52322996,FraNchEstYN
1984-07-19,1984.0,0.52322996,FraNchEstYN
1984-07-20,1984.0,0.52369773,FraNchEstYN
1984-07-21,1984.0,0.52377456,FraNchEstYN
1984-07-22,1984.0,0.52377456,FraNchEstYN
1984-07-23,1984.0,0.52377456,FraNchEstYN
1984-10-05,1984.0,0.0,FraNchEstYN
1984-10-06,1984.0,0.0,FraNchEstYN
1984-10-07,1984.0,0.0,FraNchEstYN
1984-10-08,1984.0,0.0,FraNchEstYN
1984-10-09,1984.0,0.0,FraNchEstYN
1984-10-10,1984.0,0.0,FraNchEstYN
1984-10-11,1984.0,0.0,FraNchEstYN
1984-10-12,1984.0,0.0,FraNchEstYN
1984-10-13,1984.0,0.0,FraNchEstYN
1984-10-14,1984.0,0.0,FraNchEstYN
1984-10-15,1984.0,0.0,FraNchEstYN
1984-10-16,1984.0,0.0,FraNchEstYN
1984-10-17,1984.0,0.0,FraNchEstYN
1984-10-18,1984.0,0.0,FraNchEstYN
1984-10-19,1984.0,0.0,FraNchEstYN
1984-10-20,1984.0,0.0,FraNchEstYN
1984-10-21,1984.0,0.0,FraNchEstYN
1984-10-22,1984.0,0.0,FraNchEstYN
1984-10-23,1984.0,0.0,FraNchEstYN
1984-10-24,1984.0,0.0,FraNchEstYN
1984-10-25,1984.0,0.0,FraNchEstYN
1984-10-26,1984.0,0.0,FraNchEstYN
1984-10-27,1984.0,0.0,FraNchEstYN
1984-10-28,1984.0,0.0,FraNchEstYN
1984-10-29,1984.0,0.0,FraNchEstYN
1984-10-30,1984.0,0.0,FraNchEstYN
1984-10-31,1984.0,0.0,FraNchEstYN
1984-11-01,1984.0,0.0,FraNchEstYN
1984-11-02,1984.0,0.0,FraNchEstYN
1984-11-03,1984.0,0.0,FraNchEstYN
1984-11-04,1984.0,0.0,FraNchEstYN
1984-11-05,1984.0,0.0,FraNchEstYN
1984-11-06,1984.0,0.0,FraNchEstYN
1984-11-07,1984.0,0.0,FraNchEstYN
1984-11-08,1984.0,0.0,FraNchEstYN
1984-11-09,1984.0,0.0,FraNchEstYN
1984-11-10,1984.0,0.0,FraNchEstYN
1984-11-11,1984.0,0.0,FraNchEstYN
1984-11-12,1984.0,0.0,FraNchEstYN
1984-11-13,1984.0,0.0,FraNchEstYN
1984-11-14,1984.0,0.0,FraNchEstYN
1984-11-15,1984.0,0.0,FraNchEstYN
1984-11-16,1984.0,0.0,FraNchEstYN
1984-11-17,1984.0,0.0,FraNchEstYN
1984-11-18,1984.0,0.0,FraNchEstYN
1984-11-19,1984.0,0.0,FraNchEstYN
1984-11-20,1984.0,0.0,FraNchEstYN
1984-11-21,1984.0,0.0,FraNchEstYN
1984-11-22,1984.0,0.0,FraNchEstYN
1984-11-23,1984.0,0.0,FraNchEstYN
1984-11-24,1984.0,0.0,FraNchEstYN
1984-11-25,1984.0,0.0,FraNchEstYN
1984-11-26,1984.0,0.0,FraNchEstYN
1984-11-27,1984.0,0.0,FraNchEstYN
1984-11-28,1984.0,0.0,FraNchEstYN
1984-11-29,1984.0,0.0,FraNchEstYN
1984-11-30,1984.0,0.0,FraNchEstYN
1984-12-01,1984.0,0.0,FraNchEstYN
1984-12-02,1984.0,0.0,FraNchEstYN
1984-12-03,1984.0,0.0,FraNchEstYN
1984-12-04,1984.0,0.0,FraNchEstYN
1984-12-05,1984.0,0.0,FraNchEstYN
1984-12-06,1984.0,0.0,FraNchEstYN
1984-12-07,1984.0,0.0,FraNchEstYN
1984-12-08,1984.0,0.0,FraNchEstYN
1984-12-09,1984.0,0.0,FraNchEstYN
1984-12-10,1984.0,0.0,FraNchEstYN
1984-12-11,1984.0,0.0,FraNchEstYN
1984-12-12,1984.0,0.0,FraNchEstYN
1984-12-13,1984.0,0.0,FraNchEstYN
1984-12-14,1984.0,0.0,FraNchEstYN
1984-12-15,1984.0,0.0,FraNchEstYN
1984-12-16,1984.0,0.0,FraNchEstYN
1984-12-17,1984.0,0.0,FraNchEstYN
1984-12-18,1984.0,0.0,FraNchEstYN
1984-12-19,1984.0,0.0,FraNchEstYN
1984-12-20,1984.0,0.0,FraNchEstYN
1984-12-21,1984.0,0.0,FraNchEstYN
1984-12-22,1984.0,0.0,FraNchEstYN
1984-12-23,1984.0,0.0,FraNchEstYN
1984-12-24,1984.0,0.0,FraNchEstYN
1984-12-25,1984.0,0.0,FraNchEstYN
1984-12-26,1984.0,0.0,FraNchEstYN
1984-12-27,1984.0,0.0,FraNchEstYN
1984-12-28,1984.0,0.0,FraNchEstYN
1984-12-29,1984.0,0.0,FraNchEstYN
1984-12-30,1984.0,0.0,FraNchEstYN
1984-12-31,1984.0,0.0,FraNchEstYN
1985-01-01,1985.0,0.0,FraNchEstYN
1985-01-02,1985.0,0.0,FraNchEstYN
1985-01-03,1985.0,0.0,FraNchEstYN
1985-01-04,1985.0,0.0,FraNchEstYN
1985-01-05,1985.0,0.0,FraNchEstYN
1985-01-06,1985.0,0.0,FraNchEstYN
1985-01-07,1985.0,0.0,FraNchEstYN
1985-01-08,1985.0,0.0,FraNchEstYN
1985-01-09,1985.0,0.0,FraNchEstYN
1985-01-10,1985.0,0.0,FraNchEstYN
1985-01-11,1985.0,0.0,FraNchEstYN
1985-01-12,1985.0,0.0,FraNchEstYN
1985-01-13,1985.0,0.0,FraNchEstYN
1985-01-14,1985.0,0.0,FraNchEstYN
1985-01-15,1985.0,0.0,FraNchEstYN
1985-01-16,1985.0,0.0,FraNchEstYN
1985-01-17,1985.0,0.0,FraNchEstYN
1985-01-18,1985.0,0.0,FraNchEstYN
1985-01-19,1985.0,0.0,FraNchEstYN
1985-01-20,1985.0,0.0,FraNchEstYN
1985-01-21,1985.0,0.0,FraNchEstYN
1985-01-22,1985.0,0.0,FraNchEstYN
1985-01-23,1985.0,0.0,FraNchEstYN
1985-01-24,1985.0,0.0,FraNchEstYN
1985-01-25,1985.0,0.0,FraNchEstYN
1985-01-26,1985.0,0.0,FraNchEstYN
1985-01-27,1985.0,0.0,FraNchEstYN
1985-01-28,1985.0,0.0,FraNchEstYN
1985-01-29,1985.0,0.0,FraNchEstYN
1985-01-30,1985.0,0.0,FraNchEstYN
1985-01-31,1985.0,0.0,FraNchEstYN
1985-02-01,1985.0,0.0,FraNchEstYN
1985-02-02,1985.0,0.0,FraNchEstYN
1985-02-03,1985.0,0.0,FraNchEstYN
1985-02-04,1985.0,0.0,FraNchEstYN
1985-02-05,1985.0,0.0,FraNchEstYN
1985-02-06,1985.0,0.0,FraNchEstYN
1985-02-07,1985.0,0.0,FraNchEstYN
1985-02-08,1985.0,0.0,FraNchEstYN
1985-02-09,1985.0,0.0,FraNchEstYN
1985-02-10,1985.0,0.0,FraNchEstYN
1985-02-11,1985.0,0.0,FraNchEstYN
1985-02-12,1985.0,0.0,FraNchEstYN
1985-02-13,1985.0,0.0,FraNchEstYN
1985-02-14,1985.0,0.0,FraNchEstYN
1985-02-15,1985.0,0.0,FraNchEstYN
1985-02-16,1985.0,0.0,FraNchEstYN
1985-02-17,1985.0,0.0,FraNchEstYN
1985-02-18,1985.0,0.0,FraNchEstYN
1985-02-19,1985.0,0.0,FraNchEstYN
1985-02-20,1985.0,0.0,FraNchEstYN
1985-02-21,1985.0,0.0,FraNchEstYN
1985-02-22,1985.0,0.0,FraNchEstYN
1985-02-23,1985.0,0.0,FraNchEstYN
1985-02-24,1985.0,0.0,FraNchEstYN
1985-02-25,1985.0,0.0,FraNchEstYN
1985-02-26,1985.0,0.0,FraNchEstYN
1985-02-27,1985.0,0.0,FraNchEstYN
1985-02-28,1985.0,0.0,FraNchEstYN
1985-03-01,1985.0,0.0,FraNchEstYN
1985-03-02,1985.0,0.0,FraNchEstYN
1985-03-03,1985.0,0.0,FraNchEstYN
1985-03-04,1985.0,0.0,FraNchEstYN
1985-03-05,1985.0,0.0,FraNchEstYN
1985-03-06,1985.0,0.0,FraNchEstYN
1985-03-07,1985.0,0.0,FraNchEstYN
1985-03-08,1985.0,0.0,FraNchEstYN
1985-03-09,1985.0,0.0,FraNchEstYN
1985-03-10,1985.0,0.0,FraNchEstYN
1985-03-11,1985.0,0.0,FraNchEstYN
1985-03-12,1985.0,0.0,FraNchEstYN
1985-03-13,1985.0,0.0,FraNchEstYN
1985-03-14,1985.0,0.0,FraNchEstYN
1985-03-15,1985.0,0.0,FraNchEstYN
1985-03-16,1985.0,0.0,FraNchEstYN
1985-03-17,1985.0,0.0,FraNchEstYN
1985-03-18,1985.0,0.0,FraNchEstYN
1985-03-19,1985.0,0.0,FraNchEstYN
1985-03-20,1985.0,0.0,FraNchEstYN
1985-03-21,1985.0,0.0,FraNchEstYN
1985-03-22,1985.0,0.0,FraNchEstYN
1985-03-23,1985.0,0.0,FraNchEstYN
1985-03-24,1985.0,0.0,FraNchEstYN
1985-03-25,1985.0,0.0,FraNchEstYN
1985-03-26,1985.0,0.0,FraNchEstYN
1985-03-27,1985.0,0.0,FraNchEstYN
1985-03-28,1985.0,0.0,FraNchEstYN
1985-03-29,1985.0,0.0,FraNchEstYN
1985-03-30,1985.0,0.0,FraNchEstYN
1985-03-31,1985.0,0.0,FraNchEstYN
1985-04-01,1985.0,0.0,FraNchEstYN
1985-04-02,1985.0,0.0,FraNchEstYN
1985-04-03,1985.0,0.0,FraNchEstYN
1985-04-04,1985.0,0.0,FraNchEstYN
1985-04-05,1985.0,0.0,FraNchEstYN
1985-04-06,1985.0,0.0,FraNchEstYN
1985-04-07,1985.0,0.0,FraNchEstYN
1985-04-08,1985.0,0.0,FraNchEstYN
1985-04-09,1985.0,0.0,FraNchEstYN
1985-04-10,1985.0,0.0,FraNchEstYN
1985-04-11,1985.0,0.0,FraNchEstYN
1985-04-12,1985.0,0.0,FraNchEstYN
1985-04-13,1985.0,0.0,FraNchEstYN
1985-04-14,1985.0,0.0,FraNchEstYN
1985-04-15,1985.0,0.0,FraNchEstYN
1985-04-16,1985.0,0.0,FraNchEstYN
1985-04-17,1985.0,0.0,FraNchEstYN
1985-04-18,1985.0,0.0,FraNchEstYN
1985-04-19,1985.0,0.0,FraNchEstYN
1985-04-20,1985.0,0.0,FraNchEstYN
1985-04-21,1985.0,0.0,FraNchEstYN
1985-04-22,1985.0,0.0,FraNchEstYN
1985-04-23,1985.0,0.0,FraNchEstYN
1985-04-24,1985.0,0.0,FraNchEstYN
1985-04-25,1985.0,0.0135733895,FraNchEstYN
1985-04-26,1985.0,0.0135733895,FraNchEstYN
1985-04-27,1985.0,0.0135733895,FraNchEstYN
1985-04-28,1985.0,0.031351723,FraNchEstYN
1985-04-29,1985.0,0.031351723,FraNchEstYN
1985-04-30,1985.0,0.031351723,FraNchEstYN
1985-05-01,1985.0,0.031351723,FraNchEstYN
1985-05-02,1985.0,0.031351723,FraNchEstYN
1985-05-03,1985.0,0.031351723,FraNchEstYN
1985-05-04,1985.0,0.031351723,FraNchEstYN
1985-05-05,1985.0,0.031351723,FraNchEstYN
1985-05-06,1985.0,0.054037526,FraNchEstYN
1985-05-07,1985.0,0.054037526,FraNchEstYN
1985-05-08,1985.0,0.0749763,FraNchEstYN
1985-05-09,1985.0,0.0749763,FraNchEstYN
1985-05-10,1985.0,0.1055255,FraNchEstYN
1985-05-11,1985.0,0.15536271,FraNchEstYN
1985-05-12,1985.0,0.20482686,FraNchEstYN
1985-05-13,1985.0,0.20482686,FraNchEstYN
1985-05-14,1985.0,0.20482686,FraNchEstYN
1985-05-15,1985.0,0.25099123,FraNchEstYN
1985-05-16,1985.0,0.25099123,FraNchEstYN
1985-05-17,1985.0,0.25099123,FraNchEstYN
1985-05-18,1985.0,0.25099123,FraNchEstYN
1985-05-19,1985.0,0.29232287,FraNchEstYN
1985-05-20,1985.0,0.29254386,FraNchEstYN
1985-05-21,1985.0,0.29254386,FraNchEstYN
1985-05-22,1985.0,0.29254386,FraNchEstYN
1985-05-23,1985.0,0.31555194,FraNchEstYN
1985-05-24,1985.0,0.31555194,FraNchEstYN
1985-05-25,1985.0,0.31555194,FraNchEstYN
1985-05-26,1985.0,0.31555194,FraNchEstYN
1985-05-27,1985.0,0.31555194,FraNchEstYN
1985-05-28,1985.0,0.3315173,FraNchEstYN
1985-05-29,1985.0,0.35097134,FraNchEstYN
1985-05-30,1985.0,0.35097134,FraNchEstYN
1985-05-31,1985.0,0.3662368,FraNchEstYN
1985-06-01,1985.0,0.40438455,FraNchEstYN
1985-06-02,1985.0,0.4267452,FraNchEstYN
1985-06-03,1985.0,0.43831998,FraNchEstYN
1985-06-04,1985.0,0.43831998,FraNchEstYN
1985-06-05,1985.0,0.46750554,FraNchEstYN
1985-06-06,1985.0,0.4691553,FraNchEstYN
1985-06-07,1985.0,0.4691553,FraNchEstYN
1985-06-08,1985.0,0.4691553,FraNchEstYN
1985-06-09,1985.0,0.4691553,FraNchEstYN
1985-06-10,1985.0,0.4691553,FraNchEstYN
1985-06-11,1985.0,0.48173946,FraNchEstYN
1985-06-12,1985.0,0.48173946,FraNchEstYN
1985-06-13,1985.0,0.48571008,FraNchEstYN
1985-06-14,1985.0,0.48571008,FraNchEstYN
1985-06-15,1985.0,0.49297857,FraNchEstYN
1985-06-16,1985.0,0.4996317,FraNchEstYN
1985-06-17,1985.0,0.4996317,FraNchEstYN
1985-06-18,1985.0,0.4997729,FraNchEstYN
1985-06-19,1985.0,0.50449336,FraNchEstYN
1985-06-20,1985.0,0.50898784,FraNchEstYN
1985-06-21,1985.0,0.5104269,FraNchEstYN
1985-06-22,1985.0,0.5104269,FraNchEstYN
1985-06-23,1985.0,0.5104375,FraNchEstYN
1985-06-24,1985.0,0.5104375,FraNchEstYN
1985-06-25,1985.0,0.51044214,FraNchEstYN
1985-06-26,1985.0,0.5104437,FraNchEstYN
1985-06-27,1985.0,0.5122074,FraNchEstYN
1985-06-28,1985.0,0.512208,FraNchEstYN
1985-06-29,1985.0,0.512208,FraNchEstYN
1985-06-30,1985.0,0.51305073,FraNchEstYN
1985-07-01,1985.0,0.51370984,FraNchEstYN
1985-07-02,1985.0,0.51412416,FraNchEstYN
1985-07-03,1985.0,0.5142232,FraNchEstYN
1985-07-04,1985.0,0.5142232,FraNchEstYN
1985-07-05,1985.0,0.51422316,FraNchEstYN
1985-07-06,1985.0,0.51422316,FraNchEstYN
1985-10-07,1985.0,0.0,FraNchEstYN
1985-10-08,1985.0,0.0,FraNchEstYN
1985-10-09,1985.0,0.0,FraNchEstYN
1985-10-10,1985.0,0.0,FraNchEstYN
1985-10-11,1985.0,0.0,FraNchEstYN
1985-10-12,1985.0,0.0,FraNchEstYN
1985-10-13,1985.0,0.0,FraNchEstYN
1985-10-14,1985.0,0.0,FraNchEstYN
1985-10-15,1985.0,0.0,FraNchEstYN
1985-10-16,1985.0,0.0,FraNchEstYN
1985-10-17,1985.0,0.0,FraNchEstYN
1985-10-18,1985.0,0.0,FraNchEstYN
1985-10-19,1985.0,0.0,FraNchEstYN
1985-10-20,1985.0,0.0,FraNchEstYN
1985-10-21,1985.0,0.0,FraNchEstYN
1985-10-22,1985.0,0.0,FraNchEstYN
1985-10-23,1985.0,0.0,FraNchEstYN
1985-10-24,1985.0,0.0,FraNchEstYN
1985-10-25,1985.0,0.0,FraNchEstYN
1985-10-26,1985.0,0.0,FraNchEstYN
1985-10-27,1985.0,0.0,FraNchEstYN
1985-10-28,1985.0,0.0,FraNchEstYN
1985-10-29,1985.0,0.0,FraNchEstYN
1985-10-30,1985.0,0.0,FraNchEstYN
1985-10-31,1985.0,0.0,FraNchEstYN
1985-11-01,1985.0,0.0,FraNchEstYN
1985-11-02,1985.0,0.0,FraNchEstYN
1985-11-03,1985.0,0.0,FraNchEstYN
1985-11-04,1985.0,0.0,FraNchEstYN
1985-11-05,1985.0,0.0,FraNchEstYN
1985-11-06,1985.0,0.0,FraNchEstYN
1985-11-07,1985.0,0.0,FraNchEstYN
1985-11-08,1985.0,0.0,FraNchEstYN
1985-11-09,1985.0,0.0,FraNchEstYN
1985-11-10,1985.0,0.0,FraNchEstYN
1985-11-11,1985.0,0.0,FraNchEstYN
1985-11-12,1985.0,0.0,FraNchEstYN
1985-11-13,1985.0,0.0,FraNchEstYN
1985-11-14,1985.0,0.0,FraNchEstYN
1985-11-15,1985.0,0.0,FraNchEstYN
1985-11-16,1985.0,0.0,FraNchEstYN
1985-11-17,1985.0,0.0,FraNchEstYN
1985-11-18,1985.0,0.0,FraNchEstYN
1985-11-19,1985.0,0.0,FraNchEstYN
1985-11-20,1985.0,0.0,FraNchEstYN
1985-11-21,1985.0,0.0,FraNchEstYN
1985-11-22,1985.0,0.0,FraNchEstYN
1985-11-23,1985.0,0.0,FraNchEstYN
1985-11-24,1985.0,0.0,FraNchEstYN
1985-11-25,1985.0,0.0,FraNchEstYN
1985-11-26,1985.0,0.0,FraNchEstYN
1985-11-27,1985.0,0.0,FraNchEstYN
1985-11-28,1985.0,0.0,FraNchEstYN
1985-11-29,1985.0,0.0,FraNchEstYN
1985-11-30,1985.0,0.0,FraNchEstYN
1985-12-01,1985.0,0.0,FraNchEstYN
1985-12-02,1985.0,0.0,FraNchEstYN
1985-12-03,1985.0,0.0,FraNchEstYN
1985-12-04,1985.0,0.0,FraNchEstYN
1985-12-05,1985.0,0.0,FraNchEstYN
1985-12-06,1985.0,0.0,FraNchEstYN
1985-12-07,1985.0,0.0,FraNchEstYN
1985-12-08,1985.0,0.0,FraNchEstYN
1985-12-09,1985.0,0.0,FraNchEstYN
1985-12-10,1985.0,0.0,FraNchEstYN
1985-12-11,1985.0,0.0,FraNchEstYN
1985-12-12,1985.0,0.0,FraNchEstYN
1985-12-13,1985.0,0.0,FraNchEstYN
1985-12-14,1985.0,0.0,FraNchEstYN
1985-12-15,1985.0,0.0,FraNchEstYN
1985-12-16,1985.0,0.0,FraNchEstYN
1985-12-17,1985.0,0.0,FraNchEstYN
1985-12-18,1985.0,0.0,FraNchEstYN
1985-12-19,1985.0,0.0,FraNchEstYN
1985-12-20,1985.0,0.0,FraNchEstYN
1985-12-21,1985.0,0.0,FraNchEstYN
1985-12-22,1985.0,0.0,FraNchEstYN
1985-12-23,1985.0,0.0,FraNchEstYN
1985-12-24,1985.0,0.0,FraNchEstYN
1985-12-25,1985.0,0.0,FraNchEstYN
1985-12-26,1985.0,0.0,FraNchEstYN
1985-12-27,1985.0,0.0,FraNchEstYN
1985-12-28,1985.0,0.0,FraNchEstYN
1985-12-29,1985.0,0.0,FraNchEstYN
1985-12-30,1985.0,0.0,FraNchEstYN
1985-12-31,1985.0,0.0,FraNchEstYN
1986-01-01,1986.0,0.0,FraNchEstYN
1986-01-02,1986.0,0.0,FraNchEstYN
1986-01-03,1986.0,0.0,FraNchEstYN
1986-01-04,1986.0,0.0,FraNchEstYN
1986-01-05,1986.0,0.0,FraNchEstYN
1986-01-06,1986.0,0.0,FraNchEstYN
1986-01-07,1986.0,0.0,FraNchEstYN
1986-01-08,1986.0,0.0,FraNchEstYN
1986-01-09,1986.0,0.0,FraNchEstYN
1986-01-10,1986.0,0.0,FraNchEstYN
1986-01-11,1986.0,0.0,FraNchEstYN
1986-01-12,1986.0,0.0,FraNchEstYN
1986-01-13,1986.0,0.0,FraNchEstYN
1986-01-14,1986.0,0.0,FraNchEstYN
1986-01-15,1986.0,0.0,FraNchEstYN
1986-01-16,1986.0,0.0,FraNchEstYN
1986-01-17,1986.0,0.0,FraNchEstYN
1986-01-18,1986.0,0.0,FraNchEstYN
1986-01-19,1986.0,0.0,FraNchEstYN
1986-01-20,1986.0,0.0,FraNchEstYN
1986-01-21,1986.0,0.0,FraNchEstYN
1986-01-22,1986.0,0.0,FraNchEstYN
1986-01-23,1986.0,0.0,FraNchEstYN
1986-01-24,1986.0,0.0,FraNchEstYN
1986-01-25,1986.0,0.0,FraNchEstYN
1986-01-26,1986.0,0.0,FraNchEstYN
1986-01-27,1986.0,0.0,FraNchEstYN
1986-01-28,1986.0,0.0,FraNchEstYN
1986-01-29,1986.0,0.0,FraNchEstYN
1986-01-30,1986.0,0.0,FraNchEstYN
1986-01-31,1986.0,0.0,FraNchEstYN
1986-02-01,1986.0,0.0,FraNchEstYN
1986-02-02,1986.0,0.0,FraNchEstYN
1986-02-03,1986.0,0.0,FraNchEstYN
1986-02-04,1986.0,0.0,FraNchEstYN
1986-02-05,1986.0,0.0,FraNchEstYN
1986-02-06,1986.0,0.0,FraNchEstYN
1986-02-07,1986.0,0.0,FraNchEstYN
1986-02-08,1986.0,0.0,FraNchEstYN
1986-02-09,1986.0,0.0,FraNchEstYN
1986-02-10,1986.0,0.0,FraNchEstYN
1986-02-11,1986.0,0.0,FraNchEstYN
1986-02-12,1986.0,0.0,FraNchEstYN
1986-02-13,1986.0,0.0,FraNchEstYN
1986-02-14,1986.0,0.0,FraNchEstYN
1986-02-15,1986.0,0.0,FraNchEstYN
1986-02-16,1986.0,0.0,FraNchEstYN
1986-02-17,1986.0,0.0,FraNchEstYN
1986-02-18,1986.0,0.0,FraNchEstYN
1986-02-19,1986.0,0.0,FraNchEstYN
1986-02-20,1986.0,0.0,FraNchEstYN
1986-02-21,1986.0,0.0,FraNchEstYN
1986-02-22,1986.0,0.0,FraNchEstYN
1986-02-23,1986.0,0.0,FraNchEstYN
1986-02-24,1986.0,0.0,FraNchEstYN
1986-02-25,1986.0,0.0,FraNchEstYN
1986-02-26,1986.0,0.0,FraNchEstYN
1986-02-27,1986.0,0.0,FraNchEstYN
1986-02-28,1986.0,0.0,FraNchEstYN
1986-03-01,1986.0,0.0,FraNchEstYN
1986-03-02,1986.0,0.0,FraNchEstYN
1986-03-03,1986.0,0.0,FraNchEstYN
1986-03-04,1986.0,0.0,FraNchEstYN
1986-03-05,1986.0,0.0,FraNchEstYN
1986-03-06,1986.0,0.0,FraNchEstYN
1986-03-07,1986.0,0.0,FraNchEstYN
1986-03-08,1986.0,0.0,FraNchEstYN
1986-03-09,1986.0,0.0,FraNchEstYN
1986-03-10,1986.0,0.0,FraNchEstYN
1986-03-11,1986.0,0.0,FraNchEstYN
1986-03-12,1986.0,0.0,FraNchEstYN
1986-03-13,1986.0,0.0,FraNchEstYN
1986-03-14,1986.0,0.0,FraNchEstYN
1986-03-15,1986.0,0.0,FraNchEstYN
1986-03-16,1986.0,0.0,FraNchEstYN
1986-03-17,1986.0,0.0,FraNchEstYN
1986-03-18,1986.0,0.0,FraNchEstYN
1986-03-19,1986.0,0.0,FraNchEstYN
1986-03-20,1986.0,0.0,FraNchEstYN
1986-03-21,1986.0,0.0,FraNchEstYN
1986-03-22,1986.0,0.0,FraNchEstYN
1986-03-23,1986.0,0.0,FraNchEstYN
1986-03-24,1986.0,0.0,FraNchEstYN
1986-03-25,1986.0,0.0,FraNchEstYN
1986-03-26,1986.0,0.0,FraNchEstYN
1986-03-27,1986.0,0.0,FraNchEstYN
1986-03-28,1986.0,0.0,FraNchEstYN
1986-03-29,1986.0,0.0,FraNchEstYN
1986-03-30,1986.0,0.0,FraNchEstYN
1986-03-31,1986.0,0.0,FraNchEstYN
1986-04-01,1986.0,0.0,FraNchEstYN
1986-04-02,1986.0,0.0,FraNchEstYN
1986-04-03,1986.0,0.0,FraNchEstYN
1986-04-04,1986.0,0.0,FraNchEstYN
1986-04-05,1986.0,0.0,FraNchEstYN
1986-04-06,1986.0,0.0,FraNchEstYN
1986-04-07,1986.0,0.0,FraNchEstYN
1986-04-08,1986.0,0.0,FraNchEstYN
1986-04-09,1986.0,0.0,FraNchEstYN
1986-04-10,1986.0,0.0,FraNchEstYN
1986-04-11,1986.0,0.0,FraNchEstYN
1986-04-12,1986.0,0.0,FraNchEstYN
1986-04-13,1986.0,0.0,FraNchEstYN
1986-04-14,1986.0,0.0,FraNchEstYN
1986-04-15,1986.0,0.0,FraNchEstYN
1986-04-16,1986.0,0.0,FraNchEstYN
1986-04-17,1986.0,0.0,FraNchEstYN
1986-04-18,1986.0,0.0,FraNchEstYN
1986-04-19,1986.0,0.0,FraNchEstYN
1986-04-20,1986.0,0.0,FraNchEstYN
1986-04-21,1986.0,0.0,FraNchEstYN
1986-04-22,1986.0,0.0,FraNchEstYN
1986-04-23,1986.0,0.0,FraNchEstYN
1986-04-24,1986.0,0.0,FraNchEstYN
1986-04-25,1986.0,0.0,FraNchEstYN
1986-04-26,1986.0,0.0,FraNchEstYN
1986-04-27,1986.0,0.0,FraNchEstYN
1986-04-28,1986.0,0.0,FraNchEstYN
1986-04-29,1986.0,0.0,FraNchEstYN
1986-04-30,1986.0,0.0,FraNchEstYN
1986-05-01,1986.0,0.018185832,FraNchEstYN
1986-05-02,1986.0,0.018185832,FraNchEstYN
1986-05-03,1986.0,0.018185832,FraNchEstYN
1986-05-04,1986.0,0.018185832,FraNchEstYN
1986-05-05,1986.0,0.03245409,FraNchEstYN
1986-05-06,1986.0,0.03245409,FraNchEstYN
1986-05-07,1986.0,0.03245409,FraNchEstYN
1986-05-08,1986.0,0.03245409,FraNchEstYN
1986-05-09,1986.0,0.06108945,FraNchEstYN
1986-05-10,1986.0,0.06108945,FraNchEstYN
1986-05-11,1986.0,0.08006749,FraNchEstYN
1986-05-12,1986.0,0.109445535,FraNchEstYN
1986-05-13,1986.0,0.109445535,FraNchEstYN
1986-05-14,1986.0,0.109445535,FraNchEstYN
1986-05-15,1986.0,0.109445535,FraNchEstYN
1986-05-16,1986.0,0.109445535,FraNchEstYN
1986-05-17,1986.0,0.14835538,FraNchEstYN
1986-05-18,1986.0,0.16824521,FraNchEstYN
1986-05-19,1986.0,0.16824521,FraNchEstYN
1986-05-20,1986.0,0.16824521,FraNchEstYN
1986-05-21,1986.0,0.16824521,FraNchEstYN
1986-05-22,1986.0,0.16824521,FraNchEstYN
1986-05-23,1986.0,0.16824521,FraNchEstYN
1986-05-24,1986.0,0.22064576,FraNchEstYN
1986-05-25,1986.0,0.26916236,FraNchEstYN
1986-05-26,1986.0,0.26916236,FraNchEstYN
1986-05-27,1986.0,0.26916236,FraNchEstYN
1986-05-28,1986.0,0.26916236,FraNchEstYN
1986-05-29,1986.0,0.26916236,FraNchEstYN
1986-05-30,1986.0,0.31247866,FraNchEstYN
1986-05-31,1986.0,0.31247866,FraNchEstYN
1986-06-01,1986.0,0.3399238,FraNchEstYN
1986-06-02,1986.0,0.37533024,FraNchEstYN
1986-06-03,1986.0,0.39004096,FraNchEstYN
1986-06-04,1986.0,0.42263398,FraNchEstYN
1986-06-05,1986.0,0.451636,FraNchEstYN
1986-06-06,1986.0,0.46402007,FraNchEstYN
1986-06-07,1986.0,0.46402007,FraNchEstYN
1986-06-08,1986.0,0.46402007,FraNchEstYN
1986-06-09,1986.0,0.4656008,FraNchEstYN
1986-06-10,1986.0,0.4921915,FraNchEstYN
1986-06-11,1986.0,0.51603734,FraNchEstYN
1986-06-12,1986.0,0.51603734,FraNchEstYN
1986-06-13,1986.0,0.53334004,FraNchEstYN
1986-06-14,1986.0,0.53334004,FraNchEstYN
1986-06-15,1986.0,0.53334004,FraNchEstYN
1986-06-16,1986.0,0.53334004,FraNchEstYN
1986-06-17,1986.0,0.53475004,FraNchEstYN
1986-06-18,1986.0,0.53475004,FraNchEstYN
1986-06-19,1986.0,0.54111904,FraNchEstYN
1986-06-20,1986.0,0.5481322,FraNchEstYN
1986-06-21,1986.0,0.5540088,FraNchEstYN
1986-06-22,1986.0,0.5592289,FraNchEstYN
1986-06-23,1986.0,0.55931425,FraNchEstYN
1986-06-24,1986.0,0.55931425,FraNchEstYN
1986-06-25,1986.0,0.5625805,FraNchEstYN
1986-06-26,1986.0,0.56514966,FraNchEstYN
1986-06-27,1986.0,0.56514966,FraNchEstYN
1986-06-28,1986.0,0.5677613,FraNchEstYN
1986-06-29,1986.0,0.5677613,FraNchEstYN
1986-06-30,1986.0,0.5677613,FraNchEstYN
1986-07-01,1986.0,0.56863457,FraNchEstYN
1986-07-02,1986.0,0.5689414,FraNchEstYN
1986-07-03,1986.0,0.5689414,FraNchEstYN
1986-07-04,1986.0,0.5689414,FraNchEstYN
1986-07-05,1986.0,0.5689414,FraNchEstYN
1986-07-06,1986.0,0.5689414,FraNchEstYN
1986-07-07,1986.0,0.5689414,FraNchEstYN
1986-07-08,1986.0,0.5689414,FraNchEstYN
1986-07-09,1986.0,0.5689414,FraNchEstYN
1986-10-11,1986.0,0.0,FraNchEstYN
1986-10-12,1986.0,0.0,FraNchEstYN
1986-10-13,1986.0,0.0,FraNchEstYN
1986-10-14,1986.0,0.0,FraNchEstYN
1986-10-15,1986.0,0.0,FraNchEstYN
1986-10-16,1986.0,0.0,FraNchEstYN
1986-10-17,1986.0,0.0,FraNchEstYN
1986-10-18,1986.0,0.0,FraNchEstYN
1986-10-19,1986.0,0.0,FraNchEstYN
1986-10-20,1986.0,0.0,FraNchEstYN
1986-10-21,1986.0,0.0,FraNchEstYN
1986-10-22,1986.0,0.0,FraNchEstYN
1986-10-23,1986.0,0.0,FraNchEstYN
1986-10-24,1986.0,0.0,FraNchEstYN
1986-10-25,1986.0,0.0,FraNchEstYN
1986-10-26,1986.0,0.0,FraNchEstYN
1986-10-27,1986.0,0.0,FraNchEstYN
1986-10-28,1986.0,0.0,FraNchEstYN
1986-10-29,1986.0,0.0,FraNchEstYN
1986-10-30,1986.0,0.0,FraNchEstYN
1986-10-31,1986.0,0.0,FraNchEstYN
1986-11-01,1986.0,0.0,FraNchEstYN
1986-11-02,1986.0,0.0,FraNchEstYN
1986-11-03,1986.0,0.0,FraNchEstYN
1986-11-04,1986.0,0.0,FraNchEstYN
1986-11-05,1986.0,0.0,FraNchEstYN
1986-11-06,1986.0,0.0,FraNchEstYN
1986-11-07,1986.0,0.0,FraNchEstYN
1986-11-08,1986.0,0.0,FraNchEstYN
1986-11-09,1986.0,0.0,FraNchEstYN
1986-11-10,1986.0,0.0,FraNchEstYN
1986-11-11,1986.0,0.0,FraNchEstYN
1986-11-12,1986.0,0.0,FraNchEstYN
1986-11-13,1986.0,0.0,FraNchEstYN
1986-11-14,1986.0,0.0,FraNchEstYN
1986-11-15,1986.0,0.0,FraNchEstYN
1986-11-16,1986.0,0.0,FraNchEstYN
1986-11-17,1986.0,0.0,FraNchEstYN
1986-11-18,1986.0,0.0,FraNchEstYN
1986-11-19,1986.0,0.0,FraNchEstYN
1986-11-20,1986.0,0.0,FraNchEstYN
1986-11-21,1986.0,0.0,FraNchEstYN
1986-11-22,1986.0,0.0,FraNchEstYN
1986-11-23,1986.0,0.0,FraNchEstYN
1986-11-24,1986.0,0.0,FraNchEstYN
1986-11-25,1986.0,0.0,FraNchEstYN
1986-11-26,1986.0,0.0,FraNchEstYN
1986-11-27,1986.0,0.0,FraNchEstYN
1986-11-28,1986.0,0.0,FraNchEstYN
1986-11-29,1986.0,0.0,FraNchEstYN
1986-11-30,1986.0,0.0,FraNchEstYN
1986-12-01,1986.0,0.0,FraNchEstYN
1986-12-02,1986.0,0.0,FraNchEstYN
1986-12-03,1986.0,0.0,FraNchEstYN
1986-12-04,1986.0,0.0,FraNchEstYN
1986-12-05,1986.0,0.0,FraNchEstYN
1986-12-06,1986.0,0.0,FraNchEstYN
1986-12-07,1986.0,0.0,FraNchEstYN
1986-12-08,1986.0,0.0,FraNchEstYN
1986-12-09,1986.0,0.0,FraNchEstYN
1986-12-10,1986.0,0.0,FraNchEstYN
1986-12-11,1986.0,0.0,FraNchEstYN
1986-12-12,1986.0,0.0,FraNchEstYN
1986-12-13,1986.0,0.0,FraNchEstYN
1986-12-14,1986.0,0.0,FraNchEstYN
1986-12-15,1986.0,0.0,FraNchEstYN
1986-12-16,1986.0,0.0,FraNchEstYN
1986-12-17,1986.0,0.0,FraNchEstYN
1986-12-18,1986.0,0.0,FraNchEstYN
1986-12-19,1986.0,0.0,FraNchEstYN
1986-12-20,1986.0,0.0,FraNchEstYN
1986-12-21,1986.0,0.0,FraNchEstYN
1986-12-22,1986.0,0.0,FraNchEstYN
1986-12-23,1986.0,0.0,FraNchEstYN
1986-12-24,1986.0,0.0,FraNchEstYN
1986-12-25,1986.0,0.0,FraNchEstYN
1986-12-26,1986.0,0.0,FraNchEstYN
1986-12-27,1986.0,0.0,FraNchEstYN
1986-12-28,1986.0,0.0,FraNchEstYN
1986-12-29,1986.0,0.0,FraNchEstYN
1986-12-30,1986.0,0.0,FraNchEstYN
1986-12-31,1986.0,0.0,FraNchEstYN
1987-01-01,1987.0,0.0,FraNchEstYN
1987-01-02,1987.0,0.0,FraNchEstYN
1987-01-03,1987.0,0.0,FraNchEstYN
1987-01-04,1987.0,0.0,FraNchEstYN
1987-01-05,1987.0,0.0,FraNchEstYN
1987-01-06,1987.0,0.0,FraNchEstYN
1987-01-07,1987.0,0.0,FraNchEstYN
1987-01-08,1987.0,0.0,FraNchEstYN
1987-01-09,1987.0,0.0,FraNchEstYN
1987-01-10,1987.0,0.0,FraNchEstYN
1987-01-11,1987.0,0.0,FraNchEstYN
1987-01-12,1987.0,0.0,FraNchEstYN
1987-01-13,1987.0,0.0,FraNchEstYN
1987-01-14,1987.0,0.0,FraNchEstYN
1987-01-15,1987.0,0.0,FraNchEstYN
1987-01-16,1987.0,0.0,FraNchEstYN
1987-01-17,1987.0,0.0,FraNchEstYN
1987-01-18,1987.0,0.0,FraNchEstYN
1987-01-19,1987.0,0.0,FraNchEstYN
1987-01-20,1987.0,0.0,FraNchEstYN
1987-01-21,1987.0,0.0,FraNchEstYN
1987-01-22,1987.0,0.0,FraNchEstYN
1987-01-23,1987.0,0.0,FraNchEstYN
1987-01-24,1987.0,0.0,FraNchEstYN
1987-01-25,1987.0,0.0,FraNchEstYN
1987-01-26,1987.0,0.0,FraNchEstYN
1987-01-27,1987.0,0.0,FraNchEstYN
1987-01-28,1987.0,0.0,FraNchEstYN
1987-01-29,1987.0,0.0,FraNchEstYN
1987-01-30,1987.0,0.0,FraNchEstYN
1987-01-31,1987.0,0.0,FraNchEstYN
1987-02-01,1987.0,0.0,FraNchEstYN
1987-02-02,1987.0,0.0,FraNchEstYN
1987-02-03,1987.0,0.0,FraNchEstYN
1987-02-04,1987.0,0.0,FraNchEstYN
1987-02-05,1987.0,0.0,FraNchEstYN
1987-02-06,1987.0,0.0,FraNchEstYN
1987-02-07,1987.0,0.0,FraNchEstYN
1987-02-08,1987.0,0.0,FraNchEstYN
1987-02-09,1987.0,0.0,FraNchEstYN
1987-02-10,1987.0,0.0,FraNchEstYN
1987-02-11,1987.0,0.0,FraNchEstYN
1987-02-12,1987.0,0.0,FraNchEstYN
1987-02-13,1987.0,0.0,FraNchEstYN
1987-02-14,1987.0,0.0,FraNchEstYN
1987-02-15,1987.0,0.0,FraNchEstYN
1987-02-16,1987.0,0.0,FraNchEstYN
1987-02-17,1987.0,0.0,FraNchEstYN
1987-02-18,1987.0,0.0,FraNchEstYN
1987-02-19,1987.0,0.0,FraNchEstYN
1987-02-20,1987.0,0.0,FraNchEstYN
1987-02-21,1987.0,0.0,FraNchEstYN
1987-02-22,1987.0,0.0,FraNchEstYN
1987-02-23,1987.0,0.0,FraNchEstYN
1987-02-24,1987.0,0.0,FraNchEstYN
1987-02-25,1987.0,0.0,FraNchEstYN
1987-02-26,1987.0,0.0,FraNchEstYN
1987-02-27,1987.0,0.0,FraNchEstYN
1987-02-28,1987.0,0.0,FraNchEstYN
1987-03-01,1987.0,0.0,FraNchEstYN
1987-03-02,1987.0,0.0,FraNchEstYN
1987-03-03,1987.0,0.0,FraNchEstYN
1987-03-04,1987.0,0.0,FraNchEstYN
1987-03-05,1987.0,0.0,FraNchEstYN
1987-03-06,1987.0,0.0,FraNchEstYN
1987-03-07,1987.0,0.0,FraNchEstYN
1987-03-08,1987.0,0.0,FraNchEstYN
1987-03-09,1987.0,0.0,FraNchEstYN
1987-03-10,1987.0,0.0,FraNchEstYN
1987-03-11,1987.0,0.0,FraNchEstYN
1987-03-12,1987.0,0.0,FraNchEstYN
1987-03-13,1987.0,0.0,FraNchEstYN
1987-03-14,1987.0,0.0,FraNchEstYN
1987-03-15,1987.0,0.0,FraNchEstYN
1987-03-16,1987.0,0.0,FraNchEstYN
1987-03-17,1987.0,0.0,FraNchEstYN
1987-03-18,1987.0,0.0,FraNchEstYN
1987-03-19,1987.0,0.0,FraNchEstYN
1987-03-20,1987.0,0.0,FraNchEstYN
1987-03-21,1987.0,0.0,FraNchEstYN
1987-03-22,1987.0,0.0,FraNchEstYN
1987-03-23,1987.0,0.0,FraNchEstYN
1987-03-24,1987.0,0.0,FraNchEstYN
1987-03-25,1987.0,0.0,FraNchEstYN
1987-03-26,1987.0,0.0,FraNchEstYN
1987-03-27,1987.0,0.0,FraNchEstYN
1987-03-28,1987.0,0.0,FraNchEstYN
1987-03-29,1987.0,0.0,FraNchEstYN
1987-03-30,1987.0,0.0,FraNchEstYN
1987-03-31,1987.0,0.0,FraNchEstYN
1987-04-01,1987.0,0.0,FraNchEstYN
1987-04-02,1987.0,0.0,FraNchEstYN
1987-04-03,1987.0,0.0,FraNchEstYN
1987-04-04,1987.0,0.0,FraNchEstYN
1987-04-05,1987.0,0.0,FraNchEstYN
1987-04-06,1987.0,0.0,FraNchEstYN
1987-04-07,1987.0,0.0,FraNchEstYN
1987-04-08,1987.0,0.0,FraNchEstYN
1987-04-09,1987.0,0.0,FraNchEstYN
1987-04-10,1987.0,0.0,FraNchEstYN
1987-04-11,1987.0,0.0,FraNchEstYN
1987-04-12,1987.0,0.0,FraNchEstYN
1987-04-13,1987.0,0.0,FraNchEstYN
1987-04-14,1987.0,0.0,FraNchEstYN
1987-04-15,1987.0,0.0,FraNchEstYN
1987-04-16,1987.0,0.0,FraNchEstYN
1987-04-17,1987.0,0.0,FraNchEstYN
1987-04-18,1987.0,0.0,FraNchEstYN
1987-04-19,1987.0,0.0,FraNchEstYN
1987-04-20,1987.0,0.0,FraNchEstYN
1987-04-21,1987.0,0.0,FraNchEstYN
1987-04-22,1987.0,0.0,FraNchEstYN
1987-04-23,1987.0,0.0,FraNchEstYN
1987-04-24,1987.0,0.0,FraNchEstYN
1987-04-25,1987.0,0.0,FraNchEstYN
1987-04-26,1987.0,0.0,FraNchEstYN
1987-04-27,1987.0,0.0,FraNchEstYN
1987-04-28,1987.0,0.0,FraNchEstYN
1987-04-29,1987.0,0.0,FraNchEstYN
1987-04-30,1987.0,0.0,FraNchEstYN
1987-05-01,1987.0,0.0,FraNchEstYN
1987-05-02,1987.0,0.0,FraNchEstYN
1987-05-03,1987.0,0.0,FraNchEstYN
1987-05-04,1987.0,0.0,FraNchEstYN
1987-05-05,1987.0,0.0,FraNchEstYN
1987-05-06,1987.0,0.0,FraNchEstYN
1987-05-07,1987.0,0.0,FraNchEstYN
1987-05-08,1987.0,0.0,FraNchEstYN
1987-05-09,1987.0,0.0,FraNchEstYN
1987-05-10,1987.0,0.0,FraNchEstYN
1987-05-11,1987.0,0.0,FraNchEstYN
1987-05-12,1987.0,0.0,FraNchEstYN
1987-05-13,1987.0,0.0,FraNchEstYN
1987-05-14,1987.0,0.0,FraNchEstYN
1987-05-15,1987.0,0.0,FraNchEstYN
1987-05-16,1987.0,0.0,FraNchEstYN
1987-05-17,1987.0,0.0,FraNchEstYN
1987-05-18,1987.0,0.0,FraNchEstYN
1987-05-19,1987.0,0.0,FraNchEstYN
1987-05-20,1987.0,0.0,FraNchEstYN
1987-05-21,1987.0,0.0,FraNchEstYN
1987-05-22,1987.0,0.0,FraNchEstYN
1987-05-23,1987.0,0.0,FraNchEstYN
1987-05-24,1987.0,0.0,FraNchEstYN
1987-05-25,1987.0,0.0,FraNchEstYN
1987-05-26,1987.0,0.02231939,FraNchEstYN
1987-05-27,1987.0,0.02231939,FraNchEstYN
1987-05-28,1987.0,0.02231939,FraNchEstYN
1987-05-29,1987.0,0.02231939,FraNchEstYN
1987-05-30,1987.0,0.02231939,FraNchEstYN
1987-05-31,1987.0,0.02231939,FraNchEstYN
1987-06-01,1987.0,0.02231939,FraNchEstYN
1987-06-02,1987.0,0.02231939,FraNchEstYN
1987-06-03,1987.0,0.081267364,FraNchEstYN
1987-06-04,1987.0,0.10588177,FraNchEstYN
1987-06-05,1987.0,0.10588177,FraNchEstYN
1987-06-06,1987.0,0.14056315,FraNchEstYN
1987-06-07,1987.0,0.14056315,FraNchEstYN
1987-06-08,1987.0,0.14056315,FraNchEstYN
1987-06-09,1987.0,0.18955466,FraNchEstYN
1987-06-10,1987.0,0.21186532,FraNchEstYN
1987-06-11,1987.0,0.21186532,FraNchEstYN
1987-06-12,1987.0,0.21186532,FraNchEstYN
1987-06-13,1987.0,0.21186532,FraNchEstYN
1987-06-14,1987.0,0.23285179,FraNchEstYN
1987-06-15,1987.0,0.23285179,FraNchEstYN
1987-06-16,1987.0,0.25115344,FraNchEstYN
1987-06-17,1987.0,0.27119896,FraNchEstYN
1987-06-18,1987.0,0.3049204,FraNchEstYN
1987-06-19,1987.0,0.34112978,FraNchEstYN
1987-06-20,1987.0,0.35444385,FraNchEstYN
1987-06-21,1987.0,0.35444385,FraNchEstYN
1987-06-22,1987.0,0.35444385,FraNchEstYN
1987-06-23,1987.0,0.35444385,FraNchEstYN
1987-06-24,1987.0,0.35444385,FraNchEstYN
1987-06-25,1987.0,0.35560298,FraNchEstYN
1987-06-26,1987.0,0.35560298,FraNchEstYN
1987-06-27,1987.0,0.35676622,FraNchEstYN
1987-06-28,1987.0,0.3716497,FraNchEstYN
1987-06-29,1987.0,0.3716497,FraNchEstYN
1987-06-30,1987.0,0.3716497,FraNchEstYN
1987-07-01,1987.0,0.37299022,FraNchEstYN
1987-07-02,1987.0,0.37299022,FraNchEstYN
1987-07-03,1987.0,0.37299022,FraNchEstYN
1987-07-04,1987.0,0.37455496,FraNchEstYN
1987-07-05,1987.0,0.3808015,FraNchEstYN
1987-07-06,1987.0,0.386989,FraNchEstYN
1987-07-07,1987.0,0.3903501,FraNchEstYN
1987-07-08,1987.0,0.3903501,FraNchEstYN
1987-07-09,1987.0,0.3903501,FraNchEstYN
1987-07-10,1987.0,0.39174426,FraNchEstYN
1987-07-11,1987.0,0.39344484,FraNchEstYN
1987-07-12,1987.0,0.39344484,FraNchEstYN
1987-07-13,1987.0,0.39344704,FraNchEstYN
1987-07-14,1987.0,0.39344704,FraNchEstYN
1987-07-15,1987.0,0.39594036,FraNchEstYN
1987-07-16,1987.0,0.39889497,FraNchEstYN
1987-07-17,1987.0,0.40152234,FraNchEstYN
1987-07-18,1987.0,0.4015225,FraNchEstYN
1987-07-19,1987.0,0.40152252,FraNchEstYN
1987-07-20,1987.0,0.40152258,FraNchEstYN
1987-10-07,1987.0,0.0,FraNchEstYN
1987-10-08,1987.0,0.0,FraNchEstYN
1987-10-09,1987.0,0.0,FraNchEstYN
1987-10-10,1987.0,0.0,FraNchEstYN
1987-10-11,1987.0,0.0,FraNchEstYN
1987-10-12,1987.0,0.0,FraNchEstYN
1987-10-13,1987.0,0.0,FraNchEstYN
1987-10-14,1987.0,0.0,FraNchEstYN
1987-10-15,1987.0,0.0,FraNchEstYN
1987-10-16,1987.0,0.0,FraNchEstYN
1987-10-17,1987.0,0.0,FraNchEstYN
1987-10-18,1987.0,0.0,FraNchEstYN
1987-10-19,1987.0,0.0,FraNchEstYN
1987-10-20,1987.0,0.0,FraNchEstYN
1987-10-21,1987.0,0.0,FraNchEstYN
1987-10-22,1987.0,0.0,FraNchEstYN
1987-10-23,1987.0,0.0,FraNchEstYN
1987-10-24,1987.0,0.0,FraNchEstYN
1987-10-25,1987.0,0.0,FraNchEstYN
1987-10-26,1987.0,0.0,FraNchEstYN
1987-10-27,1987.0,0.0,FraNchEstYN
1987-10-28,1987.0,0.0,FraNchEstYN
1987-10-29,1987.0,0.0,FraNchEstYN
1987-10-30,1987.0,0.0,FraNchEstYN
1987-10-31,1987.0,0.0,FraNchEstYN
1987-11-01,1987.0,0.0,FraNchEstYN
1987-11-02,1987.0,0.0,FraNchEstYN
1987-11-03,1987.0,0.0,FraNchEstYN
1987-11-04,1987.0,0.0,FraNchEstYN
1987-11-05,1987.0,0.0,FraNchEstYN
1987-11-06,1987.0,0.0,FraNchEstYN
1987-11-07,1987.0,0.0,FraNchEstYN
1987-11-08,1987.0,0.0,FraNchEstYN
1987-11-09,1987.0,0.0,FraNchEstYN
1987-11-10,1987.0,0.0,FraNchEstYN
1987-11-11,1987.0,0.0,FraNchEstYN
1987-11-12,1987.0,0.0,FraNchEstYN
1987-11-13,1987.0,0.0,FraNchEstYN
1987-11-14,1987.0,0.0,FraNchEstYN
1987-11-15,1987.0,0.0,FraNchEstYN
1987-11-16,1987.0,0.0,FraNchEstYN
1987-11-17,1987.0,0.0,FraNchEstYN
1987-11-18,1987.0,0.0,FraNchEstYN
1987-11-19,1987.0,0.0,FraNchEstYN
1987-11-20,1987.0,0.0,FraNchEstYN
1987-11-21,1987.0,0.0,FraNchEstYN
1987-11-22,1987.0,0.0,FraNchEstYN
1987-11-23,1987.0,0.0,FraNchEstYN
1987-11-24,1987.0,0.0,FraNchEstYN
1987-11-25,1987.0,0.0,FraNchEstYN
1987-11-26,1987.0,0.0,FraNchEstYN
1987-11-27,1987.0,0.0,FraNchEstYN
1987-11-28,1987.0,0.0,FraNchEstYN
1987-11-29,1987.0,0.0,FraNchEstYN
1987-11-30,1987.0,0.0,FraNchEstYN
1987-12-01,1987.0,0.0,FraNchEstYN
1987-12-02,1987.0,0.0,FraNchEstYN
1987-12-03,1987.0,0.0,FraNchEstYN
1987-12-04,1987.0,0.0,FraNchEstYN
1987-12-05,1987.0,0.0,FraNchEstYN
1987-12-06,1987.0,0.0,FraNchEstYN
1987-12-07,1987.0,0.0,FraNchEstYN
1987-12-08,1987.0,0.0,FraNchEstYN
1987-12-09,1987.0,0.0,FraNchEstYN
1987-12-10,1987.0,0.0,FraNchEstYN
1987-12-11,1987.0,0.0,FraNchEstYN
1987-12-12,1987.0,0.0,FraNchEstYN
1987-12-13,1987.0,0.0,FraNchEstYN
1987-12-14,1987.0,0.0,FraNchEstYN
1987-12-15,1987.0,0.0,FraNchEstYN
1987-12-16,1987.0,0.0,FraNchEstYN
1987-12-17,1987.0,0.0,FraNchEstYN
1987-12-18,1987.0,0.0,FraNchEstYN
1987-12-19,1987.0,0.0,FraNchEstYN
1987-12-20,1987.0,0.0,FraNchEstYN
1987-12-21,1987.0,0.0,FraNchEstYN
1987-12-22,1987.0,0.0,FraNchEstYN
1987-12-23,1987.0,0.0,FraNchEstYN
1987-12-24,1987.0,0.0,FraNchEstYN
1987-12-25,1987.0,0.0,FraNchEstYN
1987-12-26,1987.0,0.0,FraNchEstYN
1987-12-27,1987.0,0.0,FraNchEstYN
1987-12-28,1987.0,0.0,FraNchEstYN
1987-12-29,1987.0,0.0,FraNchEstYN
1987-12-30,1987.0,0.0,FraNchEstYN
1987-12-31,1987.0,0.0,FraNchEstYN
1988-01-01,1988.0,0.0,FraNchEstYN
1988-01-02,1988.0,0.0,FraNchEstYN
1988-01-03,1988.0,0.0,FraNchEstYN
1988-01-04,1988.0,0.0,FraNchEstYN
1988-01-05,1988.0,0.0,FraNchEstYN
1988-01-06,1988.0,0.0,FraNchEstYN
1988-01-07,1988.0,0.0,FraNchEstYN
1988-01-08,1988.0,0.0,FraNchEstYN
1988-01-09,1988.0,0.0,FraNchEstYN
1988-01-10,1988.0,0.0,FraNchEstYN
1988-01-11,1988.0,0.0,FraNchEstYN
1988-01-12,1988.0,0.0,FraNchEstYN
1988-01-13,1988.0,0.0,FraNchEstYN
1988-01-14,1988.0,0.0,FraNchEstYN
1988-01-15,1988.0,0.0,FraNchEstYN
1988-01-16,1988.0,0.0,FraNchEstYN
1988-01-17,1988.0,0.0,FraNchEstYN
1988-01-18,1988.0,0.0,FraNchEstYN
1988-01-19,1988.0,0.0,FraNchEstYN
1988-01-20,1988.0,0.0,FraNchEstYN
1988-01-21,1988.0,0.0,FraNchEstYN
1988-01-22,1988.0,0.0,FraNchEstYN
1988-01-23,1988.0,0.0,FraNchEstYN
1988-01-24,1988.0,0.0,FraNchEstYN
1988-01-25,1988.0,0.0,FraNchEstYN
1988-01-26,1988.0,0.0,FraNchEstYN
1988-01-27,1988.0,0.0,FraNchEstYN
1988-01-28,1988.0,0.0,FraNchEstYN
1988-01-29,1988.0,0.0,FraNchEstYN
1988-01-30,1988.0,0.0,FraNchEstYN
1988-01-31,1988.0,0.0,FraNchEstYN
1988-02-01,1988.0,0.0,FraNchEstYN
1988-02-02,1988.0,0.0,FraNchEstYN
1988-02-03,1988.0,0.0,FraNchEstYN
1988-02-04,1988.0,0.0,FraNchEstYN
1988-02-05,1988.0,0.0,FraNchEstYN
1988-02-06,1988.0,0.0,FraNchEstYN
1988-02-07,1988.0,0.0,FraNchEstYN
1988-02-08,1988.0,0.0,FraNchEstYN
1988-02-09,1988.0,0.0,FraNchEstYN
1988-02-10,1988.0,0.0,FraNchEstYN
1988-02-11,1988.0,0.0,FraNchEstYN
1988-02-12,1988.0,0.0,FraNchEstYN
1988-02-13,1988.0,0.0,FraNchEstYN
1988-02-14,1988.0,0.0,FraNchEstYN
1988-02-15,1988.0,0.0,FraNchEstYN
1988-02-16,1988.0,0.0,FraNchEstYN
1988-02-17,1988.0,0.0,FraNchEstYN
1988-02-18,1988.0,0.0,FraNchEstYN
1988-02-19,1988.0,0.0,FraNchEstYN
1988-02-20,1988.0,0.0,FraNchEstYN
1988-02-21,1988.0,0.0,FraNchEstYN
1988-02-22,1988.0,0.0,FraNchEstYN
1988-02-23,1988.0,0.0,FraNchEstYN
1988-02-24,1988.0,0.0,FraNchEstYN
1988-02-25,1988.0,0.0,FraNchEstYN
1988-02-26,1988.0,0.0,FraNchEstYN
1988-02-27,1988.0,0.0,FraNchEstYN
1988-02-28,1988.0,0.0,FraNchEstYN
1988-02-29,1988.0,0.0,FraNchEstYN
1988-03-01,1988.0,0.0,FraNchEstYN
1988-03-02,1988.0,0.0,FraNchEstYN
1988-03-03,1988.0,0.0,FraNchEstYN
1988-03-04,1988.0,0.0,FraNchEstYN
1988-03-05,1988.0,0.0,FraNchEstYN
1988-03-06,1988.0,0.0,FraNchEstYN
1988-03-07,1988.0,0.0,FraNchEstYN
1988-03-08,1988.0,0.0,FraNchEstYN
1988-03-09,1988.0,0.0,FraNchEstYN
1988-03-10,1988.0,0.0,FraNchEstYN
1988-03-11,1988.0,0.0,FraNchEstYN
1988-03-12,1988.0,0.0,FraNchEstYN
1988-03-13,1988.0,0.0,FraNchEstYN
1988-03-14,1988.0,0.0,FraNchEstYN
1988-03-15,1988.0,0.0,FraNchEstYN
1988-03-16,1988.0,0.0,FraNchEstYN
1988-03-17,1988.0,0.0,FraNchEstYN
1988-03-18,1988.0,0.0,FraNchEstYN
1988-03-19,1988.0,0.0,FraNchEstYN
1988-03-20,1988.0,0.0,FraNchEstYN
1988-03-21,1988.0,0.0,FraNchEstYN
1988-03-22,1988.0,0.0,FraNchEstYN
1988-03-23,1988.0,0.0,FraNchEstYN
1988-03-24,1988.0,0.0,FraNchEstYN
1988-03-25,1988.0,0.0,FraNchEstYN
1988-03-26,1988.0,0.0,FraNchEstYN
1988-03-27,1988.0,0.0,FraNchEstYN
1988-03-28,1988.0,0.0,FraNchEstYN
1988-03-29,1988.0,0.0,FraNchEstYN
1988-03-30,1988.0,0.0,FraNchEstYN
1988-03-31,1988.0,0.0,FraNchEstYN
1988-04-01,1988.0,0.0,FraNchEstYN
1988-04-02,1988.0,0.0,FraNchEstYN
1988-04-03,1988.0,0.0,FraNchEstYN
1988-04-04,1988.0,0.0,FraNchEstYN
1988-04-05,1988.0,0.0,FraNchEstYN
1988-04-06,1988.0,0.0,FraNchEstYN
1988-04-07,1988.0,0.0,FraNchEstYN
1988-04-08,1988.0,0.0,FraNchEstYN
1988-04-09,1988.0,0.0,FraNchEstYN
1988-04-10,1988.0,0.0,FraNchEstYN
1988-04-11,1988.0,0.0,FraNchEstYN
1988-04-12,1988.0,0.0,FraNchEstYN
1988-04-13,1988.0,0.0,FraNchEstYN
1988-04-14,1988.0,0.0,FraNchEstYN
1988-04-15,1988.0,0.0,FraNchEstYN
1988-04-16,1988.0,0.0,FraNchEstYN
1988-04-17,1988.0,0.0,FraNchEstYN
1988-04-18,1988.0,0.0,FraNchEstYN
1988-04-19,1988.0,0.0,FraNchEstYN
1988-04-20,1988.0,0.0,FraNchEstYN
1988-04-21,1988.0,0.0,FraNchEstYN
1988-04-22,1988.0,0.0,FraNchEstYN
1988-04-23,1988.0,0.0,FraNchEstYN
1988-04-24,1988.0,0.0,FraNchEstYN
1988-04-25,1988.0,0.0,FraNchEstYN
1988-04-26,1988.0,0.0,FraNchEstYN
1988-04-27,1988.0,0.0,FraNchEstYN
1988-04-28,1988.0,0.0,FraNchEstYN
1988-04-29,1988.0,0.0,FraNchEstYN
1988-04-30,1988.0,0.0,FraNchEstYN
1988-05-01,1988.0,0.0,FraNchEstYN
1988-05-02,1988.0,0.0,FraNchEstYN
1988-05-03,1988.0,0.0,FraNchEstYN
1988-05-04,1988.0,0.0,FraNchEstYN
1988-05-05,1988.0,0.0,FraNchEstYN
1988-05-06,1988.0,0.0,FraNchEstYN
1988-05-07,1988.0,0.0,FraNchEstYN
1988-05-08,1988.0,0.0,FraNchEstYN
1988-05-09,1988.0,0.0,FraNchEstYN
1988-05-10,1988.0,0.0,FraNchEstYN
1988-05-11,1988.0,0.0,FraNchEstYN
1988-05-12,1988.0,0.0,FraNchEstYN
1988-05-13,1988.0,0.0,FraNchEstYN
1988-05-14,1988.0,0.0,FraNchEstYN
1988-05-15,1988.0,0.0,FraNchEstYN
1988-05-16,1988.0,0.0,FraNchEstYN
1988-05-17,1988.0,0.015639577,FraNchEstYN
1988-05-18,1988.0,0.015639577,FraNchEstYN
1988-05-19,1988.0,0.015639577,FraNchEstYN
1988-05-20,1988.0,0.015639577,FraNchEstYN
1988-05-21,1988.0,0.015639577,FraNchEstYN
1988-05-22,1988.0,0.015639577,FraNchEstYN
1988-05-23,1988.0,0.015639577,FraNchEstYN
1988-05-24,1988.0,0.036072195,FraNchEstYN
1988-05-25,1988.0,0.036072195,FraNchEstYN
1988-05-26,1988.0,0.08928838,FraNchEstYN
1988-05-27,1988.0,0.13039032,FraNchEstYN
1988-05-28,1988.0,0.13039032,FraNchEstYN
1988-05-29,1988.0,0.18040779,FraNchEstYN
1988-05-30,1988.0,0.18040779,FraNchEstYN
1988-05-31,1988.0,0.18040779,FraNchEstYN
1988-06-01,1988.0,0.18040779,FraNchEstYN
1988-06-02,1988.0,0.22789918,FraNchEstYN
1988-06-03,1988.0,0.22789918,FraNchEstYN
1988-06-04,1988.0,0.22789918,FraNchEstYN
1988-06-05,1988.0,0.22789918,FraNchEstYN
1988-06-06,1988.0,0.22789918,FraNchEstYN
1988-06-07,1988.0,0.22789918,FraNchEstYN
1988-06-08,1988.0,0.27195197,FraNchEstYN
1988-06-09,1988.0,0.30775538,FraNchEstYN
1988-06-10,1988.0,0.30775538,FraNchEstYN
1988-06-11,1988.0,0.30775538,FraNchEstYN
1988-06-12,1988.0,0.30775538,FraNchEstYN
1988-06-13,1988.0,0.30775538,FraNchEstYN
1988-06-14,1988.0,0.30775538,FraNchEstYN
1988-06-15,1988.0,0.30775538,FraNchEstYN
1988-06-16,1988.0,0.30775538,FraNchEstYN
1988-06-17,1988.0,0.30775538,FraNchEstYN
1988-06-18,1988.0,0.30775538,FraNchEstYN
1988-06-19,1988.0,0.30775538,FraNchEstYN
1988-06-20,1988.0,0.30775538,FraNchEstYN
1988-06-21,1988.0,0.30775538,FraNchEstYN
1988-06-22,1988.0,0.30775538,FraNchEstYN
1988-06-23,1988.0,0.30775538,FraNchEstYN
1988-06-24,1988.0,0.30775538,FraNchEstYN
1988-06-25,1988.0,0.30775538,FraNchEstYN
1988-06-26,1988.0,0.30775538,FraNchEstYN
1988-06-27,1988.0,0.30775538,FraNchEstYN
1988-06-28,1988.0,0.33555794,FraNchEstYN
1988-06-29,1988.0,0.33555794,FraNchEstYN
1988-06-30,1988.0,0.33555794,FraNchEstYN
1988-07-01,1988.0,0.33555794,FraNchEstYN
1988-07-02,1988.0,0.33555794,FraNchEstYN
1988-07-03,1988.0,0.33555794,FraNchEstYN
1988-07-04,1988.0,0.33722878,FraNchEstYN
1988-07-05,1988.0,0.33722878,FraNchEstYN
1988-07-06,1988.0,0.3372288,FraNchEstYN
1988-07-07,1988.0,0.3372288,FraNchEstYN
1988-07-08,1988.0,0.3372288,FraNchEstYN
1988-07-09,1988.0,0.3372288,FraNchEstYN
1988-07-10,1988.0,0.3372288,FraNchEstYN
1988-07-11,1988.0,0.3372288,FraNchEstYN
1988-07-12,1988.0,0.3384045,FraNchEstYN
1988-07-13,1988.0,0.3384045,FraNchEstYN
1988-07-14,1988.0,0.3384045,FraNchEstYN
1988-07-15,1988.0,0.3384045,FraNchEstYN
1988-07-16,1988.0,0.3384045,FraNchEstYN
1988-07-17,1988.0,0.33840448,FraNchEstYN
1988-07-18,1988.0,0.33840448,FraNchEstYN
1988-07-19,1988.0,0.3421495,FraNchEstYN
1988-07-20,1988.0,0.3421495,FraNchEstYN
1988-07-21,1988.0,0.3421495,FraNchEstYN
1988-07-22,1988.0,0.3421495,FraNchEstYN
1988-07-23,1988.0,0.3421495,FraNchEstYN
1988-07-24,1988.0,0.3421495,FraNchEstYN
1988-10-06,1988.0,0.0,FraNchEstYN
1988-10-07,1988.0,0.0,FraNchEstYN
1988-10-08,1988.0,0.0,FraNchEstYN
1988-10-09,1988.0,0.0,FraNchEstYN
1988-10-10,1988.0,0.0,FraNchEstYN
1988-10-11,1988.0,0.0,FraNchEstYN
1988-10-12,1988.0,0.0,FraNchEstYN
1988-10-13,1988.0,0.0,FraNchEstYN
1988-10-14,1988.0,0.0,FraNchEstYN
1988-10-15,1988.0,0.0,FraNchEstYN
1988-10-16,1988.0,0.0,FraNchEstYN
1988-10-17,1988.0,0.0,FraNchEstYN
1988-10-18,1988.0,0.0,FraNchEstYN
1988-10-19,1988.0,0.0,FraNchEstYN
1988-10-20,1988.0,0.0,FraNchEstYN
1988-10-21,1988.0,0.0,FraNchEstYN
1988-10-22,1988.0,0.0,FraNchEstYN
1988-10-23,1988.0,0.0,FraNchEstYN
1988-10-24,1988.0,0.0,FraNchEstYN
1988-10-25,1988.0,0.0,FraNchEstYN
1988-10-26,1988.0,0.0,FraNchEstYN
1988-10-27,1988.0,0.0,FraNchEstYN
1988-10-28,1988.0,0.0,FraNchEstYN
1988-10-29,1988.0,0.0,FraNchEstYN
1988-10-30,1988.0,0.0,FraNchEstYN
1988-10-31,1988.0,0.0,FraNchEstYN
1988-11-01,1988.0,0.0,FraNchEstYN
1988-11-02,1988.0,0.0,FraNchEstYN
1988-11-03,1988.0,0.0,FraNchEstYN
1988-11-04,1988.0,0.0,FraNchEstYN
1988-11-05,1988.0,0.0,FraNchEstYN
1988-11-06,1988.0,0.0,FraNchEstYN
1988-11-07,1988.0,0.0,FraNchEstYN
1988-11-08,1988.0,0.0,FraNchEstYN
1988-11-09,1988.0,0.0,FraNchEstYN
1988-11-10,1988.0,0.0,FraNchEstYN
1988-11-11,1988.0,0.0,FraNchEstYN
1988-11-12,1988.0,0.0,FraNchEstYN
1988-11-13,1988.0,0.0,FraNchEstYN
1988-11-14,1988.0,0.0,FraNchEstYN
1988-11-15,1988.0,0.0,FraNchEstYN
1988-11-16,1988.0,0.0,FraNchEstYN
1988-11-17,1988.0,0.0,FraNchEstYN
1988-11-18,1988.0,0.0,FraNchEstYN
1988-11-19,1988.0,0.0,FraNchEstYN
1988-11-20,1988.0,0.0,FraNchEstYN
1988-11-21,1988.0,0.0,FraNchEstYN
1988-11-22,1988.0,0.0,FraNchEstYN
1988-11-23,1988.0,0.0,FraNchEstYN
1988-11-24,1988.0,0.0,FraNchEstYN
1988-11-25,1988.0,0.0,FraNchEstYN
1988-11-26,1988.0,0.0,FraNchEstYN
1988-11-27,1988.0,0.0,FraNchEstYN
1988-11-28,1988.0,0.0,FraNchEstYN
1988-11-29,1988.0,0.0,FraNchEstYN
1988-11-30,1988.0,0.0,FraNchEstYN
1988-12-01,1988.0,0.0,FraNchEstYN
1988-12-02,1988.0,0.0,FraNchEstYN
1988-12-03,1988.0,0.0,FraNchEstYN
1988-12-04,1988.0,0.0,FraNchEstYN
1988-12-05,1988.0,0.0,FraNchEstYN
1988-12-06,1988.0,0.0,FraNchEstYN
1988-12-07,1988.0,0.0,FraNchEstYN
1988-12-08,1988.0,0.0,FraNchEstYN
1988-12-09,1988.0,0.0,FraNchEstYN
1988-12-10,1988.0,0.0,FraNchEstYN
1988-12-11,1988.0,0.0,FraNchEstYN
1988-12-12,1988.0,0.0,FraNchEstYN
1988-12-13,1988.0,0.0,FraNchEstYN
1988-12-14,1988.0,0.0,FraNchEstYN
1988-12-15,1988.0,0.0,FraNchEstYN
1988-12-16,1988.0,0.0,FraNchEstYN
1988-12-17,1988.0,0.0,FraNchEstYN
1988-12-18,1988.0,0.0,FraNchEstYN
1988-12-19,1988.0,0.0,FraNchEstYN
1988-12-20,1988.0,0.0,FraNchEstYN
1988-12-21,1988.0,0.0,FraNchEstYN
1988-12-22,1988.0,0.0,FraNchEstYN
1988-12-23,1988.0,0.0,FraNchEstYN
1988-12-24,1988.0,0.0,FraNchEstYN
1988-12-25,1988.0,0.0,FraNchEstYN
1988-12-26,1988.0,0.0,FraNchEstYN
1988-12-27,1988.0,0.0,FraNchEstYN
1988-12-28,1988.0,0.0,FraNchEstYN
1988-12-29,1988.0,0.0,FraNchEstYN
1988-12-30,1988.0,0.0,FraNchEstYN
1988-12-31,1988.0,0.0,FraNchEstYN
1989-01-01,1989.0,0.0,FraNchEstYN
1989-01-02,1989.0,0.0,FraNchEstYN
1989-01-03,1989.0,0.0,FraNchEstYN
1989-01-04,1989.0,0.0,FraNchEstYN
1989-01-05,1989.0,0.0,FraNchEstYN
1989-01-06,1989.0,0.0,FraNchEstYN
1989-01-07,1989.0,0.0,FraNchEstYN
1989-01-08,1989.0,0.0,FraNchEstYN
1989-01-09,1989.0,0.0,FraNchEstYN
1989-01-10,1989.0,0.0,FraNchEstYN
1989-01-11,1989.0,0.0,FraNchEstYN
1989-01-12,1989.0,0.0,FraNchEstYN
1989-01-13,1989.0,0.0,FraNchEstYN
1989-01-14,1989.0,0.0,FraNchEstYN
1989-01-15,1989.0,0.0,FraNchEstYN
1989-01-16,1989.0,0.0,FraNchEstYN
1989-01-17,1989.0,0.0,FraNchEstYN
1989-01-18,1989.0,0.0,FraNchEstYN
1989-01-19,1989.0,0.0,FraNchEstYN
1989-01-20,1989.0,0.0,FraNchEstYN
1989-01-21,1989.0,0.0,FraNchEstYN
1989-01-22,1989.0,0.0,FraNchEstYN
1989-01-23,1989.0,0.0,FraNchEstYN
1989-01-24,1989.0,0.0,FraNchEstYN
1989-01-25,1989.0,0.0,FraNchEstYN
1989-01-26,1989.0,0.0,FraNchEstYN
1989-01-27,1989.0,0.0,FraNchEstYN
1989-01-28,1989.0,0.0,FraNchEstYN
1989-01-29,1989.0,0.0,FraNchEstYN
1989-01-30,1989.0,0.0,FraNchEstYN
1989-01-31,1989.0,0.0,FraNchEstYN
1989-02-01,1989.0,0.0,FraNchEstYN
1989-02-02,1989.0,0.0,FraNchEstYN
1989-02-03,1989.0,0.0,FraNchEstYN
1989-02-04,1989.0,0.0,FraNchEstYN
1989-02-05,1989.0,0.0,FraNchEstYN
1989-02-06,1989.0,0.0,FraNchEstYN
1989-02-07,1989.0,0.0,FraNchEstYN
1989-02-08,1989.0,0.0,FraNchEstYN
1989-02-09,1989.0,0.0,FraNchEstYN
1989-02-10,1989.0,0.0,FraNchEstYN
1989-02-11,1989.0,0.0,FraNchEstYN
1989-02-12,1989.0,0.0,FraNchEstYN
1989-02-13,1989.0,0.0,FraNchEstYN
1989-02-14,1989.0,0.0,FraNchEstYN
1989-02-15,1989.0,0.0,FraNchEstYN
1989-02-16,1989.0,0.0,FraNchEstYN
1989-02-17,1989.0,0.0,FraNchEstYN
1989-02-18,1989.0,0.0,FraNchEstYN
1989-02-19,1989.0,0.0,FraNchEstYN
1989-02-20,1989.0,0.0,FraNchEstYN
1989-02-21,1989.0,0.0,FraNchEstYN
1989-02-22,1989.0,0.0,FraNchEstYN
1989-02-23,1989.0,0.0,FraNchEstYN
1989-02-24,1989.0,0.0,FraNchEstYN
1989-02-25,1989.0,0.0,FraNchEstYN
1989-02-26,1989.0,0.0,FraNchEstYN
1989-02-27,1989.0,0.0,FraNchEstYN
1989-02-28,1989.0,0.0,FraNchEstYN
1989-03-01,1989.0,0.0,FraNchEstYN
1989-03-02,1989.0,0.0,FraNchEstYN
1989-03-03,1989.0,0.0,FraNchEstYN
1989-03-04,1989.0,0.0,FraNchEstYN
1989-03-05,1989.0,0.0,FraNchEstYN
1989-03-06,1989.0,0.0,FraNchEstYN
1989-03-07,1989.0,0.0,FraNchEstYN
1989-03-08,1989.0,0.0,FraNchEstYN
1989-03-09,1989.0,0.0,FraNchEstYN
1989-03-10,1989.0,0.0,FraNchEstYN
1989-03-11,1989.0,0.0,FraNchEstYN
1989-03-12,1989.0,0.0,FraNchEstYN
1989-03-13,1989.0,0.0,FraNchEstYN
1989-03-14,1989.0,0.0,FraNchEstYN
1989-03-15,1989.0,0.0,FraNchEstYN
1989-03-16,1989.0,0.0,FraNchEstYN
1989-03-17,1989.0,0.0,FraNchEstYN
1989-03-18,1989.0,0.0,FraNchEstYN
1989-03-19,1989.0,0.0,FraNchEstYN
1989-03-20,1989.0,0.0,FraNchEstYN
1989-03-21,1989.0,0.0,FraNchEstYN
1989-03-22,1989.0,0.0,FraNchEstYN
1989-03-23,1989.0,0.0,FraNchEstYN
1989-03-24,1989.0,0.0,FraNchEstYN
1989-03-25,1989.0,0.0,FraNchEstYN
1989-03-26,1989.0,0.0,FraNchEstYN
1989-03-27,1989.0,0.0,FraNchEstYN
1989-03-28,1989.0,0.0,FraNchEstYN
1989-03-29,1989.0,0.0,FraNchEstYN
1989-03-30,1989.0,0.0,FraNchEstYN
1989-03-31,1989.0,0.0,FraNchEstYN
1989-04-01,1989.0,0.0,FraNchEstYN
1989-04-02,1989.0,0.0,FraNchEstYN
1989-04-03,1989.0,0.0,FraNchEstYN
1989-04-04,1989.0,0.0,FraNchEstYN
1989-04-05,1989.0,0.0,FraNchEstYN
1989-04-06,1989.0,0.0,FraNchEstYN
1989-04-07,1989.0,0.0,FraNchEstYN
1989-04-08,1989.0,0.0,FraNchEstYN
1989-04-09,1989.0,0.0,FraNchEstYN
1989-04-10,1989.0,0.0,FraNchEstYN
1989-04-11,1989.0,0.0,FraNchEstYN
1989-04-12,1989.0,0.0,FraNchEstYN
1989-04-13,1989.0,0.0,FraNchEstYN
1989-04-14,1989.0,0.0,FraNchEstYN
1989-04-15,1989.0,0.0,FraNchEstYN
1989-04-16,1989.0,0.0,FraNchEstYN
1989-04-17,1989.0,0.0,FraNchEstYN
1989-04-18,1989.0,0.0,FraNchEstYN
1989-04-19,1989.0,0.0,FraNchEstYN
1989-04-20,1989.0,0.0,FraNchEstYN
1989-04-21,1989.0,0.0,FraNchEstYN
1989-04-22,1989.0,0.0,FraNchEstYN
1989-04-23,1989.0,0.0,FraNchEstYN
1989-04-24,1989.0,0.0,FraNchEstYN
1989-04-25,1989.0,0.0,FraNchEstYN
1989-04-26,1989.0,0.0,FraNchEstYN
1989-04-27,1989.0,0.0,FraNchEstYN
1989-04-28,1989.0,0.0,FraNchEstYN
1989-04-29,1989.0,0.0,FraNchEstYN
1989-04-30,1989.0,0.0,FraNchEstYN
1989-05-01,1989.0,0.0,FraNchEstYN
1989-05-02,1989.0,0.0,FraNchEstYN
1989-05-03,1989.0,0.0,FraNchEstYN
1989-05-04,1989.0,0.0,FraNchEstYN
1989-05-05,1989.0,0.0,FraNchEstYN
1989-05-06,1989.0,0.0,FraNchEstYN
1989-05-07,1989.0,0.0,FraNchEstYN
1989-05-08,1989.0,0.0,FraNchEstYN
1989-05-09,1989.0,0.0,FraNchEstYN
1989-05-10,1989.0,0.0,FraNchEstYN
1989-05-11,1989.0,0.0,FraNchEstYN
1989-05-12,1989.0,0.0,FraNchEstYN
1989-05-13,1989.0,0.0,FraNchEstYN
1989-05-14,1989.0,0.0,FraNchEstYN
1989-05-15,1989.0,0.0,FraNchEstYN
1989-05-16,1989.0,0.0,FraNchEstYN
1989-05-17,1989.0,0.0,FraNchEstYN
1989-05-18,1989.0,0.0,FraNchEstYN
1989-05-19,1989.0,0.0,FraNchEstYN
1989-05-20,1989.0,0.0,FraNchEstYN
1989-05-21,1989.0,0.0,FraNchEstYN
1989-05-22,1989.0,0.0,FraNchEstYN
1989-05-23,1989.0,0.0,FraNchEstYN
1989-05-24,1989.0,0.0,FraNchEstYN
1989-05-25,1989.0,0.0,FraNchEstYN
1989-05-26,1989.0,0.0,FraNchEstYN
1989-05-27,1989.0,0.0,FraNchEstYN
1989-05-28,1989.0,0.0,FraNchEstYN
1989-05-29,1989.0,0.021572093,FraNchEstYN
1989-05-30,1989.0,0.040050276,FraNchEstYN
1989-05-31,1989.0,0.040050276,FraNchEstYN
1989-06-01,1989.0,0.040050276,FraNchEstYN
1989-06-02,1989.0,0.040050276,FraNchEstYN
1989-06-03,1989.0,0.040050276,FraNchEstYN
1989-06-04,1989.0,0.097630516,FraNchEstYN
1989-06-05,1989.0,0.15147948,FraNchEstYN
1989-06-06,1989.0,0.15147948,FraNchEstYN
1989-06-07,1989.0,0.20082541,FraNchEstYN
1989-06-08,1989.0,0.20082541,FraNchEstYN
1989-06-09,1989.0,0.20082541,FraNchEstYN
1989-06-10,1989.0,0.25169775,FraNchEstYN
1989-06-11,1989.0,0.2960943,FraNchEstYN
1989-06-12,1989.0,0.2960943,FraNchEstYN
1989-06-13,1989.0,0.33533698,FraNchEstYN
1989-06-14,1989.0,0.35769108,FraNchEstYN
1989-06-15,1989.0,0.38154027,FraNchEstYN
1989-06-16,1989.0,0.38154027,FraNchEstYN
1989-06-17,1989.0,0.41727674,FraNchEstYN
1989-06-18,1989.0,0.4520578,FraNchEstYN
1989-06-19,1989.0,0.48467708,FraNchEstYN
1989-06-20,1989.0,0.502092,FraNchEstYN
1989-06-21,1989.0,0.502092,FraNchEstYN
1989-06-22,1989.0,0.502092,FraNchEstYN
1989-06-23,1989.0,0.502092,FraNchEstYN
1989-06-24,1989.0,0.502092,FraNchEstYN
1989-06-25,1989.0,0.5183984,FraNchEstYN
1989-06-26,1989.0,0.5311642,FraNchEstYN
1989-06-27,1989.0,0.5311642,FraNchEstYN
1989-06-28,1989.0,0.57664067,FraNchEstYN
1989-06-29,1989.0,0.5766406,FraNchEstYN
1989-06-30,1989.0,0.59079015,FraNchEstYN
1989-07-01,1989.0,0.602193,FraNchEstYN
1989-07-02,1989.0,0.60840696,FraNchEstYN
1989-07-03,1989.0,0.6136085,FraNchEstYN
1989-07-04,1989.0,0.6307958,FraNchEstYN
1989-07-05,1989.0,0.63467735,FraNchEstYN
1989-07-06,1989.0,0.63694525,FraNchEstYN
1989-07-07,1989.0,0.6369452,FraNchEstYN
1989-07-08,1989.0,0.6369452,FraNchEstYN
1989-07-09,1989.0,0.6369452,FraNchEstYN
1989-07-10,1989.0,0.6391469,FraNchEstYN
1989-07-11,1989.0,0.6391469,FraNchEstYN
1989-07-12,1989.0,0.6391469,FraNchEstYN
1989-07-13,1989.0,0.6427623,FraNchEstYN
1989-07-14,1989.0,0.64283764,FraNchEstYN
1989-07-15,1989.0,0.64283764,FraNchEstYN
1989-07-16,1989.0,0.64283764,FraNchEstYN
1989-07-17,1989.0,0.64283764,FraNchEstYN
1989-07-18,1989.0,0.6443858,FraNchEstYN
1989-07-19,1989.0,0.6455826,FraNchEstYN
1989-07-20,1989.0,0.6455835,FraNchEstYN
1989-07-21,1989.0,0.64558375,FraNchEstYN
1989-07-22,1989.0,0.64558375,FraNchEstYN
1989-07-23,1989.0,0.64558375,FraNchEstYN
1989-07-24,1989.0,0.64558375,FraNchEstYN
1989-07-25,1989.0,0.64558375,FraNchEstYN
1989-07-26,1989.0,0.64558375,FraNchEstYN
1989-07-27,1989.0,0.64558375,FraNchEstYN
1989-07-28,1989.0,0.64558375,FraNchEstYN
1989-07-29,1989.0,0.64558375,FraNchEstYN
1989-07-30,1989.0,0.64558375,FraNchEstYN
1989-10-02,1989.0,0.0,FraNchEstYN
1989-10-03,1989.0,0.0,FraNchEstYN
1989-10-04,1989.0,0.0,FraNchEstYN
1989-10-05,1989.0,0.0,FraNchEstYN
1989-10-06,1989.0,0.0,FraNchEstYN
1989-10-07,1989.0,0.0,FraNchEstYN
1989-10-08,1989.0,0.0,FraNchEstYN
1989-10-09,1989.0,0.0,FraNchEstYN
1989-10-10,1989.0,0.0,FraNchEstYN
1989-10-11,1989.0,0.0,FraNchEstYN
1989-10-12,1989.0,0.0,FraNchEstYN
1989-10-13,1989.0,0.0,FraNchEstYN
1989-10-14,1989.0,0.0,FraNchEstYN
1989-10-15,1989.0,0.0,FraNchEstYN
1989-10-16,1989.0,0.0,FraNchEstYN
1989-10-17,1989.0,0.0,FraNchEstYN
1989-10-18,1989.0,0.0,FraNchEstYN
1989-10-19,1989.0,0.0,FraNchEstYN
1989-10-20,1989.0,0.0,FraNchEstYN
1989-10-21,1989.0,0.0,FraNchEstYN
1989-10-22,1989.0,0.0,FraNchEstYN
1989-10-23,1989.0,0.0,FraNchEstYN
1989-10-24,1989.0,0.0,FraNchEstYN
1989-10-25,1989.0,0.0,FraNchEstYN
1989-10-26,1989.0,0.0,FraNchEstYN
1989-10-27,1989.0,0.0,FraNchEstYN
1989-10-28,1989.0,0.0,FraNchEstYN
1989-10-29,1989.0,0.0,FraNchEstYN
1989-10-30,1989.0,0.0,FraNchEstYN
1989-10-31,1989.0,0.0,FraNchEstYN
1989-11-01,1989.0,0.0,FraNchEstYN
1989-11-02,1989.0,0.0,FraNchEstYN
1989-11-03,1989.0,0.0,FraNchEstYN
1989-11-04,1989.0,0.0,FraNchEstYN
1989-11-05,1989.0,0.0,FraNchEstYN
1989-11-06,1989.0,0.0,FraNchEstYN
1989-11-07,1989.0,0.0,FraNchEstYN
1989-11-08,1989.0,0.0,FraNchEstYN
1989-11-09,1989.0,0.0,FraNchEstYN
1989-11-10,1989.0,0.0,FraNchEstYN
1989-11-11,1989.0,0.0,FraNchEstYN
1989-11-12,1989.0,0.0,FraNchEstYN
1989-11-13,1989.0,0.0,FraNchEstYN
1989-11-14,1989.0,0.0,FraNchEstYN
1989-11-15,1989.0,0.0,FraNchEstYN
1989-11-16,1989.0,0.0,FraNchEstYN
1989-11-17,1989.0,0.0,FraNchEstYN
1989-11-18,1989.0,0.0,FraNchEstYN
1989-11-19,1989.0,0.0,FraNchEstYN
1989-11-20,1989.0,0.0,FraNchEstYN
1989-11-21,1989.0,0.0,FraNchEstYN
1989-11-22,1989.0,0.0,FraNchEstYN
1989-11-23,1989.0,0.0,FraNchEstYN
1989-11-24,1989.0,0.0,FraNchEstYN
1989-11-25,1989.0,0.0,FraNchEstYN
1989-11-26,1989.0,0.0,FraNchEstYN
1989-11-27,1989.0,0.0,FraNchEstYN
1989-11-28,1989.0,0.0,FraNchEstYN
1989-11-29,1989.0,0.0,FraNchEstYN
1989-11-30,1989.0,0.0,FraNchEstYN
1989-12-01,1989.0,0.0,FraNchEstYN
1989-12-02,1989.0,0.0,FraNchEstYN
1989-12-03,1989.0,0.0,FraNchEstYN
1989-12-04,1989.0,0.0,FraNchEstYN
1989-12-05,1989.0,0.0,FraNchEstYN
1989-12-06,1989.0,0.0,FraNchEstYN
1989-12-07,1989.0,0.0,FraNchEstYN
1989-12-08,1989.0,0.0,FraNchEstYN
1989-12-09,1989.0,0.0,FraNchEstYN
1989-12-10,1989.0,0.0,FraNchEstYN
1989-12-11,1989.0,0.0,FraNchEstYN
1989-12-12,1989.0,0.0,FraNchEstYN
1989-12-13,1989.0,0.0,FraNchEstYN
1989-12-14,1989.0,0.0,FraNchEstYN
1989-12-15,1989.0,0.0,FraNchEstYN
1989-12-16,1989.0,0.0,FraNchEstYN
1989-12-17,1989.0,0.0,FraNchEstYN
1989-12-18,1989.0,0.0,FraNchEstYN
1989-12-19,1989.0,0.0,FraNchEstYN
1989-12-20,1989.0,0.0,FraNchEstYN
1989-12-21,1989.0,0.0,FraNchEstYN
1989-12-22,1989.0,0.0,FraNchEstYN
1989-12-23,1989.0,0.0,FraNchEstYN
1989-12-24,1989.0,0.0,FraNchEstYN
1989-12-25,1989.0,0.0,FraNchEstYN
1989-12-26,1989.0,0.0,FraNchEstYN
1989-12-27,1989.0,0.0,FraNchEstYN
1989-12-28,1989.0,0.0,FraNchEstYN
1989-12-29,1989.0,0.0,FraNchEstYN
1989-12-30,1989.0,0.0,FraNchEstYN
1989-12-31,1989.0,0.0,FraNchEstYN
1990-01-01,1990.0,0.0,FraNchEstYN
1990-01-02,1990.0,0.0,FraNchEstYN
1990-01-03,1990.0,0.0,FraNchEstYN
1990-01-04,1990.0,0.0,FraNchEstYN
1990-01-05,1990.0,0.0,FraNchEstYN
1990-01-06,1990.0,0.0,FraNchEstYN
1990-01-07,1990.0,0.0,FraNchEstYN
1990-01-08,1990.0,0.0,FraNchEstYN
1990-01-09,1990.0,0.0,FraNchEstYN
1990-01-10,1990.0,0.0,FraNchEstYN
1990-01-11,1990.0,0.0,FraNchEstYN
1990-01-12,1990.0,0.0,FraNchEstYN
1990-01-13,1990.0,0.0,FraNchEstYN
1990-01-14,1990.0,0.0,FraNchEstYN
1990-01-15,1990.0,0.0,FraNchEstYN
1990-01-16,1990.0,0.0,FraNchEstYN
1990-01-17,1990.0,0.0,FraNchEstYN
1990-01-18,1990.0,0.0,FraNchEstYN
1990-01-19,1990.0,0.0,FraNchEstYN
1990-01-20,1990.0,0.0,FraNchEstYN
1990-01-21,1990.0,0.0,FraNchEstYN
1990-01-22,1990.0,0.0,FraNchEstYN
1990-01-23,1990.0,0.0,FraNchEstYN
1990-01-24,1990.0,0.0,FraNchEstYN
1990-01-25,1990.0,0.0,FraNchEstYN
1990-01-26,1990.0,0.0,FraNchEstYN
1990-01-27,1990.0,0.0,FraNchEstYN
1990-01-28,1990.0,0.0,FraNchEstYN
1990-01-29,1990.0,0.0,FraNchEstYN
1990-01-30,1990.0,0.0,FraNchEstYN
1990-01-31,1990.0,0.0,FraNchEstYN
1990-02-01,1990.0,0.0,FraNchEstYN
1990-02-02,1990.0,0.0,FraNchEstYN
1990-02-03,1990.0,0.0,FraNchEstYN
1990-02-04,1990.0,0.0,FraNchEstYN
1990-02-05,1990.0,0.0,FraNchEstYN
1990-02-06,1990.0,0.0,FraNchEstYN
1990-02-07,1990.0,0.0,FraNchEstYN
1990-02-08,1990.0,0.0,FraNchEstYN
1990-02-09,1990.0,0.0,FraNchEstYN
1990-02-10,1990.0,0.0,FraNchEstYN
1990-02-11,1990.0,0.0,FraNchEstYN
1990-02-12,1990.0,0.0,FraNchEstYN
1990-02-13,1990.0,0.0,FraNchEstYN
1990-02-14,1990.0,0.0,FraNchEstYN
1990-02-15,1990.0,0.0,FraNchEstYN
1990-02-16,1990.0,0.0,FraNchEstYN
1990-02-17,1990.0,0.0,FraNchEstYN
1990-02-18,1990.0,0.0,FraNchEstYN
1990-02-19,1990.0,0.0,FraNchEstYN
1990-02-20,1990.0,0.0,FraNchEstYN
1990-02-21,1990.0,0.0,FraNchEstYN
1990-02-22,1990.0,0.0,FraNchEstYN
1990-02-23,1990.0,0.0,FraNchEstYN
1990-02-24,1990.0,0.0,FraNchEstYN
1990-02-25,1990.0,0.0,FraNchEstYN
1990-02-26,1990.0,0.0,FraNchEstYN
1990-02-27,1990.0,0.0,FraNchEstYN
1990-02-28,1990.0,0.0,FraNchEstYN
1990-03-01,1990.0,0.0,FraNchEstYN
1990-03-02,1990.0,0.0,FraNchEstYN
1990-03-03,1990.0,0.0,FraNchEstYN
1990-03-04,1990.0,0.0,FraNchEstYN
1990-03-05,1990.0,0.0,FraNchEstYN
1990-03-06,1990.0,0.0,FraNchEstYN
1990-03-07,1990.0,0.0,FraNchEstYN
1990-03-08,1990.0,0.0,FraNchEstYN
1990-03-09,1990.0,0.0,FraNchEstYN
1990-03-10,1990.0,0.0,FraNchEstYN
1990-03-11,1990.0,0.0,FraNchEstYN
1990-03-12,1990.0,0.0,FraNchEstYN
1990-03-13,1990.0,0.0,FraNchEstYN
1990-03-14,1990.0,0.0,FraNchEstYN
1990-03-15,1990.0,0.0,FraNchEstYN
1990-03-16,1990.0,0.0,FraNchEstYN
1990-03-17,1990.0,0.0,FraNchEstYN
1990-03-18,1990.0,0.0,FraNchEstYN
1990-03-19,1990.0,0.0,FraNchEstYN
1990-03-20,1990.0,0.0,FraNchEstYN
1990-03-21,1990.0,0.0,FraNchEstYN
1990-03-22,1990.0,0.0,FraNchEstYN
1990-03-23,1990.0,0.0,FraNchEstYN
1990-03-24,1990.0,0.0,FraNchEstYN
1990-03-25,1990.0,0.0,FraNchEstYN
1990-03-26,1990.0,0.0,FraNchEstYN
1990-03-27,1990.0,0.0,FraNchEstYN
1990-03-28,1990.0,0.0,FraNchEstYN
1990-03-29,1990.0,0.0,FraNchEstYN
1990-03-30,1990.0,0.0,FraNchEstYN
1990-03-31,1990.0,0.0,FraNchEstYN
1990-04-01,1990.0,0.0,FraNchEstYN
1990-04-02,1990.0,0.0,FraNchEstYN
1990-04-03,1990.0,0.0,FraNchEstYN
1990-04-04,1990.0,0.0,FraNchEstYN
1990-04-05,1990.0,0.0,FraNchEstYN
1990-04-06,1990.0,0.0,FraNchEstYN
1990-04-07,1990.0,0.0,FraNchEstYN
1990-04-08,1990.0,0.0,FraNchEstYN
1990-04-09,1990.0,0.0,FraNchEstYN
1990-04-10,1990.0,0.0,FraNchEstYN
1990-04-11,1990.0,0.0,FraNchEstYN
1990-04-12,1990.0,0.0,FraNchEstYN
1990-04-13,1990.0,0.0,FraNchEstYN
1990-04-14,1990.0,0.0,FraNchEstYN
1990-04-15,1990.0,0.0,FraNchEstYN
1990-04-16,1990.0,0.0,FraNchEstYN
1990-04-17,1990.0,0.0,FraNchEstYN
1990-04-18,1990.0,0.0,FraNchEstYN
1990-04-19,1990.0,0.0,FraNchEstYN
1990-04-20,1990.0,0.0,FraNchEstYN
1990-04-21,1990.0,0.0,FraNchEstYN
1990-04-22,1990.0,0.0,FraNchEstYN
1990-04-23,1990.0,0.0,FraNchEstYN
1990-04-24,1990.0,0.0,FraNchEstYN
1990-04-25,1990.0,0.0,FraNchEstYN
1990-04-26,1990.0,0.0,FraNchEstYN
1990-04-27,1990.0,0.0,FraNchEstYN
1990-04-28,1990.0,0.0,FraNchEstYN
1990-04-29,1990.0,0.0,FraNchEstYN
1990-04-30,1990.0,0.0,FraNchEstYN
1990-05-01,1990.0,0.0,FraNchEstYN
1990-05-02,1990.0,0.0,FraNchEstYN
1990-05-03,1990.0,0.0,FraNchEstYN
1990-05-04,1990.0,0.0,FraNchEstYN
1990-05-05,1990.0,0.0,FraNchEstYN
1990-05-06,1990.0,0.0,FraNchEstYN
1990-05-07,1990.0,0.0,FraNchEstYN
1990-05-08,1990.0,0.0,FraNchEstYN
1990-05-09,1990.0,0.025204986,FraNchEstYN
1990-05-10,1990.0,0.040911987,FraNchEstYN
1990-05-11,1990.0,0.040911987,FraNchEstYN
1990-05-12,1990.0,0.040911987,FraNchEstYN
1990-05-13,1990.0,0.040911987,FraNchEstYN
1990-05-14,1990.0,0.040911987,FraNchEstYN
1990-05-15,1990.0,0.040911987,FraNchEstYN
1990-05-16,1990.0,0.040911987,FraNchEstYN
1990-05-17,1990.0,0.061217554,FraNchEstYN
1990-05-18,1990.0,0.08252761,FraNchEstYN
1990-05-19,1990.0,0.1389003,FraNchEstYN
1990-05-20,1990.0,0.1389003,FraNchEstYN
1990-05-21,1990.0,0.1839497,FraNchEstYN
1990-05-22,1990.0,0.1839497,FraNchEstYN
1990-05-23,1990.0,0.1839497,FraNchEstYN
1990-05-24,1990.0,0.20702657,FraNchEstYN
1990-05-25,1990.0,0.24234465,FraNchEstYN
1990-05-26,1990.0,0.26993045,FraNchEstYN
1990-05-27,1990.0,0.26993045,FraNchEstYN
1990-05-28,1990.0,0.26993045,FraNchEstYN
1990-05-29,1990.0,0.28897855,FraNchEstYN
1990-05-30,1990.0,0.31631526,FraNchEstYN
1990-05-31,1990.0,0.33973673,FraNchEstYN
1990-06-01,1990.0,0.3628059,FraNchEstYN
1990-06-02,1990.0,0.40146732,FraNchEstYN
1990-06-03,1990.0,0.43839663,FraNchEstYN
1990-06-04,1990.0,0.43839663,FraNchEstYN
1990-06-05,1990.0,0.46781006,FraNchEstYN
1990-06-06,1990.0,0.46781006,FraNchEstYN
1990-06-07,1990.0,0.46841,FraNchEstYN
1990-06-08,1990.0,0.5014481,FraNchEstYN
1990-06-09,1990.0,0.516412,FraNchEstYN
1990-06-10,1990.0,0.516412,FraNchEstYN
1990-06-11,1990.0,0.54099905,FraNchEstYN
1990-06-12,1990.0,0.5610653,FraNchEstYN
1990-06-13,1990.0,0.5610653,FraNchEstYN
1990-06-14,1990.0,0.56920564,FraNchEstYN
1990-06-15,1990.0,0.56920564,FraNchEstYN
1990-06-16,1990.0,0.56920564,FraNchEstYN
1990-06-17,1990.0,0.56920564,FraNchEstYN
1990-06-18,1990.0,0.5843334,FraNchEstYN
1990-06-19,1990.0,0.6033462,FraNchEstYN
1990-06-20,1990.0,0.6070497,FraNchEstYN
1990-06-21,1990.0,0.611182,FraNchEstYN
1990-06-22,1990.0,0.6129876,FraNchEstYN
1990-06-23,1990.0,0.6230294,FraNchEstYN
1990-06-24,1990.0,0.6312788,FraNchEstYN
1990-06-25,1990.0,0.6321217,FraNchEstYN
1990-06-26,1990.0,0.6321217,FraNchEstYN
1990-06-27,1990.0,0.6321217,FraNchEstYN
1990-06-28,1990.0,0.6321217,FraNchEstYN
1990-06-29,1990.0,0.6356559,FraNchEstYN
1990-06-30,1990.0,0.6356559,FraNchEstYN
1990-07-01,1990.0,0.63565594,FraNchEstYN
1990-07-02,1990.0,0.6362698,FraNchEstYN
1990-07-03,1990.0,0.63692087,FraNchEstYN
1990-07-04,1990.0,0.63692087,FraNchEstYN
1990-07-05,1990.0,0.63692087,FraNchEstYN
1990-07-06,1990.0,0.6377742,FraNchEstYN
1990-07-07,1990.0,0.6378924,FraNchEstYN
1990-07-08,1990.0,0.6378925,FraNchEstYN
1990-07-09,1990.0,0.6378925,FraNchEstYN
1990-07-10,1990.0,0.6378924,FraNchEstYN
1990-07-11,1990.0,0.6378924,FraNchEstYN
1990-07-12,1990.0,0.6378924,FraNchEstYN
1990-07-13,1990.0,0.6378925,FraNchEstYN
1990-07-14,1990.0,0.6378925,FraNchEstYN
1990-07-15,1990.0,0.6378925,FraNchEstYN
1990-07-16,1990.0,0.6378925,FraNchEstYN
1990-07-17,1990.0,0.6378925,FraNchEstYN
1990-10-01,1990.0,0.0,FraNchEstYN
1990-10-02,1990.0,0.0,FraNchEstYN
1990-10-03,1990.0,0.0,FraNchEstYN
1990-10-04,1990.0,0.0,FraNchEstYN
1990-10-05,1990.0,0.0,FraNchEstYN
1990-10-06,1990.0,0.0,FraNchEstYN
1990-10-07,1990.0,0.0,FraNchEstYN
1990-10-08,1990.0,0.0,FraNchEstYN
1990-10-09,1990.0,0.0,FraNchEstYN
1990-10-10,1990.0,0.0,FraNchEstYN
1990-10-11,1990.0,0.0,FraNchEstYN
1990-10-12,1990.0,0.0,FraNchEstYN
1990-10-13,1990.0,0.0,FraNchEstYN
1990-10-14,1990.0,0.0,FraNchEstYN
1990-10-15,1990.0,0.0,FraNchEstYN
1990-10-16,1990.0,0.0,FraNchEstYN
1990-10-17,1990.0,0.0,FraNchEstYN
1990-10-18,1990.0,0.0,FraNchEstYN
1990-10-19,1990.0,0.0,FraNchEstYN
1990-10-20,1990.0,0.0,FraNchEstYN
1990-10-21,1990.0,0.0,FraNchEstYN
1990-10-22,1990.0,0.0,FraNchEstYN
1990-10-23,1990.0,0.0,FraNchEstYN
1990-10-24,1990.0,0.0,FraNchEstYN
1990-10-25,1990.0,0.0,FraNchEstYN
1990-10-26,1990.0,0.0,FraNchEstYN
1990-10-27,1990.0,0.0,FraNchEstYN
1990-10-28,1990.0,0.0,FraNchEstYN
1990-10-29,1990.0,0.0,FraNchEstYN
1990-10-30,1990.0,0.0,FraNchEstYN
1990-10-31,1990.0,0.0,FraNchEstYN
1990-11-01,1990.0,0.0,FraNchEstYN
1990-11-02,1990.0,0.0,FraNchEstYN
1990-11-03,1990.0,0.0,FraNchEstYN
1990-11-04,1990.0,0.0,FraNchEstYN
1990-11-05,1990.0,0.0,FraNchEstYN
1990-11-06,1990.0,0.0,FraNchEstYN
1990-11-07,1990.0,0.0,FraNchEstYN
1990-11-08,1990.0,0.0,FraNchEstYN
1990-11-09,1990.0,0.0,FraNchEstYN
1990-11-10,1990.0,0.0,FraNchEstYN
1990-11-11,1990.0,0.0,FraNchEstYN
1990-11-12,1990.0,0.0,FraNchEstYN
1990-11-13,1990.0,0.0,FraNchEstYN
1990-11-14,1990.0,0.0,FraNchEstYN
1990-11-15,1990.0,0.0,FraNchEstYN
1990-11-16,1990.0,0.0,FraNchEstYN
1990-11-17,1990.0,0.0,FraNchEstYN
1990-11-18,1990.0,0.0,FraNchEstYN
1990-11-19,1990.0,0.0,FraNchEstYN
1990-11-20,1990.0,0.0,FraNchEstYN
1990-11-21,1990.0,0.0,FraNchEstYN
1990-11-22,1990.0,0.0,FraNchEstYN
1990-11-23,1990.0,0.0,FraNchEstYN
1990-11-24,1990.0,0.0,FraNchEstYN
1990-11-25,1990.0,0.0,FraNchEstYN
1990-11-26,1990.0,0.0,FraNchEstYN
1990-11-27,1990.0,0.0,FraNchEstYN
1990-11-28,1990.0,0.0,FraNchEstYN
1990-11-29,1990.0,0.0,FraNchEstYN
1990-11-30,1990.0,0.0,FraNchEstYN
1990-12-01,1990.0,0.0,FraNchEstYN
1990-12-02,1990.0,0.0,FraNchEstYN
1990-12-03,1990.0,0.0,FraNchEstYN
1990-12-04,1990.0,0.0,FraNchEstYN
1990-12-05,1990.0,0.0,FraNchEstYN
1990-12-06,1990.0,0.0,FraNchEstYN
1990-12-07,1990.0,0.0,FraNchEstYN
1990-12-08,1990.0,0.0,FraNchEstYN
1990-12-09,1990.0,0.0,FraNchEstYN
1990-12-10,1990.0,0.0,FraNchEstYN
1990-12-11,1990.0,0.0,FraNchEstYN
1990-12-12,1990.0,0.0,FraNchEstYN
1990-12-13,1990.0,0.0,FraNchEstYN
1990-12-14,1990.0,0.0,FraNchEstYN
1990-12-15,1990.0,0.0,FraNchEstYN
1990-12-16,1990.0,0.0,FraNchEstYN
1990-12-17,1990.0,0.0,FraNchEstYN
1990-12-18,1990.0,0.0,FraNchEstYN
1990-12-19,1990.0,0.0,FraNchEstYN
1990-12-20,1990.0,0.0,FraNchEstYN
1990-12-21,1990.0,0.0,FraNchEstYN
1990-12-22,1990.0,0.0,FraNchEstYN
1990-12-23,1990.0,0.0,FraNchEstYN
1990-12-24,1990.0,0.0,FraNchEstYN
1990-12-25,1990.0,0.0,FraNchEstYN
1990-12-26,1990.0,0.0,FraNchEstYN
1990-12-27,1990.0,0.0,FraNchEstYN
1990-12-28,1990.0,0.0,FraNchEstYN
1990-12-29,1990.0,0.0,FraNchEstYN
1990-12-30,1990.0,0.0,FraNchEstYN
1990-12-31,1990.0,0.0,FraNchEstYN
1991-01-01,1991.0,0.0,FraNchEstYN
1991-01-02,1991.0,0.0,FraNchEstYN
1991-01-03,1991.0,0.0,FraNchEstYN
1991-01-04,1991.0,0.0,FraNchEstYN
1991-01-05,1991.0,0.0,FraNchEstYN
1991-01-06,1991.0,0.0,FraNchEstYN
1991-01-07,1991.0,0.0,FraNchEstYN
1991-01-08,1991.0,0.0,FraNchEstYN
1991-01-09,1991.0,0.0,FraNchEstYN
1991-01-10,1991.0,0.0,FraNchEstYN
1991-01-11,1991.0,0.0,FraNchEstYN
1991-01-12,1991.0,0.0,FraNchEstYN
1991-01-13,1991.0,0.0,FraNchEstYN
1991-01-14,1991.0,0.0,FraNchEstYN
1991-01-15,1991.0,0.0,FraNchEstYN
1991-01-16,1991.0,0.0,FraNchEstYN
1991-01-17,1991.0,0.0,FraNchEstYN
1991-01-18,1991.0,0.0,FraNchEstYN
1991-01-19,1991.0,0.0,FraNchEstYN
1991-01-20,1991.0,0.0,FraNchEstYN
1991-01-21,1991.0,0.0,FraNchEstYN
1991-01-22,1991.0,0.0,FraNchEstYN
1991-01-23,1991.0,0.0,FraNchEstYN
1991-01-24,1991.0,0.0,FraNchEstYN
1991-01-25,1991.0,0.0,FraNchEstYN
1991-01-26,1991.0,0.0,FraNchEstYN
1991-01-27,1991.0,0.0,FraNchEstYN
1991-01-28,1991.0,0.0,FraNchEstYN
1991-01-29,1991.0,0.0,FraNchEstYN
1991-01-30,1991.0,0.0,FraNchEstYN
1991-01-31,1991.0,0.0,FraNchEstYN
1991-02-01,1991.0,0.0,FraNchEstYN
1991-02-02,1991.0,0.0,FraNchEstYN
1991-02-03,1991.0,0.0,FraNchEstYN
1991-02-04,1991.0,0.0,FraNchEstYN
1991-02-05,1991.0,0.0,FraNchEstYN
1991-02-06,1991.0,0.0,FraNchEstYN
1991-02-07,1991.0,0.0,FraNchEstYN
1991-02-08,1991.0,0.0,FraNchEstYN
1991-02-09,1991.0,0.0,FraNchEstYN
1991-02-10,1991.0,0.0,FraNchEstYN
1991-02-11,1991.0,0.0,FraNchEstYN
1991-02-12,1991.0,0.0,FraNchEstYN
1991-02-13,1991.0,0.0,FraNchEstYN
1991-02-14,1991.0,0.0,FraNchEstYN
1991-02-15,1991.0,0.0,FraNchEstYN
1991-02-16,1991.0,0.0,FraNchEstYN
1991-02-17,1991.0,0.0,FraNchEstYN
1991-02-18,1991.0,0.0,FraNchEstYN
1991-02-19,1991.0,0.0,FraNchEstYN
1991-02-20,1991.0,0.0,FraNchEstYN
1991-02-21,1991.0,0.0,FraNchEstYN
1991-02-22,1991.0,0.0,FraNchEstYN
1991-02-23,1991.0,0.0,FraNchEstYN
1991-02-24,1991.0,0.0,FraNchEstYN
1991-02-25,1991.0,0.0,FraNchEstYN
1991-02-26,1991.0,0.0,FraNchEstYN
1991-02-27,1991.0,0.0,FraNchEstYN
1991-02-28,1991.0,0.0,FraNchEstYN
1991-03-01,1991.0,0.0,FraNchEstYN
1991-03-02,1991.0,0.0,FraNchEstYN
1991-03-03,1991.0,0.0,FraNchEstYN
1991-03-04,1991.0,0.0,FraNchEstYN
1991-03-05,1991.0,0.0,FraNchEstYN
1991-03-06,1991.0,0.0,FraNchEstYN
1991-03-07,1991.0,0.0,FraNchEstYN
1991-03-08,1991.0,0.0,FraNchEstYN
1991-03-09,1991.0,0.0,FraNchEstYN
1991-03-10,1991.0,0.0,FraNchEstYN
1991-03-11,1991.0,0.0,FraNchEstYN
1991-03-12,1991.0,0.0,FraNchEstYN
1991-03-13,1991.0,0.0,FraNchEstYN
1991-03-14,1991.0,0.0,FraNchEstYN
1991-03-15,1991.0,0.0,FraNchEstYN
1991-03-16,1991.0,0.0,FraNchEstYN
1991-03-17,1991.0,0.0,FraNchEstYN
1991-03-18,1991.0,0.0,FraNchEstYN
1991-03-19,1991.0,0.0,FraNchEstYN
1991-03-20,1991.0,0.0,FraNchEstYN
1991-03-21,1991.0,0.0,FraNchEstYN
1991-03-22,1991.0,0.0,FraNchEstYN
1991-03-23,1991.0,0.0,FraNchEstYN
1991-03-24,1991.0,0.0,FraNchEstYN
1991-03-25,1991.0,0.0,FraNchEstYN
1991-03-26,1991.0,0.0,FraNchEstYN
1991-03-27,1991.0,0.0,FraNchEstYN
1991-03-28,1991.0,0.0,FraNchEstYN
1991-03-29,1991.0,0.0,FraNchEstYN
1991-03-30,1991.0,0.0,FraNchEstYN
1991-03-31,1991.0,0.0,FraNchEstYN
1991-04-01,1991.0,0.0,FraNchEstYN
1991-04-02,1991.0,0.0,FraNchEstYN
1991-04-03,1991.0,0.0,FraNchEstYN
1991-04-04,1991.0,0.0,FraNchEstYN
1991-04-05,1991.0,0.0,FraNchEstYN
1991-04-06,1991.0,0.0,FraNchEstYN
1991-04-07,1991.0,0.0,FraNchEstYN
1991-04-08,1991.0,0.0,FraNchEstYN
1991-04-09,1991.0,0.0,FraNchEstYN
1991-04-10,1991.0,0.0,FraNchEstYN
1991-04-11,1991.0,0.0,FraNchEstYN
1991-04-12,1991.0,0.0,FraNchEstYN
1991-04-13,1991.0,0.0,FraNchEstYN
1991-04-14,1991.0,0.0,FraNchEstYN
1991-04-15,1991.0,0.0,FraNchEstYN
1991-04-16,1991.0,0.0,FraNchEstYN
1991-04-17,1991.0,0.0,FraNchEstYN
1991-04-18,1991.0,0.0,FraNchEstYN
1991-04-19,1991.0,0.0,FraNchEstYN
1991-04-20,1991.0,0.0,FraNchEstYN
1991-04-21,1991.0,0.0,FraNchEstYN
1991-04-22,1991.0,0.0,FraNchEstYN
1991-04-23,1991.0,0.0,FraNchEstYN
1991-04-24,1991.0,0.0,FraNchEstYN
1991-04-25,1991.0,0.0,FraNchEstYN
1991-04-26,1991.0,0.0,FraNchEstYN
1991-04-27,1991.0,0.0,FraNchEstYN
1991-04-28,1991.0,0.02734715,FraNchEstYN
1991-04-29,1991.0,0.02734715,FraNchEstYN
1991-04-30,1991.0,0.04627573,FraNchEstYN
1991-05-01,1991.0,0.04627573,FraNchEstYN
1991-05-02,1991.0,0.04627573,FraNchEstYN
1991-05-03,1991.0,0.04627573,FraNchEstYN
1991-05-04,1991.0,0.04627573,FraNchEstYN
1991-05-05,1991.0,0.09073731,FraNchEstYN
1991-05-06,1991.0,0.09073731,FraNchEstYN
1991-05-07,1991.0,0.09073731,FraNchEstYN
1991-05-08,1991.0,0.11767323,FraNchEstYN
1991-05-09,1991.0,0.18709874,FraNchEstYN
1991-05-10,1991.0,0.18709874,FraNchEstYN
1991-05-11,1991.0,0.18709874,FraNchEstYN
1991-05-12,1991.0,0.20499754,FraNchEstYN
1991-05-13,1991.0,0.22832209,FraNchEstYN
1991-05-14,1991.0,0.26272476,FraNchEstYN
1991-05-15,1991.0,0.28495055,FraNchEstYN
1991-05-16,1991.0,0.33112678,FraNchEstYN
1991-05-17,1991.0,0.33112678,FraNchEstYN
1991-05-18,1991.0,0.33141622,FraNchEstYN
1991-05-19,1991.0,0.33141622,FraNchEstYN
1991-05-20,1991.0,0.36359292,FraNchEstYN
1991-05-21,1991.0,0.3840432,FraNchEstYN
1991-05-22,1991.0,0.3840432,FraNchEstYN
1991-05-23,1991.0,0.3840432,FraNchEstYN
1991-05-24,1991.0,0.3840432,FraNchEstYN
1991-05-25,1991.0,0.3840432,FraNchEstYN
1991-05-26,1991.0,0.39602762,FraNchEstYN
1991-05-27,1991.0,0.4095781,FraNchEstYN
1991-05-28,1991.0,0.4095781,FraNchEstYN
1991-05-29,1991.0,0.4095781,FraNchEstYN
1991-05-30,1991.0,0.4095781,FraNchEstYN
1991-05-31,1991.0,0.44220942,FraNchEstYN
1991-06-01,1991.0,0.44220942,FraNchEstYN
1991-06-02,1991.0,0.4758168,FraNchEstYN
1991-06-03,1991.0,0.49341097,FraNchEstYN
1991-06-04,1991.0,0.5032877,FraNchEstYN
1991-06-05,1991.0,0.5032877,FraNchEstYN
1991-06-06,1991.0,0.50981414,FraNchEstYN
1991-06-07,1991.0,0.5239789,FraNchEstYN
1991-06-08,1991.0,0.53717583,FraNchEstYN
1991-06-09,1991.0,0.5470295,FraNchEstYN
1991-06-10,1991.0,0.56095254,FraNchEstYN
1991-06-11,1991.0,0.57182205,FraNchEstYN
1991-06-12,1991.0,0.5749085,FraNchEstYN
1991-06-13,1991.0,0.5811554,FraNchEstYN
1991-06-14,1991.0,0.5852941,FraNchEstYN
1991-06-15,1991.0,0.5852941,FraNchEstYN
1991-06-16,1991.0,0.58859617,FraNchEstYN
1991-06-17,1991.0,0.5943289,FraNchEstYN
1991-06-18,1991.0,0.59435546,FraNchEstYN
1991-06-19,1991.0,0.59436905,FraNchEstYN
1991-06-20,1991.0,0.59436905,FraNchEstYN
1991-06-21,1991.0,0.59436905,FraNchEstYN
1991-06-22,1991.0,0.59436905,FraNchEstYN
1991-06-23,1991.0,0.59436905,FraNchEstYN
1991-06-24,1991.0,0.59436905,FraNchEstYN
1991-06-25,1991.0,0.59436923,FraNchEstYN
1991-06-26,1991.0,0.59455436,FraNchEstYN
1991-06-27,1991.0,0.59455436,FraNchEstYN
1991-06-28,1991.0,0.59455436,FraNchEstYN
1991-06-29,1991.0,0.59455436,FraNchEstYN
1991-06-30,1991.0,0.5945543,FraNchEstYN
1991-07-01,1991.0,0.5945543,FraNchEstYN
1991-07-02,1991.0,0.5945543,FraNchEstYN
1991-07-03,1991.0,0.59455436,FraNchEstYN
1973-01-01,1973.0,0.0,SIMPEST
1973-01-02,1973.0,0.0,SIMPEST
1973-01-03,1973.0,0.0,SIMPEST
1973-01-04,1973.0,0.0,SIMPEST
1973-01-05,1973.0,0.0,SIMPEST
1973-01-06,1973.0,0.0,SIMPEST
1973-01-07,1973.0,0.0,SIMPEST
1973-01-08,1973.0,0.0,SIMPEST
1973-01-09,1973.0,0.0,SIMPEST
1973-01-10,1973.0,0.0,SIMPEST
1973-01-11,1973.0,0.0,SIMPEST
1973-01-12,1973.0,0.0,SIMPEST
1973-01-13,1973.0,0.0,SIMPEST
1973-01-14,1973.0,0.0,SIMPEST
1973-01-15,1973.0,0.0,SIMPEST
1973-01-16,1973.0,0.0,SIMPEST
1973-01-17,1973.0,0.0,SIMPEST
1973-01-18,1973.0,0.0,SIMPEST
1973-01-19,1973.0,0.0,SIMPEST
1973-01-20,1973.0,0.0,SIMPEST
1973-01-21,1973.0,0.0,SIMPEST
1973-01-22,1973.0,0.0,SIMPEST
1973-01-23,1973.0,0.0,SIMPEST
1973-01-24,1973.0,0.0,SIMPEST
1973-01-25,1973.0,0.0,SIMPEST
1973-01-26,1973.0,0.0,SIMPEST
1973-01-27,1973.0,0.0,SIMPEST
1973-01-28,1973.0,0.0,SIMPEST
1973-01-29,1973.0,0.0,SIMPEST
1973-01-30,1973.0,0.0,SIMPEST
1973-01-31,1973.0,0.0,SIMPEST
1973-02-01,1973.0,0.0,SIMPEST
1973-02-02,1973.0,0.0,SIMPEST
1973-02-03,1973.0,0.0,SIMPEST
1973-02-04,1973.0,0.0,SIMPEST
1973-02-05,1973.0,0.0,SIMPEST
1973-02-06,1973.0,0.0,SIMPEST
1973-02-07,1973.0,0.0,SIMPEST
1973-02-08,1973.0,0.0,SIMPEST
1973-02-09,1973.0,0.0,SIMPEST
1973-02-10,1973.0,0.0,SIMPEST
1973-02-11,1973.0,0.0,SIMPEST
1973-02-12,1973.0,0.0,SIMPEST
1973-02-13,1973.0,0.0,SIMPEST
1973-02-14,1973.0,0.0,SIMPEST
1973-02-15,1973.0,0.0,SIMPEST
1973-02-16,1973.0,0.0,SIMPEST
1973-02-17,1973.0,0.0,SIMPEST
1973-02-18,1973.0,0.0,SIMPEST
1973-02-19,1973.0,0.0,SIMPEST
1973-02-20,1973.0,0.0,SIMPEST
1973-02-21,1973.0,0.0,SIMPEST
1973-02-22,1973.0,0.0,SIMPEST
1973-02-23,1973.0,0.0,SIMPEST
1973-02-24,1973.0,0.0,SIMPEST
1973-02-25,1973.0,0.0,SIMPEST
1973-02-26,1973.0,0.0,SIMPEST
1973-02-27,1973.0,0.0,SIMPEST
1973-02-28,1973.0,0.0,SIMPEST
1973-03-01,1973.0,0.0,SIMPEST
1973-03-02,1973.0,0.0,SIMPEST
1973-03-03,1973.0,0.0,SIMPEST
1973-03-04,1973.0,0.0,SIMPEST
1973-03-05,1973.0,0.0,SIMPEST
1973-03-06,1973.0,0.0,SIMPEST
1973-03-07,1973.0,0.0,SIMPEST
1973-03-08,1973.0,0.0,SIMPEST
1973-03-09,1973.0,0.0,SIMPEST
1973-03-10,1973.0,0.0,SIMPEST
1973-03-11,1973.0,0.0,SIMPEST
1973-03-12,1973.0,0.0,SIMPEST
1973-03-13,1973.0,0.0,SIMPEST
1973-03-14,1973.0,0.0,SIMPEST
1973-03-15,1973.0,0.0,SIMPEST
1973-03-16,1973.0,0.0,SIMPEST
1973-03-17,1973.0,0.0,SIMPEST
1973-03-18,1973.0,0.0,SIMPEST
1973-03-19,1973.0,0.0,SIMPEST
1973-03-20,1973.0,0.0,SIMPEST
1973-03-21,1973.0,0.0,SIMPEST
1973-03-22,1973.0,0.0,SIMPEST
1973-03-23,1973.0,0.0,SIMPEST
1973-03-24,1973.0,0.0,SIMPEST
1973-03-25,1973.0,0.0,SIMPEST
1973-03-26,1973.0,0.0,SIMPEST
1973-03-27,1973.0,0.0,SIMPEST
1973-03-28,1973.0,0.0,SIMPEST
1973-03-29,1973.0,0.0,SIMPEST
1973-03-30,1973.0,0.0,SIMPEST
1973-03-31,1973.0,0.0,SIMPEST
1973-04-01,1973.0,0.0,SIMPEST
1973-04-02,1973.0,0.0,SIMPEST
1973-04-03,1973.0,0.0,SIMPEST
1973-04-04,1973.0,0.0,SIMPEST
1973-04-05,1973.0,0.0,SIMPEST
1973-04-06,1973.0,0.0,SIMPEST
1973-04-07,1973.0,0.0,SIMPEST
1973-04-08,1973.0,0.0,SIMPEST
1973-04-09,1973.0,0.0,SIMPEST
1973-04-10,1973.0,0.0,SIMPEST
1973-04-11,1973.0,0.0,SIMPEST
1973-04-12,1973.0,0.0,SIMPEST
1973-04-13,1973.0,0.0,SIMPEST
1973-04-14,1973.0,0.0,SIMPEST
1973-04-15,1973.0,0.0,SIMPEST
1973-04-16,1973.0,0.0,SIMPEST
1973-04-17,1973.0,0.0,SIMPEST
1973-04-18,1973.0,0.0,SIMPEST
1973-04-19,1973.0,0.0,SIMPEST
1973-04-20,1973.0,0.0,SIMPEST
1973-04-21,1973.0,0.0,SIMPEST
1973-04-22,1973.0,0.0,SIMPEST
1973-04-23,1973.0,0.0,SIMPEST
1973-04-24,1973.0,0.0,SIMPEST
1973-04-25,1973.0,0.0,SIMPEST
1973-04-26,1973.0,0.0,SIMPEST
1973-04-27,1973.0,0.0023194960855563,SIMPEST
1973-04-28,1973.0,0.0022952300532603,SIMPEST
1973-04-29,1973.0,0.0022397032545214,SIMPEST
1973-04-30,1973.0,0.0035511553675712,SIMPEST
1973-05-01,1973.0,0.003423019042111,SIMPEST
1973-05-02,1973.0,0.0060107852603157,SIMPEST
1973-05-03,1973.0,0.009015913265215,SIMPEST
1973-05-04,1973.0,0.01232132919132,SIMPEST
1973-05-05,1973.0,0.0122314773336217,SIMPEST
1973-05-06,1973.0,0.012059655443548,SIMPEST
1973-05-07,1973.0,0.0118725012817135,SIMPEST
1973-05-08,1973.0,0.0116584976297713,SIMPEST
1973-05-09,1973.0,0.0253839205883976,SIMPEST
1973-05-10,1973.0,0.0392187770560577,SIMPEST
1973-05-11,1973.0,0.0471816039749128,SIMPEST
1973-05-12,1973.0,0.0637611147072343,SIMPEST
1973-05-13,1973.0,0.0637553840318074,SIMPEST
1973-05-14,1973.0,0.0638166141907403,SIMPEST
1973-05-15,1973.0,0.0944145992571402,SIMPEST
1973-05-16,1973.0,0.0945956026095891,SIMPEST
1973-05-17,1973.0,0.0946683997860759,SIMPEST
1973-05-18,1973.0,0.127159981076211,SIMPEST
1973-05-19,1973.0,0.1275088619996312,SIMPEST
1973-05-20,1973.0,0.1278310651022358,SIMPEST
1973-05-21,1973.0,0.1282056828250671,SIMPEST
1973-05-22,1973.0,0.1287274460555865,SIMPEST
1973-05-23,1973.0,0.1725518746899146,SIMPEST
1973-05-24,1973.0,0.2237169876462961,SIMPEST
1973-05-25,1973.0,0.2685216187454095,SIMPEST
1973-05-26,1973.0,0.269556888377537,SIMPEST
1973-05-27,1973.0,0.2708657724783109,SIMPEST
1973-05-28,1973.0,0.362064130323359,SIMPEST
1973-05-29,1973.0,0.362064130323359,SIMPEST
1973-05-30,1973.0,0.362064130323359,SIMPEST
1973-05-31,1973.0,0.3620843728129941,SIMPEST
1973-06-01,1973.0,0.3620843728129941,SIMPEST
1973-06-02,1973.0,0.3621191819414739,SIMPEST
1973-06-03,1973.0,0.3621582958791638,SIMPEST
1973-06-04,1973.0,0.3621582958791638,SIMPEST
1973-06-05,1973.0,0.4066119865650264,SIMPEST
1973-06-06,1973.0,0.4066119865650264,SIMPEST
1973-06-07,1973.0,0.4530976293652398,SIMPEST
1973-06-08,1973.0,0.4968291701783615,SIMPEST
1973-06-09,1973.0,0.4968291701783615,SIMPEST
1973-06-10,1973.0,0.5147058108534182,SIMPEST
1973-06-11,1973.0,0.5147058108534182,SIMPEST
1973-06-12,1973.0,0.5530407160101816,SIMPEST
1973-06-13,1973.0,0.5822398294399577,SIMPEST
1973-06-14,1973.0,0.6080557419702672,SIMPEST
1973-06-15,1973.0,0.6252076817398277,SIMPEST
1973-06-16,1973.0,0.6252076817398277,SIMPEST
1973-06-17,1973.0,0.6252076817398277,SIMPEST
1973-06-18,1973.0,0.6480686689951292,SIMPEST
1973-06-19,1973.0,0.6688264277531712,SIMPEST
1973-06-20,1973.0,0.690419577645819,SIMPEST
1973-06-21,1973.0,0.6985789973491545,SIMPEST
1973-06-22,1973.0,0.6985789973491545,SIMPEST
1973-06-23,1973.0,0.6985789973491545,SIMPEST
1973-06-24,1973.0,0.6985789973491546,SIMPEST
1973-06-25,1973.0,0.6985789973491546,SIMPEST
1973-06-26,1973.0,0.6985789973491546,SIMPEST
1973-06-27,1973.0,0.7029324052225718,SIMPEST
1973-06-28,1973.0,0.7065850662850941,SIMPEST
1973-06-29,1973.0,0.7065850662850941,SIMPEST
1973-06-30,1973.0,0.7107943121461231,SIMPEST
1973-07-01,1973.0,0.7108924612928642,SIMPEST
1973-07-02,1973.0,0.7162055230066344,SIMPEST
1973-07-03,1973.0,0.7162055230066344,SIMPEST
1973-07-04,1973.0,0.7203273754971395,SIMPEST
1973-07-05,1973.0,0.7221957526975993,SIMPEST
1973-07-06,1973.0,0.7221957526975993,SIMPEST
1973-07-07,1973.0,0.722625450436428,SIMPEST
1973-07-08,1973.0,0.722625450436428,SIMPEST
1973-07-09,1973.0,0.722625450436428,SIMPEST
1973-07-10,1973.0,0.7226254504364281,SIMPEST
1973-07-11,1973.0,0.7226254504364281,SIMPEST
1973-07-12,1973.0,0.7226254504364281,SIMPEST
1973-07-13,1973.0,0.7226254504364281,SIMPEST
1973-07-14,1973.0,0.722625450436428,SIMPEST
1973-07-15,1973.0,0.722625450436428,SIMPEST
1973-07-16,1973.0,0.722625450436428,SIMPEST
1973-07-17,1973.0,0.722625450436428,SIMPEST
1973-07-18,1973.0,0.722625450436428,SIMPEST
1973-07-19,1973.0,0.722625450436428,SIMPEST
1973-07-20,1973.0,0.722625450436428,SIMPEST
1973-07-21,1973.0,0.722625450436428,SIMPEST
1973-07-22,1973.0,0.722625450436428,SIMPEST
1973-07-23,1973.0,0.722625450436428,SIMPEST
1973-07-24,1973.0,0.722625450436428,SIMPEST
,,,SIMPEST
,,,SIMPEST
,,,SIMPEST
,,,SIMPEST
,,,SIMPEST
,,,SIMPEST
,,,SIMPEST
,,,SIMPEST
,,,SIMPEST
,,,SIMPEST
,,,SIMPEST
,,,SIMPEST
,,,SIMPEST
,,,SIMPEST
,,,SIMPEST
,,,SIMPEST
,,,SIMPEST
,,,SIMPEST
,,,SIMPEST
,,,SIMPEST
,,,SIMPEST
,,,SIMPEST
,,,SIMPEST
,,,SIMPEST
,,,SIMPEST
,,,SIMPEST
,,,SIMPEST
,,,SIMPEST
,,,SIMPEST
,,,SIMPEST
,,,SIMPEST
,,,SIMPEST
,,,SIMPEST
,,,SIMPEST
,,,SIMPEST
,,,SIMPEST
,,,SIMPEST
,,,SIMPEST
,,,SIMPEST
,,,SIMPEST
,,,SIMPEST
,,,SIMPEST
,,,SIMPEST
,,,SIMPEST
,,,SIMPEST
,,,SIMPEST
,,,SIMPEST
,,,SIMPEST
,,,SIMPEST
,,,SIMPEST
,,,SIMPEST
,,,SIMPEST
,,,SIMPEST
,,,SIMPEST
,,,SIMPEST
,,,SIMPEST
,,,SIMPEST
,,,SIMPEST
,,,SIMPEST
,,,SIMPEST
,,,SIMPEST
,,,SIMPEST
,,,SIMPEST
,,,SIMPEST
,,,SIMPEST
1973-09-28,1973.0,0.0,SIMPEST
1973-09-29,1973.0,0.0,SIMPEST
1973-09-30,1973.0,0.0,SIMPEST
1973-10-01,1973.0,0.0,SIMPEST
1973-10-02,1973.0,0.0,SIMPEST
1973-10-03,1973.0,0.0,SIMPEST
1973-10-04,1973.0,0.0,SIMPEST
1973-10-05,1973.0,0.0,SIMPEST
1973-10-06,1973.0,0.0,SIMPEST
1973-10-07,1973.0,0.0,SIMPEST
1973-10-08,1973.0,0.0,SIMPEST
1973-10-09,1973.0,0.0,SIMPEST
1973-10-10,1973.0,0.0,SIMPEST
1973-10-11,1973.0,0.0,SIMPEST
1973-10-12,1973.0,0.0,SIMPEST
1973-10-13,1973.0,0.0,SIMPEST
1973-10-14,1973.0,0.0,SIMPEST
1973-10-15,1973.0,0.0,SIMPEST
1973-10-16,1973.0,0.0,SIMPEST
1973-10-17,1973.0,0.0,SIMPEST
1973-10-18,1973.0,0.0,SIMPEST
1973-10-19,1973.0,0.0,SIMPEST
1973-10-20,1973.0,0.0,SIMPEST
1973-10-21,1973.0,0.0,SIMPEST
1973-10-22,1973.0,0.0,SIMPEST
1973-10-23,1973.0,0.0,SIMPEST
1973-10-24,1973.0,0.0,SIMPEST
1973-10-25,1973.0,0.0,SIMPEST
1973-10-26,1973.0,0.0,SIMPEST
1973-10-27,1973.0,0.0,SIMPEST
1973-10-28,1973.0,0.0,SIMPEST
1973-10-29,1973.0,0.0,SIMPEST
1973-10-30,1973.0,0.0,SIMPEST
1973-10-31,1973.0,0.0,SIMPEST
1973-11-01,1973.0,0.0,SIMPEST
1973-11-02,1973.0,0.0,SIMPEST
1973-11-03,1973.0,0.0,SIMPEST
1973-11-04,1973.0,0.0,SIMPEST
1973-11-05,1973.0,0.0,SIMPEST
1973-11-06,1973.0,0.0,SIMPEST
1973-11-07,1973.0,0.0,SIMPEST
1973-11-08,1973.0,0.0,SIMPEST
1973-11-09,1973.0,0.0,SIMPEST
1973-11-10,1973.0,0.0,SIMPEST
1973-11-11,1973.0,0.0,SIMPEST
1973-11-12,1973.0,0.0,SIMPEST
1973-11-13,1973.0,0.0,SIMPEST
1973-11-14,1973.0,0.0,SIMPEST
1973-11-15,1973.0,0.0,SIMPEST
1973-11-16,1973.0,0.0,SIMPEST
1973-11-17,1973.0,0.0,SIMPEST
1973-11-18,1973.0,0.0,SIMPEST
1973-11-19,1973.0,0.0,SIMPEST
1973-11-20,1973.0,0.0,SIMPEST
1973-11-21,1973.0,0.0,SIMPEST
1973-11-22,1973.0,0.0,SIMPEST
1973-11-23,1973.0,0.0,SIMPEST
1973-11-24,1973.0,0.0,SIMPEST
1973-11-25,1973.0,0.0,SIMPEST
1973-11-26,1973.0,0.0,SIMPEST
1973-11-27,1973.0,0.0,SIMPEST
1973-11-28,1973.0,0.0,SIMPEST
1973-11-29,1973.0,0.0,SIMPEST
1973-11-30,1973.0,0.0,SIMPEST
1973-12-01,1973.0,0.0,SIMPEST
1973-12-02,1973.0,0.0,SIMPEST
1973-12-03,1973.0,0.0,SIMPEST
1973-12-04,1973.0,0.0,SIMPEST
1973-12-05,1973.0,0.0,SIMPEST
1973-12-06,1973.0,0.0,SIMPEST
1973-12-07,1973.0,0.0,SIMPEST
1973-12-08,1973.0,0.0,SIMPEST
1973-12-09,1973.0,0.0,SIMPEST
1973-12-10,1973.0,0.0,SIMPEST
1973-12-11,1973.0,0.0,SIMPEST
1973-12-12,1973.0,0.0,SIMPEST
1973-12-13,1973.0,0.0,SIMPEST
1973-12-14,1973.0,0.0,SIMPEST
1973-12-15,1973.0,0.0,SIMPEST
1973-12-16,1973.0,0.0,SIMPEST
1973-12-17,1973.0,0.0,SIMPEST
1973-12-18,1973.0,0.0,SIMPEST
1973-12-19,1973.0,0.0,SIMPEST
1973-12-20,1973.0,0.0,SIMPEST
1973-12-21,1973.0,0.0,SIMPEST
1973-12-22,1973.0,0.0,SIMPEST
1973-12-23,1973.0,0.0,SIMPEST
1973-12-24,1973.0,0.0,SIMPEST
1973-12-25,1973.0,0.0,SIMPEST
1973-12-26,1973.0,0.0,SIMPEST
1973-12-27,1973.0,0.0,SIMPEST
1973-12-28,1973.0,0.0,SIMPEST
1973-12-29,1973.0,0.0,SIMPEST
1973-12-30,1973.0,0.0,SIMPEST
1973-12-31,1973.0,0.0,SIMPEST
1974-01-01,1974.0,0.0,SIMPEST
1974-01-02,1974.0,0.0,SIMPEST
1974-01-03,1974.0,0.0,SIMPEST
1974-01-04,1974.0,0.0,SIMPEST
1974-01-05,1974.0,0.0,SIMPEST
1974-01-06,1974.0,0.0,SIMPEST
1974-01-07,1974.0,0.0,SIMPEST
1974-01-08,1974.0,0.0,SIMPEST
1974-01-09,1974.0,0.0,SIMPEST
1974-01-10,1974.0,0.0,SIMPEST
1974-01-11,1974.0,0.0,SIMPEST
1974-01-12,1974.0,0.0,SIMPEST
1974-01-13,1974.0,0.0,SIMPEST
1974-01-14,1974.0,0.0,SIMPEST
1974-01-15,1974.0,0.0,SIMPEST
1974-01-16,1974.0,0.0,SIMPEST
1974-01-17,1974.0,0.0,SIMPEST
1974-01-18,1974.0,0.0,SIMPEST
1974-01-19,1974.0,0.0,SIMPEST
1974-01-20,1974.0,0.0,SIMPEST
1974-01-21,1974.0,0.0,SIMPEST
1974-01-22,1974.0,0.0,SIMPEST
1974-01-23,1974.0,0.0,SIMPEST
1974-01-24,1974.0,0.0,SIMPEST
1974-01-25,1974.0,0.0,SIMPEST
1974-01-26,1974.0,0.0,SIMPEST
1974-01-27,1974.0,0.0,SIMPEST
1974-01-28,1974.0,0.0,SIMPEST
1974-01-29,1974.0,0.0,SIMPEST
1974-01-30,1974.0,0.0,SIMPEST
1974-01-31,1974.0,0.0,SIMPEST
1974-02-01,1974.0,0.0,SIMPEST
1974-02-02,1974.0,0.0,SIMPEST
1974-02-03,1974.0,0.0,SIMPEST
1974-02-04,1974.0,0.0,SIMPEST
1974-02-05,1974.0,0.0,SIMPEST
1974-02-06,1974.0,0.0,SIMPEST
1974-02-07,1974.0,0.0,SIMPEST
1974-02-08,1974.0,0.0,SIMPEST
1974-02-09,1974.0,0.0,SIMPEST
1974-02-10,1974.0,0.0,SIMPEST
1974-02-11,1974.0,0.0,SIMPEST
1974-02-12,1974.0,0.0,SIMPEST
1974-02-13,1974.0,0.0,SIMPEST
1974-02-14,1974.0,0.0,SIMPEST
1974-02-15,1974.0,0.0,SIMPEST
1974-02-16,1974.0,0.0,SIMPEST
1974-02-17,1974.0,0.0,SIMPEST
1974-02-18,1974.0,0.0,SIMPEST
1974-02-19,1974.0,0.0,SIMPEST
1974-02-20,1974.0,0.0,SIMPEST
1974-02-21,1974.0,0.0,SIMPEST
1974-02-22,1974.0,0.0,SIMPEST
1974-02-23,1974.0,0.0,SIMPEST
1974-02-24,1974.0,0.0,SIMPEST
1974-02-25,1974.0,0.0,SIMPEST
1974-02-26,1974.0,0.0,SIMPEST
1974-02-27,1974.0,0.0,SIMPEST
1974-02-28,1974.0,0.0,SIMPEST
1974-03-01,1974.0,0.0,SIMPEST
1974-03-02,1974.0,0.0,SIMPEST
1974-03-03,1974.0,0.0,SIMPEST
1974-03-04,1974.0,0.0,SIMPEST
1974-03-05,1974.0,0.0,SIMPEST
1974-03-06,1974.0,0.0,SIMPEST
1974-03-07,1974.0,0.0,SIMPEST
1974-03-08,1974.0,0.0,SIMPEST
1974-03-09,1974.0,0.0,SIMPEST
1974-03-10,1974.0,0.0,SIMPEST
1974-03-11,1974.0,0.0,SIMPEST
1974-03-12,1974.0,0.0,SIMPEST
1974-03-13,1974.0,0.0,SIMPEST
1974-03-14,1974.0,0.0,SIMPEST
1974-03-15,1974.0,0.0,SIMPEST
1974-03-16,1974.0,0.0,SIMPEST
1974-03-17,1974.0,0.0,SIMPEST
1974-03-18,1974.0,0.0,SIMPEST
1974-03-19,1974.0,0.0,SIMPEST
1974-03-20,1974.0,0.0,SIMPEST
1974-03-21,1974.0,0.0,SIMPEST
1974-03-22,1974.0,0.0,SIMPEST
1974-03-23,1974.0,0.0,SIMPEST
1974-03-24,1974.0,0.0,SIMPEST
1974-03-25,1974.0,0.0,SIMPEST
1974-03-26,1974.0,0.0,SIMPEST
1974-03-27,1974.0,0.0,SIMPEST
1974-03-28,1974.0,0.0,SIMPEST
1974-03-29,1974.0,0.0,SIMPEST
1974-03-30,1974.0,0.0,SIMPEST
1974-03-31,1974.0,0.0,SIMPEST
1974-04-01,1974.0,0.0,SIMPEST
1974-04-02,1974.0,0.0,SIMPEST
1974-04-03,1974.0,0.0,SIMPEST
1974-04-04,1974.0,0.0,SIMPEST
1974-04-05,1974.0,0.0,SIMPEST
1974-04-06,1974.0,0.0,SIMPEST
1974-04-07,1974.0,0.0,SIMPEST
1974-04-08,1974.0,0.0,SIMPEST
1974-04-09,1974.0,0.0,SIMPEST
1974-04-10,1974.0,0.0,SIMPEST
1974-04-11,1974.0,0.0,SIMPEST
1974-04-12,1974.0,0.0,SIMPEST
1974-04-13,1974.0,0.0,SIMPEST
1974-04-14,1974.0,0.0,SIMPEST
1974-04-15,1974.0,0.0,SIMPEST
1974-04-16,1974.0,0.0,SIMPEST
1974-04-17,1974.0,0.0,SIMPEST
1974-04-18,1974.0,0.0,SIMPEST
1974-04-19,1974.0,0.0,SIMPEST
1974-04-20,1974.0,0.0193089279675763,SIMPEST
1974-04-21,1974.0,0.0508642067220642,SIMPEST
1974-04-22,1974.0,0.0698082169817852,SIMPEST
1974-04-23,1974.0,0.069924341873511,SIMPEST
1974-04-24,1974.0,0.0699757312653279,SIMPEST
1974-04-25,1974.0,0.0700565222387732,SIMPEST
1974-04-26,1974.0,0.0981713743891097,SIMPEST
1974-04-27,1974.0,0.148036136837994,SIMPEST
1974-04-28,1974.0,0.1487904748298525,SIMPEST
1974-04-29,1974.0,0.1487904748298525,SIMPEST
1974-04-30,1974.0,0.1920772729973599,SIMPEST
1974-05-01,1974.0,0.1920772729973599,SIMPEST
1974-05-02,1974.0,0.1920772729973599,SIMPEST
1974-05-03,1974.0,0.2240405956281407,SIMPEST
1974-05-04,1974.0,0.2240405956281407,SIMPEST
1974-05-05,1974.0,0.2240405956281407,SIMPEST
1974-05-06,1974.0,0.2240405956281407,SIMPEST
1974-05-07,1974.0,0.2240405956281407,SIMPEST
1974-05-08,1974.0,0.2783489142338359,SIMPEST
1974-05-09,1974.0,0.2783489142338359,SIMPEST
1974-05-10,1974.0,0.3284476726326597,SIMPEST
1974-05-11,1974.0,0.3284476726326597,SIMPEST
1974-05-12,1974.0,0.3284476726326597,SIMPEST
1974-05-13,1974.0,0.3284476726326597,SIMPEST
1974-05-14,1974.0,0.3284476726326597,SIMPEST
1974-05-15,1974.0,0.3738666066021636,SIMPEST
1974-05-16,1974.0,0.4144720129220898,SIMPEST
1974-05-17,1974.0,0.4144720129220898,SIMPEST
1974-05-18,1974.0,0.4144720129220898,SIMPEST
1974-05-19,1974.0,0.4545510644932935,SIMPEST
1974-05-20,1974.0,0.4910009267243164,SIMPEST
1974-05-21,1974.0,0.5198629854373482,SIMPEST
1974-05-22,1974.0,0.5198629854373482,SIMPEST
1974-05-23,1974.0,0.5333953320070342,SIMPEST
1974-05-24,1974.0,0.5333953320070342,SIMPEST
1974-05-25,1974.0,0.5333953320070342,SIMPEST
1974-05-26,1974.0,0.5484211308930337,SIMPEST
1974-05-27,1974.0,0.5484211308930336,SIMPEST
1974-05-28,1974.0,0.5722066254282128,SIMPEST
1974-05-29,1974.0,0.588458296585321,SIMPEST
1974-05-30,1974.0,0.6038430413610987,SIMPEST
1974-05-31,1974.0,0.6205869984898899,SIMPEST
1974-06-01,1974.0,0.6205869984898899,SIMPEST
1974-06-02,1974.0,0.6399986496766963,SIMPEST
1974-06-03,1974.0,0.6491854886723128,SIMPEST
1974-06-04,1974.0,0.6640571068329675,SIMPEST
1974-06-05,1974.0,0.6640571068329675,SIMPEST
1974-06-06,1974.0,0.6642210403313928,SIMPEST
1974-06-07,1974.0,0.6738026114085339,SIMPEST
1974-06-08,1974.0,0.6739461260772445,SIMPEST
1974-06-09,1974.0,0.6743066496032262,SIMPEST
1974-06-10,1974.0,0.6743066496032262,SIMPEST
1974-06-11,1974.0,0.6743066496032262,SIMPEST
1974-06-12,1974.0,0.6811276878073673,SIMPEST
1974-06-13,1974.0,0.6872671395229459,SIMPEST
1974-06-14,1974.0,0.6874766372449361,SIMPEST
1974-06-15,1974.0,0.6924930454675357,SIMPEST
1974-06-16,1974.0,0.6924930454675355,SIMPEST
1974-06-17,1974.0,0.6924930454675357,SIMPEST
1974-06-18,1974.0,0.6924930454675357,SIMPEST
1974-06-19,1974.0,0.6924930454675357,SIMPEST
1974-06-20,1974.0,0.6924930454675357,SIMPEST
1974-06-21,1974.0,0.6928893456177236,SIMPEST
1974-06-22,1974.0,0.6928893456177236,SIMPEST
1974-06-23,1974.0,0.6928893456177236,SIMPEST
1974-06-24,1974.0,0.6928893456177238,SIMPEST
1974-06-25,1974.0,0.6928893456177238,SIMPEST
1974-06-26,1974.0,0.6928893456177238,SIMPEST
1974-06-27,1974.0,0.6928893456177238,SIMPEST
1974-06-28,1974.0,0.6928893456177238,SIMPEST
1974-06-29,1974.0,0.6928893456177238,SIMPEST
1974-06-30,1974.0,0.6928893456177238,SIMPEST
1974-07-01,1974.0,0.6928893456177238,SIMPEST
1974-07-02,1974.0,0.6928893456177238,SIMPEST
1974-07-03,1974.0,0.6928893456177238,SIMPEST
1974-07-04,1974.0,0.6928893456177238,SIMPEST
1974-07-05,1974.0,0.6928893456177238,SIMPEST
1974-07-06,1974.0,0.6928893456177238,SIMPEST
1974-07-07,1974.0,0.6928893456177238,SIMPEST
,,,SIMPEST
,,,SIMPEST
,,,SIMPEST
,,,SIMPEST
,,,SIMPEST
,,,SIMPEST
,,,SIMPEST
,,,SIMPEST
,,,SIMPEST
,,,SIMPEST
,,,SIMPEST
,,,SIMPEST
,,,SIMPEST
,,,SIMPEST
,,,SIMPEST
,,,SIMPEST
,,,SIMPEST
,,,SIMPEST
,,,SIMPEST
,,,SIMPEST
,,,SIMPEST
,,,SIMPEST
,,,SIMPEST
,,,SIMPEST
,,,SIMPEST
,,,SIMPEST
,,,SIMPEST
,,,SIMPEST
,,,SIMPEST
,,,SIMPEST
,,,SIMPEST
,,,SIMPEST
,,,SIMPEST
,,,SIMPEST
,,,SIMPEST
,,,SIMPEST
,,,SIMPEST
,,,SIMPEST
,,,SIMPEST
,,,SIMPEST
,,,SIMPEST
,,,SIMPEST
,,,SIMPEST
,,,SIMPEST
,,,SIMPEST
,,,SIMPEST
,,,SIMPEST
,,,SIMPEST
,,,SIMPEST
,,,SIMPEST
,,,SIMPEST
,,,SIMPEST
,,,SIMPEST
,,,SIMPEST
,,,SIMPEST
,,,SIMPEST
,,,SIMPEST
,,,SIMPEST
,,,SIMPEST
,,,SIMPEST
,,,SIMPEST
,,,SIMPEST
,,,SIMPEST
,,,SIMPEST
,,,SIMPEST
,,,SIMPEST
,,,SIMPEST
,,,SIMPEST
,,,SIMPEST
,,,SIMPEST
,,,SIMPEST
,,,SIMPEST
,,,SIMPEST
,,,SIMPEST
,,,SIMPEST
,,,SIMPEST
,,,SIMPEST
,,,SIMPEST
,,,SIMPEST
,,,SIMPEST
,,,SIMPEST
,,,SIMPEST
,,,SIMPEST
,,,SIMPEST
,,,SIMPEST
,,,SIMPEST
1974-10-02,1974.0,0.0,SIMPEST
1974-10-03,1974.0,0.0,SIMPEST
1974-10-04,1974.0,0.0,SIMPEST
1974-10-05,1974.0,0.0,SIMPEST
1974-10-06,1974.0,0.0,SIMPEST
1974-10-07,1974.0,0.0,SIMPEST
1974-10-08,1974.0,0.0,SIMPEST
1974-10-09,1974.0,0.0,SIMPEST
1974-10-10,1974.0,0.0,SIMPEST
1974-10-11,1974.0,0.0,SIMPEST
1974-10-12,1974.0,0.0,SIMPEST
1974-10-13,1974.0,0.0,SIMPEST
1974-10-14,1974.0,0.0,SIMPEST
1974-10-15,1974.0,0.0,SIMPEST
1974-10-16,1974.0,0.0,SIMPEST
1974-10-17,1974.0,0.0,SIMPEST
1974-10-18,1974.0,0.0,SIMPEST
1974-10-19,1974.0,0.0,SIMPEST
1974-10-20,1974.0,0.0,SIMPEST
1974-10-21,1974.0,0.0,SIMPEST
1974-10-22,1974.0,0.0,SIMPEST
1974-10-23,1974.0,0.0,SIMPEST
1974-10-24,1974.0,0.0,SIMPEST
1974-10-25,1974.0,0.0,SIMPEST
1974-10-26,1974.0,0.0,SIMPEST
1974-10-27,1974.0,0.0,SIMPEST
1974-10-28,1974.0,0.0,SIMPEST
1974-10-29,1974.0,0.0,SIMPEST
1974-10-30,1974.0,0.0,SIMPEST
1974-10-31,1974.0,0.0,SIMPEST
1974-11-01,1974.0,0.0,SIMPEST
1974-11-02,1974.0,0.0,SIMPEST
1974-11-03,1974.0,0.0,SIMPEST
1974-11-04,1974.0,0.0,SIMPEST
1974-11-05,1974.0,0.0,SIMPEST
1974-11-06,1974.0,0.0,SIMPEST
1974-11-07,1974.0,0.0,SIMPEST
1974-11-08,1974.0,0.0,SIMPEST
1974-11-09,1974.0,0.0,SIMPEST
1974-11-10,1974.0,0.0,SIMPEST
1974-11-11,1974.0,0.0,SIMPEST
1974-11-12,1974.0,0.0,SIMPEST
1974-11-13,1974.0,0.0,SIMPEST
1974-11-14,1974.0,0.0,SIMPEST
1974-11-15,1974.0,0.0,SIMPEST
1974-11-16,1974.0,0.0,SIMPEST
1974-11-17,1974.0,0.0,SIMPEST
1974-11-18,1974.0,0.0,SIMPEST
1974-11-19,1974.0,0.0,SIMPEST
1974-11-20,1974.0,0.0,SIMPEST
1974-11-21,1974.0,0.0,SIMPEST
1974-11-22,1974.0,0.0,SIMPEST
1974-11-23,1974.0,0.0,SIMPEST
1974-11-24,1974.0,0.0,SIMPEST
1974-11-25,1974.0,0.0,SIMPEST
1974-11-26,1974.0,0.0,SIMPEST
1974-11-27,1974.0,0.0,SIMPEST
1974-11-28,1974.0,0.0,SIMPEST
1974-11-29,1974.0,0.0,SIMPEST
1974-11-30,1974.0,0.0,SIMPEST
1974-12-01,1974.0,0.0,SIMPEST
1974-12-02,1974.0,0.0,SIMPEST
1974-12-03,1974.0,0.0,SIMPEST
1974-12-04,1974.0,0.0,SIMPEST
1974-12-05,1974.0,0.0,SIMPEST
1974-12-06,1974.0,0.0,SIMPEST
1974-12-07,1974.0,0.0,SIMPEST
1974-12-08,1974.0,0.0,SIMPEST
1974-12-09,1974.0,0.0,SIMPEST
1974-12-10,1974.0,0.0,SIMPEST
1974-12-11,1974.0,0.0,SIMPEST
1974-12-12,1974.0,0.0,SIMPEST
1974-12-13,1974.0,0.0,SIMPEST
1974-12-14,1974.0,0.0,SIMPEST
1974-12-15,1974.0,0.0,SIMPEST
1974-12-16,1974.0,0.0,SIMPEST
1974-12-17,1974.0,0.0,SIMPEST
1974-12-18,1974.0,0.0,SIMPEST
1974-12-19,1974.0,0.0,SIMPEST
1974-12-20,1974.0,0.0,SIMPEST
1974-12-21,1974.0,0.0,SIMPEST
1974-12-22,1974.0,0.0,SIMPEST
1974-12-23,1974.0,0.0,SIMPEST
1974-12-24,1974.0,0.0,SIMPEST
1974-12-25,1974.0,0.0,SIMPEST
1974-12-26,1974.0,0.0,SIMPEST
1974-12-27,1974.0,0.0,SIMPEST
1974-12-28,1974.0,0.0,SIMPEST
1974-12-29,1974.0,0.0,SIMPEST
1974-12-30,1974.0,0.0,SIMPEST
1974-12-31,1974.0,0.0,SIMPEST
1975-01-01,1975.0,0.0,SIMPEST
1975-01-02,1975.0,0.0,SIMPEST
1975-01-03,1975.0,0.0,SIMPEST
1975-01-04,1975.0,0.0,SIMPEST
1975-01-05,1975.0,0.0,SIMPEST
1975-01-06,1975.0,0.0,SIMPEST
1975-01-07,1975.0,0.0,SIMPEST
1975-01-08,1975.0,0.0,SIMPEST
1975-01-09,1975.0,0.0,SIMPEST
1975-01-10,1975.0,0.0,SIMPEST
1975-01-11,1975.0,0.0,SIMPEST
1975-01-12,1975.0,0.0,SIMPEST
1975-01-13,1975.0,0.0,SIMPEST
1975-01-14,1975.0,0.0,SIMPEST
1975-01-15,1975.0,0.0,SIMPEST
1975-01-16,1975.0,0.0,SIMPEST
1975-01-17,1975.0,0.0,SIMPEST
1975-01-18,1975.0,0.0,SIMPEST
1975-01-19,1975.0,0.0,SIMPEST
1975-01-20,1975.0,0.0,SIMPEST
1975-01-21,1975.0,0.0,SIMPEST
1975-01-22,1975.0,0.0,SIMPEST
1975-01-23,1975.0,0.0,SIMPEST
1975-01-24,1975.0,0.0,SIMPEST
1975-01-25,1975.0,0.0,SIMPEST
1975-01-26,1975.0,0.0,SIMPEST
1975-01-27,1975.0,0.0,SIMPEST
1975-01-28,1975.0,0.0,SIMPEST
1975-01-29,1975.0,0.0,SIMPEST
1975-01-30,1975.0,0.0,SIMPEST
1975-01-31,1975.0,0.0,SIMPEST
1975-02-01,1975.0,0.0,SIMPEST
1975-02-02,1975.0,0.0,SIMPEST
1975-02-03,1975.0,0.0,SIMPEST
1975-02-04,1975.0,0.0,SIMPEST
1975-02-05,1975.0,0.0,SIMPEST
1975-02-06,1975.0,0.0,SIMPEST
1975-02-07,1975.0,0.0,SIMPEST
1975-02-08,1975.0,0.0,SIMPEST
1975-02-09,1975.0,0.0,SIMPEST
1975-02-10,1975.0,0.0,SIMPEST
1975-02-11,1975.0,0.0,SIMPEST
1975-02-12,1975.0,0.0,SIMPEST
1975-02-13,1975.0,0.0,SIMPEST
1975-02-14,1975.0,0.0,SIMPEST
1975-02-15,1975.0,0.0,SIMPEST
1975-02-16,1975.0,0.0,SIMPEST
1975-02-17,1975.0,0.0,SIMPEST
1975-02-18,1975.0,0.0,SIMPEST
1975-02-19,1975.0,0.0,SIMPEST
1975-02-20,1975.0,0.0,SIMPEST
1975-02-21,1975.0,0.0,SIMPEST
1975-02-22,1975.0,0.0,SIMPEST
1975-02-23,1975.0,0.0,SIMPEST
1975-02-24,1975.0,0.0,SIMPEST
1975-02-25,1975.0,0.0,SIMPEST
1975-02-26,1975.0,0.0,SIMPEST
1975-02-27,1975.0,0.0,SIMPEST
1975-02-28,1975.0,0.0,SIMPEST
1975-03-01,1975.0,0.0,SIMPEST
1975-03-02,1975.0,0.0,SIMPEST
1975-03-03,1975.0,0.0,SIMPEST
1975-03-04,1975.0,0.0,SIMPEST
1975-03-05,1975.0,0.0,SIMPEST
1975-03-06,1975.0,0.0,SIMPEST
1975-03-07,1975.0,0.0,SIMPEST
1975-03-08,1975.0,0.0,SIMPEST
1975-03-09,1975.0,0.0,SIMPEST
1975-03-10,1975.0,0.0,SIMPEST
1975-03-11,1975.0,0.0,SIMPEST
1975-03-12,1975.0,0.0,SIMPEST
1975-03-13,1975.0,0.0,SIMPEST
1975-03-14,1975.0,0.0,SIMPEST
1975-03-15,1975.0,0.0,SIMPEST
1975-03-16,1975.0,0.0,SIMPEST
1975-03-17,1975.0,0.0,SIMPEST
1975-03-18,1975.0,0.0,SIMPEST
1975-03-19,1975.0,0.0,SIMPEST
1975-03-20,1975.0,0.0,SIMPEST
1975-03-21,1975.0,0.0,SIMPEST
1975-03-22,1975.0,0.0,SIMPEST
1975-03-23,1975.0,0.0,SIMPEST
1975-03-24,1975.0,0.0,SIMPEST
1975-03-25,1975.0,0.0,SIMPEST
1975-03-26,1975.0,0.0,SIMPEST
1975-03-27,1975.0,0.0,SIMPEST
1975-03-28,1975.0,0.0,SIMPEST
1975-03-29,1975.0,0.0,SIMPEST
1975-03-30,1975.0,0.0,SIMPEST
1975-03-31,1975.0,0.0,SIMPEST
1975-04-01,1975.0,0.0,SIMPEST
1975-04-02,1975.0,0.0,SIMPEST
1975-04-03,1975.0,0.0,SIMPEST
1975-04-04,1975.0,0.0,SIMPEST
1975-04-05,1975.0,0.0,SIMPEST
1975-04-06,1975.0,0.0,SIMPEST
1975-04-07,1975.0,0.0,SIMPEST
1975-04-08,1975.0,0.0,SIMPEST
1975-04-09,1975.0,0.0,SIMPEST
1975-04-10,1975.0,0.0,SIMPEST
1975-04-11,1975.0,0.0,SIMPEST
1975-04-12,1975.0,0.0,SIMPEST
1975-04-13,1975.0,0.0,SIMPEST
1975-04-14,1975.0,0.0,SIMPEST
1975-04-15,1975.0,0.0,SIMPEST
1975-04-16,1975.0,0.0,SIMPEST
1975-04-17,1975.0,0.0,SIMPEST
1975-04-18,1975.0,0.0,SIMPEST
1975-04-19,1975.0,0.0,SIMPEST
1975-04-20,1975.0,0.0,SIMPEST
1975-04-21,1975.0,0.0,SIMPEST
1975-04-22,1975.0,0.0,SIMPEST
1975-04-23,1975.0,0.0,SIMPEST
1975-04-24,1975.0,0.0,SIMPEST
1975-04-25,1975.0,0.0,SIMPEST
1975-04-26,1975.0,0.0,SIMPEST
1975-04-27,1975.0,0.0,SIMPEST
1975-04-28,1975.0,0.0,SIMPEST
1975-04-29,1975.0,0.0,SIMPEST
1975-04-30,1975.0,0.0,SIMPEST
1975-05-01,1975.0,0.0,SIMPEST
1975-05-02,1975.0,0.0,SIMPEST
1975-05-03,1975.0,0.0,SIMPEST
1975-05-04,1975.0,0.0,SIMPEST
1975-05-05,1975.0,0.0,SIMPEST
1975-05-06,1975.0,0.0,SIMPEST
1975-05-07,1975.0,0.0,SIMPEST
1975-05-08,1975.0,0.0,SIMPEST
1975-05-09,1975.0,0.0,SIMPEST
1975-05-10,1975.0,0.0073525803191649,SIMPEST
1975-05-11,1975.0,0.0136419908507005,SIMPEST
1975-05-12,1975.0,0.0133715602817578,SIMPEST
1975-05-13,1975.0,0.0254315624509314,SIMPEST
1975-05-14,1975.0,0.0393565414929346,SIMPEST
1975-05-15,1975.0,0.0388207857648807,SIMPEST
1975-05-16,1975.0,0.0384549013076553,SIMPEST
1975-05-17,1975.0,0.0380618212198683,SIMPEST
1975-05-18,1975.0,0.0377646775128451,SIMPEST
1975-05-19,1975.0,0.0564471346505636,SIMPEST
1975-05-20,1975.0,0.0566654326195117,SIMPEST
1975-05-21,1975.0,0.0887377768551077,SIMPEST
1975-05-22,1975.0,0.0891270489337717,SIMPEST
1975-05-23,1975.0,0.0895352139582189,SIMPEST
1975-05-24,1975.0,0.0899745595039466,SIMPEST
1975-05-25,1975.0,0.0904426903099392,SIMPEST
1975-05-26,1975.0,0.0909360215214468,SIMPEST
1975-05-27,1975.0,0.0909360215214468,SIMPEST
1975-05-28,1975.0,0.152365012130972,SIMPEST
1975-05-29,1975.0,0.152365012130972,SIMPEST
1975-05-30,1975.0,0.152365012130972,SIMPEST
1975-05-31,1975.0,0.152365012130972,SIMPEST
1975-06-01,1975.0,0.152365012130972,SIMPEST
1975-06-02,1975.0,0.152365012130972,SIMPEST
1975-06-03,1975.0,0.152365012130972,SIMPEST
1975-06-04,1975.0,0.152365012130972,SIMPEST
1975-06-05,1975.0,0.1853490622625428,SIMPEST
1975-06-06,1975.0,0.2497870878520018,SIMPEST
1975-06-07,1975.0,0.2497870878520018,SIMPEST
1975-06-08,1975.0,0.2497870878520017,SIMPEST
1975-06-09,1975.0,0.2497870878520017,SIMPEST
1975-06-10,1975.0,0.3035913457422427,SIMPEST
1975-06-11,1975.0,0.3255925254222942,SIMPEST
1975-06-12,1975.0,0.3456529738640143,SIMPEST
1975-06-13,1975.0,0.3456529738640143,SIMPEST
1975-06-14,1975.0,0.3457645126696216,SIMPEST
1975-06-15,1975.0,0.394597579457053,SIMPEST
1975-06-16,1975.0,0.4369519832347496,SIMPEST
1975-06-17,1975.0,0.4372239742556765,SIMPEST
1975-06-18,1975.0,0.4374125543906901,SIMPEST
1975-06-19,1975.0,0.4374125543906901,SIMPEST
1975-06-20,1975.0,0.4374125543906901,SIMPEST
1975-06-21,1975.0,0.4719085564284844,SIMPEST
1975-06-22,1975.0,0.4841174953705039,SIMPEST
1975-06-23,1975.0,0.4841174953705039,SIMPEST
1975-06-24,1975.0,0.4841174953705039,SIMPEST
1975-06-25,1975.0,0.4841174953705039,SIMPEST
1975-06-26,1975.0,0.4841174953705039,SIMPEST
1975-06-27,1975.0,0.5148174710808435,SIMPEST
1975-06-28,1975.0,0.5244923932399128,SIMPEST
1975-06-29,1975.0,0.5246420993763177,SIMPEST
1975-06-30,1975.0,0.5329392126477113,SIMPEST
1975-07-01,1975.0,0.556066744273414,SIMPEST
1975-07-02,1975.0,0.556066744273414,SIMPEST
1975-07-03,1975.0,0.5739559938470359,SIMPEST
1975-07-04,1975.0,0.5739559938470359,SIMPEST
1975-07-05,1975.0,0.5739559938470359,SIMPEST
1975-07-06,1975.0,0.5785707573607016,SIMPEST
1975-07-07,1975.0,0.5785707573607016,SIMPEST
1975-07-08,1975.0,0.5866157037481167,SIMPEST
1975-07-09,1975.0,0.5903049145443307,SIMPEST
1975-07-10,1975.0,0.5968778596631945,SIMPEST
1975-07-11,1975.0,0.6021119677176662,SIMPEST
1975-07-12,1975.0,0.6021119677176662,SIMPEST
1975-07-13,1975.0,0.6021119677176661,SIMPEST
1975-07-14,1975.0,0.6029194572716003,SIMPEST
1975-07-15,1975.0,0.6029194572716003,SIMPEST
1975-07-16,1975.0,0.6029194572716003,SIMPEST
1975-07-17,1975.0,0.6029194572716003,SIMPEST
1975-07-18,1975.0,0.6029194572716003,SIMPEST
1975-07-19,1975.0,0.6029194572716003,SIMPEST
1975-07-20,1975.0,0.6029194572716003,SIMPEST
1975-07-21,1975.0,0.6029194572716003,SIMPEST
1975-07-22,1975.0,0.6029194572716003,SIMPEST
1975-07-23,1975.0,0.6029194572716003,SIMPEST
1975-07-24,1975.0,0.6029194572716003,SIMPEST
,,,SIMPEST
,,,SIMPEST
,,,SIMPEST
,,,SIMPEST
,,,SIMPEST
,,,SIMPEST
,,,SIMPEST
,,,SIMPEST
,,,SIMPEST
,,,SIMPEST
,,,SIMPEST
,,,SIMPEST
,,,SIMPEST
,,,SIMPEST
,,,SIMPEST
,,,SIMPEST
,,,SIMPEST
,,,SIMPEST
,,,SIMPEST
,,,SIMPEST
,,,SIMPEST
,,,SIMPEST
,,,SIMPEST
,,,SIMPEST
,,,SIMPEST
,,,SIMPEST
,,,SIMPEST
,,,SIMPEST
,,,SIMPEST
,,,SIMPEST
,,,SIMPEST
,,,SIMPEST
,,,SIMPEST
,,,SIMPEST
,,,SIMPEST
,,,SIMPEST
,,,SIMPEST
,,,SIMPEST
,,,SIMPEST
,,,SIMPEST
,,,SIMPEST
,,,SIMPEST
,,,SIMPEST
,,,SIMPEST
,,,SIMPEST
,,,SIMPEST
,,,SIMPEST
,,,SIMPEST
,,,SIMPEST
,,,SIMPEST
,,,SIMPEST
,,,SIMPEST
,,,SIMPEST
,,,SIMPEST
,,,SIMPEST
,,,SIMPEST
,,,SIMPEST
,,,SIMPEST
,,,SIMPEST
,,,SIMPEST
,,,SIMPEST
,,,SIMPEST
,,,SIMPEST
,,,SIMPEST
,,,SIMPEST
,,,SIMPEST
,,,SIMPEST
,,,SIMPEST
,,,SIMPEST
,,,SIMPEST
1975-10-03,1975.0,0.0,SIMPEST
1975-10-04,1975.0,0.0,SIMPEST
1975-10-05,1975.0,0.0,SIMPEST
1975-10-06,1975.0,0.0,SIMPEST
1975-10-07,1975.0,0.0,SIMPEST
1975-10-08,1975.0,0.0,SIMPEST
1975-10-09,1975.0,0.0,SIMPEST
1975-10-10,1975.0,0.0,SIMPEST
1975-10-11,1975.0,0.0,SIMPEST
1975-10-12,1975.0,0.0,SIMPEST
1975-10-13,1975.0,0.0,SIMPEST
1975-10-14,1975.0,0.0,SIMPEST
1975-10-15,1975.0,0.0,SIMPEST
1975-10-16,1975.0,0.0,SIMPEST
1975-10-17,1975.0,0.0,SIMPEST
1975-10-18,1975.0,0.0,SIMPEST
1975-10-19,1975.0,0.0,SIMPEST
1975-10-20,1975.0,0.0,SIMPEST
1975-10-21,1975.0,0.0,SIMPEST
1975-10-22,1975.0,0.0,SIMPEST
1975-10-23,1975.0,0.0,SIMPEST
1975-10-24,1975.0,0.0,SIMPEST
1975-10-25,1975.0,0.0,SIMPEST
1975-10-26,1975.0,0.0,SIMPEST
1975-10-27,1975.0,0.0,SIMPEST
1975-10-28,1975.0,0.0,SIMPEST
1975-10-29,1975.0,0.0,SIMPEST
1975-10-30,1975.0,0.0,SIMPEST
1975-10-31,1975.0,0.0,SIMPEST
1975-11-01,1975.0,0.0,SIMPEST
1975-11-02,1975.0,0.0,SIMPEST
1975-11-03,1975.0,0.0,SIMPEST
1975-11-04,1975.0,0.0,SIMPEST
1975-11-05,1975.0,0.0,SIMPEST
1975-11-06,1975.0,0.0,SIMPEST
1975-11-07,1975.0,0.0,SIMPEST
1975-11-08,1975.0,0.0,SIMPEST
1975-11-09,1975.0,0.0,SIMPEST
1975-11-10,1975.0,0.0,SIMPEST
1975-11-11,1975.0,0.0,SIMPEST
1975-11-12,1975.0,0.0,SIMPEST
1975-11-13,1975.0,0.0,SIMPEST
1975-11-14,1975.0,0.0,SIMPEST
1975-11-15,1975.0,0.0,SIMPEST
1975-11-16,1975.0,0.0,SIMPEST
1975-11-17,1975.0,0.0,SIMPEST
1975-11-18,1975.0,0.0,SIMPEST
1975-11-19,1975.0,0.0,SIMPEST
1975-11-20,1975.0,0.0,SIMPEST
1975-11-21,1975.0,0.0,SIMPEST
1975-11-22,1975.0,0.0,SIMPEST
1975-11-23,1975.0,0.0,SIMPEST
1975-11-24,1975.0,0.0,SIMPEST
1975-11-25,1975.0,0.0,SIMPEST
1975-11-26,1975.0,0.0,SIMPEST
1975-11-27,1975.0,0.0,SIMPEST
1975-11-28,1975.0,0.0,SIMPEST
1975-11-29,1975.0,0.0,SIMPEST
1975-11-30,1975.0,0.0,SIMPEST
1975-12-01,1975.0,0.0,SIMPEST
1975-12-02,1975.0,0.0,SIMPEST
1975-12-03,1975.0,0.0,SIMPEST
1975-12-04,1975.0,0.0,SIMPEST
1975-12-05,1975.0,0.0,SIMPEST
1975-12-06,1975.0,0.0,SIMPEST
1975-12-07,1975.0,0.0,SIMPEST
1975-12-08,1975.0,0.0,SIMPEST
1975-12-09,1975.0,0.0,SIMPEST
1975-12-10,1975.0,0.0,SIMPEST
1975-12-11,1975.0,0.0,SIMPEST
1975-12-12,1975.0,0.0,SIMPEST
1975-12-13,1975.0,0.0,SIMPEST
1975-12-14,1975.0,0.0,SIMPEST
1975-12-15,1975.0,0.0,SIMPEST
1975-12-16,1975.0,0.0,SIMPEST
1975-12-17,1975.0,0.0,SIMPEST
1975-12-18,1975.0,0.0,SIMPEST
1975-12-19,1975.0,0.0,SIMPEST
1975-12-20,1975.0,0.0,SIMPEST
1975-12-21,1975.0,0.0,SIMPEST
1975-12-22,1975.0,0.0,SIMPEST
1975-12-23,1975.0,0.0,SIMPEST
1975-12-24,1975.0,0.0,SIMPEST
1975-12-25,1975.0,0.0,SIMPEST
1975-12-26,1975.0,0.0,SIMPEST
1975-12-27,1975.0,0.0,SIMPEST
1975-12-28,1975.0,0.0,SIMPEST
1975-12-29,1975.0,0.0,SIMPEST
1975-12-30,1975.0,0.0,SIMPEST
1975-12-31,1975.0,0.0,SIMPEST
1976-01-01,1976.0,0.0,SIMPEST
1976-01-02,1976.0,0.0,SIMPEST
1976-01-03,1976.0,0.0,SIMPEST
1976-01-04,1976.0,0.0,SIMPEST
1976-01-05,1976.0,0.0,SIMPEST
1976-01-06,1976.0,0.0,SIMPEST
1976-01-07,1976.0,0.0,SIMPEST
1976-01-08,1976.0,0.0,SIMPEST
1976-01-09,1976.0,0.0,SIMPEST
1976-01-10,1976.0,0.0,SIMPEST
1976-01-11,1976.0,0.0,SIMPEST
1976-01-12,1976.0,0.0,SIMPEST
1976-01-13,1976.0,0.0,SIMPEST
1976-01-14,1976.0,0.0,SIMPEST
1976-01-15,1976.0,0.0,SIMPEST
1976-01-16,1976.0,0.0,SIMPEST
1976-01-17,1976.0,0.0,SIMPEST
1976-01-18,1976.0,0.0,SIMPEST
1976-01-19,1976.0,0.0,SIMPEST
1976-01-20,1976.0,0.0,SIMPEST
1976-01-21,1976.0,0.0,SIMPEST
1976-01-22,1976.0,0.0,SIMPEST
1976-01-23,1976.0,0.0,SIMPEST
1976-01-24,1976.0,0.0,SIMPEST
1976-01-25,1976.0,0.0,SIMPEST
1976-01-26,1976.0,0.0,SIMPEST
1976-01-27,1976.0,0.0,SIMPEST
1976-01-28,1976.0,0.0,SIMPEST
1976-01-29,1976.0,0.0,SIMPEST
1976-01-30,1976.0,0.0,SIMPEST
1976-01-31,1976.0,0.0,SIMPEST
1976-02-01,1976.0,0.0,SIMPEST
1976-02-02,1976.0,0.0,SIMPEST
1976-02-03,1976.0,0.0,SIMPEST
1976-02-04,1976.0,0.0,SIMPEST
1976-02-05,1976.0,0.0,SIMPEST
1976-02-06,1976.0,0.0,SIMPEST
1976-02-07,1976.0,0.0,SIMPEST
1976-02-08,1976.0,0.0,SIMPEST
1976-02-09,1976.0,0.0,SIMPEST
1976-02-10,1976.0,0.0,SIMPEST
1976-02-11,1976.0,0.0,SIMPEST
1976-02-12,1976.0,0.0,SIMPEST
1976-02-13,1976.0,0.0,SIMPEST
1976-02-14,1976.0,0.0,SIMPEST
1976-02-15,1976.0,0.0,SIMPEST
1976-02-16,1976.0,0.0,SIMPEST
1976-02-17,1976.0,0.0,SIMPEST
1976-02-18,1976.0,0.0,SIMPEST
1976-02-19,1976.0,0.0,SIMPEST
1976-02-20,1976.0,0.0,SIMPEST
1976-02-21,1976.0,0.0,SIMPEST
1976-02-22,1976.0,0.0,SIMPEST
1976-02-23,1976.0,0.0,SIMPEST
1976-02-24,1976.0,0.0,SIMPEST
1976-02-25,1976.0,0.0,SIMPEST
1976-02-26,1976.0,0.0,SIMPEST
1976-02-27,1976.0,0.0,SIMPEST
1976-02-28,1976.0,0.0,SIMPEST
1976-02-29,1976.0,0.0,SIMPEST
1976-03-01,1976.0,0.0,SIMPEST
1976-03-02,1976.0,0.0,SIMPEST
1976-03-03,1976.0,0.0,SIMPEST
1976-03-04,1976.0,0.0,SIMPEST
1976-03-05,1976.0,0.0,SIMPEST
1976-03-06,1976.0,0.0,SIMPEST
1976-03-07,1976.0,0.0,SIMPEST
1976-03-08,1976.0,0.0,SIMPEST
1976-03-09,1976.0,0.0,SIMPEST
1976-03-10,1976.0,0.0,SIMPEST
1976-03-11,1976.0,0.0,SIMPEST
1976-03-12,1976.0,0.0,SIMPEST
1976-03-13,1976.0,0.0,SIMPEST
1976-03-14,1976.0,0.0,SIMPEST
1976-03-15,1976.0,0.0,SIMPEST
1976-03-16,1976.0,0.0,SIMPEST
1976-03-17,1976.0,0.0,SIMPEST
1976-03-18,1976.0,0.0,SIMPEST
1976-03-19,1976.0,0.0,SIMPEST
1976-03-20,1976.0,0.0,SIMPEST
1976-03-21,1976.0,0.0,SIMPEST
1976-03-22,1976.0,0.0,SIMPEST
1976-03-23,1976.0,0.0,SIMPEST
1976-03-24,1976.0,0.0,SIMPEST
1976-03-25,1976.0,0.0,SIMPEST
1976-03-26,1976.0,0.0,SIMPEST
1976-03-27,1976.0,0.0,SIMPEST
1976-03-28,1976.0,0.0,SIMPEST
1976-03-29,1976.0,0.0,SIMPEST
1976-03-30,1976.0,0.0,SIMPEST
1976-03-31,1976.0,0.0,SIMPEST
1976-04-01,1976.0,0.0,SIMPEST
1976-04-02,1976.0,0.0,SIMPEST
1976-04-03,1976.0,0.0,SIMPEST
1976-04-04,1976.0,0.0,SIMPEST
1976-04-05,1976.0,0.0,SIMPEST
1976-04-06,1976.0,0.0,SIMPEST
1976-04-07,1976.0,0.0,SIMPEST
1976-04-08,1976.0,0.0,SIMPEST
1976-04-09,1976.0,0.0,SIMPEST
1976-04-10,1976.0,0.0,SIMPEST
1976-04-11,1976.0,0.0125504602229389,SIMPEST
1976-04-12,1976.0,0.0125523587954825,SIMPEST
1976-04-13,1976.0,0.0125615697410037,SIMPEST
1976-04-14,1976.0,0.0125902173168386,SIMPEST
1976-04-15,1976.0,0.0126376842965771,SIMPEST
1976-04-16,1976.0,0.0126897818477781,SIMPEST
1976-04-17,1976.0,0.0545163228492373,SIMPEST
1976-04-18,1976.0,0.0547608882056826,SIMPEST
1976-04-19,1976.0,0.1098149661745258,SIMPEST
1976-04-20,1976.0,0.1334054560238874,SIMPEST
1976-04-21,1976.0,0.1831346260907511,SIMPEST
1976-04-22,1976.0,0.1838914349757843,SIMPEST
1976-04-23,1976.0,0.2136286709443988,SIMPEST
1976-04-24,1976.0,0.2136286709443988,SIMPEST
1976-04-25,1976.0,0.2456224252826834,SIMPEST
1976-04-26,1976.0,0.2456224252826834,SIMPEST
1976-04-27,1976.0,0.2456224252826834,SIMPEST
1976-04-28,1976.0,0.2456224252826834,SIMPEST
1976-04-29,1976.0,0.2456224252826834,SIMPEST
1976-04-30,1976.0,0.2456224252826834,SIMPEST
1976-05-01,1976.0,0.2456224252826834,SIMPEST
1976-05-02,1976.0,0.2456224252826834,SIMPEST
1976-05-03,1976.0,0.2456224252826834,SIMPEST
1976-05-04,1976.0,0.2456224252826834,SIMPEST
1976-05-05,1976.0,0.2456224252826834,SIMPEST
1976-05-06,1976.0,0.2456224252826834,SIMPEST
1976-05-07,1976.0,0.2456224252826834,SIMPEST
1976-05-08,1976.0,0.2456224252826834,SIMPEST
1976-05-09,1976.0,0.2456224252826834,SIMPEST
1976-05-10,1976.0,0.2456224252826834,SIMPEST
1976-05-11,1976.0,0.270168108452729,SIMPEST
1976-05-12,1976.0,0.270168108452729,SIMPEST
1976-05-13,1976.0,0.2916795323855911,SIMPEST
1976-05-14,1976.0,0.2916795323855911,SIMPEST
1976-05-15,1976.0,0.2916795323855911,SIMPEST
1976-05-16,1976.0,0.3318441767842254,SIMPEST
1976-05-17,1976.0,0.3767054297686518,SIMPEST
1976-05-18,1976.0,0.3767054297686518,SIMPEST
1976-05-19,1976.0,0.3767054297686518,SIMPEST
1976-05-20,1976.0,0.376757014825452,SIMPEST
1976-05-21,1976.0,0.3928369463469687,SIMPEST
1976-05-22,1976.0,0.4135310526659141,SIMPEST
1976-05-23,1976.0,0.4135310526659141,SIMPEST
1976-05-24,1976.0,0.4136835064405861,SIMPEST
1976-05-25,1976.0,0.4136835064405861,SIMPEST
1976-05-26,1976.0,0.4136835064405861,SIMPEST
1976-05-27,1976.0,0.4398497050196197,SIMPEST
1976-05-28,1976.0,0.4398497050196197,SIMPEST
1976-05-29,1976.0,0.4398497050196197,SIMPEST
1976-05-30,1976.0,0.4398497050196197,SIMPEST
1976-05-31,1976.0,0.4633172919171849,SIMPEST
1976-06-01,1976.0,0.4910824694925702,SIMPEST
1976-06-02,1976.0,0.518368164761438,SIMPEST
1976-06-03,1976.0,0.526278391523226,SIMPEST
1976-06-04,1976.0,0.535104488783105,SIMPEST
1976-06-05,1976.0,0.535104488783105,SIMPEST
1976-06-06,1976.0,0.535104488783105,SIMPEST
1976-06-07,1976.0,0.5480872951408439,SIMPEST
1976-06-08,1976.0,0.5480872951408439,SIMPEST
1976-06-09,1976.0,0.5480872951408439,SIMPEST
1976-06-10,1976.0,0.5480872951408439,SIMPEST
1976-06-11,1976.0,0.548087295140844,SIMPEST
1976-06-12,1976.0,0.5611876994036267,SIMPEST
1976-06-13,1976.0,0.5612841342258945,SIMPEST
1976-06-14,1976.0,0.5612841342258945,SIMPEST
1976-06-15,1976.0,0.5614142024229737,SIMPEST
1976-06-16,1976.0,0.5729225938328785,SIMPEST
1976-06-17,1976.0,0.5785184801277597,SIMPEST
1976-06-18,1976.0,0.5818959655152556,SIMPEST
1976-06-19,1976.0,0.5818959655152556,SIMPEST
1976-06-20,1976.0,0.5818959655152556,SIMPEST
1976-06-21,1976.0,0.5818959655152556,SIMPEST
1976-06-22,1976.0,0.5818959655152556,SIMPEST
1976-06-23,1976.0,0.5818959655152557,SIMPEST
1976-06-24,1976.0,0.5818959655152557,SIMPEST
1976-06-25,1976.0,0.5818959655152557,SIMPEST
1976-06-26,1976.0,0.5818959655152557,SIMPEST
1976-06-27,1976.0,0.5818959655152556,SIMPEST
1976-06-28,1976.0,0.5818959655152556,SIMPEST
1976-06-29,1976.0,0.5820418962481213,SIMPEST
1976-06-30,1976.0,0.5820418962481213,SIMPEST
1976-07-01,1976.0,0.5820418962481214,SIMPEST
1976-07-02,1976.0,0.5820418962481214,SIMPEST
1976-07-03,1976.0,0.5820418962481214,SIMPEST
1976-07-04,1976.0,0.5820418962481214,SIMPEST
1976-07-05,1976.0,0.5820418962481214,SIMPEST
,,,SIMPEST
,,,SIMPEST
,,,SIMPEST
,,,SIMPEST
,,,SIMPEST
,,,SIMPEST
,,,SIMPEST
,,,SIMPEST
,,,SIMPEST
,,,SIMPEST
,,,SIMPEST
,,,SIMPEST
,,,SIMPEST
,,,SIMPEST
,,,SIMPEST
,,,SIMPEST
,,,SIMPEST
,,,SIMPEST
,,,SIMPEST
,,,SIMPEST
,,,SIMPEST
,,,SIMPEST
,,,SIMPEST
,,,SIMPEST
,,,SIMPEST
,,,SIMPEST
,,,SIMPEST
,,,SIMPEST
,,,SIMPEST
,,,SIMPEST
,,,SIMPEST
,,,SIMPEST
,,,SIMPEST
,,,SIMPEST
,,,SIMPEST
,,,SIMPEST
,,,SIMPEST
,,,SIMPEST
,,,SIMPEST
,,,SIMPEST
,,,SIMPEST
,,,SIMPEST
,,,SIMPEST
,,,SIMPEST
,,,SIMPEST
,,,SIMPEST
,,,SIMPEST
,,,SIMPEST
,,,SIMPEST
,,,SIMPEST
,,,SIMPEST
,,,SIMPEST
,,,SIMPEST
,,,SIMPEST
,,,SIMPEST
,,,SIMPEST
,,,SIMPEST
,,,SIMPEST
,,,SIMPEST
,,,SIMPEST
,,,SIMPEST
,,,SIMPEST
,,,SIMPEST
,,,SIMPEST
,,,SIMPEST
,,,SIMPEST
,,,SIMPEST
,,,SIMPEST
,,,SIMPEST
,,,SIMPEST
,,,SIMPEST
,,,SIMPEST
,,,SIMPEST
,,,SIMPEST
,,,SIMPEST
,,,SIMPEST
,,,SIMPEST
,,,SIMPEST
,,,SIMPEST
,,,SIMPEST
,,,SIMPEST
,,,SIMPEST
,,,SIMPEST
,,,SIMPEST
,,,SIMPEST
,,,SIMPEST
,,,SIMPEST
,,,SIMPEST
,,,SIMPEST
1976-10-03,1976.0,0.0,SIMPEST
1976-10-04,1976.0,0.0,SIMPEST
1976-10-05,1976.0,0.0,SIMPEST
1976-10-06,1976.0,0.0,SIMPEST
1976-10-07,1976.0,0.0,SIMPEST
1976-10-08,1976.0,0.0,SIMPEST
1976-10-09,1976.0,0.0,SIMPEST
1976-10-10,1976.0,0.0,SIMPEST
1976-10-11,1976.0,0.0,SIMPEST
1976-10-12,1976.0,0.0,SIMPEST
1976-10-13,1976.0,0.0,SIMPEST
1976-10-14,1976.0,0.0,SIMPEST
1976-10-15,1976.0,0.0,SIMPEST
1976-10-16,1976.0,0.0,SIMPEST
1976-10-17,1976.0,0.0,SIMPEST
1976-10-18,1976.0,0.0,SIMPEST
1976-10-19,1976.0,0.0,SIMPEST
1976-10-20,1976.0,0.0,SIMPEST
1976-10-21,1976.0,0.0,SIMPEST
1976-10-22,1976.0,0.0,SIMPEST
1976-10-23,1976.0,0.0,SIMPEST
1976-10-24,1976.0,0.0,SIMPEST
1976-10-25,1976.0,0.0,SIMPEST
1976-10-26,1976.0,0.0,SIMPEST
1976-10-27,1976.0,0.0,SIMPEST
1976-10-28,1976.0,0.0,SIMPEST
1976-10-29,1976.0,0.0,SIMPEST
1976-10-30,1976.0,0.0,SIMPEST
1976-10-31,1976.0,0.0,SIMPEST
1976-11-01,1976.0,0.0,SIMPEST
1976-11-02,1976.0,0.0,SIMPEST
1976-11-03,1976.0,0.0,SIMPEST
1976-11-04,1976.0,0.0,SIMPEST
1976-11-05,1976.0,0.0,SIMPEST
1976-11-06,1976.0,0.0,SIMPEST
1976-11-07,1976.0,0.0,SIMPEST
1976-11-08,1976.0,0.0,SIMPEST
1976-11-09,1976.0,0.0,SIMPEST
1976-11-10,1976.0,0.0,SIMPEST
1976-11-11,1976.0,0.0,SIMPEST
1976-11-12,1976.0,0.0,SIMPEST
1976-11-13,1976.0,0.0,SIMPEST
1976-11-14,1976.0,0.0,SIMPEST
1976-11-15,1976.0,0.0,SIMPEST
1976-11-16,1976.0,0.0,SIMPEST
1976-11-17,1976.0,0.0,SIMPEST
1976-11-18,1976.0,0.0,SIMPEST
1976-11-19,1976.0,0.0,SIMPEST
1976-11-20,1976.0,0.0,SIMPEST
1976-11-21,1976.0,0.0,SIMPEST
1976-11-22,1976.0,0.0,SIMPEST
1976-11-23,1976.0,0.0,SIMPEST
1976-11-24,1976.0,0.0,SIMPEST
1976-11-25,1976.0,0.0,SIMPEST
1976-11-26,1976.0,0.0,SIMPEST
1976-11-27,1976.0,0.0,SIMPEST
1976-11-28,1976.0,0.0,SIMPEST
1976-11-29,1976.0,0.0,SIMPEST
1976-11-30,1976.0,0.0,SIMPEST
1976-12-01,1976.0,0.0,SIMPEST
1976-12-02,1976.0,0.0,SIMPEST
1976-12-03,1976.0,0.0,SIMPEST
1976-12-04,1976.0,0.0,SIMPEST
1976-12-05,1976.0,0.0,SIMPEST
1976-12-06,1976.0,0.0,SIMPEST
1976-12-07,1976.0,0.0,SIMPEST
1976-12-08,1976.0,0.0,SIMPEST
1976-12-09,1976.0,0.0,SIMPEST
1976-12-10,1976.0,0.0,SIMPEST
1976-12-11,1976.0,0.0,SIMPEST
1976-12-12,1976.0,0.0,SIMPEST
1976-12-13,1976.0,0.0,SIMPEST
1976-12-14,1976.0,0.0,SIMPEST
1976-12-15,1976.0,0.0,SIMPEST
1976-12-16,1976.0,0.0,SIMPEST
1976-12-17,1976.0,0.0,SIMPEST
1976-12-18,1976.0,0.0,SIMPEST
1976-12-19,1976.0,0.0,SIMPEST
1976-12-20,1976.0,0.0,SIMPEST
1976-12-21,1976.0,0.0,SIMPEST
1976-12-22,1976.0,0.0,SIMPEST
1976-12-23,1976.0,0.0,SIMPEST
1976-12-24,1976.0,0.0,SIMPEST
1976-12-25,1976.0,0.0,SIMPEST
1976-12-26,1976.0,0.0,SIMPEST
1976-12-27,1976.0,0.0,SIMPEST
1976-12-28,1976.0,0.0,SIMPEST
1976-12-29,1976.0,0.0,SIMPEST
1976-12-30,1976.0,0.0,SIMPEST
1976-12-31,1976.0,0.0,SIMPEST
1977-01-01,1977.0,0.0,SIMPEST
1977-01-02,1977.0,0.0,SIMPEST
1977-01-03,1977.0,0.0,SIMPEST
1977-01-04,1977.0,0.0,SIMPEST
1977-01-05,1977.0,0.0,SIMPEST
1977-01-06,1977.0,0.0,SIMPEST
1977-01-07,1977.0,0.0,SIMPEST
1977-01-08,1977.0,0.0,SIMPEST
1977-01-09,1977.0,0.0,SIMPEST
1977-01-10,1977.0,0.0,SIMPEST
1977-01-11,1977.0,0.0,SIMPEST
1977-01-12,1977.0,0.0,SIMPEST
1977-01-13,1977.0,0.0,SIMPEST
1977-01-14,1977.0,0.0,SIMPEST
1977-01-15,1977.0,0.0,SIMPEST
1977-01-16,1977.0,0.0,SIMPEST
1977-01-17,1977.0,0.0,SIMPEST
1977-01-18,1977.0,0.0,SIMPEST
1977-01-19,1977.0,0.0,SIMPEST
1977-01-20,1977.0,0.0,SIMPEST
1977-01-21,1977.0,0.0,SIMPEST
1977-01-22,1977.0,0.0,SIMPEST
1977-01-23,1977.0,0.0,SIMPEST
1977-01-24,1977.0,0.0,SIMPEST
1977-01-25,1977.0,0.0,SIMPEST
1977-01-26,1977.0,0.0,SIMPEST
1977-01-27,1977.0,0.0,SIMPEST
1977-01-28,1977.0,0.0,SIMPEST
1977-01-29,1977.0,0.0,SIMPEST
1977-01-30,1977.0,0.0,SIMPEST
1977-01-31,1977.0,0.0,SIMPEST
1977-02-01,1977.0,0.0,SIMPEST
1977-02-02,1977.0,0.0,SIMPEST
1977-02-03,1977.0,0.0,SIMPEST
1977-02-04,1977.0,0.0,SIMPEST
1977-02-05,1977.0,0.0,SIMPEST
1977-02-06,1977.0,0.0,SIMPEST
1977-02-07,1977.0,0.0,SIMPEST
1977-02-08,1977.0,0.0,SIMPEST
1977-02-09,1977.0,0.0,SIMPEST
1977-02-10,1977.0,0.0,SIMPEST
1977-02-11,1977.0,0.0,SIMPEST
1977-02-12,1977.0,0.0,SIMPEST
1977-02-13,1977.0,0.0,SIMPEST
1977-02-14,1977.0,0.0,SIMPEST
1977-02-15,1977.0,0.0,SIMPEST
1977-02-16,1977.0,0.0,SIMPEST
1977-02-17,1977.0,0.0,SIMPEST
1977-02-18,1977.0,0.0,SIMPEST
1977-02-19,1977.0,0.0,SIMPEST
1977-02-20,1977.0,0.0,SIMPEST
1977-02-21,1977.0,0.0,SIMPEST
1977-02-22,1977.0,0.0,SIMPEST
1977-02-23,1977.0,0.0,SIMPEST
1977-02-24,1977.0,0.0,SIMPEST
1977-02-25,1977.0,0.0,SIMPEST
1977-02-26,1977.0,0.0,SIMPEST
1977-02-27,1977.0,0.0,SIMPEST
1977-02-28,1977.0,0.0,SIMPEST
1977-03-01,1977.0,0.0,SIMPEST
1977-03-02,1977.0,0.0,SIMPEST
1977-03-03,1977.0,0.0,SIMPEST
1977-03-04,1977.0,0.0,SIMPEST
1977-03-05,1977.0,0.0,SIMPEST
1977-03-06,1977.0,0.0,SIMPEST
1977-03-07,1977.0,0.0,SIMPEST
1977-03-08,1977.0,0.0,SIMPEST
1977-03-09,1977.0,0.0,SIMPEST
1977-03-10,1977.0,0.0,SIMPEST
1977-03-11,1977.0,0.0,SIMPEST
1977-03-12,1977.0,0.0,SIMPEST
1977-03-13,1977.0,0.0,SIMPEST
1977-03-14,1977.0,0.0,SIMPEST
1977-03-15,1977.0,0.0,SIMPEST
1977-03-16,1977.0,0.0,SIMPEST
1977-03-17,1977.0,0.0,SIMPEST
1977-03-18,1977.0,0.0,SIMPEST
1977-03-19,1977.0,0.0,SIMPEST
1977-03-20,1977.0,0.0,SIMPEST
1977-03-21,1977.0,0.0,SIMPEST
1977-03-22,1977.0,0.0,SIMPEST
1977-03-23,1977.0,0.0,SIMPEST
1977-03-24,1977.0,0.0,SIMPEST
1977-03-25,1977.0,0.0,SIMPEST
1977-03-26,1977.0,0.0,SIMPEST
1977-03-27,1977.0,0.0,SIMPEST
1977-03-28,1977.0,0.0,SIMPEST
1977-03-29,1977.0,0.0,SIMPEST
1977-03-30,1977.0,0.0,SIMPEST
1977-03-31,1977.0,0.0,SIMPEST
1977-04-01,1977.0,0.0,SIMPEST
1977-04-02,1977.0,0.0,SIMPEST
1977-04-03,1977.0,0.0,SIMPEST
1977-04-04,1977.0,0.0,SIMPEST
1977-04-05,1977.0,0.0,SIMPEST
1977-04-06,1977.0,0.0,SIMPEST
1977-04-07,1977.0,0.0,SIMPEST
1977-04-08,1977.0,0.0,SIMPEST
1977-04-09,1977.0,0.0,SIMPEST
1977-04-10,1977.0,0.0,SIMPEST
1977-04-11,1977.0,0.0,SIMPEST
1977-04-12,1977.0,0.0,SIMPEST
1977-04-13,1977.0,0.0,SIMPEST
1977-04-14,1977.0,0.0,SIMPEST
1977-04-15,1977.0,0.0,SIMPEST
1977-04-16,1977.0,0.0,SIMPEST
1977-04-17,1977.0,0.0,SIMPEST
1977-04-18,1977.0,0.0,SIMPEST
1977-04-19,1977.0,0.0,SIMPEST
1977-04-20,1977.0,0.0,SIMPEST
1977-04-21,1977.0,0.0,SIMPEST
1977-04-22,1977.0,0.0,SIMPEST
1977-04-23,1977.0,0.0,SIMPEST
1977-04-24,1977.0,0.0,SIMPEST
1977-04-25,1977.0,0.0,SIMPEST
1977-04-26,1977.0,0.0,SIMPEST
1977-04-27,1977.0,0.0,SIMPEST
1977-04-28,1977.0,0.0,SIMPEST
1977-04-29,1977.0,0.0,SIMPEST
1977-04-30,1977.0,0.0,SIMPEST
1977-05-01,1977.0,0.0,SIMPEST
1977-05-02,1977.0,0.0,SIMPEST
1977-05-03,1977.0,0.0,SIMPEST
1977-05-04,1977.0,0.0,SIMPEST
1977-05-05,1977.0,0.0,SIMPEST
1977-05-06,1977.0,0.0,SIMPEST
1977-05-07,1977.0,0.0,SIMPEST
1977-05-08,1977.0,0.0,SIMPEST
1977-05-09,1977.0,0.0,SIMPEST
1977-05-10,1977.0,0.0,SIMPEST
1977-05-11,1977.0,0.0175763416400431,SIMPEST
1977-05-12,1977.0,0.0176168883264377,SIMPEST
1977-05-13,1977.0,0.0454375420353494,SIMPEST
1977-05-14,1977.0,0.0769235274299388,SIMPEST
1977-05-15,1977.0,0.1023507666172002,SIMPEST
1977-05-16,1977.0,0.1027999543335749,SIMPEST
1977-05-17,1977.0,0.1422930853299766,SIMPEST
1977-05-18,1977.0,0.1430082067524413,SIMPEST
1977-05-19,1977.0,0.1437681640668844,SIMPEST
1977-05-20,1977.0,0.2021242866795834,SIMPEST
1977-05-21,1977.0,0.2637671516488464,SIMPEST
1977-05-22,1977.0,0.2637671516488464,SIMPEST
1977-05-23,1977.0,0.3211556515545486,SIMPEST
1977-05-24,1977.0,0.3779932223071666,SIMPEST
1977-05-25,1977.0,0.4043434248489768,SIMPEST
1977-05-26,1977.0,0.4043434248489768,SIMPEST
1977-05-27,1977.0,0.4043434248489768,SIMPEST
1977-05-28,1977.0,0.4043434248489768,SIMPEST
1977-05-29,1977.0,0.4043434248489768,SIMPEST
1977-05-30,1977.0,0.4043434248489768,SIMPEST
1977-05-31,1977.0,0.4043434248489768,SIMPEST
1977-06-01,1977.0,0.4043434248489768,SIMPEST
1977-06-02,1977.0,0.4043434248489768,SIMPEST
1977-06-03,1977.0,0.4043434248489768,SIMPEST
1977-06-04,1977.0,0.4043434248489768,SIMPEST
1977-06-05,1977.0,0.4044406625937579,SIMPEST
1977-06-06,1977.0,0.425546798677229,SIMPEST
1977-06-07,1977.0,0.425546798677229,SIMPEST
1977-06-08,1977.0,0.425546798677229,SIMPEST
1977-06-09,1977.0,0.425546798677229,SIMPEST
1977-06-10,1977.0,0.425546798677229,SIMPEST
1977-06-11,1977.0,0.425546798677229,SIMPEST
1977-06-12,1977.0,0.425546798677229,SIMPEST
1977-06-13,1977.0,0.425546798677229,SIMPEST
1977-06-14,1977.0,0.425546798677229,SIMPEST
1977-06-15,1977.0,0.425546798677229,SIMPEST
1977-06-16,1977.0,0.4381788568816783,SIMPEST
1977-06-17,1977.0,0.4524918648120252,SIMPEST
1977-06-18,1977.0,0.4524918648120252,SIMPEST
1977-06-19,1977.0,0.4524918648120252,SIMPEST
1977-06-20,1977.0,0.4524918648120252,SIMPEST
1977-06-21,1977.0,0.4528435042422441,SIMPEST
1977-06-22,1977.0,0.4666006494811245,SIMPEST
1977-06-23,1977.0,0.4895616299737305,SIMPEST
1977-06-24,1977.0,0.4897968514974878,SIMPEST
1977-06-25,1977.0,0.4897968514974878,SIMPEST
1977-06-26,1977.0,0.5081746344360288,SIMPEST
1977-06-27,1977.0,0.5179236426212052,SIMPEST
1977-06-28,1977.0,0.526294579475279,SIMPEST
1977-06-29,1977.0,0.526294579475279,SIMPEST
1977-06-30,1977.0,0.526294579475279,SIMPEST
1977-07-01,1977.0,0.526294579475279,SIMPEST
1977-07-02,1977.0,0.5264432672004786,SIMPEST
1977-07-03,1977.0,0.5317772746900313,SIMPEST
1977-07-04,1977.0,0.5317772746900313,SIMPEST
1977-07-05,1977.0,0.5317772746900313,SIMPEST
1977-07-06,1977.0,0.5317772746900313,SIMPEST
1977-07-07,1977.0,0.5317772746900313,SIMPEST
1977-07-08,1977.0,0.5317772746900313,SIMPEST
1977-07-09,1977.0,0.53523808785246,SIMPEST
1977-07-10,1977.0,0.53523808785246,SIMPEST
1977-07-11,1977.0,0.535252572727891,SIMPEST
1977-07-12,1977.0,0.5382119443432475,SIMPEST
1977-07-13,1977.0,0.5382119443432475,SIMPEST
1977-07-14,1977.0,0.5397654746403328,SIMPEST
1977-07-15,1977.0,0.5397654746403328,SIMPEST
1977-07-16,1977.0,0.5397731335400606,SIMPEST
1977-07-17,1977.0,0.5397731335400606,SIMPEST
1977-07-18,1977.0,0.5397740904916892,SIMPEST
,,,SIMPEST
,,,SIMPEST
,,,SIMPEST
,,,SIMPEST
,,,SIMPEST
,,,SIMPEST
,,,SIMPEST
,,,SIMPEST
,,,SIMPEST
,,,SIMPEST
,,,SIMPEST
,,,SIMPEST
,,,SIMPEST
,,,SIMPEST
,,,SIMPEST
,,,SIMPEST
,,,SIMPEST
,,,SIMPEST
,,,SIMPEST
,,,SIMPEST
,,,SIMPEST
,,,SIMPEST
,,,SIMPEST
,,,SIMPEST
,,,SIMPEST
,,,SIMPEST
,,,SIMPEST
,,,SIMPEST
,,,SIMPEST
,,,SIMPEST
,,,SIMPEST
,,,SIMPEST
,,,SIMPEST
,,,SIMPEST
,,,SIMPEST
,,,SIMPEST
,,,SIMPEST
,,,SIMPEST
,,,SIMPEST
,,,SIMPEST
,,,SIMPEST
,,,SIMPEST
,,,SIMPEST
,,,SIMPEST
,,,SIMPEST
,,,SIMPEST
,,,SIMPEST
,,,SIMPEST
,,,SIMPEST
,,,SIMPEST
,,,SIMPEST
,,,SIMPEST
,,,SIMPEST
,,,SIMPEST
,,,SIMPEST
,,,SIMPEST
,,,SIMPEST
,,,SIMPEST
,,,SIMPEST
,,,SIMPEST
,,,SIMPEST
,,,SIMPEST
,,,SIMPEST
,,,SIMPEST
,,,SIMPEST
,,,SIMPEST
,,,SIMPEST
,,,SIMPEST
,,,SIMPEST
,,,SIMPEST
,,,SIMPEST
,,,SIMPEST
,,,SIMPEST
,,,SIMPEST
,,,SIMPEST
,,,SIMPEST
,,,SIMPEST
,,,SIMPEST
,,,SIMPEST
,,,SIMPEST
,,,SIMPEST
,,,SIMPEST
,,,SIMPEST
,,,SIMPEST
,,,SIMPEST
,,,SIMPEST
1977-10-13,1977.0,0.0,SIMPEST
1977-10-14,1977.0,0.0,SIMPEST
1977-10-15,1977.0,0.0,SIMPEST
1977-10-16,1977.0,0.0,SIMPEST
1977-10-17,1977.0,0.0,SIMPEST
1977-10-18,1977.0,0.0,SIMPEST
1977-10-19,1977.0,0.0,SIMPEST
1977-10-20,1977.0,0.0,SIMPEST
1977-10-21,1977.0,0.0,SIMPEST
1977-10-22,1977.0,0.0,SIMPEST
1977-10-23,1977.0,0.0,SIMPEST
1977-10-24,1977.0,0.0,SIMPEST
1977-10-25,1977.0,0.0,SIMPEST
1977-10-26,1977.0,0.0,SIMPEST
1977-10-27,1977.0,0.0,SIMPEST
1977-10-28,1977.0,0.0,SIMPEST
1977-10-29,1977.0,0.0,SIMPEST
1977-10-30,1977.0,0.0,SIMPEST
1977-10-31,1977.0,0.0,SIMPEST
1977-11-01,1977.0,0.0,SIMPEST
1977-11-02,1977.0,0.0,SIMPEST
1977-11-03,1977.0,0.0,SIMPEST
1977-11-04,1977.0,0.0,SIMPEST
1977-11-05,1977.0,0.0,SIMPEST
1977-11-06,1977.0,0.0,SIMPEST
1977-11-07,1977.0,0.0,SIMPEST
1977-11-08,1977.0,0.0,SIMPEST
1977-11-09,1977.0,0.0,SIMPEST
1977-11-10,1977.0,0.0,SIMPEST
1977-11-11,1977.0,0.0,SIMPEST
1977-11-12,1977.0,0.0,SIMPEST
1977-11-13,1977.0,0.0,SIMPEST
1977-11-14,1977.0,0.0,SIMPEST
1977-11-15,1977.0,0.0,SIMPEST
1977-11-16,1977.0,0.0,SIMPEST
1977-11-17,1977.0,0.0,SIMPEST
1977-11-18,1977.0,0.0,SIMPEST
1977-11-19,1977.0,0.0,SIMPEST
1977-11-20,1977.0,0.0,SIMPEST
1977-11-21,1977.0,0.0,SIMPEST
1977-11-22,1977.0,0.0,SIMPEST
1977-11-23,1977.0,0.0,SIMPEST
1977-11-24,1977.0,0.0,SIMPEST
1977-11-25,1977.0,0.0,SIMPEST
1977-11-26,1977.0,0.0,SIMPEST
1977-11-27,1977.0,0.0,SIMPEST
1977-11-28,1977.0,0.0,SIMPEST
1977-11-29,1977.0,0.0,SIMPEST
1977-11-30,1977.0,0.0,SIMPEST
1977-12-01,1977.0,0.0,SIMPEST
1977-12-02,1977.0,0.0,SIMPEST
1977-12-03,1977.0,0.0,SIMPEST
1977-12-04,1977.0,0.0,SIMPEST
1977-12-05,1977.0,0.0,SIMPEST
1977-12-06,1977.0,0.0,SIMPEST
1977-12-07,1977.0,0.0,SIMPEST
1977-12-08,1977.0,0.0,SIMPEST
1977-12-09,1977.0,0.0,SIMPEST
1977-12-10,1977.0,0.0,SIMPEST
1977-12-11,1977.0,0.0,SIMPEST
1977-12-12,1977.0,0.0,SIMPEST
1977-12-13,1977.0,0.0,SIMPEST
1977-12-14,1977.0,0.0,SIMPEST
1977-12-15,1977.0,0.0,SIMPEST
1977-12-16,1977.0,0.0,SIMPEST
1977-12-17,1977.0,0.0,SIMPEST
1977-12-18,1977.0,0.0,SIMPEST
1977-12-19,1977.0,0.0,SIMPEST
1977-12-20,1977.0,0.0,SIMPEST
1977-12-21,1977.0,0.0,SIMPEST
1977-12-22,1977.0,0.0,SIMPEST
1977-12-23,1977.0,0.0,SIMPEST
1977-12-24,1977.0,0.0,SIMPEST
1977-12-25,1977.0,0.0,SIMPEST
1977-12-26,1977.0,0.0,SIMPEST
1977-12-27,1977.0,0.0,SIMPEST
1977-12-28,1977.0,0.0,SIMPEST
1977-12-29,1977.0,0.0,SIMPEST
1977-12-30,1977.0,0.0,SIMPEST
1977-12-31,1977.0,0.0,SIMPEST
1978-01-01,1978.0,0.0,SIMPEST
1978-01-02,1978.0,0.0,SIMPEST
1978-01-03,1978.0,0.0,SIMPEST
1978-01-04,1978.0,0.0,SIMPEST
1978-01-05,1978.0,0.0,SIMPEST
1978-01-06,1978.0,0.0,SIMPEST
1978-01-07,1978.0,0.0,SIMPEST
1978-01-08,1978.0,0.0,SIMPEST
1978-01-09,1978.0,0.0,SIMPEST
1978-01-10,1978.0,0.0,SIMPEST
1978-01-11,1978.0,0.0,SIMPEST
1978-01-12,1978.0,0.0,SIMPEST
1978-01-13,1978.0,0.0,SIMPEST
1978-01-14,1978.0,0.0,SIMPEST
1978-01-15,1978.0,0.0,SIMPEST
1978-01-16,1978.0,0.0,SIMPEST
1978-01-17,1978.0,0.0,SIMPEST
1978-01-18,1978.0,0.0,SIMPEST
1978-01-19,1978.0,0.0,SIMPEST
1978-01-20,1978.0,0.0,SIMPEST
1978-01-21,1978.0,0.0,SIMPEST
1978-01-22,1978.0,0.0,SIMPEST
1978-01-23,1978.0,0.0,SIMPEST
1978-01-24,1978.0,0.0,SIMPEST
1978-01-25,1978.0,0.0,SIMPEST
1978-01-26,1978.0,0.0,SIMPEST
1978-01-27,1978.0,0.0,SIMPEST
1978-01-28,1978.0,0.0,SIMPEST
1978-01-29,1978.0,0.0,SIMPEST
1978-01-30,1978.0,0.0,SIMPEST
1978-01-31,1978.0,0.0,SIMPEST
1978-02-01,1978.0,0.0,SIMPEST
1978-02-02,1978.0,0.0,SIMPEST
1978-02-03,1978.0,0.0,SIMPEST
1978-02-04,1978.0,0.0,SIMPEST
1978-02-05,1978.0,0.0,SIMPEST
1978-02-06,1978.0,0.0,SIMPEST
1978-02-07,1978.0,0.0,SIMPEST
1978-02-08,1978.0,0.0,SIMPEST
1978-02-09,1978.0,0.0,SIMPEST
1978-02-10,1978.0,0.0,SIMPEST
1978-02-11,1978.0,0.0,SIMPEST
1978-02-12,1978.0,0.0,SIMPEST
1978-02-13,1978.0,0.0,SIMPEST
1978-02-14,1978.0,0.0,SIMPEST
1978-02-15,1978.0,0.0,SIMPEST
1978-02-16,1978.0,0.0,SIMPEST
1978-02-17,1978.0,0.0,SIMPEST
1978-02-18,1978.0,0.0,SIMPEST
1978-02-19,1978.0,0.0,SIMPEST
1978-02-20,1978.0,0.0,SIMPEST
1978-02-21,1978.0,0.0,SIMPEST
1978-02-22,1978.0,0.0,SIMPEST
1978-02-23,1978.0,0.0,SIMPEST
1978-02-24,1978.0,0.0,SIMPEST
1978-02-25,1978.0,0.0,SIMPEST
1978-02-26,1978.0,0.0,SIMPEST
1978-02-27,1978.0,0.0,SIMPEST
1978-02-28,1978.0,0.0,SIMPEST
1978-03-01,1978.0,0.0,SIMPEST
1978-03-02,1978.0,0.0,SIMPEST
1978-03-03,1978.0,0.0,SIMPEST
1978-03-04,1978.0,0.0,SIMPEST
1978-03-05,1978.0,0.0,SIMPEST
1978-03-06,1978.0,0.0,SIMPEST
1978-03-07,1978.0,0.0,SIMPEST
1978-03-08,1978.0,0.0,SIMPEST
1978-03-09,1978.0,0.0,SIMPEST
1978-03-10,1978.0,0.0,SIMPEST
1978-03-11,1978.0,0.0,SIMPEST
1978-03-12,1978.0,0.0,SIMPEST
1978-03-13,1978.0,0.0,SIMPEST
1978-03-14,1978.0,0.0,SIMPEST
1978-03-15,1978.0,0.0,SIMPEST
1978-03-16,1978.0,0.0,SIMPEST
1978-03-17,1978.0,0.0,SIMPEST
1978-03-18,1978.0,0.0,SIMPEST
1978-03-19,1978.0,0.0,SIMPEST
1978-03-20,1978.0,0.0,SIMPEST
1978-03-21,1978.0,0.0,SIMPEST
1978-03-22,1978.0,0.0,SIMPEST
1978-03-23,1978.0,0.0,SIMPEST
1978-03-24,1978.0,0.0,SIMPEST
1978-03-25,1978.0,0.0,SIMPEST
1978-03-26,1978.0,0.0,SIMPEST
1978-03-27,1978.0,0.0,SIMPEST
1978-03-28,1978.0,0.0,SIMPEST
1978-03-29,1978.0,0.0,SIMPEST
1978-03-30,1978.0,0.0,SIMPEST
1978-03-31,1978.0,0.0,SIMPEST
1978-04-01,1978.0,0.0,SIMPEST
1978-04-02,1978.0,0.0,SIMPEST
1978-04-03,1978.0,0.0,SIMPEST
1978-04-04,1978.0,0.0,SIMPEST
1978-04-05,1978.0,0.0,SIMPEST
1978-04-06,1978.0,0.0,SIMPEST
1978-04-07,1978.0,0.0,SIMPEST
1978-04-08,1978.0,0.0,SIMPEST
1978-04-09,1978.0,0.0,SIMPEST
1978-04-10,1978.0,0.0,SIMPEST
1978-04-11,1978.0,0.0,SIMPEST
1978-04-12,1978.0,0.0,SIMPEST
1978-04-13,1978.0,0.0,SIMPEST
1978-04-14,1978.0,0.0,SIMPEST
1978-04-15,1978.0,0.0,SIMPEST
1978-04-16,1978.0,0.0,SIMPEST
1978-04-17,1978.0,0.0,SIMPEST
1978-04-18,1978.0,0.0,SIMPEST
1978-04-19,1978.0,0.0,SIMPEST
1978-04-20,1978.0,0.0,SIMPEST
1978-04-21,1978.0,0.0,SIMPEST
1978-04-22,1978.0,0.0,SIMPEST
1978-04-23,1978.0,0.0,SIMPEST
1978-04-24,1978.0,0.0,SIMPEST
1978-04-25,1978.0,0.0,SIMPEST
1978-04-26,1978.0,0.0,SIMPEST
1978-04-27,1978.0,0.0,SIMPEST
1978-04-28,1978.0,0.0,SIMPEST
1978-04-29,1978.0,0.0,SIMPEST
1978-04-30,1978.0,0.0,SIMPEST
1978-05-01,1978.0,0.0,SIMPEST
1978-05-02,1978.0,0.0,SIMPEST
1978-05-03,1978.0,0.0,SIMPEST
1978-05-04,1978.0,0.0,SIMPEST
1978-05-05,1978.0,0.0,SIMPEST
1978-05-06,1978.0,0.0,SIMPEST
1978-05-07,1978.0,0.0,SIMPEST
1978-05-08,1978.0,0.0,SIMPEST
1978-05-09,1978.0,0.0,SIMPEST
1978-05-10,1978.0,0.0,SIMPEST
1978-05-11,1978.0,0.0,SIMPEST
1978-05-12,1978.0,0.0,SIMPEST
1978-05-13,1978.0,0.0,SIMPEST
1978-05-14,1978.0,0.0,SIMPEST
1978-05-15,1978.0,0.0,SIMPEST
1978-05-16,1978.0,0.0054249368661429,SIMPEST
1978-05-17,1978.0,0.0052977638015829,SIMPEST
1978-05-18,1978.0,0.0090022252464299,SIMPEST
1978-05-19,1978.0,0.0087703949961441,SIMPEST
1978-05-20,1978.0,0.0160062863658778,SIMPEST
1978-05-21,1978.0,0.0157841006992894,SIMPEST
1978-05-22,1978.0,0.0156146681986093,SIMPEST
1978-05-23,1978.0,0.0224594509503467,SIMPEST
1978-05-24,1978.0,0.0221668977927136,SIMPEST
1978-05-25,1978.0,0.0219785084431555,SIMPEST
1978-05-26,1978.0,0.0367749496227057,SIMPEST
1978-05-27,1978.0,0.0369174312768123,SIMPEST
1978-05-28,1978.0,0.0370676965241618,SIMPEST
1978-05-29,1978.0,0.0774782028734805,SIMPEST
1978-05-30,1978.0,0.1269784422780209,SIMPEST
1978-05-31,1978.0,0.1618164997773044,SIMPEST
1978-06-01,1978.0,0.1626575355637763,SIMPEST
1978-06-02,1978.0,0.163493134296498,SIMPEST
1978-06-03,1978.0,0.1641906247096418,SIMPEST
1978-06-04,1978.0,0.1641906247096418,SIMPEST
1978-06-05,1978.0,0.2264988744788595,SIMPEST
1978-06-06,1978.0,0.2264988744788595,SIMPEST
1978-06-07,1978.0,0.2845335007184449,SIMPEST
1978-06-08,1978.0,0.3088904884411903,SIMPEST
1978-06-09,1978.0,0.3088904884411903,SIMPEST
1978-06-10,1978.0,0.3088904884411903,SIMPEST
1978-06-11,1978.0,0.3088904884411903,SIMPEST
1978-06-12,1978.0,0.3088904884411903,SIMPEST
1978-06-13,1978.0,0.329610343381768,SIMPEST
1978-06-14,1978.0,0.329610343381768,SIMPEST
1978-06-15,1978.0,0.3640600631315119,SIMPEST
1978-06-16,1978.0,0.3640600631315119,SIMPEST
1978-06-17,1978.0,0.3642197986066904,SIMPEST
1978-06-18,1978.0,0.4129679504910432,SIMPEST
1978-06-19,1978.0,0.4129679504910432,SIMPEST
1978-06-20,1978.0,0.4129679504910432,SIMPEST
1978-06-21,1978.0,0.4129679504910432,SIMPEST
1978-06-22,1978.0,0.4129679504910432,SIMPEST
1978-06-23,1978.0,0.4578066084342696,SIMPEST
1978-06-24,1978.0,0.4578066084342696,SIMPEST
1978-06-25,1978.0,0.4578066084342697,SIMPEST
1978-06-26,1978.0,0.4578066084342697,SIMPEST
1978-06-27,1978.0,0.4578066084342697,SIMPEST
1978-06-28,1978.0,0.4940469837530504,SIMPEST
1978-06-29,1978.0,0.4940469837530504,SIMPEST
1978-06-30,1978.0,0.4940469837530504,SIMPEST
1978-07-01,1978.0,0.5040315633068587,SIMPEST
1978-07-02,1978.0,0.5040315633068587,SIMPEST
1978-07-03,1978.0,0.5040315633068586,SIMPEST
1978-07-04,1978.0,0.528470497129377,SIMPEST
1978-07-05,1978.0,0.528470497129377,SIMPEST
1978-07-06,1978.0,0.528470497129377,SIMPEST
1978-07-07,1978.0,0.540599972914014,SIMPEST
1978-07-08,1978.0,0.540599972914014,SIMPEST
1978-07-09,1978.0,0.540599972914014,SIMPEST
1978-07-10,1978.0,0.540599972914014,SIMPEST
1978-07-11,1978.0,0.5487069208790475,SIMPEST
1978-07-12,1978.0,0.5590802232742138,SIMPEST
1978-07-13,1978.0,0.5684852085555933,SIMPEST
1978-07-14,1978.0,0.5686576804690848,SIMPEST
1978-07-15,1978.0,0.5686576804690848,SIMPEST
1978-07-16,1978.0,0.5763904066545218,SIMPEST
1978-07-17,1978.0,0.5835088606635878,SIMPEST
1978-07-18,1978.0,0.5871975250247998,SIMPEST
1978-07-19,1978.0,0.5871975250247998,SIMPEST
1978-07-20,1978.0,0.5871975250247998,SIMPEST
1978-07-21,1978.0,0.5871975250247998,SIMPEST
1978-07-22,1978.0,0.5871975250247998,SIMPEST
1978-07-23,1978.0,0.5871975250247998,SIMPEST
1978-07-24,1978.0,0.5879925183636387,SIMPEST
1978-07-25,1978.0,0.5880093684252667,SIMPEST
1978-07-26,1978.0,0.5880093684252667,SIMPEST
1978-07-27,1978.0,0.5880093684252667,SIMPEST
1978-07-28,1978.0,0.5880093684252667,SIMPEST
1978-07-29,1978.0,0.5880093684252667,SIMPEST
1978-07-30,1978.0,0.5880093684252667,SIMPEST
1978-07-31,1978.0,0.5880093684252667,SIMPEST
,,,SIMPEST
,,,SIMPEST
,,,SIMPEST
,,,SIMPEST
,,,SIMPEST
,,,SIMPEST
,,,SIMPEST
,,,SIMPEST
,,,SIMPEST
,,,SIMPEST
,,,SIMPEST
,,,SIMPEST
,,,SIMPEST
,,,SIMPEST
,,,SIMPEST
,,,SIMPEST
,,,SIMPEST
,,,SIMPEST
,,,SIMPEST
,,,SIMPEST
,,,SIMPEST
,,,SIMPEST
,,,SIMPEST
,,,SIMPEST
,,,SIMPEST
,,,SIMPEST
,,,SIMPEST
,,,SIMPEST
,,,SIMPEST
,,,SIMPEST
,,,SIMPEST
,,,SIMPEST
,,,SIMPEST
,,,SIMPEST
,,,SIMPEST
,,,SIMPEST
,,,SIMPEST
,,,SIMPEST
,,,SIMPEST
,,,SIMPEST
,,,SIMPEST
,,,SIMPEST
,,,SIMPEST
,,,SIMPEST
,,,SIMPEST
,,,SIMPEST
,,,SIMPEST
,,,SIMPEST
,,,SIMPEST
,,,SIMPEST
,,,SIMPEST
,,,SIMPEST
,,,SIMPEST
,,,SIMPEST
,,,SIMPEST
,,,SIMPEST
,,,SIMPEST
,,,SIMPEST
1978-09-28,1978.0,0.0,SIMPEST
1978-09-29,1978.0,0.0,SIMPEST
1978-09-30,1978.0,0.0,SIMPEST
1978-10-01,1978.0,0.0,SIMPEST
1978-10-02,1978.0,0.0,SIMPEST
1978-10-03,1978.0,0.0,SIMPEST
1978-10-04,1978.0,0.0,SIMPEST
1978-10-05,1978.0,0.0,SIMPEST
1978-10-06,1978.0,0.0,SIMPEST
1978-10-07,1978.0,0.0,SIMPEST
1978-10-08,1978.0,0.0,SIMPEST
1978-10-09,1978.0,0.0,SIMPEST
1978-10-10,1978.0,0.0,SIMPEST
1978-10-11,1978.0,0.0,SIMPEST
1978-10-12,1978.0,0.0,SIMPEST
1978-10-13,1978.0,0.0,SIMPEST
1978-10-14,1978.0,0.0,SIMPEST
1978-10-15,1978.0,0.0,SIMPEST
1978-10-16,1978.0,0.0,SIMPEST
1978-10-17,1978.0,0.0,SIMPEST
1978-10-18,1978.0,0.0,SIMPEST
1978-10-19,1978.0,0.0,SIMPEST
1978-10-20,1978.0,0.0,SIMPEST
1978-10-21,1978.0,0.0,SIMPEST
1978-10-22,1978.0,0.0,SIMPEST
1978-10-23,1978.0,0.0,SIMPEST
1978-10-24,1978.0,0.0,SIMPEST
1978-10-25,1978.0,0.0,SIMPEST
1978-10-26,1978.0,0.0,SIMPEST
1978-10-27,1978.0,0.0,SIMPEST
1978-10-28,1978.0,0.0,SIMPEST
1978-10-29,1978.0,0.0,SIMPEST
1978-10-30,1978.0,0.0,SIMPEST
1978-10-31,1978.0,0.0,SIMPEST
1978-11-01,1978.0,0.0,SIMPEST
1978-11-02,1978.0,0.0,SIMPEST
1978-11-03,1978.0,0.0,SIMPEST
1978-11-04,1978.0,0.0,SIMPEST
1978-11-05,1978.0,0.0,SIMPEST
1978-11-06,1978.0,0.0,SIMPEST
1978-11-07,1978.0,0.0,SIMPEST
1978-11-08,1978.0,0.0,SIMPEST
1978-11-09,1978.0,0.0,SIMPEST
1978-11-10,1978.0,0.0,SIMPEST
1978-11-11,1978.0,0.0,SIMPEST
1978-11-12,1978.0,0.0,SIMPEST
1978-11-13,1978.0,0.0,SIMPEST
1978-11-14,1978.0,0.0,SIMPEST
1978-11-15,1978.0,0.0,SIMPEST
1978-11-16,1978.0,0.0,SIMPEST
1978-11-17,1978.0,0.0,SIMPEST
1978-11-18,1978.0,0.0,SIMPEST
1978-11-19,1978.0,0.0,SIMPEST
1978-11-20,1978.0,0.0,SIMPEST
1978-11-21,1978.0,0.0,SIMPEST
1978-11-22,1978.0,0.0,SIMPEST
1978-11-23,1978.0,0.0,SIMPEST
1978-11-24,1978.0,0.0,SIMPEST
1978-11-25,1978.0,0.0,SIMPEST
1978-11-26,1978.0,0.0,SIMPEST
1978-11-27,1978.0,0.0,SIMPEST
1978-11-28,1978.0,0.0,SIMPEST
1978-11-29,1978.0,0.0,SIMPEST
1978-11-30,1978.0,0.0,SIMPEST
1978-12-01,1978.0,0.0,SIMPEST
1978-12-02,1978.0,0.0,SIMPEST
1978-12-03,1978.0,0.0,SIMPEST
1978-12-04,1978.0,0.0,SIMPEST
1978-12-05,1978.0,0.0,SIMPEST
1978-12-06,1978.0,0.0,SIMPEST
1978-12-07,1978.0,0.0,SIMPEST
1978-12-08,1978.0,0.0,SIMPEST
1978-12-09,1978.0,0.0,SIMPEST
1978-12-10,1978.0,0.0,SIMPEST
1978-12-11,1978.0,0.0,SIMPEST
1978-12-12,1978.0,0.0,SIMPEST
1978-12-13,1978.0,0.0,SIMPEST
1978-12-14,1978.0,0.0,SIMPEST
1978-12-15,1978.0,0.0,SIMPEST
1978-12-16,1978.0,0.0,SIMPEST
1978-12-17,1978.0,0.0,SIMPEST
1978-12-18,1978.0,0.0,SIMPEST
1978-12-19,1978.0,0.0,SIMPEST
1978-12-20,1978.0,0.0,SIMPEST
1978-12-21,1978.0,0.0,SIMPEST
1978-12-22,1978.0,0.0,SIMPEST
1978-12-23,1978.0,0.0,SIMPEST
1978-12-24,1978.0,0.0,SIMPEST
1978-12-25,1978.0,0.0,SIMPEST
1978-12-26,1978.0,0.0,SIMPEST
1978-12-27,1978.0,0.0,SIMPEST
1978-12-28,1978.0,0.0,SIMPEST
1978-12-29,1978.0,0.0,SIMPEST
1978-12-30,1978.0,0.0,SIMPEST
1978-12-31,1978.0,0.0,SIMPEST
1979-01-01,1979.0,0.0,SIMPEST
1979-01-02,1979.0,0.0,SIMPEST
1979-01-03,1979.0,0.0,SIMPEST
1979-01-04,1979.0,0.0,SIMPEST
1979-01-05,1979.0,0.0,SIMPEST
1979-01-06,1979.0,0.0,SIMPEST
1979-01-07,1979.0,0.0,SIMPEST
1979-01-08,1979.0,0.0,SIMPEST
1979-01-09,1979.0,0.0,SIMPEST
1979-01-10,1979.0,0.0,SIMPEST
1979-01-11,1979.0,0.0,SIMPEST
1979-01-12,1979.0,0.0,SIMPEST
1979-01-13,1979.0,0.0,SIMPEST
1979-01-14,1979.0,0.0,SIMPEST
1979-01-15,1979.0,0.0,SIMPEST
1979-01-16,1979.0,0.0,SIMPEST
1979-01-17,1979.0,0.0,SIMPEST
1979-01-18,1979.0,0.0,SIMPEST
1979-01-19,1979.0,0.0,SIMPEST
1979-01-20,1979.0,0.0,SIMPEST
1979-01-21,1979.0,0.0,SIMPEST
1979-01-22,1979.0,0.0,SIMPEST
1979-01-23,1979.0,0.0,SIMPEST
1979-01-24,1979.0,0.0,SIMPEST
1979-01-25,1979.0,0.0,SIMPEST
1979-01-26,1979.0,0.0,SIMPEST
1979-01-27,1979.0,0.0,SIMPEST
1979-01-28,1979.0,0.0,SIMPEST
1979-01-29,1979.0,0.0,SIMPEST
1979-01-30,1979.0,0.0,SIMPEST
1979-01-31,1979.0,0.0,SIMPEST
1979-02-01,1979.0,0.0,SIMPEST
1979-02-02,1979.0,0.0,SIMPEST
1979-02-03,1979.0,0.0,SIMPEST
1979-02-04,1979.0,0.0,SIMPEST
1979-02-05,1979.0,0.0,SIMPEST
1979-02-06,1979.0,0.0,SIMPEST
1979-02-07,1979.0,0.0,SIMPEST
1979-02-08,1979.0,0.0,SIMPEST
1979-02-09,1979.0,0.0,SIMPEST
1979-02-10,1979.0,0.0,SIMPEST
1979-02-11,1979.0,0.0,SIMPEST
1979-02-12,1979.0,0.0,SIMPEST
1979-02-13,1979.0,0.0,SIMPEST
1979-02-14,1979.0,0.0,SIMPEST
1979-02-15,1979.0,0.0,SIMPEST
1979-02-16,1979.0,0.0,SIMPEST
1979-02-17,1979.0,0.0,SIMPEST
1979-02-18,1979.0,0.0,SIMPEST
1979-02-19,1979.0,0.0,SIMPEST
1979-02-20,1979.0,0.0,SIMPEST
1979-02-21,1979.0,0.0,SIMPEST
1979-02-22,1979.0,0.0,SIMPEST
1979-02-23,1979.0,0.0,SIMPEST
1979-02-24,1979.0,0.0,SIMPEST
1979-02-25,1979.0,0.0,SIMPEST
1979-02-26,1979.0,0.0,SIMPEST
1979-02-27,1979.0,0.0,SIMPEST
1979-02-28,1979.0,0.0,SIMPEST
1979-03-01,1979.0,0.0,SIMPEST
1979-03-02,1979.0,0.0,SIMPEST
1979-03-03,1979.0,0.0,SIMPEST
1979-03-04,1979.0,0.0,SIMPEST
1979-03-05,1979.0,0.0,SIMPEST
1979-03-06,1979.0,0.0,SIMPEST
1979-03-07,1979.0,0.0,SIMPEST
1979-03-08,1979.0,0.0,SIMPEST
1979-03-09,1979.0,0.0,SIMPEST
1979-03-10,1979.0,0.0,SIMPEST
1979-03-11,1979.0,0.0,SIMPEST
1979-03-12,1979.0,0.0,SIMPEST
1979-03-13,1979.0,0.0,SIMPEST
1979-03-14,1979.0,0.0,SIMPEST
1979-03-15,1979.0,0.0,SIMPEST
1979-03-16,1979.0,0.0,SIMPEST
1979-03-17,1979.0,0.0,SIMPEST
1979-03-18,1979.0,0.0,SIMPEST
1979-03-19,1979.0,0.0,SIMPEST
1979-03-20,1979.0,0.0,SIMPEST
1979-03-21,1979.0,0.0,SIMPEST
1979-03-22,1979.0,0.0,SIMPEST
1979-03-23,1979.0,0.0,SIMPEST
1979-03-24,1979.0,0.0,SIMPEST
1979-03-25,1979.0,0.0,SIMPEST
1979-03-26,1979.0,0.0,SIMPEST
1979-03-27,1979.0,0.0,SIMPEST
1979-03-28,1979.0,0.0,SIMPEST
1979-03-29,1979.0,0.0,SIMPEST
1979-03-30,1979.0,0.0,SIMPEST
1979-03-31,1979.0,0.0,SIMPEST
1979-04-01,1979.0,0.0,SIMPEST
1979-04-02,1979.0,0.0,SIMPEST
1979-04-03,1979.0,0.0,SIMPEST
1979-04-04,1979.0,0.0,SIMPEST
1979-04-05,1979.0,0.0,SIMPEST
1979-04-06,1979.0,0.0,SIMPEST
1979-04-07,1979.0,0.0,SIMPEST
1979-04-08,1979.0,0.0,SIMPEST
1979-04-09,1979.0,0.0,SIMPEST
1979-04-10,1979.0,0.0,SIMPEST
1979-04-11,1979.0,0.0,SIMPEST
1979-04-12,1979.0,0.0,SIMPEST
1979-04-13,1979.0,0.0,SIMPEST
1979-04-14,1979.0,0.0,SIMPEST
1979-04-15,1979.0,0.0,SIMPEST
1979-04-16,1979.0,0.0,SIMPEST
1979-04-17,1979.0,0.0,SIMPEST
1979-04-18,1979.0,0.0,SIMPEST
1979-04-19,1979.0,0.0,SIMPEST
1979-04-20,1979.0,0.0,SIMPEST
1979-04-21,1979.0,0.0,SIMPEST
1979-04-22,1979.0,0.0,SIMPEST
1979-04-23,1979.0,0.0,SIMPEST
1979-04-24,1979.0,0.0,SIMPEST
1979-04-25,1979.0,0.0,SIMPEST
1979-04-26,1979.0,0.0,SIMPEST
1979-04-27,1979.0,0.0,SIMPEST
1979-04-28,1979.0,0.0,SIMPEST
1979-04-29,1979.0,0.0,SIMPEST
1979-04-30,1979.0,0.0,SIMPEST
1979-05-01,1979.0,0.0,SIMPEST
1979-05-02,1979.0,0.0,SIMPEST
1979-05-03,1979.0,0.0,SIMPEST
1979-05-04,1979.0,0.0,SIMPEST
1979-05-05,1979.0,0.0,SIMPEST
1979-05-06,1979.0,0.0,SIMPEST
1979-05-07,1979.0,0.0297844393675921,SIMPEST
1979-05-08,1979.0,0.0378673303389911,SIMPEST
1979-05-09,1979.0,0.0377578292101801,SIMPEST
1979-05-10,1979.0,0.0644132473526798,SIMPEST
1979-05-11,1979.0,0.0646712804333881,SIMPEST
1979-05-12,1979.0,0.0648381398368107,SIMPEST
1979-05-13,1979.0,0.064969016420446,SIMPEST
1979-05-14,1979.0,0.0920393037739606,SIMPEST
1979-05-15,1979.0,0.0923062327475592,SIMPEST
1979-05-16,1979.0,0.0925214392176929,SIMPEST
1979-05-17,1979.0,0.1305475016025869,SIMPEST
1979-05-18,1979.0,0.1868057141018111,SIMPEST
1979-05-19,1979.0,0.2283260971602119,SIMPEST
1979-05-20,1979.0,0.2293414379060846,SIMPEST
1979-05-21,1979.0,0.2293414379060846,SIMPEST
1979-05-22,1979.0,0.2735913055047008,SIMPEST
1979-05-23,1979.0,0.2735913055047008,SIMPEST
1979-05-24,1979.0,0.2735913055047008,SIMPEST
1979-05-25,1979.0,0.2735913055047008,SIMPEST
1979-05-26,1979.0,0.2735913055047008,SIMPEST
1979-05-27,1979.0,0.2735913055047008,SIMPEST
1979-05-28,1979.0,0.2971447383977395,SIMPEST
1979-05-29,1979.0,0.3201048644549168,SIMPEST
1979-05-30,1979.0,0.3564467100857261,SIMPEST
1979-05-31,1979.0,0.3963989933070838,SIMPEST
1979-06-01,1979.0,0.3964484869092195,SIMPEST
1979-06-02,1979.0,0.3964484869092195,SIMPEST
1979-06-03,1979.0,0.3964484869092195,SIMPEST
1979-06-04,1979.0,0.3964484869092195,SIMPEST
1979-06-05,1979.0,0.4158018216068201,SIMPEST
1979-06-06,1979.0,0.4158018216068201,SIMPEST
1979-06-07,1979.0,0.4158018216068202,SIMPEST
1979-06-08,1979.0,0.4158018216068202,SIMPEST
1979-06-09,1979.0,0.4158018216068201,SIMPEST
1979-06-10,1979.0,0.4318625007209716,SIMPEST
1979-06-11,1979.0,0.4318625007209716,SIMPEST
1979-06-12,1979.0,0.4319382680999518,SIMPEST
1979-06-13,1979.0,0.4319382680999518,SIMPEST
1979-06-14,1979.0,0.4319382680999518,SIMPEST
1979-06-15,1979.0,0.4449704778730178,SIMPEST
1979-06-16,1979.0,0.4650783248450193,SIMPEST
1979-06-17,1979.0,0.4650783248450193,SIMPEST
1979-06-18,1979.0,0.4650783248450193,SIMPEST
1979-06-19,1979.0,0.4650783248450193,SIMPEST
1979-06-20,1979.0,0.4658119832541633,SIMPEST
1979-06-21,1979.0,0.492241288228417,SIMPEST
1979-06-22,1979.0,0.5185988898718248,SIMPEST
1979-06-23,1979.0,0.5272654260473787,SIMPEST
1979-06-24,1979.0,0.5276127835373388,SIMPEST
1979-06-25,1979.0,0.5276127835373388,SIMPEST
1979-06-26,1979.0,0.5276127835373388,SIMPEST
1979-06-27,1979.0,0.5276127835373388,SIMPEST
1979-06-28,1979.0,0.5341296407317313,SIMPEST
1979-06-29,1979.0,0.5341296407317313,SIMPEST
1979-06-30,1979.0,0.5341296407317313,SIMPEST
1979-07-01,1979.0,0.5341296407317313,SIMPEST
1979-07-02,1979.0,0.5342829902331877,SIMPEST
1979-07-03,1979.0,0.5453437211883226,SIMPEST
1979-07-04,1979.0,0.5543922192216273,SIMPEST
1979-07-05,1979.0,0.5614849946231255,SIMPEST
1979-07-06,1979.0,0.5682133113592449,SIMPEST
1979-07-07,1979.0,0.5701395666691869,SIMPEST
1979-07-08,1979.0,0.5701395666691869,SIMPEST
1979-07-09,1979.0,0.5701395666691869,SIMPEST
1979-07-10,1979.0,0.5701395666691869,SIMPEST
1979-07-11,1979.0,0.5701395666691869,SIMPEST
1979-07-12,1979.0,0.5701395666691869,SIMPEST
1979-07-13,1979.0,0.5701395666691869,SIMPEST
1979-07-14,1979.0,0.5707540668300196,SIMPEST
1979-07-15,1979.0,0.5707540668300196,SIMPEST
1979-07-16,1979.0,0.5707540668300196,SIMPEST
1979-07-17,1979.0,0.5707540668300196,SIMPEST
1979-07-18,1979.0,0.5707540668300196,SIMPEST
1979-07-19,1979.0,0.5707540668300196,SIMPEST
1979-07-20,1979.0,0.5707540668300197,SIMPEST
,,,SIMPEST
,,,SIMPEST
,,,SIMPEST
,,,SIMPEST
,,,SIMPEST
,,,SIMPEST
,,,SIMPEST
,,,SIMPEST
,,,SIMPEST
,,,SIMPEST
,,,SIMPEST
,,,SIMPEST
,,,SIMPEST
,,,SIMPEST
,,,SIMPEST
,,,SIMPEST
,,,SIMPEST
,,,SIMPEST
,,,SIMPEST
,,,SIMPEST
,,,SIMPEST
,,,SIMPEST
,,,SIMPEST
,,,SIMPEST
,,,SIMPEST
,,,SIMPEST
,,,SIMPEST
,,,SIMPEST
,,,SIMPEST
,,,SIMPEST
,,,SIMPEST
,,,SIMPEST
,,,SIMPEST
,,,SIMPEST
,,,SIMPEST
,,,SIMPEST
,,,SIMPEST
,,,SIMPEST
,,,SIMPEST
,,,SIMPEST
,,,SIMPEST
,,,SIMPEST
,,,SIMPEST
,,,SIMPEST
,,,SIMPEST
,,,SIMPEST
,,,SIMPEST
,,,SIMPEST
,,,SIMPEST
,,,SIMPEST
,,,SIMPEST
,,,SIMPEST
,,,SIMPEST
,,,SIMPEST
,,,SIMPEST
,,,SIMPEST
,,,SIMPEST
,,,SIMPEST
,,,SIMPEST
,,,SIMPEST
,,,SIMPEST
,,,SIMPEST
,,,SIMPEST
,,,SIMPEST
,,,SIMPEST
,,,SIMPEST
,,,SIMPEST
,,,SIMPEST
,,,SIMPEST
,,,SIMPEST
,,,SIMPEST
,,,SIMPEST
,,,SIMPEST
,,,SIMPEST
,,,SIMPEST
,,,SIMPEST
1979-10-05,1979.0,0.0,SIMPEST
1979-10-06,1979.0,0.0,SIMPEST
1979-10-07,1979.0,0.0,SIMPEST
1979-10-08,1979.0,0.0,SIMPEST
1979-10-09,1979.0,0.0,SIMPEST
1979-10-10,1979.0,0.0,SIMPEST
1979-10-11,1979.0,0.0,SIMPEST
1979-10-12,1979.0,0.0,SIMPEST
1979-10-13,1979.0,0.0,SIMPEST
1979-10-14,1979.0,0.0,SIMPEST
1979-10-15,1979.0,0.0,SIMPEST
1979-10-16,1979.0,0.0,SIMPEST
1979-10-17,1979.0,0.0,SIMPEST
1979-10-18,1979.0,0.0,SIMPEST
1979-10-19,1979.0,0.0,SIMPEST
1979-10-20,1979.0,0.0,SIMPEST
1979-10-21,1979.0,0.0,SIMPEST
1979-10-22,1979.0,0.0,SIMPEST
1979-10-23,1979.0,0.0,SIMPEST
1979-10-24,1979.0,0.0,SIMPEST
1979-10-25,1979.0,0.0,SIMPEST
1979-10-26,1979.0,0.0,SIMPEST
1979-10-27,1979.0,0.0,SIMPEST
1979-10-28,1979.0,0.0,SIMPEST
1979-10-29,1979.0,0.0,SIMPEST
1979-10-30,1979.0,0.0,SIMPEST
1979-10-31,1979.0,0.0,SIMPEST
1979-11-01,1979.0,0.0,SIMPEST
1979-11-02,1979.0,0.0,SIMPEST
1979-11-03,1979.0,0.0,SIMPEST
1979-11-04,1979.0,0.0,SIMPEST
1979-11-05,1979.0,0.0,SIMPEST
1979-11-06,1979.0,0.0,SIMPEST
1979-11-07,1979.0,0.0,SIMPEST
1979-11-08,1979.0,0.0,SIMPEST
1979-11-09,1979.0,0.0,SIMPEST
1979-11-10,1979.0,0.0,SIMPEST
1979-11-11,1979.0,0.0,SIMPEST
1979-11-12,1979.0,0.0,SIMPEST
1979-11-13,1979.0,0.0,SIMPEST
1979-11-14,1979.0,0.0,SIMPEST
1979-11-15,1979.0,0.0,SIMPEST
1979-11-16,1979.0,0.0,SIMPEST
1979-11-17,1979.0,0.0,SIMPEST
1979-11-18,1979.0,0.0,SIMPEST
1979-11-19,1979.0,0.0,SIMPEST
1979-11-20,1979.0,0.0,SIMPEST
1979-11-21,1979.0,0.0,SIMPEST
1979-11-22,1979.0,0.0,SIMPEST
1979-11-23,1979.0,0.0,SIMPEST
1979-11-24,1979.0,0.0,SIMPEST
1979-11-25,1979.0,0.0,SIMPEST
1979-11-26,1979.0,0.0,SIMPEST
1979-11-27,1979.0,0.0,SIMPEST
1979-11-28,1979.0,0.0,SIMPEST
1979-11-29,1979.0,0.0,SIMPEST
1979-11-30,1979.0,0.0,SIMPEST
1979-12-01,1979.0,0.0,SIMPEST
1979-12-02,1979.0,0.0,SIMPEST
1979-12-03,1979.0,0.0,SIMPEST
1979-12-04,1979.0,0.0,SIMPEST
1979-12-05,1979.0,0.0,SIMPEST
1979-12-06,1979.0,0.0,SIMPEST
1979-12-07,1979.0,0.0,SIMPEST
1979-12-08,1979.0,0.0,SIMPEST
1979-12-09,1979.0,0.0,SIMPEST
1979-12-10,1979.0,0.0,SIMPEST
1979-12-11,1979.0,0.0,SIMPEST
1979-12-12,1979.0,0.0,SIMPEST
1979-12-13,1979.0,0.0,SIMPEST
1979-12-14,1979.0,0.0,SIMPEST
1979-12-15,1979.0,0.0,SIMPEST
1979-12-16,1979.0,0.0,SIMPEST
1979-12-17,1979.0,0.0,SIMPEST
1979-12-18,1979.0,0.0,SIMPEST
1979-12-19,1979.0,0.0,SIMPEST
1979-12-20,1979.0,0.0,SIMPEST
1979-12-21,1979.0,0.0,SIMPEST
1979-12-22,1979.0,0.0,SIMPEST
1979-12-23,1979.0,0.0,SIMPEST
1979-12-24,1979.0,0.0,SIMPEST
1979-12-25,1979.0,0.0,SIMPEST
1979-12-26,1979.0,0.0,SIMPEST
1979-12-27,1979.0,0.0,SIMPEST
1979-12-28,1979.0,0.0,SIMPEST
1979-12-29,1979.0,0.0,SIMPEST
1979-12-30,1979.0,0.0,SIMPEST
1979-12-31,1979.0,0.0,SIMPEST
1980-01-01,1980.0,0.0,SIMPEST
1980-01-02,1980.0,0.0,SIMPEST
1980-01-03,1980.0,0.0,SIMPEST
1980-01-04,1980.0,0.0,SIMPEST
1980-01-05,1980.0,0.0,SIMPEST
1980-01-06,1980.0,0.0,SIMPEST
1980-01-07,1980.0,0.0,SIMPEST
1980-01-08,1980.0,0.0,SIMPEST
1980-01-09,1980.0,0.0,SIMPEST
1980-01-10,1980.0,0.0,SIMPEST
1980-01-11,1980.0,0.0,SIMPEST
1980-01-12,1980.0,0.0,SIMPEST
1980-01-13,1980.0,0.0,SIMPEST
1980-01-14,1980.0,0.0,SIMPEST
1980-01-15,1980.0,0.0,SIMPEST
1980-01-16,1980.0,0.0,SIMPEST
1980-01-17,1980.0,0.0,SIMPEST
1980-01-18,1980.0,0.0,SIMPEST
1980-01-19,1980.0,0.0,SIMPEST
1980-01-20,1980.0,0.0,SIMPEST
1980-01-21,1980.0,0.0,SIMPEST
1980-01-22,1980.0,0.0,SIMPEST
1980-01-23,1980.0,0.0,SIMPEST
1980-01-24,1980.0,0.0,SIMPEST
1980-01-25,1980.0,0.0,SIMPEST
1980-01-26,1980.0,0.0,SIMPEST
1980-01-27,1980.0,0.0,SIMPEST
1980-01-28,1980.0,0.0,SIMPEST
1980-01-29,1980.0,0.0,SIMPEST
1980-01-30,1980.0,0.0,SIMPEST
1980-01-31,1980.0,0.0,SIMPEST
1980-02-01,1980.0,0.0,SIMPEST
1980-02-02,1980.0,0.0,SIMPEST
1980-02-03,1980.0,0.0,SIMPEST
1980-02-04,1980.0,0.0,SIMPEST
1980-02-05,1980.0,0.0,SIMPEST
1980-02-06,1980.0,0.0,SIMPEST
1980-02-07,1980.0,0.0,SIMPEST
1980-02-08,1980.0,0.0,SIMPEST
1980-02-09,1980.0,0.0,SIMPEST
1980-02-10,1980.0,0.0,SIMPEST
1980-02-11,1980.0,0.0,SIMPEST
1980-02-12,1980.0,0.0,SIMPEST
1980-02-13,1980.0,0.0,SIMPEST
1980-02-14,1980.0,0.0,SIMPEST
1980-02-15,1980.0,0.0,SIMPEST
1980-02-16,1980.0,0.0,SIMPEST
1980-02-17,1980.0,0.0,SIMPEST
1980-02-18,1980.0,0.0,SIMPEST
1980-02-19,1980.0,0.0,SIMPEST
1980-02-20,1980.0,0.0,SIMPEST
1980-02-21,1980.0,0.0,SIMPEST
1980-02-22,1980.0,0.0,SIMPEST
1980-02-23,1980.0,0.0,SIMPEST
1980-02-24,1980.0,0.0,SIMPEST
1980-02-25,1980.0,0.0,SIMPEST
1980-02-26,1980.0,0.0,SIMPEST
1980-02-27,1980.0,0.0,SIMPEST
1980-02-28,1980.0,0.0,SIMPEST
1980-02-29,1980.0,0.0,SIMPEST
1980-03-01,1980.0,0.0,SIMPEST
1980-03-02,1980.0,0.0,SIMPEST
1980-03-03,1980.0,0.0,SIMPEST
1980-03-04,1980.0,0.0,SIMPEST
1980-03-05,1980.0,0.0,SIMPEST
1980-03-06,1980.0,0.0,SIMPEST
1980-03-07,1980.0,0.0,SIMPEST
1980-03-08,1980.0,0.0,SIMPEST
1980-03-09,1980.0,0.0,SIMPEST
1980-03-10,1980.0,0.0,SIMPEST
1980-03-11,1980.0,0.0,SIMPEST
1980-03-12,1980.0,0.0,SIMPEST
1980-03-13,1980.0,0.0,SIMPEST
1980-03-14,1980.0,0.0,SIMPEST
1980-03-15,1980.0,0.0,SIMPEST
1980-03-16,1980.0,0.0,SIMPEST
1980-03-17,1980.0,0.0,SIMPEST
1980-03-18,1980.0,0.0,SIMPEST
1980-03-19,1980.0,0.0,SIMPEST
1980-03-20,1980.0,0.0,SIMPEST
1980-03-21,1980.0,0.0,SIMPEST
1980-03-22,1980.0,0.0,SIMPEST
1980-03-23,1980.0,0.0,SIMPEST
1980-03-24,1980.0,0.0,SIMPEST
1980-03-25,1980.0,0.0,SIMPEST
1980-03-26,1980.0,0.0,SIMPEST
1980-03-27,1980.0,0.0,SIMPEST
1980-03-28,1980.0,0.0,SIMPEST
1980-03-29,1980.0,0.0,SIMPEST
1980-03-30,1980.0,0.0,SIMPEST
1980-03-31,1980.0,0.0,SIMPEST
1980-04-01,1980.0,0.0,SIMPEST
1980-04-02,1980.0,0.0,SIMPEST
1980-04-03,1980.0,0.0,SIMPEST
1980-04-04,1980.0,0.0,SIMPEST
1980-04-05,1980.0,0.0,SIMPEST
1980-04-06,1980.0,0.0,SIMPEST
1980-04-07,1980.0,0.0,SIMPEST
1980-04-08,1980.0,0.0,SIMPEST
1980-04-09,1980.0,0.0,SIMPEST
1980-04-10,1980.0,0.0,SIMPEST
1980-04-11,1980.0,0.0,SIMPEST
1980-04-12,1980.0,0.0,SIMPEST
1980-04-13,1980.0,0.0,SIMPEST
1980-04-14,1980.0,0.0,SIMPEST
1980-04-15,1980.0,0.0,SIMPEST
1980-04-16,1980.0,0.0,SIMPEST
1980-04-17,1980.0,0.0,SIMPEST
1980-04-18,1980.0,0.0,SIMPEST
1980-04-19,1980.0,0.0,SIMPEST
1980-04-20,1980.0,0.0,SIMPEST
1980-04-21,1980.0,0.0,SIMPEST
1980-04-22,1980.0,0.0,SIMPEST
1980-04-23,1980.0,0.0,SIMPEST
1980-04-24,1980.0,0.0,SIMPEST
1980-04-25,1980.0,0.0,SIMPEST
1980-04-26,1980.0,0.0,SIMPEST
1980-04-27,1980.0,0.0,SIMPEST
1980-04-28,1980.0,0.0,SIMPEST
1980-04-29,1980.0,0.0,SIMPEST
1980-04-30,1980.0,0.0,SIMPEST
1980-05-01,1980.0,0.0,SIMPEST
1980-05-02,1980.0,0.0,SIMPEST
1980-05-03,1980.0,0.0,SIMPEST
1980-05-04,1980.0,0.0,SIMPEST
1980-05-05,1980.0,0.0,SIMPEST
1980-05-06,1980.0,0.0,SIMPEST
1980-05-07,1980.0,0.0,SIMPEST
1980-05-08,1980.0,0.0,SIMPEST
1980-05-09,1980.0,0.0,SIMPEST
1980-05-10,1980.0,0.0,SIMPEST
1980-05-11,1980.0,0.0,SIMPEST
1980-05-12,1980.0,0.0,SIMPEST
1980-05-13,1980.0,0.0,SIMPEST
1980-05-14,1980.0,0.0,SIMPEST
1980-05-15,1980.0,0.0,SIMPEST
1980-05-16,1980.0,0.0,SIMPEST
1980-05-17,1980.0,0.0,SIMPEST
1980-05-18,1980.0,0.0,SIMPEST
1980-05-19,1980.0,0.0,SIMPEST
1980-05-20,1980.0,0.0,SIMPEST
1980-05-21,1980.0,0.0,SIMPEST
1980-05-22,1980.0,0.0,SIMPEST
1980-05-23,1980.0,0.0,SIMPEST
1980-05-24,1980.0,0.0,SIMPEST
1980-05-25,1980.0,0.0,SIMPEST
1980-05-26,1980.0,0.0,SIMPEST
1980-05-27,1980.0,0.0,SIMPEST
1980-05-28,1980.0,0.0601263522665818,SIMPEST
1980-05-29,1980.0,0.1095591683524951,SIMPEST
1980-05-30,1980.0,0.1735171542903161,SIMPEST
1980-05-31,1980.0,0.1735171542903161,SIMPEST
1980-06-01,1980.0,0.1735171542903161,SIMPEST
1980-06-02,1980.0,0.2884226944226374,SIMPEST
1980-06-03,1980.0,0.2884226944226374,SIMPEST
1980-06-04,1980.0,0.2884226944226374,SIMPEST
1980-06-05,1980.0,0.2884226944226374,SIMPEST
1980-06-06,1980.0,0.2884226944226374,SIMPEST
1980-06-07,1980.0,0.3493913041289399,SIMPEST
1980-06-08,1980.0,0.4016967791492087,SIMPEST
1980-06-09,1980.0,0.4016967791492087,SIMPEST
1980-06-10,1980.0,0.4016967791492087,SIMPEST
1980-06-11,1980.0,0.4016967791492087,SIMPEST
1980-06-12,1980.0,0.4016967791492087,SIMPEST
1980-06-13,1980.0,0.4016967791492087,SIMPEST
1980-06-14,1980.0,0.4016967791492087,SIMPEST
1980-06-15,1980.0,0.4286549901125935,SIMPEST
1980-06-16,1980.0,0.4522544568098182,SIMPEST
1980-06-17,1980.0,0.4946833029120314,SIMPEST
1980-06-18,1980.0,0.4946833029120314,SIMPEST
1980-06-19,1980.0,0.5329810201984604,SIMPEST
1980-06-20,1980.0,0.5685420724948965,SIMPEST
1980-06-21,1980.0,0.5685420724948965,SIMPEST
1980-06-22,1980.0,0.5685420724948965,SIMPEST
1980-06-23,1980.0,0.5794042602980245,SIMPEST
1980-06-24,1980.0,0.6043262235160891,SIMPEST
1980-06-25,1980.0,0.6044745659287478,SIMPEST
1980-06-26,1980.0,0.6046732361534792,SIMPEST
1980-06-27,1980.0,0.6046732361534792,SIMPEST
1980-06-28,1980.0,0.6046732361534792,SIMPEST
1980-06-29,1980.0,0.6046732361534792,SIMPEST
1980-06-30,1980.0,0.6117684687965164,SIMPEST
1980-07-01,1980.0,0.6318027529381476,SIMPEST
1980-07-02,1980.0,0.6463147924467307,SIMPEST
1980-07-03,1980.0,0.6463147924467307,SIMPEST
1980-07-04,1980.0,0.6463147924467307,SIMPEST
1980-07-05,1980.0,0.6466931893188586,SIMPEST
1980-07-06,1980.0,0.6466931893188586,SIMPEST
1980-07-07,1980.0,0.6466931893188586,SIMPEST
1980-07-08,1980.0,0.6466931893188586,SIMPEST
1980-07-09,1980.0,0.6575678217477029,SIMPEST
1980-07-10,1980.0,0.6676984382455298,SIMPEST
1980-07-11,1980.0,0.6676984382455298,SIMPEST
1980-07-12,1980.0,0.6676984382455298,SIMPEST
1980-07-13,1980.0,0.6676984382455298,SIMPEST
1980-07-14,1980.0,0.6676984382455299,SIMPEST
1980-07-15,1980.0,0.6696963197281502,SIMPEST
1980-07-16,1980.0,0.6711587393682608,SIMPEST
1980-07-17,1980.0,0.6719693745411383,SIMPEST
1980-07-18,1980.0,0.6719693745411383,SIMPEST
1980-07-19,1980.0,0.6719693745411383,SIMPEST
1980-07-20,1980.0,0.67227181706297,SIMPEST
1980-07-21,1980.0,0.67227181706297,SIMPEST
1980-07-22,1980.0,0.67227181706297,SIMPEST
1980-07-23,1980.0,0.67227181706297,SIMPEST
1980-07-24,1980.0,0.67227181706297,SIMPEST
1980-07-25,1980.0,0.67227181706297,SIMPEST
1980-07-26,1980.0,0.6722718170629701,SIMPEST
1980-07-27,1980.0,0.6722718170629701,SIMPEST
1980-07-28,1980.0,0.6722718170629701,SIMPEST
1980-07-29,1980.0,0.6722718170629701,SIMPEST
1980-07-30,1980.0,0.6722718170629701,SIMPEST
,,,SIMPEST
,,,SIMPEST
,,,SIMPEST
,,,SIMPEST
,,,SIMPEST
,,,SIMPEST
,,,SIMPEST
,,,SIMPEST
,,,SIMPEST
,,,SIMPEST
,,,SIMPEST
,,,SIMPEST
,,,SIMPEST
,,,SIMPEST
,,,SIMPEST
,,,SIMPEST
,,,SIMPEST
,,,SIMPEST
,,,SIMPEST
,,,SIMPEST
,,,SIMPEST
,,,SIMPEST
,,,SIMPEST
,,,SIMPEST
,,,SIMPEST
,,,SIMPEST
,,,SIMPEST
,,,SIMPEST
,,,SIMPEST
,,,SIMPEST
,,,SIMPEST
,,,SIMPEST
,,,SIMPEST
,,,SIMPEST
,,,SIMPEST
,,,SIMPEST
,,,SIMPEST
,,,SIMPEST
,,,SIMPEST
,,,SIMPEST
,,,SIMPEST
,,,SIMPEST
,,,SIMPEST
,,,SIMPEST
,,,SIMPEST
,,,SIMPEST
,,,SIMPEST
,,,SIMPEST
,,,SIMPEST
,,,SIMPEST
,,,SIMPEST
,,,SIMPEST
,,,SIMPEST
,,,SIMPEST
,,,SIMPEST
,,,SIMPEST
,,,SIMPEST
,,,SIMPEST
,,,SIMPEST
,,,SIMPEST
1980-09-29,1980.0,0.0,SIMPEST
1980-09-30,1980.0,0.0,SIMPEST
1980-10-01,1980.0,0.0,SIMPEST
1980-10-02,1980.0,0.0,SIMPEST
1980-10-03,1980.0,0.0,SIMPEST
1980-10-04,1980.0,0.0,SIMPEST
1980-10-05,1980.0,0.0,SIMPEST
1980-10-06,1980.0,0.0,SIMPEST
1980-10-07,1980.0,0.0,SIMPEST
1980-10-08,1980.0,0.0,SIMPEST
1980-10-09,1980.0,0.0,SIMPEST
1980-10-10,1980.0,0.0,SIMPEST
1980-10-11,1980.0,0.0,SIMPEST
1980-10-12,1980.0,0.0,SIMPEST
1980-10-13,1980.0,0.0,SIMPEST
1980-10-14,1980.0,0.0,SIMPEST
1980-10-15,1980.0,0.0,SIMPEST
1980-10-16,1980.0,0.0,SIMPEST
1980-10-17,1980.0,0.0,SIMPEST
1980-10-18,1980.0,0.0,SIMPEST
1980-10-19,1980.0,0.0,SIMPEST
1980-10-20,1980.0,0.0,SIMPEST
1980-10-21,1980.0,0.0,SIMPEST
1980-10-22,1980.0,0.0,SIMPEST
1980-10-23,1980.0,0.0,SIMPEST
1980-10-24,1980.0,0.0,SIMPEST
1980-10-25,1980.0,0.0,SIMPEST
1980-10-26,1980.0,0.0,SIMPEST
1980-10-27,1980.0,0.0,SIMPEST
1980-10-28,1980.0,0.0,SIMPEST
1980-10-29,1980.0,0.0,SIMPEST
1980-10-30,1980.0,0.0,SIMPEST
1980-10-31,1980.0,0.0,SIMPEST
1980-11-01,1980.0,0.0,SIMPEST
1980-11-02,1980.0,0.0,SIMPEST
1980-11-03,1980.0,0.0,SIMPEST
1980-11-04,1980.0,0.0,SIMPEST
1980-11-05,1980.0,0.0,SIMPEST
1980-11-06,1980.0,0.0,SIMPEST
1980-11-07,1980.0,0.0,SIMPEST
1980-11-08,1980.0,0.0,SIMPEST
1980-11-09,1980.0,0.0,SIMPEST
1980-11-10,1980.0,0.0,SIMPEST
1980-11-11,1980.0,0.0,SIMPEST
1980-11-12,1980.0,0.0,SIMPEST
1980-11-13,1980.0,0.0,SIMPEST
1980-11-14,1980.0,0.0,SIMPEST
1980-11-15,1980.0,0.0,SIMPEST
1980-11-16,1980.0,0.0,SIMPEST
1980-11-17,1980.0,0.0,SIMPEST
1980-11-18,1980.0,0.0,SIMPEST
1980-11-19,1980.0,0.0,SIMPEST
1980-11-20,1980.0,0.0,SIMPEST
1980-11-21,1980.0,0.0,SIMPEST
1980-11-22,1980.0,0.0,SIMPEST
1980-11-23,1980.0,0.0,SIMPEST
1980-11-24,1980.0,0.0,SIMPEST
1980-11-25,1980.0,0.0,SIMPEST
1980-11-26,1980.0,0.0,SIMPEST
1980-11-27,1980.0,0.0,SIMPEST
1980-11-28,1980.0,0.0,SIMPEST
1980-11-29,1980.0,0.0,SIMPEST
1980-11-30,1980.0,0.0,SIMPEST
1980-12-01,1980.0,0.0,SIMPEST
1980-12-02,1980.0,0.0,SIMPEST
1980-12-03,1980.0,0.0,SIMPEST
1980-12-04,1980.0,0.0,SIMPEST
1980-12-05,1980.0,0.0,SIMPEST
1980-12-06,1980.0,0.0,SIMPEST
1980-12-07,1980.0,0.0,SIMPEST
1980-12-08,1980.0,0.0,SIMPEST
1980-12-09,1980.0,0.0,SIMPEST
1980-12-10,1980.0,0.0,SIMPEST
1980-12-11,1980.0,0.0,SIMPEST
1980-12-12,1980.0,0.0,SIMPEST
1980-12-13,1980.0,0.0,SIMPEST
1980-12-14,1980.0,0.0,SIMPEST
1980-12-15,1980.0,0.0,SIMPEST
1980-12-16,1980.0,0.0,SIMPEST
1980-12-17,1980.0,0.0,SIMPEST
1980-12-18,1980.0,0.0,SIMPEST
1980-12-19,1980.0,0.0,SIMPEST
1980-12-20,1980.0,0.0,SIMPEST
1980-12-21,1980.0,0.0,SIMPEST
1980-12-22,1980.0,0.0,SIMPEST
1980-12-23,1980.0,0.0,SIMPEST
1980-12-24,1980.0,0.0,SIMPEST
1980-12-25,1980.0,0.0,SIMPEST
1980-12-26,1980.0,0.0,SIMPEST
1980-12-27,1980.0,0.0,SIMPEST
1980-12-28,1980.0,0.0,SIMPEST
1980-12-29,1980.0,0.0,SIMPEST
1980-12-30,1980.0,0.0,SIMPEST
1980-12-31,1980.0,0.0,SIMPEST
1981-01-01,1981.0,0.0,SIMPEST
1981-01-02,1981.0,0.0,SIMPEST
1981-01-03,1981.0,0.0,SIMPEST
1981-01-04,1981.0,0.0,SIMPEST
1981-01-05,1981.0,0.0,SIMPEST
1981-01-06,1981.0,0.0,SIMPEST
1981-01-07,1981.0,0.0,SIMPEST
1981-01-08,1981.0,0.0,SIMPEST
1981-01-09,1981.0,0.0,SIMPEST
1981-01-10,1981.0,0.0,SIMPEST
1981-01-11,1981.0,0.0,SIMPEST
1981-01-12,1981.0,0.0,SIMPEST
1981-01-13,1981.0,0.0,SIMPEST
1981-01-14,1981.0,0.0,SIMPEST
1981-01-15,1981.0,0.0,SIMPEST
1981-01-16,1981.0,0.0,SIMPEST
1981-01-17,1981.0,0.0,SIMPEST
1981-01-18,1981.0,0.0,SIMPEST
1981-01-19,1981.0,0.0,SIMPEST
1981-01-20,1981.0,0.0,SIMPEST
1981-01-21,1981.0,0.0,SIMPEST
1981-01-22,1981.0,0.0,SIMPEST
1981-01-23,1981.0,0.0,SIMPEST
1981-01-24,1981.0,0.0,SIMPEST
1981-01-25,1981.0,0.0,SIMPEST
1981-01-26,1981.0,0.0,SIMPEST
1981-01-27,1981.0,0.0,SIMPEST
1981-01-28,1981.0,0.0,SIMPEST
1981-01-29,1981.0,0.0,SIMPEST
1981-01-30,1981.0,0.0,SIMPEST
1981-01-31,1981.0,0.0,SIMPEST
1981-02-01,1981.0,0.0,SIMPEST
1981-02-02,1981.0,0.0,SIMPEST
1981-02-03,1981.0,0.0,SIMPEST
1981-02-04,1981.0,0.0,SIMPEST
1981-02-05,1981.0,0.0,SIMPEST
1981-02-06,1981.0,0.0,SIMPEST
1981-02-07,1981.0,0.0,SIMPEST
1981-02-08,1981.0,0.0,SIMPEST
1981-02-09,1981.0,0.0,SIMPEST
1981-02-10,1981.0,0.0,SIMPEST
1981-02-11,1981.0,0.0,SIMPEST
1981-02-12,1981.0,0.0,SIMPEST
1981-02-13,1981.0,0.0,SIMPEST
1981-02-14,1981.0,0.0,SIMPEST
1981-02-15,1981.0,0.0,SIMPEST
1981-02-16,1981.0,0.0,SIMPEST
1981-02-17,1981.0,0.0,SIMPEST
1981-02-18,1981.0,0.0,SIMPEST
1981-02-19,1981.0,0.0,SIMPEST
1981-02-20,1981.0,0.0,SIMPEST
1981-02-21,1981.0,0.0,SIMPEST
1981-02-22,1981.0,0.0,SIMPEST
1981-02-23,1981.0,0.0,SIMPEST
1981-02-24,1981.0,0.0,SIMPEST
1981-02-25,1981.0,0.0,SIMPEST
1981-02-26,1981.0,0.0,SIMPEST
1981-02-27,1981.0,0.0,SIMPEST
1981-02-28,1981.0,0.0,SIMPEST
1981-03-01,1981.0,0.0,SIMPEST
1981-03-02,1981.0,0.0,SIMPEST
1981-03-03,1981.0,0.0,SIMPEST
1981-03-04,1981.0,0.0,SIMPEST
1981-03-05,1981.0,0.0,SIMPEST
1981-03-06,1981.0,0.0,SIMPEST
1981-03-07,1981.0,0.0,SIMPEST
1981-03-08,1981.0,0.0,SIMPEST
1981-03-09,1981.0,0.0,SIMPEST
1981-03-10,1981.0,0.0,SIMPEST
1981-03-11,1981.0,0.0,SIMPEST
1981-03-12,1981.0,0.0,SIMPEST
1981-03-13,1981.0,0.0,SIMPEST
1981-03-14,1981.0,0.0,SIMPEST
1981-03-15,1981.0,0.0,SIMPEST
1981-03-16,1981.0,0.0,SIMPEST
1981-03-17,1981.0,0.0,SIMPEST
1981-03-18,1981.0,0.0,SIMPEST
1981-03-19,1981.0,0.0,SIMPEST
1981-03-20,1981.0,0.0,SIMPEST
1981-03-21,1981.0,0.0,SIMPEST
1981-03-22,1981.0,0.0,SIMPEST
1981-03-23,1981.0,0.0,SIMPEST
1981-03-24,1981.0,0.0,SIMPEST
1981-03-25,1981.0,0.0,SIMPEST
1981-03-26,1981.0,0.0,SIMPEST
1981-03-27,1981.0,0.0,SIMPEST
1981-03-28,1981.0,0.0,SIMPEST
1981-03-29,1981.0,0.0,SIMPEST
1981-03-30,1981.0,0.0,SIMPEST
1981-03-31,1981.0,0.0,SIMPEST
1981-04-01,1981.0,0.0,SIMPEST
1981-04-02,1981.0,0.0,SIMPEST
1981-04-03,1981.0,0.0,SIMPEST
1981-04-04,1981.0,0.0,SIMPEST
1981-04-05,1981.0,0.0,SIMPEST
1981-04-06,1981.0,0.0,SIMPEST
1981-04-07,1981.0,0.0,SIMPEST
1981-04-08,1981.0,0.0,SIMPEST
1981-04-09,1981.0,0.0,SIMPEST
1981-04-10,1981.0,0.0,SIMPEST
1981-04-11,1981.0,0.0,SIMPEST
1981-04-12,1981.0,0.0,SIMPEST
1981-04-13,1981.0,0.0,SIMPEST
1981-04-14,1981.0,0.0,SIMPEST
1981-04-15,1981.0,0.0,SIMPEST
1981-04-16,1981.0,0.0,SIMPEST
1981-04-17,1981.0,0.0,SIMPEST
1981-04-18,1981.0,0.0,SIMPEST
1981-04-19,1981.0,0.0,SIMPEST
1981-04-20,1981.0,0.0,SIMPEST
1981-04-21,1981.0,0.0,SIMPEST
1981-04-22,1981.0,0.0,SIMPEST
1981-04-23,1981.0,0.0,SIMPEST
1981-04-24,1981.0,0.0,SIMPEST
1981-04-25,1981.0,0.0,SIMPEST
1981-04-26,1981.0,0.0,SIMPEST
1981-04-27,1981.0,0.0,SIMPEST
1981-04-28,1981.0,0.0,SIMPEST
1981-04-29,1981.0,0.0,SIMPEST
1981-04-30,1981.0,0.0,SIMPEST
1981-05-01,1981.0,0.0,SIMPEST
1981-05-02,1981.0,0.0,SIMPEST
1981-05-03,1981.0,0.0,SIMPEST
1981-05-04,1981.0,0.0,SIMPEST
1981-05-05,1981.0,0.0453451898375452,SIMPEST
1981-05-06,1981.0,0.0454245390375017,SIMPEST
1981-05-07,1981.0,0.0883561496902682,SIMPEST
1981-05-08,1981.0,0.0885273954153396,SIMPEST
1981-05-09,1981.0,0.0888124986980085,SIMPEST
1981-05-10,1981.0,0.1288526855106004,SIMPEST
1981-05-11,1981.0,0.1290856673052071,SIMPEST
1981-05-12,1981.0,0.1292634664005897,SIMPEST
1981-05-13,1981.0,0.1295394840911258,SIMPEST
1981-05-14,1981.0,0.1297831406333866,SIMPEST
1981-05-15,1981.0,0.1301136300121176,SIMPEST
1981-05-16,1981.0,0.1304911458578921,SIMPEST
1981-05-17,1981.0,0.1685582146427612,SIMPEST
1981-05-18,1981.0,0.2023827457863604,SIMPEST
1981-05-19,1981.0,0.2023827457863604,SIMPEST
1981-05-20,1981.0,0.2023827457863604,SIMPEST
1981-05-21,1981.0,0.2023827457863604,SIMPEST
1981-05-22,1981.0,0.2023827457863604,SIMPEST
1981-05-23,1981.0,0.2378559136472806,SIMPEST
1981-05-24,1981.0,0.3305296349800457,SIMPEST
1981-05-25,1981.0,0.3539765546519373,SIMPEST
1981-05-26,1981.0,0.3539765546519373,SIMPEST
1981-05-27,1981.0,0.3995621196707414,SIMPEST
1981-05-28,1981.0,0.3995912939241867,SIMPEST
1981-05-29,1981.0,0.4424733255541284,SIMPEST
1981-05-30,1981.0,0.4831866375174781,SIMPEST
1981-05-31,1981.0,0.5028968985007669,SIMPEST
1981-06-01,1981.0,0.5029861152679268,SIMPEST
1981-06-02,1981.0,0.5436189971293575,SIMPEST
1981-06-03,1981.0,0.5437822276159322,SIMPEST
1981-06-04,1981.0,0.5586823141034778,SIMPEST
1981-06-05,1981.0,0.5586823141034778,SIMPEST
1981-06-06,1981.0,0.5586823141034778,SIMPEST
1981-06-07,1981.0,0.558832417960474,SIMPEST
1981-06-08,1981.0,0.5906838856497286,SIMPEST
1981-06-09,1981.0,0.61791141209728,SIMPEST
1981-06-10,1981.0,0.6350113283610683,SIMPEST
1981-06-11,1981.0,0.6583942343866611,SIMPEST
1981-06-12,1981.0,0.6583942343866611,SIMPEST
1981-06-13,1981.0,0.6583942343866611,SIMPEST
1981-06-14,1981.0,0.6780778125573608,SIMPEST
1981-06-15,1981.0,0.6780778125573608,SIMPEST
1981-06-16,1981.0,0.6780778125573608,SIMPEST
1981-06-17,1981.0,0.6836300009792968,SIMPEST
1981-06-18,1981.0,0.6903621398971675,SIMPEST
1981-06-19,1981.0,0.6903621398971675,SIMPEST
1981-06-20,1981.0,0.7036307270997708,SIMPEST
1981-06-21,1981.0,0.7114129809200476,SIMPEST
1981-06-22,1981.0,0.7114129809200476,SIMPEST
1981-06-23,1981.0,0.7115947376967875,SIMPEST
1981-06-24,1981.0,0.720072803702861,SIMPEST
1981-06-25,1981.0,0.7265846134701056,SIMPEST
1981-06-26,1981.0,0.7265846134701056,SIMPEST
1981-06-27,1981.0,0.7304434388324305,SIMPEST
1981-06-28,1981.0,0.7330304438254859,SIMPEST
1981-06-29,1981.0,0.7336175186132368,SIMPEST
1981-06-30,1981.0,0.7337673435473074,SIMPEST
1981-07-01,1981.0,0.7337673435473074,SIMPEST
1981-07-02,1981.0,0.7337673435473074,SIMPEST
1981-07-03,1981.0,0.7337673435473074,SIMPEST
1981-07-04,1981.0,0.7337673435473074,SIMPEST
1981-07-05,1981.0,0.7337673435473074,SIMPEST
1981-07-06,1981.0,0.7337673435473074,SIMPEST
1981-07-07,1981.0,0.7337673435473074,SIMPEST
1981-07-08,1981.0,0.7337673435473074,SIMPEST
1981-07-09,1981.0,0.7337673435473074,SIMPEST
1981-07-10,1981.0,0.7337673435473074,SIMPEST
1981-07-11,1981.0,0.7337673435473074,SIMPEST
1981-07-12,1981.0,0.7337673435473074,SIMPEST
1981-07-13,1981.0,0.7337673435473074,SIMPEST
1981-07-14,1981.0,0.7337673435473074,SIMPEST
1981-07-15,1981.0,0.7337673435473074,SIMPEST
1981-07-16,1981.0,0.7337673435473074,SIMPEST
1981-07-17,1981.0,0.7337673435473074,SIMPEST
,,,SIMPEST
,,,SIMPEST
,,,SIMPEST
,,,SIMPEST
,,,SIMPEST
,,,SIMPEST
,,,SIMPEST
,,,SIMPEST
,,,SIMPEST
,,,SIMPEST
,,,SIMPEST
,,,SIMPEST
,,,SIMPEST
,,,SIMPEST
,,,SIMPEST
,,,SIMPEST
,,,SIMPEST
,,,SIMPEST
,,,SIMPEST
,,,SIMPEST
,,,SIMPEST
,,,SIMPEST
,,,SIMPEST
,,,SIMPEST
,,,SIMPEST
,,,SIMPEST
,,,SIMPEST
,,,SIMPEST
,,,SIMPEST
,,,SIMPEST
,,,SIMPEST
,,,SIMPEST
,,,SIMPEST
,,,SIMPEST
,,,SIMPEST
,,,SIMPEST
,,,SIMPEST
,,,SIMPEST
,,,SIMPEST
,,,SIMPEST
,,,SIMPEST
,,,SIMPEST
,,,SIMPEST
,,,SIMPEST
,,,SIMPEST
,,,SIMPEST
,,,SIMPEST
,,,SIMPEST
,,,SIMPEST
,,,SIMPEST
,,,SIMPEST
,,,SIMPEST
,,,SIMPEST
,,,SIMPEST
,,,SIMPEST
,,,SIMPEST
,,,SIMPEST
,,,SIMPEST
,,,SIMPEST
,,,SIMPEST
,,,SIMPEST
,,,SIMPEST
,,,SIMPEST
,,,SIMPEST
,,,SIMPEST
,,,SIMPEST
,,,SIMPEST
,,,SIMPEST
,,,SIMPEST
,,,SIMPEST
,,,SIMPEST
,,,SIMPEST
,,,SIMPEST
,,,SIMPEST
1981-09-30,1981.0,0.0,SIMPEST
1981-10-01,1981.0,0.0,SIMPEST
1981-10-02,1981.0,0.0,SIMPEST
1981-10-03,1981.0,0.0,SIMPEST
1981-10-04,1981.0,0.0,SIMPEST
1981-10-05,1981.0,0.0,SIMPEST
1981-10-06,1981.0,0.0,SIMPEST
1981-10-07,1981.0,0.0,SIMPEST
1981-10-08,1981.0,0.0,SIMPEST
1981-10-09,1981.0,0.0,SIMPEST
1981-10-10,1981.0,0.0,SIMPEST
1981-10-11,1981.0,0.0,SIMPEST
1981-10-12,1981.0,0.0,SIMPEST
1981-10-13,1981.0,0.0,SIMPEST
1981-10-14,1981.0,0.0,SIMPEST
1981-10-15,1981.0,0.0,SIMPEST
1981-10-16,1981.0,0.0,SIMPEST
1981-10-17,1981.0,0.0,SIMPEST
1981-10-18,1981.0,0.0,SIMPEST
1981-10-19,1981.0,0.0,SIMPEST
1981-10-20,1981.0,0.0,SIMPEST
1981-10-21,1981.0,0.0,SIMPEST
1981-10-22,1981.0,0.0,SIMPEST
1981-10-23,1981.0,0.0,SIMPEST
1981-10-24,1981.0,0.0,SIMPEST
1981-10-25,1981.0,0.0,SIMPEST
1981-10-26,1981.0,0.0,SIMPEST
1981-10-27,1981.0,0.0,SIMPEST
1981-10-28,1981.0,0.0,SIMPEST
1981-10-29,1981.0,0.0,SIMPEST
1981-10-30,1981.0,0.0,SIMPEST
1981-10-31,1981.0,0.0,SIMPEST
1981-11-01,1981.0,0.0,SIMPEST
1981-11-02,1981.0,0.0,SIMPEST
1981-11-03,1981.0,0.0,SIMPEST
1981-11-04,1981.0,0.0,SIMPEST
1981-11-05,1981.0,0.0,SIMPEST
1981-11-06,1981.0,0.0,SIMPEST
1981-11-07,1981.0,0.0,SIMPEST
1981-11-08,1981.0,0.0,SIMPEST
1981-11-09,1981.0,0.0,SIMPEST
1981-11-10,1981.0,0.0,SIMPEST
1981-11-11,1981.0,0.0,SIMPEST
1981-11-12,1981.0,0.0,SIMPEST
1981-11-13,1981.0,0.0,SIMPEST
1981-11-14,1981.0,0.0,SIMPEST
1981-11-15,1981.0,0.0,SIMPEST
1981-11-16,1981.0,0.0,SIMPEST
1981-11-17,1981.0,0.0,SIMPEST
1981-11-18,1981.0,0.0,SIMPEST
1981-11-19,1981.0,0.0,SIMPEST
1981-11-20,1981.0,0.0,SIMPEST
1981-11-21,1981.0,0.0,SIMPEST
1981-11-22,1981.0,0.0,SIMPEST
1981-11-23,1981.0,0.0,SIMPEST
1981-11-24,1981.0,0.0,SIMPEST
1981-11-25,1981.0,0.0,SIMPEST
1981-11-26,1981.0,0.0,SIMPEST
1981-11-27,1981.0,0.0,SIMPEST
1981-11-28,1981.0,0.0,SIMPEST
1981-11-29,1981.0,0.0,SIMPEST
1981-11-30,1981.0,0.0,SIMPEST
1981-12-01,1981.0,0.0,SIMPEST
1981-12-02,1981.0,0.0,SIMPEST
1981-12-03,1981.0,0.0,SIMPEST
1981-12-04,1981.0,0.0,SIMPEST
1981-12-05,1981.0,0.0,SIMPEST
1981-12-06,1981.0,0.0,SIMPEST
1981-12-07,1981.0,0.0,SIMPEST
1981-12-08,1981.0,0.0,SIMPEST
1981-12-09,1981.0,0.0,SIMPEST
1981-12-10,1981.0,0.0,SIMPEST
1981-12-11,1981.0,0.0,SIMPEST
1981-12-12,1981.0,0.0,SIMPEST
1981-12-13,1981.0,0.0,SIMPEST
1981-12-14,1981.0,0.0,SIMPEST
1981-12-15,1981.0,0.0,SIMPEST
1981-12-16,1981.0,0.0,SIMPEST
1981-12-17,1981.0,0.0,SIMPEST
1981-12-18,1981.0,0.0,SIMPEST
1981-12-19,1981.0,0.0,SIMPEST
1981-12-20,1981.0,0.0,SIMPEST
1981-12-21,1981.0,0.0,SIMPEST
1981-12-22,1981.0,0.0,SIMPEST
1981-12-23,1981.0,0.0,SIMPEST
1981-12-24,1981.0,0.0,SIMPEST
1981-12-25,1981.0,0.0,SIMPEST
1981-12-26,1981.0,0.0,SIMPEST
1981-12-27,1981.0,0.0,SIMPEST
1981-12-28,1981.0,0.0,SIMPEST
1981-12-29,1981.0,0.0,SIMPEST
1981-12-30,1981.0,0.0,SIMPEST
1981-12-31,1981.0,0.0,SIMPEST
1982-01-01,1982.0,0.0,SIMPEST
1982-01-02,1982.0,0.0,SIMPEST
1982-01-03,1982.0,0.0,SIMPEST
1982-01-04,1982.0,0.0,SIMPEST
1982-01-05,1982.0,0.0,SIMPEST
1982-01-06,1982.0,0.0,SIMPEST
1982-01-07,1982.0,0.0,SIMPEST
1982-01-08,1982.0,0.0,SIMPEST
1982-01-09,1982.0,0.0,SIMPEST
1982-01-10,1982.0,0.0,SIMPEST
1982-01-11,1982.0,0.0,SIMPEST
1982-01-12,1982.0,0.0,SIMPEST
1982-01-13,1982.0,0.0,SIMPEST
1982-01-14,1982.0,0.0,SIMPEST
1982-01-15,1982.0,0.0,SIMPEST
1982-01-16,1982.0,0.0,SIMPEST
1982-01-17,1982.0,0.0,SIMPEST
1982-01-18,1982.0,0.0,SIMPEST
1982-01-19,1982.0,0.0,SIMPEST
1982-01-20,1982.0,0.0,SIMPEST
1982-01-21,1982.0,0.0,SIMPEST
1982-01-22,1982.0,0.0,SIMPEST
1982-01-23,1982.0,0.0,SIMPEST
1982-01-24,1982.0,0.0,SIMPEST
1982-01-25,1982.0,0.0,SIMPEST
1982-01-26,1982.0,0.0,SIMPEST
1982-01-27,1982.0,0.0,SIMPEST
1982-01-28,1982.0,0.0,SIMPEST
1982-01-29,1982.0,0.0,SIMPEST
1982-01-30,1982.0,0.0,SIMPEST
1982-01-31,1982.0,0.0,SIMPEST
1982-02-01,1982.0,0.0,SIMPEST
1982-02-02,1982.0,0.0,SIMPEST
1982-02-03,1982.0,0.0,SIMPEST
1982-02-04,1982.0,0.0,SIMPEST
1982-02-05,1982.0,0.0,SIMPEST
1982-02-06,1982.0,0.0,SIMPEST
1982-02-07,1982.0,0.0,SIMPEST
1982-02-08,1982.0,0.0,SIMPEST
1982-02-09,1982.0,0.0,SIMPEST
1982-02-10,1982.0,0.0,SIMPEST
1982-02-11,1982.0,0.0,SIMPEST
1982-02-12,1982.0,0.0,SIMPEST
1982-02-13,1982.0,0.0,SIMPEST
1982-02-14,1982.0,0.0,SIMPEST
1982-02-15,1982.0,0.0,SIMPEST
1982-02-16,1982.0,0.0,SIMPEST
1982-02-17,1982.0,0.0,SIMPEST
1982-02-18,1982.0,0.0,SIMPEST
1982-02-19,1982.0,0.0,SIMPEST
1982-02-20,1982.0,0.0,SIMPEST
1982-02-21,1982.0,0.0,SIMPEST
1982-02-22,1982.0,0.0,SIMPEST
1982-02-23,1982.0,0.0,SIMPEST
1982-02-24,1982.0,0.0,SIMPEST
1982-02-25,1982.0,0.0,SIMPEST
1982-02-26,1982.0,0.0,SIMPEST
1982-02-27,1982.0,0.0,SIMPEST
1982-02-28,1982.0,0.0,SIMPEST
1982-03-01,1982.0,0.0,SIMPEST
1982-03-02,1982.0,0.0,SIMPEST
1982-03-03,1982.0,0.0,SIMPEST
1982-03-04,1982.0,0.0,SIMPEST
1982-03-05,1982.0,0.0,SIMPEST
1982-03-06,1982.0,0.0,SIMPEST
1982-03-07,1982.0,0.0,SIMPEST
1982-03-08,1982.0,0.0,SIMPEST
1982-03-09,1982.0,0.0,SIMPEST
1982-03-10,1982.0,0.0,SIMPEST
1982-03-11,1982.0,0.0,SIMPEST
1982-03-12,1982.0,0.0,SIMPEST
1982-03-13,1982.0,0.0,SIMPEST
1982-03-14,1982.0,0.0,SIMPEST
1982-03-15,1982.0,0.0,SIMPEST
1982-03-16,1982.0,0.0,SIMPEST
1982-03-17,1982.0,0.0,SIMPEST
1982-03-18,1982.0,0.0,SIMPEST
1982-03-19,1982.0,0.0,SIMPEST
1982-03-20,1982.0,0.0,SIMPEST
1982-03-21,1982.0,0.0,SIMPEST
1982-03-22,1982.0,0.0,SIMPEST
1982-03-23,1982.0,0.0,SIMPEST
1982-03-24,1982.0,0.0,SIMPEST
1982-03-25,1982.0,0.0,SIMPEST
1982-03-26,1982.0,0.0,SIMPEST
1982-03-27,1982.0,0.0,SIMPEST
1982-03-28,1982.0,0.0,SIMPEST
1982-03-29,1982.0,0.0,SIMPEST
1982-03-30,1982.0,0.0,SIMPEST
1982-03-31,1982.0,0.0,SIMPEST
1982-04-01,1982.0,0.0,SIMPEST
1982-04-02,1982.0,0.0,SIMPEST
1982-04-03,1982.0,0.0,SIMPEST
1982-04-04,1982.0,0.0,SIMPEST
1982-04-05,1982.0,0.0,SIMPEST
1982-04-06,1982.0,0.0,SIMPEST
1982-04-07,1982.0,0.0,SIMPEST
1982-04-08,1982.0,0.0,SIMPEST
1982-04-09,1982.0,0.0,SIMPEST
1982-04-10,1982.0,0.0,SIMPEST
1982-04-11,1982.0,0.0,SIMPEST
1982-04-12,1982.0,0.0,SIMPEST
1982-04-13,1982.0,0.0,SIMPEST
1982-04-14,1982.0,0.0,SIMPEST
1982-04-15,1982.0,0.0,SIMPEST
1982-04-16,1982.0,0.0,SIMPEST
1982-04-17,1982.0,0.0,SIMPEST
1982-04-18,1982.0,0.0,SIMPEST
1982-04-19,1982.0,0.0,SIMPEST
1982-04-20,1982.0,0.0,SIMPEST
1982-04-21,1982.0,0.0,SIMPEST
1982-04-22,1982.0,0.0,SIMPEST
1982-04-23,1982.0,0.0,SIMPEST
1982-04-24,1982.0,0.0,SIMPEST
1982-04-25,1982.0,0.0,SIMPEST
1982-04-26,1982.0,0.0,SIMPEST
1982-04-27,1982.0,0.0,SIMPEST
1982-04-28,1982.0,0.0,SIMPEST
1982-04-29,1982.0,0.0,SIMPEST
1982-04-30,1982.0,0.0,SIMPEST
1982-05-01,1982.0,0.0,SIMPEST
1982-05-02,1982.0,0.0,SIMPEST
1982-05-03,1982.0,0.0,SIMPEST
1982-05-04,1982.0,0.0,SIMPEST
1982-05-05,1982.0,0.0,SIMPEST
1982-05-06,1982.0,0.0,SIMPEST
1982-05-07,1982.0,0.0,SIMPEST
1982-05-08,1982.0,0.0071368582373672,SIMPEST
1982-05-09,1982.0,0.0070269742374534,SIMPEST
1982-05-10,1982.0,0.025891011738525,SIMPEST
1982-05-11,1982.0,0.0255475385554758,SIMPEST
1982-05-12,1982.0,0.0254111302107924,SIMPEST
1982-05-13,1982.0,0.0255039607217648,SIMPEST
1982-05-14,1982.0,0.0256046359483399,SIMPEST
1982-05-15,1982.0,0.0257105247858283,SIMPEST
1982-05-16,1982.0,0.0258218142547,SIMPEST
1982-05-17,1982.0,0.0259415624635633,SIMPEST
1982-05-18,1982.0,0.0260698332339591,SIMPEST
1982-05-19,1982.0,0.0262023468027135,SIMPEST
1982-05-20,1982.0,0.0263444953254349,SIMPEST
1982-05-21,1982.0,0.0535201839275103,SIMPEST
1982-05-22,1982.0,0.117838553891456,SIMPEST
1982-05-23,1982.0,0.117838553891456,SIMPEST
1982-05-24,1982.0,0.117838553891456,SIMPEST
1982-05-25,1982.0,0.117838553891456,SIMPEST
1982-05-26,1982.0,0.117838553891456,SIMPEST
1982-05-27,1982.0,0.117838553891456,SIMPEST
1982-05-28,1982.0,0.117838553891456,SIMPEST
1982-05-29,1982.0,0.117838553891456,SIMPEST
1982-05-30,1982.0,0.117838553891456,SIMPEST
1982-05-31,1982.0,0.1178778152992914,SIMPEST
1982-06-01,1982.0,0.1178778152992914,SIMPEST
1982-06-02,1982.0,0.1178778152992914,SIMPEST
1982-06-03,1982.0,0.1178778152992914,SIMPEST
1982-06-04,1982.0,0.1178778152992914,SIMPEST
1982-06-05,1982.0,0.183952168211619,SIMPEST
1982-06-06,1982.0,0.2391936807609369,SIMPEST
1982-06-07,1982.0,0.297245113101468,SIMPEST
1982-06-08,1982.0,0.320712535579558,SIMPEST
1982-06-09,1982.0,0.3385240057729151,SIMPEST
1982-06-10,1982.0,0.3612555336974047,SIMPEST
1982-06-11,1982.0,0.4059949498759129,SIMPEST
1982-06-12,1982.0,0.4485948391727101,SIMPEST
1982-06-13,1982.0,0.4485948391727101,SIMPEST
1982-06-14,1982.0,0.4861325783924131,SIMPEST
1982-06-15,1982.0,0.5001700050180439,SIMPEST
1982-06-16,1982.0,0.529182416138959,SIMPEST
1982-06-17,1982.0,0.5553521257816261,SIMPEST
1982-06-18,1982.0,0.555352125781626,SIMPEST
1982-06-19,1982.0,0.5741678275621122,SIMPEST
1982-06-20,1982.0,0.5742314370567588,SIMPEST
1982-06-21,1982.0,0.5742314370567588,SIMPEST
1982-06-22,1982.0,0.5742314370567588,SIMPEST
1982-06-23,1982.0,0.5744831805486853,SIMPEST
1982-06-24,1982.0,0.5925773907688944,SIMPEST
1982-06-25,1982.0,0.6094929327417956,SIMPEST
1982-06-26,1982.0,0.6148072572283193,SIMPEST
1982-06-27,1982.0,0.6148072572283193,SIMPEST
1982-06-28,1982.0,0.6211846541043183,SIMPEST
1982-06-29,1982.0,0.6263489524684872,SIMPEST
1982-06-30,1982.0,0.6263489524684872,SIMPEST
1982-07-01,1982.0,0.636407033623913,SIMPEST
1982-07-02,1982.0,0.6443559378115983,SIMPEST
1982-07-03,1982.0,0.6443559378115983,SIMPEST
1982-07-04,1982.0,0.649758147329071,SIMPEST
1982-07-05,1982.0,0.6536827950578163,SIMPEST
1982-07-06,1982.0,0.6536827950578163,SIMPEST
1982-07-07,1982.0,0.6536827950578162,SIMPEST
1982-07-08,1982.0,0.655084822988639,SIMPEST
1982-07-09,1982.0,0.655084822988639,SIMPEST
1982-07-10,1982.0,0.655084822988639,SIMPEST
1982-07-11,1982.0,0.655084822988639,SIMPEST
1982-07-12,1982.0,0.6550848229886391,SIMPEST
1982-07-13,1982.0,0.6550848229886391,SIMPEST
1982-07-14,1982.0,0.6550848229886392,SIMPEST
1982-07-15,1982.0,0.6550848229886392,SIMPEST
1982-07-16,1982.0,0.6550848229886392,SIMPEST
1982-07-17,1982.0,0.6550848229886392,SIMPEST
1982-07-18,1982.0,0.6550848229886392,SIMPEST
1982-07-19,1982.0,0.6550848229886392,SIMPEST
1982-07-20,1982.0,0.6550848229886391,SIMPEST
1982-07-21,1982.0,0.6550848229886391,SIMPEST
,,,SIMPEST
,,,SIMPEST
,,,SIMPEST
,,,SIMPEST
,,,SIMPEST
,,,SIMPEST
,,,SIMPEST
,,,SIMPEST
,,,SIMPEST
,,,SIMPEST
,,,SIMPEST
,,,SIMPEST
,,,SIMPEST
,,,SIMPEST
,,,SIMPEST
,,,SIMPEST
,,,SIMPEST
,,,SIMPEST
,,,SIMPEST
,,,SIMPEST
,,,SIMPEST
,,,SIMPEST
,,,SIMPEST
,,,SIMPEST
,,,SIMPEST
,,,SIMPEST
,,,SIMPEST
,,,SIMPEST
,,,SIMPEST
,,,SIMPEST
,,,SIMPEST
,,,SIMPEST
,,,SIMPEST
,,,SIMPEST
,,,SIMPEST
,,,SIMPEST
,,,SIMPEST
,,,SIMPEST
,,,SIMPEST
,,,SIMPEST
,,,SIMPEST
,,,SIMPEST
,,,SIMPEST
,,,SIMPEST
,,,SIMPEST
,,,SIMPEST
,,,SIMPEST
,,,SIMPEST
,,,SIMPEST
,,,SIMPEST
,,,SIMPEST
,,,SIMPEST
,,,SIMPEST
,,,SIMPEST
,,,SIMPEST
,,,SIMPEST
,,,SIMPEST
,,,SIMPEST
,,,SIMPEST
,,,SIMPEST
,,,SIMPEST
,,,SIMPEST
,,,SIMPEST
,,,SIMPEST
,,,SIMPEST
,,,SIMPEST
,,,SIMPEST
,,,SIMPEST
,,,SIMPEST
,,,SIMPEST
,,,SIMPEST
,,,SIMPEST
,,,SIMPEST
,,,SIMPEST
,,,SIMPEST
,,,SIMPEST
,,,SIMPEST
,,,SIMPEST
,,,SIMPEST
,,,SIMPEST
,,,SIMPEST
,,,SIMPEST
,,,SIMPEST
1982-10-13,1982.0,0.0,SIMPEST
1982-10-14,1982.0,0.0,SIMPEST
1982-10-15,1982.0,0.0,SIMPEST
1982-10-16,1982.0,0.0,SIMPEST
1982-10-17,1982.0,0.0,SIMPEST
1982-10-18,1982.0,0.0,SIMPEST
1982-10-19,1982.0,0.0,SIMPEST
1982-10-20,1982.0,0.0,SIMPEST
1982-10-21,1982.0,0.0,SIMPEST
1982-10-22,1982.0,0.0,SIMPEST
1982-10-23,1982.0,0.0,SIMPEST
1982-10-24,1982.0,0.0,SIMPEST
1982-10-25,1982.0,0.0,SIMPEST
1982-10-26,1982.0,0.0,SIMPEST
1982-10-27,1982.0,0.0,SIMPEST
1982-10-28,1982.0,0.0,SIMPEST
1982-10-29,1982.0,0.0,SIMPEST
1982-10-30,1982.0,0.0,SIMPEST
1982-10-31,1982.0,0.0,SIMPEST
1982-11-01,1982.0,0.0,SIMPEST
1982-11-02,1982.0,0.0,SIMPEST
1982-11-03,1982.0,0.0,SIMPEST
1982-11-04,1982.0,0.0,SIMPEST
1982-11-05,1982.0,0.0,SIMPEST
1982-11-06,1982.0,0.0,SIMPEST
1982-11-07,1982.0,0.0,SIMPEST
1982-11-08,1982.0,0.0,SIMPEST
1982-11-09,1982.0,0.0,SIMPEST
1982-11-10,1982.0,0.0,SIMPEST
1982-11-11,1982.0,0.0,SIMPEST
1982-11-12,1982.0,0.0,SIMPEST
1982-11-13,1982.0,0.0,SIMPEST
1982-11-14,1982.0,0.0,SIMPEST
1982-11-15,1982.0,0.0,SIMPEST
1982-11-16,1982.0,0.0,SIMPEST
1982-11-17,1982.0,0.0,SIMPEST
1982-11-18,1982.0,0.0,SIMPEST
1982-11-19,1982.0,0.0,SIMPEST
1982-11-20,1982.0,0.0,SIMPEST
1982-11-21,1982.0,0.0,SIMPEST
1982-11-22,1982.0,0.0,SIMPEST
1982-11-23,1982.0,0.0,SIMPEST
1982-11-24,1982.0,0.0,SIMPEST
1982-11-25,1982.0,0.0,SIMPEST
1982-11-26,1982.0,0.0,SIMPEST
1982-11-27,1982.0,0.0,SIMPEST
1982-11-28,1982.0,0.0,SIMPEST
1982-11-29,1982.0,0.0,SIMPEST
1982-11-30,1982.0,0.0,SIMPEST
1982-12-01,1982.0,0.0,SIMPEST
1982-12-02,1982.0,0.0,SIMPEST
1982-12-03,1982.0,0.0,SIMPEST
1982-12-04,1982.0,0.0,SIMPEST
1982-12-05,1982.0,0.0,SIMPEST
1982-12-06,1982.0,0.0,SIMPEST
1982-12-07,1982.0,0.0,SIMPEST
1982-12-08,1982.0,0.0,SIMPEST
1982-12-09,1982.0,0.0,SIMPEST
1982-12-10,1982.0,0.0,SIMPEST
1982-12-11,1982.0,0.0,SIMPEST
1982-12-12,1982.0,0.0,SIMPEST
1982-12-13,1982.0,0.0,SIMPEST
1982-12-14,1982.0,0.0,SIMPEST
1982-12-15,1982.0,0.0,SIMPEST
1982-12-16,1982.0,0.0,SIMPEST
1982-12-17,1982.0,0.0,SIMPEST
1982-12-18,1982.0,0.0,SIMPEST
1982-12-19,1982.0,0.0,SIMPEST
1982-12-20,1982.0,0.0,SIMPEST
1982-12-21,1982.0,0.0,SIMPEST
1982-12-22,1982.0,0.0,SIMPEST
1982-12-23,1982.0,0.0,SIMPEST
1982-12-24,1982.0,0.0,SIMPEST
1982-12-25,1982.0,0.0,SIMPEST
1982-12-26,1982.0,0.0,SIMPEST
1982-12-27,1982.0,0.0,SIMPEST
1982-12-28,1982.0,0.0,SIMPEST
1982-12-29,1982.0,0.0,SIMPEST
1982-12-30,1982.0,0.0,SIMPEST
1982-12-31,1982.0,0.0,SIMPEST
1983-01-01,1983.0,0.0,SIMPEST
1983-01-02,1983.0,0.0,SIMPEST
1983-01-03,1983.0,0.0,SIMPEST
1983-01-04,1983.0,0.0,SIMPEST
1983-01-05,1983.0,0.0,SIMPEST
1983-01-06,1983.0,0.0,SIMPEST
1983-01-07,1983.0,0.0,SIMPEST
1983-01-08,1983.0,0.0,SIMPEST
1983-01-09,1983.0,0.0,SIMPEST
1983-01-10,1983.0,0.0,SIMPEST
1983-01-11,1983.0,0.0,SIMPEST
1983-01-12,1983.0,0.0,SIMPEST
1983-01-13,1983.0,0.0,SIMPEST
1983-01-14,1983.0,0.0,SIMPEST
1983-01-15,1983.0,0.0,SIMPEST
1983-01-16,1983.0,0.0,SIMPEST
1983-01-17,1983.0,0.0,SIMPEST
1983-01-18,1983.0,0.0,SIMPEST
1983-01-19,1983.0,0.0,SIMPEST
1983-01-20,1983.0,0.0,SIMPEST
1983-01-21,1983.0,0.0,SIMPEST
1983-01-22,1983.0,0.0,SIMPEST
1983-01-23,1983.0,0.0,SIMPEST
1983-01-24,1983.0,0.0,SIMPEST
1983-01-25,1983.0,0.0,SIMPEST
1983-01-26,1983.0,0.0,SIMPEST
1983-01-27,1983.0,0.0,SIMPEST
1983-01-28,1983.0,0.0,SIMPEST
1983-01-29,1983.0,0.0,SIMPEST
1983-01-30,1983.0,0.0,SIMPEST
1983-01-31,1983.0,0.0,SIMPEST
1983-02-01,1983.0,0.0,SIMPEST
1983-02-02,1983.0,0.0,SIMPEST
1983-02-03,1983.0,0.0,SIMPEST
1983-02-04,1983.0,0.0,SIMPEST
1983-02-05,1983.0,0.0,SIMPEST
1983-02-06,1983.0,0.0,SIMPEST
1983-02-07,1983.0,0.0,SIMPEST
1983-02-08,1983.0,0.0,SIMPEST
1983-02-09,1983.0,0.0,SIMPEST
1983-02-10,1983.0,0.0,SIMPEST
1983-02-11,1983.0,0.0,SIMPEST
1983-02-12,1983.0,0.0,SIMPEST
1983-02-13,1983.0,0.0,SIMPEST
1983-02-14,1983.0,0.0,SIMPEST
1983-02-15,1983.0,0.0,SIMPEST
1983-02-16,1983.0,0.0,SIMPEST
1983-02-17,1983.0,0.0,SIMPEST
1983-02-18,1983.0,0.0,SIMPEST
1983-02-19,1983.0,0.0,SIMPEST
1983-02-20,1983.0,0.0,SIMPEST
1983-02-21,1983.0,0.0,SIMPEST
1983-02-22,1983.0,0.0,SIMPEST
1983-02-23,1983.0,0.0,SIMPEST
1983-02-24,1983.0,0.0,SIMPEST
1983-02-25,1983.0,0.0,SIMPEST
1983-02-26,1983.0,0.0,SIMPEST
1983-02-27,1983.0,0.0,SIMPEST
1983-02-28,1983.0,0.0,SIMPEST
1983-03-01,1983.0,0.0,SIMPEST
1983-03-02,1983.0,0.0,SIMPEST
1983-03-03,1983.0,0.0,SIMPEST
1983-03-04,1983.0,0.0,SIMPEST
1983-03-05,1983.0,0.0,SIMPEST
1983-03-06,1983.0,0.0,SIMPEST
1983-03-07,1983.0,0.0,SIMPEST
1983-03-08,1983.0,0.0,SIMPEST
1983-03-09,1983.0,0.0,SIMPEST
1983-03-10,1983.0,0.0,SIMPEST
1983-03-11,1983.0,0.0,SIMPEST
1983-03-12,1983.0,0.0,SIMPEST
1983-03-13,1983.0,0.0,SIMPEST
1983-03-14,1983.0,0.0,SIMPEST
1983-03-15,1983.0,0.0,SIMPEST
1983-03-16,1983.0,0.0,SIMPEST
1983-03-17,1983.0,0.0,SIMPEST
1983-03-18,1983.0,0.0,SIMPEST
1983-03-19,1983.0,0.0,SIMPEST
1983-03-20,1983.0,0.0,SIMPEST
1983-03-21,1983.0,0.0,SIMPEST
1983-03-22,1983.0,0.0,SIMPEST
1983-03-23,1983.0,0.0,SIMPEST
1983-03-24,1983.0,0.0,SIMPEST
1983-03-25,1983.0,0.0,SIMPEST
1983-03-26,1983.0,0.0,SIMPEST
1983-03-27,1983.0,0.0,SIMPEST
1983-03-28,1983.0,0.0,SIMPEST
1983-03-29,1983.0,0.0,SIMPEST
1983-03-30,1983.0,0.0,SIMPEST
1983-03-31,1983.0,0.0,SIMPEST
1983-04-01,1983.0,0.0,SIMPEST
1983-04-02,1983.0,0.0,SIMPEST
1983-04-03,1983.0,0.0,SIMPEST
1983-04-04,1983.0,0.0,SIMPEST
1983-04-05,1983.0,0.0,SIMPEST
1983-04-06,1983.0,0.0,SIMPEST
1983-04-07,1983.0,0.0,SIMPEST
1983-04-08,1983.0,0.0,SIMPEST
1983-04-09,1983.0,0.0,SIMPEST
1983-04-10,1983.0,0.0,SIMPEST
1983-04-11,1983.0,0.0,SIMPEST
1983-04-12,1983.0,0.0,SIMPEST
1983-04-13,1983.0,0.0,SIMPEST
1983-04-14,1983.0,0.0,SIMPEST
1983-04-15,1983.0,0.0,SIMPEST
1983-04-16,1983.0,0.0,SIMPEST
1983-04-17,1983.0,0.0,SIMPEST
1983-04-18,1983.0,0.0,SIMPEST
1983-04-19,1983.0,0.0,SIMPEST
1983-04-20,1983.0,0.0,SIMPEST
1983-04-21,1983.0,0.0,SIMPEST
1983-04-22,1983.0,0.0,SIMPEST
1983-04-23,1983.0,0.0,SIMPEST
1983-04-24,1983.0,0.0,SIMPEST
1983-04-25,1983.0,0.0,SIMPEST
1983-04-26,1983.0,0.0,SIMPEST
1983-04-27,1983.0,0.0,SIMPEST
1983-04-28,1983.0,0.0,SIMPEST
1983-04-29,1983.0,0.0,SIMPEST
1983-04-30,1983.0,0.0,SIMPEST
1983-05-01,1983.0,0.0,SIMPEST
1983-05-02,1983.0,0.0,SIMPEST
1983-05-03,1983.0,0.0032534468539366,SIMPEST
1983-05-04,1983.0,0.0032061530106817,SIMPEST
1983-05-05,1983.0,0.0088325395096466,SIMPEST
1983-05-06,1983.0,0.0136176605734414,SIMPEST
1983-05-07,1983.0,0.013314306048906,SIMPEST
1983-05-08,1983.0,0.0131825153573352,SIMPEST
1983-05-09,1983.0,0.0173847133447527,SIMPEST
1983-05-10,1983.0,0.0172365173445822,SIMPEST
1983-05-11,1983.0,0.0170333337072106,SIMPEST
1983-05-12,1983.0,0.0168088434603622,SIMPEST
1983-05-13,1983.0,0.0338794020174119,SIMPEST
1983-05-14,1983.0,0.0463297120242576,SIMPEST
1983-05-15,1983.0,0.0464229149965637,SIMPEST
1983-05-16,1983.0,0.0464809982989941,SIMPEST
1983-05-17,1983.0,0.0465626706979094,SIMPEST
1983-05-18,1983.0,0.0466875949948859,SIMPEST
1983-05-19,1983.0,0.0835465701107756,SIMPEST
1983-05-20,1983.0,0.0838230776380565,SIMPEST
1983-05-21,1983.0,0.1201613784410851,SIMPEST
1983-05-22,1983.0,0.154694155628986,SIMPEST
1983-05-23,1983.0,0.2019330618367803,SIMPEST
1983-05-24,1983.0,0.2026420937455975,SIMPEST
1983-05-25,1983.0,0.2034626228593685,SIMPEST
1983-05-26,1983.0,0.2038159909996499,SIMPEST
1983-05-27,1983.0,0.2043188067355857,SIMPEST
1983-05-28,1983.0,0.2578025495252759,SIMPEST
1983-05-29,1983.0,0.2578050381136859,SIMPEST
1983-05-30,1983.0,0.2578050381136859,SIMPEST
1983-05-31,1983.0,0.2578050381136859,SIMPEST
1983-06-01,1983.0,0.2578388117161301,SIMPEST
1983-06-02,1983.0,0.3134498428866846,SIMPEST
1983-06-03,1983.0,0.3668098841510362,SIMPEST
1983-06-04,1983.0,0.366867950120973,SIMPEST
1983-06-05,1983.0,0.366867950120973,SIMPEST
1983-06-06,1983.0,0.366867950120973,SIMPEST
1983-06-07,1983.0,0.4107715739923568,SIMPEST
1983-06-08,1983.0,0.4107715739923568,SIMPEST
1983-06-09,1983.0,0.4107715739923569,SIMPEST
1983-06-10,1983.0,0.4534184856741707,SIMPEST
1983-06-11,1983.0,0.4534184856741707,SIMPEST
1983-06-12,1983.0,0.4852502174802534,SIMPEST
1983-06-13,1983.0,0.4852515308692228,SIMPEST
1983-06-14,1983.0,0.5107327565954624,SIMPEST
1983-06-15,1983.0,0.5318607924946581,SIMPEST
1983-06-16,1983.0,0.5320535582530911,SIMPEST
1983-06-17,1983.0,0.5320535582530911,SIMPEST
1983-06-18,1983.0,0.5584802563568003,SIMPEST
1983-06-19,1983.0,0.5584802563568003,SIMPEST
1983-06-20,1983.0,0.5591716289814723,SIMPEST
1983-06-21,1983.0,0.5819013887719201,SIMPEST
1983-06-22,1983.0,0.5819013887719201,SIMPEST
1983-06-23,1983.0,0.5819013887719201,SIMPEST
1983-06-24,1983.0,0.5819013887719201,SIMPEST
1983-06-25,1983.0,0.5819013887719201,SIMPEST
1983-06-26,1983.0,0.5819013887719201,SIMPEST
1983-06-27,1983.0,0.5819013887719201,SIMPEST
1983-06-28,1983.0,0.5819013887719201,SIMPEST
1983-06-29,1983.0,0.5819013887719201,SIMPEST
1983-06-30,1983.0,0.5985408781369386,SIMPEST
1983-07-01,1983.0,0.5985408781369386,SIMPEST
1983-07-02,1983.0,0.5985408781369386,SIMPEST
1983-07-03,1983.0,0.5985408781369386,SIMPEST
1983-07-04,1983.0,0.5988296240518934,SIMPEST
1983-07-05,1983.0,0.6047966404843478,SIMPEST
1983-07-06,1983.0,0.6080673113503716,SIMPEST
1983-07-07,1983.0,0.6080673113503716,SIMPEST
1983-07-08,1983.0,0.6080673113503716,SIMPEST
1983-07-09,1983.0,0.6080673113503716,SIMPEST
1983-07-10,1983.0,0.6080673113503716,SIMPEST
1983-07-11,1983.0,0.6080673113503717,SIMPEST
1983-07-12,1983.0,0.6080673113503716,SIMPEST
1983-07-13,1983.0,0.6100950227104145,SIMPEST
1983-07-14,1983.0,0.613507527335343,SIMPEST
1983-07-15,1983.0,0.613507527335343,SIMPEST
1983-07-16,1983.0,0.6161354325782559,SIMPEST
1983-07-17,1983.0,0.6176858580107214,SIMPEST
1983-07-18,1983.0,0.6176858580107214,SIMPEST
1983-07-19,1983.0,0.6177829557065809,SIMPEST
1983-07-20,1983.0,0.6177829557065809,SIMPEST
1983-07-21,1983.0,0.6177829557065809,SIMPEST
1983-07-22,1983.0,0.6177829557065809,SIMPEST
1983-07-23,1983.0,0.6177829557065809,SIMPEST
1983-07-24,1983.0,0.6177829557065809,SIMPEST
1983-07-25,1983.0,0.6177829557065809,SIMPEST
1983-07-26,1983.0,0.6177829557065809,SIMPEST
1983-07-27,1983.0,0.6177829557065809,SIMPEST
,,,SIMPEST
,,,SIMPEST
,,,SIMPEST
,,,SIMPEST
,,,SIMPEST
,,,SIMPEST
,,,SIMPEST
,,,SIMPEST
,,,SIMPEST
,,,SIMPEST
,,,SIMPEST
,,,SIMPEST
,,,SIMPEST
,,,SIMPEST
,,,SIMPEST
,,,SIMPEST
,,,SIMPEST
,,,SIMPEST
,,,SIMPEST
,,,SIMPEST
,,,SIMPEST
,,,SIMPEST
,,,SIMPEST
,,,SIMPEST
,,,SIMPEST
,,,SIMPEST
,,,SIMPEST
,,,SIMPEST
,,,SIMPEST
,,,SIMPEST
,,,SIMPEST
,,,SIMPEST
,,,SIMPEST
,,,SIMPEST
,,,SIMPEST
,,,SIMPEST
,,,SIMPEST
,,,SIMPEST
,,,SIMPEST
,,,SIMPEST
,,,SIMPEST
,,,SIMPEST
,,,SIMPEST
,,,SIMPEST
,,,SIMPEST
,,,SIMPEST
,,,SIMPEST
,,,SIMPEST
,,,SIMPEST
,,,SIMPEST
,,,SIMPEST
,,,SIMPEST
,,,SIMPEST
,,,SIMPEST
,,,SIMPEST
,,,SIMPEST
,,,SIMPEST
,,,SIMPEST
,,,SIMPEST
,,,SIMPEST
,,,SIMPEST
,,,SIMPEST
,,,SIMPEST
,,,SIMPEST
1983-09-30,1983.0,0.0,SIMPEST
1983-10-01,1983.0,0.0,SIMPEST
1983-10-02,1983.0,0.0,SIMPEST
1983-10-03,1983.0,0.0,SIMPEST
1983-10-04,1983.0,0.0,SIMPEST
1983-10-05,1983.0,0.0,SIMPEST
1983-10-06,1983.0,0.0,SIMPEST
1983-10-07,1983.0,0.0,SIMPEST
1983-10-08,1983.0,0.0,SIMPEST
1983-10-09,1983.0,0.0,SIMPEST
1983-10-10,1983.0,0.0,SIMPEST
1983-10-11,1983.0,0.0,SIMPEST
1983-10-12,1983.0,0.0,SIMPEST
1983-10-13,1983.0,0.0,SIMPEST
1983-10-14,1983.0,0.0,SIMPEST
1983-10-15,1983.0,0.0,SIMPEST
1983-10-16,1983.0,0.0,SIMPEST
1983-10-17,1983.0,0.0,SIMPEST
1983-10-18,1983.0,0.0,SIMPEST
1983-10-19,1983.0,0.0,SIMPEST
1983-10-20,1983.0,0.0,SIMPEST
1983-10-21,1983.0,0.0,SIMPEST
1983-10-22,1983.0,0.0,SIMPEST
1983-10-23,1983.0,0.0,SIMPEST
1983-10-24,1983.0,0.0,SIMPEST
1983-10-25,1983.0,0.0,SIMPEST
1983-10-26,1983.0,0.0,SIMPEST
1983-10-27,1983.0,0.0,SIMPEST
1983-10-28,1983.0,0.0,SIMPEST
1983-10-29,1983.0,0.0,SIMPEST
1983-10-30,1983.0,0.0,SIMPEST
1983-10-31,1983.0,0.0,SIMPEST
1983-11-01,1983.0,0.0,SIMPEST
1983-11-02,1983.0,0.0,SIMPEST
1983-11-03,1983.0,0.0,SIMPEST
1983-11-04,1983.0,0.0,SIMPEST
1983-11-05,1983.0,0.0,SIMPEST
1983-11-06,1983.0,0.0,SIMPEST
1983-11-07,1983.0,0.0,SIMPEST
1983-11-08,1983.0,0.0,SIMPEST
1983-11-09,1983.0,0.0,SIMPEST
1983-11-10,1983.0,0.0,SIMPEST
1983-11-11,1983.0,0.0,SIMPEST
1983-11-12,1983.0,0.0,SIMPEST
1983-11-13,1983.0,0.0,SIMPEST
1983-11-14,1983.0,0.0,SIMPEST
1983-11-15,1983.0,0.0,SIMPEST
1983-11-16,1983.0,0.0,SIMPEST
1983-11-17,1983.0,0.0,SIMPEST
1983-11-18,1983.0,0.0,SIMPEST
1983-11-19,1983.0,0.0,SIMPEST
1983-11-20,1983.0,0.0,SIMPEST
1983-11-21,1983.0,0.0,SIMPEST
1983-11-22,1983.0,0.0,SIMPEST
1983-11-23,1983.0,0.0,SIMPEST
1983-11-24,1983.0,0.0,SIMPEST
1983-11-25,1983.0,0.0,SIMPEST
1983-11-26,1983.0,0.0,SIMPEST
1983-11-27,1983.0,0.0,SIMPEST
1983-11-28,1983.0,0.0,SIMPEST
1983-11-29,1983.0,0.0,SIMPEST
1983-11-30,1983.0,0.0,SIMPEST
1983-12-01,1983.0,0.0,SIMPEST
1983-12-02,1983.0,0.0,SIMPEST
1983-12-03,1983.0,0.0,SIMPEST
1983-12-04,1983.0,0.0,SIMPEST
1983-12-05,1983.0,0.0,SIMPEST
1983-12-06,1983.0,0.0,SIMPEST
1983-12-07,1983.0,0.0,SIMPEST
1983-12-08,1983.0,0.0,SIMPEST
1983-12-09,1983.0,0.0,SIMPEST
1983-12-10,1983.0,0.0,SIMPEST
1983-12-11,1983.0,0.0,SIMPEST
1983-12-12,1983.0,0.0,SIMPEST
1983-12-13,1983.0,0.0,SIMPEST
1983-12-14,1983.0,0.0,SIMPEST
1983-12-15,1983.0,0.0,SIMPEST
1983-12-16,1983.0,0.0,SIMPEST
1983-12-17,1983.0,0.0,SIMPEST
1983-12-18,1983.0,0.0,SIMPEST
1983-12-19,1983.0,0.0,SIMPEST
1983-12-20,1983.0,0.0,SIMPEST
1983-12-21,1983.0,0.0,SIMPEST
1983-12-22,1983.0,0.0,SIMPEST
1983-12-23,1983.0,0.0,SIMPEST
1983-12-24,1983.0,0.0,SIMPEST
1983-12-25,1983.0,0.0,SIMPEST
1983-12-26,1983.0,0.0,SIMPEST
1983-12-27,1983.0,0.0,SIMPEST
1983-12-28,1983.0,0.0,SIMPEST
1983-12-29,1983.0,0.0,SIMPEST
1983-12-30,1983.0,0.0,SIMPEST
1983-12-31,1983.0,0.0,SIMPEST
1984-01-01,1984.0,0.0,SIMPEST
1984-01-02,1984.0,0.0,SIMPEST
1984-01-03,1984.0,0.0,SIMPEST
1984-01-04,1984.0,0.0,SIMPEST
1984-01-05,1984.0,0.0,SIMPEST
1984-01-06,1984.0,0.0,SIMPEST
1984-01-07,1984.0,0.0,SIMPEST
1984-01-08,1984.0,0.0,SIMPEST
1984-01-09,1984.0,0.0,SIMPEST
1984-01-10,1984.0,0.0,SIMPEST
1984-01-11,1984.0,0.0,SIMPEST
1984-01-12,1984.0,0.0,SIMPEST
1984-01-13,1984.0,0.0,SIMPEST
1984-01-14,1984.0,0.0,SIMPEST
1984-01-15,1984.0,0.0,SIMPEST
1984-01-16,1984.0,0.0,SIMPEST
1984-01-17,1984.0,0.0,SIMPEST
1984-01-18,1984.0,0.0,SIMPEST
1984-01-19,1984.0,0.0,SIMPEST
1984-01-20,1984.0,0.0,SIMPEST
1984-01-21,1984.0,0.0,SIMPEST
1984-01-22,1984.0,0.0,SIMPEST
1984-01-23,1984.0,0.0,SIMPEST
1984-01-24,1984.0,0.0,SIMPEST
1984-01-25,1984.0,0.0,SIMPEST
1984-01-26,1984.0,0.0,SIMPEST
1984-01-27,1984.0,0.0,SIMPEST
1984-01-28,1984.0,0.0,SIMPEST
1984-01-29,1984.0,0.0,SIMPEST
1984-01-30,1984.0,0.0,SIMPEST
1984-01-31,1984.0,0.0,SIMPEST
1984-02-01,1984.0,0.0,SIMPEST
1984-02-02,1984.0,0.0,SIMPEST
1984-02-03,1984.0,0.0,SIMPEST
1984-02-04,1984.0,0.0,SIMPEST
1984-02-05,1984.0,0.0,SIMPEST
1984-02-06,1984.0,0.0,SIMPEST
1984-02-07,1984.0,0.0,SIMPEST
1984-02-08,1984.0,0.0,SIMPEST
1984-02-09,1984.0,0.0,SIMPEST
1984-02-10,1984.0,0.0,SIMPEST
1984-02-11,1984.0,0.0,SIMPEST
1984-02-12,1984.0,0.0,SIMPEST
1984-02-13,1984.0,0.0,SIMPEST
1984-02-14,1984.0,0.0,SIMPEST
1984-02-15,1984.0,0.0,SIMPEST
1984-02-16,1984.0,0.0,SIMPEST
1984-02-17,1984.0,0.0,SIMPEST
1984-02-18,1984.0,0.0,SIMPEST
1984-02-19,1984.0,0.0,SIMPEST
1984-02-20,1984.0,0.0,SIMPEST
1984-02-21,1984.0,0.0,SIMPEST
1984-02-22,1984.0,0.0,SIMPEST
1984-02-23,1984.0,0.0,SIMPEST
1984-02-24,1984.0,0.0,SIMPEST
1984-02-25,1984.0,0.0,SIMPEST
1984-02-26,1984.0,0.0,SIMPEST
1984-02-27,1984.0,0.0,SIMPEST
1984-02-28,1984.0,0.0,SIMPEST
1984-02-29,1984.0,0.0,SIMPEST
1984-03-01,1984.0,0.0,SIMPEST
1984-03-02,1984.0,0.0,SIMPEST
1984-03-03,1984.0,0.0,SIMPEST
1984-03-04,1984.0,0.0,SIMPEST
1984-03-05,1984.0,0.0,SIMPEST
1984-03-06,1984.0,0.0,SIMPEST
1984-03-07,1984.0,0.0,SIMPEST
1984-03-08,1984.0,0.0,SIMPEST
1984-03-09,1984.0,0.0,SIMPEST
1984-03-10,1984.0,0.0,SIMPEST
1984-03-11,1984.0,0.0,SIMPEST
1984-03-12,1984.0,0.0,SIMPEST
1984-03-13,1984.0,0.0,SIMPEST
1984-03-14,1984.0,0.0,SIMPEST
1984-03-15,1984.0,0.0,SIMPEST
1984-03-16,1984.0,0.0,SIMPEST
1984-03-17,1984.0,0.0,SIMPEST
1984-03-18,1984.0,0.0,SIMPEST
1984-03-19,1984.0,0.0,SIMPEST
1984-03-20,1984.0,0.0,SIMPEST
1984-03-21,1984.0,0.0,SIMPEST
1984-03-22,1984.0,0.0,SIMPEST
1984-03-23,1984.0,0.0,SIMPEST
1984-03-24,1984.0,0.0,SIMPEST
1984-03-25,1984.0,0.0,SIMPEST
1984-03-26,1984.0,0.0,SIMPEST
1984-03-27,1984.0,0.0,SIMPEST
1984-03-28,1984.0,0.0,SIMPEST
1984-03-29,1984.0,0.0,SIMPEST
1984-03-30,1984.0,0.0,SIMPEST
1984-03-31,1984.0,0.0,SIMPEST
1984-04-01,1984.0,0.0,SIMPEST
1984-04-02,1984.0,0.0,SIMPEST
1984-04-03,1984.0,0.0,SIMPEST
1984-04-04,1984.0,0.0,SIMPEST
1984-04-05,1984.0,0.0,SIMPEST
1984-04-06,1984.0,0.0,SIMPEST
1984-04-07,1984.0,0.0,SIMPEST
1984-04-08,1984.0,0.0,SIMPEST
1984-04-09,1984.0,0.0,SIMPEST
1984-04-10,1984.0,0.0,SIMPEST
1984-04-11,1984.0,0.0,SIMPEST
1984-04-12,1984.0,0.0,SIMPEST
1984-04-13,1984.0,0.0,SIMPEST
1984-04-14,1984.0,0.0,SIMPEST
1984-04-15,1984.0,0.0,SIMPEST
1984-04-16,1984.0,0.0,SIMPEST
1984-04-17,1984.0,0.0,SIMPEST
1984-04-18,1984.0,0.0,SIMPEST
1984-04-19,1984.0,0.0,SIMPEST
1984-04-20,1984.0,0.0,SIMPEST
1984-04-21,1984.0,0.0,SIMPEST
1984-04-22,1984.0,0.0,SIMPEST
1984-04-23,1984.0,0.0,SIMPEST
1984-04-24,1984.0,0.0,SIMPEST
1984-04-25,1984.0,0.0,SIMPEST
1984-04-26,1984.0,0.0,SIMPEST
1984-04-27,1984.0,0.0,SIMPEST
1984-04-28,1984.0,0.0,SIMPEST
1984-04-29,1984.0,0.0,SIMPEST
1984-04-30,1984.0,0.0,SIMPEST
1984-05-01,1984.0,0.0,SIMPEST
1984-05-02,1984.0,0.0,SIMPEST
1984-05-03,1984.0,0.0,SIMPEST
1984-05-04,1984.0,0.0,SIMPEST
1984-05-05,1984.0,0.0,SIMPEST
1984-05-06,1984.0,0.0,SIMPEST
1984-05-07,1984.0,0.0,SIMPEST
1984-05-08,1984.0,0.0038312949631619,SIMPEST
1984-05-09,1984.0,0.0038100861834,SIMPEST
1984-05-10,1984.0,0.0037798142163836,SIMPEST
1984-05-11,1984.0,0.0109304712593683,SIMPEST
1984-05-12,1984.0,0.0108333027500106,SIMPEST
1984-05-13,1984.0,0.0237122305198852,SIMPEST
1984-05-14,1984.0,0.0237495518748758,SIMPEST
1984-05-15,1984.0,0.0237814100844463,SIMPEST
1984-05-16,1984.0,0.0238092909827659,SIMPEST
1984-05-17,1984.0,0.0238627555114088,SIMPEST
1984-05-18,1984.0,0.0239512247926798,SIMPEST
1984-05-19,1984.0,0.0448500691951431,SIMPEST
1984-05-20,1984.0,0.0450344998880671,SIMPEST
1984-05-21,1984.0,0.0807715629292855,SIMPEST
1984-05-22,1984.0,0.0811840996926605,SIMPEST
1984-05-23,1984.0,0.0815275474289718,SIMPEST
1984-05-24,1984.0,0.081848603748452,SIMPEST
1984-05-25,1984.0,0.1205497651932598,SIMPEST
1984-05-26,1984.0,0.1487843449712414,SIMPEST
1984-05-27,1984.0,0.1487843449712414,SIMPEST
1984-05-28,1984.0,0.1487843449712414,SIMPEST
1984-05-29,1984.0,0.1487843449712414,SIMPEST
1984-05-30,1984.0,0.2119566206030958,SIMPEST
1984-05-31,1984.0,0.2119695138108326,SIMPEST
1984-06-01,1984.0,0.2119867716135908,SIMPEST
1984-06-02,1984.0,0.2119867716135908,SIMPEST
1984-06-03,1984.0,0.2119867716135908,SIMPEST
1984-06-04,1984.0,0.2119867716135908,SIMPEST
1984-06-05,1984.0,0.2119867716135908,SIMPEST
1984-06-06,1984.0,0.2699171152132782,SIMPEST
1984-06-07,1984.0,0.2699799791757159,SIMPEST
1984-06-08,1984.0,0.3239207103166881,SIMPEST
1984-06-09,1984.0,0.3676911756905276,SIMPEST
1984-06-10,1984.0,0.3676911756905276,SIMPEST
1984-06-11,1984.0,0.3935750793890298,SIMPEST
1984-06-12,1984.0,0.4303411789152831,SIMPEST
1984-06-13,1984.0,0.4303411789152832,SIMPEST
1984-06-14,1984.0,0.4573938117220628,SIMPEST
1984-06-15,1984.0,0.4573938117220628,SIMPEST
1984-06-16,1984.0,0.4573938117220628,SIMPEST
1984-06-17,1984.0,0.4573938117220628,SIMPEST
1984-06-18,1984.0,0.4575964599821966,SIMPEST
1984-06-19,1984.0,0.4577358307849863,SIMPEST
1984-06-20,1984.0,0.4577358307849863,SIMPEST
1984-06-21,1984.0,0.469072318489615,SIMPEST
1984-06-22,1984.0,0.4815030105164389,SIMPEST
1984-06-23,1984.0,0.502114304160638,SIMPEST
1984-06-24,1984.0,0.5224719593640826,SIMPEST
1984-06-25,1984.0,0.5304905710920451,SIMPEST
1984-06-26,1984.0,0.5404694566738549,SIMPEST
1984-06-27,1984.0,0.540469456673855,SIMPEST
1984-06-28,1984.0,0.540469456673855,SIMPEST
1984-06-29,1984.0,0.5499847211046611,SIMPEST
1984-06-30,1984.0,0.5499847211046611,SIMPEST
1984-07-01,1984.0,0.5642817426967944,SIMPEST
1984-07-02,1984.0,0.5688203013144739,SIMPEST
1984-07-03,1984.0,0.5752092361931864,SIMPEST
1984-07-04,1984.0,0.5752092361931864,SIMPEST
1984-07-05,1984.0,0.5784275121819304,SIMPEST
1984-07-06,1984.0,0.5815375694973136,SIMPEST
1984-07-07,1984.0,0.58898658608974,SIMPEST
1984-07-08,1984.0,0.5948894293147375,SIMPEST
1984-07-09,1984.0,0.5971240730837748,SIMPEST
1984-07-10,1984.0,0.5971240730837748,SIMPEST
1984-07-11,1984.0,0.5971240730837748,SIMPEST
1984-07-12,1984.0,0.5971240730837748,SIMPEST
1984-07-13,1984.0,0.599883657163016,SIMPEST
1984-07-14,1984.0,0.599883657163016,SIMPEST
1984-07-15,1984.0,0.6004675126223296,SIMPEST
1984-07-16,1984.0,0.6006248632398964,SIMPEST
1984-07-17,1984.0,0.6006248632398964,SIMPEST
1984-07-18,1984.0,0.6006248632398964,SIMPEST
1984-07-19,1984.0,0.6006248632398963,SIMPEST
1984-07-20,1984.0,0.6006248632398964,SIMPEST
1984-07-21,1984.0,0.6006248632398964,SIMPEST
1984-07-22,1984.0,0.6006248632398965,SIMPEST
1984-07-23,1984.0,0.6006248632398964,SIMPEST
,,,SIMPEST
,,,SIMPEST
,,,SIMPEST
,,,SIMPEST
,,,SIMPEST
,,,SIMPEST
,,,SIMPEST
,,,SIMPEST
,,,SIMPEST
,,,SIMPEST
,,,SIMPEST
,,,SIMPEST
,,,SIMPEST
,,,SIMPEST
,,,SIMPEST
,,,SIMPEST
,,,SIMPEST
,,,SIMPEST
,,,SIMPEST
,,,SIMPEST
,,,SIMPEST
,,,SIMPEST
,,,SIMPEST
,,,SIMPEST
,,,SIMPEST
,,,SIMPEST
,,,SIMPEST
,,,SIMPEST
,,,SIMPEST
,,,SIMPEST
,,,SIMPEST
,,,SIMPEST
,,,SIMPEST
,,,SIMPEST
,,,SIMPEST
,,,SIMPEST
,,,SIMPEST
,,,SIMPEST
,,,SIMPEST
,,,SIMPEST
,,,SIMPEST
,,,SIMPEST
,,,SIMPEST
,,,SIMPEST
,,,SIMPEST
,,,SIMPEST
,,,SIMPEST
,,,SIMPEST
,,,SIMPEST
,,,SIMPEST
,,,SIMPEST
,,,SIMPEST
,,,SIMPEST
,,,SIMPEST
,,,SIMPEST
,,,SIMPEST
,,,SIMPEST
,,,SIMPEST
,,,SIMPEST
,,,SIMPEST
,,,SIMPEST
,,,SIMPEST
,,,SIMPEST
,,,SIMPEST
,,,SIMPEST
,,,SIMPEST
,,,SIMPEST
,,,SIMPEST
,,,SIMPEST
,,,SIMPEST
,,,SIMPEST
,,,SIMPEST
,,,SIMPEST
1984-10-05,1984.0,0.0,SIMPEST
1984-10-06,1984.0,0.0,SIMPEST
1984-10-07,1984.0,0.0,SIMPEST
1984-10-08,1984.0,0.0,SIMPEST
1984-10-09,1984.0,0.0,SIMPEST
1984-10-10,1984.0,0.0,SIMPEST
1984-10-11,1984.0,0.0,SIMPEST
1984-10-12,1984.0,0.0,SIMPEST
1984-10-13,1984.0,0.0,SIMPEST
1984-10-14,1984.0,0.0,SIMPEST
1984-10-15,1984.0,0.0,SIMPEST
1984-10-16,1984.0,0.0,SIMPEST
1984-10-17,1984.0,0.0,SIMPEST
1984-10-18,1984.0,0.0,SIMPEST
1984-10-19,1984.0,0.0,SIMPEST
1984-10-20,1984.0,0.0,SIMPEST
1984-10-21,1984.0,0.0,SIMPEST
1984-10-22,1984.0,0.0,SIMPEST
1984-10-23,1984.0,0.0,SIMPEST
1984-10-24,1984.0,0.0,SIMPEST
1984-10-25,1984.0,0.0,SIMPEST
1984-10-26,1984.0,0.0,SIMPEST
1984-10-27,1984.0,0.0,SIMPEST
1984-10-28,1984.0,0.0,SIMPEST
1984-10-29,1984.0,0.0,SIMPEST
1984-10-30,1984.0,0.0,SIMPEST
1984-10-31,1984.0,0.0,SIMPEST
1984-11-01,1984.0,0.0,SIMPEST
1984-11-02,1984.0,0.0,SIMPEST
1984-11-03,1984.0,0.0,SIMPEST
1984-11-04,1984.0,0.0,SIMPEST
1984-11-05,1984.0,0.0,SIMPEST
1984-11-06,1984.0,0.0,SIMPEST
1984-11-07,1984.0,0.0,SIMPEST
1984-11-08,1984.0,0.0,SIMPEST
1984-11-09,1984.0,0.0,SIMPEST
1984-11-10,1984.0,0.0,SIMPEST
1984-11-11,1984.0,0.0,SIMPEST
1984-11-12,1984.0,0.0,SIMPEST
1984-11-13,1984.0,0.0,SIMPEST
1984-11-14,1984.0,0.0,SIMPEST
1984-11-15,1984.0,0.0,SIMPEST
1984-11-16,1984.0,0.0,SIMPEST
1984-11-17,1984.0,0.0,SIMPEST
1984-11-18,1984.0,0.0,SIMPEST
1984-11-19,1984.0,0.0,SIMPEST
1984-11-20,1984.0,0.0,SIMPEST
1984-11-21,1984.0,0.0,SIMPEST
1984-11-22,1984.0,0.0,SIMPEST
1984-11-23,1984.0,0.0,SIMPEST
1984-11-24,1984.0,0.0,SIMPEST
1984-11-25,1984.0,0.0,SIMPEST
1984-11-26,1984.0,0.0,SIMPEST
1984-11-27,1984.0,0.0,SIMPEST
1984-11-28,1984.0,0.0,SIMPEST
1984-11-29,1984.0,0.0,SIMPEST
1984-11-30,1984.0,0.0,SIMPEST
1984-12-01,1984.0,0.0,SIMPEST
1984-12-02,1984.0,0.0,SIMPEST
1984-12-03,1984.0,0.0,SIMPEST
1984-12-04,1984.0,0.0,SIMPEST
1984-12-05,1984.0,0.0,SIMPEST
1984-12-06,1984.0,0.0,SIMPEST
1984-12-07,1984.0,0.0,SIMPEST
1984-12-08,1984.0,0.0,SIMPEST
1984-12-09,1984.0,0.0,SIMPEST
1984-12-10,1984.0,0.0,SIMPEST
1984-12-11,1984.0,0.0,SIMPEST
1984-12-12,1984.0,0.0,SIMPEST
1984-12-13,1984.0,0.0,SIMPEST
1984-12-14,1984.0,0.0,SIMPEST
1984-12-15,1984.0,0.0,SIMPEST
1984-12-16,1984.0,0.0,SIMPEST
1984-12-17,1984.0,0.0,SIMPEST
1984-12-18,1984.0,0.0,SIMPEST
1984-12-19,1984.0,0.0,SIMPEST
1984-12-20,1984.0,0.0,SIMPEST
1984-12-21,1984.0,0.0,SIMPEST
1984-12-22,1984.0,0.0,SIMPEST
1984-12-23,1984.0,0.0,SIMPEST
1984-12-24,1984.0,0.0,SIMPEST
1984-12-25,1984.0,0.0,SIMPEST
1984-12-26,1984.0,0.0,SIMPEST
1984-12-27,1984.0,0.0,SIMPEST
1984-12-28,1984.0,0.0,SIMPEST
1984-12-29,1984.0,0.0,SIMPEST
1984-12-30,1984.0,0.0,SIMPEST
1984-12-31,1984.0,0.0,SIMPEST
1985-01-01,1985.0,0.0,SIMPEST
1985-01-02,1985.0,0.0,SIMPEST
1985-01-03,1985.0,0.0,SIMPEST
1985-01-04,1985.0,0.0,SIMPEST
1985-01-05,1985.0,0.0,SIMPEST
1985-01-06,1985.0,0.0,SIMPEST
1985-01-07,1985.0,0.0,SIMPEST
1985-01-08,1985.0,0.0,SIMPEST
1985-01-09,1985.0,0.0,SIMPEST
1985-01-10,1985.0,0.0,SIMPEST
1985-01-11,1985.0,0.0,SIMPEST
1985-01-12,1985.0,0.0,SIMPEST
1985-01-13,1985.0,0.0,SIMPEST
1985-01-14,1985.0,0.0,SIMPEST
1985-01-15,1985.0,0.0,SIMPEST
1985-01-16,1985.0,0.0,SIMPEST
1985-01-17,1985.0,0.0,SIMPEST
1985-01-18,1985.0,0.0,SIMPEST
1985-01-19,1985.0,0.0,SIMPEST
1985-01-20,1985.0,0.0,SIMPEST
1985-01-21,1985.0,0.0,SIMPEST
1985-01-22,1985.0,0.0,SIMPEST
1985-01-23,1985.0,0.0,SIMPEST
1985-01-24,1985.0,0.0,SIMPEST
1985-01-25,1985.0,0.0,SIMPEST
1985-01-26,1985.0,0.0,SIMPEST
1985-01-27,1985.0,0.0,SIMPEST
1985-01-28,1985.0,0.0,SIMPEST
1985-01-29,1985.0,0.0,SIMPEST
1985-01-30,1985.0,0.0,SIMPEST
1985-01-31,1985.0,0.0,SIMPEST
1985-02-01,1985.0,0.0,SIMPEST
1985-02-02,1985.0,0.0,SIMPEST
1985-02-03,1985.0,0.0,SIMPEST
1985-02-04,1985.0,0.0,SIMPEST
1985-02-05,1985.0,0.0,SIMPEST
1985-02-06,1985.0,0.0,SIMPEST
1985-02-07,1985.0,0.0,SIMPEST
1985-02-08,1985.0,0.0,SIMPEST
1985-02-09,1985.0,0.0,SIMPEST
1985-02-10,1985.0,0.0,SIMPEST
1985-02-11,1985.0,0.0,SIMPEST
1985-02-12,1985.0,0.0,SIMPEST
1985-02-13,1985.0,0.0,SIMPEST
1985-02-14,1985.0,0.0,SIMPEST
1985-02-15,1985.0,0.0,SIMPEST
1985-02-16,1985.0,0.0,SIMPEST
1985-02-17,1985.0,0.0,SIMPEST
1985-02-18,1985.0,0.0,SIMPEST
1985-02-19,1985.0,0.0,SIMPEST
1985-02-20,1985.0,0.0,SIMPEST
1985-02-21,1985.0,0.0,SIMPEST
1985-02-22,1985.0,0.0,SIMPEST
1985-02-23,1985.0,0.0,SIMPEST
1985-02-24,1985.0,0.0,SIMPEST
1985-02-25,1985.0,0.0,SIMPEST
1985-02-26,1985.0,0.0,SIMPEST
1985-02-27,1985.0,0.0,SIMPEST
1985-02-28,1985.0,0.0,SIMPEST
1985-03-01,1985.0,0.0,SIMPEST
1985-03-02,1985.0,0.0,SIMPEST
1985-03-03,1985.0,0.0,SIMPEST
1985-03-04,1985.0,0.0,SIMPEST
1985-03-05,1985.0,0.0,SIMPEST
1985-03-06,1985.0,0.0,SIMPEST
1985-03-07,1985.0,0.0,SIMPEST
1985-03-08,1985.0,0.0,SIMPEST
1985-03-09,1985.0,0.0,SIMPEST
1985-03-10,1985.0,0.0,SIMPEST
1985-03-11,1985.0,0.0,SIMPEST
1985-03-12,1985.0,0.0,SIMPEST
1985-03-13,1985.0,0.0,SIMPEST
1985-03-14,1985.0,0.0,SIMPEST
1985-03-15,1985.0,0.0,SIMPEST
1985-03-16,1985.0,0.0,SIMPEST
1985-03-17,1985.0,0.0,SIMPEST
1985-03-18,1985.0,0.0,SIMPEST
1985-03-19,1985.0,0.0,SIMPEST
1985-03-20,1985.0,0.0,SIMPEST
1985-03-21,1985.0,0.0,SIMPEST
1985-03-22,1985.0,0.0,SIMPEST
1985-03-23,1985.0,0.0,SIMPEST
1985-03-24,1985.0,0.0,SIMPEST
1985-03-25,1985.0,0.0,SIMPEST
1985-03-26,1985.0,0.0,SIMPEST
1985-03-27,1985.0,0.0,SIMPEST
1985-03-28,1985.0,0.0,SIMPEST
1985-03-29,1985.0,0.0,SIMPEST
1985-03-30,1985.0,0.0,SIMPEST
1985-03-31,1985.0,0.0,SIMPEST
1985-04-01,1985.0,0.0,SIMPEST
1985-04-02,1985.0,0.0,SIMPEST
1985-04-03,1985.0,0.0,SIMPEST
1985-04-04,1985.0,0.0,SIMPEST
1985-04-05,1985.0,0.0,SIMPEST
1985-04-06,1985.0,0.0,SIMPEST
1985-04-07,1985.0,0.0,SIMPEST
1985-04-08,1985.0,0.0,SIMPEST
1985-04-09,1985.0,0.0,SIMPEST
1985-04-10,1985.0,0.0,SIMPEST
1985-04-11,1985.0,0.0,SIMPEST
1985-04-12,1985.0,0.0,SIMPEST
1985-04-13,1985.0,0.0,SIMPEST
1985-04-14,1985.0,0.0,SIMPEST
1985-04-15,1985.0,0.0,SIMPEST
1985-04-16,1985.0,0.0,SIMPEST
1985-04-17,1985.0,0.0,SIMPEST
1985-04-18,1985.0,0.0,SIMPEST
1985-04-19,1985.0,0.0089333012679463,SIMPEST
1985-04-20,1985.0,0.0164764168446621,SIMPEST
1985-04-21,1985.0,0.0240966496762622,SIMPEST
1985-04-22,1985.0,0.0239103452314004,SIMPEST
1985-04-23,1985.0,0.0451501334701163,SIMPEST
1985-04-24,1985.0,0.0587872320180162,SIMPEST
1985-04-25,1985.0,0.0589452931058815,SIMPEST
1985-04-26,1985.0,0.0591505662056533,SIMPEST
1985-04-27,1985.0,0.0815280448310448,SIMPEST
1985-04-28,1985.0,0.0817715997504436,SIMPEST
1985-04-29,1985.0,0.0820080854668836,SIMPEST
1985-04-30,1985.0,0.0822903139650358,SIMPEST
1985-05-01,1985.0,0.0826234427664411,SIMPEST
1985-05-02,1985.0,0.0828889881281615,SIMPEST
1985-05-03,1985.0,0.0831124823408365,SIMPEST
1985-05-04,1985.0,0.0834040517808408,SIMPEST
1985-05-05,1985.0,0.0834040517808408,SIMPEST
1985-05-06,1985.0,0.0834040517808408,SIMPEST
1985-05-07,1985.0,0.0834040517808408,SIMPEST
1985-05-08,1985.0,0.0834040517808408,SIMPEST
1985-05-09,1985.0,0.1139829983444415,SIMPEST
1985-05-10,1985.0,0.1614139693108205,SIMPEST
1985-05-11,1985.0,0.2207120703295813,SIMPEST
1985-05-12,1985.0,0.2207120703295813,SIMPEST
1985-05-13,1985.0,0.2207120703295813,SIMPEST
1985-05-14,1985.0,0.2734196861218645,SIMPEST
1985-05-15,1985.0,0.2734196861218645,SIMPEST
1985-05-16,1985.0,0.2734196861218645,SIMPEST
1985-05-17,1985.0,0.2734196861218645,SIMPEST
1985-05-18,1985.0,0.3194387343584397,SIMPEST
1985-05-19,1985.0,0.3195797146990884,SIMPEST
1985-05-20,1985.0,0.3195797146990884,SIMPEST
1985-05-21,1985.0,0.3195797146990884,SIMPEST
1985-05-22,1985.0,0.3195797146990884,SIMPEST
1985-05-23,1985.0,0.339478615056273,SIMPEST
1985-05-24,1985.0,0.339478615056273,SIMPEST
1985-05-25,1985.0,0.339478615056273,SIMPEST
1985-05-26,1985.0,0.339478615056273,SIMPEST
1985-05-27,1985.0,0.3394786150562729,SIMPEST
1985-05-28,1985.0,0.3532938832622698,SIMPEST
1985-05-29,1985.0,0.3681985349139872,SIMPEST
1985-05-30,1985.0,0.3681985349139872,SIMPEST
1985-05-31,1985.0,0.3688495310858796,SIMPEST
1985-06-01,1985.0,0.4050283535479438,SIMPEST
1985-06-02,1985.0,0.4294451164796069,SIMPEST
1985-06-03,1985.0,0.4431433040328942,SIMPEST
1985-06-04,1985.0,0.4431433040328942,SIMPEST
1985-06-05,1985.0,0.468821037453234,SIMPEST
1985-06-06,1985.0,0.469184135019034,SIMPEST
1985-06-07,1985.0,0.469184135019034,SIMPEST
1985-06-08,1985.0,0.469184135019034,SIMPEST
1985-06-09,1985.0,0.469184135019034,SIMPEST
1985-06-10,1985.0,0.469184135019034,SIMPEST
1985-06-11,1985.0,0.4890763829122634,SIMPEST
1985-06-12,1985.0,0.4890763829122634,SIMPEST
1985-06-13,1985.0,0.4955183259394513,SIMPEST
1985-06-14,1985.0,0.4955183259394513,SIMPEST
1985-06-15,1985.0,0.5102237432709065,SIMPEST
1985-06-16,1985.0,0.5248364481971864,SIMPEST
1985-06-17,1985.0,0.5248364481971864,SIMPEST
1985-06-18,1985.0,0.5248364481971864,SIMPEST
1985-06-19,1985.0,0.5345849452191218,SIMPEST
1985-06-20,1985.0,0.5436568239942894,SIMPEST
1985-06-21,1985.0,0.543881764792925,SIMPEST
1985-06-22,1985.0,0.543881764792925,SIMPEST
1985-06-23,1985.0,0.5459063390968457,SIMPEST
1985-06-24,1985.0,0.5459063390968457,SIMPEST
1985-06-25,1985.0,0.5480997194418555,SIMPEST
1985-06-26,1985.0,0.5480997194418555,SIMPEST
1985-06-27,1985.0,0.5509228917117334,SIMPEST
1985-06-28,1985.0,0.5521028338074496,SIMPEST
1985-06-29,1985.0,0.5521028338074496,SIMPEST
1985-06-30,1985.0,0.5530622867293125,SIMPEST
1985-07-01,1985.0,0.5534551376821549,SIMPEST
1985-07-02,1985.0,0.5534551376821549,SIMPEST
1985-07-03,1985.0,0.5534551376821549,SIMPEST
1985-07-04,1985.0,0.5534551376821549,SIMPEST
1985-07-05,1985.0,0.5534551376821549,SIMPEST
1985-07-06,1985.0,0.5534551376821549,SIMPEST
,,,SIMPEST
,,,SIMPEST
,,,SIMPEST
,,,SIMPEST
,,,SIMPEST
,,,SIMPEST
,,,SIMPEST
,,,SIMPEST
,,,SIMPEST
,,,SIMPEST
,,,SIMPEST
,,,SIMPEST
,,,SIMPEST
,,,SIMPEST
,,,SIMPEST
,,,SIMPEST
,,,SIMPEST
,,,SIMPEST
,,,SIMPEST
,,,SIMPEST
,,,SIMPEST
,,,SIMPEST
,,,SIMPEST
,,,SIMPEST
,,,SIMPEST
,,,SIMPEST
,,,SIMPEST
,,,SIMPEST
,,,SIMPEST
,,,SIMPEST
,,,SIMPEST
,,,SIMPEST
,,,SIMPEST
,,,SIMPEST
,,,SIMPEST
,,,SIMPEST
,,,SIMPEST
,,,SIMPEST
,,,SIMPEST
,,,SIMPEST
,,,SIMPEST
,,,SIMPEST
,,,SIMPEST
,,,SIMPEST
,,,SIMPEST
,,,SIMPEST
,,,SIMPEST
,,,SIMPEST
,,,SIMPEST
,,,SIMPEST
,,,SIMPEST
,,,SIMPEST
,,,SIMPEST
,,,SIMPEST
,,,SIMPEST
,,,SIMPEST
,,,SIMPEST
,,,SIMPEST
,,,SIMPEST
,,,SIMPEST
,,,SIMPEST
,,,SIMPEST
,,,SIMPEST
,,,SIMPEST
,,,SIMPEST
,,,SIMPEST
,,,SIMPEST
,,,SIMPEST
,,,SIMPEST
,,,SIMPEST
,,,SIMPEST
,,,SIMPEST
,,,SIMPEST
,,,SIMPEST
,,,SIMPEST
,,,SIMPEST
,,,SIMPEST
,,,SIMPEST
,,,SIMPEST
,,,SIMPEST
,,,SIMPEST
,,,SIMPEST
,,,SIMPEST
,,,SIMPEST
,,,SIMPEST
,,,SIMPEST
,,,SIMPEST
,,,SIMPEST
,,,SIMPEST
,,,SIMPEST
,,,SIMPEST
,,,SIMPEST
1985-10-07,1985.0,0.0,SIMPEST
1985-10-08,1985.0,0.0,SIMPEST
1985-10-09,1985.0,0.0,SIMPEST
1985-10-10,1985.0,0.0,SIMPEST
1985-10-11,1985.0,0.0,SIMPEST
1985-10-12,1985.0,0.0,SIMPEST
1985-10-13,1985.0,0.0,SIMPEST
1985-10-14,1985.0,0.0,SIMPEST
1985-10-15,1985.0,0.0,SIMPEST
1985-10-16,1985.0,0.0,SIMPEST
1985-10-17,1985.0,0.0,SIMPEST
1985-10-18,1985.0,0.0,SIMPEST
1985-10-19,1985.0,0.0,SIMPEST
1985-10-20,1985.0,0.0,SIMPEST
1985-10-21,1985.0,0.0,SIMPEST
1985-10-22,1985.0,0.0,SIMPEST
1985-10-23,1985.0,0.0,SIMPEST
1985-10-24,1985.0,0.0,SIMPEST
1985-10-25,1985.0,0.0,SIMPEST
1985-10-26,1985.0,0.0,SIMPEST
1985-10-27,1985.0,0.0,SIMPEST
1985-10-28,1985.0,0.0,SIMPEST
1985-10-29,1985.0,0.0,SIMPEST
1985-10-30,1985.0,0.0,SIMPEST
1985-10-31,1985.0,0.0,SIMPEST
1985-11-01,1985.0,0.0,SIMPEST
1985-11-02,1985.0,0.0,SIMPEST
1985-11-03,1985.0,0.0,SIMPEST
1985-11-04,1985.0,0.0,SIMPEST
1985-11-05,1985.0,0.0,SIMPEST
1985-11-06,1985.0,0.0,SIMPEST
1985-11-07,1985.0,0.0,SIMPEST
1985-11-08,1985.0,0.0,SIMPEST
1985-11-09,1985.0,0.0,SIMPEST
1985-11-10,1985.0,0.0,SIMPEST
1985-11-11,1985.0,0.0,SIMPEST
1985-11-12,1985.0,0.0,SIMPEST
1985-11-13,1985.0,0.0,SIMPEST
1985-11-14,1985.0,0.0,SIMPEST
1985-11-15,1985.0,0.0,SIMPEST
1985-11-16,1985.0,0.0,SIMPEST
1985-11-17,1985.0,0.0,SIMPEST
1985-11-18,1985.0,0.0,SIMPEST
1985-11-19,1985.0,0.0,SIMPEST
1985-11-20,1985.0,0.0,SIMPEST
1985-11-21,1985.0,0.0,SIMPEST
1985-11-22,1985.0,0.0,SIMPEST
1985-11-23,1985.0,0.0,SIMPEST
1985-11-24,1985.0,0.0,SIMPEST
1985-11-25,1985.0,0.0,SIMPEST
1985-11-26,1985.0,0.0,SIMPEST
1985-11-27,1985.0,0.0,SIMPEST
1985-11-28,1985.0,0.0,SIMPEST
1985-11-29,1985.0,0.0,SIMPEST
1985-11-30,1985.0,0.0,SIMPEST
1985-12-01,1985.0,0.0,SIMPEST
1985-12-02,1985.0,0.0,SIMPEST
1985-12-03,1985.0,0.0,SIMPEST
1985-12-04,1985.0,0.0,SIMPEST
1985-12-05,1985.0,0.0,SIMPEST
1985-12-06,1985.0,0.0,SIMPEST
1985-12-07,1985.0,0.0,SIMPEST
1985-12-08,1985.0,0.0,SIMPEST
1985-12-09,1985.0,0.0,SIMPEST
1985-12-10,1985.0,0.0,SIMPEST
1985-12-11,1985.0,0.0,SIMPEST
1985-12-12,1985.0,0.0,SIMPEST
1985-12-13,1985.0,0.0,SIMPEST
1985-12-14,1985.0,0.0,SIMPEST
1985-12-15,1985.0,0.0,SIMPEST
1985-12-16,1985.0,0.0,SIMPEST
1985-12-17,1985.0,0.0,SIMPEST
1985-12-18,1985.0,0.0,SIMPEST
1985-12-19,1985.0,0.0,SIMPEST
1985-12-20,1985.0,0.0,SIMPEST
1985-12-21,1985.0,0.0,SIMPEST
1985-12-22,1985.0,0.0,SIMPEST
1985-12-23,1985.0,0.0,SIMPEST
1985-12-24,1985.0,0.0,SIMPEST
1985-12-25,1985.0,0.0,SIMPEST
1985-12-26,1985.0,0.0,SIMPEST
1985-12-27,1985.0,0.0,SIMPEST
1985-12-28,1985.0,0.0,SIMPEST
1985-12-29,1985.0,0.0,SIMPEST
1985-12-30,1985.0,0.0,SIMPEST
1985-12-31,1985.0,0.0,SIMPEST
1986-01-01,1986.0,0.0,SIMPEST
1986-01-02,1986.0,0.0,SIMPEST
1986-01-03,1986.0,0.0,SIMPEST
1986-01-04,1986.0,0.0,SIMPEST
1986-01-05,1986.0,0.0,SIMPEST
1986-01-06,1986.0,0.0,SIMPEST
1986-01-07,1986.0,0.0,SIMPEST
1986-01-08,1986.0,0.0,SIMPEST
1986-01-09,1986.0,0.0,SIMPEST
1986-01-10,1986.0,0.0,SIMPEST
1986-01-11,1986.0,0.0,SIMPEST
1986-01-12,1986.0,0.0,SIMPEST
1986-01-13,1986.0,0.0,SIMPEST
1986-01-14,1986.0,0.0,SIMPEST
1986-01-15,1986.0,0.0,SIMPEST
1986-01-16,1986.0,0.0,SIMPEST
1986-01-17,1986.0,0.0,SIMPEST
1986-01-18,1986.0,0.0,SIMPEST
1986-01-19,1986.0,0.0,SIMPEST
1986-01-20,1986.0,0.0,SIMPEST
1986-01-21,1986.0,0.0,SIMPEST
1986-01-22,1986.0,0.0,SIMPEST
1986-01-23,1986.0,0.0,SIMPEST
1986-01-24,1986.0,0.0,SIMPEST
1986-01-25,1986.0,0.0,SIMPEST
1986-01-26,1986.0,0.0,SIMPEST
1986-01-27,1986.0,0.0,SIMPEST
1986-01-28,1986.0,0.0,SIMPEST
1986-01-29,1986.0,0.0,SIMPEST
1986-01-30,1986.0,0.0,SIMPEST
1986-01-31,1986.0,0.0,SIMPEST
1986-02-01,1986.0,0.0,SIMPEST
1986-02-02,1986.0,0.0,SIMPEST
1986-02-03,1986.0,0.0,SIMPEST
1986-02-04,1986.0,0.0,SIMPEST
1986-02-05,1986.0,0.0,SIMPEST
1986-02-06,1986.0,0.0,SIMPEST
1986-02-07,1986.0,0.0,SIMPEST
1986-02-08,1986.0,0.0,SIMPEST
1986-02-09,1986.0,0.0,SIMPEST
1986-02-10,1986.0,0.0,SIMPEST
1986-02-11,1986.0,0.0,SIMPEST
1986-02-12,1986.0,0.0,SIMPEST
1986-02-13,1986.0,0.0,SIMPEST
1986-02-14,1986.0,0.0,SIMPEST
1986-02-15,1986.0,0.0,SIMPEST
1986-02-16,1986.0,0.0,SIMPEST
1986-02-17,1986.0,0.0,SIMPEST
1986-02-18,1986.0,0.0,SIMPEST
1986-02-19,1986.0,0.0,SIMPEST
1986-02-20,1986.0,0.0,SIMPEST
1986-02-21,1986.0,0.0,SIMPEST
1986-02-22,1986.0,0.0,SIMPEST
1986-02-23,1986.0,0.0,SIMPEST
1986-02-24,1986.0,0.0,SIMPEST
1986-02-25,1986.0,0.0,SIMPEST
1986-02-26,1986.0,0.0,SIMPEST
1986-02-27,1986.0,0.0,SIMPEST
1986-02-28,1986.0,0.0,SIMPEST
1986-03-01,1986.0,0.0,SIMPEST
1986-03-02,1986.0,0.0,SIMPEST
1986-03-03,1986.0,0.0,SIMPEST
1986-03-04,1986.0,0.0,SIMPEST
1986-03-05,1986.0,0.0,SIMPEST
1986-03-06,1986.0,0.0,SIMPEST
1986-03-07,1986.0,0.0,SIMPEST
1986-03-08,1986.0,0.0,SIMPEST
1986-03-09,1986.0,0.0,SIMPEST
1986-03-10,1986.0,0.0,SIMPEST
1986-03-11,1986.0,0.0,SIMPEST
1986-03-12,1986.0,0.0,SIMPEST
1986-03-13,1986.0,0.0,SIMPEST
1986-03-14,1986.0,0.0,SIMPEST
1986-03-15,1986.0,0.0,SIMPEST
1986-03-16,1986.0,0.0,SIMPEST
1986-03-17,1986.0,0.0,SIMPEST
1986-03-18,1986.0,0.0,SIMPEST
1986-03-19,1986.0,0.0,SIMPEST
1986-03-20,1986.0,0.0,SIMPEST
1986-03-21,1986.0,0.0,SIMPEST
1986-03-22,1986.0,0.0,SIMPEST
1986-03-23,1986.0,0.0,SIMPEST
1986-03-24,1986.0,0.0,SIMPEST
1986-03-25,1986.0,0.0,SIMPEST
1986-03-26,1986.0,0.0,SIMPEST
1986-03-27,1986.0,0.0,SIMPEST
1986-03-28,1986.0,0.0,SIMPEST
1986-03-29,1986.0,0.0,SIMPEST
1986-03-30,1986.0,0.0,SIMPEST
1986-03-31,1986.0,0.0,SIMPEST
1986-04-01,1986.0,0.0,SIMPEST
1986-04-02,1986.0,0.0,SIMPEST
1986-04-03,1986.0,0.0,SIMPEST
1986-04-04,1986.0,0.0,SIMPEST
1986-04-05,1986.0,0.0,SIMPEST
1986-04-06,1986.0,0.0,SIMPEST
1986-04-07,1986.0,0.0,SIMPEST
1986-04-08,1986.0,0.0,SIMPEST
1986-04-09,1986.0,0.0,SIMPEST
1986-04-10,1986.0,0.0,SIMPEST
1986-04-11,1986.0,0.0,SIMPEST
1986-04-12,1986.0,0.0,SIMPEST
1986-04-13,1986.0,0.0,SIMPEST
1986-04-14,1986.0,0.0,SIMPEST
1986-04-15,1986.0,0.0,SIMPEST
1986-04-16,1986.0,0.0,SIMPEST
1986-04-17,1986.0,0.0,SIMPEST
1986-04-18,1986.0,0.0059214748737397,SIMPEST
1986-04-19,1986.0,0.0097337306927695,SIMPEST
1986-04-20,1986.0,0.0151980026849579,SIMPEST
1986-04-21,1986.0,0.0151432376144031,SIMPEST
1986-04-22,1986.0,0.0151407932123219,SIMPEST
1986-04-23,1986.0,0.0151161449707841,SIMPEST
1986-04-24,1986.0,0.0149627602992265,SIMPEST
1986-04-25,1986.0,0.0147457936918035,SIMPEST
1986-04-26,1986.0,0.0145419983342792,SIMPEST
1986-04-27,1986.0,0.0144834569167952,SIMPEST
1986-04-28,1986.0,0.0145314599952438,SIMPEST
1986-04-29,1986.0,0.0382514124444756,SIMPEST
1986-04-30,1986.0,0.0383826834189957,SIMPEST
1986-05-01,1986.0,0.0385121988451298,SIMPEST
1986-05-02,1986.0,0.0385764856111903,SIMPEST
1986-05-03,1986.0,0.0386067561206383,SIMPEST
1986-05-04,1986.0,0.0386877311509509,SIMPEST
1986-05-05,1986.0,0.0388552016780089,SIMPEST
1986-05-06,1986.0,0.0390483015503791,SIMPEST
1986-05-07,1986.0,0.0392470423932797,SIMPEST
1986-05-08,1986.0,0.0774141297041259,SIMPEST
1986-05-09,1986.0,0.0774141297041259,SIMPEST
1986-05-10,1986.0,0.0774141297041259,SIMPEST
1986-05-11,1986.0,0.1173582640784049,SIMPEST
1986-05-12,1986.0,0.1173603623351191,SIMPEST
1986-05-13,1986.0,0.1173603623351191,SIMPEST
1986-05-14,1986.0,0.1173603623351191,SIMPEST
1986-05-15,1986.0,0.1174249654278939,SIMPEST
1986-05-16,1986.0,0.1174249654278939,SIMPEST
1986-05-17,1986.0,0.1543933969774954,SIMPEST
1986-05-18,1986.0,0.1545712097800084,SIMPEST
1986-05-19,1986.0,0.1545712097800084,SIMPEST
1986-05-20,1986.0,0.1545712097800084,SIMPEST
1986-05-21,1986.0,0.1545712097800084,SIMPEST
1986-05-22,1986.0,0.1545712097800084,SIMPEST
1986-05-23,1986.0,0.1545712097800084,SIMPEST
1986-05-24,1986.0,0.2112412757801895,SIMPEST
1986-05-25,1986.0,0.2632772273681569,SIMPEST
1986-05-26,1986.0,0.2632772273681569,SIMPEST
1986-05-27,1986.0,0.2632772273681569,SIMPEST
1986-05-28,1986.0,0.2632772273681569,SIMPEST
1986-05-29,1986.0,0.3080225152204603,SIMPEST
1986-05-30,1986.0,0.3080225152204603,SIMPEST
1986-05-31,1986.0,0.3305730913943412,SIMPEST
1986-06-01,1986.0,0.3664561015284774,SIMPEST
1986-06-02,1986.0,0.3667794032268958,SIMPEST
1986-06-03,1986.0,0.3667794032268958,SIMPEST
1986-06-04,1986.0,0.3999326947453239,SIMPEST
1986-06-05,1986.0,0.4288024885628801,SIMPEST
1986-06-06,1986.0,0.4432346836802018,SIMPEST
1986-06-07,1986.0,0.4432346836802018,SIMPEST
1986-06-08,1986.0,0.4432346836802018,SIMPEST
1986-06-09,1986.0,0.4434577086662853,SIMPEST
1986-06-10,1986.0,0.4702385068182856,SIMPEST
1986-06-11,1986.0,0.4939008058429709,SIMPEST
1986-06-12,1986.0,0.4939008058429709,SIMPEST
1986-06-13,1986.0,0.5134586593222082,SIMPEST
1986-06-14,1986.0,0.5134586593222082,SIMPEST
1986-06-15,1986.0,0.5134586593222082,SIMPEST
1986-06-16,1986.0,0.5134586593222082,SIMPEST
1986-06-17,1986.0,0.5189686588239353,SIMPEST
1986-06-18,1986.0,0.5189686588239353,SIMPEST
1986-06-19,1986.0,0.5318155068483472,SIMPEST
1986-06-20,1986.0,0.5464574816194292,SIMPEST
1986-06-21,1986.0,0.5581097106599293,SIMPEST
1986-06-22,1986.0,0.5686224004162586,SIMPEST
1986-06-23,1986.0,0.572099461714362,SIMPEST
1986-06-24,1986.0,0.572099461714362,SIMPEST
1986-06-25,1986.0,0.572099461714362,SIMPEST
1986-06-26,1986.0,0.582930686600025,SIMPEST
1986-06-27,1986.0,0.582930686600025,SIMPEST
1986-06-28,1986.0,0.5872816780111398,SIMPEST
1986-06-29,1986.0,0.58728167801114,SIMPEST
1986-06-30,1986.0,0.58728167801114,SIMPEST
1986-07-01,1986.0,0.588455376356965,SIMPEST
1986-07-02,1986.0,0.5888091393571234,SIMPEST
1986-07-03,1986.0,0.5888091393571234,SIMPEST
1986-07-04,1986.0,0.5888091393571234,SIMPEST
1986-07-05,1986.0,0.5888091393571234,SIMPEST
1986-07-06,1986.0,0.5888091393571234,SIMPEST
1986-07-07,1986.0,0.5888091393571234,SIMPEST
1986-07-08,1986.0,0.5888091393571234,SIMPEST
1986-07-09,1986.0,0.5888091393571234,SIMPEST
,,,SIMPEST
,,,SIMPEST
,,,SIMPEST
,,,SIMPEST
,,,SIMPEST
,,,SIMPEST
,,,SIMPEST
,,,SIMPEST
,,,SIMPEST
,,,SIMPEST
,,,SIMPEST
,,,SIMPEST
,,,SIMPEST
,,,SIMPEST
,,,SIMPEST
,,,SIMPEST
,,,SIMPEST
,,,SIMPEST
,,,SIMPEST
,,,SIMPEST
,,,SIMPEST
,,,SIMPEST
,,,SIMPEST
,,,SIMPEST
,,,SIMPEST
,,,SIMPEST
,,,SIMPEST
,,,SIMPEST
,,,SIMPEST
,,,SIMPEST
,,,SIMPEST
,,,SIMPEST
,,,SIMPEST
,,,SIMPEST
,,,SIMPEST
,,,SIMPEST
,,,SIMPEST
,,,SIMPEST
,,,SIMPEST
,,,SIMPEST
,,,SIMPEST
,,,SIMPEST
,,,SIMPEST
,,,SIMPEST
,,,SIMPEST
,,,SIMPEST
,,,SIMPEST
,,,SIMPEST
,,,SIMPEST
,,,SIMPEST
,,,SIMPEST
,,,SIMPEST
,,,SIMPEST
,,,SIMPEST
,,,SIMPEST
,,,SIMPEST
,,,SIMPEST
,,,SIMPEST
,,,SIMPEST
,,,SIMPEST
,,,SIMPEST
,,,SIMPEST
,,,SIMPEST
,,,SIMPEST
,,,SIMPEST
,,,SIMPEST
,,,SIMPEST
,,,SIMPEST
,,,SIMPEST
,,,SIMPEST
,,,SIMPEST
,,,SIMPEST
,,,SIMPEST
,,,SIMPEST
,,,SIMPEST
,,,SIMPEST
,,,SIMPEST
,,,SIMPEST
,,,SIMPEST
,,,SIMPEST
,,,SIMPEST
,,,SIMPEST
,,,SIMPEST
,,,SIMPEST
,,,SIMPEST
,,,SIMPEST
,,,SIMPEST
,,,SIMPEST
,,,SIMPEST
,,,SIMPEST
,,,SIMPEST
,,,SIMPEST
,,,SIMPEST
1986-10-11,1986.0,0.0,SIMPEST
1986-10-12,1986.0,0.0,SIMPEST
1986-10-13,1986.0,0.0,SIMPEST
1986-10-14,1986.0,0.0,SIMPEST
1986-10-15,1986.0,0.0,SIMPEST
1986-10-16,1986.0,0.0,SIMPEST
1986-10-17,1986.0,0.0,SIMPEST
1986-10-18,1986.0,0.0,SIMPEST
1986-10-19,1986.0,0.0,SIMPEST
1986-10-20,1986.0,0.0,SIMPEST
1986-10-21,1986.0,0.0,SIMPEST
1986-10-22,1986.0,0.0,SIMPEST
1986-10-23,1986.0,0.0,SIMPEST
1986-10-24,1986.0,0.0,SIMPEST
1986-10-25,1986.0,0.0,SIMPEST
1986-10-26,1986.0,0.0,SIMPEST
1986-10-27,1986.0,0.0,SIMPEST
1986-10-28,1986.0,0.0,SIMPEST
1986-10-29,1986.0,0.0,SIMPEST
1986-10-30,1986.0,0.0,SIMPEST
1986-10-31,1986.0,0.0,SIMPEST
1986-11-01,1986.0,0.0,SIMPEST
1986-11-02,1986.0,0.0,SIMPEST
1986-11-03,1986.0,0.0,SIMPEST
1986-11-04,1986.0,0.0,SIMPEST
1986-11-05,1986.0,0.0,SIMPEST
1986-11-06,1986.0,0.0,SIMPEST
1986-11-07,1986.0,0.0,SIMPEST
1986-11-08,1986.0,0.0,SIMPEST
1986-11-09,1986.0,0.0,SIMPEST
1986-11-10,1986.0,0.0,SIMPEST
1986-11-11,1986.0,0.0,SIMPEST
1986-11-12,1986.0,0.0,SIMPEST
1986-11-13,1986.0,0.0,SIMPEST
1986-11-14,1986.0,0.0,SIMPEST
1986-11-15,1986.0,0.0,SIMPEST
1986-11-16,1986.0,0.0,SIMPEST
1986-11-17,1986.0,0.0,SIMPEST
1986-11-18,1986.0,0.0,SIMPEST
1986-11-19,1986.0,0.0,SIMPEST
1986-11-20,1986.0,0.0,SIMPEST
1986-11-21,1986.0,0.0,SIMPEST
1986-11-22,1986.0,0.0,SIMPEST
1986-11-23,1986.0,0.0,SIMPEST
1986-11-24,1986.0,0.0,SIMPEST
1986-11-25,1986.0,0.0,SIMPEST
1986-11-26,1986.0,0.0,SIMPEST
1986-11-27,1986.0,0.0,SIMPEST
1986-11-28,1986.0,0.0,SIMPEST
1986-11-29,1986.0,0.0,SIMPEST
1986-11-30,1986.0,0.0,SIMPEST
1986-12-01,1986.0,0.0,SIMPEST
1986-12-02,1986.0,0.0,SIMPEST
1986-12-03,1986.0,0.0,SIMPEST
1986-12-04,1986.0,0.0,SIMPEST
1986-12-05,1986.0,0.0,SIMPEST
1986-12-06,1986.0,0.0,SIMPEST
1986-12-07,1986.0,0.0,SIMPEST
1986-12-08,1986.0,0.0,SIMPEST
1986-12-09,1986.0,0.0,SIMPEST
1986-12-10,1986.0,0.0,SIMPEST
1986-12-11,1986.0,0.0,SIMPEST
1986-12-12,1986.0,0.0,SIMPEST
1986-12-13,1986.0,0.0,SIMPEST
1986-12-14,1986.0,0.0,SIMPEST
1986-12-15,1986.0,0.0,SIMPEST
1986-12-16,1986.0,0.0,SIMPEST
1986-12-17,1986.0,0.0,SIMPEST
1986-12-18,1986.0,0.0,SIMPEST
1986-12-19,1986.0,0.0,SIMPEST
1986-12-20,1986.0,0.0,SIMPEST
1986-12-21,1986.0,0.0,SIMPEST
1986-12-22,1986.0,0.0,SIMPEST
1986-12-23,1986.0,0.0,SIMPEST
1986-12-24,1986.0,0.0,SIMPEST
1986-12-25,1986.0,0.0,SIMPEST
1986-12-26,1986.0,0.0,SIMPEST
1986-12-27,1986.0,0.0,SIMPEST
1986-12-28,1986.0,0.0,SIMPEST
1986-12-29,1986.0,0.0,SIMPEST
1986-12-30,1986.0,0.0,SIMPEST
1986-12-31,1986.0,0.0,SIMPEST
1987-01-01,1987.0,0.0,SIMPEST
1987-01-02,1987.0,0.0,SIMPEST
1987-01-03,1987.0,0.0,SIMPEST
1987-01-04,1987.0,0.0,SIMPEST
1987-01-05,1987.0,0.0,SIMPEST
1987-01-06,1987.0,0.0,SIMPEST
1987-01-07,1987.0,0.0,SIMPEST
1987-01-08,1987.0,0.0,SIMPEST
1987-01-09,1987.0,0.0,SIMPEST
1987-01-10,1987.0,0.0,SIMPEST
1987-01-11,1987.0,0.0,SIMPEST
1987-01-12,1987.0,0.0,SIMPEST
1987-01-13,1987.0,0.0,SIMPEST
1987-01-14,1987.0,0.0,SIMPEST
1987-01-15,1987.0,0.0,SIMPEST
1987-01-16,1987.0,0.0,SIMPEST
1987-01-17,1987.0,0.0,SIMPEST
1987-01-18,1987.0,0.0,SIMPEST
1987-01-19,1987.0,0.0,SIMPEST
1987-01-20,1987.0,0.0,SIMPEST
1987-01-21,1987.0,0.0,SIMPEST
1987-01-22,1987.0,0.0,SIMPEST
1987-01-23,1987.0,0.0,SIMPEST
1987-01-24,1987.0,0.0,SIMPEST
1987-01-25,1987.0,0.0,SIMPEST
1987-01-26,1987.0,0.0,SIMPEST
1987-01-27,1987.0,0.0,SIMPEST
1987-01-28,1987.0,0.0,SIMPEST
1987-01-29,1987.0,0.0,SIMPEST
1987-01-30,1987.0,0.0,SIMPEST
1987-01-31,1987.0,0.0,SIMPEST
1987-02-01,1987.0,0.0,SIMPEST
1987-02-02,1987.0,0.0,SIMPEST
1987-02-03,1987.0,0.0,SIMPEST
1987-02-04,1987.0,0.0,SIMPEST
1987-02-05,1987.0,0.0,SIMPEST
1987-02-06,1987.0,0.0,SIMPEST
1987-02-07,1987.0,0.0,SIMPEST
1987-02-08,1987.0,0.0,SIMPEST
1987-02-09,1987.0,0.0,SIMPEST
1987-02-10,1987.0,0.0,SIMPEST
1987-02-11,1987.0,0.0,SIMPEST
1987-02-12,1987.0,0.0,SIMPEST
1987-02-13,1987.0,0.0,SIMPEST
1987-02-14,1987.0,0.0,SIMPEST
1987-02-15,1987.0,0.0,SIMPEST
1987-02-16,1987.0,0.0,SIMPEST
1987-02-17,1987.0,0.0,SIMPEST
1987-02-18,1987.0,0.0,SIMPEST
1987-02-19,1987.0,0.0,SIMPEST
1987-02-20,1987.0,0.0,SIMPEST
1987-02-21,1987.0,0.0,SIMPEST
1987-02-22,1987.0,0.0,SIMPEST
1987-02-23,1987.0,0.0,SIMPEST
1987-02-24,1987.0,0.0,SIMPEST
1987-02-25,1987.0,0.0,SIMPEST
1987-02-26,1987.0,0.0,SIMPEST
1987-02-27,1987.0,0.0,SIMPEST
1987-02-28,1987.0,0.0,SIMPEST
1987-03-01,1987.0,0.0,SIMPEST
1987-03-02,1987.0,0.0,SIMPEST
1987-03-03,1987.0,0.0,SIMPEST
1987-03-04,1987.0,0.0,SIMPEST
1987-03-05,1987.0,0.0,SIMPEST
1987-03-06,1987.0,0.0,SIMPEST
1987-03-07,1987.0,0.0,SIMPEST
1987-03-08,1987.0,0.0,SIMPEST
1987-03-09,1987.0,0.0,SIMPEST
1987-03-10,1987.0,0.0,SIMPEST
1987-03-11,1987.0,0.0,SIMPEST
1987-03-12,1987.0,0.0,SIMPEST
1987-03-13,1987.0,0.0,SIMPEST
1987-03-14,1987.0,0.0,SIMPEST
1987-03-15,1987.0,0.0,SIMPEST
1987-03-16,1987.0,0.0,SIMPEST
1987-03-17,1987.0,0.0,SIMPEST
1987-03-18,1987.0,0.0,SIMPEST
1987-03-19,1987.0,0.0,SIMPEST
1987-03-20,1987.0,0.0,SIMPEST
1987-03-21,1987.0,0.0,SIMPEST
1987-03-22,1987.0,0.0,SIMPEST
1987-03-23,1987.0,0.0,SIMPEST
1987-03-24,1987.0,0.0,SIMPEST
1987-03-25,1987.0,0.0,SIMPEST
1987-03-26,1987.0,0.0,SIMPEST
1987-03-27,1987.0,0.0,SIMPEST
1987-03-28,1987.0,0.0,SIMPEST
1987-03-29,1987.0,0.0,SIMPEST
1987-03-30,1987.0,0.0,SIMPEST
1987-03-31,1987.0,0.0,SIMPEST
1987-04-01,1987.0,0.0,SIMPEST
1987-04-02,1987.0,0.0,SIMPEST
1987-04-03,1987.0,0.0,SIMPEST
1987-04-04,1987.0,0.0,SIMPEST
1987-04-05,1987.0,0.0,SIMPEST
1987-04-06,1987.0,0.0,SIMPEST
1987-04-07,1987.0,0.0,SIMPEST
1987-04-08,1987.0,0.0,SIMPEST
1987-04-09,1987.0,0.0,SIMPEST
1987-04-10,1987.0,0.0,SIMPEST
1987-04-11,1987.0,0.0,SIMPEST
1987-04-12,1987.0,0.0,SIMPEST
1987-04-13,1987.0,0.0,SIMPEST
1987-04-14,1987.0,0.0,SIMPEST
1987-04-15,1987.0,0.0,SIMPEST
1987-04-16,1987.0,0.0,SIMPEST
1987-04-17,1987.0,0.0,SIMPEST
1987-04-18,1987.0,0.0,SIMPEST
1987-04-19,1987.0,0.0,SIMPEST
1987-04-20,1987.0,0.0,SIMPEST
1987-04-21,1987.0,0.0,SIMPEST
1987-04-22,1987.0,0.0,SIMPEST
1987-04-23,1987.0,0.0,SIMPEST
1987-04-24,1987.0,0.0,SIMPEST
1987-04-25,1987.0,0.0,SIMPEST
1987-04-26,1987.0,0.0,SIMPEST
1987-04-27,1987.0,0.0,SIMPEST
1987-04-28,1987.0,0.0,SIMPEST
1987-04-29,1987.0,0.0,SIMPEST
1987-04-30,1987.0,0.0,SIMPEST
1987-05-01,1987.0,0.0,SIMPEST
1987-05-02,1987.0,0.0,SIMPEST
1987-05-03,1987.0,0.0,SIMPEST
1987-05-04,1987.0,0.0,SIMPEST
1987-05-05,1987.0,0.0,SIMPEST
1987-05-06,1987.0,0.0,SIMPEST
1987-05-07,1987.0,0.0,SIMPEST
1987-05-08,1987.0,0.0,SIMPEST
1987-05-09,1987.0,0.0,SIMPEST
1987-05-10,1987.0,0.0,SIMPEST
1987-05-11,1987.0,0.0,SIMPEST
1987-05-12,1987.0,0.0,SIMPEST
1987-05-13,1987.0,0.0,SIMPEST
1987-05-14,1987.0,0.0,SIMPEST
1987-05-15,1987.0,0.0,SIMPEST
1987-05-16,1987.0,0.0,SIMPEST
1987-05-17,1987.0,0.0,SIMPEST
1987-05-18,1987.0,0.0,SIMPEST
1987-05-19,1987.0,0.0,SIMPEST
1987-05-20,1987.0,0.0,SIMPEST
1987-05-21,1987.0,0.0,SIMPEST
1987-05-22,1987.0,0.0,SIMPEST
1987-05-23,1987.0,0.0,SIMPEST
1987-05-24,1987.0,0.0,SIMPEST
1987-05-25,1987.0,0.0,SIMPEST
1987-05-26,1987.0,0.0,SIMPEST
1987-05-27,1987.0,0.0,SIMPEST
1987-05-28,1987.0,0.0,SIMPEST
1987-05-29,1987.0,0.0,SIMPEST
1987-05-30,1987.0,0.0,SIMPEST
1987-05-31,1987.0,0.0,SIMPEST
1987-06-01,1987.0,0.0,SIMPEST
1987-06-02,1987.0,0.0,SIMPEST
1987-06-03,1987.0,0.0850106945116114,SIMPEST
1987-06-04,1987.0,0.0850106945116114,SIMPEST
1987-06-05,1987.0,0.0850106945116114,SIMPEST
1987-06-06,1987.0,0.0850106945116114,SIMPEST
1987-06-07,1987.0,0.1261366857893056,SIMPEST
1987-06-08,1987.0,0.1261366857893056,SIMPEST
1987-06-09,1987.0,0.193137266184497,SIMPEST
1987-06-10,1987.0,0.193137266184497,SIMPEST
1987-06-11,1987.0,0.2180188258512021,SIMPEST
1987-06-12,1987.0,0.2180188258512021,SIMPEST
1987-06-13,1987.0,0.2180188258512021,SIMPEST
1987-06-14,1987.0,0.2180188258512021,SIMPEST
1987-06-15,1987.0,0.2405063430829958,SIMPEST
1987-06-16,1987.0,0.2600435669316159,SIMPEST
1987-06-17,1987.0,0.2817485704050232,SIMPEST
1987-06-18,1987.0,0.3242138434030688,SIMPEST
1987-06-19,1987.0,0.3684720939737,SIMPEST
1987-06-20,1987.0,0.3831268800236547,SIMPEST
1987-06-21,1987.0,0.3831268800236547,SIMPEST
1987-06-22,1987.0,0.3831268800236547,SIMPEST
1987-06-23,1987.0,0.3831268800236547,SIMPEST
1987-06-24,1987.0,0.3831268800236547,SIMPEST
1987-06-25,1987.0,0.3832781015747845,SIMPEST
1987-06-26,1987.0,0.3832781015747845,SIMPEST
1987-06-27,1987.0,0.3833843532990496,SIMPEST
1987-06-28,1987.0,0.4093214711863619,SIMPEST
1987-06-29,1987.0,0.4093214711863619,SIMPEST
1987-06-30,1987.0,0.409321471186362,SIMPEST
1987-07-01,1987.0,0.4094622337499912,SIMPEST
1987-07-02,1987.0,0.4094622337499912,SIMPEST
1987-07-03,1987.0,0.4094622337499912,SIMPEST
1987-07-04,1987.0,0.4097207921330132,SIMPEST
1987-07-05,1987.0,0.4283292520045846,SIMPEST
1987-07-06,1987.0,0.4456786734421627,SIMPEST
1987-07-07,1987.0,0.4541393461645152,SIMPEST
1987-07-08,1987.0,0.4541393461645153,SIMPEST
1987-07-09,1987.0,0.4541393461645153,SIMPEST
1987-07-10,1987.0,0.4544062503267938,SIMPEST
1987-07-11,1987.0,0.4544062503267938,SIMPEST
1987-07-12,1987.0,0.4589409882631811,SIMPEST
1987-07-13,1987.0,0.4625854430319735,SIMPEST
1987-07-14,1987.0,0.4625854430319734,SIMPEST
1987-07-15,1987.0,0.4680693832635473,SIMPEST
1987-07-16,1987.0,0.4740575035207964,SIMPEST
1987-07-17,1987.0,0.4785804117517411,SIMPEST
1987-07-18,1987.0,0.4801585639730945,SIMPEST
1987-07-19,1987.0,0.4808563391976478,SIMPEST
1987-07-20,1987.0,0.4813365508123453,SIMPEST
,,,SIMPEST
,,,SIMPEST
,,,SIMPEST
,,,SIMPEST
,,,SIMPEST
,,,SIMPEST
,,,SIMPEST
,,,SIMPEST
,,,SIMPEST
,,,SIMPEST
,,,SIMPEST
,,,SIMPEST
,,,SIMPEST
,,,SIMPEST
,,,SIMPEST
,,,SIMPEST
,,,SIMPEST
,,,SIMPEST
,,,SIMPEST
,,,SIMPEST
,,,SIMPEST
,,,SIMPEST
,,,SIMPEST
,,,SIMPEST
,,,SIMPEST
,,,SIMPEST
,,,SIMPEST
,,,SIMPEST
,,,SIMPEST
,,,SIMPEST
,,,SIMPEST
,,,SIMPEST
,,,SIMPEST
,,,SIMPEST
,,,SIMPEST
,,,SIMPEST
,,,SIMPEST
,,,SIMPEST
,,,SIMPEST
,,,SIMPEST
,,,SIMPEST
,,,SIMPEST
,,,SIMPEST
,,,SIMPEST
,,,SIMPEST
,,,SIMPEST
,,,SIMPEST
,,,SIMPEST
,,,SIMPEST
,,,SIMPEST
,,,SIMPEST
,,,SIMPEST
,,,SIMPEST
,,,SIMPEST
,,,SIMPEST
,,,SIMPEST
,,,SIMPEST
,,,SIMPEST
,,,SIMPEST
,,,SIMPEST
,,,SIMPEST
,,,SIMPEST
,,,SIMPEST
,,,SIMPEST
,,,SIMPEST
,,,SIMPEST
,,,SIMPEST
,,,SIMPEST
,,,SIMPEST
,,,SIMPEST
,,,SIMPEST
,,,SIMPEST
,,,SIMPEST
,,,SIMPEST
,,,SIMPEST
,,,SIMPEST
,,,SIMPEST
,,,SIMPEST
1987-10-07,1987.0,0.0,SIMPEST
1987-10-08,1987.0,0.0,SIMPEST
1987-10-09,1987.0,0.0,SIMPEST
1987-10-10,1987.0,0.0,SIMPEST
1987-10-11,1987.0,0.0,SIMPEST
1987-10-12,1987.0,0.0,SIMPEST
1987-10-13,1987.0,0.0,SIMPEST
1987-10-14,1987.0,0.0,SIMPEST
1987-10-15,1987.0,0.0,SIMPEST
1987-10-16,1987.0,0.0,SIMPEST
1987-10-17,1987.0,0.0,SIMPEST
1987-10-18,1987.0,0.0,SIMPEST
1987-10-19,1987.0,0.0,SIMPEST
1987-10-20,1987.0,0.0,SIMPEST
1987-10-21,1987.0,0.0,SIMPEST
1987-10-22,1987.0,0.0,SIMPEST
1987-10-23,1987.0,0.0,SIMPEST
1987-10-24,1987.0,0.0,SIMPEST
1987-10-25,1987.0,0.0,SIMPEST
1987-10-26,1987.0,0.0,SIMPEST
1987-10-27,1987.0,0.0,SIMPEST
1987-10-28,1987.0,0.0,SIMPEST
1987-10-29,1987.0,0.0,SIMPEST
1987-10-30,1987.0,0.0,SIMPEST
1987-10-31,1987.0,0.0,SIMPEST
1987-11-01,1987.0,0.0,SIMPEST
1987-11-02,1987.0,0.0,SIMPEST
1987-11-03,1987.0,0.0,SIMPEST
1987-11-04,1987.0,0.0,SIMPEST
1987-11-05,1987.0,0.0,SIMPEST
1987-11-06,1987.0,0.0,SIMPEST
1987-11-07,1987.0,0.0,SIMPEST
1987-11-08,1987.0,0.0,SIMPEST
1987-11-09,1987.0,0.0,SIMPEST
1987-11-10,1987.0,0.0,SIMPEST
1987-11-11,1987.0,0.0,SIMPEST
1987-11-12,1987.0,0.0,SIMPEST
1987-11-13,1987.0,0.0,SIMPEST
1987-11-14,1987.0,0.0,SIMPEST
1987-11-15,1987.0,0.0,SIMPEST
1987-11-16,1987.0,0.0,SIMPEST
1987-11-17,1987.0,0.0,SIMPEST
1987-11-18,1987.0,0.0,SIMPEST
1987-11-19,1987.0,0.0,SIMPEST
1987-11-20,1987.0,0.0,SIMPEST
1987-11-21,1987.0,0.0,SIMPEST
1987-11-22,1987.0,0.0,SIMPEST
1987-11-23,1987.0,0.0,SIMPEST
1987-11-24,1987.0,0.0,SIMPEST
1987-11-25,1987.0,0.0,SIMPEST
1987-11-26,1987.0,0.0,SIMPEST
1987-11-27,1987.0,0.0,SIMPEST
1987-11-28,1987.0,0.0,SIMPEST
1987-11-29,1987.0,0.0,SIMPEST
1987-11-30,1987.0,0.0,SIMPEST
1987-12-01,1987.0,0.0,SIMPEST
1987-12-02,1987.0,0.0,SIMPEST
1987-12-03,1987.0,0.0,SIMPEST
1987-12-04,1987.0,0.0,SIMPEST
1987-12-05,1987.0,0.0,SIMPEST
1987-12-06,1987.0,0.0,SIMPEST
1987-12-07,1987.0,0.0,SIMPEST
1987-12-08,1987.0,0.0,SIMPEST
1987-12-09,1987.0,0.0,SIMPEST
1987-12-10,1987.0,0.0,SIMPEST
1987-12-11,1987.0,0.0,SIMPEST
1987-12-12,1987.0,0.0,SIMPEST
1987-12-13,1987.0,0.0,SIMPEST
1987-12-14,1987.0,0.0,SIMPEST
1987-12-15,1987.0,0.0,SIMPEST
1987-12-16,1987.0,0.0,SIMPEST
1987-12-17,1987.0,0.0,SIMPEST
1987-12-18,1987.0,0.0,SIMPEST
1987-12-19,1987.0,0.0,SIMPEST
1987-12-20,1987.0,0.0,SIMPEST
1987-12-21,1987.0,0.0,SIMPEST
1987-12-22,1987.0,0.0,SIMPEST
1987-12-23,1987.0,0.0,SIMPEST
1987-12-24,1987.0,0.0,SIMPEST
1987-12-25,1987.0,0.0,SIMPEST
1987-12-26,1987.0,0.0,SIMPEST
1987-12-27,1987.0,0.0,SIMPEST
1987-12-28,1987.0,0.0,SIMPEST
1987-12-29,1987.0,0.0,SIMPEST
1987-12-30,1987.0,0.0,SIMPEST
1987-12-31,1987.0,0.0,SIMPEST
1988-01-01,1988.0,0.0,SIMPEST
1988-01-02,1988.0,0.0,SIMPEST
1988-01-03,1988.0,0.0,SIMPEST
1988-01-04,1988.0,0.0,SIMPEST
1988-01-05,1988.0,0.0,SIMPEST
1988-01-06,1988.0,0.0,SIMPEST
1988-01-07,1988.0,0.0,SIMPEST
1988-01-08,1988.0,0.0,SIMPEST
1988-01-09,1988.0,0.0,SIMPEST
1988-01-10,1988.0,0.0,SIMPEST
1988-01-11,1988.0,0.0,SIMPEST
1988-01-12,1988.0,0.0,SIMPEST
1988-01-13,1988.0,0.0,SIMPEST
1988-01-14,1988.0,0.0,SIMPEST
1988-01-15,1988.0,0.0,SIMPEST
1988-01-16,1988.0,0.0,SIMPEST
1988-01-17,1988.0,0.0,SIMPEST
1988-01-18,1988.0,0.0,SIMPEST
1988-01-19,1988.0,0.0,SIMPEST
1988-01-20,1988.0,0.0,SIMPEST
1988-01-21,1988.0,0.0,SIMPEST
1988-01-22,1988.0,0.0,SIMPEST
1988-01-23,1988.0,0.0,SIMPEST
1988-01-24,1988.0,0.0,SIMPEST
1988-01-25,1988.0,0.0,SIMPEST
1988-01-26,1988.0,0.0,SIMPEST
1988-01-27,1988.0,0.0,SIMPEST
1988-01-28,1988.0,0.0,SIMPEST
1988-01-29,1988.0,0.0,SIMPEST
1988-01-30,1988.0,0.0,SIMPEST
1988-01-31,1988.0,0.0,SIMPEST
1988-02-01,1988.0,0.0,SIMPEST
1988-02-02,1988.0,0.0,SIMPEST
1988-02-03,1988.0,0.0,SIMPEST
1988-02-04,1988.0,0.0,SIMPEST
1988-02-05,1988.0,0.0,SIMPEST
1988-02-06,1988.0,0.0,SIMPEST
1988-02-07,1988.0,0.0,SIMPEST
1988-02-08,1988.0,0.0,SIMPEST
1988-02-09,1988.0,0.0,SIMPEST
1988-02-10,1988.0,0.0,SIMPEST
1988-02-11,1988.0,0.0,SIMPEST
1988-02-12,1988.0,0.0,SIMPEST
1988-02-13,1988.0,0.0,SIMPEST
1988-02-14,1988.0,0.0,SIMPEST
1988-02-15,1988.0,0.0,SIMPEST
1988-02-16,1988.0,0.0,SIMPEST
1988-02-17,1988.0,0.0,SIMPEST
1988-02-18,1988.0,0.0,SIMPEST
1988-02-19,1988.0,0.0,SIMPEST
1988-02-20,1988.0,0.0,SIMPEST
1988-02-21,1988.0,0.0,SIMPEST
1988-02-22,1988.0,0.0,SIMPEST
1988-02-23,1988.0,0.0,SIMPEST
1988-02-24,1988.0,0.0,SIMPEST
1988-02-25,1988.0,0.0,SIMPEST
1988-02-26,1988.0,0.0,SIMPEST
1988-02-27,1988.0,0.0,SIMPEST
1988-02-28,1988.0,0.0,SIMPEST
1988-02-29,1988.0,0.0,SIMPEST
1988-03-01,1988.0,0.0,SIMPEST
1988-03-02,1988.0,0.0,SIMPEST
1988-03-03,1988.0,0.0,SIMPEST
1988-03-04,1988.0,0.0,SIMPEST
1988-03-05,1988.0,0.0,SIMPEST
1988-03-06,1988.0,0.0,SIMPEST
1988-03-07,1988.0,0.0,SIMPEST
1988-03-08,1988.0,0.0,SIMPEST
1988-03-09,1988.0,0.0,SIMPEST
1988-03-10,1988.0,0.0,SIMPEST
1988-03-11,1988.0,0.0,SIMPEST
1988-03-12,1988.0,0.0,SIMPEST
1988-03-13,1988.0,0.0,SIMPEST
1988-03-14,1988.0,0.0,SIMPEST
1988-03-15,1988.0,0.0,SIMPEST
1988-03-16,1988.0,0.0,SIMPEST
1988-03-17,1988.0,0.0,SIMPEST
1988-03-18,1988.0,0.0,SIMPEST
1988-03-19,1988.0,0.0,SIMPEST
1988-03-20,1988.0,0.0,SIMPEST
1988-03-21,1988.0,0.0,SIMPEST
1988-03-22,1988.0,0.0,SIMPEST
1988-03-23,1988.0,0.0,SIMPEST
1988-03-24,1988.0,0.0,SIMPEST
1988-03-25,1988.0,0.0,SIMPEST
1988-03-26,1988.0,0.0,SIMPEST
1988-03-27,1988.0,0.0,SIMPEST
1988-03-28,1988.0,0.0,SIMPEST
1988-03-29,1988.0,0.0,SIMPEST
1988-03-30,1988.0,0.0,SIMPEST
1988-03-31,1988.0,0.0,SIMPEST
1988-04-01,1988.0,0.0,SIMPEST
1988-04-02,1988.0,0.0,SIMPEST
1988-04-03,1988.0,0.0,SIMPEST
1988-04-04,1988.0,0.0,SIMPEST
1988-04-05,1988.0,0.0,SIMPEST
1988-04-06,1988.0,0.0,SIMPEST
1988-04-07,1988.0,0.0,SIMPEST
1988-04-08,1988.0,0.0,SIMPEST
1988-04-09,1988.0,0.0,SIMPEST
1988-04-10,1988.0,0.0,SIMPEST
1988-04-11,1988.0,0.0,SIMPEST
1988-04-12,1988.0,0.0,SIMPEST
1988-04-13,1988.0,0.0,SIMPEST
1988-04-14,1988.0,0.0,SIMPEST
1988-04-15,1988.0,0.0,SIMPEST
1988-04-16,1988.0,0.0,SIMPEST
1988-04-17,1988.0,0.0,SIMPEST
1988-04-18,1988.0,0.0,SIMPEST
1988-04-19,1988.0,0.0,SIMPEST
1988-04-20,1988.0,0.0,SIMPEST
1988-04-21,1988.0,0.0,SIMPEST
1988-04-22,1988.0,0.0,SIMPEST
1988-04-23,1988.0,0.0,SIMPEST
1988-04-24,1988.0,0.0,SIMPEST
1988-04-25,1988.0,0.0,SIMPEST
1988-04-26,1988.0,0.0,SIMPEST
1988-04-27,1988.0,0.0,SIMPEST
1988-04-28,1988.0,0.0,SIMPEST
1988-04-29,1988.0,0.0,SIMPEST
1988-04-30,1988.0,0.0,SIMPEST
1988-05-01,1988.0,0.0,SIMPEST
1988-05-02,1988.0,0.0,SIMPEST
1988-05-03,1988.0,0.0,SIMPEST
1988-05-04,1988.0,0.0,SIMPEST
1988-05-05,1988.0,0.0,SIMPEST
1988-05-06,1988.0,0.0,SIMPEST
1988-05-07,1988.0,0.005660143939537,SIMPEST
1988-05-08,1988.0,0.0054935867980413,SIMPEST
1988-05-09,1988.0,0.0119728376281545,SIMPEST
1988-05-10,1988.0,0.0117759548885282,SIMPEST
1988-05-11,1988.0,0.011628290579197,SIMPEST
1988-05-12,1988.0,0.0114448852601105,SIMPEST
1988-05-13,1988.0,0.0112891210244424,SIMPEST
1988-05-14,1988.0,0.0246578151386863,SIMPEST
1988-05-15,1988.0,0.0479283346814782,SIMPEST
1988-05-16,1988.0,0.0480812363684396,SIMPEST
1988-05-17,1988.0,0.0482073698528561,SIMPEST
1988-05-18,1988.0,0.048357954253465,SIMPEST
1988-05-19,1988.0,0.0485249665775966,SIMPEST
1988-05-20,1988.0,0.0487176400755759,SIMPEST
1988-05-21,1988.0,0.0489421266929047,SIMPEST
1988-05-22,1988.0,0.0491939188277209,SIMPEST
1988-05-23,1988.0,0.0494602975253612,SIMPEST
1988-05-24,1988.0,0.0497041021249785,SIMPEST
1988-05-25,1988.0,0.1228052354978349,SIMPEST
1988-05-26,1988.0,0.1228052354978349,SIMPEST
1988-05-27,1988.0,0.1690728926038468,SIMPEST
1988-05-28,1988.0,0.1690728926038468,SIMPEST
1988-05-29,1988.0,0.2227075404703853,SIMPEST
1988-05-30,1988.0,0.2227075404703853,SIMPEST
1988-05-31,1988.0,0.2227461040669811,SIMPEST
1988-06-01,1988.0,0.2857135776330188,SIMPEST
1988-06-02,1988.0,0.2857135776330188,SIMPEST
1988-06-03,1988.0,0.2857135776330188,SIMPEST
1988-06-04,1988.0,0.2857135776330188,SIMPEST
1988-06-05,1988.0,0.2857135776330188,SIMPEST
1988-06-06,1988.0,0.2857135776330188,SIMPEST
1988-06-07,1988.0,0.2857135776330188,SIMPEST
1988-06-08,1988.0,0.3380755139604555,SIMPEST
1988-06-09,1988.0,0.3713263198888555,SIMPEST
1988-06-10,1988.0,0.3713263198888555,SIMPEST
1988-06-11,1988.0,0.3713263198888555,SIMPEST
1988-06-12,1988.0,0.3713263198888555,SIMPEST
1988-06-13,1988.0,0.3713263198888555,SIMPEST
1988-06-14,1988.0,0.3713263198888555,SIMPEST
1988-06-15,1988.0,0.3713263198888555,SIMPEST
1988-06-16,1988.0,0.3713263198888555,SIMPEST
1988-06-17,1988.0,0.3713263198888555,SIMPEST
1988-06-18,1988.0,0.3713263198888555,SIMPEST
1988-06-19,1988.0,0.3713263198888555,SIMPEST
1988-06-20,1988.0,0.3713263198888555,SIMPEST
1988-06-21,1988.0,0.3713263198888555,SIMPEST
1988-06-22,1988.0,0.3713263198888555,SIMPEST
1988-06-23,1988.0,0.3713263198888555,SIMPEST
1988-06-24,1988.0,0.3713263198888555,SIMPEST
1988-06-25,1988.0,0.3713263198888555,SIMPEST
1988-06-26,1988.0,0.3713263198888555,SIMPEST
1988-06-27,1988.0,0.3713263198888555,SIMPEST
1988-06-28,1988.0,0.4009138885754254,SIMPEST
1988-06-29,1988.0,0.4009138885754254,SIMPEST
1988-06-30,1988.0,0.4009138885754254,SIMPEST
1988-07-01,1988.0,0.4009138885754254,SIMPEST
1988-07-02,1988.0,0.4009138885754254,SIMPEST
1988-07-03,1988.0,0.4009138885754254,SIMPEST
1988-07-04,1988.0,0.4103855763408363,SIMPEST
1988-07-05,1988.0,0.4103855763408363,SIMPEST
1988-07-06,1988.0,0.4103855763408363,SIMPEST
1988-07-07,1988.0,0.4103855763408363,SIMPEST
1988-07-08,1988.0,0.4103855763408363,SIMPEST
1988-07-09,1988.0,0.4103855763408363,SIMPEST
1988-07-10,1988.0,0.4103855763408363,SIMPEST
1988-07-11,1988.0,0.4103855763408363,SIMPEST
1988-07-12,1988.0,0.410483977775125,SIMPEST
1988-07-13,1988.0,0.410483977775125,SIMPEST
1988-07-14,1988.0,0.410483977775125,SIMPEST
1988-07-15,1988.0,0.410483977775125,SIMPEST
1988-07-16,1988.0,0.410483977775125,SIMPEST
1988-07-17,1988.0,0.410483977775125,SIMPEST
1988-07-18,1988.0,0.4197855351523771,SIMPEST
1988-07-19,1988.0,0.4197855351523771,SIMPEST
1988-07-20,1988.0,0.4197855351523771,SIMPEST
1988-07-21,1988.0,0.4197855351523771,SIMPEST
1988-07-22,1988.0,0.4197855351523771,SIMPEST
1988-07-23,1988.0,0.4197855351523771,SIMPEST
1988-07-24,1988.0,0.4197855351523771,SIMPEST
,,,SIMPEST
,,,SIMPEST
,,,SIMPEST
,,,SIMPEST
,,,SIMPEST
,,,SIMPEST
,,,SIMPEST
,,,SIMPEST
,,,SIMPEST
,,,SIMPEST
,,,SIMPEST
,,,SIMPEST
,,,SIMPEST
,,,SIMPEST
,,,SIMPEST
,,,SIMPEST
,,,SIMPEST
,,,SIMPEST
,,,SIMPEST
,,,SIMPEST
,,,SIMPEST
,,,SIMPEST
,,,SIMPEST
,,,SIMPEST
,,,SIMPEST
,,,SIMPEST
,,,SIMPEST
,,,SIMPEST
,,,SIMPEST
,,,SIMPEST
,,,SIMPEST
,,,SIMPEST
,,,SIMPEST
,,,SIMPEST
,,,SIMPEST
,,,SIMPEST
,,,SIMPEST
,,,SIMPEST
,,,SIMPEST
,,,SIMPEST
,,,SIMPEST
,,,SIMPEST
,,,SIMPEST
,,,SIMPEST
,,,SIMPEST
,,,SIMPEST
,,,SIMPEST
,,,SIMPEST
,,,SIMPEST
,,,SIMPEST
,,,SIMPEST
,,,SIMPEST
,,,SIMPEST
,,,SIMPEST
,,,SIMPEST
,,,SIMPEST
,,,SIMPEST
,,,SIMPEST
,,,SIMPEST
,,,SIMPEST
,,,SIMPEST
,,,SIMPEST
,,,SIMPEST
,,,SIMPEST
,,,SIMPEST
,,,SIMPEST
,,,SIMPEST
,,,SIMPEST
,,,SIMPEST
,,,SIMPEST
,,,SIMPEST
,,,SIMPEST
,,,SIMPEST
1988-10-06,1988.0,0.0,SIMPEST
1988-10-07,1988.0,0.0,SIMPEST
1988-10-08,1988.0,0.0,SIMPEST
1988-10-09,1988.0,0.0,SIMPEST
1988-10-10,1988.0,0.0,SIMPEST
1988-10-11,1988.0,0.0,SIMPEST
1988-10-12,1988.0,0.0,SIMPEST
1988-10-13,1988.0,0.0,SIMPEST
1988-10-14,1988.0,0.0,SIMPEST
1988-10-15,1988.0,0.0,SIMPEST
1988-10-16,1988.0,0.0,SIMPEST
1988-10-17,1988.0,0.0,SIMPEST
1988-10-18,1988.0,0.0,SIMPEST
1988-10-19,1988.0,0.0,SIMPEST
1988-10-20,1988.0,0.0,SIMPEST
1988-10-21,1988.0,0.0,SIMPEST
1988-10-22,1988.0,0.0,SIMPEST
1988-10-23,1988.0,0.0,SIMPEST
1988-10-24,1988.0,0.0,SIMPEST
1988-10-25,1988.0,0.0,SIMPEST
1988-10-26,1988.0,0.0,SIMPEST
1988-10-27,1988.0,0.0,SIMPEST
1988-10-28,1988.0,0.0,SIMPEST
1988-10-29,1988.0,0.0,SIMPEST
1988-10-30,1988.0,0.0,SIMPEST
1988-10-31,1988.0,0.0,SIMPEST
1988-11-01,1988.0,0.0,SIMPEST
1988-11-02,1988.0,0.0,SIMPEST
1988-11-03,1988.0,0.0,SIMPEST
1988-11-04,1988.0,0.0,SIMPEST
1988-11-05,1988.0,0.0,SIMPEST
1988-11-06,1988.0,0.0,SIMPEST
1988-11-07,1988.0,0.0,SIMPEST
1988-11-08,1988.0,0.0,SIMPEST
1988-11-09,1988.0,0.0,SIMPEST
1988-11-10,1988.0,0.0,SIMPEST
1988-11-11,1988.0,0.0,SIMPEST
1988-11-12,1988.0,0.0,SIMPEST
1988-11-13,1988.0,0.0,SIMPEST
1988-11-14,1988.0,0.0,SIMPEST
1988-11-15,1988.0,0.0,SIMPEST
1988-11-16,1988.0,0.0,SIMPEST
1988-11-17,1988.0,0.0,SIMPEST
1988-11-18,1988.0,0.0,SIMPEST
1988-11-19,1988.0,0.0,SIMPEST
1988-11-20,1988.0,0.0,SIMPEST
1988-11-21,1988.0,0.0,SIMPEST
1988-11-22,1988.0,0.0,SIMPEST
1988-11-23,1988.0,0.0,SIMPEST
1988-11-24,1988.0,0.0,SIMPEST
1988-11-25,1988.0,0.0,SIMPEST
1988-11-26,1988.0,0.0,SIMPEST
1988-11-27,1988.0,0.0,SIMPEST
1988-11-28,1988.0,0.0,SIMPEST
1988-11-29,1988.0,0.0,SIMPEST
1988-11-30,1988.0,0.0,SIMPEST
1988-12-01,1988.0,0.0,SIMPEST
1988-12-02,1988.0,0.0,SIMPEST
1988-12-03,1988.0,0.0,SIMPEST
1988-12-04,1988.0,0.0,SIMPEST
1988-12-05,1988.0,0.0,SIMPEST
1988-12-06,1988.0,0.0,SIMPEST
1988-12-07,1988.0,0.0,SIMPEST
1988-12-08,1988.0,0.0,SIMPEST
1988-12-09,1988.0,0.0,SIMPEST
1988-12-10,1988.0,0.0,SIMPEST
1988-12-11,1988.0,0.0,SIMPEST
1988-12-12,1988.0,0.0,SIMPEST
1988-12-13,1988.0,0.0,SIMPEST
1988-12-14,1988.0,0.0,SIMPEST
1988-12-15,1988.0,0.0,SIMPEST
1988-12-16,1988.0,0.0,SIMPEST
1988-12-17,1988.0,0.0,SIMPEST
1988-12-18,1988.0,0.0,SIMPEST
1988-12-19,1988.0,0.0,SIMPEST
1988-12-20,1988.0,0.0,SIMPEST
1988-12-21,1988.0,0.0,SIMPEST
1988-12-22,1988.0,0.0,SIMPEST
1988-12-23,1988.0,0.0,SIMPEST
1988-12-24,1988.0,0.0,SIMPEST
1988-12-25,1988.0,0.0,SIMPEST
1988-12-26,1988.0,0.0,SIMPEST
1988-12-27,1988.0,0.0,SIMPEST
1988-12-28,1988.0,0.0,SIMPEST
1988-12-29,1988.0,0.0,SIMPEST
1988-12-30,1988.0,0.0,SIMPEST
1988-12-31,1988.0,0.0,SIMPEST
1989-01-01,1989.0,0.0,SIMPEST
1989-01-02,1989.0,0.0,SIMPEST
1989-01-03,1989.0,0.0,SIMPEST
1989-01-04,1989.0,0.0,SIMPEST
1989-01-05,1989.0,0.0,SIMPEST
1989-01-06,1989.0,0.0,SIMPEST
1989-01-07,1989.0,0.0,SIMPEST
1989-01-08,1989.0,0.0,SIMPEST
1989-01-09,1989.0,0.0,SIMPEST
1989-01-10,1989.0,0.0,SIMPEST
1989-01-11,1989.0,0.0,SIMPEST
1989-01-12,1989.0,0.0,SIMPEST
1989-01-13,1989.0,0.0,SIMPEST
1989-01-14,1989.0,0.0,SIMPEST
1989-01-15,1989.0,0.0,SIMPEST
1989-01-16,1989.0,0.0,SIMPEST
1989-01-17,1989.0,0.0,SIMPEST
1989-01-18,1989.0,0.0,SIMPEST
1989-01-19,1989.0,0.0,SIMPEST
1989-01-20,1989.0,0.0,SIMPEST
1989-01-21,1989.0,0.0,SIMPEST
1989-01-22,1989.0,0.0,SIMPEST
1989-01-23,1989.0,0.0,SIMPEST
1989-01-24,1989.0,0.0,SIMPEST
1989-01-25,1989.0,0.0,SIMPEST
1989-01-26,1989.0,0.0,SIMPEST
1989-01-27,1989.0,0.0,SIMPEST
1989-01-28,1989.0,0.0,SIMPEST
1989-01-29,1989.0,0.0,SIMPEST
1989-01-30,1989.0,0.0,SIMPEST
1989-01-31,1989.0,0.0,SIMPEST
1989-02-01,1989.0,0.0,SIMPEST
1989-02-02,1989.0,0.0,SIMPEST
1989-02-03,1989.0,0.0,SIMPEST
1989-02-04,1989.0,0.0,SIMPEST
1989-02-05,1989.0,0.0,SIMPEST
1989-02-06,1989.0,0.0,SIMPEST
1989-02-07,1989.0,0.0,SIMPEST
1989-02-08,1989.0,0.0,SIMPEST
1989-02-09,1989.0,0.0,SIMPEST
1989-02-10,1989.0,0.0,SIMPEST
1989-02-11,1989.0,0.0,SIMPEST
1989-02-12,1989.0,0.0,SIMPEST
1989-02-13,1989.0,0.0,SIMPEST
1989-02-14,1989.0,0.0,SIMPEST
1989-02-15,1989.0,0.0,SIMPEST
1989-02-16,1989.0,0.0,SIMPEST
1989-02-17,1989.0,0.0,SIMPEST
1989-02-18,1989.0,0.0,SIMPEST
1989-02-19,1989.0,0.0,SIMPEST
1989-02-20,1989.0,0.0,SIMPEST
1989-02-21,1989.0,0.0,SIMPEST
1989-02-22,1989.0,0.0,SIMPEST
1989-02-23,1989.0,0.0,SIMPEST
1989-02-24,1989.0,0.0,SIMPEST
1989-02-25,1989.0,0.0,SIMPEST
1989-02-26,1989.0,0.0,SIMPEST
1989-02-27,1989.0,0.0,SIMPEST
1989-02-28,1989.0,0.0,SIMPEST
1989-03-01,1989.0,0.0,SIMPEST
1989-03-02,1989.0,0.0,SIMPEST
1989-03-03,1989.0,0.0,SIMPEST
1989-03-04,1989.0,0.0,SIMPEST
1989-03-05,1989.0,0.0,SIMPEST
1989-03-06,1989.0,0.0,SIMPEST
1989-03-07,1989.0,0.0,SIMPEST
1989-03-08,1989.0,0.0,SIMPEST
1989-03-09,1989.0,0.0,SIMPEST
1989-03-10,1989.0,0.0,SIMPEST
1989-03-11,1989.0,0.0,SIMPEST
1989-03-12,1989.0,0.0,SIMPEST
1989-03-13,1989.0,0.0,SIMPEST
1989-03-14,1989.0,0.0,SIMPEST
1989-03-15,1989.0,0.0,SIMPEST
1989-03-16,1989.0,0.0,SIMPEST
1989-03-17,1989.0,0.0,SIMPEST
1989-03-18,1989.0,0.0,SIMPEST
1989-03-19,1989.0,0.0,SIMPEST
1989-03-20,1989.0,0.0,SIMPEST
1989-03-21,1989.0,0.0,SIMPEST
1989-03-22,1989.0,0.0,SIMPEST
1989-03-23,1989.0,0.0,SIMPEST
1989-03-24,1989.0,0.0,SIMPEST
1989-03-25,1989.0,0.0,SIMPEST
1989-03-26,1989.0,0.0,SIMPEST
1989-03-27,1989.0,0.0,SIMPEST
1989-03-28,1989.0,0.0,SIMPEST
1989-03-29,1989.0,0.0,SIMPEST
1989-03-30,1989.0,0.0,SIMPEST
1989-03-31,1989.0,0.0,SIMPEST
1989-04-01,1989.0,0.0,SIMPEST
1989-04-02,1989.0,0.0,SIMPEST
1989-04-03,1989.0,0.0,SIMPEST
1989-04-04,1989.0,0.0,SIMPEST
1989-04-05,1989.0,0.0,SIMPEST
1989-04-06,1989.0,0.0,SIMPEST
1989-04-07,1989.0,0.0,SIMPEST
1989-04-08,1989.0,0.0,SIMPEST
1989-04-09,1989.0,0.0,SIMPEST
1989-04-10,1989.0,0.0,SIMPEST
1989-04-11,1989.0,0.0,SIMPEST
1989-04-12,1989.0,0.0,SIMPEST
1989-04-13,1989.0,0.0,SIMPEST
1989-04-14,1989.0,0.0,SIMPEST
1989-04-15,1989.0,0.0,SIMPEST
1989-04-16,1989.0,0.0,SIMPEST
1989-04-17,1989.0,0.0,SIMPEST
1989-04-18,1989.0,0.0,SIMPEST
1989-04-19,1989.0,0.0,SIMPEST
1989-04-20,1989.0,0.0,SIMPEST
1989-04-21,1989.0,0.0,SIMPEST
1989-04-22,1989.0,0.0,SIMPEST
1989-04-23,1989.0,0.0,SIMPEST
1989-04-24,1989.0,0.0,SIMPEST
1989-04-25,1989.0,0.0,SIMPEST
1989-04-26,1989.0,0.0,SIMPEST
1989-04-27,1989.0,0.0,SIMPEST
1989-04-28,1989.0,0.0,SIMPEST
1989-04-29,1989.0,0.0,SIMPEST
1989-04-30,1989.0,0.0,SIMPEST
1989-05-01,1989.0,0.0,SIMPEST
1989-05-02,1989.0,0.0,SIMPEST
1989-05-03,1989.0,0.0,SIMPEST
1989-05-04,1989.0,0.0,SIMPEST
1989-05-05,1989.0,0.0,SIMPEST
1989-05-06,1989.0,0.0,SIMPEST
1989-05-07,1989.0,0.0,SIMPEST
1989-05-08,1989.0,0.0,SIMPEST
1989-05-09,1989.0,0.0,SIMPEST
1989-05-10,1989.0,0.0,SIMPEST
1989-05-11,1989.0,0.0,SIMPEST
1989-05-12,1989.0,0.0,SIMPEST
1989-05-13,1989.0,0.0,SIMPEST
1989-05-14,1989.0,0.0,SIMPEST
1989-05-15,1989.0,0.0,SIMPEST
1989-05-16,1989.0,0.0,SIMPEST
1989-05-17,1989.0,0.0,SIMPEST
1989-05-18,1989.0,0.0,SIMPEST
1989-05-19,1989.0,0.0,SIMPEST
1989-05-20,1989.0,0.0,SIMPEST
1989-05-21,1989.0,0.0188092211456245,SIMPEST
1989-05-22,1989.0,0.0185755972600238,SIMPEST
1989-05-23,1989.0,0.0421013807057448,SIMPEST
1989-05-24,1989.0,0.0422417505512163,SIMPEST
1989-05-25,1989.0,0.0424057301857298,SIMPEST
1989-05-26,1989.0,0.0425651529810364,SIMPEST
1989-05-27,1989.0,0.0671174973966582,SIMPEST
1989-05-28,1989.0,0.0672790163996169,SIMPEST
1989-05-29,1989.0,0.096052640863146,SIMPEST
1989-05-30,1989.0,0.0965187398245356,SIMPEST
1989-05-31,1989.0,0.0970033872938302,SIMPEST
1989-06-01,1989.0,0.097535384886065,SIMPEST
1989-06-02,1989.0,0.097535384886065,SIMPEST
1989-06-03,1989.0,0.097535384886065,SIMPEST
1989-06-04,1989.0,0.1722969720014062,SIMPEST
1989-06-05,1989.0,0.2409429813279544,SIMPEST
1989-06-06,1989.0,0.2409429813279544,SIMPEST
1989-06-07,1989.0,0.3036877616371248,SIMPEST
1989-06-08,1989.0,0.3037290120006835,SIMPEST
1989-06-09,1989.0,0.3037290120006835,SIMPEST
1989-06-10,1989.0,0.3575312956193874,SIMPEST
1989-06-11,1989.0,0.4113084375877401,SIMPEST
1989-06-12,1989.0,0.4113084375877401,SIMPEST
1989-06-13,1989.0,0.4565336691952921,SIMPEST
1989-06-14,1989.0,0.4766858233554995,SIMPEST
1989-06-15,1989.0,0.4980579431139254,SIMPEST
1989-06-16,1989.0,0.5343623974366762,SIMPEST
1989-06-17,1989.0,0.5686685795750263,SIMPEST
1989-06-18,1989.0,0.6006175638958107,SIMPEST
1989-06-19,1989.0,0.6006175638958104,SIMPEST
1989-06-20,1989.0,0.613921336570663,SIMPEST
1989-06-21,1989.0,0.613921336570663,SIMPEST
1989-06-22,1989.0,0.613921336570663,SIMPEST
1989-06-23,1989.0,0.6139213365706631,SIMPEST
1989-06-24,1989.0,0.6139213365706631,SIMPEST
1989-06-25,1989.0,0.6265578037339283,SIMPEST
1989-06-26,1989.0,0.6364935973619276,SIMPEST
1989-06-27,1989.0,0.6364935973619276,SIMPEST
1989-06-28,1989.0,0.6603471566309451,SIMPEST
1989-06-29,1989.0,0.6718019874789856,SIMPEST
1989-06-30,1989.0,0.6802382011452213,SIMPEST
1989-07-01,1989.0,0.6885503199687568,SIMPEST
1989-07-02,1989.0,0.6933870250105629,SIMPEST
1989-07-03,1989.0,0.6974618059273601,SIMPEST
1989-07-04,1989.0,0.70945077484565,SIMPEST
1989-07-05,1989.0,0.7129505538884404,SIMPEST
1989-07-06,1989.0,0.7129505538884404,SIMPEST
1989-07-07,1989.0,0.7129505538884404,SIMPEST
1989-07-08,1989.0,0.7129505538884404,SIMPEST
1989-07-09,1989.0,0.7129505538884404,SIMPEST
1989-07-10,1989.0,0.7148610354215872,SIMPEST
1989-07-11,1989.0,0.7148610354215872,SIMPEST
1989-07-12,1989.0,0.7148610354215872,SIMPEST
1989-07-13,1989.0,0.7176165253161348,SIMPEST
1989-07-14,1989.0,0.7176165253161348,SIMPEST
1989-07-15,1989.0,0.717616525316135,SIMPEST
1989-07-16,1989.0,0.717616525316135,SIMPEST
1989-07-17,1989.0,0.7176165253161348,SIMPEST
1989-07-18,1989.0,0.7176165253161348,SIMPEST
1989-07-19,1989.0,0.7176165253161348,SIMPEST
1989-07-20,1989.0,0.7176165253161348,SIMPEST
1989-07-21,1989.0,0.7176165253161348,SIMPEST
1989-07-22,1989.0,0.7176165253161348,SIMPEST
1989-07-23,1989.0,0.7176165253161348,SIMPEST
1989-07-24,1989.0,0.7176165253161348,SIMPEST
1989-07-25,1989.0,0.7176165253161348,SIMPEST
1989-07-26,1989.0,0.7176165253161348,SIMPEST
1989-07-27,1989.0,0.7176165253161348,SIMPEST
1989-07-28,1989.0,0.7176165253161347,SIMPEST
1989-07-29,1989.0,0.7176165253161347,SIMPEST
1989-07-30,1989.0,0.7176165253161347,SIMPEST
,,,SIMPEST
,,,SIMPEST
,,,SIMPEST
,,,SIMPEST
,,,SIMPEST
,,,SIMPEST
,,,SIMPEST
,,,SIMPEST
,,,SIMPEST
,,,SIMPEST
,,,SIMPEST
,,,SIMPEST
,,,SIMPEST
,,,SIMPEST
,,,SIMPEST
,,,SIMPEST
,,,SIMPEST
,,,SIMPEST
,,,SIMPEST
,,,SIMPEST
,,,SIMPEST
,,,SIMPEST
,,,SIMPEST
,,,SIMPEST
,,,SIMPEST
,,,SIMPEST
,,,SIMPEST
,,,SIMPEST
,,,SIMPEST
,,,SIMPEST
,,,SIMPEST
,,,SIMPEST
,,,SIMPEST
,,,SIMPEST
,,,SIMPEST
,,,SIMPEST
,,,SIMPEST
,,,SIMPEST
,,,SIMPEST
,,,SIMPEST
,,,SIMPEST
,,,SIMPEST
,,,SIMPEST
,,,SIMPEST
,,,SIMPEST
,,,SIMPEST
,,,SIMPEST
,,,SIMPEST
,,,SIMPEST
,,,SIMPEST
,,,SIMPEST
,,,SIMPEST
,,,SIMPEST
,,,SIMPEST
,,,SIMPEST
,,,SIMPEST
,,,SIMPEST
,,,SIMPEST
,,,SIMPEST
,,,SIMPEST
,,,SIMPEST
,,,SIMPEST
,,,SIMPEST
1989-10-02,1989.0,0.0,SIMPEST
1989-10-03,1989.0,0.0,SIMPEST
1989-10-04,1989.0,0.0,SIMPEST
1989-10-05,1989.0,0.0,SIMPEST
1989-10-06,1989.0,0.0,SIMPEST
1989-10-07,1989.0,0.0,SIMPEST
1989-10-08,1989.0,0.0,SIMPEST
1989-10-09,1989.0,0.0,SIMPEST
1989-10-10,1989.0,0.0,SIMPEST
1989-10-11,1989.0,0.0,SIMPEST
1989-10-12,1989.0,0.0,SIMPEST
1989-10-13,1989.0,0.0,SIMPEST
1989-10-14,1989.0,0.0,SIMPEST
1989-10-15,1989.0,0.0,SIMPEST
1989-10-16,1989.0,0.0,SIMPEST
1989-10-17,1989.0,0.0,SIMPEST
1989-10-18,1989.0,0.0,SIMPEST
1989-10-19,1989.0,0.0,SIMPEST
1989-10-20,1989.0,0.0,SIMPEST
1989-10-21,1989.0,0.0,SIMPEST
1989-10-22,1989.0,0.0,SIMPEST
1989-10-23,1989.0,0.0,SIMPEST
1989-10-24,1989.0,0.0,SIMPEST
1989-10-25,1989.0,0.0,SIMPEST
1989-10-26,1989.0,0.0,SIMPEST
1989-10-27,1989.0,0.0,SIMPEST
1989-10-28,1989.0,0.0,SIMPEST
1989-10-29,1989.0,0.0,SIMPEST
1989-10-30,1989.0,0.0,SIMPEST
1989-10-31,1989.0,0.0,SIMPEST
1989-11-01,1989.0,0.0,SIMPEST
1989-11-02,1989.0,0.0,SIMPEST
1989-11-03,1989.0,0.0,SIMPEST
1989-11-04,1989.0,0.0,SIMPEST
1989-11-05,1989.0,0.0,SIMPEST
1989-11-06,1989.0,0.0,SIMPEST
1989-11-07,1989.0,0.0,SIMPEST
1989-11-08,1989.0,0.0,SIMPEST
1989-11-09,1989.0,0.0,SIMPEST
1989-11-10,1989.0,0.0,SIMPEST
1989-11-11,1989.0,0.0,SIMPEST
1989-11-12,1989.0,0.0,SIMPEST
1989-11-13,1989.0,0.0,SIMPEST
1989-11-14,1989.0,0.0,SIMPEST
1989-11-15,1989.0,0.0,SIMPEST
1989-11-16,1989.0,0.0,SIMPEST
1989-11-17,1989.0,0.0,SIMPEST
1989-11-18,1989.0,0.0,SIMPEST
1989-11-19,1989.0,0.0,SIMPEST
1989-11-20,1989.0,0.0,SIMPEST
1989-11-21,1989.0,0.0,SIMPEST
1989-11-22,1989.0,0.0,SIMPEST
1989-11-23,1989.0,0.0,SIMPEST
1989-11-24,1989.0,0.0,SIMPEST
1989-11-25,1989.0,0.0,SIMPEST
1989-11-26,1989.0,0.0,SIMPEST
1989-11-27,1989.0,0.0,SIMPEST
1989-11-28,1989.0,0.0,SIMPEST
1989-11-29,1989.0,0.0,SIMPEST
1989-11-30,1989.0,0.0,SIMPEST
1989-12-01,1989.0,0.0,SIMPEST
1989-12-02,1989.0,0.0,SIMPEST
1989-12-03,1989.0,0.0,SIMPEST
1989-12-04,1989.0,0.0,SIMPEST
1989-12-05,1989.0,0.0,SIMPEST
1989-12-06,1989.0,0.0,SIMPEST
1989-12-07,1989.0,0.0,SIMPEST
1989-12-08,1989.0,0.0,SIMPEST
1989-12-09,1989.0,0.0,SIMPEST
1989-12-10,1989.0,0.0,SIMPEST
1989-12-11,1989.0,0.0,SIMPEST
1989-12-12,1989.0,0.0,SIMPEST
1989-12-13,1989.0,0.0,SIMPEST
1989-12-14,1989.0,0.0,SIMPEST
1989-12-15,1989.0,0.0,SIMPEST
1989-12-16,1989.0,0.0,SIMPEST
1989-12-17,1989.0,0.0,SIMPEST
1989-12-18,1989.0,0.0,SIMPEST
1989-12-19,1989.0,0.0,SIMPEST
1989-12-20,1989.0,0.0,SIMPEST
1989-12-21,1989.0,0.0,SIMPEST
1989-12-22,1989.0,0.0,SIMPEST
1989-12-23,1989.0,0.0,SIMPEST
1989-12-24,1989.0,0.0,SIMPEST
1989-12-25,1989.0,0.0,SIMPEST
1989-12-26,1989.0,0.0,SIMPEST
1989-12-27,1989.0,0.0,SIMPEST
1989-12-28,1989.0,0.0,SIMPEST
1989-12-29,1989.0,0.0,SIMPEST
1989-12-30,1989.0,0.0,SIMPEST
1989-12-31,1989.0,0.0,SIMPEST
1990-01-01,1990.0,0.0,SIMPEST
1990-01-02,1990.0,0.0,SIMPEST
1990-01-03,1990.0,0.0,SIMPEST
1990-01-04,1990.0,0.0,SIMPEST
1990-01-05,1990.0,0.0,SIMPEST
1990-01-06,1990.0,0.0,SIMPEST
1990-01-07,1990.0,0.0,SIMPEST
1990-01-08,1990.0,0.0,SIMPEST
1990-01-09,1990.0,0.0,SIMPEST
1990-01-10,1990.0,0.0,SIMPEST
1990-01-11,1990.0,0.0,SIMPEST
1990-01-12,1990.0,0.0,SIMPEST
1990-01-13,1990.0,0.0,SIMPEST
1990-01-14,1990.0,0.0,SIMPEST
1990-01-15,1990.0,0.0,SIMPEST
1990-01-16,1990.0,0.0,SIMPEST
1990-01-17,1990.0,0.0,SIMPEST
1990-01-18,1990.0,0.0,SIMPEST
1990-01-19,1990.0,0.0,SIMPEST
1990-01-20,1990.0,0.0,SIMPEST
1990-01-21,1990.0,0.0,SIMPEST
1990-01-22,1990.0,0.0,SIMPEST
1990-01-23,1990.0,0.0,SIMPEST
1990-01-24,1990.0,0.0,SIMPEST
1990-01-25,1990.0,0.0,SIMPEST
1990-01-26,1990.0,0.0,SIMPEST
1990-01-27,1990.0,0.0,SIMPEST
1990-01-28,1990.0,0.0,SIMPEST
1990-01-29,1990.0,0.0,SIMPEST
1990-01-30,1990.0,0.0,SIMPEST
1990-01-31,1990.0,0.0,SIMPEST
1990-02-01,1990.0,0.0,SIMPEST
1990-02-02,1990.0,0.0,SIMPEST
1990-02-03,1990.0,0.0,SIMPEST
1990-02-04,1990.0,0.0,SIMPEST
1990-02-05,1990.0,0.0,SIMPEST
1990-02-06,1990.0,0.0,SIMPEST
1990-02-07,1990.0,0.0,SIMPEST
1990-02-08,1990.0,0.0,SIMPEST
1990-02-09,1990.0,0.0,SIMPEST
1990-02-10,1990.0,0.0,SIMPEST
1990-02-11,1990.0,0.0,SIMPEST
1990-02-12,1990.0,0.0,SIMPEST
1990-02-13,1990.0,0.0,SIMPEST
1990-02-14,1990.0,0.0,SIMPEST
1990-02-15,1990.0,0.0,SIMPEST
1990-02-16,1990.0,0.0,SIMPEST
1990-02-17,1990.0,0.0,SIMPEST
1990-02-18,1990.0,0.0,SIMPEST
1990-02-19,1990.0,0.0,SIMPEST
1990-02-20,1990.0,0.0,SIMPEST
1990-02-21,1990.0,0.0,SIMPEST
1990-02-22,1990.0,0.0,SIMPEST
1990-02-23,1990.0,0.0,SIMPEST
1990-02-24,1990.0,0.0,SIMPEST
1990-02-25,1990.0,0.0,SIMPEST
1990-02-26,1990.0,0.0,SIMPEST
1990-02-27,1990.0,0.0,SIMPEST
1990-02-28,1990.0,0.0,SIMPEST
1990-03-01,1990.0,0.0,SIMPEST
1990-03-02,1990.0,0.0,SIMPEST
1990-03-03,1990.0,0.0,SIMPEST
1990-03-04,1990.0,0.0,SIMPEST
1990-03-05,1990.0,0.0,SIMPEST
1990-03-06,1990.0,0.0,SIMPEST
1990-03-07,1990.0,0.0,SIMPEST
1990-03-08,1990.0,0.0,SIMPEST
1990-03-09,1990.0,0.0,SIMPEST
1990-03-10,1990.0,0.0,SIMPEST
1990-03-11,1990.0,0.0,SIMPEST
1990-03-12,1990.0,0.0,SIMPEST
1990-03-13,1990.0,0.0,SIMPEST
1990-03-14,1990.0,0.0,SIMPEST
1990-03-15,1990.0,0.0,SIMPEST
1990-03-16,1990.0,0.0,SIMPEST
1990-03-17,1990.0,0.0,SIMPEST
1990-03-18,1990.0,0.0,SIMPEST
1990-03-19,1990.0,0.0,SIMPEST
1990-03-20,1990.0,0.0,SIMPEST
1990-03-21,1990.0,0.0,SIMPEST
1990-03-22,1990.0,0.0,SIMPEST
1990-03-23,1990.0,0.0,SIMPEST
1990-03-24,1990.0,0.0,SIMPEST
1990-03-25,1990.0,0.0,SIMPEST
1990-03-26,1990.0,0.0,SIMPEST
1990-03-27,1990.0,0.0,SIMPEST
1990-03-28,1990.0,0.0,SIMPEST
1990-03-29,1990.0,0.0,SIMPEST
1990-03-30,1990.0,0.0,SIMPEST
1990-03-31,1990.0,0.0,SIMPEST
1990-04-01,1990.0,0.0,SIMPEST
1990-04-02,1990.0,0.0,SIMPEST
1990-04-03,1990.0,0.0,SIMPEST
1990-04-04,1990.0,0.0,SIMPEST
1990-04-05,1990.0,0.0,SIMPEST
1990-04-06,1990.0,0.0,SIMPEST
1990-04-07,1990.0,0.0,SIMPEST
1990-04-08,1990.0,0.0,SIMPEST
1990-04-09,1990.0,0.0,SIMPEST
1990-04-10,1990.0,0.0,SIMPEST
1990-04-11,1990.0,0.0,SIMPEST
1990-04-12,1990.0,0.0,SIMPEST
1990-04-13,1990.0,0.0,SIMPEST
1990-04-14,1990.0,0.0,SIMPEST
1990-04-15,1990.0,0.0,SIMPEST
1990-04-16,1990.0,0.0,SIMPEST
1990-04-17,1990.0,0.0,SIMPEST
1990-04-18,1990.0,0.0,SIMPEST
1990-04-19,1990.0,0.0,SIMPEST
1990-04-20,1990.0,0.0,SIMPEST
1990-04-21,1990.0,0.0,SIMPEST
1990-04-22,1990.0,0.0,SIMPEST
1990-04-23,1990.0,0.0,SIMPEST
1990-04-24,1990.0,0.0,SIMPEST
1990-04-25,1990.0,0.0,SIMPEST
1990-04-26,1990.0,0.0,SIMPEST
1990-04-27,1990.0,0.0,SIMPEST
1990-04-28,1990.0,0.0,SIMPEST
1990-04-29,1990.0,0.0,SIMPEST
1990-04-30,1990.0,0.0,SIMPEST
1990-05-01,1990.0,0.0,SIMPEST
1990-05-02,1990.0,0.0,SIMPEST
1990-05-03,1990.0,0.0,SIMPEST
1990-05-04,1990.0,0.0,SIMPEST
1990-05-05,1990.0,0.0,SIMPEST
1990-05-06,1990.0,0.0,SIMPEST
1990-05-07,1990.0,0.0,SIMPEST
1990-05-08,1990.0,0.0,SIMPEST
1990-05-09,1990.0,0.0399096459909399,SIMPEST
1990-05-10,1990.0,0.0400253996651738,SIMPEST
1990-05-11,1990.0,0.0400914078088516,SIMPEST
1990-05-12,1990.0,0.040194181823898,SIMPEST
1990-05-13,1990.0,0.040302449201172,SIMPEST
1990-05-14,1990.0,0.0404284431432354,SIMPEST
1990-05-15,1990.0,0.0406323137279684,SIMPEST
1990-05-16,1990.0,0.0406323137279684,SIMPEST
1990-05-17,1990.0,0.0406323137279684,SIMPEST
1990-05-18,1990.0,0.1252856503486732,SIMPEST
1990-05-19,1990.0,0.1252856503486732,SIMPEST
1990-05-20,1990.0,0.1845144237921166,SIMPEST
1990-05-21,1990.0,0.1845144237921166,SIMPEST
1990-05-22,1990.0,0.2231337278717287,SIMPEST
1990-05-23,1990.0,0.2749751502008879,SIMPEST
1990-05-24,1990.0,0.2749751502008879,SIMPEST
1990-05-25,1990.0,0.3158275841670132,SIMPEST
1990-05-26,1990.0,0.3158275841670132,SIMPEST
1990-05-27,1990.0,0.3158275841670132,SIMPEST
1990-05-28,1990.0,0.3370400614351205,SIMPEST
1990-05-29,1990.0,0.3733522775314442,SIMPEST
1990-05-30,1990.0,0.40494038807724,SIMPEST
1990-05-31,1990.0,0.4350852735051631,SIMPEST
1990-06-01,1990.0,0.4350912618822665,SIMPEST
1990-06-02,1990.0,0.4783239955285015,SIMPEST
1990-06-03,1990.0,0.5180884973863316,SIMPEST
1990-06-04,1990.0,0.5500514036684556,SIMPEST
1990-06-05,1990.0,0.5500514036684556,SIMPEST
1990-06-06,1990.0,0.5501929898014191,SIMPEST
1990-06-07,1990.0,0.5813757889680687,SIMPEST
1990-06-08,1990.0,0.5977935288235638,SIMPEST
1990-06-09,1990.0,0.5977935288235638,SIMPEST
1990-06-10,1990.0,0.5977935288235638,SIMPEST
1990-06-11,1990.0,0.6216162251900398,SIMPEST
1990-06-12,1990.0,0.6355033697505125,SIMPEST
1990-06-13,1990.0,0.6425979313875487,SIMPEST
1990-06-14,1990.0,0.6425979313875487,SIMPEST
1990-06-15,1990.0,0.6425979313875487,SIMPEST
1990-06-16,1990.0,0.6425979313875487,SIMPEST
1990-06-17,1990.0,0.6425979313875487,SIMPEST
1990-06-18,1990.0,0.6568745198690806,SIMPEST
1990-06-19,1990.0,0.6717624420167613,SIMPEST
1990-06-20,1990.0,0.6717624420167613,SIMPEST
1990-06-21,1990.0,0.6763446659109742,SIMPEST
1990-06-22,1990.0,0.6766779230989903,SIMPEST
1990-06-23,1990.0,0.6872386834624626,SIMPEST
1990-06-24,1990.0,0.6958660669802896,SIMPEST
1990-06-25,1990.0,0.6983969881030283,SIMPEST
1990-06-26,1990.0,0.6983969881030283,SIMPEST
1990-06-27,1990.0,0.6983969881030282,SIMPEST
1990-06-28,1990.0,0.6983969881030282,SIMPEST
1990-06-29,1990.0,0.7017096588377716,SIMPEST
1990-06-30,1990.0,0.7017096588377716,SIMPEST
1990-07-01,1990.0,0.7017096588377716,SIMPEST
1990-07-02,1990.0,0.7018099444837338,SIMPEST
1990-07-03,1990.0,0.7018099444837338,SIMPEST
1990-07-04,1990.0,0.7018099444837338,SIMPEST
1990-07-05,1990.0,0.7018099444837338,SIMPEST
1990-07-06,1990.0,0.7018099444837338,SIMPEST
1990-07-07,1990.0,0.7018099444837338,SIMPEST
1990-07-08,1990.0,0.7018099444837338,SIMPEST
1990-07-09,1990.0,0.7018099444837339,SIMPEST
1990-07-10,1990.0,0.7018099444837339,SIMPEST
1990-07-11,1990.0,0.7018099444837338,SIMPEST
1990-07-12,1990.0,0.7018099444837338,SIMPEST
1990-07-13,1990.0,0.7018099444837338,SIMPEST
1990-07-14,1990.0,0.7018099444837338,SIMPEST
1990-07-15,1990.0,0.7018099444837338,SIMPEST
1990-07-16,1990.0,0.7018099444837338,SIMPEST
1990-07-17,1990.0,0.7018099444837337,SIMPEST
,,,SIMPEST
,,,SIMPEST
,,,SIMPEST
,,,SIMPEST
,,,SIMPEST
,,,SIMPEST
,,,SIMPEST
,,,SIMPEST
,,,SIMPEST
,,,SIMPEST
,,,SIMPEST
,,,SIMPEST
,,,SIMPEST
,,,SIMPEST
,,,SIMPEST
,,,SIMPEST
,,,SIMPEST
,,,SIMPEST
,,,SIMPEST
,,,SIMPEST
,,,SIMPEST
,,,SIMPEST
,,,SIMPEST
,,,SIMPEST
,,,SIMPEST
,,,SIMPEST
,,,SIMPEST
,,,SIMPEST
,,,SIMPEST
,,,SIMPEST
,,,SIMPEST
,,,SIMPEST
,,,SIMPEST
,,,SIMPEST
,,,SIMPEST
,,,SIMPEST
,,,SIMPEST
,,,SIMPEST
,,,SIMPEST
,,,SIMPEST
,,,SIMPEST
,,,SIMPEST
,,,SIMPEST
,,,SIMPEST
,,,SIMPEST
,,,SIMPEST
,,,SIMPEST
,,,SIMPEST
,,,SIMPEST
,,,SIMPEST
,,,SIMPEST
,,,SIMPEST
,,,SIMPEST
,,,SIMPEST
,,,SIMPEST
,,,SIMPEST
,,,SIMPEST
,,,SIMPEST
,,,SIMPEST
,,,SIMPEST
,,,SIMPEST
,,,SIMPEST
,,,SIMPEST
,,,SIMPEST
,,,SIMPEST
,,,SIMPEST
,,,SIMPEST
,,,SIMPEST
,,,SIMPEST
,,,SIMPEST
,,,SIMPEST
,,,SIMPEST
,,,SIMPEST
,,,SIMPEST
,,,SIMPEST
1990-10-01,1990.0,0.0,SIMPEST
1990-10-02,1990.0,0.0,SIMPEST
1990-10-03,1990.0,0.0,SIMPEST
1990-10-04,1990.0,0.0,SIMPEST
1990-10-05,1990.0,0.0,SIMPEST
1990-10-06,1990.0,0.0,SIMPEST
1990-10-07,1990.0,0.0,SIMPEST
1990-10-08,1990.0,0.0,SIMPEST
1990-10-09,1990.0,0.0,SIMPEST
1990-10-10,1990.0,0.0,SIMPEST
1990-10-11,1990.0,0.0,SIMPEST
1990-10-12,1990.0,0.0,SIMPEST
1990-10-13,1990.0,0.0,SIMPEST
1990-10-14,1990.0,0.0,SIMPEST
1990-10-15,1990.0,0.0,SIMPEST
1990-10-16,1990.0,0.0,SIMPEST
1990-10-17,1990.0,0.0,SIMPEST
1990-10-18,1990.0,0.0,SIMPEST
1990-10-19,1990.0,0.0,SIMPEST
1990-10-20,1990.0,0.0,SIMPEST
1990-10-21,1990.0,0.0,SIMPEST
1990-10-22,1990.0,0.0,SIMPEST
1990-10-23,1990.0,0.0,SIMPEST
1990-10-24,1990.0,0.0,SIMPEST
1990-10-25,1990.0,0.0,SIMPEST
1990-10-26,1990.0,0.0,SIMPEST
1990-10-27,1990.0,0.0,SIMPEST
1990-10-28,1990.0,0.0,SIMPEST
1990-10-29,1990.0,0.0,SIMPEST
1990-10-30,1990.0,0.0,SIMPEST
1990-10-31,1990.0,0.0,SIMPEST
1990-11-01,1990.0,0.0,SIMPEST
1990-11-02,1990.0,0.0,SIMPEST
1990-11-03,1990.0,0.0,SIMPEST
1990-11-04,1990.0,0.0,SIMPEST
1990-11-05,1990.0,0.0,SIMPEST
1990-11-06,1990.0,0.0,SIMPEST
1990-11-07,1990.0,0.0,SIMPEST
1990-11-08,1990.0,0.0,SIMPEST
1990-11-09,1990.0,0.0,SIMPEST
1990-11-10,1990.0,0.0,SIMPEST
1990-11-11,1990.0,0.0,SIMPEST
1990-11-12,1990.0,0.0,SIMPEST
1990-11-13,1990.0,0.0,SIMPEST
1990-11-14,1990.0,0.0,SIMPEST
1990-11-15,1990.0,0.0,SIMPEST
1990-11-16,1990.0,0.0,SIMPEST
1990-11-17,1990.0,0.0,SIMPEST
1990-11-18,1990.0,0.0,SIMPEST
1990-11-19,1990.0,0.0,SIMPEST
1990-11-20,1990.0,0.0,SIMPEST
1990-11-21,1990.0,0.0,SIMPEST
1990-11-22,1990.0,0.0,SIMPEST
1990-11-23,1990.0,0.0,SIMPEST
1990-11-24,1990.0,0.0,SIMPEST
1990-11-25,1990.0,0.0,SIMPEST
1990-11-26,1990.0,0.0,SIMPEST
1990-11-27,1990.0,0.0,SIMPEST
1990-11-28,1990.0,0.0,SIMPEST
1990-11-29,1990.0,0.0,SIMPEST
1990-11-30,1990.0,0.0,SIMPEST
1990-12-01,1990.0,0.0,SIMPEST
1990-12-02,1990.0,0.0,SIMPEST
1990-12-03,1990.0,0.0,SIMPEST
1990-12-04,1990.0,0.0,SIMPEST
1990-12-05,1990.0,0.0,SIMPEST
1990-12-06,1990.0,0.0,SIMPEST
1990-12-07,1990.0,0.0,SIMPEST
1990-12-08,1990.0,0.0,SIMPEST
1990-12-09,1990.0,0.0,SIMPEST
1990-12-10,1990.0,0.0,SIMPEST
1990-12-11,1990.0,0.0,SIMPEST
1990-12-12,1990.0,0.0,SIMPEST
1990-12-13,1990.0,0.0,SIMPEST
1990-12-14,1990.0,0.0,SIMPEST
1990-12-15,1990.0,0.0,SIMPEST
1990-12-16,1990.0,0.0,SIMPEST
1990-12-17,1990.0,0.0,SIMPEST
1990-12-18,1990.0,0.0,SIMPEST
1990-12-19,1990.0,0.0,SIMPEST
1990-12-20,1990.0,0.0,SIMPEST
1990-12-21,1990.0,0.0,SIMPEST
1990-12-22,1990.0,0.0,SIMPEST
1990-12-23,1990.0,0.0,SIMPEST
1990-12-24,1990.0,0.0,SIMPEST
1990-12-25,1990.0,0.0,SIMPEST
1990-12-26,1990.0,0.0,SIMPEST
1990-12-27,1990.0,0.0,SIMPEST
1990-12-28,1990.0,0.0,SIMPEST
1990-12-29,1990.0,0.0,SIMPEST
1990-12-30,1990.0,0.0,SIMPEST
1990-12-31,1990.0,0.0,SIMPEST
1973-05-24,1973.0,,Reference
1973-07-06,1973.0,,Reference
1974-05-21,1974.0,,Reference
1974-07-08,1974.0,,Reference
1975-05-23,1975.0,,Reference
1975-07-07,1975.0,,Reference
1976-05-12,1976.0,,Reference
1976-07-07,1976.0,,Reference
1977-05-12,1977.0,,Reference
1977-07-06,1977.0,,Reference
1978-06-04,1978.0,,Reference
1978-07-17,1978.0,,Reference
1979-05-26,1979.0,,Reference
1979-07-17,1979.0,,Reference
1980-05-24,1980.0,,Reference
1980-07-10,1980.0,,Reference
1981-05-22,1981.0,,Reference
1981-07-09,1981.0,,Reference
1982-05-31,1982.0,,Reference
1982-07-08,1982.0,,Reference
1983-05-24,1983.0,,Reference
1983-07-08,1983.0,,Reference
1984-05-31,1984.0,,Reference
1984-07-09,1984.0,,Reference
1985-05-07,1985.0,,Reference
1985-06-29,1985.0,,Reference
1986-05-13,1986.0,,Reference
1986-07-16,1986.0,,Reference
1987-05-14,1987.0,,Reference
1987-07-24,1987.0,,Reference
1988-05-15,1988.0,,Reference
1988-06-26,1988.0,,Reference
1989-05-20,1989.0,,Reference
1989-07-06,1989.0,,Reference
1990-05-15,1990.0,,Reference
1990-07-03,1990.0,,Reference
1991-05-10,1991.0,,Reference
1991-06-21,1991.0,,Reference
1973-05-11,1973.0,8.955414031,Reference
1973-05-17,1973.0,28.00956052,Reference
1973-05-24,1973.0,30.25076132,Reference
1973-06-01,1973.0,46.8118251,Reference
1973-06-06,1973.0,51.85992219,Reference
1973-06-13,1973.0,77.26464635,Reference
1973-06-21,1973.0,95.42077151,Reference
1973-06-23,1973.0,96.27189003,Reference
1974-05-07,1974.0,5.2252825,Reference
1974-05-14,1974.0,10.1217561,Reference
1974-05-21,1974.0,20.88350606,Reference
1974-05-28,1974.0,32.08005486,Reference
1974-06-04,1974.0,46.66284743,Reference
1974-06-11,1974.0,74.23616907,Reference
1974-06-17,1974.0,94.7849001,Reference
1974-06-24,1974.0,97.77039486,Reference
1975-05-14,1975.0,3.7768516,Reference
1975-05-23,1975.0,20.4845237,Reference
1975-05-30,1975.0,37.8851828,Reference
1975-06-06,1975.0,43.58860084,Reference
1975-06-13,1975.0,56.18053182,Reference
1975-06-15,1975.0,64.98439182,Reference
1976-04-16,1976.0,0.313705456,Reference
1976-04-23,1976.0,0.630786871,Reference
1976-04-30,1976.0,1.423573351,Reference
1976-05-07,1976.0,2.731386975,Reference
1976-05-13,1976.0,8.301055191,Reference
1976-05-20,1976.0,16.5222169,Reference
1976-06-03,1976.0,31.83309408,Reference
1976-06-10,1976.0,59.15611244,Reference
1976-06-20,1976.0,89.98015035,Reference
1977-05-25,1977.0,20.2864425,Reference
1977-05-31,1977.0,45.18599559,Reference
1977-06-09,1977.0,74.42368642,Reference
1978-05-30,1978.0,11.80784739,Reference
1978-06-05,1978.0,27.54853868,Reference
1978-06-12,1978.0,23.46233264,Reference
1978-06-20,1978.0,35.8972656,Reference
1978-06-27,1978.0,49.2274276,Reference
1979-05-14,1979.0,1.000742836,Reference
1979-05-21,1979.0,3.599707344,Reference
1979-05-29,1979.0,6.421884016,Reference
1979-06-03,1979.0,26.18803296,Reference
1979-06-11,1979.0,40.89643887,Reference
1979-06-19,1979.0,70.90104152,Reference
1980-05-14,1980.0,0.0,Reference
1980-05-21,1980.0,0.003002164,Reference
1980-06-02,1980.0,12.03693726,Reference
1980-06-06,1980.0,20.88350606,Reference
1980-06-15,1980.0,41.17582938,Reference
1980-06-29,1980.0,86.10477346,Reference
1981-05-04,1981.0,15.12180576,Reference
1981-05-12,1981.0,26.75079788,Reference
1981-05-19,1981.0,36.55402972,Reference
1981-05-26,1981.0,60.672455,Reference
1981-06-02,1981.0,60.8421125,Reference
1981-06-09,1981.0,76.31178476,Reference
1981-06-15,1981.0,87.31941176,Reference
1981-06-30,1981.0,97.77039486,Reference
1982-05-27,1982.0,1.423573351,Reference
1982-06-04,1982.0,1.248096199,Reference
1982-06-10,1982.0,7.062836911,Reference
1982-06-20,1982.0,64.63403192,Reference
1983-05-10,1983.0,0.871549231,Reference
1983-05-17,1983.0,4.523028304,Reference
1983-05-24,1983.0,18.83079578,Reference
1983-05-31,1983.0,29.41518584,Reference
1983-06-07,1983.0,45.0396029,Reference
1983-06-14,1983.0,50.61264128,Reference
1983-06-21,1983.0,71.8198284,Reference
1984-05-28,1984.0,7.4855209,Reference
1984-06-04,1984.0,9.495820959,Reference
1984-06-12,1984.0,22.83001938,Reference
1984-06-18,1984.0,37.6170722,Reference
1985-05-07,1985.0,0.0,Reference
1985-06-02,1985.0,10.8395644,Reference
1985-06-29,1985.0,15.63991,Reference
1986-05-20,1986.0,0.821516775,Reference
1986-05-27,1986.0,4.378537711,Reference
1986-06-03,1986.0,18.9261939,Reference
1986-06-10,1986.0,61.35249498,Reference
1986-06-13,1986.0,88.7471822,Reference
1987-05-12,1987.0,5.122140496,Reference
1987-05-19,1987.0,7.182428775,Reference
1987-05-26,1987.0,30.49161215,Reference
1987-06-01,1987.0,53.75904332,Reference
1987-06-08,1987.0,68.53969038,Reference
1988-05-02,1988.0,0.352928004,Reference
1988-05-09,1988.0,1.108327684,Reference
1988-05-16,1988.0,3.556008775,Reference
1988-05-23,1988.0,9.564429316,Reference
1989-05-04,1989.0,0.166215184,Reference
1989-05-11,1989.0,0.166215184,Reference
1989-05-18,1989.0,0.821516775,Reference
1989-05-22,1989.0,8.559978751,Reference
1989-05-30,1989.0,10.19247944,Reference
1989-06-05,1989.0,36.29061908,Reference
1989-06-12,1989.0,68.9003902,Reference
1989-06-18,1989.0,83.89990887,Reference
1990-05-07,1990.0,5.487249975,Reference
1990-05-15,1990.0,23.14511852,Reference
1990-05-21,1990.0,38.83097234,Reference
1990-05-29,1990.0,46.8118251,Reference
1990-06-06,1990.0,62.72385483,Reference
1990-06-13,1990.0,72.74449024,Reference
1990-06-19,1990.0,87.31941176,Reference
1991-05-08,1991.0,8.559978751,Reference
1991-05-15,1991.0,18.45155324,Reference
1991-05-21,1991.0,34.47306438,Reference
1991-05-29,1991.0,69.0810926,Reference
1991-06-04,1991.0,88.3380728,Reference
